case_id,painting_id,mask_id,mask_type,generator_name,generator_version,generated_at_utc,generation_action,clean_filename,clean_path,mask_filename,mask_path,damaged_filename,damaged_path,damage_fill_strategy,damage_fill_r,damage_fill_g,damage_fill_b,damaged_area_pixels,damaged_area_percentage_content,damaged_area_percentage_full,width,height,mode,format,damaged_file_size_bytes,clean_sha256,mask_sha256,damaged_sha256,status,issue,config_version,experiment_name,experiment_version,notebook_stage,source,title,artist,category,dataset_name,source_metadata_path,source_case_key,source_case_id,source_case_id_original,source_row_status,base_mask_id,base_mask_type,sensitivity_mask_id,target_percentage_content,target_pixels,realised_pixels,realised_percentage_content,realised_percentage_full,percentage_error_content,absolute_percentage_error_content,absolute_pixel_error,scale_factor,base_mask_pixels,base_percentage_content,base_percentage_full,content_area_pixels,content_bbox_left,content_bbox_top,content_bbox_right,content_bbox_bottom,deterministic_seed,global_seed,base_mask_path,sensitivity_mask_filename,sensitivity_mask_path,base_mask_sha256,sensitivity_mask_sha256,sensitivity_mask_file_size_bytes,full_generation_started_at_utc,full_generation_completed_at_utc,variant_id,robustness_group_id,painting_index,mask_type_index,variant_index,painting_seed,mask_seed,variant_seed,generation_attempt_index,generation_seed,maximum_generation_attempts,generation_area_tolerance,raw_mask_pixels,content_x_min,content_y_min,content_x_max,content_y_max,canvas_area_pixels,padding_area_pixels,actual_mask_area_pixels,damaged_content_pixels,padding_overlap_pixels,actual_mask_area_percentage_content,actual_mask_area_percentage_full,bbox_x_min,bbox_y_min,bbox_x_max,bbox_y_max,bbox_width,bbox_height,bbox_area_pixels,bbox_fill_ratio,bbox_aspect_ratio,connected_component_count,largest_component_pixels,smallest_component_pixels,mean_component_pixels,median_component_pixels,component_area_std_pixels,largest_component_fraction,component_density_per_100k_content_pixels,mean_component_aspect_ratio,maximum_component_aspect_ratio,touches_content_border,minimum_distance_to_content_border_pixels,centroid_x_pixels,centroid_y_pixels,centroid_x_normalised_content,centroid_y_normalised_content,centroid_quadrant,mask_bbox_width_normalised_content,mask_bbox_height_normalised_content,mask_bbox_area_fraction_content_bbox,touches_left_content_border,touches_right_content_border,touches_top_content_border,touches_bottom_content_border,mask_file_size_bytes,mask_generator_name,mask_generator_version,full_generation_finished_at_utc,full_generation_duration_seconds,degradation_type,severity,severity_rank,is_combined,component_degradations,component_count,case_seed,effect_mask_seed,operator_seeds_json,operator_parameters_json,effect_support_pixels,effect_active_pixels,effect_percentage_content,effect_percentage_full,effect_mean_intensity,effect_max_intensity,effect_bbox_x_min,effect_bbox_y_min,effect_bbox_x_max,effect_bbox_y_max,effect_centroid_x,effect_centroid_y,changed_pixels,changed_percentage_full,outside_effect_changed_pixels,inside_effect_changed_pixels,mean_absolute_difference_effect,maximum_absolute_difference,effect_mask_filename,effect_mask_path,degraded_filename,degraded_path,effect_mask_sha256,degraded_sha256,effect_mask_file_size_bytes,degraded_file_size_bytes,source_case_index,clean_path_normalized,clean_path_exists,clean_path_in_inventory,damaged_path_normalized,damaged_path_exists,damaged_path_in_inventory,mask_path_normalized,mask_path_exists,mask_path_in_inventory,all_required_paths_present,all_required_files_exist,all_required_paths_in_inventory,source_validation_status,prompt_ablation_subset,prompt_ablation_subset_target,prompt_ablation_subset_minimum,prompt_ablation_random_state
p004_loss_large,p004,p004_loss_large,loss_large,canonical_damage_generator,2.0.0,2026-07-24T18:47:20.616478+00:00,generated,p004_clean.png,data\processed\clean\p004_clean.png,p004_loss_large_mask.png,data\processed\masks\p004_loss_large_mask.png,p004_loss_large_damaged.png,data\processed\masked\p004_loss_large_damaged.png,white_fill,255.0,255.0,255.0,64390.0,13.414583,10.916816,768,768,RGB,PNG,607297.0,ae8cfa01d84bd2e8c2f41cfdfe1cb25b6f2abf3430135165255c071c08e2ee97,8f1202ad5b4d4e657343d494b8ea1aa8da5357de8165e022815d1b31c41d8008,ed525d85dd92d02a15dacc43a6ed721cfd1bca29c2e5a12ec3e6fd271b7b8b3c,ok,,1.1.0,painting_restoration_50_subset,1.0.0,04_damage_creation,The Metropolitan Museum of Art,Madame Georges Charpentier and Her Children,Pierre-Auguste Renoir,portrait_figure,canonical,data/processed/metadata/metadata_damaged_images.csv,canonical__p004_loss_large,p004_loss_large,p004_loss_large,ok,,,,,,,,,,,,,,,,,,,,,,,,,,,,,,,,,,,,,,,,,,,,,,,,,,,,,,,,,,,,,,,,,,,,,,,,,,,,,,,,,,,,,,,,,,,,,,,,,,,,,,,,,,,,,,,,,,,,,,,,,,,,,,,,,16,data/processed/clean/p004_clean.png,True,True,data/processed/masked/p004_loss_large_damaged.png,True,True,data/processed/masks/p004_loss_large_mask.png,True,True,True,True,True,ok,True,120,100,2026
p004_loss_small,p004,p004_loss_small,loss_small,canonical_damage_generator,2.0.0,2026-07-24T18:47:20.616478+00:00,generated,p004_clean.png,data\processed\clean\p004_clean.png,p004_loss_small_mask.png,data\processed\masks\p004_loss_small_mask.png,p004_loss_small_damaged.png,data\processed\masked\p004_loss_small_damaged.png,white_fill,255.0,255.0,255.0,20406.0,4.25125,3.459676,768,768,RGB,PNG,684523.0,ae8cfa01d84bd2e8c2f41cfdfe1cb25b6f2abf3430135165255c071c08e2ee97,50f19669d5bf865b3a112ef5c001a650f1519a8de4fbca1d3a8d5caf8c8a380f,dc979fbb604b003b41b2b81bab9d634f9c82855aef536d593e98beab2b155508,ok,,1.1.0,painting_restoration_50_subset,1.0.0,04_damage_creation,The Metropolitan Museum of Art,Madame Georges Charpentier and Her Children,Pierre-Auguste Renoir,portrait_figure,canonical,data/processed/metadata/metadata_damaged_images.csv,canonical__p004_loss_small,p004_loss_small,p004_loss_small,ok,,,,,,,,,,,,,,,,,,,,,,,,,,,,,,,,,,,,,,,,,,,,,,,,,,,,,,,,,,,,,,,,,,,,,,,,,,,,,,,,,,,,,,,,,,,,,,,,,,,,,,,,,,,,,,,,,,,,,,,,,,,,,,,,,17,data/processed/clean/p004_clean.png,True,True,data/processed/masked/p004_loss_small_damaged.png,True,True,data/processed/masks/p004_loss_small_mask.png,True,True,True,True,True,ok,True,120,100,2026
p004_mixed_damage,p004,p004_mixed_damage,mixed_damage,canonical_damage_generator,2.0.0,2026-07-24T18:47:20.616478+00:00,generated,p004_clean.png,data\processed\clean\p004_clean.png,p004_mixed_damage_mask.png,data\processed\masks\p004_mixed_damage_mask.png,p004_mixed_damage_damaged.png,data\processed\masked\p004_mixed_damage_damaged.png,white_fill,255.0,255.0,255.0,49686.0,10.35125,8.423869,768,768,RGB,PNG,655353.0,ae8cfa01d84bd2e8c2f41cfdfe1cb25b6f2abf3430135165255c071c08e2ee97,f406d70632cd64da3771ec5cac6bbbfd6c219b813565da0580f36e95eb422681,a7e2d60320a5d36328406dddc74f5581a2bec72effa1ab89b2dfea968d31ff3d,ok,,1.1.0,painting_restoration_50_subset,1.0.0,04_damage_creation,The Metropolitan Museum of Art,Madame Georges Charpentier and Her Children,Pierre-Auguste Renoir,portrait_figure,canonical,data/processed/metadata/metadata_damaged_images.csv,canonical__p004_mixed_damage,p004_mixed_damage,p004_mixed_damage,ok,,,,,,,,,,,,,,,,,,,,,,,,,,,,,,,,,,,,,,,,,,,,,,,,,,,,,,,,,,,,,,,,,,,,,,,,,,,,,,,,,,,,,,,,,,,,,,,,,,,,,,,,,,,,,,,,,,,,,,,,,,,,,,,,,18,data/processed/clean/p004_clean.png,True,True,data/processed/masked/p004_mixed_damage_damaged.png,True,True,data/processed/masks/p004_mixed_damage_mask.png,True,True,True,True,True,ok,True,120,100,2026
p004_scratch_thin,p004,p004_scratch_thin,scratch_thin,canonical_damage_generator,2.0.0,2026-07-24T18:47:20.616478+00:00,generated,p004_clean.png,data\processed\clean\p004_clean.png,p004_scratch_thin_mask.png,data\processed\masks\p004_scratch_thin_mask.png,p004_scratch_thin_damaged.png,data\processed\masked\p004_scratch_thin_damaged.png,white_fill,255.0,255.0,255.0,7733.0,1.611042,1.311069,768,768,RGB,PNG,718472.0,ae8cfa01d84bd2e8c2f41cfdfe1cb25b6f2abf3430135165255c071c08e2ee97,ad77cde65251898d3c3ee0af4d6552083baf2c5ad303dca0b7384091bcba50a3,b609bd0ca19beefe4bb328983af122fb34e87f8a3e29493b92c3846bc97be778,ok,,1.1.0,painting_restoration_50_subset,1.0.0,04_damage_creation,The Metropolitan Museum of Art,Madame Georges Charpentier and Her Children,Pierre-Auguste Renoir,portrait_figure,canonical,data/processed/metadata/metadata_damaged_images.csv,canonical__p004_scratch_thin,p004_scratch_thin,p004_scratch_thin,ok,,,,,,,,,,,,,,,,,,,,,,,,,,,,,,,,,,,,,,,,,,,,,,,,,,,,,,,,,,,,,,,,,,,,,,,,,,,,,,,,,,,,,,,,,,,,,,,,,,,,,,,,,,,,,,,,,,,,,,,,,,,,,,,,,19,data/processed/clean/p004_clean.png,True,True,data/processed/masked/p004_scratch_thin_damaged.png,True,True,data/processed/masks/p004_scratch_thin_mask.png,True,True,True,True,True,ok,True,120,100,2026
p004_zero_control,p004,p004_zero_control,zero_control,canonical_damage_generator,2.0.0,2026-07-24T18:47:20.616478+00:00,generated,p004_clean.png,data\processed\clean\p004_clean.png,p004_zero_control_mask.png,data\processed\masks\p004_zero_control_mask.png,p004_zero_control_damaged.png,data\processed\masked\p004_zero_control_damaged.png,white_fill,255.0,255.0,255.0,0.0,0.0,0.0,768,768,RGB,PNG,709746.0,ae8cfa01d84bd2e8c2f41cfdfe1cb25b6f2abf3430135165255c071c08e2ee97,49e2b0f2e0dc8fe44017bdabfa19ff50311b0bdd17623355fd396afa7862f30a,ae8cfa01d84bd2e8c2f41cfdfe1cb25b6f2abf3430135165255c071c08e2ee97,ok,,1.1.0,painting_restoration_50_subset,1.0.0,04_damage_creation,The Metropolitan Museum of Art,Madame Georges Charpentier and Her Children,Pierre-Auguste Renoir,portrait_figure,canonical,data/processed/metadata/metadata_damaged_images.csv,canonical__p004_zero_control,p004_zero_control,p004_zero_control,ok,,,,,,,,,,,,,,,,,,,,,,,,,,,,,,,,,,,,,,,,,,,,,,,,,,,,,,,,,,,,,,,,,,,,,,,,,,,,,,,,,,,,,,,,,,,,,,,,,,,,,,,,,,,,,,,,,,,,,,,,,,,,,,,,,20,data/processed/clean/p004_clean.png,True,True,data/processed/masked/p004_zero_control_damaged.png,True,True,data/processed/masks/p004_zero_control_mask.png,True,True,True,True,True,ok,True,120,100,2026
p008_loss_large,p008,p008_loss_large,loss_large,canonical_damage_generator,2.0.0,2026-07-24T18:47:20.616478+00:00,generated,p008_clean.png,data\processed\clean\p008_clean.png,p008_loss_large_mask.png,data\processed\masks\p008_loss_large_mask.png,p008_loss_large_damaged.png,data\processed\masked\p008_loss_large_damaged.png,white_fill,255.0,255.0,255.0,45900.0,10.559298,7.781982,768,768,RGB,PNG,460228.0,c346dd6fbd7aaba5e4f4847809473527e96122d3b838931bb703c94ddebd5b6b,48c77d7c9c8094b514eb4cfce8255f2e149142ac9f3971e47bfe6fe4dc00b7db,55eed93d296648df1d940cf19032bc4e005ef638582e3d27acca8b3a580a1647,ok,,1.1.0,painting_restoration_50_subset,1.0.0,04_damage_creation,The Metropolitan Museum of Art,Manuel Osorio Manrique de Zuñiga,Francisco de Goya y Lucientes,portrait_figure,canonical,data/processed/metadata/metadata_damaged_images.csv,canonical__p008_loss_large,p008_loss_large,p008_loss_large,ok,,,,,,,,,,,,,,,,,,,,,,,,,,,,,,,,,,,,,,,,,,,,,,,,,,,,,,,,,,,,,,,,,,,,,,,,,,,,,,,,,,,,,,,,,,,,,,,,,,,,,,,,,,,,,,,,,,,,,,,,,,,,,,,,,36,data/processed/clean/p008_clean.png,True,True,data/processed/masked/p008_loss_large_damaged.png,True,True,data/processed/masks/p008_loss_large_mask.png,True,True,True,True,True,ok,True,120,100,2026
p008_loss_small,p008,p008_loss_small,loss_small,canonical_damage_generator,2.0.0,2026-07-24T18:47:20.616478+00:00,generated,p008_clean.png,data\processed\clean\p008_clean.png,p008_loss_small_mask.png,data\processed\masks\p008_loss_small_mask.png,p008_loss_small_damaged.png,data\processed\masked\p008_loss_small_damaged.png,white_fill,255.0,255.0,255.0,23917.0,5.502107,4.054938,768,768,RGB,PNG,495975.0,c346dd6fbd7aaba5e4f4847809473527e96122d3b838931bb703c94ddebd5b6b,d60be435f073c30eed37f5501efbfb57c9bcf746d5c8e569a08d17c320d7dc2b,25e0969231e8caaf29dee78456b2734ced7b37cecdc1ae9c6609055c6002c197,ok,,1.1.0,painting_restoration_50_subset,1.0.0,04_damage_creation,The Metropolitan Museum of Art,Manuel Osorio Manrique de Zuñiga,Francisco de Goya y Lucientes,portrait_figure,canonical,data/processed/metadata/metadata_damaged_images.csv,canonical__p008_loss_small,p008_loss_small,p008_loss_small,ok,,,,,,,,,,,,,,,,,,,,,,,,,,,,,,,,,,,,,,,,,,,,,,,,,,,,,,,,,,,,,,,,,,,,,,,,,,,,,,,,,,,,,,,,,,,,,,,,,,,,,,,,,,,,,,,,,,,,,,,,,,,,,,,,,37,data/processed/clean/p008_clean.png,True,True,data/processed/masked/p008_loss_small_damaged.png,True,True,data/processed/masks/p008_loss_small_mask.png,True,True,True,True,True,ok,True,120,100,2026
p008_mixed_damage,p008,p008_mixed_damage,mixed_damage,canonical_damage_generator,2.0.0,2026-07-24T18:47:20.616478+00:00,generated,p008_clean.png,data\processed\clean\p008_clean.png,p008_mixed_damage_mask.png,data\processed\masks\p008_mixed_damage_mask.png,p008_mixed_damage_damaged.png,data\processed\masked\p008_mixed_damage_damaged.png,white_fill,255.0,255.0,255.0,39423.0,9.069263,6.683858,768,768,RGB,PNG,480832.0,c346dd6fbd7aaba5e4f4847809473527e96122d3b838931bb703c94ddebd5b6b,cadbf7702211402f284b7dab3ee3eb06e6fddd3926926eac70d44db9f3a38284,15cb42d68228eff1c530467188f23372d2271551098cdf9b7355593c9fe19933,ok,,1.1.0,painting_restoration_50_subset,1.0.0,04_damage_creation,The Metropolitan Museum of Art,Manuel Osorio Manrique de Zuñiga,Francisco de Goya y Lucientes,portrait_figure,canonical,data/processed/metadata/metadata_damaged_images.csv,canonical__p008_mixed_damage,p008_mixed_damage,p008_mixed_damage,ok,,,,,,,,,,,,,,,,,,,,,,,,,,,,,,,,,,,,,,,,,,,,,,,,,,,,,,,,,,,,,,,,,,,,,,,,,,,,,,,,,,,,,,,,,,,,,,,,,,,,,,,,,,,,,,,,,,,,,,,,,,,,,,,,,38,data/processed/clean/p008_clean.png,True,True,data/processed/masked/p008_mixed_damage_damaged.png,True,True,data/processed/masks/p008_mixed_damage_mask.png,True,True,True,True,True,ok,True,120,100,2026
p008_scratch_thin,p008,p008_scratch_thin,scratch_thin,canonical_damage_generator,2.0.0,2026-07-24T18:47:20.616478+00:00,generated,p008_clean.png,data\processed\clean\p008_clean.png,p008_scratch_thin_mask.png,data\processed\masks\p008_scratch_thin_mask.png,p008_scratch_thin_damaged.png,data\processed\masked\p008_scratch_thin_damaged.png,white_fill,255.0,255.0,255.0,10439.0,2.401493,1.76985,768,768,RGB,PNG,521782.0,c346dd6fbd7aaba5e4f4847809473527e96122d3b838931bb703c94ddebd5b6b,9e29d61db07e84b77b580ef240be1a755c0842d926fc3fce474474980ea7139a,c3d5eb7d32c6f399fe52c25bf3e5e8876470e443c9e0af4bb017b81fd5c310c3,ok,,1.1.0,painting_restoration_50_subset,1.0.0,04_damage_creation,The Metropolitan Museum of Art,Manuel Osorio Manrique de Zuñiga,Francisco de Goya y Lucientes,portrait_figure,canonical,data/processed/metadata/metadata_damaged_images.csv,canonical__p008_scratch_thin,p008_scratch_thin,p008_scratch_thin,ok,,,,,,,,,,,,,,,,,,,,,,,,,,,,,,,,,,,,,,,,,,,,,,,,,,,,,,,,,,,,,,,,,,,,,,,,,,,,,,,,,,,,,,,,,,,,,,,,,,,,,,,,,,,,,,,,,,,,,,,,,,,,,,,,,39,data/processed/clean/p008_clean.png,True,True,data/processed/masked/p008_scratch_thin_damaged.png,True,True,data/processed/masks/p008_scratch_thin_mask.png,True,True,True,True,True,ok,True,120,100,2026
p008_zero_control,p008,p008_zero_control,zero_control,canonical_damage_generator,2.0.0,2026-07-24T18:47:20.616478+00:00,generated,p008_clean.png,data\processed\clean\p008_clean.png,p008_zero_control_mask.png,data\processed\masks\p008_zero_control_mask.png,p008_zero_control_damaged.png,data\processed\masked\p008_zero_control_damaged.png,white_fill,255.0,255.0,255.0,0.0,0.0,0.0,768,768,RGB,PNG,516135.0,c346dd6fbd7aaba5e4f4847809473527e96122d3b838931bb703c94ddebd5b6b,49e2b0f2e0dc8fe44017bdabfa19ff50311b0bdd17623355fd396afa7862f30a,c346dd6fbd7aaba5e4f4847809473527e96122d3b838931bb703c94ddebd5b6b,ok,,1.1.0,painting_restoration_50_subset,1.0.0,04_damage_creation,The Metropolitan Museum of Art,Manuel Osorio Manrique de Zuñiga,Francisco de Goya y Lucientes,portrait_figure,canonical,data/processed/metadata/metadata_damaged_images.csv,canonical__p008_zero_control,p008_zero_control,p008_zero_control,ok,,,,,,,,,,,,,,,,,,,,,,,,,,,,,,,,,,,,,,,,,,,,,,,,,,,,,,,,,,,,,,,,,,,,,,,,,,,,,,,,,,,,,,,,,,,,,,,,,,,,,,,,,,,,,,,,,,,,,,,,,,,,,,,,,40,data/processed/clean/p008_clean.png,True,True,data/processed/masked/p008_zero_control_damaged.png,True,True,data/processed/masks/p008_zero_control_mask.png,True,True,True,True,True,ok,True,120,100,2026
p014_loss_large,p014,p014_loss_large,loss_large,canonical_damage_generator,2.0.0,2026-07-24T18:47:20.616478+00:00,generated,p014_clean.png,data\processed\clean\p014_clean.png,p014_loss_large_mask.png,data\processed\masks\p014_loss_large_mask.png,p014_loss_large_damaged.png,data\processed\masked\p014_loss_large_damaged.png,white_fill,255.0,255.0,255.0,48567.0,14.537536,8.234151,768,768,RGB,PNG,426805.0,9afe2858c9da3b0d02763ab3bcc308ea9bd4a570b82cd6bcf23f7d52d102cbb4,2b922dab8268d8a11b91f3c950e7d17e7f125e8fba8bb9fe565211b24d90072c,0307a3b0123fe38d87c55adb4baddfbb39a716e81ea9b40d407fe62be9767945,ok,,1.1.0,painting_restoration_50_subset,1.0.0,04_damage_creation,The Metropolitan Museum of Art,Landscape on a River,Charles-François Daubigny,landscape_natural,canonical,data/processed/metadata/metadata_damaged_images.csv,canonical__p014_loss_large,p014_loss_large,p014_loss_large,ok,,,,,,,,,,,,,,,,,,,,,,,,,,,,,,,,,,,,,,,,,,,,,,,,,,,,,,,,,,,,,,,,,,,,,,,,,,,,,,,,,,,,,,,,,,,,,,,,,,,,,,,,,,,,,,,,,,,,,,,,,,,,,,,,,66,data/processed/clean/p014_clean.png,True,True,data/processed/masked/p014_loss_large_damaged.png,True,True,data/processed/masks/p014_loss_large_mask.png,True,True,True,True,True,ok,True,120,100,2026
p014_loss_small,p014,p014_loss_small,loss_small,canonical_damage_generator,2.0.0,2026-07-24T18:47:20.616478+00:00,generated,p014_clean.png,data\processed\clean\p014_clean.png,p014_loss_small_mask.png,data\processed\masks\p014_loss_small_mask.png,p014_loss_small_damaged.png,data\processed\masked\p014_loss_small_damaged.png,white_fill,255.0,255.0,255.0,16029.0,4.797953,2.71759,768,768,RGB,PNG,481995.0,9afe2858c9da3b0d02763ab3bcc308ea9bd4a570b82cd6bcf23f7d52d102cbb4,30e444f92ff7ffb3d6355f512aee0c1659cd8a7f8e81cda87c862562bfc71204,c7a4413a6c8958ce843a5fe76382bf1903f5de85a8664e7c0509d95e0ef03bf9,ok,,1.1.0,painting_restoration_50_subset,1.0.0,04_damage_creation,The Metropolitan Museum of Art,Landscape on a River,Charles-François Daubigny,landscape_natural,canonical,data/processed/metadata/metadata_damaged_images.csv,canonical__p014_loss_small,p014_loss_small,p014_loss_small,ok,,,,,,,,,,,,,,,,,,,,,,,,,,,,,,,,,,,,,,,,,,,,,,,,,,,,,,,,,,,,,,,,,,,,,,,,,,,,,,,,,,,,,,,,,,,,,,,,,,,,,,,,,,,,,,,,,,,,,,,,,,,,,,,,,67,data/processed/clean/p014_clean.png,True,True,data/processed/masked/p014_loss_small_damaged.png,True,True,data/processed/masks/p014_loss_small_mask.png,True,True,True,True,True,ok,True,120,100,2026
p014_mixed_damage,p014,p014_mixed_damage,mixed_damage,canonical_damage_generator,2.0.0,2026-07-24T18:47:20.616478+00:00,generated,p014_clean.png,data\processed\clean\p014_clean.png,p014_mixed_damage_mask.png,data\processed\masks\p014_mixed_damage_mask.png,p014_mixed_damage_damaged.png,data\processed\masked\p014_mixed_damage_damaged.png,white_fill,255.0,255.0,255.0,41872.0,12.533525,7.099067,768,768,RGB,PNG,452179.0,9afe2858c9da3b0d02763ab3bcc308ea9bd4a570b82cd6bcf23f7d52d102cbb4,fdafaf820aeedcdc7a95690db355cc9a9eb5bd005d8cbcfdaf78eb4eed0a7004,e624c68d2606b2bdadf6c52b09e7e9cbc3281d344c7c6d18f60987ef98761ac6,ok,,1.1.0,painting_restoration_50_subset,1.0.0,04_damage_creation,The Metropolitan Museum of Art,Landscape on a River,Charles-François Daubigny,landscape_natural,canonical,data/processed/metadata/metadata_damaged_images.csv,canonical__p014_mixed_damage,p014_mixed_damage,p014_mixed_damage,ok,,,,,,,,,,,,,,,,,,,,,,,,,,,,,,,,,,,,,,,,,,,,,,,,,,,,,,,,,,,,,,,,,,,,,,,,,,,,,,,,,,,,,,,,,,,,,,,,,,,,,,,,,,,,,,,,,,,,,,,,,,,,,,,,,68,data/processed/clean/p014_clean.png,True,True,data/processed/masked/p014_mixed_damage_damaged.png,True,True,data/processed/masks/p014_mixed_damage_mask.png,True,True,True,True,True,ok,True,120,100,2026
p014_scratch_thin,p014,p014_scratch_thin,scratch_thin,canonical_damage_generator,2.0.0,2026-07-24T18:47:20.616478+00:00,generated,p014_clean.png,data\processed\clean\p014_clean.png,p014_scratch_thin_mask.png,data\processed\masks\p014_scratch_thin_mask.png,p014_scratch_thin_damaged.png,data\processed\masked\p014_scratch_thin_damaged.png,white_fill,255.0,255.0,255.0,9807.0,2.935524,1.662699,768,768,RGB,PNG,502880.0,9afe2858c9da3b0d02763ab3bcc308ea9bd4a570b82cd6bcf23f7d52d102cbb4,43422e6fb19b8ff90194858428538a664a53af4376e52f40af7024491e0b3fa8,7b429c938de7a1bca33e3935b30c5d437e2072c5723ffaf807129ced6af98670,ok,,1.1.0,painting_restoration_50_subset,1.0.0,04_damage_creation,The Metropolitan Museum of Art,Landscape on a River,Charles-François Daubigny,landscape_natural,canonical,data/processed/metadata/metadata_damaged_images.csv,canonical__p014_scratch_thin,p014_scratch_thin,p014_scratch_thin,ok,,,,,,,,,,,,,,,,,,,,,,,,,,,,,,,,,,,,,,,,,,,,,,,,,,,,,,,,,,,,,,,,,,,,,,,,,,,,,,,,,,,,,,,,,,,,,,,,,,,,,,,,,,,,,,,,,,,,,,,,,,,,,,,,,69,data/processed/clean/p014_clean.png,True,True,data/processed/masked/p014_scratch_thin_damaged.png,True,True,data/processed/masks/p014_scratch_thin_mask.png,True,True,True,True,True,ok,True,120,100,2026
p014_zero_control,p014,p014_zero_control,zero_control,canonical_damage_generator,2.0.0,2026-07-24T18:47:20.616478+00:00,generated,p014_clean.png,data\processed\clean\p014_clean.png,p014_zero_control_mask.png,data\processed\masks\p014_zero_control_mask.png,p014_zero_control_damaged.png,data\processed\masked\p014_zero_control_damaged.png,white_fill,255.0,255.0,255.0,0.0,0.0,0.0,768,768,RGB,PNG,499070.0,9afe2858c9da3b0d02763ab3bcc308ea9bd4a570b82cd6bcf23f7d52d102cbb4,49e2b0f2e0dc8fe44017bdabfa19ff50311b0bdd17623355fd396afa7862f30a,9afe2858c9da3b0d02763ab3bcc308ea9bd4a570b82cd6bcf23f7d52d102cbb4,ok,,1.1.0,painting_restoration_50_subset,1.0.0,04_damage_creation,The Metropolitan Museum of Art,Landscape on a River,Charles-François Daubigny,landscape_natural,canonical,data/processed/metadata/metadata_damaged_images.csv,canonical__p014_zero_control,p014_zero_control,p014_zero_control,ok,,,,,,,,,,,,,,,,,,,,,,,,,,,,,,,,,,,,,,,,,,,,,,,,,,,,,,,,,,,,,,,,,,,,,,,,,,,,,,,,,,,,,,,,,,,,,,,,,,,,,,,,,,,,,,,,,,,,,,,,,,,,,,,,,70,data/processed/clean/p014_clean.png,True,True,data/processed/masked/p014_zero_control_damaged.png,True,True,data/processed/masks/p014_zero_control_mask.png,True,True,True,True,True,ok,True,120,100,2026
p018_loss_large,p018,p018_loss_large,loss_large,canonical_damage_generator,2.0.0,2026-07-24T18:47:20.616478+00:00,generated,p018_clean.png,data\processed\clean\p018_clean.png,p018_loss_large_mask.png,data\processed\masks\p018_loss_large_mask.png,p018_loss_large_damaged.png,data\processed\masked\p018_loss_large_damaged.png,white_fill,255.0,255.0,255.0,42285.0,10.859683,7.169088,768,768,RGB,PNG,477467.0,3e223322b3ca2c6f52ebe54a266991be897dd8d6c670ad52393f3262e15574ac,92d98bfddf10642e2801429a64d7dd7660a89c5c00aa08b3b197e881486711a0,9e1d87c8de6a0319f9e4a0238195235eb389ced60489b2af8cab86cac829bc64,ok,,1.1.0,painting_restoration_50_subset,1.0.0,04_damage_creation,The Metropolitan Museum of Art,Classical Landscape with Figures,Henri Mauperché,landscape_natural,canonical,data/processed/metadata/metadata_damaged_images.csv,canonical__p018_loss_large,p018_loss_large,p018_loss_large,ok,,,,,,,,,,,,,,,,,,,,,,,,,,,,,,,,,,,,,,,,,,,,,,,,,,,,,,,,,,,,,,,,,,,,,,,,,,,,,,,,,,,,,,,,,,,,,,,,,,,,,,,,,,,,,,,,,,,,,,,,,,,,,,,,,86,data/processed/clean/p018_clean.png,True,True,data/processed/masked/p018_loss_large_damaged.png,True,True,data/processed/masks/p018_loss_large_mask.png,True,True,True,True,True,ok,True,120,100,2026
p018_loss_small,p018,p018_loss_small,loss_small,canonical_damage_generator,2.0.0,2026-07-24T18:47:20.616478+00:00,generated,p018_clean.png,data\processed\clean\p018_clean.png,p018_loss_small_mask.png,data\processed\masks\p018_loss_small_mask.png,p018_loss_small_damaged.png,data\processed\masked\p018_loss_small_damaged.png,white_fill,255.0,255.0,255.0,14239.0,3.656877,2.41411,768,768,RGB,PNG,519436.0,3e223322b3ca2c6f52ebe54a266991be897dd8d6c670ad52393f3262e15574ac,1d19b3843b6a591693f240231285fdf813df0d264ef416669d68e74cdb49a60b,620c4afcb8c5c421e55872a6793ea5cb0bb28df6c716dfce5adf0090b06ef7ae,ok,,1.1.0,painting_restoration_50_subset,1.0.0,04_damage_creation,The Metropolitan Museum of Art,Classical Landscape with Figures,Henri Mauperché,landscape_natural,canonical,data/processed/metadata/metadata_damaged_images.csv,canonical__p018_loss_small,p018_loss_small,p018_loss_small,ok,,,,,,,,,,,,,,,,,,,,,,,,,,,,,,,,,,,,,,,,,,,,,,,,,,,,,,,,,,,,,,,,,,,,,,,,,,,,,,,,,,,,,,,,,,,,,,,,,,,,,,,,,,,,,,,,,,,,,,,,,,,,,,,,,87,data/processed/clean/p018_clean.png,True,True,data/processed/masked/p018_loss_small_damaged.png,True,True,data/processed/masks/p018_loss_small_mask.png,True,True,True,True,True,ok,True,120,100,2026
p018_mixed_damage,p018,p018_mixed_damage,mixed_damage,canonical_damage_generator,2.0.0,2026-07-24T18:47:20.616478+00:00,generated,p018_clean.png,data\processed\clean\p018_clean.png,p018_mixed_damage_mask.png,data\processed\masks\p018_mixed_damage_mask.png,p018_mixed_damage_damaged.png,data\processed\masked\p018_mixed_damage_damaged.png,white_fill,255.0,255.0,255.0,49951.0,12.828474,8.468797,768,768,RGB,PNG,494326.0,3e223322b3ca2c6f52ebe54a266991be897dd8d6c670ad52393f3262e15574ac,21119df4a3d05b8c9babb45e05af618c8946b97a78fd32f383ab34ae9c6870b8,23759227824b96c4aa8d9ff350e721406511aa851bb4d8809ce40d6c6adb93ee,ok,,1.1.0,painting_restoration_50_subset,1.0.0,04_damage_creation,The Metropolitan Museum of Art,Classical Landscape with Figures,Henri Mauperché,landscape_natural,canonical,data/processed/metadata/metadata_damaged_images.csv,canonical__p018_mixed_damage,p018_mixed_damage,p018_mixed_damage,ok,,,,,,,,,,,,,,,,,,,,,,,,,,,,,,,,,,,,,,,,,,,,,,,,,,,,,,,,,,,,,,,,,,,,,,,,,,,,,,,,,,,,,,,,,,,,,,,,,,,,,,,,,,,,,,,,,,,,,,,,,,,,,,,,,88,data/processed/clean/p018_clean.png,True,True,data/processed/masked/p018_mixed_damage_damaged.png,True,True,data/processed/masks/p018_mixed_damage_mask.png,True,True,True,True,True,ok,True,120,100,2026
p018_scratch_thin,p018,p018_scratch_thin,scratch_thin,canonical_damage_generator,2.0.0,2026-07-24T18:47:20.616478+00:00,generated,p018_clean.png,data\processed\clean\p018_clean.png,p018_scratch_thin_mask.png,data\processed\masks\p018_scratch_thin_mask.png,p018_scratch_thin_damaged.png,data\processed\masked\p018_scratch_thin_damaged.png,white_fill,255.0,255.0,255.0,7269.0,1.866833,1.232402,768,768,RGB,PNG,542326.0,3e223322b3ca2c6f52ebe54a266991be897dd8d6c670ad52393f3262e15574ac,7974472f4782db407fb1f41c0d69097ac522642b86ad3209f2eadde6ff9b956b,a2d519e76f8e0c71c6f60690735c8c3af1e9aa0ad3c29d066e0b2315b6cfe3c3,ok,,1.1.0,painting_restoration_50_subset,1.0.0,04_damage_creation,The Metropolitan Museum of Art,Classical Landscape with Figures,Henri Mauperché,landscape_natural,canonical,data/processed/metadata/metadata_damaged_images.csv,canonical__p018_scratch_thin,p018_scratch_thin,p018_scratch_thin,ok,,,,,,,,,,,,,,,,,,,,,,,,,,,,,,,,,,,,,,,,,,,,,,,,,,,,,,,,,,,,,,,,,,,,,,,,,,,,,,,,,,,,,,,,,,,,,,,,,,,,,,,,,,,,,,,,,,,,,,,,,,,,,,,,,89,data/processed/clean/p018_clean.png,True,True,data/processed/masked/p018_scratch_thin_damaged.png,True,True,data/processed/masks/p018_scratch_thin_mask.png,True,True,True,True,True,ok,True,120,100,2026
p018_zero_control,p018,p018_zero_control,zero_control,canonical_damage_generator,2.0.0,2026-07-24T18:47:20.616478+00:00,generated,p018_clean.png,data\processed\clean\p018_clean.png,p018_zero_control_mask.png,data\processed\masks\p018_zero_control_mask.png,p018_zero_control_damaged.png,data\processed\masked\p018_zero_control_damaged.png,white_fill,255.0,255.0,255.0,0.0,0.0,0.0,768,768,RGB,PNG,535564.0,3e223322b3ca2c6f52ebe54a266991be897dd8d6c670ad52393f3262e15574ac,49e2b0f2e0dc8fe44017bdabfa19ff50311b0bdd17623355fd396afa7862f30a,3e223322b3ca2c6f52ebe54a266991be897dd8d6c670ad52393f3262e15574ac,ok,,1.1.0,painting_restoration_50_subset,1.0.0,04_damage_creation,The Metropolitan Museum of Art,Classical Landscape with Figures,Henri Mauperché,landscape_natural,canonical,data/processed/metadata/metadata_damaged_images.csv,canonical__p018_zero_control,p018_zero_control,p018_zero_control,ok,,,,,,,,,,,,,,,,,,,,,,,,,,,,,,,,,,,,,,,,,,,,,,,,,,,,,,,,,,,,,,,,,,,,,,,,,,,,,,,,,,,,,,,,,,,,,,,,,,,,,,,,,,,,,,,,,,,,,,,,,,,,,,,,,90,data/processed/clean/p018_clean.png,True,True,data/processed/masked/p018_zero_control_damaged.png,True,True,data/processed/masks/p018_zero_control_mask.png,True,True,True,True,True,ok,True,120,100,2026
p024_loss_large,p024,p024_loss_large,loss_large,canonical_damage_generator,2.0.0,2026-07-24T18:47:20.616478+00:00,generated,p024_clean.png,data\processed\clean\p024_clean.png,p024_loss_large_mask.png,data\processed\masks\p024_loss_large_mask.png,p024_loss_large_damaged.png,data\processed\masked\p024_loss_large_damaged.png,white_fill,255.0,255.0,255.0,57578.0,12.537016,9.761895,768,768,RGB,PNG,617293.0,508421ab51a2871f61b893bee72a7b92cb2d4ff58d13cb59c45f6a47bf7a17fd,09e5d7cd4e5c94104755b990a9302d0267a2d257373f69a1f6257507ea9503d4,c3d24eceffcbb31236b208262324ce8c6833687bac1095c2bb689fb05ce7b342,ok,,1.1.0,painting_restoration_50_subset,1.0.0,04_damage_creation,Rijksmuseum,Interior of the Church of St Bavo in Haarlem,Johannes Bosboom,architecture_structured,canonical,data/processed/metadata/metadata_damaged_images.csv,canonical__p024_loss_large,p024_loss_large,p024_loss_large,ok,,,,,,,,,,,,,,,,,,,,,,,,,,,,,,,,,,,,,,,,,,,,,,,,,,,,,,,,,,,,,,,,,,,,,,,,,,,,,,,,,,,,,,,,,,,,,,,,,,,,,,,,,,,,,,,,,,,,,,,,,,,,,,,,,116,data/processed/clean/p024_clean.png,True,True,data/processed/masked/p024_loss_large_damaged.png,True,True,data/processed/masks/p024_loss_large_mask.png,True,True,True,True,True,ok,True,120,100,2026
p024_loss_small,p024,p024_loss_small,loss_small,canonical_damage_generator,2.0.0,2026-07-24T18:47:20.616478+00:00,generated,p024_clean.png,data\processed\clean\p024_clean.png,p024_loss_small_mask.png,data\processed\masks\p024_loss_small_mask.png,p024_loss_small_damaged.png,data\processed\masked\p024_loss_small_damaged.png,white_fill,255.0,255.0,255.0,20530.0,4.470196,3.480699,768,768,RGB,PNG,679253.0,508421ab51a2871f61b893bee72a7b92cb2d4ff58d13cb59c45f6a47bf7a17fd,984f58efe0c1da4c595e925c9097b55da642a240afca0bbb93d8ef7a534b4261,77cefeabbfe0c6862859e64f48017162a3c88200304b81f3f89f7d326bd19e3a,ok,,1.1.0,painting_restoration_50_subset,1.0.0,04_damage_creation,Rijksmuseum,Interior of the Church of St Bavo in Haarlem,Johannes Bosboom,architecture_structured,canonical,data/processed/metadata/metadata_damaged_images.csv,canonical__p024_loss_small,p024_loss_small,p024_loss_small,ok,,,,,,,,,,,,,,,,,,,,,,,,,,,,,,,,,,,,,,,,,,,,,,,,,,,,,,,,,,,,,,,,,,,,,,,,,,,,,,,,,,,,,,,,,,,,,,,,,,,,,,,,,,,,,,,,,,,,,,,,,,,,,,,,,117,data/processed/clean/p024_clean.png,True,True,data/processed/masked/p024_loss_small_damaged.png,True,True,data/processed/masks/p024_loss_small_mask.png,True,True,True,True,True,ok,True,120,100,2026
p024_mixed_damage,p024,p024_mixed_damage,mixed_damage,canonical_damage_generator,2.0.0,2026-07-24T18:47:20.616478+00:00,generated,p024_clean.png,data\processed\clean\p024_clean.png,p024_mixed_damage_mask.png,data\processed\masks\p024_mixed_damage_mask.png,p024_mixed_damage_damaged.png,data\processed\masked\p024_mixed_damage_damaged.png,white_fill,255.0,255.0,255.0,37292.0,8.119948,6.322564,768,768,RGB,PNG,662481.0,508421ab51a2871f61b893bee72a7b92cb2d4ff58d13cb59c45f6a47bf7a17fd,00bcd441691da0147ec132ad668562d8f3fd989c938242d88cae97869fb401d8,9d817f42c7e0780a3989efdd95a88e3fc2f983494ccc3cf11433e373eaae4f9d,ok,,1.1.0,painting_restoration_50_subset,1.0.0,04_damage_creation,Rijksmuseum,Interior of the Church of St Bavo in Haarlem,Johannes Bosboom,architecture_structured,canonical,data/processed/metadata/metadata_damaged_images.csv,canonical__p024_mixed_damage,p024_mixed_damage,p024_mixed_damage,ok,,,,,,,,,,,,,,,,,,,,,,,,,,,,,,,,,,,,,,,,,,,,,,,,,,,,,,,,,,,,,,,,,,,,,,,,,,,,,,,,,,,,,,,,,,,,,,,,,,,,,,,,,,,,,,,,,,,,,,,,,,,,,,,,,118,data/processed/clean/p024_clean.png,True,True,data/processed/masked/p024_mixed_damage_damaged.png,True,True,data/processed/masks/p024_mixed_damage_mask.png,True,True,True,True,True,ok,True,120,100,2026
p024_scratch_thin,p024,p024_scratch_thin,scratch_thin,canonical_damage_generator,2.0.0,2026-07-24T18:47:20.616478+00:00,generated,p024_clean.png,data\processed\clean\p024_clean.png,p024_scratch_thin_mask.png,data\processed\masks\p024_scratch_thin_mask.png,p024_scratch_thin_damaged.png,data\processed\masked\p024_scratch_thin_damaged.png,white_fill,255.0,255.0,255.0,6922.0,1.507194,1.17357,768,768,RGB,PNG,702614.0,508421ab51a2871f61b893bee72a7b92cb2d4ff58d13cb59c45f6a47bf7a17fd,bc7f01e971b1d269cc683b64f93c778ac479aac2f03245dab22cbb3623974044,b3fad3a932864448db194e00d3ba76cf2549abca4aa21a0ad9c7571176638b17,ok,,1.1.0,painting_restoration_50_subset,1.0.0,04_damage_creation,Rijksmuseum,Interior of the Church of St Bavo in Haarlem,Johannes Bosboom,architecture_structured,canonical,data/processed/metadata/metadata_damaged_images.csv,canonical__p024_scratch_thin,p024_scratch_thin,p024_scratch_thin,ok,,,,,,,,,,,,,,,,,,,,,,,,,,,,,,,,,,,,,,,,,,,,,,,,,,,,,,,,,,,,,,,,,,,,,,,,,,,,,,,,,,,,,,,,,,,,,,,,,,,,,,,,,,,,,,,,,,,,,,,,,,,,,,,,,119,data/processed/clean/p024_clean.png,True,True,data/processed/masked/p024_scratch_thin_damaged.png,True,True,data/processed/masks/p024_scratch_thin_mask.png,True,True,True,True,True,ok,True,120,100,2026
p024_zero_control,p024,p024_zero_control,zero_control,canonical_damage_generator,2.0.0,2026-07-24T18:47:20.616478+00:00,generated,p024_clean.png,data\processed\clean\p024_clean.png,p024_zero_control_mask.png,data\processed\masks\p024_zero_control_mask.png,p024_zero_control_damaged.png,data\processed\masked\p024_zero_control_damaged.png,white_fill,255.0,255.0,255.0,0.0,0.0,0.0,768,768,RGB,PNG,700806.0,508421ab51a2871f61b893bee72a7b92cb2d4ff58d13cb59c45f6a47bf7a17fd,49e2b0f2e0dc8fe44017bdabfa19ff50311b0bdd17623355fd396afa7862f30a,508421ab51a2871f61b893bee72a7b92cb2d4ff58d13cb59c45f6a47bf7a17fd,ok,,1.1.0,painting_restoration_50_subset,1.0.0,04_damage_creation,Rijksmuseum,Interior of the Church of St Bavo in Haarlem,Johannes Bosboom,architecture_structured,canonical,data/processed/metadata/metadata_damaged_images.csv,canonical__p024_zero_control,p024_zero_control,p024_zero_control,ok,,,,,,,,,,,,,,,,,,,,,,,,,,,,,,,,,,,,,,,,,,,,,,,,,,,,,,,,,,,,,,,,,,,,,,,,,,,,,,,,,,,,,,,,,,,,,,,,,,,,,,,,,,,,,,,,,,,,,,,,,,,,,,,,,120,data/processed/clean/p024_clean.png,True,True,data/processed/masked/p024_zero_control_damaged.png,True,True,data/processed/masks/p024_zero_control_mask.png,True,True,True,True,True,ok,True,120,100,2026
p028_loss_large,p028,p028_loss_large,loss_large,canonical_damage_generator,2.0.0,2026-07-24T18:47:20.616478+00:00,generated,p028_clean.png,data\processed\clean\p028_clean.png,p028_loss_large_mask.png,data\processed\masks\p028_loss_large_mask.png,p028_loss_large_damaged.png,data\processed\masked\p028_loss_large_damaged.png,white_fill,255.0,255.0,255.0,47473.0,11.641017,8.048672,768,768,RGB,PNG,561233.0,af37fc37a2acc1e4782b8a23cdf30920137397ae4cea216f8767307470d6e048,7850ec38d80a6983f83f7c2ce3391059a90d7a6b082c13fbb2c0817de7b79997,0ebf6bdad7b27c58713808c975b96576335250b88a91bbcf39a73cceedda8608,ok,,1.1.0,painting_restoration_50_subset,1.0.0,04_damage_creation,Rijksmuseum,Trading posts of the Dutch East India Company (VOC),workshop of Johannes Vinckboons,architecture_structured,canonical,data/processed/metadata/metadata_damaged_images.csv,canonical__p028_loss_large,p028_loss_large,p028_loss_large,ok,,,,,,,,,,,,,,,,,,,,,,,,,,,,,,,,,,,,,,,,,,,,,,,,,,,,,,,,,,,,,,,,,,,,,,,,,,,,,,,,,,,,,,,,,,,,,,,,,,,,,,,,,,,,,,,,,,,,,,,,,,,,,,,,,136,data/processed/clean/p028_clean.png,True,True,data/processed/masked/p028_loss_large_damaged.png,True,True,data/processed/masks/p028_loss_large_mask.png,True,True,True,True,True,ok,True,120,100,2026
p028_loss_small,p028,p028_loss_small,loss_small,canonical_damage_generator,2.0.0,2026-07-24T18:47:20.616478+00:00,generated,p028_clean.png,data\processed\clean\p028_clean.png,p028_loss_small_mask.png,data\processed\masks\p028_loss_small_mask.png,p028_loss_small_damaged.png,data\processed\masked\p028_loss_small_damaged.png,white_fill,255.0,255.0,255.0,16168.0,3.964611,2.741157,768,768,RGB,PNG,601975.0,af37fc37a2acc1e4782b8a23cdf30920137397ae4cea216f8767307470d6e048,643c3404813ddd443b0959a17fb35e8c87a72300e632d7d6a1c174f4f1770db0,6a50a9b1f29437b81e253a35efe6a9f920823aeb8d4cd6bfcc72a3b4e970639d,ok,,1.1.0,painting_restoration_50_subset,1.0.0,04_damage_creation,Rijksmuseum,Trading posts of the Dutch East India Company (VOC),workshop of Johannes Vinckboons,architecture_structured,canonical,data/processed/metadata/metadata_damaged_images.csv,canonical__p028_loss_small,p028_loss_small,p028_loss_small,ok,,,,,,,,,,,,,,,,,,,,,,,,,,,,,,,,,,,,,,,,,,,,,,,,,,,,,,,,,,,,,,,,,,,,,,,,,,,,,,,,,,,,,,,,,,,,,,,,,,,,,,,,,,,,,,,,,,,,,,,,,,,,,,,,,137,data/processed/clean/p028_clean.png,True,True,data/processed/masked/p028_loss_small_damaged.png,True,True,data/processed/masks/p028_loss_small_mask.png,True,True,True,True,True,ok,True,120,100,2026
p028_mixed_damage,p028,p028_mixed_damage,mixed_damage,canonical_damage_generator,2.0.0,2026-07-24T18:47:20.616478+00:00,generated,p028_clean.png,data\processed\clean\p028_clean.png,p028_mixed_damage_mask.png,data\processed\masks\p028_mixed_damage_mask.png,p028_mixed_damage_damaged.png,data\processed\masked\p028_mixed_damage_damaged.png,white_fill,255.0,255.0,255.0,42118.0,10.327899,7.140774,768,768,RGB,PNG,576278.0,af37fc37a2acc1e4782b8a23cdf30920137397ae4cea216f8767307470d6e048,198221130576c63855fb50822fb57b3ff88cd3375fea6fb1e98e8d9f38281b12,86ffbd4f83729b532bbf85328707ea92e0972d4aa2dc241afa764cb7b2303211,ok,,1.1.0,painting_restoration_50_subset,1.0.0,04_damage_creation,Rijksmuseum,Trading posts of the Dutch East India Company (VOC),workshop of Johannes Vinckboons,architecture_structured,canonical,data/processed/metadata/metadata_damaged_images.csv,canonical__p028_mixed_damage,p028_mixed_damage,p028_mixed_damage,ok,,,,,,,,,,,,,,,,,,,,,,,,,,,,,,,,,,,,,,,,,,,,,,,,,,,,,,,,,,,,,,,,,,,,,,,,,,,,,,,,,,,,,,,,,,,,,,,,,,,,,,,,,,,,,,,,,,,,,,,,,,,,,,,,,138,data/processed/clean/p028_clean.png,True,True,data/processed/masked/p028_mixed_damage_damaged.png,True,True,data/processed/masks/p028_mixed_damage_mask.png,True,True,True,True,True,ok,True,120,100,2026
p028_scratch_thin,p028,p028_scratch_thin,scratch_thin,canonical_damage_generator,2.0.0,2026-07-24T18:47:20.616478+00:00,generated,p028_clean.png,data\processed\clean\p028_clean.png,p028_scratch_thin_mask.png,data\processed\masks\p028_scratch_thin_mask.png,p028_scratch_thin_damaged.png,data\processed\masked\p028_scratch_thin_damaged.png,white_fill,255.0,255.0,255.0,6439.0,1.578929,1.091682,768,768,RGB,PNG,628551.0,af37fc37a2acc1e4782b8a23cdf30920137397ae4cea216f8767307470d6e048,e193b6150d8ca148a847ecad8ae5f342ab5319508d84e0aa7ac9bcb344d0e2be,0449d5f8a22e88d5e99672522d6ce627a05da267db6e5c988515703724c4d87f,ok,,1.1.0,painting_restoration_50_subset,1.0.0,04_damage_creation,Rijksmuseum,Trading posts of the Dutch East India Company (VOC),workshop of Johannes Vinckboons,architecture_structured,canonical,data/processed/metadata/metadata_damaged_images.csv,canonical__p028_scratch_thin,p028_scratch_thin,p028_scratch_thin,ok,,,,,,,,,,,,,,,,,,,,,,,,,,,,,,,,,,,,,,,,,,,,,,,,,,,,,,,,,,,,,,,,,,,,,,,,,,,,,,,,,,,,,,,,,,,,,,,,,,,,,,,,,,,,,,,,,,,,,,,,,,,,,,,,,139,data/processed/clean/p028_clean.png,True,True,data/processed/masked/p028_scratch_thin_damaged.png,True,True,data/processed/masks/p028_scratch_thin_mask.png,True,True,True,True,True,ok,True,120,100,2026
p028_zero_control,p028,p028_zero_control,zero_control,canonical_damage_generator,2.0.0,2026-07-24T18:47:20.616478+00:00,generated,p028_clean.png,data\processed\clean\p028_clean.png,p028_zero_control_mask.png,data\processed\masks\p028_zero_control_mask.png,p028_zero_control_damaged.png,data\processed\masked\p028_zero_control_damaged.png,white_fill,255.0,255.0,255.0,0.0,0.0,0.0,768,768,RGB,PNG,618940.0,af37fc37a2acc1e4782b8a23cdf30920137397ae4cea216f8767307470d6e048,49e2b0f2e0dc8fe44017bdabfa19ff50311b0bdd17623355fd396afa7862f30a,af37fc37a2acc1e4782b8a23cdf30920137397ae4cea216f8767307470d6e048,ok,,1.1.0,painting_restoration_50_subset,1.0.0,04_damage_creation,Rijksmuseum,Trading posts of the Dutch East India Company (VOC),workshop of Johannes Vinckboons,architecture_structured,canonical,data/processed/metadata/metadata_damaged_images.csv,canonical__p028_zero_control,p028_zero_control,p028_zero_control,ok,,,,,,,,,,,,,,,,,,,,,,,,,,,,,,,,,,,,,,,,,,,,,,,,,,,,,,,,,,,,,,,,,,,,,,,,,,,,,,,,,,,,,,,,,,,,,,,,,,,,,,,,,,,,,,,,,,,,,,,,,,,,,,,,,140,data/processed/clean/p028_clean.png,True,True,data/processed/masked/p028_zero_control_damaged.png,True,True,data/processed/masks/p028_zero_control_mask.png,True,True,True,True,True,ok,True,120,100,2026
p033_scratch_thin,p033,p033_scratch_thin,scratch_thin,canonical_damage_generator,2.0.0,2026-07-24T18:47:20.616478+00:00,generated,p033_clean.png,data\processed\clean\p033_clean.png,p033_scratch_thin_mask.png,data\processed\masks\p033_scratch_thin_mask.png,p033_scratch_thin_damaged.png,data\processed\masked\p033_scratch_thin_damaged.png,white_fill,255.0,255.0,255.0,15664.0,2.673111,2.655707,768,768,RGB,PNG,1111772.0,d229de2f2373b30f7c0c949020499e8a0e8e6bd557aa60a426e412a339ef1fde,f7c400586d4b7b8ccc0f9dce38ffbd8054232d9d6902be1c6a533b8a61f0db8b,2a874a3669215d788a9ff6051aa4049466741d4ef004c8b5dec8e806146f2381,ok,,1.1.0,painting_restoration_50_subset,1.0.0,04_damage_creation,Art Institute of Chicago,Movement,Marsden Hartley,abstraction_surrealism,canonical,data/processed/metadata/metadata_damaged_images.csv,canonical__p033_scratch_thin,p033_scratch_thin,p033_scratch_thin,ok,,,,,,,,,,,,,,,,,,,,,,,,,,,,,,,,,,,,,,,,,,,,,,,,,,,,,,,,,,,,,,,,,,,,,,,,,,,,,,,,,,,,,,,,,,,,,,,,,,,,,,,,,,,,,,,,,,,,,,,,,,,,,,,,,164,data/processed/clean/p033_clean.png,True,True,data/processed/masked/p033_scratch_thin_damaged.png,True,True,data/processed/masks/p033_scratch_thin_mask.png,True,True,True,True,True,ok,True,120,100,2026
p033_zero_control,p033,p033_zero_control,zero_control,canonical_damage_generator,2.0.0,2026-07-24T18:47:20.616478+00:00,generated,p033_clean.png,data\processed\clean\p033_clean.png,p033_zero_control_mask.png,data\processed\masks\p033_zero_control_mask.png,p033_zero_control_damaged.png,data\processed\masked\p033_zero_control_damaged.png,white_fill,255.0,255.0,255.0,0.0,0.0,0.0,768,768,RGB,PNG,1112283.0,d229de2f2373b30f7c0c949020499e8a0e8e6bd557aa60a426e412a339ef1fde,49e2b0f2e0dc8fe44017bdabfa19ff50311b0bdd17623355fd396afa7862f30a,d229de2f2373b30f7c0c949020499e8a0e8e6bd557aa60a426e412a339ef1fde,ok,,1.1.0,painting_restoration_50_subset,1.0.0,04_damage_creation,Art Institute of Chicago,Movement,Marsden Hartley,abstraction_surrealism,canonical,data/processed/metadata/metadata_damaged_images.csv,canonical__p033_zero_control,p033_zero_control,p033_zero_control,ok,,,,,,,,,,,,,,,,,,,,,,,,,,,,,,,,,,,,,,,,,,,,,,,,,,,,,,,,,,,,,,,,,,,,,,,,,,,,,,,,,,,,,,,,,,,,,,,,,,,,,,,,,,,,,,,,,,,,,,,,,,,,,,,,,165,data/processed/clean/p033_clean.png,True,True,data/processed/masked/p033_zero_control_damaged.png,True,True,data/processed/masks/p033_zero_control_mask.png,True,True,True,True,True,ok,True,120,100,2026
p034_loss_large,p034,p034_loss_large,loss_large,canonical_damage_generator,2.0.0,2026-07-24T18:47:20.616478+00:00,generated,p034_clean.png,data\processed\clean\p034_clean.png,p034_loss_large_mask.png,data\processed\masks\p034_loss_large_mask.png,p034_loss_large_damaged.png,data\processed\masked\p034_loss_large_damaged.png,white_fill,255.0,255.0,255.0,67682.0,12.325539,11.474948,768,768,RGB,PNG,865256.0,301cfc1b2c5fff509d0f03c9c71bb6ca12fcb1c697a46806dcf89d4fa82c33c1,d703daf009b4a0770de9babf1782023da875a9740e5f66a28ccd64d22217ad65,dd8a4389d17253f15bace5785cd769b3ea765e5717b04cda5b00f1850268bbd6,ok,,1.1.0,painting_restoration_50_subset,1.0.0,04_damage_creation,Art Institute of Chicago,Painting with Green Center,Wassily Kandinsky,abstraction_surrealism,canonical,data/processed/metadata/metadata_damaged_images.csv,canonical__p034_loss_large,p034_loss_large,p034_loss_large,ok,,,,,,,,,,,,,,,,,,,,,,,,,,,,,,,,,,,,,,,,,,,,,,,,,,,,,,,,,,,,,,,,,,,,,,,,,,,,,,,,,,,,,,,,,,,,,,,,,,,,,,,,,,,,,,,,,,,,,,,,,,,,,,,,,166,data/processed/clean/p034_clean.png,True,True,data/processed/masked/p034_loss_large_damaged.png,True,True,data/processed/masks/p034_loss_large_mask.png,True,True,True,True,True,ok,True,120,100,2026
p034_loss_small,p034,p034_loss_small,loss_small,canonical_damage_generator,2.0.0,2026-07-24T18:47:20.616478+00:00,generated,p034_clean.png,data\processed\clean\p034_clean.png,p034_loss_small_mask.png,data\processed\masks\p034_loss_small_mask.png,p034_loss_small_damaged.png,data\processed\masked\p034_loss_small_damaged.png,white_fill,255.0,255.0,255.0,17944.0,3.267774,3.042263,768,768,RGB,PNG,951528.0,301cfc1b2c5fff509d0f03c9c71bb6ca12fcb1c697a46806dcf89d4fa82c33c1,6cd105a257969733ee9adf307f241e6c1b5d35147aa90839575d4e8a0c1e6443,ed96188a1c5c86bc6f2ecaa72425aadea8098753d109bca197f126e237ec93ae,ok,,1.1.0,painting_restoration_50_subset,1.0.0,04_damage_creation,Art Institute of Chicago,Painting with Green Center,Wassily Kandinsky,abstraction_surrealism,canonical,data/processed/metadata/metadata_damaged_images.csv,canonical__p034_loss_small,p034_loss_small,p034_loss_small,ok,,,,,,,,,,,,,,,,,,,,,,,,,,,,,,,,,,,,,,,,,,,,,,,,,,,,,,,,,,,,,,,,,,,,,,,,,,,,,,,,,,,,,,,,,,,,,,,,,,,,,,,,,,,,,,,,,,,,,,,,,,,,,,,,,167,data/processed/clean/p034_clean.png,True,True,data/processed/masked/p034_loss_small_damaged.png,True,True,data/processed/masks/p034_loss_small_mask.png,True,True,True,True,True,ok,True,120,100,2026
p034_mixed_damage,p034,p034_mixed_damage,mixed_damage,canonical_damage_generator,2.0.0,2026-07-24T18:47:20.616478+00:00,generated,p034_clean.png,data\processed\clean\p034_clean.png,p034_mixed_damage_mask.png,data\processed\masks\p034_mixed_damage_mask.png,p034_mixed_damage_damaged.png,data\processed\masked\p034_mixed_damage_damaged.png,white_fill,255.0,255.0,255.0,45233.0,8.237362,7.668898,768,768,RGB,PNG,919377.0,301cfc1b2c5fff509d0f03c9c71bb6ca12fcb1c697a46806dcf89d4fa82c33c1,3131d4edaa9db8ee2ea77f072b4a2e1d204d0d11f7025dc3815a2eaff25e4892,f4219fd05686fbe8a1c4791c62dddb04446d8368df57f76019753a9ab9ae6371,ok,,1.1.0,painting_restoration_50_subset,1.0.0,04_damage_creation,Art Institute of Chicago,Painting with Green Center,Wassily Kandinsky,abstraction_surrealism,canonical,data/processed/metadata/metadata_damaged_images.csv,canonical__p034_mixed_damage,p034_mixed_damage,p034_mixed_damage,ok,,,,,,,,,,,,,,,,,,,,,,,,,,,,,,,,,,,,,,,,,,,,,,,,,,,,,,,,,,,,,,,,,,,,,,,,,,,,,,,,,,,,,,,,,,,,,,,,,,,,,,,,,,,,,,,,,,,,,,,,,,,,,,,,,168,data/processed/clean/p034_clean.png,True,True,data/processed/masked/p034_mixed_damage_damaged.png,True,True,data/processed/masks/p034_mixed_damage_mask.png,True,True,True,True,True,ok,True,120,100,2026
p034_scratch_thin,p034,p034_scratch_thin,scratch_thin,canonical_damage_generator,2.0.0,2026-07-24T18:47:20.616478+00:00,generated,p034_clean.png,data\processed\clean\p034_clean.png,p034_scratch_thin_mask.png,data\processed\masks\p034_scratch_thin_mask.png,p034_scratch_thin_damaged.png,data\processed\masked\p034_scratch_thin_damaged.png,white_fill,255.0,255.0,255.0,6085.0,1.108137,1.031664,768,768,RGB,PNG,979642.0,301cfc1b2c5fff509d0f03c9c71bb6ca12fcb1c697a46806dcf89d4fa82c33c1,18d551bfc00de778cfb4f8ff59b090b3ac47e661f6ab66f30ff15e27eb4651cb,bd43ddd6745322549457b7b4714e30fd9f81f73781244b57c718d64bca9e5c88,ok,,1.1.0,painting_restoration_50_subset,1.0.0,04_damage_creation,Art Institute of Chicago,Painting with Green Center,Wassily Kandinsky,abstraction_surrealism,canonical,data/processed/metadata/metadata_damaged_images.csv,canonical__p034_scratch_thin,p034_scratch_thin,p034_scratch_thin,ok,,,,,,,,,,,,,,,,,,,,,,,,,,,,,,,,,,,,,,,,,,,,,,,,,,,,,,,,,,,,,,,,,,,,,,,,,,,,,,,,,,,,,,,,,,,,,,,,,,,,,,,,,,,,,,,,,,,,,,,,,,,,,,,,,169,data/processed/clean/p034_clean.png,True,True,data/processed/masked/p034_scratch_thin_damaged.png,True,True,data/processed/masks/p034_scratch_thin_mask.png,True,True,True,True,True,ok,True,120,100,2026
p034_zero_control,p034,p034_zero_control,zero_control,canonical_damage_generator,2.0.0,2026-07-24T18:47:20.616478+00:00,generated,p034_clean.png,data\processed\clean\p034_clean.png,p034_zero_control_mask.png,data\processed\masks\p034_zero_control_mask.png,p034_zero_control_damaged.png,data\processed\masked\p034_zero_control_damaged.png,white_fill,255.0,255.0,255.0,0.0,0.0,0.0,768,768,RGB,PNG,974992.0,301cfc1b2c5fff509d0f03c9c71bb6ca12fcb1c697a46806dcf89d4fa82c33c1,49e2b0f2e0dc8fe44017bdabfa19ff50311b0bdd17623355fd396afa7862f30a,301cfc1b2c5fff509d0f03c9c71bb6ca12fcb1c697a46806dcf89d4fa82c33c1,ok,,1.1.0,painting_restoration_50_subset,1.0.0,04_damage_creation,Art Institute of Chicago,Painting with Green Center,Wassily Kandinsky,abstraction_surrealism,canonical,data/processed/metadata/metadata_damaged_images.csv,canonical__p034_zero_control,p034_zero_control,p034_zero_control,ok,,,,,,,,,,,,,,,,,,,,,,,,,,,,,,,,,,,,,,,,,,,,,,,,,,,,,,,,,,,,,,,,,,,,,,,,,,,,,,,,,,,,,,,,,,,,,,,,,,,,,,,,,,,,,,,,,,,,,,,,,,,,,,,,,170,data/processed/clean/p034_clean.png,True,True,data/processed/masked/p034_zero_control_damaged.png,True,True,data/processed/masks/p034_zero_control_mask.png,True,True,True,True,True,ok,True,120,100,2026
p038_loss_large,p038,p038_loss_large,loss_large,canonical_damage_generator,2.0.0,2026-07-24T18:47:20.616478+00:00,generated,p038_clean.png,data\processed\clean\p038_clean.png,p038_loss_large_mask.png,data\processed\masks\p038_loss_large_mask.png,p038_loss_large_damaged.png,data\processed\masked\p038_loss_large_damaged.png,white_fill,255.0,255.0,255.0,61070.0,13.877527,10.353936,768,768,RGB,PNG,648889.0,88c548a0296ca3833a044a2559627d1b18a7fde9300850b75ed1d08820231489,d35508e489ca978f297c01dfd03dd222c0e8f3ce6655c2097ce8f7be2903d5d4,227bda14bdbeb2d7a950114f61cfde4251ac235720a856e5d2c0d22b2d594c85,ok,,1.1.0,painting_restoration_50_subset,1.0.0,04_damage_creation,Art Institute of Chicago,Mahana no atua (Day of the God),Paul Gauguin,abstraction_surrealism,canonical,data/processed/metadata/metadata_damaged_images.csv,canonical__p038_loss_large,p038_loss_large,p038_loss_large,ok,,,,,,,,,,,,,,,,,,,,,,,,,,,,,,,,,,,,,,,,,,,,,,,,,,,,,,,,,,,,,,,,,,,,,,,,,,,,,,,,,,,,,,,,,,,,,,,,,,,,,,,,,,,,,,,,,,,,,,,,,,,,,,,,,186,data/processed/clean/p038_clean.png,True,True,data/processed/masked/p038_loss_large_damaged.png,True,True,data/processed/masks/p038_loss_large_mask.png,True,True,True,True,True,ok,True,120,100,2026
p038_loss_small,p038,p038_loss_small,loss_small,canonical_damage_generator,2.0.0,2026-07-24T18:47:20.616478+00:00,generated,p038_clean.png,data\processed\clean\p038_clean.png,p038_loss_small_mask.png,data\processed\masks\p038_loss_small_mask.png,p038_loss_small_damaged.png,data\processed\masked\p038_loss_small_damaged.png,white_fill,255.0,255.0,255.0,20821.0,4.731357,3.530036,768,768,RGB,PNG,724849.0,88c548a0296ca3833a044a2559627d1b18a7fde9300850b75ed1d08820231489,916a756518eab12cd31eeea834ed95ddd927537f684b8905321f4db6cc869666,dd62529209a64969d34049c27647bc1482a3bf5d83af864d51cfa41da172489d,ok,,1.1.0,painting_restoration_50_subset,1.0.0,04_damage_creation,Art Institute of Chicago,Mahana no atua (Day of the God),Paul Gauguin,abstraction_surrealism,canonical,data/processed/metadata/metadata_damaged_images.csv,canonical__p038_loss_small,p038_loss_small,p038_loss_small,ok,,,,,,,,,,,,,,,,,,,,,,,,,,,,,,,,,,,,,,,,,,,,,,,,,,,,,,,,,,,,,,,,,,,,,,,,,,,,,,,,,,,,,,,,,,,,,,,,,,,,,,,,,,,,,,,,,,,,,,,,,,,,,,,,,187,data/processed/clean/p038_clean.png,True,True,data/processed/masked/p038_loss_small_damaged.png,True,True,data/processed/masks/p038_loss_small_mask.png,True,True,True,True,True,ok,True,120,100,2026
p038_mixed_damage,p038,p038_mixed_damage,mixed_damage,canonical_damage_generator,2.0.0,2026-07-24T18:47:20.616478+00:00,generated,p038_clean.png,data\processed\clean\p038_clean.png,p038_mixed_damage_mask.png,data\processed\masks\p038_mixed_damage_mask.png,p038_mixed_damage_damaged.png,data\processed\masked\p038_mixed_damage_damaged.png,white_fill,255.0,255.0,255.0,37262.0,8.467405,6.317478,768,768,RGB,PNG,701784.0,88c548a0296ca3833a044a2559627d1b18a7fde9300850b75ed1d08820231489,64fd969a23b4f23719ccff8c749d41010f949780a0f91464a6efb3248a81d6b2,2fab471fc3f9b7ae6973c2123774325922c6b9fa5daebd837a2be1c0146ef82e,ok,,1.1.0,painting_restoration_50_subset,1.0.0,04_damage_creation,Art Institute of Chicago,Mahana no atua (Day of the God),Paul Gauguin,abstraction_surrealism,canonical,data/processed/metadata/metadata_damaged_images.csv,canonical__p038_mixed_damage,p038_mixed_damage,p038_mixed_damage,ok,,,,,,,,,,,,,,,,,,,,,,,,,,,,,,,,,,,,,,,,,,,,,,,,,,,,,,,,,,,,,,,,,,,,,,,,,,,,,,,,,,,,,,,,,,,,,,,,,,,,,,,,,,,,,,,,,,,,,,,,,,,,,,,,,188,data/processed/clean/p038_clean.png,True,True,data/processed/masked/p038_mixed_damage_damaged.png,True,True,data/processed/masks/p038_mixed_damage_mask.png,True,True,True,True,True,ok,True,120,100,2026
p038_scratch_thin,p038,p038_scratch_thin,scratch_thin,canonical_damage_generator,2.0.0,2026-07-24T18:47:20.616478+00:00,generated,p038_clean.png,data\processed\clean\p038_clean.png,p038_scratch_thin_mask.png,data\processed\masks\p038_scratch_thin_mask.png,p038_scratch_thin_damaged.png,data\processed\masked\p038_scratch_thin_damaged.png,white_fill,255.0,255.0,255.0,7229.0,1.642716,1.22562,768,768,RGB,PNG,755713.0,88c548a0296ca3833a044a2559627d1b18a7fde9300850b75ed1d08820231489,95ad7cac627d6db69bcef8943e405c2ab5e2bedd9a3cc1be9c216c1ff807cfba,4528daee031de71c0407f3d7a00b707203bb04e19801d4432a7ffc62752d8699,ok,,1.1.0,painting_restoration_50_subset,1.0.0,04_damage_creation,Art Institute of Chicago,Mahana no atua (Day of the God),Paul Gauguin,abstraction_surrealism,canonical,data/processed/metadata/metadata_damaged_images.csv,canonical__p038_scratch_thin,p038_scratch_thin,p038_scratch_thin,ok,,,,,,,,,,,,,,,,,,,,,,,,,,,,,,,,,,,,,,,,,,,,,,,,,,,,,,,,,,,,,,,,,,,,,,,,,,,,,,,,,,,,,,,,,,,,,,,,,,,,,,,,,,,,,,,,,,,,,,,,,,,,,,,,,189,data/processed/clean/p038_clean.png,True,True,data/processed/masked/p038_scratch_thin_damaged.png,True,True,data/processed/masks/p038_scratch_thin_mask.png,True,True,True,True,True,ok,True,120,100,2026
p038_zero_control,p038,p038_zero_control,zero_control,canonical_damage_generator,2.0.0,2026-07-24T18:47:20.616478+00:00,generated,p038_clean.png,data\processed\clean\p038_clean.png,p038_zero_control_mask.png,data\processed\masks\p038_zero_control_mask.png,p038_zero_control_damaged.png,data\processed\masked\p038_zero_control_damaged.png,white_fill,255.0,255.0,255.0,0.0,0.0,0.0,768,768,RGB,PNG,752038.0,88c548a0296ca3833a044a2559627d1b18a7fde9300850b75ed1d08820231489,49e2b0f2e0dc8fe44017bdabfa19ff50311b0bdd17623355fd396afa7862f30a,88c548a0296ca3833a044a2559627d1b18a7fde9300850b75ed1d08820231489,ok,,1.1.0,painting_restoration_50_subset,1.0.0,04_damage_creation,Art Institute of Chicago,Mahana no atua (Day of the God),Paul Gauguin,abstraction_surrealism,canonical,data/processed/metadata/metadata_damaged_images.csv,canonical__p038_zero_control,p038_zero_control,p038_zero_control,ok,,,,,,,,,,,,,,,,,,,,,,,,,,,,,,,,,,,,,,,,,,,,,,,,,,,,,,,,,,,,,,,,,,,,,,,,,,,,,,,,,,,,,,,,,,,,,,,,,,,,,,,,,,,,,,,,,,,,,,,,,,,,,,,,,190,data/processed/clean/p038_clean.png,True,True,data/processed/masked/p038_zero_control_damaged.png,True,True,data/processed/masks/p038_zero_control_mask.png,True,True,True,True,True,ok,True,120,100,2026
p044_loss_large,p044,p044_loss_large,loss_large,canonical_damage_generator,2.0.0,2026-07-24T18:47:20.616478+00:00,generated,p044_clean.png,data\processed\clean\p044_clean.png,p044_loss_large_mask.png,data\processed\masks\p044_loss_large_mask.png,p044_loss_large_damaged.png,data\processed\masked\p044_loss_large_damaged.png,white_fill,255.0,255.0,255.0,57276.0,11.634653,9.710693,768,768,RGB,PNG,669796.0,ed7ed9f39aa6e8cb7b1e7f0637d18eb2cb412309cafdc7b0f166db32ea8bc9ce,a9fadf2d7d831af7c3cfe5b628a2adfca57cd6bc337287230195a060d116d605,fa86cfdf59a7949842f1daf0f6862574ff6592ea82a98bf03f8cca19b35773da,ok,,1.1.0,painting_restoration_50_subset,1.0.0,04_damage_creation,The Metropolitan Museum of Art,Versailles,Auguste Renoir,high_texture_brushwork,canonical,data/processed/metadata/metadata_damaged_images.csv,canonical__p044_loss_large,p044_loss_large,p044_loss_large,ok,,,,,,,,,,,,,,,,,,,,,,,,,,,,,,,,,,,,,,,,,,,,,,,,,,,,,,,,,,,,,,,,,,,,,,,,,,,,,,,,,,,,,,,,,,,,,,,,,,,,,,,,,,,,,,,,,,,,,,,,,,,,,,,,,216,data/processed/clean/p044_clean.png,True,True,data/processed/masked/p044_loss_large_damaged.png,True,True,data/processed/masks/p044_loss_large_mask.png,True,True,True,True,True,ok,True,120,100,2026
p044_loss_small,p044,p044_loss_small,loss_small,canonical_damage_generator,2.0.0,2026-07-24T18:47:20.616478+00:00,generated,p044_clean.png,data\processed\clean\p044_clean.png,p044_loss_small_mask.png,data\processed\masks\p044_loss_small_mask.png,p044_loss_small_damaged.png,data\processed\masked\p044_loss_small_damaged.png,white_fill,255.0,255.0,255.0,19904.0,4.043162,3.374566,768,768,RGB,PNG,734298.0,ed7ed9f39aa6e8cb7b1e7f0637d18eb2cb412309cafdc7b0f166db32ea8bc9ce,ee2e6270b3e4361b4483a3cbb956f0a77f9d81f060bf1dee2162921224bb0aeb,514543be9bb08b398af1b424862ac9d7e35392c512e90230fb821d8f8010324f,ok,,1.1.0,painting_restoration_50_subset,1.0.0,04_damage_creation,The Metropolitan Museum of Art,Versailles,Auguste Renoir,high_texture_brushwork,canonical,data/processed/metadata/metadata_damaged_images.csv,canonical__p044_loss_small,p044_loss_small,p044_loss_small,ok,,,,,,,,,,,,,,,,,,,,,,,,,,,,,,,,,,,,,,,,,,,,,,,,,,,,,,,,,,,,,,,,,,,,,,,,,,,,,,,,,,,,,,,,,,,,,,,,,,,,,,,,,,,,,,,,,,,,,,,,,,,,,,,,,217,data/processed/clean/p044_clean.png,True,True,data/processed/masked/p044_loss_small_damaged.png,True,True,data/processed/masks/p044_loss_small_mask.png,True,True,True,True,True,ok,True,120,100,2026
p044_mixed_damage,p044,p044_mixed_damage,mixed_damage,canonical_damage_generator,2.0.0,2026-07-24T18:47:20.616478+00:00,generated,p044_clean.png,data\processed\clean\p044_clean.png,p044_mixed_damage_mask.png,data\processed\masks\p044_mixed_damage_mask.png,p044_mixed_damage_damaged.png,data\processed\masked\p044_mixed_damage_damaged.png,white_fill,255.0,255.0,255.0,42711.0,8.676019,7.241313,768,768,RGB,PNG,712982.0,ed7ed9f39aa6e8cb7b1e7f0637d18eb2cb412309cafdc7b0f166db32ea8bc9ce,c79933020bdea7bf4b1761a4682b30093b15594ec13dfad5b1a9b2cfb98820df,4166e8aac51c16c61f2dae2ee931004a2ee3969edea9bc42a80eec60922a8efd,ok,,1.1.0,painting_restoration_50_subset,1.0.0,04_damage_creation,The Metropolitan Museum of Art,Versailles,Auguste Renoir,high_texture_brushwork,canonical,data/processed/metadata/metadata_damaged_images.csv,canonical__p044_mixed_damage,p044_mixed_damage,p044_mixed_damage,ok,,,,,,,,,,,,,,,,,,,,,,,,,,,,,,,,,,,,,,,,,,,,,,,,,,,,,,,,,,,,,,,,,,,,,,,,,,,,,,,,,,,,,,,,,,,,,,,,,,,,,,,,,,,,,,,,,,,,,,,,,,,,,,,,,218,data/processed/clean/p044_clean.png,True,True,data/processed/masked/p044_mixed_damage_damaged.png,True,True,data/processed/masks/p044_mixed_damage_mask.png,True,True,True,True,True,ok,True,120,100,2026
p044_scratch_thin,p044,p044_scratch_thin,scratch_thin,canonical_damage_generator,2.0.0,2026-07-24T18:47:20.616478+00:00,generated,p044_clean.png,data\processed\clean\p044_clean.png,p044_scratch_thin_mask.png,data\processed\masks\p044_scratch_thin_mask.png,p044_scratch_thin_damaged.png,data\processed\masked\p044_scratch_thin_damaged.png,white_fill,255.0,255.0,255.0,7833.0,1.591142,1.328023,768,768,RGB,PNG,763801.0,ed7ed9f39aa6e8cb7b1e7f0637d18eb2cb412309cafdc7b0f166db32ea8bc9ce,2f8b839abd619d6a785073523ab118bcedbc75424d9713d8f3292e68f8934501,11b275d9014863afb80a854d6d5a489fbc7d0227c42fe531d8af4a1a87256288,ok,,1.1.0,painting_restoration_50_subset,1.0.0,04_damage_creation,The Metropolitan Museum of Art,Versailles,Auguste Renoir,high_texture_brushwork,canonical,data/processed/metadata/metadata_damaged_images.csv,canonical__p044_scratch_thin,p044_scratch_thin,p044_scratch_thin,ok,,,,,,,,,,,,,,,,,,,,,,,,,,,,,,,,,,,,,,,,,,,,,,,,,,,,,,,,,,,,,,,,,,,,,,,,,,,,,,,,,,,,,,,,,,,,,,,,,,,,,,,,,,,,,,,,,,,,,,,,,,,,,,,,,219,data/processed/clean/p044_clean.png,True,True,data/processed/masked/p044_scratch_thin_damaged.png,True,True,data/processed/masks/p044_scratch_thin_mask.png,True,True,True,True,True,ok,True,120,100,2026
p044_zero_control,p044,p044_zero_control,zero_control,canonical_damage_generator,2.0.0,2026-07-24T18:47:20.616478+00:00,generated,p044_clean.png,data\processed\clean\p044_clean.png,p044_zero_control_mask.png,data\processed\masks\p044_zero_control_mask.png,p044_zero_control_damaged.png,data\processed\masked\p044_zero_control_damaged.png,white_fill,255.0,255.0,255.0,0.0,0.0,0.0,768,768,RGB,PNG,759092.0,ed7ed9f39aa6e8cb7b1e7f0637d18eb2cb412309cafdc7b0f166db32ea8bc9ce,49e2b0f2e0dc8fe44017bdabfa19ff50311b0bdd17623355fd396afa7862f30a,ed7ed9f39aa6e8cb7b1e7f0637d18eb2cb412309cafdc7b0f166db32ea8bc9ce,ok,,1.1.0,painting_restoration_50_subset,1.0.0,04_damage_creation,The Metropolitan Museum of Art,Versailles,Auguste Renoir,high_texture_brushwork,canonical,data/processed/metadata/metadata_damaged_images.csv,canonical__p044_zero_control,p044_zero_control,p044_zero_control,ok,,,,,,,,,,,,,,,,,,,,,,,,,,,,,,,,,,,,,,,,,,,,,,,,,,,,,,,,,,,,,,,,,,,,,,,,,,,,,,,,,,,,,,,,,,,,,,,,,,,,,,,,,,,,,,,,,,,,,,,,,,,,,,,,,220,data/processed/clean/p044_clean.png,True,True,data/processed/masked/p044_zero_control_damaged.png,True,True,data/processed/masks/p044_zero_control_mask.png,True,True,True,True,True,ok,True,120,100,2026
p048_loss_large,p048,p048_loss_large,loss_large,canonical_damage_generator,2.0.0,2026-07-24T18:47:20.616478+00:00,generated,p048_clean.png,data\processed\clean\p048_clean.png,p048_loss_large_mask.png,data\processed\masks\p048_loss_large_mask.png,p048_loss_large_damaged.png,data\processed\masked\p048_loss_large_damaged.png,white_fill,255.0,255.0,255.0,69776.0,14.821234,11.82997,768,768,RGB,PNG,662058.0,693321bed03c7653dac8b9aedd5b9338ac2684e6a307a3cc926949ffbaea5ffb,6c4f280a3c17bdb44f382141b545e82bc9313c06bce3f66c703a9f6d8c46871b,1c050b94487f3866bba7716789c3b7867b8c3e4fe9cbe60f1b4e64cf4c488061,ok,,1.1.0,painting_restoration_50_subset,1.0.0,04_damage_creation,The Metropolitan Museum of Art,A Farm in Brittany,Paul Gauguin,high_texture_brushwork,canonical,data/processed/metadata/metadata_damaged_images.csv,canonical__p048_loss_large,p048_loss_large,p048_loss_large,ok,,,,,,,,,,,,,,,,,,,,,,,,,,,,,,,,,,,,,,,,,,,,,,,,,,,,,,,,,,,,,,,,,,,,,,,,,,,,,,,,,,,,,,,,,,,,,,,,,,,,,,,,,,,,,,,,,,,,,,,,,,,,,,,,,236,data/processed/clean/p048_clean.png,True,True,data/processed/masked/p048_loss_large_damaged.png,True,True,data/processed/masks/p048_loss_large_mask.png,True,True,True,True,True,ok,True,120,100,2026
p048_loss_small,p048,p048_loss_small,loss_small,canonical_damage_generator,2.0.0,2026-07-24T18:47:20.616478+00:00,generated,p048_clean.png,data\processed\clean\p048_clean.png,p048_loss_small_mask.png,data\processed\masks\p048_loss_small_mask.png,p048_loss_small_damaged.png,data\processed\masked\p048_loss_small_damaged.png,white_fill,255.0,255.0,255.0,18114.0,3.847624,3.071086,768,768,RGB,PNG,742511.0,693321bed03c7653dac8b9aedd5b9338ac2684e6a307a3cc926949ffbaea5ffb,3762c1942ce9be127ba21d735259f1279025876db657a992bbc27ec025c369ba,167d7e628de77865445b5375ea705ebcfed8b69b7869769c8cc31e3db89a5243,ok,,1.1.0,painting_restoration_50_subset,1.0.0,04_damage_creation,The Metropolitan Museum of Art,A Farm in Brittany,Paul Gauguin,high_texture_brushwork,canonical,data/processed/metadata/metadata_damaged_images.csv,canonical__p048_loss_small,p048_loss_small,p048_loss_small,ok,,,,,,,,,,,,,,,,,,,,,,,,,,,,,,,,,,,,,,,,,,,,,,,,,,,,,,,,,,,,,,,,,,,,,,,,,,,,,,,,,,,,,,,,,,,,,,,,,,,,,,,,,,,,,,,,,,,,,,,,,,,,,,,,,237,data/processed/clean/p048_clean.png,True,True,data/processed/masked/p048_loss_small_damaged.png,True,True,data/processed/masks/p048_loss_small_mask.png,True,True,True,True,True,ok,True,120,100,2026
p048_mixed_damage,p048,p048_mixed_damage,mixed_damage,canonical_damage_generator,2.0.0,2026-07-24T18:47:20.616478+00:00,generated,p048_clean.png,data\processed\clean\p048_clean.png,p048_mixed_damage_mask.png,data\processed\masks\p048_mixed_damage_mask.png,p048_mixed_damage_damaged.png,data\processed\masked\p048_mixed_damage_damaged.png,white_fill,255.0,255.0,255.0,41222.0,8.756032,6.988864,768,768,RGB,PNG,726406.0,693321bed03c7653dac8b9aedd5b9338ac2684e6a307a3cc926949ffbaea5ffb,20b389479ee31e7692784ed7199b3ef29a211bf7c9eb4150150875771df88e04,610f5b245d944bebd9f792b5329fbaca13f20a09d47c39dc17b6d2d8ce161462,ok,,1.1.0,painting_restoration_50_subset,1.0.0,04_damage_creation,The Metropolitan Museum of Art,A Farm in Brittany,Paul Gauguin,high_texture_brushwork,canonical,data/processed/metadata/metadata_damaged_images.csv,canonical__p048_mixed_damage,p048_mixed_damage,p048_mixed_damage,ok,,,,,,,,,,,,,,,,,,,,,,,,,,,,,,,,,,,,,,,,,,,,,,,,,,,,,,,,,,,,,,,,,,,,,,,,,,,,,,,,,,,,,,,,,,,,,,,,,,,,,,,,,,,,,,,,,,,,,,,,,,,,,,,,,238,data/processed/clean/p048_clean.png,True,True,data/processed/masked/p048_mixed_damage_damaged.png,True,True,data/processed/masks/p048_mixed_damage_mask.png,True,True,True,True,True,ok,True,120,100,2026
p048_scratch_thin,p048,p048_scratch_thin,scratch_thin,canonical_damage_generator,2.0.0,2026-07-24T18:47:20.616478+00:00,generated,p048_clean.png,data\processed\clean\p048_clean.png,p048_scratch_thin_mask.png,data\processed\masks\p048_scratch_thin_mask.png,p048_scratch_thin_damaged.png,data\processed\masked\p048_scratch_thin_damaged.png,white_fill,255.0,255.0,255.0,8085.0,1.717348,1.370748,768,768,RGB,PNG,769134.0,693321bed03c7653dac8b9aedd5b9338ac2684e6a307a3cc926949ffbaea5ffb,daa94e3f1ffa31c28181d18dbfc8a33acd26e995c355270f17958f0bfcc9a7cc,7b4016cb5b3ce3757b1aa1b93ab5a5ef90d313ccc769975319ad2589fa54b091,ok,,1.1.0,painting_restoration_50_subset,1.0.0,04_damage_creation,The Metropolitan Museum of Art,A Farm in Brittany,Paul Gauguin,high_texture_brushwork,canonical,data/processed/metadata/metadata_damaged_images.csv,canonical__p048_scratch_thin,p048_scratch_thin,p048_scratch_thin,ok,,,,,,,,,,,,,,,,,,,,,,,,,,,,,,,,,,,,,,,,,,,,,,,,,,,,,,,,,,,,,,,,,,,,,,,,,,,,,,,,,,,,,,,,,,,,,,,,,,,,,,,,,,,,,,,,,,,,,,,,,,,,,,,,,239,data/processed/clean/p048_clean.png,True,True,data/processed/masked/p048_scratch_thin_damaged.png,True,True,data/processed/masks/p048_scratch_thin_mask.png,True,True,True,True,True,ok,True,120,100,2026
p048_zero_control,p048,p048_zero_control,zero_control,canonical_damage_generator,2.0.0,2026-07-24T18:47:20.616478+00:00,generated,p048_clean.png,data\processed\clean\p048_clean.png,p048_zero_control_mask.png,data\processed\masks\p048_zero_control_mask.png,p048_zero_control_damaged.png,data\processed\masked\p048_zero_control_damaged.png,white_fill,255.0,255.0,255.0,0.0,0.0,0.0,768,768,RGB,PNG,766772.0,693321bed03c7653dac8b9aedd5b9338ac2684e6a307a3cc926949ffbaea5ffb,49e2b0f2e0dc8fe44017bdabfa19ff50311b0bdd17623355fd396afa7862f30a,693321bed03c7653dac8b9aedd5b9338ac2684e6a307a3cc926949ffbaea5ffb,ok,,1.1.0,painting_restoration_50_subset,1.0.0,04_damage_creation,The Metropolitan Museum of Art,A Farm in Brittany,Paul Gauguin,high_texture_brushwork,canonical,data/processed/metadata/metadata_damaged_images.csv,canonical__p048_zero_control,p048_zero_control,p048_zero_control,ok,,,,,,,,,,,,,,,,,,,,,,,,,,,,,,,,,,,,,,,,,,,,,,,,,,,,,,,,,,,,,,,,,,,,,,,,,,,,,,,,,,,,,,,,,,,,,,,,,,,,,,,,,,,,,,,,,,,,,,,,,,,,,,,,,240,data/processed/clean/p048_clean.png,True,True,data/processed/masked/p048_zero_control_damaged.png,True,True,data/processed/masks/p048_zero_control_mask.png,True,True,True,True,True,ok,True,120,100,2026
p001__loss_large__size_10pct,p001,,loss_large,damage_size_sensitivity,1.1.0,2026-07-24T20:32:22.406177+00:00,generated,,data/processed/clean/p001_clean.png,,data/processed/masks/damage_size_sensitivity/p001__loss_large__size_10pct_mask.png,p001__loss_large__size_10pct_damaged.png,data/processed/damaged/damage_size_sensitivity/p001__loss_large__size_10pct_damaged.png,constant_rgb,255.0,255.0,255.0,,,,768,768,,,653852.0,b5852f0337c8342a1a70268f9e9f682534177581d238713f67bf28e0033482a2,,875e372d35488bc485bedbe62a16fc59a02d779a6440db81c1e101eae2290f39,ok,,1.1.0,painting_restoration_50_subset,1.0.0,05_damage_size_sensitivity,The Metropolitan Museum of Art,Juan de Pareja,Diego Velázquez,portrait_figure,damage_size_sensitivity,data/processed/metadata/metadata_damage_size_sensitivity.csv,damage_size_sensitivity__p001_loss_large_size_10pct,p001__loss_large__size_10pct,p001__loss_large__size_10pct,ok,p001_loss_large,loss_large,p001__loss_large__size_10pct__mask,10.0,50918.0,50905.0,9.997368338360983,8.630540635850695,-0.0026316616390147,0.0026316616390147,13.0,0.8587400104916972,69018.0,13.554628582202112,11.701456705729166,509184.0,52.0,0.0,715.0,768.0,1367668169.0,20260505.0,data/processed/masks/p001_loss_large_mask.png,p001__loss_large__size_10pct_mask.png,data/processed/masks/damage_size_sensitivity/p001__loss_large__size_10pct_mask.png,0c3aa0f9d930a7b8405439b8ec04e899f72bbe219472b0fa155dfa00afb20aad,7d20b0c2c6ee6afa540dc5bdc0f837f61f8eba0c66db8d56eb60fb1f7ded205e,2402.0,2026-07-24T20:32:19.955682+00:00,2026-07-24T20:32:36.343652+00:00,,,,,,,,,,,,,,,,,,,,,,,,,,,,,,,,,,,,,,,,,,,,,,,,,,,,,,,,,,,,,,,,,,,,,,,,,,,,,,,,,,,,,,,,,,,,,,,,,,,255,data/processed/clean/p001_clean.png,True,True,data/processed/damaged/damage_size_sensitivity/p001__loss_large__size_10pct_damaged.png,True,True,data/processed/masks/damage_size_sensitivity/p001__loss_large__size_10pct_mask.png,True,True,True,True,True,ok,True,120,100,2026
p018__loss_large__size_10pct,p018,,loss_large,damage_size_sensitivity,1.1.0,2026-07-24T20:32:26.070941+00:00,generated,,data/processed/clean/p018_clean.png,,data/processed/masks/damage_size_sensitivity/p018__loss_large__size_10pct_mask.png,p018__loss_large__size_10pct_damaged.png,data/processed/damaged/damage_size_sensitivity/p018__loss_large__size_10pct_damaged.png,constant_rgb,255.0,255.0,255.0,,,,768,768,,,482808.0,3e223322b3ca2c6f52ebe54a266991be897dd8d6c670ad52393f3262e15574ac,,8bd85be641ba6413f55cb008f03bfe5330f12c05eff24d7dd0590f594ac1da58,ok,,1.1.0,painting_restoration_50_subset,1.0.0,05_damage_size_sensitivity,The Metropolitan Museum of Art,Classical Landscape with Figures,Henri Mauperché,landscape_natural,damage_size_sensitivity,data/processed/metadata/metadata_damage_size_sensitivity.csv,damage_size_sensitivity__p018_loss_large_size_10pct,p018__loss_large__size_10pct,p018__loss_large__size_10pct,ok,p018_loss_large,loss_large,p018__loss_large__size_10pct__mask,10.0,38938.0,38979.0,10.010632396449704,6.60858154296875,0.0106323964497043,0.0106323964497043,41.0,0.959402548369255,42285.0,10.85968318540434,7.169087727864583,389376.0,0.0,130.0,768.0,637.0,115339684.0,20260505.0,data/processed/masks/p018_loss_large_mask.png,p018__loss_large__size_10pct_mask.png,data/processed/masks/damage_size_sensitivity/p018__loss_large__size_10pct_mask.png,92d98bfddf10642e2801429a64d7dd7660a89c5c00aa08b3b197e881486711a0,40e864bfaef8ae761b580bcd0b24684d36e2db85004a68244fdfca4f3f545836,2368.0,2026-07-24T20:32:19.955682+00:00,2026-07-24T20:32:36.343652+00:00,,,,,,,,,,,,,,,,,,,,,,,,,,,,,,,,,,,,,,,,,,,,,,,,,,,,,,,,,,,,,,,,,,,,,,,,,,,,,,,,,,,,,,,,,,,,,,,,,,,262,data/processed/clean/p018_clean.png,True,True,data/processed/damaged/damage_size_sensitivity/p018__loss_large__size_10pct_damaged.png,True,True,data/processed/masks/damage_size_sensitivity/p018__loss_large__size_10pct_mask.png,True,True,True,True,True,ok,True,120,100,2026
p026__loss_large__size_10pct,p026,,loss_large,damage_size_sensitivity,1.1.0,2026-07-24T20:32:28.862733+00:00,generated,,data/processed/clean/p026_clean.png,,data/processed/masks/damage_size_sensitivity/p026__loss_large__size_10pct_mask.png,p026__loss_large__size_10pct_damaged.png,data/processed/damaged/damage_size_sensitivity/p026__loss_large__size_10pct_damaged.png,constant_rgb,255.0,255.0,255.0,,,,768,768,,,697483.0,48819acb8a3147c0230f636c58eaaa127b2bdde3b71bb7e4f101b4e2ac97b3ee,,4a3145aaaaa579b1bc89b9bf6625de1a0e96f5d7dac2f49523bef7629cf29b4d,ok,,1.1.0,painting_restoration_50_subset,1.0.0,05_damage_size_sensitivity,Rijksmuseum,View of a Village along a River,attributed to Jan Brueghel I,architecture_structured,damage_size_sensitivity,data/processed/metadata/metadata_damage_size_sensitivity.csv,damage_size_sensitivity__p026_loss_large_size_10pct,p026__loss_large__size_10pct,p026__loss_large__size_10pct,ok,p026_loss_large,loss_large,p026__loss_large__size_10pct__mask,10.0,40627.0,40622.0,9.998720069313167,6.887139214409722,-0.0012799306868309,0.0012799306868309,5.0,0.8780776694147632,52670.0,12.964221014492754,8.92978244357639,406272.0,0.0,119.0,768.0,648.0,2820786575.0,20260505.0,data/processed/masks/p026_loss_large_mask.png,p026__loss_large__size_10pct_mask.png,data/processed/masks/damage_size_sensitivity/p026__loss_large__size_10pct_mask.png,8ef7cd4b93472ee54a398d00371049aa7208ab828d6a838dc40f7590546bec90,8501d0097c0b75dafbc9832e475eb0d9e0041cedfeed28e4145e3711a4558d5d,2315.0,2026-07-24T20:32:19.955682+00:00,2026-07-24T20:32:36.343652+00:00,,,,,,,,,,,,,,,,,,,,,,,,,,,,,,,,,,,,,,,,,,,,,,,,,,,,,,,,,,,,,,,,,,,,,,,,,,,,,,,,,,,,,,,,,,,,,,,,,,,269,data/processed/clean/p026_clean.png,True,True,data/processed/damaged/damage_size_sensitivity/p026__loss_large__size_10pct_damaged.png,True,True,data/processed/masks/damage_size_sensitivity/p026__loss_large__size_10pct_mask.png,True,True,True,True,True,ok,True,120,100,2026
p039__loss_large__size_10pct,p039,,loss_large,damage_size_sensitivity,1.1.0,2026-07-24T20:32:31.694594+00:00,generated,,data/processed/clean/p039_clean.png,,data/processed/masks/damage_size_sensitivity/p039__loss_large__size_10pct_mask.png,p039__loss_large__size_10pct_damaged.png,data/processed/damaged/damage_size_sensitivity/p039__loss_large__size_10pct_damaged.png,constant_rgb,255.0,255.0,255.0,,,,768,768,,,651491.0,adc7c740921e37111c263492b14ccf28e00ec71749fd54ff92a6a8b1440b58f2,,d872eebd0f1706057ef21a3b3cf8291c23f3076361f1c9fb63f59d2a71207d15,ok,,1.1.0,painting_restoration_50_subset,1.0.0,05_damage_size_sensitivity,Art Institute of Chicago,Painting with Troika,Wassily Kandinsky,abstraction_surrealism,damage_size_sensitivity,data/processed/metadata/metadata_damage_size_sensitivity.csv,damage_size_sensitivity__p039_loss_large_size_10pct,p039__loss_large__size_10pct,p039__loss_large__size_10pct,ok,p039_loss_large,loss_large,p039__loss_large__size_10pct__mask,10.0,43315.0,43405.0,10.020731752364066,7.358974880642361,0.0207317523640657,0.0207317523640657,90.0,0.958079367816994,47259.0,10.91048869680851,8.01239013671875,433152.0,0.0,102.0,768.0,666.0,2859847220.0,20260505.0,data/processed/masks/p039_loss_large_mask.png,p039__loss_large__size_10pct_mask.png,data/processed/masks/damage_size_sensitivity/p039__loss_large__size_10pct_mask.png,b0cc38b754bcb08838e9d308f4bdaff1345a4c4669625ed00e6bb833dcdb4ac2,f7e36fe2d60e6908ddc247e81eefaf6eaefd576fbcc0e70f7489820a3a21b07e,2434.0,2026-07-24T20:32:19.955682+00:00,2026-07-24T20:32:36.343652+00:00,,,,,,,,,,,,,,,,,,,,,,,,,,,,,,,,,,,,,,,,,,,,,,,,,,,,,,,,,,,,,,,,,,,,,,,,,,,,,,,,,,,,,,,,,,,,,,,,,,,276,data/processed/clean/p039_clean.png,True,True,data/processed/damaged/damage_size_sensitivity/p039__loss_large__size_10pct_damaged.png,True,True,data/processed/masks/damage_size_sensitivity/p039__loss_large__size_10pct_mask.png,True,True,True,True,True,ok,True,120,100,2026
p043__loss_large__size_10pct,p043,,loss_large,damage_size_sensitivity,1.1.0,2026-07-24T20:32:34.976571+00:00,generated,,data/processed/clean/p043_clean.png,,data/processed/masks/damage_size_sensitivity/p043__loss_large__size_10pct_mask.png,p043__loss_large__size_10pct_damaged.png,data/processed/damaged/damage_size_sensitivity/p043__loss_large__size_10pct_damaged.png,constant_rgb,255.0,255.0,255.0,,,,768,768,,,702223.0,e18e79fb0a876169e1a315935be5e67a403e0c089c60841a2f34e1b6ba3b3fcd,,7a8ecbb7961107b4d697645ff2ed759ec4367dba6640249033b25239c415eca9,ok,,1.1.0,painting_restoration_50_subset,1.0.0,05_damage_size_sensitivity,The Metropolitan Museum of Art,The Card Players,Paul Cézanne,high_texture_brushwork,damage_size_sensitivity,data/processed/metadata/metadata_damage_size_sensitivity.csv,damage_size_sensitivity__p043_loss_large_size_10pct,p043__loss_large__size_10pct,p043__loss_large__size_10pct,ok,p043_loss_large,loss_large,p043__loss_large__size_10pct__mask,10.0,46925.0,46880.0,9.990452809601743,7.948133680555555,-0.0095471903982549,0.0095471903982549,45.0,0.8523556958870045,64562.0,13.758609519912712,10.94597710503472,469248.0,0.0,78.0,768.0,689.0,2187747938.0,20260505.0,data/processed/masks/p043_loss_large_mask.png,p043__loss_large__size_10pct_mask.png,data/processed/masks/damage_size_sensitivity/p043__loss_large__size_10pct_mask.png,778b36c89809554fb43d72cd5b33bd65aeaafb2e73d741b04cec6cc3155714b6,10ab4ea09b9964384c4b4ea30dee9e34940f70598cd4409344986ecf023aa550,2162.0,2026-07-24T20:32:19.955682+00:00,2026-07-24T20:32:36.343652+00:00,,,,,,,,,,,,,,,,,,,,,,,,,,,,,,,,,,,,,,,,,,,,,,,,,,,,,,,,,,,,,,,,,,,,,,,,,,,,,,,,,,,,,,,,,,,,,,,,,,,283,data/processed/clean/p043_clean.png,True,True,data/processed/damaged/damage_size_sensitivity/p043__loss_large__size_10pct_damaged.png,True,True,data/processed/masks/damage_size_sensitivity/p043__loss_large__size_10pct_mask.png,True,True,True,True,True,ok,True,120,100,2026
p001__loss_large__variant_05,p001,,loss_large,mask_robustness,1.1.0,2026-07-24T22:43:39.838511+00:00,generated,,data/processed/clean/p001_clean.png,p001__loss_large__variant_05_mask.png,data/processed/masks/mask_robustness/p001__loss_large__variant_05_mask.png,p001__loss_large__variant_05_damaged.png,data/processed/damaged/mask_robustness/p001__loss_large__variant_05_damaged.png,constant_rgb,255.0,255.0,255.0,,,,768,768,,,640108.0,b5852f0337c8342a1a70268f9e9f682534177581d238713f67bf28e0033482a2,a1bf0cf84170f5550885baa7be396bd1102dd691527fb26543dfab3201dc708d,e253beda6803e6db3c2881b3069d9ea91d73c0e05495e6b6b518e96b54172fc5,ok,,1.1.0,painting_restoration_50_subset,1.0.0,06_mask_robustness,The Metropolitan Museum of Art,Juan de Pareja,Diego Velázquez,portrait_figure,mask_robustness,data/processed/metadata/metadata_mask_robustness.csv,mask_robustness__p001_loss_large_variant_05,p001__loss_large__variant_05,p001__loss_large__variant_05,ok,,loss_large,,12.5,63648.0,63643.0,12.49901803670186,,-0.0009819632981393,0.0009819632981393,,1.2592864949100528,,,,509184.0,,,,,,20260606.0,,,,,,,2026-07-24T22:42:26.283360+00:00,,p001__loss_large__variant_05,p001__loss_large,0.0,2.0,5.0,3990620007.0,594704418.0,1178331872.0,1.0,2187058687.0,20.0,0.5,40119.0,52.0,0.0,715.0,768.0,589824.0,80640.0,63643.0,63643.0,0.0,12.499018,10.790168,314.0,142.0,677.0,439.0,363.0,297.0,107811.0,0.59032,1.222222,1.0,63643.0,63643.0,63643.0,63643.0,0.0,1.0,0.196393,1.222222,1.222222,False,38.0,502.4915858774728,281.7088289364109,0.6805008850112882,0.3672866087828043,top_right,0.5475113122171946,0.38671875,0.2117328902714932,False,False,False,False,2419.0,canonical_synthetic_damage_masks,2.0.0,2026-07-24T22:45:40.751505+00:00,194.468145,,,,,,,,,,,,,,,,,,,,,,,,,,,,,,,,,,,,,290,data/processed/clean/p001_clean.png,True,True,data/processed/damaged/mask_robustness/p001__loss_large__variant_05_damaged.png,True,True,data/processed/masks/mask_robustness/p001__loss_large__variant_05_mask.png,True,True,True,True,True,ok,True,120,100,2026
p001__loss_small__variant_05,p001,,loss_small,mask_robustness,1.1.0,2026-07-24T22:43:34.267924+00:00,generated,,data/processed/clean/p001_clean.png,p001__loss_small__variant_05_mask.png,data/processed/masks/mask_robustness/p001__loss_small__variant_05_mask.png,p001__loss_small__variant_05_damaged.png,data/processed/damaged/mask_robustness/p001__loss_small__variant_05_damaged.png,constant_rgb,255.0,255.0,255.0,,,,768,768,,,696193.0,b5852f0337c8342a1a70268f9e9f682534177581d238713f67bf28e0033482a2,0bce88a8427918d2db1a7551bd2288fd1ce00b72c5d07bc8f9a5aca33da4ed5e,9a8b4bb5910da172ab404301e446e6e738ae95f17481acd909e42e29518615e8,ok,,1.1.0,painting_restoration_50_subset,1.0.0,06_mask_robustness,The Metropolitan Museum of Art,Juan de Pareja,Diego Velázquez,portrait_figure,mask_robustness,data/processed/metadata/metadata_mask_robustness.csv,mask_robustness__p001_loss_small_variant_05,p001__loss_small__variant_05,p001__loss_small__variant_05,ok,,loss_small,,4.5,22913.0,22900.0,4.497391905480141,,-0.0026080945198589,0.0026080945198589,,1.338698465029609,,,,509184.0,,,,,,20260606.0,,,,,,,2026-07-24T22:42:26.283360+00:00,,p001__loss_small__variant_05,p001__loss_small,0.0,1.0,5.0,3990620007.0,2690705269.0,2518876798.0,2.0,139472596.0,20.0,0.5,12780.0,52.0,0.0,715.0,768.0,589824.0,80640.0,22900.0,22900.0,0.0,4.497392,3.882514,52.0,45.0,650.0,420.0,598.0,375.0,224250.0,0.102118,1.594667,4.0,9513.0,3912.0,5725.0,4737.5,2213.301041,0.415415,0.785571,1.222426,1.306667,True,0.0,285.1083406113537,223.3668995633188,0.3521274027361838,0.2912215118165825,top_left,0.9019607843137256,0.48828125,0.4404105392156863,True,False,False,False,2853.0,canonical_synthetic_damage_masks,2.0.0,2026-07-24T22:45:40.751505+00:00,194.468145,,,,,,,,,,,,,,,,,,,,,,,,,,,,,,,,,,,,,295,data/processed/clean/p001_clean.png,True,True,data/processed/damaged/mask_robustness/p001__loss_small__variant_05_damaged.png,True,True,data/processed/masks/mask_robustness/p001__loss_small__variant_05_mask.png,True,True,True,True,True,ok,True,120,100,2026
p001__scratch_thin__variant_05,p001,,scratch_thin,mask_robustness,1.1.0,2026-07-24T22:42:53.011871+00:00,generated,,data/processed/clean/p001_clean.png,p001__scratch_thin__variant_05_mask.png,data/processed/masks/mask_robustness/p001__scratch_thin__variant_05_mask.png,p001__scratch_thin__variant_05_damaged.png,data/processed/damaged/mask_robustness/p001__scratch_thin__variant_05_damaged.png,constant_rgb,255.0,255.0,255.0,,,,768,768,,,729570.0,b5852f0337c8342a1a70268f9e9f682534177581d238713f67bf28e0033482a2,91e41b5fa4bab40575e36633c9a7497ea7cb9bebb94a4bf2b39b26d818ff9dd0,a95c21a0bbbc6c0de8f88920fb721707c36d484f513c35765f7c70208b2e36f8,ok,,1.1.0,painting_restoration_50_subset,1.0.0,06_mask_robustness,The Metropolitan Museum of Art,Juan de Pareja,Diego Velázquez,portrait_figure,mask_robustness,data/processed/metadata/metadata_mask_robustness.csv,mask_robustness__p001_scratch_thin_variant_05,p001__scratch_thin__variant_05,p001__scratch_thin__variant_05,ok,,scratch_thin,,2.0,10184.0,10152.0,1.9937782805429864,,-0.0062217194570135,0.0062217194570135,,1.0192995822824291,,,,509184.0,,,,,,20260606.0,,,,,,,2026-07-24T22:42:26.283360+00:00,,p001__scratch_thin__variant_05,p001__scratch_thin,0.0,0.0,5.0,3990620007.0,1103903776.0,4184710136.0,1.0,2470278695.0,20.0,0.5,9802.0,52.0,0.0,715.0,768.0,589824.0,80640.0,10152.0,10152.0,0.0,1.993778,1.721191,83.0,3.0,715.0,768.0,632.0,765.0,483480.0,0.020998,1.210443,5.0,4979.0,827.0,2030.4,1375.0,1496.415664,0.490445,0.981963,2.007754,4.431818,True,0.0,475.3132387706856,434.08067375886526,0.6394459800161414,0.5659461196334619,bottom_right,0.9532428355957768,0.99609375,0.9495192307692308,False,True,False,True,7186.0,canonical_synthetic_damage_masks,2.0.0,2026-07-24T22:45:40.751505+00:00,194.468145,,,,,,,,,,,,,,,,,,,,,,,,,,,,,,,,,,,,,300,data/processed/clean/p001_clean.png,True,True,data/processed/damaged/mask_robustness/p001__scratch_thin__variant_05_damaged.png,True,True,data/processed/masks/mask_robustness/p001__scratch_thin__variant_05_mask.png,True,True,True,True,True,ok,True,120,100,2026
p018__loss_large__variant_05,p018,,loss_large,mask_robustness,1.1.0,2026-07-24T22:44:04.666844+00:00,generated,,data/processed/clean/p018_clean.png,p018__loss_large__variant_05_mask.png,data/processed/masks/mask_robustness/p018__loss_large__variant_05_mask.png,p018__loss_large__variant_05_damaged.png,data/processed/damaged/mask_robustness/p018__loss_large__variant_05_damaged.png,constant_rgb,255.0,255.0,255.0,,,,768,768,,,469072.0,3e223322b3ca2c6f52ebe54a266991be897dd8d6c670ad52393f3262e15574ac,7b9a52038ad404cb81f179cabcbd34a81ffb46ee087ae11fe616becbbbddb939,3be8ffcb5d1d625614fd0d7bcf93fab235263c89b9cd70fe22bc1d77b78eb477,ok,,1.1.0,painting_restoration_50_subset,1.0.0,06_mask_robustness,The Metropolitan Museum of Art,Classical Landscape with Figures,Henri Mauperché,landscape_natural,mask_robustness,data/processed/metadata/metadata_mask_robustness.csv,mask_robustness__p018_loss_large_variant_05,p018__loss_large__variant_05,p018__loss_large__variant_05,ok,,loss_large,,12.5,48672.0,48678.0,12.501540927021695,,0.001540927021697,0.001540927021697,,0.7546755615433944,,,,389376.0,,,,,,20260606.0,,,,,,,2026-07-24T22:42:26.283360+00:00,,p018__loss_large__variant_05,p018__loss_large,1.0,2.0,5.0,1330909966.0,1364773333.0,3975373621.0,1.0,1486656414.0,20.0,0.5,85587.0,0.0,130.0,768.0,637.0,589824.0,200448.0,48678.0,48678.0,0.0,12.501541,8.25297,157.0,209.0,604.0,469.0,447.0,260.0,116220.0,0.418844,1.719231,2.0,26230.0,22448.0,24339.0,24339.0,1891.0,0.538847,0.513642,1.116766,1.233533,False,79.0,363.0929988906693,325.7298368873002,0.4733937404050447,0.3868178594610676,top_left,0.58203125,0.5128205128205128,0.2984775641025641,False,False,False,False,2685.0,canonical_synthetic_damage_masks,2.0.0,2026-07-24T22:45:40.751505+00:00,194.468145,,,,,,,,,,,,,,,,,,,,,,,,,,,,,,,,,,,,,305,data/processed/clean/p018_clean.png,True,True,data/processed/damaged/mask_robustness/p018__loss_large__variant_05_damaged.png,True,True,data/processed/masks/mask_robustness/p018__loss_large__variant_05_mask.png,True,True,True,True,True,ok,True,120,100,2026
p018__loss_small__variant_05,p018,,loss_small,mask_robustness,1.1.0,2026-07-24T22:44:00.295823+00:00,generated,,data/processed/clean/p018_clean.png,p018__loss_small__variant_05_mask.png,data/processed/masks/mask_robustness/p018__loss_small__variant_05_mask.png,p018__loss_small__variant_05_damaged.png,data/processed/damaged/mask_robustness/p018__loss_small__variant_05_damaged.png,constant_rgb,255.0,255.0,255.0,,,,768,768,,,512788.0,3e223322b3ca2c6f52ebe54a266991be897dd8d6c670ad52393f3262e15574ac,73949b0d0760260faba19ebcfc950103c88f869366e5ab711988f68ee4294de9,bea81f8928546a67ada59d7a3041fbb2555b3b81758b16d66dff11a2d4fd818f,ok,,1.1.0,painting_restoration_50_subset,1.0.0,06_mask_robustness,The Metropolitan Museum of Art,Classical Landscape with Figures,Henri Mauperché,landscape_natural,mask_robustness,data/processed/metadata/metadata_mask_robustness.csv,mask_robustness__p018_loss_small_variant_05,p018__loss_small__variant_05,p018__loss_small__variant_05,ok,,loss_small,,4.5,17522.0,17483.0,4.490004520052597,,-0.0099954799474026,0.0099954799474026,,1.0825082699837143,,,,389376.0,,,,,,20260606.0,,,,,,,2026-07-24T22:42:26.283360+00:00,,p018__loss_small__variant_05,p018__loss_small,1.0,1.0,5.0,1330909966.0,1167556298.0,1613213489.0,1.0,307619405.0,20.0,0.5,14932.0,0.0,130.0,768.0,637.0,589824.0,200448.0,17483.0,17483.0,0.0,4.490005,2.964105,60.0,199.0,627.0,613.0,567.0,414.0,234738.0,0.074479,1.369565,7.0,4013.0,11.0,2497.571429,2692.0,1133.413158,0.229537,1.797748,1.173148,1.25,False,24.0,326.5231367614254,388.9844420294,0.4257146502756524,0.5118269605324111,bottom_left,0.73828125,0.8165680473372781,0.6028568786982249,False,False,False,False,3074.0,canonical_synthetic_damage_masks,2.0.0,2026-07-24T22:45:40.751505+00:00,194.468145,,,,,,,,,,,,,,,,,,,,,,,,,,,,,,,,,,,,,310,data/processed/clean/p018_clean.png,True,True,data/processed/damaged/mask_robustness/p018__loss_small__variant_05_damaged.png,True,True,data/processed/masks/mask_robustness/p018__loss_small__variant_05_mask.png,True,True,True,True,True,ok,True,120,100,2026
p018__scratch_thin__variant_05,p018,,scratch_thin,mask_robustness,1.1.0,2026-07-24T22:43:49.694015+00:00,generated,,data/processed/clean/p018_clean.png,p018__scratch_thin__variant_05_mask.png,data/processed/masks/mask_robustness/p018__scratch_thin__variant_05_mask.png,p018__scratch_thin__variant_05_damaged.png,data/processed/damaged/mask_robustness/p018__scratch_thin__variant_05_damaged.png,constant_rgb,255.0,255.0,255.0,,,,768,768,,,543511.0,3e223322b3ca2c6f52ebe54a266991be897dd8d6c670ad52393f3262e15574ac,e97b11308862216762eba3d9973e35bd18ef19127d56e353b4b4421345533826,59d83bf27c1ded0f3800fb30c792e6ab9ca49b6eaddb4ac5f0fa722e166aebec,ok,,1.1.0,painting_restoration_50_subset,1.0.0,06_mask_robustness,The Metropolitan Museum of Art,Classical Landscape with Figures,Henri Mauperché,landscape_natural,mask_robustness,data/processed/metadata/metadata_mask_robustness.csv,mask_robustness__p018_scratch_thin_variant_05,p018__scratch_thin__variant_05,p018__scratch_thin__variant_05,ok,,scratch_thin,,2.0,7788.0,7782.0,1.9985823471400397,,-0.0014176528599605,0.0014176528599605,,0.751863196411376,,,,389376.0,,,,,,20260606.0,,,,,,,2026-07-24T22:42:26.283360+00:00,,p018__scratch_thin__variant_05,p018__scratch_thin,1.0,0.0,5.0,1330909966.0,1056229519.0,93465389.0,1.0,3607862558.0,20.0,0.5,13718.0,0.0,130.0,768.0,637.0,589824.0,200448.0,7782.0,7782.0,0.0,1.998582,1.319377,73.0,206.0,650.0,587.0,577.0,381.0,219837.0,0.035399,1.514436,24.0,3501.0,1.0,324.25,11.5,807.487268,0.449884,6.163708,2.896206,11.666667,False,50.0,344.145078386019,407.7242354150604,0.4486898023285776,0.5488621253262063,bottom_left,0.7513020833333334,0.7514792899408284,0.5645879561143984,False,False,False,False,5906.0,canonical_synthetic_damage_masks,2.0.0,2026-07-24T22:45:40.751505+00:00,194.468145,,,,,,,,,,,,,,,,,,,,,,,,,,,,,,,,,,,,,315,data/processed/clean/p018_clean.png,True,True,data/processed/damaged/mask_robustness/p018__scratch_thin__variant_05_damaged.png,True,True,data/processed/masks/mask_robustness/p018__scratch_thin__variant_05_mask.png,True,True,True,True,True,ok,True,120,100,2026
p026__loss_large__variant_05,p026,,loss_large,mask_robustness,1.1.0,2026-07-24T22:44:37.244185+00:00,generated,,data/processed/clean/p026_clean.png,p026__loss_large__variant_05_mask.png,data/processed/masks/mask_robustness/p026__loss_large__variant_05_mask.png,p026__loss_large__variant_05_damaged.png,data/processed/damaged/mask_robustness/p026__loss_large__variant_05_damaged.png,constant_rgb,255.0,255.0,255.0,,,,768,768,,,659216.0,48819acb8a3147c0230f636c58eaaa127b2bdde3b71bb7e4f101b4e2ac97b3ee,ac1812c814505590b041d5462008d5dcb4f756405fe0335d8483a8e8cf15d6d6,122e331b222fbc44704ec189d63062b463a86cd3cd3c1bef121ef95abc6944c3,ok,,1.1.0,painting_restoration_50_subset,1.0.0,06_mask_robustness,Rijksmuseum,View of a Village along a River,attributed to Jan Brueghel I,architecture_structured,mask_robustness,data/processed/metadata/metadata_mask_robustness.csv,mask_robustness__p026_loss_large_variant_05,p026__loss_large__variant_05,p026__loss_large__variant_05,ok,,loss_large,,12.5,50784.0,50704.0,12.480308758664146,,-0.0196912413358543,0.0196912413358543,,0.7886379884893896,,,,406272.0,,,,,,20260606.0,,,,,,,2026-07-24T22:42:26.283360+00:00,,p026__loss_large__variant_05,p026__loss_large,2.0,2.0,5.0,33148239.0,3103620941.0,706600162.0,1.0,2092119439.0,20.0,0.5,81618.0,0.0,119.0,768.0,648.0,589824.0,183552.0,50704.0,50704.0,0.0,12.480309,8.596463,192.0,202.0,433.0,557.0,241.0,355.0,85555.0,0.592648,1.473029,1.0,50704.0,50704.0,50704.0,50704.0,0.0,1.0,0.246141,1.473029,1.473029,False,83.0,304.5292679078574,388.6916022404544,0.3970394627221087,0.5107795496978303,bottom_left,0.3138020833333333,0.6710775047258979,0.2105855190611216,False,False,False,False,2873.0,canonical_synthetic_damage_masks,2.0.0,2026-07-24T22:45:40.751505+00:00,194.468145,,,,,,,,,,,,,,,,,,,,,,,,,,,,,,,,,,,,,320,data/processed/clean/p026_clean.png,True,True,data/processed/damaged/mask_robustness/p026__loss_large__variant_05_damaged.png,True,True,data/processed/masks/mask_robustness/p026__loss_large__variant_05_mask.png,True,True,True,True,True,ok,True,120,100,2026
p026__loss_small__variant_05,p026,,loss_small,mask_robustness,1.1.0,2026-07-24T22:44:33.142058+00:00,generated,,data/processed/clean/p026_clean.png,p026__loss_small__variant_05_mask.png,data/processed/masks/mask_robustness/p026__loss_small__variant_05_mask.png,p026__loss_small__variant_05_damaged.png,data/processed/damaged/mask_robustness/p026__loss_small__variant_05_damaged.png,constant_rgb,255.0,255.0,255.0,,,,768,768,,,729259.0,48819acb8a3147c0230f636c58eaaa127b2bdde3b71bb7e4f101b4e2ac97b3ee,07b19e090ac98b78e861daf22cb571ebf43317965f39c84d21d558391e12e3c5,90268e186541c805b0fc3605cbbfebac6b54086889044a94fe81c307945e3a17,ok,,1.1.0,painting_restoration_50_subset,1.0.0,06_mask_robustness,Rijksmuseum,View of a Village along a River,attributed to Jan Brueghel I,architecture_structured,mask_robustness,data/processed/metadata/metadata_mask_robustness.csv,mask_robustness__p026_loss_small_variant_05,p026__loss_small__variant_05,p026__loss_small__variant_05,ok,,loss_small,,4.5,18282.0,18265.0,4.495756537492124,,-0.0042434625078762,0.0042434625078762,,1.3799117721912322,,,,406272.0,,,,,,20260606.0,,,,,,,2026-07-24T22:42:26.283360+00:00,,p026__loss_small__variant_05,p026__loss_small,2.0,1.0,5.0,33148239.0,3335137162.0,235646568.0,1.0,1464710319.0,20.0,0.5,9597.0,0.0,119.0,768.0,648.0,589824.0,183552.0,18265.0,18265.0,0.0,4.495757,3.096686,249.0,260.0,768.0,606.0,519.0,346.0,179574.0,0.101713,1.5,4.0,5846.0,3178.0,4566.25,4620.5,977.707107,0.320066,0.984562,1.084742,1.147368,True,0.0,513.2683821516562,402.1372570490008,0.6691895464819507,0.536244805017047,bottom_right,0.67578125,0.6540642722117203,0.4420043714555766,False,True,False,False,2377.0,canonical_synthetic_damage_masks,2.0.0,2026-07-24T22:45:40.751505+00:00,194.468145,,,,,,,,,,,,,,,,,,,,,,,,,,,,,,,,,,,,,325,data/processed/clean/p026_clean.png,True,True,data/processed/damaged/mask_robustness/p026__loss_small__variant_05_damaged.png,True,True,data/processed/masks/mask_robustness/p026__loss_small__variant_05_mask.png,True,True,True,True,True,ok,True,120,100,2026
p026__scratch_thin__variant_05,p026,,scratch_thin,mask_robustness,1.1.0,2026-07-24T22:44:21.030293+00:00,generated,,data/processed/clean/p026_clean.png,p026__scratch_thin__variant_05_mask.png,data/processed/masks/mask_robustness/p026__scratch_thin__variant_05_mask.png,p026__scratch_thin__variant_05_damaged.png,data/processed/damaged/mask_robustness/p026__scratch_thin__variant_05_damaged.png,constant_rgb,255.0,255.0,255.0,,,,768,768,,,757892.0,48819acb8a3147c0230f636c58eaaa127b2bdde3b71bb7e4f101b4e2ac97b3ee,8160719866717413daa89d220c1c605285a7948b5be4627537b497286846f463,8cdb1abbfa9b44dc8c72702521b0d52366a3923c00fdc38855c3c11da2c08f33,ok,,1.1.0,painting_restoration_50_subset,1.0.0,06_mask_robustness,Rijksmuseum,View of a Village along a River,attributed to Jan Brueghel I,architecture_structured,mask_robustness,data/processed/metadata/metadata_mask_robustness.csv,mask_robustness__p026_scratch_thin_variant_05,p026__scratch_thin__variant_05,p026__scratch_thin__variant_05,ok,,scratch_thin,,2.0,8125.0,8248.0,2.030166981726528,,0.0301669817265279,0.0301669817265279,,0.9487241670487532,,,,406272.0,,,,,,20260606.0,,,,,,,2026-07-24T22:42:26.283360+00:00,,p026__scratch_thin__variant_05,p026__scratch_thin,2.0,0.0,5.0,33148239.0,4028276391.0,3760764839.0,1.0,3211334598.0,20.0,0.5,9027.0,0.0,119.0,768.0,648.0,589824.0,183552.0,8248.0,8248.0,0.0,2.030167,1.398383,38.0,250.0,767.0,648.0,729.0,398.0,290142.0,0.028427,1.831658,6.0,6146.0,10.0,1374.666667,531.0,2172.911155,0.74515,1.476843,2.607085,5.1875,True,0.0,420.3155916585839,517.5974781765276,0.5479994676122346,0.7549194662434235,bottom_right,0.94921875,0.7523629489603024,0.7141570179584121,False,False,False,True,4091.0,canonical_synthetic_damage_masks,2.0.0,2026-07-24T22:45:40.751505+00:00,194.468145,,,,,,,,,,,,,,,,,,,,,,,,,,,,,,,,,,,,,330,data/processed/clean/p026_clean.png,True,True,data/processed/damaged/mask_robustness/p026__scratch_thin__variant_05_damaged.png,True,True,data/processed/masks/mask_robustness/p026__scratch_thin__variant_05_mask.png,True,True,True,True,True,ok,True,120,100,2026
p039__loss_large__variant_05,p039,,loss_large,mask_robustness,1.1.0,2026-07-24T22:45:06.909925+00:00,generated,,data/processed/clean/p039_clean.png,p039__loss_large__variant_05_mask.png,data/processed/masks/mask_robustness/p039__loss_large__variant_05_mask.png,p039__loss_large__variant_05_damaged.png,data/processed/damaged/mask_robustness/p039__loss_large__variant_05_damaged.png,constant_rgb,255.0,255.0,255.0,,,,768,768,,,633165.0,adc7c740921e37111c263492b14ccf28e00ec71749fd54ff92a6a8b1440b58f2,6d7e193a5d28927f931e270e8a6171282d961f72f7ccbf3f56a902cdd3aba090,a534546276e6da7c310e1f276c3d2a7415779a2bb550580e4a726803b9f18929,ok,,1.1.0,painting_restoration_50_subset,1.0.0,06_mask_robustness,Art Institute of Chicago,Painting with Troika,Wassily Kandinsky,abstraction_surrealism,mask_robustness,data/processed/metadata/metadata_mask_robustness.csv,mask_robustness__p039_loss_large_variant_05,p039__loss_large__variant_05,p039__loss_large__variant_05,ok,,loss_large,,12.5,54144.0,54127.0,12.49607528073286,,-0.0039247192671396,0.0039247192671396,,1.1379014018885374,,,,433152.0,,,,,,20260606.0,,,,,,,2026-07-24T22:42:26.283360+00:00,,p039__loss_large__variant_05,p039__loss_large,3.0,2.0,5.0,2325170531.0,1871369916.0,4020536309.0,1.0,2611050210.0,20.0,0.5,41798.0,0.0,102.0,768.0,666.0,589824.0,156672.0,54127.0,54127.0,0.0,12.496075,9.176805,187.0,108.0,466.0,440.0,279.0,332.0,92628.0,0.584348,1.189964,1.0,54127.0,54127.0,54127.0,54127.0,0.0,1.0,0.230866,1.189964,1.189964,False,6.0,335.64609159938664,283.87653112125184,0.4376089851360973,0.323048900748227,top_left,0.36328125,0.5886524822695035,0.213846409574468,False,False,False,False,2598.0,canonical_synthetic_damage_masks,2.0.0,2026-07-24T22:45:40.751505+00:00,194.468145,,,,,,,,,,,,,,,,,,,,,,,,,,,,,,,,,,,,,335,data/processed/clean/p039_clean.png,True,True,data/processed/damaged/mask_robustness/p039__loss_large__variant_05_damaged.png,True,True,data/processed/masks/mask_robustness/p039__loss_large__variant_05_mask.png,True,True,True,True,True,ok,True,120,100,2026
p039__loss_small__variant_01,p039,,loss_small,mask_robustness,1.1.0,2026-07-24T22:44:58.748454+00:00,generated,,data/processed/clean/p039_clean.png,p039__loss_small__variant_01_mask.png,data/processed/masks/mask_robustness/p039__loss_small__variant_01_mask.png,p039__loss_small__variant_01_damaged.png,data/processed/damaged/mask_robustness/p039__loss_small__variant_01_damaged.png,constant_rgb,255.0,255.0,255.0,,,,768,768,,,691670.0,adc7c740921e37111c263492b14ccf28e00ec71749fd54ff92a6a8b1440b58f2,051f2f1e2869787aaee0c54771e761d78147954f80e785e0fd5c6eec194d9aca,adb536ac27b7ee29a6b45e446f718d11995e7cb45473fe26f93967d4dad06b05,ok,,1.1.0,painting_restoration_50_subset,1.0.0,06_mask_robustness,Art Institute of Chicago,Painting with Troika,Wassily Kandinsky,abstraction_surrealism,mask_robustness,data/processed/metadata/metadata_mask_robustness.csv,mask_robustness__p039_loss_small_variant_01,p039__loss_small__variant_01,p039__loss_small__variant_01,ok,,loss_small,,4.5,19492.0,19494.0,4.500498670212766,,0.0004986702127656,0.0004986702127656,,0.9308193449717512,,,,433152.0,,,,,,20260606.0,,,,,,,2026-07-24T22:42:26.283360+00:00,,p039__loss_small__variant_01,p039__loss_small,3.0,1.0,1.0,2325170531.0,3712863071.0,2520045880.0,2.0,859392506.0,20.0,0.5,22528.0,0.0,102.0,768.0,666.0,589824.0,156672.0,19494.0,19494.0,0.0,4.500499,3.305054,36.0,130.0,662.0,540.0,626.0,410.0,256660.0,0.075953,1.526829,5.0,6174.0,2140.0,3898.8,2978.0,1695.719128,0.316713,1.154329,1.209392,1.317647,False,28.0,337.1385554529599,291.6377346875962,0.4395548310990351,0.336834342251503,top_left,0.8151041666666666,0.7269503546099291,0.5925402630023641,False,False,False,False,3112.0,canonical_synthetic_damage_masks,2.0.0,2026-07-24T22:45:40.751505+00:00,194.468145,,,,,,,,,,,,,,,,,,,,,,,,,,,,,,,,,,,,,336,data/processed/clean/p039_clean.png,True,True,data/processed/damaged/mask_robustness/p039__loss_small__variant_01_damaged.png,True,True,data/processed/masks/mask_robustness/p039__loss_small__variant_01_mask.png,True,True,True,True,True,ok,True,120,100,2026
p039__loss_small__variant_05,p039,,loss_small,mask_robustness,1.1.0,2026-07-24T22:45:02.540920+00:00,generated,,data/processed/clean/p039_clean.png,p039__loss_small__variant_05_mask.png,data/processed/masks/mask_robustness/p039__loss_small__variant_05_mask.png,p039__loss_small__variant_05_damaged.png,data/processed/damaged/mask_robustness/p039__loss_small__variant_05_damaged.png,constant_rgb,255.0,255.0,255.0,,,,768,768,,,690839.0,adc7c740921e37111c263492b14ccf28e00ec71749fd54ff92a6a8b1440b58f2,efd3eac8a9ddcb6ae46a1cc1268d60bc34e605ffdfc5bccef2f05e9b706b762a,f96883afee8a1e4f52037e190eb2c7c5b3f77fa62da6179c1a5523ae700496ed,ok,,1.1.0,painting_restoration_50_subset,1.0.0,06_mask_robustness,Art Institute of Chicago,Painting with Troika,Wassily Kandinsky,abstraction_surrealism,mask_robustness,data/processed/metadata/metadata_mask_robustness.csv,mask_robustness__p039_loss_small_variant_05,p039__loss_small__variant_05,p039__loss_small__variant_05,ok,,loss_small,,4.5,19492.0,19478.0,4.49680481678487,,-0.00319518321513,0.00319518321513,,1.1007625575839557,,,,433152.0,,,,,,20260606.0,,,,,,,2026-07-24T22:42:26.283360+00:00,,p039__loss_small__variant_05,p039__loss_small,3.0,1.0,5.0,2325170531.0,3712863071.0,720680265.0,1.0,2704323316.0,20.0,0.5,16049.0,0.0,102.0,768.0,666.0,589824.0,156672.0,19478.0,19478.0,0.0,4.496805,3.302341,133.0,133.0,560.0,664.0,427.0,531.0,226737.0,0.085906,1.24356,7.0,3527.0,13.0,2782.571429,3175.0,1143.215123,0.181076,1.616061,1.326363,2.0,False,2.0,329.76445220248485,412.7219427045898,0.4299406156486112,0.5519039834895023,bottom_left,0.5559895833333334,0.9414893617021276,0.5234582779255319,False,False,False,False,3091.0,canonical_synthetic_damage_masks,2.0.0,2026-07-24T22:45:40.751505+00:00,194.468145,,,,,,,,,,,,,,,,,,,,,,,,,,,,,,,,,,,,,340,data/processed/clean/p039_clean.png,True,True,data/processed/damaged/mask_robustness/p039__loss_small__variant_05_damaged.png,True,True,data/processed/masks/mask_robustness/p039__loss_small__variant_05_mask.png,True,True,True,True,True,ok,True,120,100,2026
p039__scratch_thin__variant_05,p039,,scratch_thin,mask_robustness,1.1.0,2026-07-24T22:44:53.087999+00:00,generated,,data/processed/clean/p039_clean.png,p039__scratch_thin__variant_05_mask.png,data/processed/masks/mask_robustness/p039__scratch_thin__variant_05_mask.png,p039__scratch_thin__variant_05_damaged.png,data/processed/damaged/mask_robustness/p039__scratch_thin__variant_05_damaged.png,constant_rgb,255.0,255.0,255.0,,,,768,768,,,719881.0,adc7c740921e37111c263492b14ccf28e00ec71749fd54ff92a6a8b1440b58f2,504883cbaf77ee8f3ac6409721dc47b548e06ff705432d3219037967bda39efc,e214185bce0bbf1b9f50c57d32b1a46720c0f53c93d1a531a4d81cae0b2c134d,ok,,1.1.0,painting_restoration_50_subset,1.0.0,06_mask_robustness,Art Institute of Chicago,Painting with Troika,Wassily Kandinsky,abstraction_surrealism,mask_robustness,data/processed/metadata/metadata_mask_robustness.csv,mask_robustness__p039_scratch_thin_variant_05,p039__scratch_thin__variant_05,p039__scratch_thin__variant_05,ok,,scratch_thin,,2.0,8663.0,8650.0,1.9969895094562649,,-0.0030104905437351,0.0030104905437351,,0.8567985179694504,,,,433152.0,,,,,,20260606.0,,,,,,,2026-07-24T22:42:26.283360+00:00,,p039__scratch_thin__variant_05,p039__scratch_thin,3.0,0.0,5.0,2325170531.0,3347833088.0,3557516708.0,1.0,3093500116.0,20.0,0.5,11570.0,0.0,102.0,768.0,666.0,589824.0,156672.0,8650.0,8650.0,0.0,1.99699,1.466539,0.0,102.0,658.0,585.0,658.0,483.0,317814.0,0.027217,1.362319,20.0,3508.0,18.0,432.5,22.5,815.164247,0.405549,4.617317,3.105335,12.5,True,0.0,275.56057803468207,275.2836994219653,0.3592706362903286,0.3077863222415014,top_left,0.8567708333333334,0.8563829787234043,0.7337239583333334,True,False,True,False,5390.0,canonical_synthetic_damage_masks,2.0.0,2026-07-24T22:45:40.751505+00:00,194.468145,,,,,,,,,,,,,,,,,,,,,,,,,,,,,,,,,,,,,345,data/processed/clean/p039_clean.png,True,True,data/processed/damaged/mask_robustness/p039__scratch_thin__variant_05_damaged.png,True,True,data/processed/masks/mask_robustness/p039__scratch_thin__variant_05_mask.png,True,True,True,True,True,ok,True,120,100,2026
p043__loss_large__variant_05,p043,,loss_large,mask_robustness,1.1.0,2026-07-24T22:45:40.741452+00:00,generated,,data/processed/clean/p043_clean.png,p043__loss_large__variant_05_mask.png,data/processed/masks/mask_robustness/p043__loss_large__variant_05_mask.png,p043__loss_large__variant_05_damaged.png,data/processed/damaged/mask_robustness/p043__loss_large__variant_05_damaged.png,constant_rgb,255.0,255.0,255.0,,,,768,768,,,676150.0,e18e79fb0a876169e1a315935be5e67a403e0c089c60841a2f34e1b6ba3b3fcd,a09b151ac61f4546a3648859b0a0deee86755fe1f75d6e668aa76965dd40428e,3c436d49c3b2864ef8931288a5f2e7c08c202ce3e1f4e25571fb0ff359ecef16,ok,,1.1.0,painting_restoration_50_subset,1.0.0,06_mask_robustness,The Metropolitan Museum of Art,The Card Players,Paul Cézanne,high_texture_brushwork,mask_robustness,data/processed/metadata/metadata_mask_robustness.csv,mask_robustness__p043_loss_large_variant_05,p043__loss_large__variant_05,p043__loss_large__variant_05,ok,,loss_large,,12.5,58656.0,58587.0,12.48529562193126,,-0.014704378068739,0.014704378068739,,1.2137904755647575,,,,469248.0,,,,,,20260606.0,,,,,,,2026-07-24T22:42:26.283360+00:00,,p043__loss_large__variant_05,p043__loss_large,4.0,2.0,5.0,2146886209.0,1744130628.0,564390170.0,1.0,1712802465.0,20.0,0.5,39796.0,0.0,78.0,768.0,689.0,589824.0,120576.0,58587.0,58587.0,0.0,12.485296,9.932963,241.0,267.0,587.0,553.0,346.0,286.0,98956.0,0.592051,1.20979,1.0,58587.0,58587.0,58587.0,58587.0,0.0,1.0,0.213107,1.20979,1.20979,False,136.0,401.22158499325786,400.046460818953,0.523105065180258,0.5279450177359886,bottom_right,0.4505208333333333,0.4680851063829787,0.2108820921985815,False,False,False,False,2303.0,canonical_synthetic_damage_masks,2.0.0,2026-07-24T22:45:40.751505+00:00,194.468145,,,,,,,,,,,,,,,,,,,,,,,,,,,,,,,,,,,,,350,data/processed/clean/p043_clean.png,True,True,data/processed/damaged/mask_robustness/p043__loss_large__variant_05_damaged.png,True,True,data/processed/masks/mask_robustness/p043__loss_large__variant_05_mask.png,True,True,True,True,True,ok,True,120,100,2026
p043__loss_small__variant_03,p043,,loss_small,mask_robustness,1.1.0,2026-07-24T22:45:32.607171+00:00,generated,,data/processed/clean/p043_clean.png,p043__loss_small__variant_03_mask.png,data/processed/masks/mask_robustness/p043__loss_small__variant_03_mask.png,p043__loss_small__variant_03_damaged.png,data/processed/damaged/mask_robustness/p043__loss_small__variant_03_damaged.png,constant_rgb,255.0,255.0,255.0,,,,768,768,,,748492.0,e18e79fb0a876169e1a315935be5e67a403e0c089c60841a2f34e1b6ba3b3fcd,97c83bdc2b9c9ca5d846a4b3ea190a8d3c404cefa52ea8c29426a0ffbd843c13,191834ba64a642bda2522159e098a699aca3c6e41a9ae0ec6ff16a6a8f74dc1e,ok,,1.1.0,painting_restoration_50_subset,1.0.0,06_mask_robustness,The Metropolitan Museum of Art,The Card Players,Paul Cézanne,high_texture_brushwork,mask_robustness,data/processed/metadata/metadata_mask_robustness.csv,mask_robustness__p043_loss_small_variant_03,p043__loss_small__variant_03,p043__loss_small__variant_03,ok,,loss_small,,4.5,21116.0,21143.0,4.505719789961812,,0.0057197899618115,0.0057197899618115,,1.3053075066292257,,,,469248.0,,,,,,20260606.0,,,,,,,2026-07-24T22:42:26.283360+00:00,,p043__loss_small__variant_03,p043__loss_small,4.0,1.0,3.0,2146886209.0,3451560477.0,1827782038.0,1.0,195253337.0,20.0,0.5,12385.0,0.0,78.0,768.0,689.0,589824.0,120576.0,21143.0,21143.0,0.0,4.50572,3.584629,0.0,109.0,737.0,689.0,737.0,580.0,427460.0,0.049462,1.27069,4.0,6041.0,4024.0,5285.75,5539.0,814.499655,0.285721,0.852428,1.076006,1.218391,True,0.0,304.3099370950196,416.3403490516956,0.3967535033833372,0.5546563099208124,bottom_left,0.9596354166666666,0.9492635024549918,0.9109468767048554,True,False,False,True,2409.0,canonical_synthetic_damage_masks,2.0.0,2026-07-24T22:45:40.751505+00:00,194.468145,,,,,,,,,,,,,,,,,,,,,,,,,,,,,,,,,,,,,353,data/processed/clean/p043_clean.png,True,True,data/processed/damaged/mask_robustness/p043__loss_small__variant_03_damaged.png,True,True,data/processed/masks/mask_robustness/p043__loss_small__variant_03_mask.png,True,True,True,True,True,ok,True,120,100,2026
p043__loss_small__variant_05,p043,,loss_small,mask_robustness,1.1.0,2026-07-24T22:45:34.130964+00:00,generated,,data/processed/clean/p043_clean.png,p043__loss_small__variant_05_mask.png,data/processed/masks/mask_robustness/p043__loss_small__variant_05_mask.png,p043__loss_small__variant_05_damaged.png,data/processed/damaged/mask_robustness/p043__loss_small__variant_05_damaged.png,constant_rgb,255.0,255.0,255.0,,,,768,768,,,746273.0,e18e79fb0a876169e1a315935be5e67a403e0c089c60841a2f34e1b6ba3b3fcd,5a48861f1c38b0f85de247d01db210fb501d604551da8808df0a7c06391bd273,bf063521c529e47dc827f4f4541fc937cf37f7acfa026b5619dc47cd66da93ea,ok,,1.1.0,painting_restoration_50_subset,1.0.0,06_mask_robustness,The Metropolitan Museum of Art,The Card Players,Paul Cézanne,high_texture_brushwork,mask_robustness,data/processed/metadata/metadata_mask_robustness.csv,mask_robustness__p043_loss_small_variant_05,p043__loss_small__variant_05,p043__loss_small__variant_05,ok,,loss_small,,4.5,21116.0,21128.0,4.502523186033824,,0.0025231860338239,0.0025231860338239,,1.130846386742713,,,,469248.0,,,,,,20260606.0,,,,,,,2026-07-24T22:42:26.283360+00:00,,p043__loss_small__variant_05,p043__loss_small,4.0,1.0,5.0,2146886209.0,3451560477.0,3446449186.0,1.0,4274842133.0,20.0,0.5,16521.0,0.0,78.0,768.0,689.0,589824.0,120576.0,21128.0,21128.0,0.0,4.502523,3.582086,121.0,296.0,757.0,585.0,636.0,289.0,183804.0,0.114949,2.200692,6.0,4595.0,2939.0,3521.333333,3421.0,536.070165,0.217484,1.278642,1.162497,1.457627,False,11.0,448.9489776599773,405.3313138962514,0.5853311312385623,0.5366087113053302,bottom_right,0.828125,0.4729950900163666,0.3916990589198036,False,False,False,False,2952.0,canonical_synthetic_damage_masks,2.0.0,2026-07-24T22:45:40.751505+00:00,194.468145,,,,,,,,,,,,,,,,,,,,,,,,,,,,,,,,,,,,,355,data/processed/clean/p043_clean.png,True,True,data/processed/damaged/mask_robustness/p043__loss_small__variant_05_damaged.png,True,True,data/processed/masks/mask_robustness/p043__loss_small__variant_05_mask.png,True,True,True,True,True,ok,True,120,100,2026
p043__scratch_thin__variant_05,p043,,scratch_thin,mask_robustness,1.1.0,2026-07-24T22:45:24.083107+00:00,generated,,data/processed/clean/p043_clean.png,p043__scratch_thin__variant_05_mask.png,data/processed/masks/mask_robustness/p043__scratch_thin__variant_05_mask.png,p043__scratch_thin__variant_05_damaged.png,data/processed/damaged/mask_robustness/p043__scratch_thin__variant_05_damaged.png,constant_rgb,255.0,255.0,255.0,,,,768,768,,,777273.0,e18e79fb0a876169e1a315935be5e67a403e0c089c60841a2f34e1b6ba3b3fcd,7803b32af6fb74454e3cc801b8a7c34f8e3a26e58f47bf0f6a93e9a8d742236e,5678b33c86e2d620f653258febb7c5f66aa84fc3a897880e4acbd6ee9b0d7215,ok,,1.1.0,painting_restoration_50_subset,1.0.0,06_mask_robustness,The Metropolitan Museum of Art,The Card Players,Paul Cézanne,high_texture_brushwork,mask_robustness,data/processed/metadata/metadata_mask_robustness.csv,mask_robustness__p043_scratch_thin_variant_05,p043__scratch_thin__variant_05,p043__scratch_thin__variant_05,ok,,scratch_thin,,2.0,9385.0,8269.0,1.7621811920349155,,-0.2378188079650844,0.2378188079650844,,1.0858269201408264,,,,469248.0,,,,,,20260606.0,,,,,,,2026-07-24T22:42:26.283360+00:00,,p043__scratch_thin__variant_05,p043__scratch_thin,4.0,0.0,5.0,2146886209.0,1848765308.0,2679545272.0,1.0,2899890344.0,20.0,0.5,7960.0,0.0,78.0,768.0,689.0,589824.0,120576.0,8269.0,8269.0,0.0,1.762181,1.401944,0.0,78.0,763.0,689.0,763.0,611.0,466193.0,0.017737,1.248773,6.0,3086.0,317.0,1378.166667,1483.5,930.319196,0.373201,1.278642,2.112701,3.914634,True,0.0,387.7285040512759,436.310194703108,0.5055130430916244,0.5873937618083738,bottom_right,0.9934895833333334,1.0,0.9934895833333334,True,False,True,True,4936.0,canonical_synthetic_damage_masks,2.0.0,2026-07-24T22:45:40.751505+00:00,194.468145,,,,,,,,,,,,,,,,,,,,,,,,,,,,,,,,,,,,,360,data/processed/clean/p043_clean.png,True,True,data/processed/damaged/mask_robustness/p043__scratch_thin__variant_05_damaged.png,True,True,data/processed/masks/mask_robustness/p043__scratch_thin__variant_05_mask.png,True,True,True,True,True,ok,True,120,100,2026
p001__blur__severe,p001,,blur,synthetic_degradation,1.0.0,2026-07-25T18:25:31.788105+00:00,generated,,data/processed/clean/p001_clean.png,,data/processed/masks/synthetic_degradation/p001__blur__severe_effect_mask.png,,data/processed/degraded/synthetic_degradation/p001__blur__severe_degraded.png,,,,,,,,768,768,,,,b5852f0337c8342a1a70268f9e9f682534177581d238713f67bf28e0033482a2,,,ok,,,,,,The Metropolitan Museum of Art,Juan de Pareja,Diego Velázquez,portrait_figure,synthetic_degradation,data/processed/metadata/metadata_synthetic_degradation.csv,synthetic_degradation__p001_blur_severe,p001__blur__severe,p001__blur__severe,ok,,,,,,,,,,,,,,,,509184.0,,,,,,20260707.0,,,,,,,,,,,0.0,,,,,,,,,,,52.0,0.0,715.0,768.0,,,,,,,,,,,,,,,,,,,,,,,,,,,,,,,,,,,,,,,,,,,,,,blur,severe,3.0,False,blur,1.0,967575673.0,2046225949.0,[2201620856],"[{""blur_radius"": 5.0, ""degradation_type"": ""blur"", ""effect_opacity"": 0.95, ""operator_seed"": 3144373275, ""seed"": 2201620856}]",424095.0,371398.0,72.93984100050277,62.96759711371528,144.44716718991486,205.0,112.0,0.0,715.0,768.0,419.9004033408904,366.2194303684996,307311.0,52.102152506510414,0.0,307311.0,1.723347363208715,76.0,p001__blur__severe_effect_mask.png,data/processed/masks/synthetic_degradation/p001__blur__severe_effect_mask.png,p001__blur__severe_degraded.png,data/processed/degraded/synthetic_degradation/p001__blur__severe_degraded.png,4e7230a1e595626ec593b276e00bcabea997f58432c5442e5403f470d649adba,356bfa77c3fa186adad8df2dfb3e335586f8581b114dc0f9059f90a893ba39d6,51124.0,611271.0,363,data/processed/clean/p001_clean.png,True,True,data/processed/degraded/synthetic_degradation/p001__blur__severe_degraded.png,True,True,data/processed/masks/synthetic_degradation/p001__blur__severe_effect_mask.png,True,True,True,True,True,ok,True,120,100,2026
p001__blur_fading__moderate,p001,,blur_fading,synthetic_degradation,1.0.0,2026-07-25T18:25:44.632212+00:00,generated,,data/processed/clean/p001_clean.png,,data/processed/masks/synthetic_degradation/p001__blur_fading__moderate_effect_mask.png,,data/processed/degraded/synthetic_degradation/p001__blur_fading__moderate_degraded.png,,,,,,,,768,768,,,,b5852f0337c8342a1a70268f9e9f682534177581d238713f67bf28e0033482a2,,,ok,,,,,,The Metropolitan Museum of Art,Juan de Pareja,Diego Velázquez,portrait_figure,synthetic_degradation,data/processed/metadata/metadata_synthetic_degradation.csv,synthetic_degradation__p001_blur_fading_moderate,p001__blur_fading__moderate,p001__blur_fading__moderate,ok,,,,,,,,,,,,,,,,509184.0,,,,,,20260707.0,,,,,,,,,,,0.0,,,,,,,,,,,52.0,0.0,715.0,768.0,,,,,,,,,,,,,,,,,,,,,,,,,,,,,,,,,,,,,,,,,,,,,,blur_fading,moderate,2.0,True,blur|fading,2.0,3616891799.0,2401310475.0,"[829339353, 4106100702]","[{""blur_radius"": 3.0, ""degradation_type"": ""blur"", ""effect_opacity"": 0.75, ""operator_seed"": 2365731916, ""seed"": 829339353}, {""brightness_factor"": 1.07, ""contrast_factor"": 0.86, ""degradation_type"": ""fading"", ""operator_seed"": 642045027, ""saturation_factor"": 0.62, ""seed"": 4106100702}]",207826.0,169532.0,33.29484037204625,28.74281141493056,121.29295944128542,197.0,291.0,256.0,715.0,768.0,500.7369051270557,521.9289809593469,156006.0,26.4495849609375,0.0,156006.0,1.6435463641058703,57.0,p001__blur_fading__moderate_effect_mask.png,data/processed/masks/synthetic_degradation/p001__blur_fading__moderate_effect_mask.png,p001__blur_fading__moderate_degraded.png,data/processed/degraded/synthetic_degradation/p001__blur_fading__moderate_degraded.png,2b26208959d1d939fa3fb55d17649825504cd5d962512dc7b27d8d1365cec23e,826b1977393fc32d91f078384b94775247994dab15593ff716fc11831dc83ac8,31519.0,694359.0,364,data/processed/clean/p001_clean.png,True,True,data/processed/degraded/synthetic_degradation/p001__blur_fading__moderate_degraded.png,True,True,data/processed/masks/synthetic_degradation/p001__blur_fading__moderate_effect_mask.png,True,True,True,True,True,ok,True,120,100,2026
p001__dirt_dust__severe,p001,,dirt_dust,synthetic_degradation,1.0.0,2026-07-25T18:25:40.199081+00:00,generated,,data/processed/clean/p001_clean.png,,data/processed/masks/synthetic_degradation/p001__dirt_dust__severe_effect_mask.png,,data/processed/degraded/synthetic_degradation/p001__dirt_dust__severe_degraded.png,,,,,,,,768,768,,,,b5852f0337c8342a1a70268f9e9f682534177581d238713f67bf28e0033482a2,,,ok,,,,,,The Metropolitan Museum of Art,Juan de Pareja,Diego Velázquez,portrait_figure,synthetic_degradation,data/processed/metadata/metadata_synthetic_degradation.csv,synthetic_degradation__p001_dirt_dust_severe,p001__dirt_dust__severe,p001__dirt_dust__severe,ok,,,,,,,,,,,,,,,,509184.0,,,,,,20260707.0,,,,,,,,,,,0.0,,,,,,,,,,,52.0,0.0,715.0,768.0,,,,,,,,,,,,,,,,,,,,,,,,,,,,,,,,,,,,,,,,,,,,,,dirt_dust,severe,3.0,False,dirt_dust,1.0,970403679.0,3058281448.0,[3774832814],"[{""degradation_type"": ""dirt_dust"", ""grime_strength"": 0.16, ""operator_seed"": 1575782543, ""particle_count_estimate"": 17391, ""particle_density"": 0.0008, ""particle_opacity"": 0.5, ""particle_radius_max"": 7, ""particle_radius_min"": 1, ""seed"": 3774832814}]",164404.0,108658.0,21.3396336098542,18.422105577256943,58.91830330026321,255.0,52.0,0.0,715.0,768.0,413.1862081024867,416.5236982090596,28603.0,4.849412706163195,0.0,28603.0,0.1495178543912151,7.0,p001__dirt_dust__severe_effect_mask.png,data/processed/masks/synthetic_degradation/p001__dirt_dust__severe_effect_mask.png,p001__dirt_dust__severe_degraded.png,data/processed/degraded/synthetic_degradation/p001__dirt_dust__severe_degraded.png,3d34f45801fe3e0d93cd5fea13a9175faca0ac3fe1665f9e0051582fac39509b,b60241f2138e6b2331de5957a05452d1662028b7180aa27268e0276bdc52429e,28504.0,723560.0,367,data/processed/clean/p001_clean.png,True,True,data/processed/degraded/synthetic_degradation/p001__dirt_dust__severe_degraded.png,True,True,data/processed/masks/synthetic_degradation/p001__dirt_dust__severe_effect_mask.png,True,True,True,True,True,ok,True,120,100,2026
p001__discolouration__severe,p001,,discolouration,synthetic_degradation,1.0.0,2026-07-25T18:25:38.106476+00:00,generated,,data/processed/clean/p001_clean.png,,data/processed/masks/synthetic_degradation/p001__discolouration__severe_effect_mask.png,,data/processed/degraded/synthetic_degradation/p001__discolouration__severe_degraded.png,,,,,,,,768,768,,,,b5852f0337c8342a1a70268f9e9f682534177581d238713f67bf28e0033482a2,,,ok,,,,,,The Metropolitan Museum of Art,Juan de Pareja,Diego Velázquez,portrait_figure,synthetic_degradation,data/processed/metadata/metadata_synthetic_degradation.csv,synthetic_degradation__p001_discolouration_severe,p001__discolouration__severe,p001__discolouration__severe,ok,,,,,,,,,,,,,,,,509184.0,,,,,,20260707.0,,,,,,,,,,,0.0,,,,,,,,,,,52.0,0.0,715.0,768.0,,,,,,,,,,,,,,,,,,,,,,,,,,,,,,,,,,,,,,,,,,,,,,discolouration,severe,3.0,False,discolouration,1.0,163278166.0,2634348459.0,[2435664154],"[{""channel_scale_b"": 0.76, ""channel_scale_g"": 0.94, ""channel_scale_r"": 1.15, ""degradation_type"": ""discolouration"", ""operator_seed"": 4238092628, ""seed"": 2435664154}]",452076.0,390854.0,76.76085658622424,66.26620822482639,117.09903186356031,170.0,52.0,0.0,688.0,768.0,385.32018349562753,382.5665389122281,358130.0,60.718112521701386,0.0,358130.0,2.170928486950572,26.0,p001__discolouration__severe_effect_mask.png,data/processed/masks/synthetic_degradation/p001__discolouration__severe_effect_mask.png,p001__discolouration__severe_degraded.png,data/processed/degraded/synthetic_degradation/p001__discolouration__severe_degraded.png,133f684f7939ba079c9529a62649d96d2819b9cb674a701061f8f662e1252a8e,9932f7b39082e64b40cc5532923bec4cca4c8857ae73f286e09b9dfd66d21bd9,48218.0,722926.0,370,data/processed/clean/p001_clean.png,True,True,data/processed/degraded/synthetic_degradation/p001__discolouration__severe_degraded.png,True,True,data/processed/masks/synthetic_degradation/p001__discolouration__severe_effect_mask.png,True,True,True,True,True,ok,True,120,100,2026
p001__fading__severe,p001,,fading,synthetic_degradation,1.0.0,2026-07-25T18:25:36.070492+00:00,generated,,data/processed/clean/p001_clean.png,,data/processed/masks/synthetic_degradation/p001__fading__severe_effect_mask.png,,data/processed/degraded/synthetic_degradation/p001__fading__severe_degraded.png,,,,,,,,768,768,,,,b5852f0337c8342a1a70268f9e9f682534177581d238713f67bf28e0033482a2,,,ok,,,,,,The Metropolitan Museum of Art,Juan de Pareja,Diego Velázquez,portrait_figure,synthetic_degradation,data/processed/metadata/metadata_synthetic_degradation.csv,synthetic_degradation__p001_fading_severe,p001__fading__severe,p001__fading__severe,ok,,,,,,,,,,,,,,,,509184.0,,,,,,20260707.0,,,,,,,,,,,0.0,,,,,,,,,,,52.0,0.0,715.0,768.0,,,,,,,,,,,,,,,,,,,,,,,,,,,,,,,,,,,,,,,,,,,,,,fading,severe,3.0,False,fading,1.0,753224761.0,4014215520.0,[2971608850],"[{""brightness_factor"": 1.12, ""contrast_factor"": 0.76, ""degradation_type"": ""fading"", ""operator_seed"": 3940766665, ""saturation_factor"": 0.42, ""seed"": 2971608850}]",423238.0,357812.0,70.27165032679738,60.66419813368056,132.85659228868792,232.0,110.0,0.0,709.0,768.0,399.179395883872,366.58951348752976,350644.0,59.44892035590278,0.0,350644.0,2.4772043153025014,27.0,p001__fading__severe_effect_mask.png,data/processed/masks/synthetic_degradation/p001__fading__severe_effect_mask.png,p001__fading__severe_degraded.png,data/processed/degraded/synthetic_degradation/p001__fading__severe_degraded.png,4ea5a4d9529b51fd2d4d1437b9b8717912fca32107d32049d281496f7850173f,c028382dcd93d99ad5d3d4142703e913c8337f84ce3a41cd59179ce555f74615,52878.0,701692.0,373,data/processed/clean/p001_clean.png,True,True,data/processed/degraded/synthetic_degradation/p001__fading__severe_degraded.png,True,True,data/processed/masks/synthetic_degradation/p001__fading__severe_effect_mask.png,True,True,True,True,True,ok,True,120,100,2026
p001__fading_discolouration__moderate,p001,,fading_discolouration,synthetic_degradation,1.0.0,2026-07-25T18:25:43.028300+00:00,generated,,data/processed/clean/p001_clean.png,,data/processed/masks/synthetic_degradation/p001__fading_discolouration__moderate_effect_mask.png,,data/processed/degraded/synthetic_degradation/p001__fading_discolouration__moderate_degraded.png,,,,,,,,768,768,,,,b5852f0337c8342a1a70268f9e9f682534177581d238713f67bf28e0033482a2,,,ok,,,,,,The Metropolitan Museum of Art,Juan de Pareja,Diego Velázquez,portrait_figure,synthetic_degradation,data/processed/metadata/metadata_synthetic_degradation.csv,synthetic_degradation__p001_fading_discolouration_moderate,p001__fading_discolouration__moderate,p001__fading_discolouration__moderate,ok,,,,,,,,,,,,,,,,509184.0,,,,,,20260707.0,,,,,,,,,,,0.0,,,,,,,,,,,52.0,0.0,715.0,768.0,,,,,,,,,,,,,,,,,,,,,,,,,,,,,,,,,,,,,,,,,,,,,,fading_discolouration,moderate,2.0,True,fading|discolouration,2.0,531186882.0,2494532116.0,"[2891575035, 2094745133]","[{""brightness_factor"": 1.07, ""contrast_factor"": 0.86, ""degradation_type"": ""fading"", ""operator_seed"": 3843764787, ""saturation_factor"": 0.62, ""seed"": 2891575035}, {""channel_scale_b"": 0.86, ""channel_scale_g"": 0.97, ""channel_scale_r"": 1.09, ""degradation_type"": ""discolouration"", ""operator_seed"": 3236776284, ""seed"": 2094745133}]",251531.0,200931.0,39.46137349170437,34.066263834635414,111.2465025307195,199.0,170.0,249.0,715.0,755.0,442.9603744569032,489.9706615703898,170056.0,28.831651475694443,0.0,170056.0,0.7050741260520572,16.0,p001__fading_discolouration__moderate_effect_mask.png,data/processed/masks/synthetic_degradation/p001__fading_discolouration__moderate_effect_mask.png,p001__fading_discolouration__moderate_degraded.png,data/processed/degraded/synthetic_degradation/p001__fading_discolouration__moderate_degraded.png,8961cd0e244c573e4e9fce585002834042eb96baeb36fd02e79db18165f9e090,4e9696fcf58b651808005cd806f8d0c2601c6f9ef296588a1107ce0e685972d5,39036.0,719096.0,374,data/processed/clean/p001_clean.png,True,True,data/processed/degraded/synthetic_degradation/p001__fading_discolouration__moderate_degraded.png,True,True,data/processed/masks/synthetic_degradation/p001__fading_discolouration__moderate_effect_mask.png,True,True,True,True,True,ok,True,120,100,2026
p001__partial_transparency__severe,p001,,partial_transparency,synthetic_degradation,1.0.0,2026-07-25T18:25:42.244039+00:00,generated,,data/processed/clean/p001_clean.png,,data/processed/masks/synthetic_degradation/p001__partial_transparency__severe_effect_mask.png,,data/processed/degraded/synthetic_degradation/p001__partial_transparency__severe_degraded.png,,,,,,,,768,768,,,,b5852f0337c8342a1a70268f9e9f682534177581d238713f67bf28e0033482a2,,,ok,,,,,,The Metropolitan Museum of Art,Juan de Pareja,Diego Velázquez,portrait_figure,synthetic_degradation,data/processed/metadata/metadata_synthetic_degradation.csv,synthetic_degradation__p001_partial_transparency_severe,p001__partial_transparency__severe,p001__partial_transparency__severe,ok,,,,,,,,,,,,,,,,509184.0,,,,,,20260707.0,,,,,,,,,,,0.0,,,,,,,,,,,52.0,0.0,715.0,768.0,,,,,,,,,,,,,,,,,,,,,,,,,,,,,,,,,,,,,,,,,,,,,,partial_transparency,severe,3.0,False,partial_transparency,1.0,2136551061.0,2014804427.0,[3291870686],"[{""degradation_type"": ""partial_transparency"", ""operator_seed"": 3864154665, ""seed"": 3291870686, ""substrate_colour_rgb"": [196, 178, 145], ""transparency_alpha"": 0.4}]",475536.0,442958.0,86.99369972347914,75.10002983940973,158.24571629815918,251.0,52.0,0.0,715.0,768.0,396.4397572681834,392.3746698332573,468104.0,79.36333550347221,0.0,468104.0,31.6203189663874,75.0,p001__partial_transparency__severe_effect_mask.png,data/processed/masks/synthetic_degradation/p001__partial_transparency__severe_effect_mask.png,p001__partial_transparency__severe_degraded.png,data/processed/degraded/synthetic_degradation/p001__partial_transparency__severe_degraded.png,89cbb3c0feb8785b6e1d3d8c3a5ba75a5d019f7eb2d2b68ae98670e80ce0bb1d,3fe756a941bb3856f15035961ece559e3bfe6650944d19bf2d610895ae90bf33,58766.0,668288.0,377,data/processed/clean/p001_clean.png,True,True,data/processed/degraded/synthetic_degradation/p001__partial_transparency__severe_degraded.png,True,True,data/processed/masks/synthetic_degradation/p001__partial_transparency__severe_effect_mask.png,True,True,True,True,True,ok,True,120,100,2026
p001__water_stain__severe,p001,,water_stain,synthetic_degradation,1.0.0,2026-07-25T18:25:33.966954+00:00,generated,,data/processed/clean/p001_clean.png,,data/processed/masks/synthetic_degradation/p001__water_stain__severe_effect_mask.png,,data/processed/degraded/synthetic_degradation/p001__water_stain__severe_degraded.png,,,,,,,,768,768,,,,b5852f0337c8342a1a70268f9e9f682534177581d238713f67bf28e0033482a2,,,ok,,,,,,The Metropolitan Museum of Art,Juan de Pareja,Diego Velázquez,portrait_figure,synthetic_degradation,data/processed/metadata/metadata_synthetic_degradation.csv,synthetic_degradation__p001_water_stain_severe,p001__water_stain__severe,p001__water_stain__severe,ok,,,,,,,,,,,,,,,,509184.0,,,,,,20260707.0,,,,,,,,,,,0.0,,,,,,,,,,,52.0,0.0,715.0,768.0,,,,,,,,,,,,,,,,,,,,,,,,,,,,,,,,,,,,,,,,,,,,,,water_stain,severe,3.0,False,water_stain,1.0,739023769.0,1184145729.0,[3357504631],"[{""degradation_type"": ""water_stain"", ""operator_seed"": 4199241732, ""ring_strength"": 0.38, ""seed"": 3357504631, ""stain_colour_rgb"": [116, 72, 34], ""stain_opacity"": 0.4}]",165414.0,144349.0,28.34908402463549,24.47323269314236,94.15199273981808,144.0,225.0,103.0,698.0,646.0,423.7816334023789,345.0094908866705,154154.0,26.13559299045139,0.0,154154.0,5.361106073246521,24.0,p001__water_stain__severe_effect_mask.png,data/processed/masks/synthetic_degradation/p001__water_stain__severe_effect_mask.png,p001__water_stain__severe_degraded.png,data/processed/degraded/synthetic_degradation/p001__water_stain__severe_degraded.png,bf2aa9caba208fe9b9f7766875ad7b116d875baab3b54ad6aa031161470cdf24,2bebca226c1b2fa099be50c7f2c81621b02dd216c3c2ba8d9e39c5b5573ab1b1,27077.0,712901.0,380,data/processed/clean/p001_clean.png,True,True,data/processed/degraded/synthetic_degradation/p001__water_stain__severe_degraded.png,True,True,data/processed/masks/synthetic_degradation/p001__water_stain__severe_effect_mask.png,True,True,True,True,True,ok,True,120,100,2026
p001__water_stain_dirt__moderate,p001,,water_stain_dirt,synthetic_degradation,1.0.0,2026-07-25T18:25:43.845967+00:00,generated,,data/processed/clean/p001_clean.png,,data/processed/masks/synthetic_degradation/p001__water_stain_dirt__moderate_effect_mask.png,,data/processed/degraded/synthetic_degradation/p001__water_stain_dirt__moderate_degraded.png,,,,,,,,768,768,,,,b5852f0337c8342a1a70268f9e9f682534177581d238713f67bf28e0033482a2,,,ok,,,,,,The Metropolitan Museum of Art,Juan de Pareja,Diego Velázquez,portrait_figure,synthetic_degradation,data/processed/metadata/metadata_synthetic_degradation.csv,synthetic_degradation__p001_water_stain_dirt_moderate,p001__water_stain_dirt__moderate,p001__water_stain_dirt__moderate,ok,,,,,,,,,,,,,,,,509184.0,,,,,,20260707.0,,,,,,,,,,,0.0,,,,,,,,,,,52.0,0.0,715.0,768.0,,,,,,,,,,,,,,,,,,,,,,,,,,,,,,,,,,,,,,,,,,,,,,water_stain_dirt,moderate,2.0,True,water_stain|dirt_dust,2.0,203939778.0,2263153801.0,"[2816271946, 1019364838]","[{""degradation_type"": ""water_stain"", ""operator_seed"": 2562623618, ""ring_strength"": 0.28, ""seed"": 2816271946, ""stain_colour_rgb"": [132, 91, 45], ""stain_opacity"": 0.28}, {""degradation_type"": ""dirt_dust"", ""grime_strength"": 0.1, ""operator_seed"": 3210629971, ""particle_count_estimate"": 87376, ""particle_density"": 0.00045, ""particle_opacity"": 0.36, ""particle_radius_max"": 5, ""particle_radius_min"": 1, ""seed"": 1019364838}]",122052.0,109273.0,21.46041509552539,18.52637396918403,112.83525665077374,138.0,64.0,0.0,715.0,456.0,389.8772157806594,193.05536591838788,114650.0,19.438001844618054,0.0,114650.0,6.811785140759676,20.0,p001__water_stain_dirt__moderate_effect_mask.png,data/processed/masks/synthetic_degradation/p001__water_stain_dirt__moderate_effect_mask.png,p001__water_stain_dirt__moderate_degraded.png,data/processed/degraded/synthetic_degradation/p001__water_stain_dirt__moderate_degraded.png,22371ac831cc2f1fdea6531dbbba53048502cec4a4e6c05a770d43e5cdf70fa0,fefb156022605272389412a73811d0cd98b17cc64917aadd45abcf810a1b8ee9,19234.0,719594.0,381,data/processed/clean/p001_clean.png,True,True,data/processed/degraded/synthetic_degradation/p001__water_stain_dirt__moderate_degraded.png,True,True,data/processed/masks/synthetic_degradation/p001__water_stain_dirt__moderate_effect_mask.png,True,True,True,True,True,ok,True,120,100,2026
p018__blur__severe,p018,,blur,synthetic_degradation,1.0.0,2026-07-25T18:25:46.368672+00:00,generated,,data/processed/clean/p018_clean.png,,data/processed/masks/synthetic_degradation/p018__blur__severe_effect_mask.png,,data/processed/degraded/synthetic_degradation/p018__blur__severe_degraded.png,,,,,,,,768,768,,,,3e223322b3ca2c6f52ebe54a266991be897dd8d6c670ad52393f3262e15574ac,,,ok,,,,,,The Metropolitan Museum of Art,Classical Landscape with Figures,Henri Mauperché,landscape_natural,synthetic_degradation,data/processed/metadata/metadata_synthetic_degradation.csv,synthetic_degradation__p018_blur_severe,p018__blur__severe,p018__blur__severe,ok,,,,,,,,,,,,,,,,389376.0,,,,,,20260707.0,,,,,,,,,,,1.0,,,,,,,,,,,0.0,130.0,768.0,637.0,,,,,,,,,,,,,,,,,,,,,,,,,,,,,,,,,,,,,,,,,,,,,,blur,severe,3.0,False,blur,1.0,4097401809.0,208818056.0,[3506453908],"[{""blur_radius"": 5.0, ""degradation_type"": ""blur"", ""effect_opacity"": 0.95, ""operator_seed"": 1214689421, ""seed"": 3506453908}]",365187.0,323433.0,83.06444156804734,54.83551025390625,151.09601679482304,235.0,8.0,130.0,752.0,637.0,365.3305135839571,368.4389317107407,307676.0,52.164035373263886,0.0,307676.0,3.717290045921679,76.0,p018__blur__severe_effect_mask.png,data/processed/masks/synthetic_degradation/p018__blur__severe_effect_mask.png,p018__blur__severe_degraded.png,data/processed/degraded/synthetic_degradation/p018__blur__severe_degraded.png,abf496b922acd8009aded493206132406a9ff6c9fea5a849eea67a90ece76ec5,5e36406fddd65f72cb0eaaec277e89dde2ec5a3979e0b4832bcac2c9da5cd380,46425.0,432100.0,384,data/processed/clean/p018_clean.png,True,True,data/processed/degraded/synthetic_degradation/p018__blur__severe_degraded.png,True,True,data/processed/masks/synthetic_degradation/p018__blur__severe_effect_mask.png,True,True,True,True,True,ok,True,120,100,2026
p018__blur_fading__moderate,p018,,blur_fading,synthetic_degradation,1.0.0,2026-07-25T18:25:56.424250+00:00,generated,,data/processed/clean/p018_clean.png,,data/processed/masks/synthetic_degradation/p018__blur_fading__moderate_effect_mask.png,,data/processed/degraded/synthetic_degradation/p018__blur_fading__moderate_degraded.png,,,,,,,,768,768,,,,3e223322b3ca2c6f52ebe54a266991be897dd8d6c670ad52393f3262e15574ac,,,ok,,,,,,The Metropolitan Museum of Art,Classical Landscape with Figures,Henri Mauperché,landscape_natural,synthetic_degradation,data/processed/metadata/metadata_synthetic_degradation.csv,synthetic_degradation__p018_blur_fading_moderate,p018__blur_fading__moderate,p018__blur_fading__moderate,ok,,,,,,,,,,,,,,,,389376.0,,,,,,20260707.0,,,,,,,,,,,1.0,,,,,,,,,,,0.0,130.0,768.0,637.0,,,,,,,,,,,,,,,,,,,,,,,,,,,,,,,,,,,,,,,,,,,,,,blur_fading,moderate,2.0,True,blur|fading,2.0,3623141850.0,1857148078.0,"[2035498207, 2771960170]","[{""blur_radius"": 3.0, ""degradation_type"": ""blur"", ""effect_opacity"": 0.75, ""operator_seed"": 1161980145, ""seed"": 2035498207}, {""brightness_factor"": 1.07, ""contrast_factor"": 0.86, ""degradation_type"": ""fading"", ""operator_seed"": 2101012830, ""saturation_factor"": 0.62, ""seed"": 2771960170}]",228558.0,177405.0,45.56135971400394,30.07761637369792,114.57971308587696,250.0,83.0,195.0,667.0,637.0,392.1934218314027,426.3386319438573,184710.0,31.316121419270832,0.0,184710.0,3.467631848371092,62.0,p018__blur_fading__moderate_effect_mask.png,data/processed/masks/synthetic_degradation/p018__blur_fading__moderate_effect_mask.png,p018__blur_fading__moderate_degraded.png,data/processed/degraded/synthetic_degradation/p018__blur_fading__moderate_degraded.png,06ff5cd39d06ba86cc80be4b39bd38625d2faa5dc279b18451960ac6bc5e9e6c,7d811a64a906bec77c4523905f1a9d154864ca6cfdf5bca839f863cd8ea9ba14,35724.0,505559.0,385,data/processed/clean/p018_clean.png,True,True,data/processed/degraded/synthetic_degradation/p018__blur_fading__moderate_degraded.png,True,True,data/processed/masks/synthetic_degradation/p018__blur_fading__moderate_effect_mask.png,True,True,True,True,True,ok,True,120,100,2026
p018__dirt_dust__severe,p018,,dirt_dust,synthetic_degradation,1.0.0,2026-07-25T18:25:52.935227+00:00,generated,,data/processed/clean/p018_clean.png,,data/processed/masks/synthetic_degradation/p018__dirt_dust__severe_effect_mask.png,,data/processed/degraded/synthetic_degradation/p018__dirt_dust__severe_degraded.png,,,,,,,,768,768,,,,3e223322b3ca2c6f52ebe54a266991be897dd8d6c670ad52393f3262e15574ac,,,ok,,,,,,The Metropolitan Museum of Art,Classical Landscape with Figures,Henri Mauperché,landscape_natural,synthetic_degradation,data/processed/metadata/metadata_synthetic_degradation.csv,synthetic_degradation__p018_dirt_dust_severe,p018__dirt_dust__severe,p018__dirt_dust__severe,ok,,,,,,,,,,,,,,,,389376.0,,,,,,20260707.0,,,,,,,,,,,1.0,,,,,,,,,,,0.0,130.0,768.0,637.0,,,,,,,,,,,,,,,,,,,,,,,,,,,,,,,,,,,,,,,,,,,,,,dirt_dust,severe,3.0,False,dirt_dust,1.0,4135204845.0,292744944.0,[2405601508],"[{""degradation_type"": ""dirt_dust"", ""grime_strength"": 0.16, ""operator_seed"": 215147726, ""particle_count_estimate"": 14611, ""particle_density"": 0.0008, ""particle_opacity"": 0.5, ""particle_radius_max"": 7, ""particle_radius_min"": 1, ""seed"": 2405601508}]",214667.0,108015.0,27.740538708086785,18.313090006510414,47.770355969078366,255.0,0.0,130.0,766.0,637.0,344.1226681479424,391.2147849835671,39489.0,6.695048014322917,0.0,39489.0,0.2230322623722634,12.0,p018__dirt_dust__severe_effect_mask.png,data/processed/masks/synthetic_degradation/p018__dirt_dust__severe_effect_mask.png,p018__dirt_dust__severe_degraded.png,data/processed/degraded/synthetic_degradation/p018__dirt_dust__severe_degraded.png,e8ed33140cc4ee016721a755a14bea36518bca5718d120ee6feaa60a5922bc77,509dac482108f980722bb14f6e5ff18e1baa22ed2fefc1fe78a1d4cf0f7766a8,32093.0,536411.0,388,data/processed/clean/p018_clean.png,True,True,data/processed/degraded/synthetic_degradation/p018__dirt_dust__severe_degraded.png,True,True,data/processed/masks/synthetic_degradation/p018__dirt_dust__severe_effect_mask.png,True,True,True,True,True,ok,True,120,100,2026
p018__discolouration__severe,p018,,discolouration,synthetic_degradation,1.0.0,2026-07-25T18:25:51.353666+00:00,generated,,data/processed/clean/p018_clean.png,,data/processed/masks/synthetic_degradation/p018__discolouration__severe_effect_mask.png,,data/processed/degraded/synthetic_degradation/p018__discolouration__severe_degraded.png,,,,,,,,768,768,,,,3e223322b3ca2c6f52ebe54a266991be897dd8d6c670ad52393f3262e15574ac,,,ok,,,,,,The Metropolitan Museum of Art,Classical Landscape with Figures,Henri Mauperché,landscape_natural,synthetic_degradation,data/processed/metadata/metadata_synthetic_degradation.csv,synthetic_degradation__p018_discolouration_severe,p018__discolouration__severe,p018__discolouration__severe,ok,,,,,,,,,,,,,,,,389376.0,,,,,,20260707.0,,,,,,,,,,,1.0,,,,,,,,,,,0.0,130.0,768.0,637.0,,,,,,,,,,,,,,,,,,,,,,,,,,,,,,,,,,,,,,,,,,,,,,discolouration,severe,3.0,False,discolouration,1.0,1802352404.0,2316136603.0,[796109045],"[{""channel_scale_b"": 0.76, ""channel_scale_g"": 0.94, ""channel_scale_r"": 1.15, ""degradation_type"": ""discolouration"", ""operator_seed"": 2527402261, ""seed"": 796109045}]",335844.0,284630.0,73.0990096975674,48.25676812065972,138.72786073147594,230.0,60.0,130.0,752.0,637.0,434.73586059094265,396.3017039665531,278367.0,47.19492594401042,0.0,278367.0,5.598360151340106,33.0,p018__discolouration__severe_effect_mask.png,data/processed/masks/synthetic_degradation/p018__discolouration__severe_effect_mask.png,p018__discolouration__severe_degraded.png,data/processed/degraded/synthetic_degradation/p018__discolouration__severe_degraded.png,bcd8ad5731478a6483aa803928ec33461d65bd3eaa30d6ef3d43e662b4c7b0a6,53eb35aa37f536bca0fa41fbf2378eed0167e042c6c604f50ee3334dcf4a82ad,42175.0,535352.0,391,data/processed/clean/p018_clean.png,True,True,data/processed/degraded/synthetic_degradation/p018__discolouration__severe_degraded.png,True,True,data/processed/masks/synthetic_degradation/p018__discolouration__severe_effect_mask.png,True,True,True,True,True,ok,True,120,100,2026
p018__fading__severe,p018,,fading,synthetic_degradation,1.0.0,2026-07-25T18:25:49.712428+00:00,generated,,data/processed/clean/p018_clean.png,,data/processed/masks/synthetic_degradation/p018__fading__severe_effect_mask.png,,data/processed/degraded/synthetic_degradation/p018__fading__severe_degraded.png,,,,,,,,768,768,,,,3e223322b3ca2c6f52ebe54a266991be897dd8d6c670ad52393f3262e15574ac,,,ok,,,,,,The Metropolitan Museum of Art,Classical Landscape with Figures,Henri Mauperché,landscape_natural,synthetic_degradation,data/processed/metadata/metadata_synthetic_degradation.csv,synthetic_degradation__p018_fading_severe,p018__fading__severe,p018__fading__severe,ok,,,,,,,,,,,,,,,,389376.0,,,,,,20260707.0,,,,,,,,,,,1.0,,,,,,,,,,,0.0,130.0,768.0,637.0,,,,,,,,,,,,,,,,,,,,,,,,,,,,,,,,,,,,,,,,,,,,,,fading,severe,3.0,False,fading,1.0,4034558278.0,1458170001.0,[259918240],"[{""brightness_factor"": 1.12, ""contrast_factor"": 0.76, ""degradation_type"": ""fading"", ""operator_seed"": 4285953181, ""saturation_factor"": 0.42, ""seed"": 259918240}]",361965.0,324168.0,83.25320512820512,54.96012369791666,147.74586634090966,231.0,4.0,130.0,758.0,637.0,352.40939266059576,395.87984008292,341824.0,57.95355902777778,0.0,341824.0,6.908682699524356,41.0,p018__fading__severe_effect_mask.png,data/processed/masks/synthetic_degradation/p018__fading__severe_effect_mask.png,p018__fading__severe_degraded.png,data/processed/degraded/synthetic_degradation/p018__fading__severe_degraded.png,ad633f8c2358544889cb34fa00e1abddaa79401302cf8150ff3071b8d66adf89,2f3925080147453ca1a089883379dc979a79befc8e1edafa0fc0d4b99688c094,46174.0,518859.0,394,data/processed/clean/p018_clean.png,True,True,data/processed/degraded/synthetic_degradation/p018__fading__severe_degraded.png,True,True,data/processed/masks/synthetic_degradation/p018__fading__severe_effect_mask.png,True,True,True,True,True,ok,True,120,100,2026
p018__fading_discolouration__moderate,p018,,fading_discolouration,synthetic_degradation,1.0.0,2026-07-25T18:25:55.117574+00:00,generated,,data/processed/clean/p018_clean.png,,data/processed/masks/synthetic_degradation/p018__fading_discolouration__moderate_effect_mask.png,,data/processed/degraded/synthetic_degradation/p018__fading_discolouration__moderate_degraded.png,,,,,,,,768,768,,,,3e223322b3ca2c6f52ebe54a266991be897dd8d6c670ad52393f3262e15574ac,,,ok,,,,,,The Metropolitan Museum of Art,Classical Landscape with Figures,Henri Mauperché,landscape_natural,synthetic_degradation,data/processed/metadata/metadata_synthetic_degradation.csv,synthetic_degradation__p018_fading_discolouration_moderate,p018__fading_discolouration__moderate,p018__fading_discolouration__moderate,ok,,,,,,,,,,,,,,,,389376.0,,,,,,20260707.0,,,,,,,,,,,1.0,,,,,,,,,,,0.0,130.0,768.0,637.0,,,,,,,,,,,,,,,,,,,,,,,,,,,,,,,,,,,,,,,,,,,,,,fading_discolouration,moderate,2.0,True,fading|discolouration,2.0,3474282443.0,994641273.0,"[2292896944, 212144044]","[{""brightness_factor"": 1.07, ""contrast_factor"": 0.86, ""degradation_type"": ""fading"", ""operator_seed"": 2852069803, ""saturation_factor"": 0.62, ""seed"": 2292896944}, {""channel_scale_b"": 0.86, ""channel_scale_g"": 0.97, ""channel_scale_r"": 1.09, ""degradation_type"": ""discolouration"", ""operator_seed"": 3709397249, ""seed"": 212144044}]",218386.0,158473.0,40.699221318211706,26.867845323350693,99.89849374972393,250.0,45.0,130.0,725.0,504.0,412.8848762880743,318.1507323014015,168030.0,28.4881591796875,0.0,168030.0,2.044749510805027,21.0,p018__fading_discolouration__moderate_effect_mask.png,data/processed/masks/synthetic_degradation/p018__fading_discolouration__moderate_effect_mask.png,p018__fading_discolouration__moderate_degraded.png,data/processed/degraded/synthetic_degradation/p018__fading_discolouration__moderate_degraded.png,c1787e96de428ca0b19306ed5238969afcdc7cb8c414c59f51685422548a4aae,8b3e071307a9365aa63db83869925e401fe295f796a198787d760c8167ec0ad9,36214.0,533616.0,395,data/processed/clean/p018_clean.png,True,True,data/processed/degraded/synthetic_degradation/p018__fading_discolouration__moderate_degraded.png,True,True,data/processed/masks/synthetic_degradation/p018__fading_discolouration__moderate_effect_mask.png,True,True,True,True,True,ok,True,120,100,2026
p018__partial_transparency__severe,p018,,partial_transparency,synthetic_degradation,1.0.0,2026-07-25T18:25:54.496018+00:00,generated,,data/processed/clean/p018_clean.png,,data/processed/masks/synthetic_degradation/p018__partial_transparency__severe_effect_mask.png,,data/processed/degraded/synthetic_degradation/p018__partial_transparency__severe_degraded.png,,,,,,,,768,768,,,,3e223322b3ca2c6f52ebe54a266991be897dd8d6c670ad52393f3262e15574ac,,,ok,,,,,,The Metropolitan Museum of Art,Classical Landscape with Figures,Henri Mauperché,landscape_natural,synthetic_degradation,data/processed/metadata/metadata_synthetic_degradation.csv,synthetic_degradation__p018_partial_transparency_severe,p018__partial_transparency__severe,p018__partial_transparency__severe,ok,,,,,,,,,,,,,,,,389376.0,,,,,,20260707.0,,,,,,,,,,,1.0,,,,,,,,,,,0.0,130.0,768.0,637.0,,,,,,,,,,,,,,,,,,,,,,,,,,,,,,,,,,,,,,,,,,,,,,partial_transparency,severe,3.0,False,partial_transparency,1.0,3944666339.0,2683421509.0,[4135176657],"[{""degradation_type"": ""partial_transparency"", ""operator_seed"": 44599120, ""seed"": 4135176657, ""substrate_colour_rgb"": [196, 178, 145], ""transparency_alpha"": 0.4}]",317906.0,269774.0,69.28367439184747,45.73805067274306,155.1212904134572,247.0,92.0,130.0,736.0,637.0,418.68792396598633,394.9427557881783,298711.0,50.64409044053819,0.0,298711.0,17.85622899012077,59.0,p018__partial_transparency__severe_effect_mask.png,data/processed/masks/synthetic_degradation/p018__partial_transparency__severe_effect_mask.png,p018__partial_transparency__severe_degraded.png,data/processed/degraded/synthetic_degradation/p018__partial_transparency__severe_degraded.png,c7e18b524fb8ac74c249b4bc681cd559656fe146fe87df8ac506df5c45c131a6,408bafcf903adc90a9e3598df736e3f135d191694952ff6315f25c0d1cc83816,38942.0,509322.0,398,data/processed/clean/p018_clean.png,True,True,data/processed/degraded/synthetic_degradation/p018__partial_transparency__severe_degraded.png,True,True,data/processed/masks/synthetic_degradation/p018__partial_transparency__severe_effect_mask.png,True,True,True,True,True,ok,True,120,100,2026
p018__water_stain__severe,p018,,water_stain,synthetic_degradation,1.0.0,2026-07-25T18:25:48.077358+00:00,generated,,data/processed/clean/p018_clean.png,,data/processed/masks/synthetic_degradation/p018__water_stain__severe_effect_mask.png,,data/processed/degraded/synthetic_degradation/p018__water_stain__severe_degraded.png,,,,,,,,768,768,,,,3e223322b3ca2c6f52ebe54a266991be897dd8d6c670ad52393f3262e15574ac,,,ok,,,,,,The Metropolitan Museum of Art,Classical Landscape with Figures,Henri Mauperché,landscape_natural,synthetic_degradation,data/processed/metadata/metadata_synthetic_degradation.csv,synthetic_degradation__p018_water_stain_severe,p018__water_stain__severe,p018__water_stain__severe,ok,,,,,,,,,,,,,,,,389376.0,,,,,,20260707.0,,,,,,,,,,,1.0,,,,,,,,,,,0.0,130.0,768.0,637.0,,,,,,,,,,,,,,,,,,,,,,,,,,,,,,,,,,,,,,,,,,,,,,water_stain,severe,3.0,False,water_stain,1.0,605041229.0,2349112505.0,[2498971805],"[{""degradation_type"": ""water_stain"", ""operator_seed"": 2533171842, ""ring_strength"": 0.38, ""seed"": 2498971805, ""stain_colour_rgb"": [116, 72, 34], ""stain_opacity"": 0.4}]",130285.0,110200.0,28.301692965154505,18.68353949652778,92.66134301270418,138.0,176.0,247.0,675.0,618.0,449.0311615245009,450.5870326678766,120255.0,20.38828531901041,0.0,120255.0,2.9537577874147702,23.0,p018__water_stain__severe_effect_mask.png,data/processed/masks/synthetic_degradation/p018__water_stain__severe_effect_mask.png,p018__water_stain__severe_degraded.png,data/processed/degraded/synthetic_degradation/p018__water_stain__severe_degraded.png,6ef83eacc30ff2aede079d7436f6bc530d17bddf374a22e9cb57c76f97d8d0d9,5e19ac45a808ce6772a2661912a06b248589caed1b3b70084c703a3eec59bdfc,21936.0,529797.0,401,data/processed/clean/p018_clean.png,True,True,data/processed/degraded/synthetic_degradation/p018__water_stain__severe_degraded.png,True,True,data/processed/masks/synthetic_degradation/p018__water_stain__severe_effect_mask.png,True,True,True,True,True,ok,True,120,100,2026
p018__water_stain_dirt__moderate,p018,,water_stain_dirt,synthetic_degradation,1.0.0,2026-07-25T18:25:55.770677+00:00,generated,,data/processed/clean/p018_clean.png,,data/processed/masks/synthetic_degradation/p018__water_stain_dirt__moderate_effect_mask.png,,data/processed/degraded/synthetic_degradation/p018__water_stain_dirt__moderate_degraded.png,,,,,,,,768,768,,,,3e223322b3ca2c6f52ebe54a266991be897dd8d6c670ad52393f3262e15574ac,,,ok,,,,,,The Metropolitan Museum of Art,Classical Landscape with Figures,Henri Mauperché,landscape_natural,synthetic_degradation,data/processed/metadata/metadata_synthetic_degradation.csv,synthetic_degradation__p018_water_stain_dirt_moderate,p018__water_stain_dirt__moderate,p018__water_stain_dirt__moderate,ok,,,,,,,,,,,,,,,,389376.0,,,,,,20260707.0,,,,,,,,,,,1.0,,,,,,,,,,,0.0,130.0,768.0,637.0,,,,,,,,,,,,,,,,,,,,,,,,,,,,,,,,,,,,,,,,,,,,,,water_stain_dirt,moderate,2.0,True,water_stain|dirt_dust,2.0,2684429290.0,3413243360.0,"[3805307501, 3222631587]","[{""degradation_type"": ""water_stain"", ""operator_seed"": 1893611777, ""ring_strength"": 0.28, ""seed"": 3805307501, ""stain_colour_rgb"": [132, 91, 45], ""stain_opacity"": 0.28}, {""degradation_type"": ""dirt_dust"", ""grime_strength"": 0.1, ""operator_seed"": 1955786573, ""particle_count_estimate"": 57030, ""particle_density"": 0.00045, ""particle_opacity"": 0.36, ""particle_radius_max"": 5, ""particle_radius_min"": 1, ""seed"": 3222631587}]",78906.0,70302.0,18.05504191321499,11.919148763020834,114.08587237916416,161.0,23.0,324.0,401.0,577.0,202.48716963955505,444.4284799863447,76259.0,12.92911105685764,0.0,76259.0,5.561997820191113,22.0,p018__water_stain_dirt__moderate_effect_mask.png,data/processed/masks/synthetic_degradation/p018__water_stain_dirt__moderate_effect_mask.png,p018__water_stain_dirt__moderate_degraded.png,data/processed/degraded/synthetic_degradation/p018__water_stain_dirt__moderate_degraded.png,f2e0464b019681a895494049acf10c4b200e94e4b95461ddc513abca015f7753,a3e26993efeeda7411537c47fec5e3ba2efd3f30006df65cd7bfdedaa05b0f02,14804.0,531856.0,402,data/processed/clean/p018_clean.png,True,True,data/processed/degraded/synthetic_degradation/p018__water_stain_dirt__moderate_degraded.png,True,True,data/processed/masks/synthetic_degradation/p018__water_stain_dirt__moderate_effect_mask.png,True,True,True,True,True,ok,True,120,100,2026
p026__blur__severe,p026,,blur,synthetic_degradation,1.0.0,2026-07-25T18:25:57.931502+00:00,generated,,data/processed/clean/p026_clean.png,,data/processed/masks/synthetic_degradation/p026__blur__severe_effect_mask.png,,data/processed/degraded/synthetic_degradation/p026__blur__severe_degraded.png,,,,,,,,768,768,,,,48819acb8a3147c0230f636c58eaaa127b2bdde3b71bb7e4f101b4e2ac97b3ee,,,ok,,,,,,Rijksmuseum,View of a Village along a River,attributed to Jan Brueghel I,architecture_structured,synthetic_degradation,data/processed/metadata/metadata_synthetic_degradation.csv,synthetic_degradation__p026_blur_severe,p026__blur__severe,p026__blur__severe,ok,,,,,,,,,,,,,,,,406272.0,,,,,,20260707.0,,,,,,,,,,,2.0,,,,,,,,,,,0.0,119.0,768.0,648.0,,,,,,,,,,,,,,,,,,,,,,,,,,,,,,,,,,,,,,,,,,,,,,blur,severe,3.0,False,blur,1.0,1917028383.0,1064923832.0,[1676164744],"[{""blur_radius"": 5.0, ""degradation_type"": ""blur"", ""effect_opacity"": 0.95, ""operator_seed"": 518655021, ""seed"": 1676164744}]",354149.0,297055.0,73.11727118777567,50.36332872178819,123.83024019121038,204.0,0.0,119.0,768.0,595.0,389.948716567639,363.8577738129303,282533.0,47.90123833550347,0.0,282533.0,3.0046336429017164,86.0,p026__blur__severe_effect_mask.png,data/processed/masks/synthetic_degradation/p026__blur__severe_effect_mask.png,p026__blur__severe_degraded.png,data/processed/degraded/synthetic_degradation/p026__blur__severe_degraded.png,9927598e1ea9af8ad55e1528f88a490b398ecef73ee0097ea08c131f4ebfd610,bc1f8a84fbeaed109936aa909b9720c3387845ea9a74faeac3be31dab4c34a48,38497.0,658364.0,405,data/processed/clean/p026_clean.png,True,True,data/processed/degraded/synthetic_degradation/p026__blur__severe_degraded.png,True,True,data/processed/masks/synthetic_degradation/p026__blur__severe_effect_mask.png,True,True,True,True,True,ok,True,120,100,2026
p026__blur_fading__moderate,p026,,blur_fading,synthetic_degradation,1.0.0,2026-07-25T18:26:06.067755+00:00,generated,,data/processed/clean/p026_clean.png,,data/processed/masks/synthetic_degradation/p026__blur_fading__moderate_effect_mask.png,,data/processed/degraded/synthetic_degradation/p026__blur_fading__moderate_degraded.png,,,,,,,,768,768,,,,48819acb8a3147c0230f636c58eaaa127b2bdde3b71bb7e4f101b4e2ac97b3ee,,,ok,,,,,,Rijksmuseum,View of a Village along a River,attributed to Jan Brueghel I,architecture_structured,synthetic_degradation,data/processed/metadata/metadata_synthetic_degradation.csv,synthetic_degradation__p026_blur_fading_moderate,p026__blur_fading__moderate,p026__blur_fading__moderate,ok,,,,,,,,,,,,,,,,406272.0,,,,,,20260707.0,,,,,,,,,,,2.0,,,,,,,,,,,0.0,119.0,768.0,648.0,,,,,,,,,,,,,,,,,,,,,,,,,,,,,,,,,,,,,,,,,,,,,,blur_fading,moderate,2.0,True,blur|fading,2.0,2626565638.0,3890942848.0,"[1581218594, 2911155596]","[{""blur_radius"": 3.0, ""degradation_type"": ""blur"", ""effect_opacity"": 0.75, ""operator_seed"": 250122140, ""seed"": 1581218594}, {""brightness_factor"": 1.07, ""contrast_factor"": 0.86, ""degradation_type"": ""fading"", ""operator_seed"": 2297265650, ""saturation_factor"": 0.62, ""seed"": 2911155596}]",202513.0,153932.0,37.88890201638311,26.09795464409722,117.1461164670114,248.0,246.0,119.0,768.0,648.0,524.6353454772237,362.7657926876803,160289.0,27.175733778211807,0.0,160289.0,2.8341555027743075,61.0,p026__blur_fading__moderate_effect_mask.png,data/processed/masks/synthetic_degradation/p026__blur_fading__moderate_effect_mask.png,p026__blur_fading__moderate_degraded.png,data/processed/degraded/synthetic_degradation/p026__blur_fading__moderate_degraded.png,13c9b90a9f70757d69862da8ab7cc60cee9a239b55de5ffbe5a336cc5f0b89d8,322416b18984c4f7390506c8aed9b56a129d3e88d9a42aac1b6accaecf0474f3,32814.0,730417.0,406,data/processed/clean/p026_clean.png,True,True,data/processed/degraded/synthetic_degradation/p026__blur_fading__moderate_degraded.png,True,True,data/processed/masks/synthetic_degradation/p026__blur_fading__moderate_effect_mask.png,True,True,True,True,True,ok,True,120,100,2026
p026__dirt_dust__severe,p026,,dirt_dust,synthetic_degradation,1.0.0,2026-07-25T18:26:03.204461+00:00,generated,,data/processed/clean/p026_clean.png,,data/processed/masks/synthetic_degradation/p026__dirt_dust__severe_effect_mask.png,,data/processed/degraded/synthetic_degradation/p026__dirt_dust__severe_degraded.png,,,,,,,,768,768,,,,48819acb8a3147c0230f636c58eaaa127b2bdde3b71bb7e4f101b4e2ac97b3ee,,,ok,,,,,,Rijksmuseum,View of a Village along a River,attributed to Jan Brueghel I,architecture_structured,synthetic_degradation,data/processed/metadata/metadata_synthetic_degradation.csv,synthetic_degradation__p026_dirt_dust_severe,p026__dirt_dust__severe,p026__dirt_dust__severe,ok,,,,,,,,,,,,,,,,406272.0,,,,,,20260707.0,,,,,,,,,,,2.0,,,,,,,,,,,0.0,119.0,768.0,648.0,,,,,,,,,,,,,,,,,,,,,,,,,,,,,,,,,,,,,,,,,,,,,,dirt_dust,severe,3.0,False,dirt_dust,1.0,451306456.0,762622973.0,[3058729824],"[{""degradation_type"": ""dirt_dust"", ""grime_strength"": 0.16, ""operator_seed"": 3750638118, ""particle_count_estimate"": 15909, ""particle_density"": 0.0008, ""particle_opacity"": 0.5, ""particle_radius_max"": 7, ""particle_radius_min"": 1, ""seed"": 3058729824}]",181234.0,99217.0,24.421323645242595,16.821458604600693,61.29277240795428,254.0,0.0,119.0,768.0,648.0,252.12142072427105,331.39842970458693,55310.0,9.377373589409723,0.0,55310.0,0.4650323154963565,12.0,p026__dirt_dust__severe_effect_mask.png,data/processed/masks/synthetic_degradation/p026__dirt_dust__severe_effect_mask.png,p026__dirt_dust__severe_degraded.png,data/processed/degraded/synthetic_degradation/p026__dirt_dust__severe_degraded.png,81b706a9d995194a184536e0585742e41b96065b04e9321cd7a56a71ea5ed588,54e51cbf4fd479a17a9669126276dd27cf70ef085ef5255e53e67d5aee24b58a,29895.0,757608.0,409,data/processed/clean/p026_clean.png,True,True,data/processed/degraded/synthetic_degradation/p026__dirt_dust__severe_degraded.png,True,True,data/processed/masks/synthetic_degradation/p026__dirt_dust__severe_effect_mask.png,True,True,True,True,True,ok,True,120,100,2026
p026__discolouration__mild,p026,,discolouration,synthetic_degradation,1.0.0,2026-07-25T18:26:01.027987+00:00,generated,,data/processed/clean/p026_clean.png,,data/processed/masks/synthetic_degradation/p026__discolouration__mild_effect_mask.png,,data/processed/degraded/synthetic_degradation/p026__discolouration__mild_degraded.png,,,,,,,,768,768,,,,48819acb8a3147c0230f636c58eaaa127b2bdde3b71bb7e4f101b4e2ac97b3ee,,,ok,,,,,,Rijksmuseum,View of a Village along a River,attributed to Jan Brueghel I,architecture_structured,synthetic_degradation,data/processed/metadata/metadata_synthetic_degradation.csv,synthetic_degradation__p026_discolouration_mild,p026__discolouration__mild,p026__discolouration__mild,ok,,,,,,,,,,,,,,,,406272.0,,,,,,20260707.0,,,,,,,,,,,2.0,,,,,,,,,,,0.0,119.0,768.0,648.0,,,,,,,,,,,,,,,,,,,,,,,,,,,,,,,,,,,,,,,,,,,,,,discolouration,mild,1.0,False,discolouration,1.0,2936498321.0,1439542657.0,[1315170339],"[{""channel_scale_b"": 0.94, ""channel_scale_g"": 0.99, ""channel_scale_r"": 1.04, ""degradation_type"": ""discolouration"", ""operator_seed"": 569041243, ""seed"": 1315170339}]",98442.0,66734.0,16.425941241335853,11.314222547743055,103.96055983456708,235.0,325.0,298.0,749.0,642.0,544.7720202595378,461.9146312224653,61125.0,10.363260904947918,0.0,61125.0,1.2178677122908244,10.0,p026__discolouration__mild_effect_mask.png,data/processed/masks/synthetic_degradation/p026__discolouration__mild_effect_mask.png,p026__discolouration__mild_degraded.png,data/processed/degraded/synthetic_degradation/p026__discolouration__mild_degraded.png,8e8ae91196422df118bdb4f283e4eb592532899160935f4d5a81891385831588,5ee802f7fc46dd219228c24b78ca499fcf069619e3c83d8bd379c714dbe9f33f,19617.0,758097.0,410,data/processed/clean/p026_clean.png,True,True,data/processed/degraded/synthetic_degradation/p026__discolouration__mild_degraded.png,True,True,data/processed/masks/synthetic_degradation/p026__discolouration__mild_effect_mask.png,True,True,True,True,True,ok,True,120,100,2026
p026__discolouration__severe,p026,,discolouration,synthetic_degradation,1.0.0,2026-07-25T18:26:01.951180+00:00,generated,,data/processed/clean/p026_clean.png,,data/processed/masks/synthetic_degradation/p026__discolouration__severe_effect_mask.png,,data/processed/degraded/synthetic_degradation/p026__discolouration__severe_degraded.png,,,,,,,,768,768,,,,48819acb8a3147c0230f636c58eaaa127b2bdde3b71bb7e4f101b4e2ac97b3ee,,,ok,,,,,,Rijksmuseum,View of a Village along a River,attributed to Jan Brueghel I,architecture_structured,synthetic_degradation,data/processed/metadata/metadata_synthetic_degradation.csv,synthetic_degradation__p026_discolouration_severe,p026__discolouration__severe,p026__discolouration__severe,ok,,,,,,,,,,,,,,,,406272.0,,,,,,20260707.0,,,,,,,,,,,2.0,,,,,,,,,,,0.0,119.0,768.0,648.0,,,,,,,,,,,,,,,,,,,,,,,,,,,,,,,,,,,,,,,,,,,,,,discolouration,severe,3.0,False,discolouration,1.0,3964958495.0,144677923.0,[793903389],"[{""channel_scale_b"": 0.76, ""channel_scale_g"": 0.94, ""channel_scale_r"": 1.15, ""degradation_type"": ""discolouration"", ""operator_seed"": 2517817232, ""seed"": 793903389}]",327158.0,275342.0,67.77282214870826,46.68206108940972,137.61686193897043,231.0,85.0,119.0,750.0,648.0,424.8219850222632,380.58491258144414,292726.0,49.62938096788194,0.0,292726.0,7.458869007227904,39.0,p026__discolouration__severe_effect_mask.png,data/processed/masks/synthetic_degradation/p026__discolouration__severe_effect_mask.png,p026__discolouration__severe_degraded.png,data/processed/degraded/synthetic_degradation/p026__discolouration__severe_degraded.png,53391db1e1b061594b5cc13e726dabb5138d8ec672ad2cfa9c95ab03aec1f9e4,7fa15575e3b7cf248a8924de793d0c6b5cfda2bff037853ccc7dd66f959e7eec,42295.0,755630.0,412,data/processed/clean/p026_clean.png,True,True,data/processed/degraded/synthetic_degradation/p026__discolouration__severe_degraded.png,True,True,data/processed/masks/synthetic_degradation/p026__discolouration__severe_effect_mask.png,True,True,True,True,True,ok,True,120,100,2026
p026__fading__severe,p026,,fading,synthetic_degradation,1.0.0,2026-07-25T18:26:00.616137+00:00,generated,,data/processed/clean/p026_clean.png,,data/processed/masks/synthetic_degradation/p026__fading__severe_effect_mask.png,,data/processed/degraded/synthetic_degradation/p026__fading__severe_degraded.png,,,,,,,,768,768,,,,48819acb8a3147c0230f636c58eaaa127b2bdde3b71bb7e4f101b4e2ac97b3ee,,,ok,,,,,,Rijksmuseum,View of a Village along a River,attributed to Jan Brueghel I,architecture_structured,synthetic_degradation,data/processed/metadata/metadata_synthetic_degradation.csv,synthetic_degradation__p026_fading_severe,p026__fading__severe,p026__fading__severe,ok,,,,,,,,,,,,,,,,406272.0,,,,,,20260707.0,,,,,,,,,,,2.0,,,,,,,,,,,0.0,119.0,768.0,648.0,,,,,,,,,,,,,,,,,,,,,,,,,,,,,,,,,,,,,,,,,,,,,,fading,severe,3.0,False,fading,1.0,176427618.0,1312562923.0,[216199251],"[{""brightness_factor"": 1.12, ""contrast_factor"": 0.76, ""degradation_type"": ""fading"", ""operator_seed"": 3240187700, ""saturation_factor"": 0.42, ""seed"": 216199251}]",329332.0,273010.0,67.19882246376811,46.28668891059028,116.3651917512179,208.0,21.0,131.0,768.0,648.0,391.8827185817369,402.28776601589686,291439.0,49.41118028428819,0.0,291439.0,5.377936752780376,42.0,p026__fading__severe_effect_mask.png,data/processed/masks/synthetic_degradation/p026__fading__severe_effect_mask.png,p026__fading__severe_degraded.png,data/processed/degraded/synthetic_degradation/p026__fading__severe_degraded.png,26d774884714e9101d3d4fcc9e836160df5ebc5f71cfb7f36bb5e5d0d5febdbb,6ed9daccebe29b9305f7f2d3cde755312ac8be095ea6eb3b0a952c52925fb95e,43887.0,744359.0,415,data/processed/clean/p026_clean.png,True,True,data/processed/degraded/synthetic_degradation/p026__fading__severe_degraded.png,True,True,data/processed/masks/synthetic_degradation/p026__fading__severe_effect_mask.png,True,True,True,True,True,ok,True,120,100,2026
p026__fading_discolouration__moderate,p026,,fading_discolouration,synthetic_degradation,1.0.0,2026-07-25T18:26:04.967834+00:00,generated,,data/processed/clean/p026_clean.png,,data/processed/masks/synthetic_degradation/p026__fading_discolouration__moderate_effect_mask.png,,data/processed/degraded/synthetic_degradation/p026__fading_discolouration__moderate_degraded.png,,,,,,,,768,768,,,,48819acb8a3147c0230f636c58eaaa127b2bdde3b71bb7e4f101b4e2ac97b3ee,,,ok,,,,,,Rijksmuseum,View of a Village along a River,attributed to Jan Brueghel I,architecture_structured,synthetic_degradation,data/processed/metadata/metadata_synthetic_degradation.csv,synthetic_degradation__p026_fading_discolouration_moderate,p026__fading_discolouration__moderate,p026__fading_discolouration__moderate,ok,,,,,,,,,,,,,,,,406272.0,,,,,,20260707.0,,,,,,,,,,,2.0,,,,,,,,,,,0.0,119.0,768.0,648.0,,,,,,,,,,,,,,,,,,,,,,,,,,,,,,,,,,,,,,,,,,,,,,fading_discolouration,moderate,2.0,True,fading|discolouration,2.0,2712342521.0,3701238820.0,"[1213723652, 375469409]","[{""brightness_factor"": 1.07, ""contrast_factor"": 0.86, ""degradation_type"": ""fading"", ""operator_seed"": 2889903851, ""saturation_factor"": 0.62, ""seed"": 1213723652}, {""channel_scale_b"": 0.86, ""channel_scale_g"": 0.97, ""channel_scale_r"": 1.09, ""degradation_type"": ""discolouration"", ""operator_seed"": 3693737279, ""seed"": 375469409}]",262601.0,207621.0,51.103940217391305,35.20050048828125,125.32302127434124,219.0,32.0,167.0,768.0,551.0,413.4260840666407,359.74329668000826,219342.0,37.18770345052083,0.0,219342.0,5.369808188087631,34.0,p026__fading_discolouration__moderate_effect_mask.png,data/processed/masks/synthetic_degradation/p026__fading_discolouration__moderate_effect_mask.png,p026__fading_discolouration__moderate_degraded.png,data/processed/degraded/synthetic_degradation/p026__fading_discolouration__moderate_degraded.png,fd4de7475c796120731b2b380f069407cff383e8cbadda8929c545ff1e97eea1,e3f2bdd4c11da3034a1f0504821bbfbdff1a750e9bd82071a8a41193cc90aedf,34437.0,750528.0,416,data/processed/clean/p026_clean.png,True,True,data/processed/degraded/synthetic_degradation/p026__fading_discolouration__moderate_degraded.png,True,True,data/processed/masks/synthetic_degradation/p026__fading_discolouration__moderate_effect_mask.png,True,True,True,True,True,ok,True,120,100,2026
p026__partial_transparency__severe,p026,,partial_transparency,synthetic_degradation,1.0.0,2026-07-25T18:26:04.430445+00:00,generated,,data/processed/clean/p026_clean.png,,data/processed/masks/synthetic_degradation/p026__partial_transparency__severe_effect_mask.png,,data/processed/degraded/synthetic_degradation/p026__partial_transparency__severe_degraded.png,,,,,,,,768,768,,,,48819acb8a3147c0230f636c58eaaa127b2bdde3b71bb7e4f101b4e2ac97b3ee,,,ok,,,,,,Rijksmuseum,View of a Village along a River,attributed to Jan Brueghel I,architecture_structured,synthetic_degradation,data/processed/metadata/metadata_synthetic_degradation.csv,synthetic_degradation__p026_partial_transparency_severe,p026__partial_transparency__severe,p026__partial_transparency__severe,ok,,,,,,,,,,,,,,,,406272.0,,,,,,20260707.0,,,,,,,,,,,2.0,,,,,,,,,,,0.0,119.0,768.0,648.0,,,,,,,,,,,,,,,,,,,,,,,,,,,,,,,,,,,,,,,,,,,,,,partial_transparency,severe,3.0,False,partial_transparency,1.0,3106557985.0,1591361264.0,[1716750140],"[{""degradation_type"": ""partial_transparency"", ""operator_seed"": 1819830324, ""seed"": 1716750140, ""substrate_colour_rgb"": [196, 178, 145], ""transparency_alpha"": 0.4}]",312525.0,255159.0,62.80496810018904,43.26019287109375,120.16629630936004,199.0,0.0,119.0,734.0,542.0,362.43673160656687,322.0325326561086,288123.0,48.84897867838542,0.0,288123.0,10.506538676905848,52.0,p026__partial_transparency__severe_effect_mask.png,data/processed/masks/synthetic_degradation/p026__partial_transparency__severe_effect_mask.png,p026__partial_transparency__severe_degraded.png,data/processed/degraded/synthetic_degradation/p026__partial_transparency__severe_degraded.png,aac193c7c2696caf339b21f2442638509782f78e2251dac3110c0d5ac828f9b7,61b2cb2920547e2ca4e4b3fbde7dae36f723af61c2245b8322979c92db1460c9,35148.0,727903.0,419,data/processed/clean/p026_clean.png,True,True,data/processed/degraded/synthetic_degradation/p026__partial_transparency__severe_degraded.png,True,True,data/processed/masks/synthetic_degradation/p026__partial_transparency__severe_effect_mask.png,True,True,True,True,True,ok,True,120,100,2026
p026__water_stain__severe,p026,,water_stain,synthetic_degradation,1.0.0,2026-07-25T18:25:59.296398+00:00,generated,,data/processed/clean/p026_clean.png,,data/processed/masks/synthetic_degradation/p026__water_stain__severe_effect_mask.png,,data/processed/degraded/synthetic_degradation/p026__water_stain__severe_degraded.png,,,,,,,,768,768,,,,48819acb8a3147c0230f636c58eaaa127b2bdde3b71bb7e4f101b4e2ac97b3ee,,,ok,,,,,,Rijksmuseum,View of a Village along a River,attributed to Jan Brueghel I,architecture_structured,synthetic_degradation,data/processed/metadata/metadata_synthetic_degradation.csv,synthetic_degradation__p026_water_stain_severe,p026__water_stain__severe,p026__water_stain__severe,ok,,,,,,,,,,,,,,,,406272.0,,,,,,20260707.0,,,,,,,,,,,2.0,,,,,,,,,,,0.0,119.0,768.0,648.0,,,,,,,,,,,,,,,,,,,,,,,,,,,,,,,,,,,,,,,,,,,,,,water_stain,severe,3.0,False,water_stain,1.0,4086197057.0,1998378342.0,[334911185],"[{""degradation_type"": ""water_stain"", ""operator_seed"": 2639692113, ""ring_strength"": 0.38, ""seed"": 334911185, ""stain_colour_rgb"": [116, 72, 34], ""stain_opacity"": 0.4}]",112199.0,94851.0,23.346674149338373,16.08123779296875,82.70357718948667,126.0,30.0,208.0,636.0,418.0,320.0093304235064,308.34925303897694,106466.0,18.05046929253472,0.0,106466.0,5.769180949325158,28.0,p026__water_stain__severe_effect_mask.png,data/processed/masks/synthetic_degradation/p026__water_stain__severe_effect_mask.png,p026__water_stain__severe_degraded.png,data/processed/degraded/synthetic_degradation/p026__water_stain__severe_degraded.png,e557ba8c0373d7846a4413e523831e292388c112d84cfddf3a4027751abf5058,952fbe98af9ec8a48617041fa4b5ca8ccd56fd4cf8749476a2ec45c279bf850e,15786.0,750367.0,422,data/processed/clean/p026_clean.png,True,True,data/processed/degraded/synthetic_degradation/p026__water_stain__severe_degraded.png,True,True,data/processed/masks/synthetic_degradation/p026__water_stain__severe_effect_mask.png,True,True,True,True,True,ok,True,120,100,2026
p026__water_stain_dirt__moderate,p026,,water_stain_dirt,synthetic_degradation,1.0.0,2026-07-25T18:26:05.496963+00:00,generated,,data/processed/clean/p026_clean.png,,data/processed/masks/synthetic_degradation/p026__water_stain_dirt__moderate_effect_mask.png,,data/processed/degraded/synthetic_degradation/p026__water_stain_dirt__moderate_degraded.png,,,,,,,,768,768,,,,48819acb8a3147c0230f636c58eaaa127b2bdde3b71bb7e4f101b4e2ac97b3ee,,,ok,,,,,,Rijksmuseum,View of a Village along a River,attributed to Jan Brueghel I,architecture_structured,synthetic_degradation,data/processed/metadata/metadata_synthetic_degradation.csv,synthetic_degradation__p026_water_stain_dirt_moderate,p026__water_stain_dirt__moderate,p026__water_stain_dirt__moderate,ok,,,,,,,,,,,,,,,,406272.0,,,,,,20260707.0,,,,,,,,,,,2.0,,,,,,,,,,,0.0,119.0,768.0,648.0,,,,,,,,,,,,,,,,,,,,,,,,,,,,,,,,,,,,,,,,,,,,,,water_stain_dirt,moderate,2.0,True,water_stain|dirt_dust,2.0,1684865678.0,4273833078.0,"[986097799, 2063194127]","[{""degradation_type"": ""water_stain"", ""operator_seed"": 3070716721, ""ring_strength"": 0.28, ""seed"": 986097799, ""stain_colour_rgb"": [132, 91, 45], ""stain_opacity"": 0.28}, {""degradation_type"": ""dirt_dust"", ""grime_strength"": 0.1, ""operator_seed"": 3804011685, ""particle_count_estimate"": 26226, ""particle_density"": 0.00045, ""particle_opacity"": 0.36, ""particle_radius_max"": 5, ""particle_radius_min"": 1, ""seed"": 2063194127}]",71499.0,60581.0,14.911438642091998,10.27103000217014,91.0282101649032,135.0,111.0,243.0,569.0,471.0,364.53808950000825,341.90904739109624,69983.0,11.865064832899304,0.0,69983.0,4.183298600912833,25.0,p026__water_stain_dirt__moderate_effect_mask.png,data/processed/masks/synthetic_degradation/p026__water_stain_dirt__moderate_effect_mask.png,p026__water_stain_dirt__moderate_degraded.png,data/processed/degraded/synthetic_degradation/p026__water_stain_dirt__moderate_degraded.png,0b29affe2c1bc21905efe2e9ca54e55bd6287ab17a44f61f5af50b69c11c9d3f,7a5ac4c9f6b8251bbd7dd83d38dbcee7d6f4b87d7715eaf9b46d6359bfe50cae,14167.0,753853.0,423,data/processed/clean/p026_clean.png,True,True,data/processed/degraded/synthetic_degradation/p026__water_stain_dirt__moderate_degraded.png,True,True,data/processed/masks/synthetic_degradation/p026__water_stain_dirt__moderate_effect_mask.png,True,True,True,True,True,ok,True,120,100,2026
p039__blur__severe,p039,,blur,synthetic_degradation,1.0.0,2026-07-25T18:26:07.838331+00:00,generated,,data/processed/clean/p039_clean.png,,data/processed/masks/synthetic_degradation/p039__blur__severe_effect_mask.png,,data/processed/degraded/synthetic_degradation/p039__blur__severe_degraded.png,,,,,,,,768,768,,,,adc7c740921e37111c263492b14ccf28e00ec71749fd54ff92a6a8b1440b58f2,,,ok,,,,,,Art Institute of Chicago,Painting with Troika,Wassily Kandinsky,abstraction_surrealism,synthetic_degradation,data/processed/metadata/metadata_synthetic_degradation.csv,synthetic_degradation__p039_blur_severe,p039__blur__severe,p039__blur__severe,ok,,,,,,,,,,,,,,,,433152.0,,,,,,20260707.0,,,,,,,,,,,3.0,,,,,,,,,,,0.0,102.0,768.0,666.0,,,,,,,,,,,,,,,,,,,,,,,,,,,,,,,,,,,,,,,,,,,,,,blur,severe,3.0,False,blur,1.0,376504446.0,2268136586.0,[533511547],"[{""blur_radius"": 5.0, ""degradation_type"": ""blur"", ""effect_opacity"": 0.95, ""operator_seed"": 3232693427, ""seed"": 533511547}]",389842.0,341971.0,78.94942191193853,57.97848171657986,125.56056800138025,245.0,5.0,102.0,768.0,666.0,403.6802945278986,409.8752555041217,337938.0,57.29471842447917,0.0,337938.0,4.585510711177006,98.0,p039__blur__severe_effect_mask.png,data/processed/masks/synthetic_degradation/p039__blur__severe_effect_mask.png,p039__blur__severe_degraded.png,data/processed/degraded/synthetic_degradation/p039__blur__severe_degraded.png,d64607b3ac4a8ce6362ecdfa2c7eeac4c2ecdb7868f437eae6cfef19489d0eda,ef8e9e5f4e818d7870fd04851e2c9ca5165953764553bdb62fb0ac55b0d4335a,44944.0,620919.0,426,data/processed/clean/p039_clean.png,True,True,data/processed/degraded/synthetic_degradation/p039__blur__severe_degraded.png,True,True,data/processed/masks/synthetic_degradation/p039__blur__severe_effect_mask.png,True,True,True,True,True,ok,True,120,100,2026
p039__blur_fading__moderate,p039,,blur_fading,synthetic_degradation,1.0.0,2026-07-25T18:26:17.416137+00:00,generated,,data/processed/clean/p039_clean.png,,data/processed/masks/synthetic_degradation/p039__blur_fading__moderate_effect_mask.png,,data/processed/degraded/synthetic_degradation/p039__blur_fading__moderate_degraded.png,,,,,,,,768,768,,,,adc7c740921e37111c263492b14ccf28e00ec71749fd54ff92a6a8b1440b58f2,,,ok,,,,,,Art Institute of Chicago,Painting with Troika,Wassily Kandinsky,abstraction_surrealism,synthetic_degradation,data/processed/metadata/metadata_synthetic_degradation.csv,synthetic_degradation__p039_blur_fading_moderate,p039__blur_fading__moderate,p039__blur_fading__moderate,ok,,,,,,,,,,,,,,,,433152.0,,,,,,20260707.0,,,,,,,,,,,3.0,,,,,,,,,,,0.0,102.0,768.0,666.0,,,,,,,,,,,,,,,,,,,,,,,,,,,,,,,,,,,,,,,,,,,,,,blur_fading,moderate,2.0,True,blur|fading,2.0,514595627.0,3034505494.0,"[1508715719, 844969641]","[{""blur_radius"": 3.0, ""degradation_type"": ""blur"", ""effect_opacity"": 0.75, ""operator_seed"": 3433533670, ""seed"": 1508715719}, {""brightness_factor"": 1.07, ""contrast_factor"": 0.86, ""degradation_type"": ""fading"", ""operator_seed"": 2809444594, ""saturation_factor"": 0.62, ""seed"": 844969641}]",224770.0,176547.0,40.758671320921984,29.93214925130208,121.51540383014157,233.0,44.0,102.0,531.0,635.0,295.00395362141523,368.03916804023856,189268.0,32.08889431423611,0.0,189268.0,6.548464356156664,78.0,p039__blur_fading__moderate_effect_mask.png,data/processed/masks/synthetic_degradation/p039__blur_fading__moderate_effect_mask.png,p039__blur_fading__moderate_degraded.png,data/processed/degraded/synthetic_degradation/p039__blur_fading__moderate_degraded.png,ec94b87b7a3ceb6657d0c5930c61f0e23fd4f56ba4bc0c1dd6443181da0baa93,511456daa7c24f626e61313abff62778129dda94c8b125ddb7ff7b9468248c45,34245.0,678181.0,427,data/processed/clean/p039_clean.png,True,True,data/processed/degraded/synthetic_degradation/p039__blur_fading__moderate_degraded.png,True,True,data/processed/masks/synthetic_degradation/p039__blur_fading__moderate_effect_mask.png,True,True,True,True,True,ok,True,120,100,2026
p039__dirt_dust__severe,p039,,dirt_dust,synthetic_degradation,1.0.0,2026-07-25T18:26:14.087054+00:00,generated,,data/processed/clean/p039_clean.png,,data/processed/masks/synthetic_degradation/p039__dirt_dust__severe_effect_mask.png,,data/processed/degraded/synthetic_degradation/p039__dirt_dust__severe_degraded.png,,,,,,,,768,768,,,,adc7c740921e37111c263492b14ccf28e00ec71749fd54ff92a6a8b1440b58f2,,,ok,,,,,,Art Institute of Chicago,Painting with Troika,Wassily Kandinsky,abstraction_surrealism,synthetic_degradation,data/processed/metadata/metadata_synthetic_degradation.csv,synthetic_degradation__p039_dirt_dust_severe,p039__dirt_dust__severe,p039__dirt_dust__severe,ok,,,,,,,,,,,,,,,,433152.0,,,,,,20260707.0,,,,,,,,,,,3.0,,,,,,,,,,,0.0,102.0,768.0,666.0,,,,,,,,,,,,,,,,,,,,,,,,,,,,,,,,,,,,,,,,,,,,,,dirt_dust,severe,3.0,False,dirt_dust,1.0,7759898.0,3250122848.0,[1529876613],"[{""degradation_type"": ""dirt_dust"", ""grime_strength"": 0.16, ""operator_seed"": 3924894591, ""particle_count_estimate"": 16886, ""particle_density"": 0.0008, ""particle_opacity"": 0.5, ""particle_radius_max"": 7, ""particle_radius_min"": 1, ""seed"": 1529876613}]",226995.0,145690.0,33.63484411938534,24.70058865017361,54.28918251081063,254.0,0.0,102.0,768.0,666.0,276.6021072139474,331.82265083396254,121362.0,20.575968424479164,0.0,121362.0,0.7375213844651497,13.0,p039__dirt_dust__severe_effect_mask.png,data/processed/masks/synthetic_degradation/p039__dirt_dust__severe_effect_mask.png,p039__dirt_dust__severe_degraded.png,data/processed/degraded/synthetic_degradation/p039__dirt_dust__severe_degraded.png,6754368f368223005a1bc4e13d3669970f6a4236d190a0e4f0dff6a0cc2c8563,42026e87cea3d263558f49c2b8c8bf6a9834cbf7f2c1450b51ac1f1888aefa3e,35189.0,718524.0,430,data/processed/clean/p039_clean.png,True,True,data/processed/degraded/synthetic_degradation/p039__dirt_dust__severe_degraded.png,True,True,data/processed/masks/synthetic_degradation/p039__dirt_dust__severe_effect_mask.png,True,True,True,True,True,ok,True,120,100,2026
p039__discolouration__severe,p039,,discolouration,synthetic_degradation,1.0.0,2026-07-25T18:26:12.563812+00:00,generated,,data/processed/clean/p039_clean.png,,data/processed/masks/synthetic_degradation/p039__discolouration__severe_effect_mask.png,,data/processed/degraded/synthetic_degradation/p039__discolouration__severe_degraded.png,,,,,,,,768,768,,,,adc7c740921e37111c263492b14ccf28e00ec71749fd54ff92a6a8b1440b58f2,,,ok,,,,,,Art Institute of Chicago,Painting with Troika,Wassily Kandinsky,abstraction_surrealism,synthetic_degradation,data/processed/metadata/metadata_synthetic_degradation.csv,synthetic_degradation__p039_discolouration_severe,p039__discolouration__severe,p039__discolouration__severe,ok,,,,,,,,,,,,,,,,433152.0,,,,,,20260707.0,,,,,,,,,,,3.0,,,,,,,,,,,0.0,102.0,768.0,666.0,,,,,,,,,,,,,,,,,,,,,,,,,,,,,,,,,,,,,,,,,,,,,,discolouration,severe,3.0,False,discolouration,1.0,85495916.0,1849544327.0,[1606319826],"[{""channel_scale_b"": 0.76, ""channel_scale_g"": 0.94, ""channel_scale_r"": 1.15, ""degradation_type"": ""discolouration"", ""operator_seed"": 3785308540, ""seed"": 1606319826}]",359602.0,304825.0,70.37367944739952,51.68067084418403,127.93123267448536,209.0,0.0,102.0,768.0,649.0,354.29883375707374,390.0860034445994,326315.0,55.32413058810764,0.0,326315.0,7.043826230109955,40.0,p039__discolouration__severe_effect_mask.png,data/processed/masks/synthetic_degradation/p039__discolouration__severe_effect_mask.png,p039__discolouration__severe_degraded.png,data/processed/degraded/synthetic_degradation/p039__discolouration__severe_degraded.png,3facaaad068cc02e02f7b65381e39443dcaa58a1252186eb9039644a645d1345,a1bb2a0142bd1e49684ccca31b04904c278bcd394a79bb3b2bc97340f7327c6f,44445.0,716277.0,433,data/processed/clean/p039_clean.png,True,True,data/processed/degraded/synthetic_degradation/p039__discolouration__severe_degraded.png,True,True,data/processed/masks/synthetic_degradation/p039__discolouration__severe_effect_mask.png,True,True,True,True,True,ok,True,120,100,2026
p039__fading__severe,p039,,fading,synthetic_degradation,1.0.0,2026-07-25T18:26:11.024224+00:00,generated,,data/processed/clean/p039_clean.png,,data/processed/masks/synthetic_degradation/p039__fading__severe_effect_mask.png,,data/processed/degraded/synthetic_degradation/p039__fading__severe_degraded.png,,,,,,,,768,768,,,,adc7c740921e37111c263492b14ccf28e00ec71749fd54ff92a6a8b1440b58f2,,,ok,,,,,,Art Institute of Chicago,Painting with Troika,Wassily Kandinsky,abstraction_surrealism,synthetic_degradation,data/processed/metadata/metadata_synthetic_degradation.csv,synthetic_degradation__p039_fading_severe,p039__fading__severe,p039__fading__severe,ok,,,,,,,,,,,,,,,,433152.0,,,,,,20260707.0,,,,,,,,,,,3.0,,,,,,,,,,,0.0,102.0,768.0,666.0,,,,,,,,,,,,,,,,,,,,,,,,,,,,,,,,,,,,,,,,,,,,,,fading,severe,3.0,False,fading,1.0,2614108124.0,3134627438.0,[3252787489],"[{""brightness_factor"": 1.12, ""contrast_factor"": 0.76, ""degradation_type"": ""fading"", ""operator_seed"": 3687415701, ""saturation_factor"": 0.42, ""seed"": 3252787489}]",366262.0,305709.0,70.57776484929079,51.83054606119792,136.70871973020095,244.0,18.0,102.0,768.0,666.0,385.2854446548842,390.2466365072667,327738.0,55.56538899739584,0.0,327738.0,9.580713623944972,91.0,p039__fading__severe_effect_mask.png,data/processed/masks/synthetic_degradation/p039__fading__severe_effect_mask.png,p039__fading__severe_degraded.png,data/processed/degraded/synthetic_degradation/p039__fading__severe_degraded.png,06c98e693e2ed169db3d0fede6d762142e7eff530b979842cc331470cc0a7944,9452bd96a256c3aa98137ff90aa234215de2f55e50ee31fe19c8ae98ea84415e,48233.0,697985.0,436,data/processed/clean/p039_clean.png,True,True,data/processed/degraded/synthetic_degradation/p039__fading__severe_degraded.png,True,True,data/processed/masks/synthetic_degradation/p039__fading__severe_effect_mask.png,True,True,True,True,True,ok,True,120,100,2026
p039__fading_discolouration__moderate,p039,,fading_discolouration,synthetic_degradation,1.0.0,2026-07-25T18:26:16.138880+00:00,generated,,data/processed/clean/p039_clean.png,,data/processed/masks/synthetic_degradation/p039__fading_discolouration__moderate_effect_mask.png,,data/processed/degraded/synthetic_degradation/p039__fading_discolouration__moderate_degraded.png,,,,,,,,768,768,,,,adc7c740921e37111c263492b14ccf28e00ec71749fd54ff92a6a8b1440b58f2,,,ok,,,,,,Art Institute of Chicago,Painting with Troika,Wassily Kandinsky,abstraction_surrealism,synthetic_degradation,data/processed/metadata/metadata_synthetic_degradation.csv,synthetic_degradation__p039_fading_discolouration_moderate,p039__fading_discolouration__moderate,p039__fading_discolouration__moderate,ok,,,,,,,,,,,,,,,,433152.0,,,,,,20260707.0,,,,,,,,,,,3.0,,,,,,,,,,,0.0,102.0,768.0,666.0,,,,,,,,,,,,,,,,,,,,,,,,,,,,,,,,,,,,,,,,,,,,,,fading_discolouration,moderate,2.0,True,fading|discolouration,2.0,2082809100.0,2370158134.0,"[3447617737, 3907355931]","[{""brightness_factor"": 1.07, ""contrast_factor"": 0.86, ""degradation_type"": ""fading"", ""operator_seed"": 468844501, ""saturation_factor"": 0.62, ""seed"": 3447617737}, {""channel_scale_b"": 0.86, ""channel_scale_g"": 0.97, ""channel_scale_r"": 1.09, ""degradation_type"": ""discolouration"", ""operator_seed"": 608965922, ""seed"": 3907355931}]",178299.0,132996.0,30.70423315602837,22.54842122395833,118.35583776955698,234.0,291.0,143.0,676.0,596.0,484.812189840296,369.6879154260279,146438.0,24.827406141493054,0.0,146438.0,3.223349542061369,39.0,p039__fading_discolouration__moderate_effect_mask.png,data/processed/masks/synthetic_degradation/p039__fading_discolouration__moderate_effect_mask.png,p039__fading_discolouration__moderate_degraded.png,data/processed/degraded/synthetic_degradation/p039__fading_discolouration__moderate_degraded.png,b1c6dee5cbec161dd3d9d5d1307543cc4c8a859051380d277eb5702bba7663a7,a1b246e7dc9467ed412794f1696fe234a8799492604c9f4a4ce946e0e751c8bf,27535.0,713163.0,437,data/processed/clean/p039_clean.png,True,True,data/processed/degraded/synthetic_degradation/p039__fading_discolouration__moderate_degraded.png,True,True,data/processed/masks/synthetic_degradation/p039__fading_discolouration__moderate_effect_mask.png,True,True,True,True,True,ok,True,120,100,2026
p039__partial_transparency__severe,p039,,partial_transparency,synthetic_degradation,1.0.0,2026-07-25T18:26:15.551425+00:00,generated,,data/processed/clean/p039_clean.png,,data/processed/masks/synthetic_degradation/p039__partial_transparency__severe_effect_mask.png,,data/processed/degraded/synthetic_degradation/p039__partial_transparency__severe_degraded.png,,,,,,,,768,768,,,,adc7c740921e37111c263492b14ccf28e00ec71749fd54ff92a6a8b1440b58f2,,,ok,,,,,,Art Institute of Chicago,Painting with Troika,Wassily Kandinsky,abstraction_surrealism,synthetic_degradation,data/processed/metadata/metadata_synthetic_degradation.csv,synthetic_degradation__p039_partial_transparency_severe,p039__partial_transparency__severe,p039__partial_transparency__severe,ok,,,,,,,,,,,,,,,,433152.0,,,,,,20260707.0,,,,,,,,,,,3.0,,,,,,,,,,,0.0,102.0,768.0,666.0,,,,,,,,,,,,,,,,,,,,,,,,,,,,,,,,,,,,,,,,,,,,,,partial_transparency,severe,3.0,False,partial_transparency,1.0,3471090889.0,40085232.0,[312693467],"[{""degradation_type"": ""partial_transparency"", ""operator_seed"": 2839704830, ""seed"": 312693467, ""substrate_colour_rgb"": [196, 178, 145], ""transparency_alpha"": 0.4}]",331500.0,272563.0,62.925485741725765,46.21090359157986,133.45862057579347,208.0,0.0,140.0,680.0,666.0,333.11827724232563,405.9391480134868,295850.0,50.159030490451386,0.0,295850.0,12.10092207139266,62.0,p039__partial_transparency__severe_effect_mask.png,data/processed/masks/synthetic_degradation/p039__partial_transparency__severe_effect_mask.png,p039__partial_transparency__severe_degraded.png,data/processed/degraded/synthetic_degradation/p039__partial_transparency__severe_degraded.png,2d1b3c826607f5b4ac722468df2d8a18e86193428b4a20338651e317a70768f5,c9447431a675ee59188859f5fe44035b3b22053cf6fe5309a01ee56241cab335,40626.0,686485.0,440,data/processed/clean/p039_clean.png,True,True,data/processed/degraded/synthetic_degradation/p039__partial_transparency__severe_degraded.png,True,True,data/processed/masks/synthetic_degradation/p039__partial_transparency__severe_effect_mask.png,True,True,True,True,True,ok,True,120,100,2026
p039__water_stain__severe,p039,,water_stain,synthetic_degradation,1.0.0,2026-07-25T18:26:09.445966+00:00,generated,,data/processed/clean/p039_clean.png,,data/processed/masks/synthetic_degradation/p039__water_stain__severe_effect_mask.png,,data/processed/degraded/synthetic_degradation/p039__water_stain__severe_degraded.png,,,,,,,,768,768,,,,adc7c740921e37111c263492b14ccf28e00ec71749fd54ff92a6a8b1440b58f2,,,ok,,,,,,Art Institute of Chicago,Painting with Troika,Wassily Kandinsky,abstraction_surrealism,synthetic_degradation,data/processed/metadata/metadata_synthetic_degradation.csv,synthetic_degradation__p039_water_stain_severe,p039__water_stain__severe,p039__water_stain__severe,ok,,,,,,,,,,,,,,,,433152.0,,,,,,20260707.0,,,,,,,,,,,3.0,,,,,,,,,,,0.0,102.0,768.0,666.0,,,,,,,,,,,,,,,,,,,,,,,,,,,,,,,,,,,,,,,,,,,,,,water_stain,severe,3.0,False,water_stain,1.0,686148733.0,310410505.0,[2662601937],"[{""degradation_type"": ""water_stain"", ""operator_seed"": 1664570367, ""ring_strength"": 0.38, ""seed"": 2662601937, ""stain_colour_rgb"": [116, 72, 34], ""stain_opacity"": 0.4}]",151850.0,123853.0,28.59342678782506,20.99829779730903,86.60294865687548,118.0,175.0,139.0,768.0,582.0,408.3494545953671,360.142564168813,145013.0,24.58580864800347,0.0,145013.0,7.558404126879596,33.0,p039__water_stain__severe_effect_mask.png,data/processed/masks/synthetic_degradation/p039__water_stain__severe_effect_mask.png,p039__water_stain__severe_degraded.png,data/processed/degraded/synthetic_degradation/p039__water_stain__severe_degraded.png,08131ccfa140cca88b73f13cef7535b0a5afd806e65d69fbb49ad28843d4b3ab,11a7a4b4f8bf52fb118ffc687a1d921557830cf6c58bfe92a7e2e35251fb8bce,24847.0,710586.0,443,data/processed/clean/p039_clean.png,True,True,data/processed/degraded/synthetic_degradation/p039__water_stain__severe_degraded.png,True,True,data/processed/masks/synthetic_degradation/p039__water_stain__severe_effect_mask.png,True,True,True,True,True,ok,True,120,100,2026
p039__water_stain_dirt__moderate,p039,,water_stain_dirt,synthetic_degradation,1.0.0,2026-07-25T18:26:16.758346+00:00,generated,,data/processed/clean/p039_clean.png,,data/processed/masks/synthetic_degradation/p039__water_stain_dirt__moderate_effect_mask.png,,data/processed/degraded/synthetic_degradation/p039__water_stain_dirt__moderate_degraded.png,,,,,,,,768,768,,,,adc7c740921e37111c263492b14ccf28e00ec71749fd54ff92a6a8b1440b58f2,,,ok,,,,,,Art Institute of Chicago,Painting with Troika,Wassily Kandinsky,abstraction_surrealism,synthetic_degradation,data/processed/metadata/metadata_synthetic_degradation.csv,synthetic_degradation__p039_water_stain_dirt_moderate,p039__water_stain_dirt__moderate,p039__water_stain_dirt__moderate,ok,,,,,,,,,,,,,,,,433152.0,,,,,,20260707.0,,,,,,,,,,,3.0,,,,,,,,,,,0.0,102.0,768.0,666.0,,,,,,,,,,,,,,,,,,,,,,,,,,,,,,,,,,,,,,,,,,,,,,water_stain_dirt,moderate,2.0,True,water_stain|dirt_dust,2.0,4106022158.0,3635916685.0,"[3543378330, 36496837]","[{""degradation_type"": ""water_stain"", ""operator_seed"": 3584466936, ""ring_strength"": 0.28, ""seed"": 3543378330, ""stain_colour_rgb"": [132, 91, 45], ""stain_opacity"": 0.28}, {""degradation_type"": ""dirt_dust"", ""grime_strength"": 0.1, ""operator_seed"": 626587268, ""particle_count_estimate"": 41963, ""particle_density"": 0.00045, ""particle_opacity"": 0.36, ""particle_radius_max"": 5, ""particle_radius_min"": 1, ""seed"": 36496837}]",72227.0,60667.0,14.005937869385344,10.28561062282986,91.4601513178499,121.0,381.0,119.0,762.0,476.0,576.2742017901,302.9335882769875,70638.0,11.976114908854168,0.0,70638.0,5.432105260728906,21.0,p039__water_stain_dirt__moderate_effect_mask.png,data/processed/masks/synthetic_degradation/p039__water_stain_dirt__moderate_effect_mask.png,p039__water_stain_dirt__moderate_degraded.png,data/processed/degraded/synthetic_degradation/p039__water_stain_dirt__moderate_degraded.png,bf4501327e967bc8c3114b544f59622c3f89417f7114bfc49fc839c64cdc6a12,49e4776ea277aa2a9459b14cb78ee9797312b12dedea7e07de4cc394731a198e,14448.0,714203.0,444,data/processed/clean/p039_clean.png,True,True,data/processed/degraded/synthetic_degradation/p039__water_stain_dirt__moderate_degraded.png,True,True,data/processed/masks/synthetic_degradation/p039__water_stain_dirt__moderate_effect_mask.png,True,True,True,True,True,ok,True,120,100,2026
p043__blur__severe,p043,,blur,synthetic_degradation,1.0.0,2026-07-25T18:26:19.262746+00:00,generated,,data/processed/clean/p043_clean.png,,data/processed/masks/synthetic_degradation/p043__blur__severe_effect_mask.png,,data/processed/degraded/synthetic_degradation/p043__blur__severe_degraded.png,,,,,,,,768,768,,,,e18e79fb0a876169e1a315935be5e67a403e0c089c60841a2f34e1b6ba3b3fcd,,,ok,,,,,,The Metropolitan Museum of Art,The Card Players,Paul Cézanne,high_texture_brushwork,synthetic_degradation,data/processed/metadata/metadata_synthetic_degradation.csv,synthetic_degradation__p043_blur_severe,p043__blur__severe,p043__blur__severe,ok,,,,,,,,,,,,,,,,469248.0,,,,,,20260707.0,,,,,,,,,,,4.0,,,,,,,,,,,0.0,78.0,768.0,689.0,,,,,,,,,,,,,,,,,,,,,,,,,,,,,,,,,,,,,,,,,,,,,,blur,severe,3.0,False,blur,1.0,3223807263.0,3663325804.0,[2965417317],"[{""blur_radius"": 5.0, ""degradation_type"": ""blur"", ""effect_opacity"": 0.95, ""operator_seed"": 946646503, ""seed"": 2965417317}]",396990.0,352597.0,75.14086367975996,59.78003607855903,152.97622498206167,250.0,0.0,78.0,685.0,689.0,319.3696514717936,395.9158245816045,342917.0,58.13886854383681,0.0,342917.0,5.218534471901055,87.0,p043__blur__severe_effect_mask.png,data/processed/masks/synthetic_degradation/p043__blur__severe_effect_mask.png,p043__blur__severe_degraded.png,data/processed/degraded/synthetic_degradation/p043__blur__severe_degraded.png,45c2f0c6bdbc8653df5929b532caa35c5a289e0a2146b6b1e0ffb561b9d36b0f,eb3d79d7215f980000eb11267bf46ec3d53ae208afbea42316a2bb812e6a6e45,50413.0,649269.0,447,data/processed/clean/p043_clean.png,True,True,data/processed/degraded/synthetic_degradation/p043__blur__severe_degraded.png,True,True,data/processed/masks/synthetic_degradation/p043__blur__severe_effect_mask.png,True,True,True,True,True,ok,True,120,100,2026
p043__blur_fading__moderate,p043,,blur_fading,synthetic_degradation,1.0.0,2026-07-25T18:26:29.625476+00:00,generated,,data/processed/clean/p043_clean.png,,data/processed/masks/synthetic_degradation/p043__blur_fading__moderate_effect_mask.png,,data/processed/degraded/synthetic_degradation/p043__blur_fading__moderate_degraded.png,,,,,,,,768,768,,,,e18e79fb0a876169e1a315935be5e67a403e0c089c60841a2f34e1b6ba3b3fcd,,,ok,,,,,,The Metropolitan Museum of Art,The Card Players,Paul Cézanne,high_texture_brushwork,synthetic_degradation,data/processed/metadata/metadata_synthetic_degradation.csv,synthetic_degradation__p043_blur_fading_moderate,p043__blur_fading__moderate,p043__blur_fading__moderate,ok,,,,,,,,,,,,,,,,469248.0,,,,,,20260707.0,,,,,,,,,,,4.0,,,,,,,,,,,0.0,78.0,768.0,689.0,,,,,,,,,,,,,,,,,,,,,,,,,,,,,,,,,,,,,,,,,,,,,,blur_fading,moderate,2.0,True,blur|fading,2.0,900973247.0,1384739314.0,"[2834409647, 2150565813]","[{""blur_radius"": 3.0, ""degradation_type"": ""blur"", ""effect_opacity"": 0.75, ""operator_seed"": 3213207392, ""seed"": 2834409647}, {""brightness_factor"": 1.07, ""contrast_factor"": 0.86, ""degradation_type"": ""fading"", ""operator_seed"": 3226867699, ""saturation_factor"": 0.62, ""seed"": 2150565813}]",285936.0,220873.0,47.06956662575013,37.44727240668403,115.92893201070298,217.0,39.0,109.0,684.0,633.0,353.5793691397319,415.75711834402574,216101.0,36.63821750217014,0.0,216101.0,3.5280120959468784,50.0,p043__blur_fading__moderate_effect_mask.png,data/processed/masks/synthetic_degradation/p043__blur_fading__moderate_effect_mask.png,p043__blur_fading__moderate_degraded.png,data/processed/degraded/synthetic_degradation/p043__blur_fading__moderate_degraded.png,d902837d05ef81f4b474366759a8064efddeefa52823b9e9e2b2e07aa51e530d,be152abe811262e4cbf274040ebcd8e71f5aa4ce92ff3feb800d69df60d9dc2b,40094.0,728481.0,448,data/processed/clean/p043_clean.png,True,True,data/processed/degraded/synthetic_degradation/p043__blur_fading__moderate_degraded.png,True,True,data/processed/masks/synthetic_degradation/p043__blur_fading__moderate_effect_mask.png,True,True,True,True,True,ok,True,120,100,2026
p043__dirt_dust__severe,p043,,dirt_dust,synthetic_degradation,1.0.0,2026-07-25T18:26:25.984041+00:00,generated,,data/processed/clean/p043_clean.png,,data/processed/masks/synthetic_degradation/p043__dirt_dust__severe_effect_mask.png,,data/processed/degraded/synthetic_degradation/p043__dirt_dust__severe_degraded.png,,,,,,,,768,768,,,,e18e79fb0a876169e1a315935be5e67a403e0c089c60841a2f34e1b6ba3b3fcd,,,ok,,,,,,The Metropolitan Museum of Art,The Card Players,Paul Cézanne,high_texture_brushwork,synthetic_degradation,data/processed/metadata/metadata_synthetic_degradation.csv,synthetic_degradation__p043_dirt_dust_severe,p043__dirt_dust__severe,p043__dirt_dust__severe,ok,,,,,,,,,,,,,,,,469248.0,,,,,,20260707.0,,,,,,,,,,,4.0,,,,,,,,,,,0.0,78.0,768.0,689.0,,,,,,,,,,,,,,,,,,,,,,,,,,,,,,,,,,,,,,,,,,,,,,dirt_dust,severe,3.0,False,dirt_dust,1.0,528854863.0,1640826294.0,[1773239251],"[{""degradation_type"": ""dirt_dust"", ""grime_strength"": 0.16, ""operator_seed"": 3951012997, ""particle_count_estimate"": 17999, ""particle_density"": 0.0008, ""particle_opacity"": 0.5, ""particle_radius_max"": 7, ""particle_radius_min"": 1, ""seed"": 1773239251}]",226610.0,131849.0,28.09793542007638,22.353956434461807,58.77727551972332,255.0,5.0,78.0,768.0,689.0,490.0469324757867,342.6003534346108,81232.0,13.77224392361111,0.0,81232.0,0.4561640410102525,12.0,p043__dirt_dust__severe_effect_mask.png,data/processed/masks/synthetic_degradation/p043__dirt_dust__severe_effect_mask.png,p043__dirt_dust__severe_degraded.png,data/processed/degraded/synthetic_degradation/p043__dirt_dust__severe_degraded.png,0cfdf249346b938307299538810b140119fe33a3d4524b8ddd6716e9e10fc1cd,7c0a2b55793a59e18b9e6ebb7f973dece43772f33aaf7c0a13d34f02d7a09f5d,35173.0,774325.0,451,data/processed/clean/p043_clean.png,True,True,data/processed/degraded/synthetic_degradation/p043__dirt_dust__severe_degraded.png,True,True,data/processed/masks/synthetic_degradation/p043__dirt_dust__severe_effect_mask.png,True,True,True,True,True,ok,True,120,100,2026
p043__discolouration__severe,p043,,discolouration,synthetic_degradation,1.0.0,2026-07-25T18:26:24.356620+00:00,generated,,data/processed/clean/p043_clean.png,,data/processed/masks/synthetic_degradation/p043__discolouration__severe_effect_mask.png,,data/processed/degraded/synthetic_degradation/p043__discolouration__severe_degraded.png,,,,,,,,768,768,,,,e18e79fb0a876169e1a315935be5e67a403e0c089c60841a2f34e1b6ba3b3fcd,,,ok,,,,,,The Metropolitan Museum of Art,The Card Players,Paul Cézanne,high_texture_brushwork,synthetic_degradation,data/processed/metadata/metadata_synthetic_degradation.csv,synthetic_degradation__p043_discolouration_severe,p043__discolouration__severe,p043__discolouration__severe,ok,,,,,,,,,,,,,,,,469248.0,,,,,,20260707.0,,,,,,,,,,,4.0,,,,,,,,,,,0.0,78.0,768.0,689.0,,,,,,,,,,,,,,,,,,,,,,,,,,,,,,,,,,,,,,,,,,,,,,discolouration,severe,3.0,False,discolouration,1.0,1585564209.0,2811611065.0,[2528137747],"[{""channel_scale_b"": 0.76, ""channel_scale_g"": 0.94, ""channel_scale_r"": 1.15, ""degradation_type"": ""discolouration"", ""operator_seed"": 3928612199, ""seed"": 2528137747}]",362150.0,318443.0,67.8624096426623,53.98949517144097,163.9154825196346,254.0,0.0,78.0,768.0,561.0,384.4130817760165,303.5805497373156,329337.0,55.83648681640625,0.0,329337.0,8.072454323714851,46.0,p043__discolouration__severe_effect_mask.png,data/processed/masks/synthetic_degradation/p043__discolouration__severe_effect_mask.png,p043__discolouration__severe_degraded.png,data/processed/degraded/synthetic_degradation/p043__discolouration__severe_degraded.png,3412e7d9e19d06c93ef78a77baecb46ae7d06ca9f1e0c127753a4b16973fea46,099b04cf27b3ff6cee862f21ba9e56e94b11f7423cdc244f14f983fe45a8a893,39757.0,771982.0,454,data/processed/clean/p043_clean.png,True,True,data/processed/degraded/synthetic_degradation/p043__discolouration__severe_degraded.png,True,True,data/processed/masks/synthetic_degradation/p043__discolouration__severe_effect_mask.png,True,True,True,True,True,ok,True,120,100,2026
p043__fading__severe,p043,,fading,synthetic_degradation,1.0.0,2026-07-25T18:26:22.698685+00:00,generated,,data/processed/clean/p043_clean.png,,data/processed/masks/synthetic_degradation/p043__fading__severe_effect_mask.png,,data/processed/degraded/synthetic_degradation/p043__fading__severe_degraded.png,,,,,,,,768,768,,,,e18e79fb0a876169e1a315935be5e67a403e0c089c60841a2f34e1b6ba3b3fcd,,,ok,,,,,,The Metropolitan Museum of Art,The Card Players,Paul Cézanne,high_texture_brushwork,synthetic_degradation,data/processed/metadata/metadata_synthetic_degradation.csv,synthetic_degradation__p043_fading_severe,p043__fading__severe,p043__fading__severe,ok,,,,,,,,,,,,,,,,469248.0,,,,,,20260707.0,,,,,,,,,,,4.0,,,,,,,,,,,0.0,78.0,768.0,689.0,,,,,,,,,,,,,,,,,,,,,,,,,,,,,,,,,,,,,,,,,,,,,,fading,severe,3.0,False,fading,1.0,3838735235.0,4110419080.0,[795141871],"[{""brightness_factor"": 1.12, ""contrast_factor"": 0.76, ""degradation_type"": ""fading"", ""operator_seed"": 210070882, ""saturation_factor"": 0.42, ""seed"": 795141871}]",422053.0,367995.0,78.42228416530278,62.390645345052086,121.18910311281404,219.0,30.0,78.0,768.0,689.0,418.5556379842117,377.20890229486815,379110.0,64.27510579427084,0.0,379110.0,4.6314775632444265,40.0,p043__fading__severe_effect_mask.png,data/processed/masks/synthetic_degradation/p043__fading__severe_effect_mask.png,p043__fading__severe_degraded.png,data/processed/degraded/synthetic_degradation/p043__fading__severe_degraded.png,2dd4a314b17f421f889a194efe328e0f8952a1d23cead9b6b017745f122b2942,ff561787d0ae9a2b7e858b7160086dcaa062262c4ab2ce643e38e6b51d2579e7,52077.0,755046.0,457,data/processed/clean/p043_clean.png,True,True,data/processed/degraded/synthetic_degradation/p043__fading__severe_degraded.png,True,True,data/processed/masks/synthetic_degradation/p043__fading__severe_effect_mask.png,True,True,True,True,True,ok,True,120,100,2026
p043__fading_discolouration__moderate,p043,,fading_discolouration,synthetic_degradation,1.0.0,2026-07-25T18:26:28.258016+00:00,generated,,data/processed/clean/p043_clean.png,,data/processed/masks/synthetic_degradation/p043__fading_discolouration__moderate_effect_mask.png,,data/processed/degraded/synthetic_degradation/p043__fading_discolouration__moderate_degraded.png,,,,,,,,768,768,,,,e18e79fb0a876169e1a315935be5e67a403e0c089c60841a2f34e1b6ba3b3fcd,,,ok,,,,,,The Metropolitan Museum of Art,The Card Players,Paul Cézanne,high_texture_brushwork,synthetic_degradation,data/processed/metadata/metadata_synthetic_degradation.csv,synthetic_degradation__p043_fading_discolouration_moderate,p043__fading_discolouration__moderate,p043__fading_discolouration__moderate,ok,,,,,,,,,,,,,,,,469248.0,,,,,,20260707.0,,,,,,,,,,,4.0,,,,,,,,,,,0.0,78.0,768.0,689.0,,,,,,,,,,,,,,,,,,,,,,,,,,,,,,,,,,,,,,,,,,,,,,fading_discolouration,moderate,2.0,True,fading|discolouration,2.0,1287263318.0,1543370410.0,"[1360473514, 3340687100]","[{""brightness_factor"": 1.07, ""contrast_factor"": 0.86, ""degradation_type"": ""fading"", ""operator_seed"": 1328191367, ""saturation_factor"": 0.62, ""seed"": 1360473514}, {""channel_scale_b"": 0.86, ""channel_scale_g"": 0.97, ""channel_scale_r"": 1.09, ""degradation_type"": ""discolouration"", ""operator_seed"": 1131451964, ""seed"": 3340687100}]",281486.0,232378.0,49.52136183851609,39.397854275173614,127.08170739054472,198.0,0.0,133.0,603.0,643.0,261.40483178269886,397.11537236743584,238245.0,40.39255777994792,0.0,238245.0,3.636150051275493,29.0,p043__fading_discolouration__moderate_effect_mask.png,data/processed/masks/synthetic_degradation/p043__fading_discolouration__moderate_effect_mask.png,p043__fading_discolouration__moderate_degraded.png,data/processed/degraded/synthetic_degradation/p043__fading_discolouration__moderate_degraded.png,3e2f380f045791f1e0564d96615b53d4d96687001b067384393b993bfaff2fae,d3c45013e7664b517266b5541d99f26dbc039147640a5fd6c8bc688d70ade45e,36737.0,768073.0,458,data/processed/clean/p043_clean.png,True,True,data/processed/degraded/synthetic_degradation/p043__fading_discolouration__moderate_degraded.png,True,True,data/processed/masks/synthetic_degradation/p043__fading_discolouration__moderate_effect_mask.png,True,True,True,True,True,ok,True,120,100,2026
p043__partial_transparency__severe,p043,,partial_transparency,synthetic_degradation,1.0.0,2026-07-25T18:26:27.612081+00:00,generated,,data/processed/clean/p043_clean.png,,data/processed/masks/synthetic_degradation/p043__partial_transparency__severe_effect_mask.png,,data/processed/degraded/synthetic_degradation/p043__partial_transparency__severe_degraded.png,,,,,,,,768,768,,,,e18e79fb0a876169e1a315935be5e67a403e0c089c60841a2f34e1b6ba3b3fcd,,,ok,,,,,,The Metropolitan Museum of Art,The Card Players,Paul Cézanne,high_texture_brushwork,synthetic_degradation,data/processed/metadata/metadata_synthetic_degradation.csv,synthetic_degradation__p043_partial_transparency_severe,p043__partial_transparency__severe,p043__partial_transparency__severe,ok,,,,,,,,,,,,,,,,469248.0,,,,,,20260707.0,,,,,,,,,,,4.0,,,,,,,,,,,0.0,78.0,768.0,689.0,,,,,,,,,,,,,,,,,,,,,,,,,,,,,,,,,,,,,,,,,,,,,,partial_transparency,severe,3.0,False,partial_transparency,1.0,3059946402.0,2129920160.0,[2469428083],"[{""degradation_type"": ""partial_transparency"", ""operator_seed"": 530458022, ""seed"": 2469428083, ""substrate_colour_rgb"": [196, 178, 145], ""transparency_alpha"": 0.4}]",392184.0,336315.0,71.67105666939443,57.019551595052086,143.82276734608922,245.0,0.0,78.0,731.0,689.0,346.93818592688405,401.1738697352185,365708.0,62.002902560763886,0.0,365708.0,17.09900284900285,69.0,p043__partial_transparency__severe_effect_mask.png,data/processed/masks/synthetic_degradation/p043__partial_transparency__severe_effect_mask.png,p043__partial_transparency__severe_degraded.png,data/processed/degraded/synthetic_degradation/p043__partial_transparency__severe_degraded.png,4006cb0ee1db3acd95b4bac4054879a62bf6c9ae27f803cf430dd5f93507a01d,d7a7d193ddc1ef503d12ff185c4f42b0760c7b7bf076056be8dcc66e42cbb81f,52175.0,731775.0,461,data/processed/clean/p043_clean.png,True,True,data/processed/degraded/synthetic_degradation/p043__partial_transparency__severe_degraded.png,True,True,data/processed/masks/synthetic_degradation/p043__partial_transparency__severe_effect_mask.png,True,True,True,True,True,ok,True,120,100,2026
p043__water_stain__severe,p043,,water_stain,synthetic_degradation,1.0.0,2026-07-25T18:26:20.992159+00:00,generated,,data/processed/clean/p043_clean.png,,data/processed/masks/synthetic_degradation/p043__water_stain__severe_effect_mask.png,,data/processed/degraded/synthetic_degradation/p043__water_stain__severe_degraded.png,,,,,,,,768,768,,,,e18e79fb0a876169e1a315935be5e67a403e0c089c60841a2f34e1b6ba3b3fcd,,,ok,,,,,,The Metropolitan Museum of Art,The Card Players,Paul Cézanne,high_texture_brushwork,synthetic_degradation,data/processed/metadata/metadata_synthetic_degradation.csv,synthetic_degradation__p043_water_stain_severe,p043__water_stain__severe,p043__water_stain__severe,ok,,,,,,,,,,,,,,,,469248.0,,,,,,20260707.0,,,,,,,,,,,4.0,,,,,,,,,,,0.0,78.0,768.0,689.0,,,,,,,,,,,,,,,,,,,,,,,,,,,,,,,,,,,,,,,,,,,,,,water_stain,severe,3.0,False,water_stain,1.0,3398611832.0,3941044996.0,[4260732882],"[{""degradation_type"": ""water_stain"", ""operator_seed"": 2910607322, ""ring_strength"": 0.38, ""seed"": 4260732882, ""stain_colour_rgb"": [116, 72, 34], ""stain_opacity"": 0.4}]",166821.0,142812.0,30.43422667757774,24.212646484375,91.20691538526174,137.0,114.0,78.0,768.0,590.0,392.46216004257343,371.4907150659608,158214.0,26.823933919270832,0.0,158214.0,6.154303115315218,31.0,p043__water_stain__severe_effect_mask.png,data/processed/masks/synthetic_degradation/p043__water_stain__severe_effect_mask.png,p043__water_stain__severe_degraded.png,data/processed/degraded/synthetic_degradation/p043__water_stain__severe_degraded.png,4118912ed33e87b22761bb525a3ff058de20e9530c179158fb119d1204a49337,f62ffbbbfc437e448397a45c43fb5a9d3dfe3cc2d2093ea8ad491d4fac2748e3,26357.0,763421.0,464,data/processed/clean/p043_clean.png,True,True,data/processed/degraded/synthetic_degradation/p043__water_stain__severe_degraded.png,True,True,data/processed/masks/synthetic_degradation/p043__water_stain__severe_effect_mask.png,True,True,True,True,True,ok,True,120,100,2026
p043__water_stain_dirt__moderate,p043,,water_stain_dirt,synthetic_degradation,1.0.0,2026-07-25T18:26:28.919816+00:00,generated,,data/processed/clean/p043_clean.png,,data/processed/masks/synthetic_degradation/p043__water_stain_dirt__moderate_effect_mask.png,,data/processed/degraded/synthetic_degradation/p043__water_stain_dirt__moderate_degraded.png,,,,,,,,768,768,,,,e18e79fb0a876169e1a315935be5e67a403e0c089c60841a2f34e1b6ba3b3fcd,,,ok,,,,,,The Metropolitan Museum of Art,The Card Players,Paul Cézanne,high_texture_brushwork,synthetic_degradation,data/processed/metadata/metadata_synthetic_degradation.csv,synthetic_degradation__p043_water_stain_dirt_moderate,p043__water_stain_dirt__moderate,p043__water_stain_dirt__moderate,ok,,,,,,,,,,,,,,,,469248.0,,,,,,20260707.0,,,,,,,,,,,4.0,,,,,,,,,,,0.0,78.0,768.0,689.0,,,,,,,,,,,,,,,,,,,,,,,,,,,,,,,,,,,,,,,,,,,,,,water_stain_dirt,moderate,2.0,True,water_stain|dirt_dust,2.0,843761173.0,3972727752.0,"[2412627410, 3160217466]","[{""degradation_type"": ""water_stain"", ""operator_seed"": 645215830, ""ring_strength"": 0.28, ""seed"": 2412627410, ""stain_colour_rgb"": [132, 91, 45], ""stain_opacity"": 0.28}, {""degradation_type"": ""dirt_dust"", ""grime_strength"": 0.1, ""operator_seed"": 2374604602, ""particle_count_estimate"": 54460, ""particle_density"": 0.00045, ""particle_opacity"": 0.36, ""particle_radius_max"": 5, ""particle_radius_min"": 1, ""seed"": 3160217466}]",81615.0,71313.0,15.197294394435351,12.090555826822916,109.04483053580694,149.0,267.0,371.0,751.0,606.0,519.2129485507551,481.41438447407904,79433.0,13.467237684461804,0.0,79433.0,5.624092793399906,24.0,p043__water_stain_dirt__moderate_effect_mask.png,data/processed/masks/synthetic_degradation/p043__water_stain_dirt__moderate_effect_mask.png,p043__water_stain_dirt__moderate_degraded.png,data/processed/degraded/synthetic_degradation/p043__water_stain_dirt__moderate_degraded.png,f5fadaef796e2a91f503ef81bd7cee5ae0a9de69b93335ac6f49456a25834eaa,53f94258edc2d42d7580d67f94e0e4f783479c919b257a1467942837ee4ffe43,14103.0,769272.0,465,data/processed/clean/p043_clean.png,True,True,data/processed/degraded/synthetic_degradation/p043__water_stain_dirt__moderate_degraded.png,True,True,data/processed/masks/synthetic_degradation/p043__water_stain_dirt__moderate_effect_mask.png,True,True,True,True,True,ok,True,120,100,2026
