relative_path,size_bytes
.gitattributes,60
.gitignore,643
config/experiment_50_config.yaml,7111
config/pilot_config.yaml,677
data/model_audit/model_candidates.csv,5383
data/processed/clean/p001_clean.png,723881
data/processed/clean/p002_clean.png,339472
data/processed/clean/p003_clean.png,648764
data/processed/clean/p004_clean.png,709746
data/processed/clean/p005_clean.png,745221
data/processed/clean/p006_clean.png,458402
data/processed/clean/p007_clean.png,618628
data/processed/clean/p008_clean.png,516135
data/processed/clean/p009_clean.png,932461
data/processed/clean/p010_clean.png,947871
data/processed/clean/p011_clean.png,605595
data/processed/clean/p012_clean.png,677316
data/processed/clean/p013_clean.png,718358
data/processed/clean/p014_clean.png,499070
data/processed/clean/p015_clean.png,808253
data/processed/clean/p016_clean.png,798598
data/processed/clean/p017_clean.png,885682
data/processed/clean/p018_clean.png,535564
data/processed/clean/p019_clean.png,831537
data/processed/clean/p020_clean.png,610736
data/processed/clean/p021_clean.png,837813
data/processed/clean/p022_clean.png,731075
data/processed/clean/p023_clean.png,695782
data/processed/clean/p024_clean.png,700806
data/processed/clean/p025_clean.png,764601
data/processed/clean/p026_clean.png,758090
data/processed/clean/p027_clean.png,823450
data/processed/clean/p028_clean.png,618940
data/processed/clean/p029_clean.png,689175
data/processed/clean/p030_clean.png,575569
data/processed/clean/p031_clean.png,994639
data/processed/clean/p032_clean.png,690057
data/processed/clean/p033_clean.png,1112283
data/processed/clean/p034_clean.png,974992
data/processed/clean/p035_clean.png,735142
data/processed/clean/p036_clean.png,285097
data/processed/clean/p037_clean.png,669259
data/processed/clean/p038_clean.png,752038
data/processed/clean/p039_clean.png,717874
data/processed/clean/p040_clean.png,841868
data/processed/clean/p041_clean.png,968222
data/processed/clean/p042_clean.png,597586
data/processed/clean/p043_clean.png,774654
data/processed/clean/p044_clean.png,759092
data/processed/clean/p045_clean.png,876553
data/processed/clean/p046_clean.png,702786
data/processed/clean/p047_clean.png,783654
data/processed/clean/p048_clean.png,766772
data/processed/clean/p049_clean.png,562353
data/processed/clean/p050_clean.png,754887
data/processed/damaged/damage_size_sensitivity/p001__loss_large__size_02pct_damaged.png,710313
data/processed/damaged/damage_size_sensitivity/p001__loss_large__size_04pct_damaged.png,694333
data/processed/damaged/damage_size_sensitivity/p001__loss_large__size_06pct_damaged.png,679312
data/processed/damaged/damage_size_sensitivity/p001__loss_large__size_08pct_damaged.png,666515
data/processed/damaged/damage_size_sensitivity/p001__loss_large__size_10pct_damaged.png,653852
data/processed/damaged/damage_size_sensitivity/p001__loss_large__size_15pct_damaged.png,621541
data/processed/damaged/damage_size_sensitivity/p001__loss_large__size_20pct_damaged.png,587565
data/processed/damaged/damage_size_sensitivity/p018__loss_large__size_02pct_damaged.png,525532
data/processed/damaged/damage_size_sensitivity/p018__loss_large__size_04pct_damaged.png,513993
data/processed/damaged/damage_size_sensitivity/p018__loss_large__size_06pct_damaged.png,503833
data/processed/damaged/damage_size_sensitivity/p018__loss_large__size_08pct_damaged.png,493136
data/processed/damaged/damage_size_sensitivity/p018__loss_large__size_10pct_damaged.png,482808
data/processed/damaged/damage_size_sensitivity/p018__loss_large__size_15pct_damaged.png,455832
data/processed/damaged/damage_size_sensitivity/p018__loss_large__size_20pct_damaged.png,424292
data/processed/damaged/damage_size_sensitivity/p026__loss_large__size_02pct_damaged.png,747755
data/processed/damaged/damage_size_sensitivity/p026__loss_large__size_04pct_damaged.png,736176
data/processed/damaged/damage_size_sensitivity/p026__loss_large__size_06pct_damaged.png,723046
data/processed/damaged/damage_size_sensitivity/p026__loss_large__size_08pct_damaged.png,710709
data/processed/damaged/damage_size_sensitivity/p026__loss_large__size_10pct_damaged.png,697483
data/processed/damaged/damage_size_sensitivity/p026__loss_large__size_15pct_damaged.png,663017
data/processed/damaged/damage_size_sensitivity/p026__loss_large__size_20pct_damaged.png,629024
data/processed/damaged/damage_size_sensitivity/p039__loss_large__size_02pct_damaged.png,707758
data/processed/damaged/damage_size_sensitivity/p039__loss_large__size_04pct_damaged.png,694419
data/processed/damaged/damage_size_sensitivity/p039__loss_large__size_06pct_damaged.png,681033
data/processed/damaged/damage_size_sensitivity/p039__loss_large__size_08pct_damaged.png,666795
data/processed/damaged/damage_size_sensitivity/p039__loss_large__size_10pct_damaged.png,651491
data/processed/damaged/damage_size_sensitivity/p039__loss_large__size_15pct_damaged.png,614607
data/processed/damaged/damage_size_sensitivity/p039__loss_large__size_20pct_damaged.png,576723
data/processed/damaged/damage_size_sensitivity/p043__loss_large__size_02pct_damaged.png,760682
data/processed/damaged/damage_size_sensitivity/p043__loss_large__size_04pct_damaged.png,745714
data/processed/damaged/damage_size_sensitivity/p043__loss_large__size_06pct_damaged.png,730790
data/processed/damaged/damage_size_sensitivity/p043__loss_large__size_08pct_damaged.png,716413
data/processed/damaged/damage_size_sensitivity/p043__loss_large__size_10pct_damaged.png,702223
data/processed/damaged/damage_size_sensitivity/p043__loss_large__size_15pct_damaged.png,665604
data/processed/damaged/damage_size_sensitivity/p043__loss_large__size_20pct_damaged.png,629002
data/processed/damaged/mask_robustness/p001__loss_large__variant_01_damaged.png,637451
data/processed/damaged/mask_robustness/p001__loss_large__variant_02_damaged.png,637965
data/processed/damaged/mask_robustness/p001__loss_large__variant_03_damaged.png,634655
data/processed/damaged/mask_robustness/p001__loss_large__variant_04_damaged.png,629579
data/processed/damaged/mask_robustness/p001__loss_large__variant_05_damaged.png,640108
data/processed/damaged/mask_robustness/p001__loss_small__variant_01_damaged.png,696154
data/processed/damaged/mask_robustness/p001__loss_small__variant_02_damaged.png,697611
data/processed/damaged/mask_robustness/p001__loss_small__variant_03_damaged.png,697768
data/processed/damaged/mask_robustness/p001__loss_small__variant_04_damaged.png,699501
data/processed/damaged/mask_robustness/p001__loss_small__variant_05_damaged.png,696193
data/processed/damaged/mask_robustness/p001__scratch_thin__variant_01_damaged.png,711716
data/processed/damaged/mask_robustness/p001__scratch_thin__variant_02_damaged.png,721825
data/processed/damaged/mask_robustness/p001__scratch_thin__variant_03_damaged.png,722715
data/processed/damaged/mask_robustness/p001__scratch_thin__variant_04_damaged.png,726601
data/processed/damaged/mask_robustness/p001__scratch_thin__variant_05_damaged.png,729570
data/processed/damaged/mask_robustness/p018__loss_large__variant_01_damaged.png,470795
data/processed/damaged/mask_robustness/p018__loss_large__variant_02_damaged.png,466972
data/processed/damaged/mask_robustness/p018__loss_large__variant_03_damaged.png,475741
data/processed/damaged/mask_robustness/p018__loss_large__variant_04_damaged.png,467057
data/processed/damaged/mask_robustness/p018__loss_large__variant_05_damaged.png,469072
data/processed/damaged/mask_robustness/p018__loss_small__variant_01_damaged.png,513812
data/processed/damaged/mask_robustness/p018__loss_small__variant_02_damaged.png,515832
data/processed/damaged/mask_robustness/p018__loss_small__variant_03_damaged.png,516722
data/processed/damaged/mask_robustness/p018__loss_small__variant_04_damaged.png,517037
data/processed/damaged/mask_robustness/p018__loss_small__variant_05_damaged.png,512788
data/processed/damaged/mask_robustness/p018__scratch_thin__variant_01_damaged.png,537386
data/processed/damaged/mask_robustness/p018__scratch_thin__variant_02_damaged.png,545109
data/processed/damaged/mask_robustness/p018__scratch_thin__variant_03_damaged.png,538874
data/processed/damaged/mask_robustness/p018__scratch_thin__variant_04_damaged.png,542643
data/processed/damaged/mask_robustness/p018__scratch_thin__variant_05_damaged.png,543511
data/processed/damaged/mask_robustness/p026__loss_large__variant_01_damaged.png,656710
data/processed/damaged/mask_robustness/p026__loss_large__variant_02_damaged.png,676150
data/processed/damaged/mask_robustness/p026__loss_large__variant_03_damaged.png,660819
data/processed/damaged/mask_robustness/p026__loss_large__variant_04_damaged.png,666224
data/processed/damaged/mask_robustness/p026__loss_large__variant_05_damaged.png,659216
data/processed/damaged/mask_robustness/p026__loss_small__variant_01_damaged.png,732416
data/processed/damaged/mask_robustness/p026__loss_small__variant_02_damaged.png,733297
data/processed/damaged/mask_robustness/p026__loss_small__variant_03_damaged.png,727830
data/processed/damaged/mask_robustness/p026__loss_small__variant_04_damaged.png,733799
data/processed/damaged/mask_robustness/p026__loss_small__variant_05_damaged.png,729259
data/processed/damaged/mask_robustness/p026__scratch_thin__variant_01_damaged.png,762349
data/processed/damaged/mask_robustness/p026__scratch_thin__variant_02_damaged.png,761889
data/processed/damaged/mask_robustness/p026__scratch_thin__variant_03_damaged.png,746608
data/processed/damaged/mask_robustness/p026__scratch_thin__variant_04_damaged.png,759314
data/processed/damaged/mask_robustness/p026__scratch_thin__variant_05_damaged.png,757892
data/processed/damaged/mask_robustness/p039__loss_large__variant_01_damaged.png,633138
data/processed/damaged/mask_robustness/p039__loss_large__variant_02_damaged.png,629179
data/processed/damaged/mask_robustness/p039__loss_large__variant_03_damaged.png,625542
data/processed/damaged/mask_robustness/p039__loss_large__variant_04_damaged.png,629235
data/processed/damaged/mask_robustness/p039__loss_large__variant_05_damaged.png,633165
data/processed/damaged/mask_robustness/p039__loss_small__variant_01_damaged.png,691670
data/processed/damaged/mask_robustness/p039__loss_small__variant_02_damaged.png,690639
data/processed/damaged/mask_robustness/p039__loss_small__variant_03_damaged.png,685055
data/processed/damaged/mask_robustness/p039__loss_small__variant_04_damaged.png,687457
data/processed/damaged/mask_robustness/p039__loss_small__variant_05_damaged.png,690839
data/processed/damaged/mask_robustness/p039__scratch_thin__variant_01_damaged.png,719757
data/processed/damaged/mask_robustness/p039__scratch_thin__variant_02_damaged.png,709701
data/processed/damaged/mask_robustness/p039__scratch_thin__variant_03_damaged.png,722069
data/processed/damaged/mask_robustness/p039__scratch_thin__variant_04_damaged.png,709228
data/processed/damaged/mask_robustness/p039__scratch_thin__variant_05_damaged.png,719881
data/processed/damaged/mask_robustness/p043__loss_large__variant_01_damaged.png,684878
data/processed/damaged/mask_robustness/p043__loss_large__variant_02_damaged.png,684633
data/processed/damaged/mask_robustness/p043__loss_large__variant_03_damaged.png,677060
data/processed/damaged/mask_robustness/p043__loss_large__variant_04_damaged.png,688862
data/processed/damaged/mask_robustness/p043__loss_large__variant_05_damaged.png,676150
data/processed/damaged/mask_robustness/p043__loss_small__variant_01_damaged.png,749303
data/processed/damaged/mask_robustness/p043__loss_small__variant_02_damaged.png,749676
data/processed/damaged/mask_robustness/p043__loss_small__variant_03_damaged.png,748492
data/processed/damaged/mask_robustness/p043__loss_small__variant_04_damaged.png,744744
data/processed/damaged/mask_robustness/p043__loss_small__variant_05_damaged.png,746273
data/processed/damaged/mask_robustness/p043__scratch_thin__variant_01_damaged.png,781861
data/processed/damaged/mask_robustness/p043__scratch_thin__variant_02_damaged.png,779205
data/processed/damaged/mask_robustness/p043__scratch_thin__variant_03_damaged.png,779887
data/processed/damaged/mask_robustness/p043__scratch_thin__variant_04_damaged.png,780365
data/processed/damaged/mask_robustness/p043__scratch_thin__variant_05_damaged.png,777273
data/processed/degraded/synthetic_degradation/p001__blur__mild_degraded.png,720586
data/processed/degraded/synthetic_degradation/p001__blur__moderate_degraded.png,689857
data/processed/degraded/synthetic_degradation/p001__blur__severe_degraded.png,611271
data/processed/degraded/synthetic_degradation/p001__blur_fading__moderate_degraded.png,694359
data/processed/degraded/synthetic_degradation/p001__dirt_dust__mild_degraded.png,723879
data/processed/degraded/synthetic_degradation/p001__dirt_dust__moderate_degraded.png,723870
data/processed/degraded/synthetic_degradation/p001__dirt_dust__severe_degraded.png,723560
data/processed/degraded/synthetic_degradation/p001__discolouration__mild_degraded.png,723892
data/processed/degraded/synthetic_degradation/p001__discolouration__moderate_degraded.png,723791
data/processed/degraded/synthetic_degradation/p001__discolouration__severe_degraded.png,722926
data/processed/degraded/synthetic_degradation/p001__fading__mild_degraded.png,722905
data/processed/degraded/synthetic_degradation/p001__fading__moderate_degraded.png,719638
data/processed/degraded/synthetic_degradation/p001__fading__severe_degraded.png,701692
data/processed/degraded/synthetic_degradation/p001__fading_discolouration__moderate_degraded.png,719096
data/processed/degraded/synthetic_degradation/p001__partial_transparency__mild_degraded.png,722835
data/processed/degraded/synthetic_degradation/p001__partial_transparency__moderate_degraded.png,712160
data/processed/degraded/synthetic_degradation/p001__partial_transparency__severe_degraded.png,668288
data/processed/degraded/synthetic_degradation/p001__water_stain__mild_degraded.png,722497
data/processed/degraded/synthetic_degradation/p001__water_stain__moderate_degraded.png,719851
data/processed/degraded/synthetic_degradation/p001__water_stain__severe_degraded.png,712901
data/processed/degraded/synthetic_degradation/p001__water_stain_dirt__moderate_degraded.png,719594
data/processed/degraded/synthetic_degradation/p018__blur__mild_degraded.png,526763
data/processed/degraded/synthetic_degradation/p018__blur__moderate_degraded.png,493723
data/processed/degraded/synthetic_degradation/p018__blur__severe_degraded.png,432100
data/processed/degraded/synthetic_degradation/p018__blur_fading__moderate_degraded.png,505559
data/processed/degraded/synthetic_degradation/p018__dirt_dust__mild_degraded.png,535685
data/processed/degraded/synthetic_degradation/p018__dirt_dust__moderate_degraded.png,536090
data/processed/degraded/synthetic_degradation/p018__dirt_dust__severe_degraded.png,536411
data/processed/degraded/synthetic_degradation/p018__discolouration__mild_degraded.png,535663
data/processed/degraded/synthetic_degradation/p018__discolouration__moderate_degraded.png,536008
data/processed/degraded/synthetic_degradation/p018__discolouration__severe_degraded.png,535352
data/processed/degraded/synthetic_degradation/p018__fading__mild_degraded.png,534878
data/processed/degraded/synthetic_degradation/p018__fading__moderate_degraded.png,532528
data/processed/degraded/synthetic_degradation/p018__fading__severe_degraded.png,518859
data/processed/degraded/synthetic_degradation/p018__fading_discolouration__moderate_degraded.png,533616
data/processed/degraded/synthetic_degradation/p018__partial_transparency__mild_degraded.png,533989
data/processed/degraded/synthetic_degradation/p018__partial_transparency__moderate_degraded.png,529482
data/processed/degraded/synthetic_degradation/p018__partial_transparency__severe_degraded.png,509322
data/processed/degraded/synthetic_degradation/p018__water_stain__mild_degraded.png,534431
data/processed/degraded/synthetic_degradation/p018__water_stain__moderate_degraded.png,532847
data/processed/degraded/synthetic_degradation/p018__water_stain__severe_degraded.png,529797
data/processed/degraded/synthetic_degradation/p018__water_stain_dirt__moderate_degraded.png,531856
data/processed/degraded/synthetic_degradation/p026__blur__mild_degraded.png,751609
data/processed/degraded/synthetic_degradation/p026__blur__moderate_degraded.png,708277
data/processed/degraded/synthetic_degradation/p026__blur__severe_degraded.png,658364
data/processed/degraded/synthetic_degradation/p026__blur_fading__moderate_degraded.png,730417
data/processed/degraded/synthetic_degradation/p026__dirt_dust__mild_degraded.png,758087
data/processed/degraded/synthetic_degradation/p026__dirt_dust__moderate_degraded.png,758067
data/processed/degraded/synthetic_degradation/p026__dirt_dust__severe_degraded.png,757608
data/processed/degraded/synthetic_degradation/p026__discolouration__mild_degraded.png,758097
data/processed/degraded/synthetic_degradation/p026__discolouration__moderate_degraded.png,757122
data/processed/degraded/synthetic_degradation/p026__discolouration__severe_degraded.png,755630
data/processed/degraded/synthetic_degradation/p026__fading__mild_degraded.png,757661
data/processed/degraded/synthetic_degradation/p026__fading__moderate_degraded.png,754179
data/processed/degraded/synthetic_degradation/p026__fading__severe_degraded.png,744359
data/processed/degraded/synthetic_degradation/p026__fading_discolouration__moderate_degraded.png,750528
data/processed/degraded/synthetic_degradation/p026__partial_transparency__mild_degraded.png,756890
data/processed/degraded/synthetic_degradation/p026__partial_transparency__moderate_degraded.png,752562
data/processed/degraded/synthetic_degradation/p026__partial_transparency__severe_degraded.png,727903
data/processed/degraded/synthetic_degradation/p026__water_stain__mild_degraded.png,756361
data/processed/degraded/synthetic_degradation/p026__water_stain__moderate_degraded.png,753536
data/processed/degraded/synthetic_degradation/p026__water_stain__severe_degraded.png,750367
data/processed/degraded/synthetic_degradation/p026__water_stain_dirt__moderate_degraded.png,753853
data/processed/degraded/synthetic_degradation/p039__blur__mild_degraded.png,708712
data/processed/degraded/synthetic_degradation/p039__blur__moderate_degraded.png,674999
data/processed/degraded/synthetic_degradation/p039__blur__severe_degraded.png,620919
data/processed/degraded/synthetic_degradation/p039__blur_fading__moderate_degraded.png,678181
data/processed/degraded/synthetic_degradation/p039__dirt_dust__mild_degraded.png,717875
data/processed/degraded/synthetic_degradation/p039__dirt_dust__moderate_degraded.png,718048
data/processed/degraded/synthetic_degradation/p039__dirt_dust__severe_degraded.png,718524
data/processed/degraded/synthetic_degradation/p039__discolouration__mild_degraded.png,717987
data/processed/degraded/synthetic_degradation/p039__discolouration__moderate_degraded.png,718168
data/processed/degraded/synthetic_degradation/p039__discolouration__severe_degraded.png,716277
data/processed/degraded/synthetic_degradation/p039__fading__mild_degraded.png,717462
data/processed/degraded/synthetic_degradation/p039__fading__moderate_degraded.png,712513
data/processed/degraded/synthetic_degradation/p039__fading__severe_degraded.png,697985
data/processed/degraded/synthetic_degradation/p039__fading_discolouration__moderate_degraded.png,713163
data/processed/degraded/synthetic_degradation/p039__partial_transparency__mild_degraded.png,717269
data/processed/degraded/synthetic_degradation/p039__partial_transparency__moderate_degraded.png,705246
data/processed/degraded/synthetic_degradation/p039__partial_transparency__severe_degraded.png,686485
data/processed/degraded/synthetic_degradation/p039__water_stain__mild_degraded.png,715287
data/processed/degraded/synthetic_degradation/p039__water_stain__moderate_degraded.png,713205
data/processed/degraded/synthetic_degradation/p039__water_stain__severe_degraded.png,710586
data/processed/degraded/synthetic_degradation/p039__water_stain_dirt__moderate_degraded.png,714203
data/processed/degraded/synthetic_degradation/p043__blur__mild_degraded.png,767073
data/processed/degraded/synthetic_degradation/p043__blur__moderate_degraded.png,746253
data/processed/degraded/synthetic_degradation/p043__blur__severe_degraded.png,649269
data/processed/degraded/synthetic_degradation/p043__blur_fading__moderate_degraded.png,728481
data/processed/degraded/synthetic_degradation/p043__dirt_dust__mild_degraded.png,774649
data/processed/degraded/synthetic_degradation/p043__dirt_dust__moderate_degraded.png,774500
data/processed/degraded/synthetic_degradation/p043__dirt_dust__severe_degraded.png,774325
data/processed/degraded/synthetic_degradation/p043__discolouration__mild_degraded.png,774643
data/processed/degraded/synthetic_degradation/p043__discolouration__moderate_degraded.png,774299
data/processed/degraded/synthetic_degradation/p043__discolouration__severe_degraded.png,771982
data/processed/degraded/synthetic_degradation/p043__fading__mild_degraded.png,774168
data/processed/degraded/synthetic_degradation/p043__fading__moderate_degraded.png,767581
data/processed/degraded/synthetic_degradation/p043__fading__severe_degraded.png,755046
data/processed/degraded/synthetic_degradation/p043__fading_discolouration__moderate_degraded.png,768073
data/processed/degraded/synthetic_degradation/p043__partial_transparency__mild_degraded.png,773357
data/processed/degraded/synthetic_degradation/p043__partial_transparency__moderate_degraded.png,763165
data/processed/degraded/synthetic_degradation/p043__partial_transparency__severe_degraded.png,731775
data/processed/degraded/synthetic_degradation/p043__water_stain__mild_degraded.png,772958
data/processed/degraded/synthetic_degradation/p043__water_stain__moderate_degraded.png,770163
data/processed/degraded/synthetic_degradation/p043__water_stain__severe_degraded.png,763421
data/processed/degraded/synthetic_degradation/p043__water_stain_dirt__moderate_degraded.png,769272
data/processed/masked/p001_loss_large_damaged.png,631126
data/processed/masked/p001_loss_small_damaged.png,704339
data/processed/masked/p001_mixed_damage_damaged.png,675436
data/processed/masked/p001_scratch_thin_damaged.png,728164
data/processed/masked/p001_zero_control_damaged.png,723881
data/processed/masked/p002_loss_large_damaged.png,292239
data/processed/masked/p002_loss_small_damaged.png,323835
data/processed/masked/p002_mixed_damage_damaged.png,323137
data/processed/masked/p002_scratch_thin_damaged.png,345345
data/processed/masked/p002_zero_control_damaged.png,339472
data/processed/masked/p003_loss_large_damaged.png,561852
data/processed/masked/p003_loss_small_damaged.png,626977
data/processed/masked/p003_mixed_damage_damaged.png,608291
data/processed/masked/p003_scratch_thin_damaged.png,652556
data/processed/masked/p003_zero_control_damaged.png,648764
data/processed/masked/p004_loss_large_damaged.png,607297
data/processed/masked/p004_loss_small_damaged.png,684523
data/processed/masked/p004_mixed_damage_damaged.png,655353
data/processed/masked/p004_scratch_thin_damaged.png,718472
data/processed/masked/p004_zero_control_damaged.png,709746
data/processed/masked/p005_loss_large_damaged.png,655432
data/processed/masked/p005_loss_small_damaged.png,724042
data/processed/masked/p005_mixed_damage_damaged.png,707826
data/processed/masked/p005_scratch_thin_damaged.png,743168
data/processed/masked/p005_zero_control_damaged.png,745221
data/processed/masked/p006_loss_large_damaged.png,394605
data/processed/masked/p006_loss_small_damaged.png,445242
data/processed/masked/p006_mixed_damage_damaged.png,434576
data/processed/masked/p006_scratch_thin_damaged.png,461644
data/processed/masked/p006_zero_control_damaged.png,458402
data/processed/masked/p007_loss_large_damaged.png,546714
data/processed/masked/p007_loss_small_damaged.png,593251
data/processed/masked/p007_mixed_damage_damaged.png,571830
data/processed/masked/p007_scratch_thin_damaged.png,625223
data/processed/masked/p007_zero_control_damaged.png,618628
data/processed/masked/p008_loss_large_damaged.png,460228
data/processed/masked/p008_loss_small_damaged.png,495975
data/processed/masked/p008_mixed_damage_damaged.png,480832
data/processed/masked/p008_scratch_thin_damaged.png,521782
data/processed/masked/p008_zero_control_damaged.png,516135
data/processed/masked/p009_loss_large_damaged.png,818400
data/processed/masked/p009_loss_small_damaged.png,900002
data/processed/masked/p009_mixed_damage_damaged.png,868142
data/processed/masked/p009_scratch_thin_damaged.png,927263
data/processed/masked/p009_zero_control_damaged.png,932461
data/processed/masked/p010_loss_large_damaged.png,821214
data/processed/masked/p010_loss_small_damaged.png,918515
data/processed/masked/p010_mixed_damage_damaged.png,894179
data/processed/masked/p010_scratch_thin_damaged.png,953926
data/processed/masked/p010_zero_control_damaged.png,947871
data/processed/masked/p011_loss_large_damaged.png,554187
data/processed/masked/p011_loss_small_damaged.png,586708
data/processed/masked/p011_mixed_damage_damaged.png,569982
data/processed/masked/p011_scratch_thin_damaged.png,607015
data/processed/masked/p011_zero_control_damaged.png,605595
data/processed/masked/p012_loss_large_damaged.png,609419
data/processed/masked/p012_loss_small_damaged.png,652632
data/processed/masked/p012_mixed_damage_damaged.png,637547
data/processed/masked/p012_scratch_thin_damaged.png,682714
data/processed/masked/p012_zero_control_damaged.png,677316
data/processed/masked/p013_loss_large_damaged.png,636392
data/processed/masked/p013_loss_small_damaged.png,694216
data/processed/masked/p013_mixed_damage_damaged.png,665884
data/processed/masked/p013_scratch_thin_damaged.png,723425
data/processed/masked/p013_zero_control_damaged.png,718358
data/processed/masked/p014_loss_large_damaged.png,426805
data/processed/masked/p014_loss_small_damaged.png,481995
data/processed/masked/p014_mixed_damage_damaged.png,452179
data/processed/masked/p014_scratch_thin_damaged.png,502880
data/processed/masked/p014_zero_control_damaged.png,499070
data/processed/masked/p015_loss_large_damaged.png,691281
data/processed/masked/p015_loss_small_damaged.png,773315
data/processed/masked/p015_mixed_damage_damaged.png,748852
data/processed/masked/p015_scratch_thin_damaged.png,808531
data/processed/masked/p015_zero_control_damaged.png,808253
data/processed/masked/p016_loss_large_damaged.png,705038
data/processed/masked/p016_loss_small_damaged.png,773437
data/processed/masked/p016_mixed_damage_damaged.png,730298
data/processed/masked/p016_scratch_thin_damaged.png,794837
data/processed/masked/p016_zero_control_damaged.png,798598
data/processed/masked/p017_loss_large_damaged.png,799403
data/processed/masked/p017_loss_small_damaged.png,851483
data/processed/masked/p017_mixed_damage_damaged.png,814620
data/processed/masked/p017_scratch_thin_damaged.png,885798
data/processed/masked/p017_zero_control_damaged.png,885682
data/processed/masked/p018_loss_large_damaged.png,477467
data/processed/masked/p018_loss_small_damaged.png,519436
data/processed/masked/p018_mixed_damage_damaged.png,494326
data/processed/masked/p018_scratch_thin_damaged.png,542326
data/processed/masked/p018_zero_control_damaged.png,535564
data/processed/masked/p019_loss_large_damaged.png,728624
data/processed/masked/p019_loss_small_damaged.png,807194
data/processed/masked/p019_mixed_damage_damaged.png,779050
data/processed/masked/p019_scratch_thin_damaged.png,833492
data/processed/masked/p019_zero_control_damaged.png,831537
data/processed/masked/p020_loss_large_damaged.png,546841
data/processed/masked/p020_loss_small_damaged.png,593879
data/processed/masked/p020_mixed_damage_damaged.png,583408
data/processed/masked/p020_scratch_thin_damaged.png,613788
data/processed/masked/p020_zero_control_damaged.png,610736
data/processed/masked/p021_loss_large_damaged.png,739152
data/processed/masked/p021_loss_small_damaged.png,813257
data/processed/masked/p021_mixed_damage_damaged.png,776290
data/processed/masked/p021_scratch_thin_damaged.png,837989
data/processed/masked/p021_zero_control_damaged.png,837813
data/processed/masked/p022_loss_large_damaged.png,646714
data/processed/masked/p022_loss_small_damaged.png,705875
data/processed/masked/p022_mixed_damage_damaged.png,687563
data/processed/masked/p022_scratch_thin_damaged.png,733765
data/processed/masked/p022_zero_control_damaged.png,731075
data/processed/masked/p023_loss_large_damaged.png,624996
data/processed/masked/p023_loss_small_damaged.png,670995
data/processed/masked/p023_mixed_damage_damaged.png,642461
data/processed/masked/p023_scratch_thin_damaged.png,698625
data/processed/masked/p023_zero_control_damaged.png,695782
data/processed/masked/p024_loss_large_damaged.png,617293
data/processed/masked/p024_loss_small_damaged.png,679253
data/processed/masked/p024_mixed_damage_damaged.png,662481
data/processed/masked/p024_scratch_thin_damaged.png,702614
data/processed/masked/p024_zero_control_damaged.png,700806
data/processed/masked/p025_loss_large_damaged.png,668195
data/processed/masked/p025_loss_small_damaged.png,745917
data/processed/masked/p025_mixed_damage_damaged.png,721401
data/processed/masked/p025_scratch_thin_damaged.png,768412
data/processed/masked/p025_zero_control_damaged.png,764601
data/processed/masked/p026_loss_large_damaged.png,677427
data/processed/masked/p026_loss_small_damaged.png,734783
data/processed/masked/p026_mixed_damage_damaged.png,698866
data/processed/masked/p026_scratch_thin_damaged.png,758170
data/processed/masked/p026_zero_control_damaged.png,758090
data/processed/masked/p027_loss_large_damaged.png,728170
data/processed/masked/p027_loss_small_damaged.png,787888
data/processed/masked/p027_mixed_damage_damaged.png,777997
data/processed/masked/p027_scratch_thin_damaged.png,822635
data/processed/masked/p027_zero_control_damaged.png,823450
data/processed/masked/p028_loss_large_damaged.png,561233
data/processed/masked/p028_loss_small_damaged.png,601975
data/processed/masked/p028_mixed_damage_damaged.png,576278
data/processed/masked/p028_scratch_thin_damaged.png,628551
data/processed/masked/p028_zero_control_damaged.png,618940
data/processed/masked/p029_loss_large_damaged.png,611928
data/processed/masked/p029_loss_small_damaged.png,669759
data/processed/masked/p029_mixed_damage_damaged.png,620364
data/processed/masked/p029_scratch_thin_damaged.png,696183
data/processed/masked/p029_zero_control_damaged.png,689175
data/processed/masked/p030_loss_large_damaged.png,511579
data/processed/masked/p030_loss_small_damaged.png,557847
data/processed/masked/p030_mixed_damage_damaged.png,532669
data/processed/masked/p030_scratch_thin_damaged.png,577247
data/processed/masked/p030_zero_control_damaged.png,575569
data/processed/masked/p031_loss_large_damaged.png,864667
data/processed/masked/p031_loss_small_damaged.png,970738
data/processed/masked/p031_mixed_damage_damaged.png,943324
data/processed/masked/p031_scratch_thin_damaged.png,1002861
data/processed/masked/p031_zero_control_damaged.png,994639
data/processed/masked/p032_loss_large_damaged.png,624661
data/processed/masked/p032_loss_small_damaged.png,677193
data/processed/masked/p032_mixed_damage_damaged.png,657185
data/processed/masked/p032_scratch_thin_damaged.png,695116
data/processed/masked/p032_zero_control_damaged.png,690057
data/processed/masked/p033_loss_large_damaged.png,982679
data/processed/masked/p033_loss_small_damaged.png,1072006
data/processed/masked/p033_mixed_damage_damaged.png,1048971
data/processed/masked/p033_scratch_thin_damaged.png,1111772
data/processed/masked/p033_zero_control_damaged.png,1112283
data/processed/masked/p034_loss_large_damaged.png,865256
data/processed/masked/p034_loss_small_damaged.png,951528
data/processed/masked/p034_mixed_damage_damaged.png,919377
data/processed/masked/p034_scratch_thin_damaged.png,979642
data/processed/masked/p034_zero_control_damaged.png,974992
data/processed/masked/p035_loss_large_damaged.png,634102
data/processed/masked/p035_loss_small_damaged.png,715116
data/processed/masked/p035_mixed_damage_damaged.png,686205
data/processed/masked/p035_scratch_thin_damaged.png,739134
data/processed/masked/p035_zero_control_damaged.png,735142
data/processed/masked/p036_loss_large_damaged.png,233335
data/processed/masked/p036_loss_small_damaged.png,277378
data/processed/masked/p036_mixed_damage_damaged.png,260949
data/processed/masked/p036_scratch_thin_damaged.png,288447
data/processed/masked/p036_zero_control_damaged.png,285097
data/processed/masked/p037_loss_large_damaged.png,603028
data/processed/masked/p037_loss_small_damaged.png,651674
data/processed/masked/p037_mixed_damage_damaged.png,625272
data/processed/masked/p037_scratch_thin_damaged.png,674606
data/processed/masked/p037_zero_control_damaged.png,669259
data/processed/masked/p038_loss_large_damaged.png,648889
data/processed/masked/p038_loss_small_damaged.png,724849
data/processed/masked/p038_mixed_damage_damaged.png,701784
data/processed/masked/p038_scratch_thin_damaged.png,755713
data/processed/masked/p038_zero_control_damaged.png,752038
data/processed/masked/p039_loss_large_damaged.png,644880
data/processed/masked/p039_loss_small_damaged.png,702620
data/processed/masked/p039_mixed_damage_damaged.png,663531
data/processed/masked/p039_scratch_thin_damaged.png,722728
data/processed/masked/p039_zero_control_damaged.png,717874
data/processed/masked/p040_loss_large_damaged.png,739626
data/processed/masked/p040_loss_small_damaged.png,812847
data/processed/masked/p040_mixed_damage_damaged.png,779890
data/processed/masked/p040_scratch_thin_damaged.png,840561
data/processed/masked/p040_zero_control_damaged.png,841868
data/processed/masked/p041_loss_large_damaged.png,854096
data/processed/masked/p041_loss_small_damaged.png,931033
data/processed/masked/p041_mixed_damage_damaged.png,881176
data/processed/masked/p041_scratch_thin_damaged.png,966333
data/processed/masked/p041_zero_control_damaged.png,968222
data/processed/masked/p042_loss_large_damaged.png,552742
data/processed/masked/p042_loss_small_damaged.png,580949
data/processed/masked/p042_mixed_damage_damaged.png,560016
data/processed/masked/p042_scratch_thin_damaged.png,600594
data/processed/masked/p042_zero_control_damaged.png,597586
data/processed/masked/p043_loss_large_damaged.png,674634
data/processed/masked/p043_loss_small_damaged.png,754273
data/processed/masked/p043_mixed_damage_damaged.png,724901
data/processed/masked/p043_scratch_thin_damaged.png,778507
data/processed/masked/p043_zero_control_damaged.png,774654
data/processed/masked/p044_loss_large_damaged.png,669796
data/processed/masked/p044_loss_small_damaged.png,734298
data/processed/masked/p044_mixed_damage_damaged.png,712982
data/processed/masked/p044_scratch_thin_damaged.png,763801
data/processed/masked/p044_zero_control_damaged.png,759092
data/processed/masked/p045_loss_large_damaged.png,786965
data/processed/masked/p045_loss_small_damaged.png,847106
data/processed/masked/p045_mixed_damage_damaged.png,827713
data/processed/masked/p045_scratch_thin_damaged.png,882078
data/processed/masked/p045_zero_control_damaged.png,876553
data/processed/masked/p046_loss_large_damaged.png,632397
data/processed/masked/p046_loss_small_damaged.png,675565
data/processed/masked/p046_mixed_damage_damaged.png,653833
data/processed/masked/p046_scratch_thin_damaged.png,711102
data/processed/masked/p046_zero_control_damaged.png,702786
data/processed/masked/p047_loss_large_damaged.png,677555
data/processed/masked/p047_loss_small_damaged.png,763585
data/processed/masked/p047_mixed_damage_damaged.png,746382
data/processed/masked/p047_scratch_thin_damaged.png,789796
data/processed/masked/p047_zero_control_damaged.png,783654
data/processed/masked/p048_loss_large_damaged.png,662058
data/processed/masked/p048_loss_small_damaged.png,742511
data/processed/masked/p048_mixed_damage_damaged.png,726406
data/processed/masked/p048_scratch_thin_damaged.png,769134
data/processed/masked/p048_zero_control_damaged.png,766772
data/processed/masked/p049_loss_large_damaged.png,484886
data/processed/masked/p049_loss_small_damaged.png,543971
data/processed/masked/p049_mixed_damage_damaged.png,502842
data/processed/masked/p049_scratch_thin_damaged.png,567010
data/processed/masked/p049_zero_control_damaged.png,562353
data/processed/masked/p050_loss_large_damaged.png,657021
data/processed/masked/p050_loss_small_damaged.png,726268
data/processed/masked/p050_mixed_damage_damaged.png,693211
data/processed/masked/p050_scratch_thin_damaged.png,758235
data/processed/masked/p050_zero_control_damaged.png,754887
data/processed/masks/damage_size_sensitivity/p001__loss_large__size_02pct_mask.png,1400
data/processed/masks/damage_size_sensitivity/p001__loss_large__size_04pct_mask.png,1723
data/processed/masks/damage_size_sensitivity/p001__loss_large__size_06pct_mask.png,1955
data/processed/masks/damage_size_sensitivity/p001__loss_large__size_08pct_mask.png,2179
data/processed/masks/damage_size_sensitivity/p001__loss_large__size_10pct_mask.png,2402
data/processed/masks/damage_size_sensitivity/p001__loss_large__size_15pct_mask.png,2793
data/processed/masks/damage_size_sensitivity/p001__loss_large__size_20pct_mask.png,2945
data/processed/masks/damage_size_sensitivity/p018__loss_large__size_02pct_mask.png,1432
data/processed/masks/damage_size_sensitivity/p018__loss_large__size_04pct_mask.png,1722
data/processed/masks/damage_size_sensitivity/p018__loss_large__size_06pct_mask.png,1930
data/processed/masks/damage_size_sensitivity/p018__loss_large__size_08pct_mask.png,2172
data/processed/masks/damage_size_sensitivity/p018__loss_large__size_10pct_mask.png,2368
data/processed/masks/damage_size_sensitivity/p018__loss_large__size_15pct_mask.png,2615
data/processed/masks/damage_size_sensitivity/p018__loss_large__size_20pct_mask.png,2751
data/processed/masks/damage_size_sensitivity/p026__loss_large__size_02pct_mask.png,1418
data/processed/masks/damage_size_sensitivity/p026__loss_large__size_04pct_mask.png,1738
data/processed/masks/damage_size_sensitivity/p026__loss_large__size_06pct_mask.png,1927
data/processed/masks/damage_size_sensitivity/p026__loss_large__size_08pct_mask.png,2186
data/processed/masks/damage_size_sensitivity/p026__loss_large__size_10pct_mask.png,2315
data/processed/masks/damage_size_sensitivity/p026__loss_large__size_15pct_mask.png,2662
data/processed/masks/damage_size_sensitivity/p026__loss_large__size_20pct_mask.png,2857
data/processed/masks/damage_size_sensitivity/p039__loss_large__size_02pct_mask.png,1430
data/processed/masks/damage_size_sensitivity/p039__loss_large__size_04pct_mask.png,1733
data/processed/masks/damage_size_sensitivity/p039__loss_large__size_06pct_mask.png,1983
data/processed/masks/damage_size_sensitivity/p039__loss_large__size_08pct_mask.png,2220
data/processed/masks/damage_size_sensitivity/p039__loss_large__size_10pct_mask.png,2434
data/processed/masks/damage_size_sensitivity/p039__loss_large__size_15pct_mask.png,2699
data/processed/masks/damage_size_sensitivity/p039__loss_large__size_20pct_mask.png,2877
data/processed/masks/damage_size_sensitivity/p043__loss_large__size_02pct_mask.png,1381
data/processed/masks/damage_size_sensitivity/p043__loss_large__size_04pct_mask.png,1637
data/processed/masks/damage_size_sensitivity/p043__loss_large__size_06pct_mask.png,1766
data/processed/masks/damage_size_sensitivity/p043__loss_large__size_08pct_mask.png,2015
data/processed/masks/damage_size_sensitivity/p043__loss_large__size_10pct_mask.png,2162
data/processed/masks/damage_size_sensitivity/p043__loss_large__size_15pct_mask.png,2480
data/processed/masks/damage_size_sensitivity/p043__loss_large__size_20pct_mask.png,2665
data/processed/masks/mask_robustness/p001__loss_large__variant_01_mask.png,2559
data/processed/masks/mask_robustness/p001__loss_large__variant_02_mask.png,3390
data/processed/masks/mask_robustness/p001__loss_large__variant_03_mask.png,2591
data/processed/masks/mask_robustness/p001__loss_large__variant_04_mask.png,3038
data/processed/masks/mask_robustness/p001__loss_large__variant_05_mask.png,2419
data/processed/masks/mask_robustness/p001__loss_small__variant_01_mask.png,2290
data/processed/masks/mask_robustness/p001__loss_small__variant_02_mask.png,3268
data/processed/masks/mask_robustness/p001__loss_small__variant_03_mask.png,2958
data/processed/masks/mask_robustness/p001__loss_small__variant_04_mask.png,3384
data/processed/masks/mask_robustness/p001__loss_small__variant_05_mask.png,2853
data/processed/masks/mask_robustness/p001__scratch_thin__variant_01_mask.png,1271
data/processed/masks/mask_robustness/p001__scratch_thin__variant_02_mask.png,4168
data/processed/masks/mask_robustness/p001__scratch_thin__variant_03_mask.png,4917
data/processed/masks/mask_robustness/p001__scratch_thin__variant_04_mask.png,7227
data/processed/masks/mask_robustness/p001__scratch_thin__variant_05_mask.png,7186
data/processed/masks/mask_robustness/p018__loss_large__variant_01_mask.png,2748
data/processed/masks/mask_robustness/p018__loss_large__variant_02_mask.png,2794
data/processed/masks/mask_robustness/p018__loss_large__variant_03_mask.png,2533
data/processed/masks/mask_robustness/p018__loss_large__variant_04_mask.png,2562
data/processed/masks/mask_robustness/p018__loss_large__variant_05_mask.png,2685
data/processed/masks/mask_robustness/p018__loss_small__variant_01_mask.png,2547
data/processed/masks/mask_robustness/p018__loss_small__variant_02_mask.png,2643
data/processed/masks/mask_robustness/p018__loss_small__variant_03_mask.png,2926
data/processed/masks/mask_robustness/p018__loss_small__variant_04_mask.png,2960
data/processed/masks/mask_robustness/p018__loss_small__variant_05_mask.png,3074
data/processed/masks/mask_robustness/p018__scratch_thin__variant_01_mask.png,4439
data/processed/masks/mask_robustness/p018__scratch_thin__variant_02_mask.png,6187
data/processed/masks/mask_robustness/p018__scratch_thin__variant_03_mask.png,4090
data/processed/masks/mask_robustness/p018__scratch_thin__variant_04_mask.png,5722
data/processed/masks/mask_robustness/p018__scratch_thin__variant_05_mask.png,5906
data/processed/masks/mask_robustness/p026__loss_large__variant_01_mask.png,2525
data/processed/masks/mask_robustness/p026__loss_large__variant_02_mask.png,2872
data/processed/masks/mask_robustness/p026__loss_large__variant_03_mask.png,2994
data/processed/masks/mask_robustness/p026__loss_large__variant_04_mask.png,3059
data/processed/masks/mask_robustness/p026__loss_large__variant_05_mask.png,2873
data/processed/masks/mask_robustness/p026__loss_small__variant_01_mask.png,2815
data/processed/masks/mask_robustness/p026__loss_small__variant_02_mask.png,2737
data/processed/masks/mask_robustness/p026__loss_small__variant_03_mask.png,3060
data/processed/masks/mask_robustness/p026__loss_small__variant_04_mask.png,3070
data/processed/masks/mask_robustness/p026__loss_small__variant_05_mask.png,2377
data/processed/masks/mask_robustness/p026__scratch_thin__variant_01_mask.png,5222
data/processed/masks/mask_robustness/p026__scratch_thin__variant_02_mask.png,5522
data/processed/masks/mask_robustness/p026__scratch_thin__variant_03_mask.png,1203
data/processed/masks/mask_robustness/p026__scratch_thin__variant_04_mask.png,4460
data/processed/masks/mask_robustness/p026__scratch_thin__variant_05_mask.png,4091
data/processed/masks/mask_robustness/p039__loss_large__variant_01_mask.png,2392
data/processed/masks/mask_robustness/p039__loss_large__variant_02_mask.png,2904
data/processed/masks/mask_robustness/p039__loss_large__variant_03_mask.png,2422
data/processed/masks/mask_robustness/p039__loss_large__variant_04_mask.png,2214
data/processed/masks/mask_robustness/p039__loss_large__variant_05_mask.png,2598
data/processed/masks/mask_robustness/p039__loss_small__variant_01_mask.png,3112
data/processed/masks/mask_robustness/p039__loss_small__variant_02_mask.png,2690
data/processed/masks/mask_robustness/p039__loss_small__variant_03_mask.png,1470
data/processed/masks/mask_robustness/p039__loss_small__variant_04_mask.png,1388
data/processed/masks/mask_robustness/p039__loss_small__variant_05_mask.png,3091
data/processed/masks/mask_robustness/p039__scratch_thin__variant_01_mask.png,4844
data/processed/masks/mask_robustness/p039__scratch_thin__variant_02_mask.png,1582
data/processed/masks/mask_robustness/p039__scratch_thin__variant_03_mask.png,5545
data/processed/masks/mask_robustness/p039__scratch_thin__variant_04_mask.png,1712
data/processed/masks/mask_robustness/p039__scratch_thin__variant_05_mask.png,5390
data/processed/masks/mask_robustness/p043__loss_large__variant_01_mask.png,2698
data/processed/masks/mask_robustness/p043__loss_large__variant_02_mask.png,3670
data/processed/masks/mask_robustness/p043__loss_large__variant_03_mask.png,2751
data/processed/masks/mask_robustness/p043__loss_large__variant_04_mask.png,3353
data/processed/masks/mask_robustness/p043__loss_large__variant_05_mask.png,2303
data/processed/masks/mask_robustness/p043__loss_small__variant_01_mask.png,3583
data/processed/masks/mask_robustness/p043__loss_small__variant_02_mask.png,3127
data/processed/masks/mask_robustness/p043__loss_small__variant_03_mask.png,2409
data/processed/masks/mask_robustness/p043__loss_small__variant_04_mask.png,2780
data/processed/masks/mask_robustness/p043__loss_small__variant_05_mask.png,2952
data/processed/masks/mask_robustness/p043__scratch_thin__variant_01_mask.png,6777
data/processed/masks/mask_robustness/p043__scratch_thin__variant_02_mask.png,5823
data/processed/masks/mask_robustness/p043__scratch_thin__variant_03_mask.png,6193
data/processed/masks/mask_robustness/p043__scratch_thin__variant_04_mask.png,5978
data/processed/masks/mask_robustness/p043__scratch_thin__variant_05_mask.png,4936
data/processed/masks/p001_loss_large_mask.png,2719
data/processed/masks/p001_loss_small_mask.png,3329
data/processed/masks/p001_mixed_damage_mask.png,7677
data/processed/masks/p001_scratch_thin_mask.png,7757
data/processed/masks/p001_zero_control_mask.png,652
data/processed/masks/p002_loss_large_mask.png,2378
data/processed/masks/p002_loss_small_mask.png,3309
data/processed/masks/p002_mixed_damage_mask.png,7466
data/processed/masks/p002_scratch_thin_mask.png,6319
data/processed/masks/p002_zero_control_mask.png,652
data/processed/masks/p003_loss_large_mask.png,3236
data/processed/masks/p003_loss_small_mask.png,3628
data/processed/masks/p003_mixed_damage_mask.png,6303
data/processed/masks/p003_scratch_thin_mask.png,5265
data/processed/masks/p003_zero_control_mask.png,652
data/processed/masks/p004_loss_large_mask.png,2767
data/processed/masks/p004_loss_small_mask.png,3637
data/processed/masks/p004_mixed_damage_mask.png,7576
data/processed/masks/p004_scratch_thin_mask.png,5450
data/processed/masks/p004_zero_control_mask.png,652
data/processed/masks/p005_loss_large_mask.png,2679
data/processed/masks/p005_loss_small_mask.png,2905
data/processed/masks/p005_mixed_damage_mask.png,6396
data/processed/masks/p005_scratch_thin_mask.png,6176
data/processed/masks/p005_zero_control_mask.png,652
data/processed/masks/p006_loss_large_mask.png,2820
data/processed/masks/p006_loss_small_mask.png,3266
data/processed/masks/p006_mixed_damage_mask.png,8392
data/processed/masks/p006_scratch_thin_mask.png,6456
data/processed/masks/p006_zero_control_mask.png,652
data/processed/masks/p007_loss_large_mask.png,2759
data/processed/masks/p007_loss_small_mask.png,2990
data/processed/masks/p007_mixed_damage_mask.png,5958
data/processed/masks/p007_scratch_thin_mask.png,7024
data/processed/masks/p007_zero_control_mask.png,652
data/processed/masks/p008_loss_large_mask.png,2541
data/processed/masks/p008_loss_small_mask.png,3571
data/processed/masks/p008_mixed_damage_mask.png,6023
data/processed/masks/p008_scratch_thin_mask.png,6814
data/processed/masks/p008_zero_control_mask.png,652
data/processed/masks/p009_loss_large_mask.png,2970
data/processed/masks/p009_loss_small_mask.png,2848
data/processed/masks/p009_mixed_damage_mask.png,6356
data/processed/masks/p009_scratch_thin_mask.png,6828
data/processed/masks/p009_zero_control_mask.png,652
data/processed/masks/p010_loss_large_mask.png,3713
data/processed/masks/p010_loss_small_mask.png,3751
data/processed/masks/p010_mixed_damage_mask.png,7702
data/processed/masks/p010_scratch_thin_mask.png,7544
data/processed/masks/p010_zero_control_mask.png,652
data/processed/masks/p011_loss_large_mask.png,2473
data/processed/masks/p011_loss_small_mask.png,3022
data/processed/masks/p011_mixed_damage_mask.png,5962
data/processed/masks/p011_scratch_thin_mask.png,4552
data/processed/masks/p011_zero_control_mask.png,652
data/processed/masks/p012_loss_large_mask.png,2808
data/processed/masks/p012_loss_small_mask.png,3401
data/processed/masks/p012_mixed_damage_mask.png,7218
data/processed/masks/p012_scratch_thin_mask.png,6255
data/processed/masks/p012_zero_control_mask.png,652
data/processed/masks/p013_loss_large_mask.png,2351
data/processed/masks/p013_loss_small_mask.png,3327
data/processed/masks/p013_mixed_damage_mask.png,5867
data/processed/masks/p013_scratch_thin_mask.png,5576
data/processed/masks/p013_zero_control_mask.png,652
data/processed/masks/p014_loss_large_mask.png,2187
data/processed/masks/p014_loss_small_mask.png,2818
data/processed/masks/p014_mixed_damage_mask.png,5242
data/processed/masks/p014_scratch_thin_mask.png,5796
data/processed/masks/p014_zero_control_mask.png,652
data/processed/masks/p015_loss_large_mask.png,2768
data/processed/masks/p015_loss_small_mask.png,3751
data/processed/masks/p015_mixed_damage_mask.png,6339
data/processed/masks/p015_scratch_thin_mask.png,5249
data/processed/masks/p015_zero_control_mask.png,652
data/processed/masks/p016_loss_large_mask.png,2457
data/processed/masks/p016_loss_small_mask.png,2336
data/processed/masks/p016_mixed_damage_mask.png,7245
data/processed/masks/p016_scratch_thin_mask.png,5939
data/processed/masks/p016_zero_control_mask.png,652
data/processed/masks/p017_loss_large_mask.png,2806
data/processed/masks/p017_loss_small_mask.png,3390
data/processed/masks/p017_mixed_damage_mask.png,6421
data/processed/masks/p017_scratch_thin_mask.png,8428
data/processed/masks/p017_zero_control_mask.png,652
data/processed/masks/p018_loss_large_mask.png,2448
data/processed/masks/p018_loss_small_mask.png,2546
data/processed/masks/p018_mixed_damage_mask.png,8059
data/processed/masks/p018_scratch_thin_mask.png,4352
data/processed/masks/p018_zero_control_mask.png,652
data/processed/masks/p019_loss_large_mask.png,3935
data/processed/masks/p019_loss_small_mask.png,2910
data/processed/masks/p019_mixed_damage_mask.png,7680
data/processed/masks/p019_scratch_thin_mask.png,4644
data/processed/masks/p019_zero_control_mask.png,652
data/processed/masks/p020_loss_large_mask.png,2728
data/processed/masks/p020_loss_small_mask.png,2271
data/processed/masks/p020_mixed_damage_mask.png,5856
data/processed/masks/p020_scratch_thin_mask.png,5448
data/processed/masks/p020_zero_control_mask.png,652
data/processed/masks/p021_loss_large_mask.png,2377
data/processed/masks/p021_loss_small_mask.png,3370
data/processed/masks/p021_mixed_damage_mask.png,8238
data/processed/masks/p021_scratch_thin_mask.png,6461
data/processed/masks/p021_zero_control_mask.png,652
data/processed/masks/p022_loss_large_mask.png,2310
data/processed/masks/p022_loss_small_mask.png,3713
data/processed/masks/p022_mixed_damage_mask.png,8546
data/processed/masks/p022_scratch_thin_mask.png,5995
data/processed/masks/p022_zero_control_mask.png,652
data/processed/masks/p023_loss_large_mask.png,2134
data/processed/masks/p023_loss_small_mask.png,2876
data/processed/masks/p023_mixed_damage_mask.png,5684
data/processed/masks/p023_scratch_thin_mask.png,5015
data/processed/masks/p023_zero_control_mask.png,652
data/processed/masks/p024_loss_large_mask.png,2761
data/processed/masks/p024_loss_small_mask.png,3727
data/processed/masks/p024_mixed_damage_mask.png,6728
data/processed/masks/p024_scratch_thin_mask.png,5527
data/processed/masks/p024_zero_control_mask.png,652
data/processed/masks/p025_loss_large_mask.png,2254
data/processed/masks/p025_loss_small_mask.png,2883
data/processed/masks/p025_mixed_damage_mask.png,7705
data/processed/masks/p025_scratch_thin_mask.png,7669
data/processed/masks/p025_zero_control_mask.png,652
data/processed/masks/p026_loss_large_mask.png,2620
data/processed/masks/p026_loss_small_mask.png,2530
data/processed/masks/p026_mixed_damage_mask.png,5177
data/processed/masks/p026_scratch_thin_mask.png,5654
data/processed/masks/p026_zero_control_mask.png,652
data/processed/masks/p027_loss_large_mask.png,2533
data/processed/masks/p027_loss_small_mask.png,3646
data/processed/masks/p027_mixed_damage_mask.png,7679
data/processed/masks/p027_scratch_thin_mask.png,6148
data/processed/masks/p027_zero_control_mask.png,652
data/processed/masks/p028_loss_large_mask.png,2248
data/processed/masks/p028_loss_small_mask.png,2809
data/processed/masks/p028_mixed_damage_mask.png,6722
data/processed/masks/p028_scratch_thin_mask.png,4859
data/processed/masks/p028_zero_control_mask.png,652
data/processed/masks/p029_loss_large_mask.png,2312
data/processed/masks/p029_loss_small_mask.png,2621
data/processed/masks/p029_mixed_damage_mask.png,7696
data/processed/masks/p029_scratch_thin_mask.png,5283
data/processed/masks/p029_zero_control_mask.png,652
data/processed/masks/p030_loss_large_mask.png,2190
data/processed/masks/p030_loss_small_mask.png,2622
data/processed/masks/p030_mixed_damage_mask.png,5606
data/processed/masks/p030_scratch_thin_mask.png,5468
data/processed/masks/p030_zero_control_mask.png,652
data/processed/masks/p031_loss_large_mask.png,4324
data/processed/masks/p031_loss_small_mask.png,3362
data/processed/masks/p031_mixed_damage_mask.png,7737
data/processed/masks/p031_scratch_thin_mask.png,6945
data/processed/masks/p031_zero_control_mask.png,652
data/processed/masks/p032_loss_large_mask.png,2951
data/processed/masks/p032_loss_small_mask.png,2988
data/processed/masks/p032_mixed_damage_mask.png,8035
data/processed/masks/p032_scratch_thin_mask.png,5559
data/processed/masks/p032_zero_control_mask.png,652
data/processed/masks/p033_loss_large_mask.png,3441
data/processed/masks/p033_loss_small_mask.png,3399
data/processed/masks/p033_mixed_damage_mask.png,8674
data/processed/masks/p033_scratch_thin_mask.png,8221
data/processed/masks/p033_zero_control_mask.png,652
data/processed/masks/p034_loss_large_mask.png,3112
data/processed/masks/p034_loss_small_mask.png,3043
data/processed/masks/p034_mixed_damage_mask.png,8067
data/processed/masks/p034_scratch_thin_mask.png,4702
data/processed/masks/p034_zero_control_mask.png,652
data/processed/masks/p035_loss_large_mask.png,3281
data/processed/masks/p035_loss_small_mask.png,2695
data/processed/masks/p035_mixed_damage_mask.png,8521
data/processed/masks/p035_scratch_thin_mask.png,6213
data/processed/masks/p035_zero_control_mask.png,652
data/processed/masks/p036_loss_large_mask.png,3520
data/processed/masks/p036_loss_small_mask.png,3497
data/processed/masks/p036_mixed_damage_mask.png,8475
data/processed/masks/p036_scratch_thin_mask.png,5674
data/processed/masks/p036_zero_control_mask.png,652
data/processed/masks/p037_loss_large_mask.png,2589
data/processed/masks/p037_loss_small_mask.png,2870
data/processed/masks/p037_mixed_damage_mask.png,6777
data/processed/masks/p037_scratch_thin_mask.png,4870
data/processed/masks/p037_zero_control_mask.png,652
data/processed/masks/p038_loss_large_mask.png,2684
data/processed/masks/p038_loss_small_mask.png,3145
data/processed/masks/p038_mixed_damage_mask.png,4864
data/processed/masks/p038_scratch_thin_mask.png,5084
data/processed/masks/p038_zero_control_mask.png,652
data/processed/masks/p039_loss_large_mask.png,2508
data/processed/masks/p039_loss_small_mask.png,2652
data/processed/masks/p039_mixed_damage_mask.png,6429
data/processed/masks/p039_scratch_thin_mask.png,6621
data/processed/masks/p039_zero_control_mask.png,652
data/processed/masks/p040_loss_large_mask.png,3073
data/processed/masks/p040_loss_small_mask.png,3131
data/processed/masks/p040_mixed_damage_mask.png,5657
data/processed/masks/p040_scratch_thin_mask.png,6492
data/processed/masks/p040_zero_control_mask.png,652
data/processed/masks/p041_loss_large_mask.png,2764
data/processed/masks/p041_loss_small_mask.png,3427
data/processed/masks/p041_mixed_damage_mask.png,7638
data/processed/masks/p041_scratch_thin_mask.png,7877
data/processed/masks/p041_zero_control_mask.png,652
data/processed/masks/p042_loss_large_mask.png,2766
data/processed/masks/p042_loss_small_mask.png,2214
data/processed/masks/p042_mixed_damage_mask.png,5828
data/processed/masks/p042_scratch_thin_mask.png,5371
data/processed/masks/p042_zero_control_mask.png,652
data/processed/masks/p043_loss_large_mask.png,2438
data/processed/masks/p043_loss_small_mask.png,2741
data/processed/masks/p043_mixed_damage_mask.png,8660
data/processed/masks/p043_scratch_thin_mask.png,4709
data/processed/masks/p043_zero_control_mask.png,652
data/processed/masks/p044_loss_large_mask.png,2687
data/processed/masks/p044_loss_small_mask.png,3246
data/processed/masks/p044_mixed_damage_mask.png,7010
data/processed/masks/p044_scratch_thin_mask.png,5067
data/processed/masks/p044_zero_control_mask.png,652
data/processed/masks/p045_loss_large_mask.png,2783
data/processed/masks/p045_loss_small_mask.png,3300
data/processed/masks/p045_mixed_damage_mask.png,7165
data/processed/masks/p045_scratch_thin_mask.png,7695
data/processed/masks/p045_zero_control_mask.png,652
data/processed/masks/p046_loss_large_mask.png,2466
data/processed/masks/p046_loss_small_mask.png,3211
data/processed/masks/p046_mixed_damage_mask.png,7469
data/processed/masks/p046_scratch_thin_mask.png,5630
data/processed/masks/p046_zero_control_mask.png,652
data/processed/masks/p047_loss_large_mask.png,3955
data/processed/masks/p047_loss_small_mask.png,3042
data/processed/masks/p047_mixed_damage_mask.png,8582
data/processed/masks/p047_scratch_thin_mask.png,7739
data/processed/masks/p047_zero_control_mask.png,652
data/processed/masks/p048_loss_large_mask.png,2962
data/processed/masks/p048_loss_small_mask.png,2616
data/processed/masks/p048_mixed_damage_mask.png,6816
data/processed/masks/p048_scratch_thin_mask.png,4700
data/processed/masks/p048_zero_control_mask.png,652
data/processed/masks/p049_loss_large_mask.png,2526
data/processed/masks/p049_loss_small_mask.png,2517
data/processed/masks/p049_mixed_damage_mask.png,7952
data/processed/masks/p049_scratch_thin_mask.png,6316
data/processed/masks/p049_zero_control_mask.png,652
data/processed/masks/p050_loss_large_mask.png,2650
data/processed/masks/p050_loss_small_mask.png,2960
data/processed/masks/p050_mixed_damage_mask.png,8833
data/processed/masks/p050_scratch_thin_mask.png,6220
data/processed/masks/p050_zero_control_mask.png,652
data/processed/masks/synthetic_degradation/p001__blur__mild_effect_mask.png,12920
data/processed/masks/synthetic_degradation/p001__blur__moderate_effect_mask.png,42680
data/processed/masks/synthetic_degradation/p001__blur__severe_effect_mask.png,51124
data/processed/masks/synthetic_degradation/p001__blur_fading__moderate_effect_mask.png,31519
data/processed/masks/synthetic_degradation/p001__dirt_dust__mild_effect_mask.png,26284
data/processed/masks/synthetic_degradation/p001__dirt_dust__moderate_effect_mask.png,23950
data/processed/masks/synthetic_degradation/p001__dirt_dust__severe_effect_mask.png,28504
data/processed/masks/synthetic_degradation/p001__discolouration__mild_effect_mask.png,14768
data/processed/masks/synthetic_degradation/p001__discolouration__moderate_effect_mask.png,30375
data/processed/masks/synthetic_degradation/p001__discolouration__severe_effect_mask.png,48218
data/processed/masks/synthetic_degradation/p001__fading__mild_effect_mask.png,22042
data/processed/masks/synthetic_degradation/p001__fading__moderate_effect_mask.png,31160
data/processed/masks/synthetic_degradation/p001__fading__severe_effect_mask.png,52878
data/processed/masks/synthetic_degradation/p001__fading_discolouration__moderate_effect_mask.png,39036
data/processed/masks/synthetic_degradation/p001__partial_transparency__mild_effect_mask.png,23633
data/processed/masks/synthetic_degradation/p001__partial_transparency__moderate_effect_mask.png,38141
data/processed/masks/synthetic_degradation/p001__partial_transparency__severe_effect_mask.png,58766
data/processed/masks/synthetic_degradation/p001__water_stain__mild_effect_mask.png,10744
data/processed/masks/synthetic_degradation/p001__water_stain__moderate_effect_mask.png,21649
data/processed/masks/synthetic_degradation/p001__water_stain__severe_effect_mask.png,27077
data/processed/masks/synthetic_degradation/p001__water_stain_dirt__moderate_effect_mask.png,19234
data/processed/masks/synthetic_degradation/p018__blur__mild_effect_mask.png,23010
data/processed/masks/synthetic_degradation/p018__blur__moderate_effect_mask.png,38594
data/processed/masks/synthetic_degradation/p018__blur__severe_effect_mask.png,46425
data/processed/masks/synthetic_degradation/p018__blur_fading__moderate_effect_mask.png,35724
data/processed/masks/synthetic_degradation/p018__dirt_dust__mild_effect_mask.png,10927
data/processed/masks/synthetic_degradation/p018__dirt_dust__moderate_effect_mask.png,15911
data/processed/masks/synthetic_degradation/p018__dirt_dust__severe_effect_mask.png,32093
data/processed/masks/synthetic_degradation/p018__discolouration__mild_effect_mask.png,17777
data/processed/masks/synthetic_degradation/p018__discolouration__moderate_effect_mask.png,36874
data/processed/masks/synthetic_degradation/p018__discolouration__severe_effect_mask.png,42175
data/processed/masks/synthetic_degradation/p018__fading__mild_effect_mask.png,16467
data/processed/masks/synthetic_degradation/p018__fading__moderate_effect_mask.png,32232
data/processed/masks/synthetic_degradation/p018__fading__severe_effect_mask.png,46174
data/processed/masks/synthetic_degradation/p018__fading_discolouration__moderate_effect_mask.png,36214
data/processed/masks/synthetic_degradation/p018__partial_transparency__mild_effect_mask.png,20047
data/processed/masks/synthetic_degradation/p018__partial_transparency__moderate_effect_mask.png,34096
data/processed/masks/synthetic_degradation/p018__partial_transparency__severe_effect_mask.png,38942
data/processed/masks/synthetic_degradation/p018__water_stain__mild_effect_mask.png,8667
data/processed/masks/synthetic_degradation/p018__water_stain__moderate_effect_mask.png,16380
data/processed/masks/synthetic_degradation/p018__water_stain__severe_effect_mask.png,21936
data/processed/masks/synthetic_degradation/p018__water_stain_dirt__moderate_effect_mask.png,14804
data/processed/masks/synthetic_degradation/p026__blur__mild_effect_mask.png,18363
data/processed/masks/synthetic_degradation/p026__blur__moderate_effect_mask.png,34013
data/processed/masks/synthetic_degradation/p026__blur__severe_effect_mask.png,38497
data/processed/masks/synthetic_degradation/p026__blur_fading__moderate_effect_mask.png,32814
data/processed/masks/synthetic_degradation/p026__dirt_dust__mild_effect_mask.png,11689
data/processed/masks/synthetic_degradation/p026__dirt_dust__moderate_effect_mask.png,21507
data/processed/masks/synthetic_degradation/p026__dirt_dust__severe_effect_mask.png,29895
data/processed/masks/synthetic_degradation/p026__discolouration__mild_effect_mask.png,19617
data/processed/masks/synthetic_degradation/p026__discolouration__moderate_effect_mask.png,43268
data/processed/masks/synthetic_degradation/p026__discolouration__severe_effect_mask.png,42295
data/processed/masks/synthetic_degradation/p026__fading__mild_effect_mask.png,15219
data/processed/masks/synthetic_degradation/p026__fading__moderate_effect_mask.png,29839
data/processed/masks/synthetic_degradation/p026__fading__severe_effect_mask.png,43887
data/processed/masks/synthetic_degradation/p026__fading_discolouration__moderate_effect_mask.png,34437
data/processed/masks/synthetic_degradation/p026__partial_transparency__mild_effect_mask.png,16872
data/processed/masks/synthetic_degradation/p026__partial_transparency__moderate_effect_mask.png,34408
data/processed/masks/synthetic_degradation/p026__partial_transparency__severe_effect_mask.png,35148
data/processed/masks/synthetic_degradation/p026__water_stain__mild_effect_mask.png,9283
data/processed/masks/synthetic_degradation/p026__water_stain__moderate_effect_mask.png,13101
data/processed/masks/synthetic_degradation/p026__water_stain__severe_effect_mask.png,15786
data/processed/masks/synthetic_degradation/p026__water_stain_dirt__moderate_effect_mask.png,14167
data/processed/masks/synthetic_degradation/p039__blur__mild_effect_mask.png,21665
data/processed/masks/synthetic_degradation/p039__blur__moderate_effect_mask.png,41321
data/processed/masks/synthetic_degradation/p039__blur__severe_effect_mask.png,44944
data/processed/masks/synthetic_degradation/p039__blur_fading__moderate_effect_mask.png,34245
data/processed/masks/synthetic_degradation/p039__dirt_dust__mild_effect_mask.png,23151
data/processed/masks/synthetic_degradation/p039__dirt_dust__moderate_effect_mask.png,19442
data/processed/masks/synthetic_degradation/p039__dirt_dust__severe_effect_mask.png,35189
data/processed/masks/synthetic_degradation/p039__discolouration__mild_effect_mask.png,12756
data/processed/masks/synthetic_degradation/p039__discolouration__moderate_effect_mask.png,36734
data/processed/masks/synthetic_degradation/p039__discolouration__severe_effect_mask.png,44445
data/processed/masks/synthetic_degradation/p039__fading__mild_effect_mask.png,12778
data/processed/masks/synthetic_degradation/p039__fading__moderate_effect_mask.png,32753
data/processed/masks/synthetic_degradation/p039__fading__severe_effect_mask.png,48233
data/processed/masks/synthetic_degradation/p039__fading_discolouration__moderate_effect_mask.png,27535
data/processed/masks/synthetic_degradation/p039__partial_transparency__mild_effect_mask.png,13493
data/processed/masks/synthetic_degradation/p039__partial_transparency__moderate_effect_mask.png,37439
data/processed/masks/synthetic_degradation/p039__partial_transparency__severe_effect_mask.png,40626
data/processed/masks/synthetic_degradation/p039__water_stain__mild_effect_mask.png,11841
data/processed/masks/synthetic_degradation/p039__water_stain__moderate_effect_mask.png,14162
data/processed/masks/synthetic_degradation/p039__water_stain__severe_effect_mask.png,24847
data/processed/masks/synthetic_degradation/p039__water_stain_dirt__moderate_effect_mask.png,14448
data/processed/masks/synthetic_degradation/p043__blur__mild_effect_mask.png,17547
data/processed/masks/synthetic_degradation/p043__blur__moderate_effect_mask.png,30246
data/processed/masks/synthetic_degradation/p043__blur__severe_effect_mask.png,50413
data/processed/masks/synthetic_degradation/p043__blur_fading__moderate_effect_mask.png,40094
data/processed/masks/synthetic_degradation/p043__dirt_dust__mild_effect_mask.png,20322
data/processed/masks/synthetic_degradation/p043__dirt_dust__moderate_effect_mask.png,23801
data/processed/masks/synthetic_degradation/p043__dirt_dust__severe_effect_mask.png,35173
data/processed/masks/synthetic_degradation/p043__discolouration__mild_effect_mask.png,16632
data/processed/masks/synthetic_degradation/p043__discolouration__moderate_effect_mask.png,37583
data/processed/masks/synthetic_degradation/p043__discolouration__severe_effect_mask.png,39757
data/processed/masks/synthetic_degradation/p043__fading__mild_effect_mask.png,18957
data/processed/masks/synthetic_degradation/p043__fading__moderate_effect_mask.png,38646
data/processed/masks/synthetic_degradation/p043__fading__severe_effect_mask.png,52077
data/processed/masks/synthetic_degradation/p043__fading_discolouration__moderate_effect_mask.png,36737
data/processed/masks/synthetic_degradation/p043__partial_transparency__mild_effect_mask.png,14764
data/processed/masks/synthetic_degradation/p043__partial_transparency__moderate_effect_mask.png,37930
data/processed/masks/synthetic_degradation/p043__partial_transparency__severe_effect_mask.png,52175
data/processed/masks/synthetic_degradation/p043__water_stain__mild_effect_mask.png,11322
data/processed/masks/synthetic_degradation/p043__water_stain__moderate_effect_mask.png,17204
data/processed/masks/synthetic_degradation/p043__water_stain__severe_effect_mask.png,26357
data/processed/masks/synthetic_degradation/p043__water_stain_dirt__moderate_effect_mask.png,14103
data/processed/metadata/metadata_damage_size_sensitivity.csv,44298
data/processed/metadata/metadata_damaged_images.csv,165917
data/processed/metadata/metadata_mask_robustness.csv,111902
data/processed/metadata/metadata_masks.csv,139074
data/processed/metadata/metadata_processed_clean.csv,30443
data/processed/metadata/metadata_restored_lama.csv,1055479
data/processed/metadata/metadata_restored_opencv_telea.csv,762016
data/processed/metadata/metadata_synthetic_degradation.csv,127440
data/processed/metrics/metrics_opencv_telea_classical.csv,1690289
data/processed/metrics/metrics_opencv_telea_feature_similarity.csv,1407056
data/processed/metrics/metrics_opencv_telea_lpips.csv,845169
data/processed/metrics/spatial_diagnostic_case_assets_lama.csv,1404903
data/processed/metrics/spatial_diagnostic_scales_lama.csv,753
data/processed/metrics/spatial_diagnostic_scales_opencv_telea.csv,482
data/processed/metrics/spatial_diagnostics_lama.csv,618205
data/processed/metrics/spatial_diagnostics_opencv_telea.csv,843614
data/processed/restored/lama/canonical/canonical__p001_loss_large_restored_lama.png,706814
data/processed/restored/lama/canonical/canonical__p001_loss_small_restored_lama.png,722179
data/processed/restored/lama/canonical/canonical__p001_mixed_damage_restored_lama.png,719994
data/processed/restored/lama/canonical/canonical__p001_scratch_thin_restored_lama.png,725991
data/processed/restored/lama/canonical/canonical__p001_zero_control_restored_lama.png,723881
data/processed/restored/lama/canonical/canonical__p002_loss_large_restored_lama.png,330793
data/processed/restored/lama/canonical/canonical__p002_loss_small_restored_lama.png,339668
data/processed/restored/lama/canonical/canonical__p002_mixed_damage_restored_lama.png,344353
data/processed/restored/lama/canonical/canonical__p002_scratch_thin_restored_lama.png,343740
data/processed/restored/lama/canonical/canonical__p002_zero_control_restored_lama.png,339472
data/processed/restored/lama/canonical/canonical__p003_loss_large_restored_lama.png,634511
data/processed/restored/lama/canonical/canonical__p003_loss_small_restored_lama.png,648477
data/processed/restored/lama/canonical/canonical__p003_mixed_damage_restored_lama.png,649525
data/processed/restored/lama/canonical/canonical__p003_scratch_thin_restored_lama.png,650428
data/processed/restored/lama/canonical/canonical__p003_zero_control_restored_lama.png,648764
data/processed/restored/lama/canonical/canonical__p004_loss_large_restored_lama.png,700483
data/processed/restored/lama/canonical/canonical__p004_loss_small_restored_lama.png,709483
data/processed/restored/lama/canonical/canonical__p004_mixed_damage_restored_lama.png,708891
data/processed/restored/lama/canonical/canonical__p004_scratch_thin_restored_lama.png,713656
data/processed/restored/lama/canonical/canonical__p004_zero_control_restored_lama.png,709746
data/processed/restored/lama/canonical/canonical__p005_loss_large_restored_lama.png,723228
data/processed/restored/lama/canonical/canonical__p005_loss_small_restored_lama.png,745698
data/processed/restored/lama/canonical/canonical__p005_mixed_damage_restored_lama.png,745291
data/processed/restored/lama/canonical/canonical__p005_scratch_thin_restored_lama.png,748034
data/processed/restored/lama/canonical/canonical__p005_zero_control_restored_lama.png,745221
data/processed/restored/lama/canonical/canonical__p006_loss_large_restored_lama.png,452771
data/processed/restored/lama/canonical/canonical__p006_loss_small_restored_lama.png,457658
data/processed/restored/lama/canonical/canonical__p006_mixed_damage_restored_lama.png,461380
data/processed/restored/lama/canonical/canonical__p006_scratch_thin_restored_lama.png,462358
data/processed/restored/lama/canonical/canonical__p006_zero_control_restored_lama.png,458402
data/processed/restored/lama/canonical/canonical__p007_loss_large_restored_lama.png,602663
data/processed/restored/lama/canonical/canonical__p007_loss_small_restored_lama.png,618725
data/processed/restored/lama/canonical/canonical__p007_mixed_damage_restored_lama.png,616964
data/processed/restored/lama/canonical/canonical__p007_scratch_thin_restored_lama.png,623452
data/processed/restored/lama/canonical/canonical__p007_zero_control_restored_lama.png,618628
data/processed/restored/lama/canonical/canonical__p008_loss_large_restored_lama.png,508715
data/processed/restored/lama/canonical/canonical__p008_loss_small_restored_lama.png,519562
data/processed/restored/lama/canonical/canonical__p008_mixed_damage_restored_lama.png,521922
data/processed/restored/lama/canonical/canonical__p008_scratch_thin_restored_lama.png,521373
data/processed/restored/lama/canonical/canonical__p008_zero_control_restored_lama.png,516135
data/processed/restored/lama/canonical/canonical__p009_loss_large_restored_lama.png,915917
data/processed/restored/lama/canonical/canonical__p009_loss_small_restored_lama.png,931820
data/processed/restored/lama/canonical/canonical__p009_mixed_damage_restored_lama.png,934319
data/processed/restored/lama/canonical/canonical__p009_scratch_thin_restored_lama.png,934682
data/processed/restored/lama/canonical/canonical__p009_zero_control_restored_lama.png,932461
data/processed/restored/lama/canonical/canonical__p010_loss_large_restored_lama.png,942036
data/processed/restored/lama/canonical/canonical__p010_loss_small_restored_lama.png,947461
data/processed/restored/lama/canonical/canonical__p010_mixed_damage_restored_lama.png,946971
data/processed/restored/lama/canonical/canonical__p010_scratch_thin_restored_lama.png,952042
data/processed/restored/lama/canonical/canonical__p010_zero_control_restored_lama.png,947871
data/processed/restored/lama/canonical/canonical__p011_loss_large_restored_lama.png,604520
data/processed/restored/lama/canonical/canonical__p011_loss_small_restored_lama.png,605787
data/processed/restored/lama/canonical/canonical__p011_mixed_damage_restored_lama.png,603588
data/processed/restored/lama/canonical/canonical__p011_scratch_thin_restored_lama.png,607222
data/processed/restored/lama/canonical/canonical__p011_zero_control_restored_lama.png,605595
data/processed/restored/lama/canonical/canonical__p012_loss_large_restored_lama.png,674373
data/processed/restored/lama/canonical/canonical__p012_loss_small_restored_lama.png,675414
data/processed/restored/lama/canonical/canonical__p012_mixed_damage_restored_lama.png,676036
data/processed/restored/lama/canonical/canonical__p012_scratch_thin_restored_lama.png,679912
data/processed/restored/lama/canonical/canonical__p012_zero_control_restored_lama.png,677316
data/processed/restored/lama/canonical/canonical__p013_loss_large_restored_lama.png,714848
data/processed/restored/lama/canonical/canonical__p013_loss_small_restored_lama.png,718116
data/processed/restored/lama/canonical/canonical__p013_mixed_damage_restored_lama.png,718086
data/processed/restored/lama/canonical/canonical__p013_scratch_thin_restored_lama.png,720991
data/processed/restored/lama/canonical/canonical__p013_zero_control_restored_lama.png,718358
data/processed/restored/lama/canonical/canonical__p014_loss_large_restored_lama.png,492422
data/processed/restored/lama/canonical/canonical__p014_loss_small_restored_lama.png,499160
data/processed/restored/lama/canonical/canonical__p014_mixed_damage_restored_lama.png,498634
data/processed/restored/lama/canonical/canonical__p014_scratch_thin_restored_lama.png,503067
data/processed/restored/lama/canonical/canonical__p014_zero_control_restored_lama.png,499070
data/processed/restored/lama/canonical/canonical__p015_loss_large_restored_lama.png,803650
data/processed/restored/lama/canonical/canonical__p015_loss_small_restored_lama.png,809032
data/processed/restored/lama/canonical/canonical__p015_mixed_damage_restored_lama.png,813328
data/processed/restored/lama/canonical/canonical__p015_scratch_thin_restored_lama.png,809650
data/processed/restored/lama/canonical/canonical__p015_zero_control_restored_lama.png,808253
data/processed/restored/lama/canonical/canonical__p016_loss_large_restored_lama.png,795750
data/processed/restored/lama/canonical/canonical__p016_loss_small_restored_lama.png,798140
data/processed/restored/lama/canonical/canonical__p016_mixed_damage_restored_lama.png,798332
data/processed/restored/lama/canonical/canonical__p016_scratch_thin_restored_lama.png,798955
data/processed/restored/lama/canonical/canonical__p016_zero_control_restored_lama.png,798598
data/processed/restored/lama/canonical/canonical__p017_loss_large_restored_lama.png,884025
data/processed/restored/lama/canonical/canonical__p017_loss_small_restored_lama.png,885971
data/processed/restored/lama/canonical/canonical__p017_mixed_damage_restored_lama.png,887308
data/processed/restored/lama/canonical/canonical__p017_scratch_thin_restored_lama.png,888264
data/processed/restored/lama/canonical/canonical__p017_zero_control_restored_lama.png,885682
data/processed/restored/lama/canonical/canonical__p018_loss_large_restored_lama.png,531899
data/processed/restored/lama/canonical/canonical__p018_loss_small_restored_lama.png,536379
data/processed/restored/lama/canonical/canonical__p018_mixed_damage_restored_lama.png,541097
data/processed/restored/lama/canonical/canonical__p018_scratch_thin_restored_lama.png,538960
data/processed/restored/lama/canonical/canonical__p018_zero_control_restored_lama.png,535564
data/processed/restored/lama/canonical/canonical__p019_loss_large_restored_lama.png,826347
data/processed/restored/lama/canonical/canonical__p019_loss_small_restored_lama.png,831878
data/processed/restored/lama/canonical/canonical__p019_mixed_damage_restored_lama.png,831111
data/processed/restored/lama/canonical/canonical__p019_scratch_thin_restored_lama.png,834244
data/processed/restored/lama/canonical/canonical__p019_zero_control_restored_lama.png,831537
data/processed/restored/lama/canonical/canonical__p020_loss_large_restored_lama.png,626119
data/processed/restored/lama/canonical/canonical__p020_loss_small_restored_lama.png,613742
data/processed/restored/lama/canonical/canonical__p020_mixed_damage_restored_lama.png,624350
data/processed/restored/lama/canonical/canonical__p020_scratch_thin_restored_lama.png,616330
data/processed/restored/lama/canonical/canonical__p020_zero_control_restored_lama.png,610736
data/processed/restored/lama/canonical/canonical__p021_loss_large_restored_lama.png,823158
data/processed/restored/lama/canonical/canonical__p021_loss_small_restored_lama.png,837953
data/processed/restored/lama/canonical/canonical__p021_mixed_damage_restored_lama.png,837653
data/processed/restored/lama/canonical/canonical__p021_scratch_thin_restored_lama.png,838241
data/processed/restored/lama/canonical/canonical__p021_zero_control_restored_lama.png,837813
data/processed/restored/lama/canonical/canonical__p022_loss_large_restored_lama.png,720392
data/processed/restored/lama/canonical/canonical__p022_loss_small_restored_lama.png,730495
data/processed/restored/lama/canonical/canonical__p022_mixed_damage_restored_lama.png,728681
data/processed/restored/lama/canonical/canonical__p022_scratch_thin_restored_lama.png,732339
data/processed/restored/lama/canonical/canonical__p022_zero_control_restored_lama.png,731075
data/processed/restored/lama/canonical/canonical__p023_loss_large_restored_lama.png,691362
data/processed/restored/lama/canonical/canonical__p023_loss_small_restored_lama.png,695261
data/processed/restored/lama/canonical/canonical__p023_mixed_damage_restored_lama.png,695152
data/processed/restored/lama/canonical/canonical__p023_scratch_thin_restored_lama.png,697541
data/processed/restored/lama/canonical/canonical__p023_zero_control_restored_lama.png,695782
data/processed/restored/lama/canonical/canonical__p024_loss_large_restored_lama.png,697953
data/processed/restored/lama/canonical/canonical__p024_loss_small_restored_lama.png,703452
data/processed/restored/lama/canonical/canonical__p024_mixed_damage_restored_lama.png,706002
data/processed/restored/lama/canonical/canonical__p024_scratch_thin_restored_lama.png,703693
data/processed/restored/lama/canonical/canonical__p024_zero_control_restored_lama.png,700806
data/processed/restored/lama/canonical/canonical__p025_loss_large_restored_lama.png,754249
data/processed/restored/lama/canonical/canonical__p025_loss_small_restored_lama.png,764666
data/processed/restored/lama/canonical/canonical__p025_mixed_damage_restored_lama.png,764543
data/processed/restored/lama/canonical/canonical__p025_scratch_thin_restored_lama.png,768179
data/processed/restored/lama/canonical/canonical__p025_zero_control_restored_lama.png,764601
data/processed/restored/lama/canonical/canonical__p026_loss_large_restored_lama.png,755450
data/processed/restored/lama/canonical/canonical__p026_loss_small_restored_lama.png,757745
data/processed/restored/lama/canonical/canonical__p026_mixed_damage_restored_lama.png,756048
data/processed/restored/lama/canonical/canonical__p026_scratch_thin_restored_lama.png,757768
data/processed/restored/lama/canonical/canonical__p026_zero_control_restored_lama.png,758090
data/processed/restored/lama/canonical/canonical__p027_loss_large_restored_lama.png,814139
data/processed/restored/lama/canonical/canonical__p027_loss_small_restored_lama.png,821680
data/processed/restored/lama/canonical/canonical__p027_mixed_damage_restored_lama.png,823687
data/processed/restored/lama/canonical/canonical__p027_scratch_thin_restored_lama.png,823696
data/processed/restored/lama/canonical/canonical__p027_zero_control_restored_lama.png,823450
data/processed/restored/lama/canonical/canonical__p028_loss_large_restored_lama.png,612123
data/processed/restored/lama/canonical/canonical__p028_loss_small_restored_lama.png,617825
data/processed/restored/lama/canonical/canonical__p028_mixed_damage_restored_lama.png,617112
data/processed/restored/lama/canonical/canonical__p028_scratch_thin_restored_lama.png,622366
data/processed/restored/lama/canonical/canonical__p028_zero_control_restored_lama.png,618940
data/processed/restored/lama/canonical/canonical__p029_loss_large_restored_lama.png,683120
data/processed/restored/lama/canonical/canonical__p029_loss_small_restored_lama.png,688961
data/processed/restored/lama/canonical/canonical__p029_mixed_damage_restored_lama.png,689619
data/processed/restored/lama/canonical/canonical__p029_scratch_thin_restored_lama.png,691087
data/processed/restored/lama/canonical/canonical__p029_zero_control_restored_lama.png,689175
data/processed/restored/lama/canonical/canonical__p030_loss_large_restored_lama.png,568696
data/processed/restored/lama/canonical/canonical__p030_loss_small_restored_lama.png,575364
data/processed/restored/lama/canonical/canonical__p030_mixed_damage_restored_lama.png,574153
data/processed/restored/lama/canonical/canonical__p030_scratch_thin_restored_lama.png,578843
data/processed/restored/lama/canonical/canonical__p030_zero_control_restored_lama.png,575569
data/processed/restored/lama/canonical/canonical__p031_loss_large_restored_lama.png,983344
data/processed/restored/lama/canonical/canonical__p031_loss_small_restored_lama.png,995024
data/processed/restored/lama/canonical/canonical__p031_mixed_damage_restored_lama.png,991990
data/processed/restored/lama/canonical/canonical__p031_scratch_thin_restored_lama.png,997127
data/processed/restored/lama/canonical/canonical__p031_zero_control_restored_lama.png,994639
data/processed/restored/lama/canonical/canonical__p032_loss_large_restored_lama.png,713916
data/processed/restored/lama/canonical/canonical__p032_loss_small_restored_lama.png,694267
data/processed/restored/lama/canonical/canonical__p032_mixed_damage_restored_lama.png,702807
data/processed/restored/lama/canonical/canonical__p032_scratch_thin_restored_lama.png,695305
data/processed/restored/lama/canonical/canonical__p032_zero_control_restored_lama.png,690057
data/processed/restored/lama/canonical/canonical__p033_loss_large_restored_lama.png,1107514
data/processed/restored/lama/canonical/canonical__p033_loss_small_restored_lama.png,1112355
data/processed/restored/lama/canonical/canonical__p033_mixed_damage_restored_lama.png,1113672
data/processed/restored/lama/canonical/canonical__p033_scratch_thin_restored_lama.png,1114524
data/processed/restored/lama/canonical/canonical__p033_zero_control_restored_lama.png,1112283
data/processed/restored/lama/canonical/canonical__p034_loss_large_restored_lama.png,963735
data/processed/restored/lama/canonical/canonical__p034_loss_small_restored_lama.png,975221
data/processed/restored/lama/canonical/canonical__p034_mixed_damage_restored_lama.png,970454
data/processed/restored/lama/canonical/canonical__p034_scratch_thin_restored_lama.png,976130
data/processed/restored/lama/canonical/canonical__p034_zero_control_restored_lama.png,974992
data/processed/restored/lama/canonical/canonical__p035_loss_large_restored_lama.png,726330
data/processed/restored/lama/canonical/canonical__p035_loss_small_restored_lama.png,735889
data/processed/restored/lama/canonical/canonical__p035_mixed_damage_restored_lama.png,735292
data/processed/restored/lama/canonical/canonical__p035_scratch_thin_restored_lama.png,737130
data/processed/restored/lama/canonical/canonical__p035_zero_control_restored_lama.png,735142
data/processed/restored/lama/canonical/canonical__p036_loss_large_restored_lama.png,307447
data/processed/restored/lama/canonical/canonical__p036_loss_small_restored_lama.png,294591
data/processed/restored/lama/canonical/canonical__p036_mixed_damage_restored_lama.png,307048
data/processed/restored/lama/canonical/canonical__p036_scratch_thin_restored_lama.png,294450
data/processed/restored/lama/canonical/canonical__p036_zero_control_restored_lama.png,285097
data/processed/restored/lama/canonical/canonical__p037_loss_large_restored_lama.png,663706
data/processed/restored/lama/canonical/canonical__p037_loss_small_restored_lama.png,668801
data/processed/restored/lama/canonical/canonical__p037_mixed_damage_restored_lama.png,667742
data/processed/restored/lama/canonical/canonical__p037_scratch_thin_restored_lama.png,671362
data/processed/restored/lama/canonical/canonical__p037_zero_control_restored_lama.png,669259
data/processed/restored/lama/canonical/canonical__p038_loss_large_restored_lama.png,739069
data/processed/restored/lama/canonical/canonical__p038_loss_small_restored_lama.png,753263
data/processed/restored/lama/canonical/canonical__p038_mixed_damage_restored_lama.png,750091
data/processed/restored/lama/canonical/canonical__p038_scratch_thin_restored_lama.png,753737
data/processed/restored/lama/canonical/canonical__p038_zero_control_restored_lama.png,752038
data/processed/restored/lama/canonical/canonical__p039_loss_large_restored_lama.png,712716
data/processed/restored/lama/canonical/canonical__p039_loss_small_restored_lama.png,718190
data/processed/restored/lama/canonical/canonical__p039_mixed_damage_restored_lama.png,718568
data/processed/restored/lama/canonical/canonical__p039_scratch_thin_restored_lama.png,721789
data/processed/restored/lama/canonical/canonical__p039_zero_control_restored_lama.png,717874
data/processed/restored/lama/canonical/canonical__p040_loss_large_restored_lama.png,830052
data/processed/restored/lama/canonical/canonical__p040_loss_small_restored_lama.png,841811
data/processed/restored/lama/canonical/canonical__p040_mixed_damage_restored_lama.png,838891
data/processed/restored/lama/canonical/canonical__p040_scratch_thin_restored_lama.png,843535
data/processed/restored/lama/canonical/canonical__p040_zero_control_restored_lama.png,841868
data/processed/restored/lama/canonical/canonical__p041_loss_large_restored_lama.png,960285
data/processed/restored/lama/canonical/canonical__p041_loss_small_restored_lama.png,966848
data/processed/restored/lama/canonical/canonical__p041_mixed_damage_restored_lama.png,964576
data/processed/restored/lama/canonical/canonical__p041_scratch_thin_restored_lama.png,968109
data/processed/restored/lama/canonical/canonical__p041_zero_control_restored_lama.png,968222
data/processed/restored/lama/canonical/canonical__p042_loss_large_restored_lama.png,594538
data/processed/restored/lama/canonical/canonical__p042_loss_small_restored_lama.png,597548
data/processed/restored/lama/canonical/canonical__p042_mixed_damage_restored_lama.png,598647
data/processed/restored/lama/canonical/canonical__p042_scratch_thin_restored_lama.png,600639
data/processed/restored/lama/canonical/canonical__p042_zero_control_restored_lama.png,597586
data/processed/restored/lama/canonical/canonical__p043_loss_large_restored_lama.png,763525
data/processed/restored/lama/canonical/canonical__p043_loss_small_restored_lama.png,773867
data/processed/restored/lama/canonical/canonical__p043_mixed_damage_restored_lama.png,773880
data/processed/restored/lama/canonical/canonical__p043_scratch_thin_restored_lama.png,776167
data/processed/restored/lama/canonical/canonical__p043_zero_control_restored_lama.png,774654
data/processed/restored/lama/canonical/canonical__p044_loss_large_restored_lama.png,756408
data/processed/restored/lama/canonical/canonical__p044_loss_small_restored_lama.png,758366
data/processed/restored/lama/canonical/canonical__p044_mixed_damage_restored_lama.png,760716
data/processed/restored/lama/canonical/canonical__p044_scratch_thin_restored_lama.png,761431
data/processed/restored/lama/canonical/canonical__p044_zero_control_restored_lama.png,759092
data/processed/restored/lama/canonical/canonical__p045_loss_large_restored_lama.png,865592
data/processed/restored/lama/canonical/canonical__p045_loss_small_restored_lama.png,875391
data/processed/restored/lama/canonical/canonical__p045_mixed_damage_restored_lama.png,874693
data/processed/restored/lama/canonical/canonical__p045_scratch_thin_restored_lama.png,878513
data/processed/restored/lama/canonical/canonical__p045_zero_control_restored_lama.png,876553
data/processed/restored/lama/canonical/canonical__p046_loss_large_restored_lama.png,696804
data/processed/restored/lama/canonical/canonical__p046_loss_small_restored_lama.png,701199
data/processed/restored/lama/canonical/canonical__p046_mixed_damage_restored_lama.png,701679
data/processed/restored/lama/canonical/canonical__p046_scratch_thin_restored_lama.png,706200
data/processed/restored/lama/canonical/canonical__p046_zero_control_restored_lama.png,702786
data/processed/restored/lama/canonical/canonical__p047_loss_large_restored_lama.png,774245
data/processed/restored/lama/canonical/canonical__p047_loss_small_restored_lama.png,783560
data/processed/restored/lama/canonical/canonical__p047_mixed_damage_restored_lama.png,788182
data/processed/restored/lama/canonical/canonical__p047_scratch_thin_restored_lama.png,787805
data/processed/restored/lama/canonical/canonical__p047_zero_control_restored_lama.png,783654
data/processed/restored/lama/canonical/canonical__p048_loss_large_restored_lama.png,757210
data/processed/restored/lama/canonical/canonical__p048_loss_small_restored_lama.png,765958
data/processed/restored/lama/canonical/canonical__p048_mixed_damage_restored_lama.png,764793
data/processed/restored/lama/canonical/canonical__p048_scratch_thin_restored_lama.png,768145
data/processed/restored/lama/canonical/canonical__p048_zero_control_restored_lama.png,766772
data/processed/restored/lama/canonical/canonical__p049_loss_large_restored_lama.png,558183
data/processed/restored/lama/canonical/canonical__p049_loss_small_restored_lama.png,562515
data/processed/restored/lama/canonical/canonical__p049_mixed_damage_restored_lama.png,561934
data/processed/restored/lama/canonical/canonical__p049_scratch_thin_restored_lama.png,564560
data/processed/restored/lama/canonical/canonical__p049_zero_control_restored_lama.png,562353
data/processed/restored/lama/canonical/canonical__p050_loss_large_restored_lama.png,746160
data/processed/restored/lama/canonical/canonical__p050_loss_small_restored_lama.png,754450
data/processed/restored/lama/canonical/canonical__p050_mixed_damage_restored_lama.png,751473
data/processed/restored/lama/canonical/canonical__p050_scratch_thin_restored_lama.png,759054
data/processed/restored/lama/canonical/canonical__p050_zero_control_restored_lama.png,754887
data/processed/restored/lama/damage_size/damage_size__p001__loss_large__size_02pct_restored_lama.png,722542
data/processed/restored/lama/damage_size/damage_size__p001__loss_large__size_04pct_restored_lama.png,720333
data/processed/restored/lama/damage_size/damage_size__p001__loss_large__size_06pct_restored_lama.png,716428
data/processed/restored/lama/damage_size/damage_size__p001__loss_large__size_08pct_restored_lama.png,712643
data/processed/restored/lama/damage_size/damage_size__p001__loss_large__size_10pct_restored_lama.png,709884
data/processed/restored/lama/damage_size/damage_size__p001__loss_large__size_15pct_restored_lama.png,703721
data/processed/restored/lama/damage_size/damage_size__p001__loss_large__size_20pct_restored_lama.png,701054
data/processed/restored/lama/damage_size/damage_size__p018__loss_large__size_02pct_restored_lama.png,534327
data/processed/restored/lama/damage_size/damage_size__p018__loss_large__size_04pct_restored_lama.png,533940
data/processed/restored/lama/damage_size/damage_size__p018__loss_large__size_06pct_restored_lama.png,532940
data/processed/restored/lama/damage_size/damage_size__p018__loss_large__size_08pct_restored_lama.png,532982
data/processed/restored/lama/damage_size/damage_size__p018__loss_large__size_10pct_restored_lama.png,532847
data/processed/restored/lama/damage_size/damage_size__p018__loss_large__size_15pct_restored_lama.png,531987
data/processed/restored/lama/damage_size/damage_size__p018__loss_large__size_20pct_restored_lama.png,528275
data/processed/restored/lama/damage_size/damage_size__p026__loss_large__size_02pct_restored_lama.png,757587
data/processed/restored/lama/damage_size/damage_size__p026__loss_large__size_04pct_restored_lama.png,757269
data/processed/restored/lama/damage_size/damage_size__p026__loss_large__size_06pct_restored_lama.png,755537
data/processed/restored/lama/damage_size/damage_size__p026__loss_large__size_08pct_restored_lama.png,754339
data/processed/restored/lama/damage_size/damage_size__p026__loss_large__size_10pct_restored_lama.png,755779
data/processed/restored/lama/damage_size/damage_size__p026__loss_large__size_15pct_restored_lama.png,753492
data/processed/restored/lama/damage_size/damage_size__p026__loss_large__size_20pct_restored_lama.png,749201
data/processed/restored/lama/damage_size/damage_size__p039__loss_large__size_02pct_restored_lama.png,717198
data/processed/restored/lama/damage_size/damage_size__p039__loss_large__size_04pct_restored_lama.png,716788
data/processed/restored/lama/damage_size/damage_size__p039__loss_large__size_06pct_restored_lama.png,717977
data/processed/restored/lama/damage_size/damage_size__p039__loss_large__size_08pct_restored_lama.png,716219
data/processed/restored/lama/damage_size/damage_size__p039__loss_large__size_10pct_restored_lama.png,714583
data/processed/restored/lama/damage_size/damage_size__p039__loss_large__size_15pct_restored_lama.png,707298
data/processed/restored/lama/damage_size/damage_size__p039__loss_large__size_20pct_restored_lama.png,694598
data/processed/restored/lama/damage_size/damage_size__p043__loss_large__size_02pct_restored_lama.png,773976
data/processed/restored/lama/damage_size/damage_size__p043__loss_large__size_04pct_restored_lama.png,772587
data/processed/restored/lama/damage_size/damage_size__p043__loss_large__size_06pct_restored_lama.png,770177
data/processed/restored/lama/damage_size/damage_size__p043__loss_large__size_08pct_restored_lama.png,768179
data/processed/restored/lama/damage_size/damage_size__p043__loss_large__size_10pct_restored_lama.png,766938
data/processed/restored/lama/damage_size/damage_size__p043__loss_large__size_15pct_restored_lama.png,761788
data/processed/restored/lama/damage_size/damage_size__p043__loss_large__size_20pct_restored_lama.png,759170
data/processed/restored/lama/mask_robustness/mask_robustness__p001__loss_large__variant_01_restored_lama.png,709064
data/processed/restored/lama/mask_robustness/mask_robustness__p001__loss_large__variant_02_restored_lama.png,716292
data/processed/restored/lama/mask_robustness/mask_robustness__p001__loss_large__variant_03_restored_lama.png,718161
data/processed/restored/lama/mask_robustness/mask_robustness__p001__loss_large__variant_04_restored_lama.png,707391
data/processed/restored/lama/mask_robustness/mask_robustness__p001__loss_large__variant_05_restored_lama.png,715261
data/processed/restored/lama/mask_robustness/mask_robustness__p001__loss_small__variant_01_restored_lama.png,721649
data/processed/restored/lama/mask_robustness/mask_robustness__p001__loss_small__variant_02_restored_lama.png,722142
data/processed/restored/lama/mask_robustness/mask_robustness__p001__loss_small__variant_03_restored_lama.png,722190
data/processed/restored/lama/mask_robustness/mask_robustness__p001__loss_small__variant_04_restored_lama.png,722308
data/processed/restored/lama/mask_robustness/mask_robustness__p001__loss_small__variant_05_restored_lama.png,721257
data/processed/restored/lama/mask_robustness/mask_robustness__p001__scratch_thin__variant_01_restored_lama.png,723152
data/processed/restored/lama/mask_robustness/mask_robustness__p001__scratch_thin__variant_02_restored_lama.png,724790
data/processed/restored/lama/mask_robustness/mask_robustness__p001__scratch_thin__variant_03_restored_lama.png,724192
data/processed/restored/lama/mask_robustness/mask_robustness__p001__scratch_thin__variant_04_restored_lama.png,726002
data/processed/restored/lama/mask_robustness/mask_robustness__p001__scratch_thin__variant_05_restored_lama.png,725326
data/processed/restored/lama/mask_robustness/mask_robustness__p018__loss_large__variant_01_restored_lama.png,534154
data/processed/restored/lama/mask_robustness/mask_robustness__p018__loss_large__variant_02_restored_lama.png,533411
data/processed/restored/lama/mask_robustness/mask_robustness__p018__loss_large__variant_03_restored_lama.png,537010
data/processed/restored/lama/mask_robustness/mask_robustness__p018__loss_large__variant_04_restored_lama.png,529079
data/processed/restored/lama/mask_robustness/mask_robustness__p018__loss_large__variant_05_restored_lama.png,533458
data/processed/restored/lama/mask_robustness/mask_robustness__p018__loss_small__variant_01_restored_lama.png,534629
data/processed/restored/lama/mask_robustness/mask_robustness__p018__loss_small__variant_02_restored_lama.png,534781
data/processed/restored/lama/mask_robustness/mask_robustness__p018__loss_small__variant_03_restored_lama.png,534854
data/processed/restored/lama/mask_robustness/mask_robustness__p018__loss_small__variant_04_restored_lama.png,534856
data/processed/restored/lama/mask_robustness/mask_robustness__p018__loss_small__variant_05_restored_lama.png,534942
data/processed/restored/lama/mask_robustness/mask_robustness__p018__scratch_thin__variant_01_restored_lama.png,538435
data/processed/restored/lama/mask_robustness/mask_robustness__p018__scratch_thin__variant_02_restored_lama.png,539838
data/processed/restored/lama/mask_robustness/mask_robustness__p018__scratch_thin__variant_03_restored_lama.png,537722
data/processed/restored/lama/mask_robustness/mask_robustness__p018__scratch_thin__variant_04_restored_lama.png,538304
data/processed/restored/lama/mask_robustness/mask_robustness__p018__scratch_thin__variant_05_restored_lama.png,538212
data/processed/restored/lama/mask_robustness/mask_robustness__p026__loss_large__variant_01_restored_lama.png,755447
data/processed/restored/lama/mask_robustness/mask_robustness__p026__loss_large__variant_02_restored_lama.png,752574
data/processed/restored/lama/mask_robustness/mask_robustness__p026__loss_large__variant_03_restored_lama.png,753963
data/processed/restored/lama/mask_robustness/mask_robustness__p026__loss_large__variant_04_restored_lama.png,752623
data/processed/restored/lama/mask_robustness/mask_robustness__p026__loss_large__variant_05_restored_lama.png,754964
data/processed/restored/lama/mask_robustness/mask_robustness__p026__loss_small__variant_01_restored_lama.png,757542
data/processed/restored/lama/mask_robustness/mask_robustness__p026__loss_small__variant_02_restored_lama.png,757403
data/processed/restored/lama/mask_robustness/mask_robustness__p026__loss_small__variant_03_restored_lama.png,757220
data/processed/restored/lama/mask_robustness/mask_robustness__p026__loss_small__variant_04_restored_lama.png,757374
data/processed/restored/lama/mask_robustness/mask_robustness__p026__loss_small__variant_05_restored_lama.png,757108
data/processed/restored/lama/mask_robustness/mask_robustness__p026__scratch_thin__variant_01_restored_lama.png,758360
data/processed/restored/lama/mask_robustness/mask_robustness__p026__scratch_thin__variant_02_restored_lama.png,759109
data/processed/restored/lama/mask_robustness/mask_robustness__p026__scratch_thin__variant_03_restored_lama.png,757131
data/processed/restored/lama/mask_robustness/mask_robustness__p026__scratch_thin__variant_04_restored_lama.png,758354
data/processed/restored/lama/mask_robustness/mask_robustness__p026__scratch_thin__variant_05_restored_lama.png,758101
data/processed/restored/lama/mask_robustness/mask_robustness__p039__loss_large__variant_01_restored_lama.png,711180
data/processed/restored/lama/mask_robustness/mask_robustness__p039__loss_large__variant_02_restored_lama.png,710686
data/processed/restored/lama/mask_robustness/mask_robustness__p039__loss_large__variant_03_restored_lama.png,710578
data/processed/restored/lama/mask_robustness/mask_robustness__p039__loss_large__variant_04_restored_lama.png,709164
data/processed/restored/lama/mask_robustness/mask_robustness__p039__loss_large__variant_05_restored_lama.png,715151
data/processed/restored/lama/mask_robustness/mask_robustness__p039__loss_small__variant_01_restored_lama.png,718312
data/processed/restored/lama/mask_robustness/mask_robustness__p039__loss_small__variant_02_restored_lama.png,717782
data/processed/restored/lama/mask_robustness/mask_robustness__p039__loss_small__variant_03_restored_lama.png,715420
data/processed/restored/lama/mask_robustness/mask_robustness__p039__loss_small__variant_04_restored_lama.png,717470
data/processed/restored/lama/mask_robustness/mask_robustness__p039__loss_small__variant_05_restored_lama.png,718000
data/processed/restored/lama/mask_robustness/mask_robustness__p039__scratch_thin__variant_01_restored_lama.png,720487
data/processed/restored/lama/mask_robustness/mask_robustness__p039__scratch_thin__variant_02_restored_lama.png,720839
data/processed/restored/lama/mask_robustness/mask_robustness__p039__scratch_thin__variant_03_restored_lama.png,720737
data/processed/restored/lama/mask_robustness/mask_robustness__p039__scratch_thin__variant_04_restored_lama.png,721375
data/processed/restored/lama/mask_robustness/mask_robustness__p039__scratch_thin__variant_05_restored_lama.png,722031
data/processed/restored/lama/mask_robustness/mask_robustness__p043__loss_large__variant_01_restored_lama.png,768388
data/processed/restored/lama/mask_robustness/mask_robustness__p043__loss_large__variant_02_restored_lama.png,766785
data/processed/restored/lama/mask_robustness/mask_robustness__p043__loss_large__variant_03_restored_lama.png,763283
data/processed/restored/lama/mask_robustness/mask_robustness__p043__loss_large__variant_04_restored_lama.png,771594
data/processed/restored/lama/mask_robustness/mask_robustness__p043__loss_large__variant_05_restored_lama.png,760326
data/processed/restored/lama/mask_robustness/mask_robustness__p043__loss_small__variant_01_restored_lama.png,774631
data/processed/restored/lama/mask_robustness/mask_robustness__p043__loss_small__variant_02_restored_lama.png,774411
data/processed/restored/lama/mask_robustness/mask_robustness__p043__loss_small__variant_03_restored_lama.png,775020
data/processed/restored/lama/mask_robustness/mask_robustness__p043__loss_small__variant_04_restored_lama.png,772671
data/processed/restored/lama/mask_robustness/mask_robustness__p043__loss_small__variant_05_restored_lama.png,773766
data/processed/restored/lama/mask_robustness/mask_robustness__p043__scratch_thin__variant_01_restored_lama.png,776973
data/processed/restored/lama/mask_robustness/mask_robustness__p043__scratch_thin__variant_02_restored_lama.png,776232
data/processed/restored/lama/mask_robustness/mask_robustness__p043__scratch_thin__variant_03_restored_lama.png,776562
data/processed/restored/lama/mask_robustness/mask_robustness__p043__scratch_thin__variant_04_restored_lama.png,776386
data/processed/restored/lama/mask_robustness/mask_robustness__p043__scratch_thin__variant_05_restored_lama.png,775706
data/processed/restored/lama/synthetic_degradation/synthetic_degradation__p001__dirt_dust__mild_restored_lama.png,724018
data/processed/restored/lama/synthetic_degradation/synthetic_degradation__p001__dirt_dust__moderate_restored_lama.png,723991
data/processed/restored/lama/synthetic_degradation/synthetic_degradation__p001__dirt_dust__severe_restored_lama.png,723618
data/processed/restored/lama/synthetic_degradation/synthetic_degradation__p001__partial_transparency__mild_restored_lama.png,721786
data/processed/restored/lama/synthetic_degradation/synthetic_degradation__p001__partial_transparency__moderate_restored_lama.png,692714
data/processed/restored/lama/synthetic_degradation/synthetic_degradation__p001__partial_transparency__severe_restored_lama.png,640851
data/processed/restored/lama/synthetic_degradation/synthetic_degradation__p001__water_stain__mild_restored_lama.png,722351
data/processed/restored/lama/synthetic_degradation/synthetic_degradation__p001__water_stain__moderate_restored_lama.png,719704
data/processed/restored/lama/synthetic_degradation/synthetic_degradation__p001__water_stain__severe_restored_lama.png,712839
data/processed/restored/lama/synthetic_degradation/synthetic_degradation__p001__water_stain_dirt__moderate_restored_lama.png,718154
data/processed/restored/lama/synthetic_degradation/synthetic_degradation__p018__dirt_dust__mild_restored_lama.png,536241
data/processed/restored/lama/synthetic_degradation/synthetic_degradation__p018__dirt_dust__moderate_restored_lama.png,536771
data/processed/restored/lama/synthetic_degradation/synthetic_degradation__p018__dirt_dust__severe_restored_lama.png,537128
data/processed/restored/lama/synthetic_degradation/synthetic_degradation__p018__partial_transparency__mild_restored_lama.png,532090
data/processed/restored/lama/synthetic_degradation/synthetic_degradation__p018__partial_transparency__moderate_restored_lama.png,520712
data/processed/restored/lama/synthetic_degradation/synthetic_degradation__p018__partial_transparency__severe_restored_lama.png,506175
data/processed/restored/lama/synthetic_degradation/synthetic_degradation__p018__water_stain__mild_restored_lama.png,530888
data/processed/restored/lama/synthetic_degradation/synthetic_degradation__p018__water_stain__moderate_restored_lama.png,533093
data/processed/restored/lama/synthetic_degradation/synthetic_degradation__p018__water_stain__severe_restored_lama.png,529547
data/processed/restored/lama/synthetic_degradation/synthetic_degradation__p018__water_stain_dirt__moderate_restored_lama.png,531487
data/processed/restored/lama/synthetic_degradation/synthetic_degradation__p026__dirt_dust__mild_restored_lama.png,758028
data/processed/restored/lama/synthetic_degradation/synthetic_degradation__p026__dirt_dust__moderate_restored_lama.png,757923
data/processed/restored/lama/synthetic_degradation/synthetic_degradation__p026__dirt_dust__severe_restored_lama.png,756397
data/processed/restored/lama/synthetic_degradation/synthetic_degradation__p026__partial_transparency__mild_restored_lama.png,756392
data/processed/restored/lama/synthetic_degradation/synthetic_degradation__p026__partial_transparency__moderate_restored_lama.png,751618
data/processed/restored/lama/synthetic_degradation/synthetic_degradation__p026__partial_transparency__severe_restored_lama.png,705969
data/processed/restored/lama/synthetic_degradation/synthetic_degradation__p026__water_stain__mild_restored_lama.png,756414
data/processed/restored/lama/synthetic_degradation/synthetic_degradation__p026__water_stain__moderate_restored_lama.png,753536
data/processed/restored/lama/synthetic_degradation/synthetic_degradation__p026__water_stain__severe_restored_lama.png,750367
data/processed/restored/lama/synthetic_degradation/synthetic_degradation__p026__water_stain_dirt__moderate_restored_lama.png,753863
data/processed/restored/lama/synthetic_degradation/synthetic_degradation__p039__dirt_dust__mild_restored_lama.png,718421
data/processed/restored/lama/synthetic_degradation/synthetic_degradation__p039__dirt_dust__moderate_restored_lama.png,718883
data/processed/restored/lama/synthetic_degradation/synthetic_degradation__p039__dirt_dust__severe_restored_lama.png,719142
data/processed/restored/lama/synthetic_degradation/synthetic_degradation__p039__partial_transparency__mild_restored_lama.png,717117
data/processed/restored/lama/synthetic_degradation/synthetic_degradation__p039__partial_transparency__moderate_restored_lama.png,687369
data/processed/restored/lama/synthetic_degradation/synthetic_degradation__p039__partial_transparency__severe_restored_lama.png,650938
data/processed/restored/lama/synthetic_degradation/synthetic_degradation__p039__water_stain__mild_restored_lama.png,716248
data/processed/restored/lama/synthetic_degradation/synthetic_degradation__p039__water_stain__moderate_restored_lama.png,710743
data/processed/restored/lama/synthetic_degradation/synthetic_degradation__p039__water_stain__severe_restored_lama.png,710586
data/processed/restored/lama/synthetic_degradation/synthetic_degradation__p039__water_stain_dirt__moderate_restored_lama.png,714203
data/processed/restored/lama/synthetic_degradation/synthetic_degradation__p043__dirt_dust__mild_restored_lama.png,775033
data/processed/restored/lama/synthetic_degradation/synthetic_degradation__p043__dirt_dust__moderate_restored_lama.png,774978
data/processed/restored/lama/synthetic_degradation/synthetic_degradation__p043__dirt_dust__severe_restored_lama.png,774772
data/processed/restored/lama/synthetic_degradation/synthetic_degradation__p043__partial_transparency__mild_restored_lama.png,772115
data/processed/restored/lama/synthetic_degradation/synthetic_degradation__p043__partial_transparency__moderate_restored_lama.png,747415
data/processed/restored/lama/synthetic_degradation/synthetic_degradation__p043__partial_transparency__severe_restored_lama.png,700890
data/processed/restored/lama/synthetic_degradation/synthetic_degradation__p043__water_stain__mild_restored_lama.png,773138
data/processed/restored/lama/synthetic_degradation/synthetic_degradation__p043__water_stain__moderate_restored_lama.png,770163
data/processed/restored/lama/synthetic_degradation/synthetic_degradation__p043__water_stain__severe_restored_lama.png,762395
data/processed/restored/lama/synthetic_degradation/synthetic_degradation__p043__water_stain_dirt__moderate_restored_lama.png,769147
data/processed/restored/opencv_telea/canonical/canonical__p001_loss_large_restored_opencv_telea.png,702458
data/processed/restored/opencv_telea/canonical/canonical__p001_loss_small_restored_opencv_telea.png,719796
data/processed/restored/opencv_telea/canonical/canonical__p001_mixed_damage_restored_opencv_telea.png,709026
data/processed/restored/opencv_telea/canonical/canonical__p001_scratch_thin_restored_opencv_telea.png,722436
data/processed/restored/opencv_telea/canonical/canonical__p001_zero_control_restored_opencv_telea.png,723881
data/processed/restored/opencv_telea/canonical/canonical__p002_loss_large_restored_opencv_telea.png,329218
data/processed/restored/opencv_telea/canonical/canonical__p002_loss_small_restored_opencv_telea.png,339851
data/processed/restored/opencv_telea/canonical/canonical__p002_mixed_damage_restored_opencv_telea.png,347760
data/processed/restored/opencv_telea/canonical/canonical__p002_scratch_thin_restored_opencv_telea.png,342638
data/processed/restored/opencv_telea/canonical/canonical__p002_zero_control_restored_opencv_telea.png,339472
data/processed/restored/opencv_telea/canonical/canonical__p003_loss_large_restored_opencv_telea.png,621411
data/processed/restored/opencv_telea/canonical/canonical__p003_loss_small_restored_opencv_telea.png,645205
data/processed/restored/opencv_telea/canonical/canonical__p003_mixed_damage_restored_opencv_telea.png,642719
data/processed/restored/opencv_telea/canonical/canonical__p003_scratch_thin_restored_opencv_telea.png,648598
data/processed/restored/opencv_telea/canonical/canonical__p003_zero_control_restored_opencv_telea.png,648764
data/processed/restored/opencv_telea/canonical/canonical__p004_loss_large_restored_opencv_telea.png,677560
data/processed/restored/opencv_telea/canonical/canonical__p004_loss_small_restored_opencv_telea.png,703031
data/processed/restored/opencv_telea/canonical/canonical__p004_mixed_damage_restored_opencv_telea.png,696471
data/processed/restored/opencv_telea/canonical/canonical__p004_scratch_thin_restored_opencv_telea.png,712279
data/processed/restored/opencv_telea/canonical/canonical__p004_zero_control_restored_opencv_telea.png,709746
data/processed/restored/opencv_telea/canonical/canonical__p005_loss_large_restored_opencv_telea.png,715792
data/processed/restored/opencv_telea/canonical/canonical__p005_loss_small_restored_opencv_telea.png,739670
data/processed/restored/opencv_telea/canonical/canonical__p005_mixed_damage_restored_opencv_telea.png,737584
data/processed/restored/opencv_telea/canonical/canonical__p005_scratch_thin_restored_opencv_telea.png,744648
data/processed/restored/opencv_telea/canonical/canonical__p005_zero_control_restored_opencv_telea.png,745221
data/processed/restored/opencv_telea/canonical/canonical__p006_loss_large_restored_opencv_telea.png,454482
data/processed/restored/opencv_telea/canonical/canonical__p006_loss_small_restored_opencv_telea.png,458560
data/processed/restored/opencv_telea/canonical/canonical__p006_mixed_damage_restored_opencv_telea.png,462249
data/processed/restored/opencv_telea/canonical/canonical__p006_scratch_thin_restored_opencv_telea.png,460678
data/processed/restored/opencv_telea/canonical/canonical__p006_zero_control_restored_opencv_telea.png,458402
data/processed/restored/opencv_telea/canonical/canonical__p007_loss_large_restored_opencv_telea.png,588402
data/processed/restored/opencv_telea/canonical/canonical__p007_loss_small_restored_opencv_telea.png,612521
data/processed/restored/opencv_telea/canonical/canonical__p007_mixed_damage_restored_opencv_telea.png,603958
data/processed/restored/opencv_telea/canonical/canonical__p007_scratch_thin_restored_opencv_telea.png,620503
data/processed/restored/opencv_telea/canonical/canonical__p007_zero_control_restored_opencv_telea.png,618628
data/processed/restored/opencv_telea/canonical/canonical__p008_loss_large_restored_opencv_telea.png,506817
data/processed/restored/opencv_telea/canonical/canonical__p008_loss_small_restored_opencv_telea.png,516012
data/processed/restored/opencv_telea/canonical/canonical__p008_mixed_damage_restored_opencv_telea.png,511342
data/processed/restored/opencv_telea/canonical/canonical__p008_scratch_thin_restored_opencv_telea.png,517003
data/processed/restored/opencv_telea/canonical/canonical__p008_zero_control_restored_opencv_telea.png,516135
data/processed/restored/opencv_telea/canonical/canonical__p009_loss_large_restored_opencv_telea.png,882105
data/processed/restored/opencv_telea/canonical/canonical__p009_loss_small_restored_opencv_telea.png,922021
data/processed/restored/opencv_telea/canonical/canonical__p009_mixed_damage_restored_opencv_telea.png,913323
data/processed/restored/opencv_telea/canonical/canonical__p009_scratch_thin_restored_opencv_telea.png,929239
data/processed/restored/opencv_telea/canonical/canonical__p009_zero_control_restored_opencv_telea.png,932461
data/processed/restored/opencv_telea/canonical/canonical__p010_loss_large_restored_opencv_telea.png,897838
data/processed/restored/opencv_telea/canonical/canonical__p010_loss_small_restored_opencv_telea.png,937437
data/processed/restored/opencv_telea/canonical/canonical__p010_mixed_damage_restored_opencv_telea.png,927038
data/processed/restored/opencv_telea/canonical/canonical__p010_scratch_thin_restored_opencv_telea.png,949377
data/processed/restored/opencv_telea/canonical/canonical__p010_zero_control_restored_opencv_telea.png,947871
data/processed/restored/opencv_telea/canonical/canonical__p011_loss_large_restored_opencv_telea.png,596113
data/processed/restored/opencv_telea/canonical/canonical__p011_loss_small_restored_opencv_telea.png,602158
data/processed/restored/opencv_telea/canonical/canonical__p011_mixed_damage_restored_opencv_telea.png,595150
data/processed/restored/opencv_telea/canonical/canonical__p011_scratch_thin_restored_opencv_telea.png,605058
data/processed/restored/opencv_telea/canonical/canonical__p011_zero_control_restored_opencv_telea.png,605595
data/processed/restored/opencv_telea/canonical/canonical__p012_loss_large_restored_opencv_telea.png,654227
data/processed/restored/opencv_telea/canonical/canonical__p012_loss_small_restored_opencv_telea.png,670813
data/processed/restored/opencv_telea/canonical/canonical__p012_mixed_damage_restored_opencv_telea.png,667005
data/processed/restored/opencv_telea/canonical/canonical__p012_scratch_thin_restored_opencv_telea.png,676914
data/processed/restored/opencv_telea/canonical/canonical__p012_zero_control_restored_opencv_telea.png,677316
data/processed/restored/opencv_telea/canonical/canonical__p013_loss_large_restored_opencv_telea.png,688798
data/processed/restored/opencv_telea/canonical/canonical__p013_loss_small_restored_opencv_telea.png,710898
data/processed/restored/opencv_telea/canonical/canonical__p013_mixed_damage_restored_opencv_telea.png,696002
data/processed/restored/opencv_telea/canonical/canonical__p013_scratch_thin_restored_opencv_telea.png,718137
data/processed/restored/opencv_telea/canonical/canonical__p013_zero_control_restored_opencv_telea.png,718358
data/processed/restored/opencv_telea/canonical/canonical__p014_loss_large_restored_opencv_telea.png,478377
data/processed/restored/opencv_telea/canonical/canonical__p014_loss_small_restored_opencv_telea.png,495323
data/processed/restored/opencv_telea/canonical/canonical__p014_mixed_damage_restored_opencv_telea.png,487413
data/processed/restored/opencv_telea/canonical/canonical__p014_scratch_thin_restored_opencv_telea.png,501446
data/processed/restored/opencv_telea/canonical/canonical__p014_zero_control_restored_opencv_telea.png,499070
data/processed/restored/opencv_telea/canonical/canonical__p015_loss_large_restored_opencv_telea.png,761757
data/processed/restored/opencv_telea/canonical/canonical__p015_loss_small_restored_opencv_telea.png,794495
data/processed/restored/opencv_telea/canonical/canonical__p015_mixed_damage_restored_opencv_telea.png,785037
data/processed/restored/opencv_telea/canonical/canonical__p015_scratch_thin_restored_opencv_telea.png,806278
data/processed/restored/opencv_telea/canonical/canonical__p015_zero_control_restored_opencv_telea.png,808253
data/processed/restored/opencv_telea/canonical/canonical__p016_loss_large_restored_opencv_telea.png,758558
data/processed/restored/opencv_telea/canonical/canonical__p016_loss_small_restored_opencv_telea.png,786367
data/processed/restored/opencv_telea/canonical/canonical__p016_mixed_damage_restored_opencv_telea.png,768397
data/processed/restored/opencv_telea/canonical/canonical__p016_scratch_thin_restored_opencv_telea.png,794924
data/processed/restored/opencv_telea/canonical/canonical__p016_zero_control_restored_opencv_telea.png,798598
data/processed/restored/opencv_telea/canonical/canonical__p017_loss_large_restored_opencv_telea.png,844836
data/processed/restored/opencv_telea/canonical/canonical__p017_loss_small_restored_opencv_telea.png,870884
data/processed/restored/opencv_telea/canonical/canonical__p017_mixed_damage_restored_opencv_telea.png,853254
data/processed/restored/opencv_telea/canonical/canonical__p017_scratch_thin_restored_opencv_telea.png,882676
data/processed/restored/opencv_telea/canonical/canonical__p017_zero_control_restored_opencv_telea.png,885682
data/processed/restored/opencv_telea/canonical/canonical__p018_loss_large_restored_opencv_telea.png,519693
data/processed/restored/opencv_telea/canonical/canonical__p018_loss_small_restored_opencv_telea.png,531728
data/processed/restored/opencv_telea/canonical/canonical__p018_mixed_damage_restored_opencv_telea.png,527968
data/processed/restored/opencv_telea/canonical/canonical__p018_scratch_thin_restored_opencv_telea.png,536921
data/processed/restored/opencv_telea/canonical/canonical__p018_zero_control_restored_opencv_telea.png,535564
data/processed/restored/opencv_telea/canonical/canonical__p019_loss_large_restored_opencv_telea.png,801973
data/processed/restored/opencv_telea/canonical/canonical__p019_loss_small_restored_opencv_telea.png,824920
data/processed/restored/opencv_telea/canonical/canonical__p019_mixed_damage_restored_opencv_telea.png,817203
data/processed/restored/opencv_telea/canonical/canonical__p019_scratch_thin_restored_opencv_telea.png,832010
data/processed/restored/opencv_telea/canonical/canonical__p019_zero_control_restored_opencv_telea.png,831537
data/processed/restored/opencv_telea/canonical/canonical__p020_loss_large_restored_opencv_telea.png,608559
data/processed/restored/opencv_telea/canonical/canonical__p020_loss_small_restored_opencv_telea.png,603868
data/processed/restored/opencv_telea/canonical/canonical__p020_mixed_damage_restored_opencv_telea.png,611033
data/processed/restored/opencv_telea/canonical/canonical__p020_scratch_thin_restored_opencv_telea.png,610685
data/processed/restored/opencv_telea/canonical/canonical__p020_zero_control_restored_opencv_telea.png,610736
data/processed/restored/opencv_telea/canonical/canonical__p021_loss_large_restored_opencv_telea.png,797578
data/processed/restored/opencv_telea/canonical/canonical__p021_loss_small_restored_opencv_telea.png,831954
data/processed/restored/opencv_telea/canonical/canonical__p021_mixed_damage_restored_opencv_telea.png,815676
data/processed/restored/opencv_telea/canonical/canonical__p021_scratch_thin_restored_opencv_telea.png,835648
data/processed/restored/opencv_telea/canonical/canonical__p021_zero_control_restored_opencv_telea.png,837813
data/processed/restored/opencv_telea/canonical/canonical__p022_loss_large_restored_opencv_telea.png,705235
data/processed/restored/opencv_telea/canonical/canonical__p022_loss_small_restored_opencv_telea.png,724025
data/processed/restored/opencv_telea/canonical/canonical__p022_mixed_damage_restored_opencv_telea.png,717547
data/processed/restored/opencv_telea/canonical/canonical__p022_scratch_thin_restored_opencv_telea.png,729718
data/processed/restored/opencv_telea/canonical/canonical__p022_zero_control_restored_opencv_telea.png,731075
data/processed/restored/opencv_telea/canonical/canonical__p023_loss_large_restored_opencv_telea.png,674578
data/processed/restored/opencv_telea/canonical/canonical__p023_loss_small_restored_opencv_telea.png,688671
data/processed/restored/opencv_telea/canonical/canonical__p023_mixed_damage_restored_opencv_telea.png,678593
data/processed/restored/opencv_telea/canonical/canonical__p023_scratch_thin_restored_opencv_telea.png,694566
data/processed/restored/opencv_telea/canonical/canonical__p023_zero_control_restored_opencv_telea.png,695782
data/processed/restored/opencv_telea/canonical/canonical__p024_loss_large_restored_opencv_telea.png,677910
data/processed/restored/opencv_telea/canonical/canonical__p024_loss_small_restored_opencv_telea.png,697189
data/processed/restored/opencv_telea/canonical/canonical__p024_mixed_damage_restored_opencv_telea.png,693327
data/processed/restored/opencv_telea/canonical/canonical__p024_scratch_thin_restored_opencv_telea.png,700544
data/processed/restored/opencv_telea/canonical/canonical__p024_zero_control_restored_opencv_telea.png,700806
data/processed/restored/opencv_telea/canonical/canonical__p025_loss_large_restored_opencv_telea.png,733954
data/processed/restored/opencv_telea/canonical/canonical__p025_loss_small_restored_opencv_telea.png,759586
data/processed/restored/opencv_telea/canonical/canonical__p025_mixed_damage_restored_opencv_telea.png,751266
data/processed/restored/opencv_telea/canonical/canonical__p025_scratch_thin_restored_opencv_telea.png,763050
data/processed/restored/opencv_telea/canonical/canonical__p025_zero_control_restored_opencv_telea.png,764601
data/processed/restored/opencv_telea/canonical/canonical__p026_loss_large_restored_opencv_telea.png,736859
data/processed/restored/opencv_telea/canonical/canonical__p026_loss_small_restored_opencv_telea.png,749093
data/processed/restored/opencv_telea/canonical/canonical__p026_mixed_damage_restored_opencv_telea.png,733672
data/processed/restored/opencv_telea/canonical/canonical__p026_scratch_thin_restored_opencv_telea.png,755333
data/processed/restored/opencv_telea/canonical/canonical__p026_zero_control_restored_opencv_telea.png,758090
data/processed/restored/opencv_telea/canonical/canonical__p027_loss_large_restored_opencv_telea.png,784983
data/processed/restored/opencv_telea/canonical/canonical__p027_loss_small_restored_opencv_telea.png,811563
data/processed/restored/opencv_telea/canonical/canonical__p027_mixed_damage_restored_opencv_telea.png,807125
data/processed/restored/opencv_telea/canonical/canonical__p027_scratch_thin_restored_opencv_telea.png,820928
data/processed/restored/opencv_telea/canonical/canonical__p027_zero_control_restored_opencv_telea.png,823450
data/processed/restored/opencv_telea/canonical/canonical__p028_loss_large_restored_opencv_telea.png,608859
data/processed/restored/opencv_telea/canonical/canonical__p028_loss_small_restored_opencv_telea.png,614588
data/processed/restored/opencv_telea/canonical/canonical__p028_mixed_damage_restored_opencv_telea.png,606137
data/processed/restored/opencv_telea/canonical/canonical__p028_scratch_thin_restored_opencv_telea.png,618282
data/processed/restored/opencv_telea/canonical/canonical__p028_zero_control_restored_opencv_telea.png,618940
data/processed/restored/opencv_telea/canonical/canonical__p029_loss_large_restored_opencv_telea.png,664021
data/processed/restored/opencv_telea/canonical/canonical__p029_loss_small_restored_opencv_telea.png,682803
data/processed/restored/opencv_telea/canonical/canonical__p029_mixed_damage_restored_opencv_telea.png,660154
data/processed/restored/opencv_telea/canonical/canonical__p029_scratch_thin_restored_opencv_telea.png,688210
data/processed/restored/opencv_telea/canonical/canonical__p029_zero_control_restored_opencv_telea.png,689175
data/processed/restored/opencv_telea/canonical/canonical__p030_loss_large_restored_opencv_telea.png,558539
data/processed/restored/opencv_telea/canonical/canonical__p030_loss_small_restored_opencv_telea.png,569593
data/processed/restored/opencv_telea/canonical/canonical__p030_mixed_damage_restored_opencv_telea.png,563580
data/processed/restored/opencv_telea/canonical/canonical__p030_scratch_thin_restored_opencv_telea.png,575773
data/processed/restored/opencv_telea/canonical/canonical__p030_zero_control_restored_opencv_telea.png,575569
data/processed/restored/opencv_telea/canonical/canonical__p031_loss_large_restored_opencv_telea.png,952543
data/processed/restored/opencv_telea/canonical/canonical__p031_loss_small_restored_opencv_telea.png,988267
data/processed/restored/opencv_telea/canonical/canonical__p031_mixed_damage_restored_opencv_telea.png,974610
data/processed/restored/opencv_telea/canonical/canonical__p031_scratch_thin_restored_opencv_telea.png,993070
data/processed/restored/opencv_telea/canonical/canonical__p031_zero_control_restored_opencv_telea.png,994639
data/processed/restored/opencv_telea/canonical/canonical__p032_loss_large_restored_opencv_telea.png,701369
data/processed/restored/opencv_telea/canonical/canonical__p032_loss_small_restored_opencv_telea.png,693763
data/processed/restored/opencv_telea/canonical/canonical__p032_mixed_damage_restored_opencv_telea.png,697242
data/processed/restored/opencv_telea/canonical/canonical__p032_scratch_thin_restored_opencv_telea.png,691463
data/processed/restored/opencv_telea/canonical/canonical__p032_zero_control_restored_opencv_telea.png,690057
data/processed/restored/opencv_telea/canonical/canonical__p033_loss_large_restored_opencv_telea.png,1066862
data/processed/restored/opencv_telea/canonical/canonical__p033_loss_small_restored_opencv_telea.png,1100542
data/processed/restored/opencv_telea/canonical/canonical__p033_mixed_damage_restored_opencv_telea.png,1088793
data/processed/restored/opencv_telea/canonical/canonical__p033_scratch_thin_restored_opencv_telea.png,1109097
data/processed/restored/opencv_telea/canonical/canonical__p033_zero_control_restored_opencv_telea.png,1112283
data/processed/restored/opencv_telea/canonical/canonical__p034_loss_large_restored_opencv_telea.png,942372
data/processed/restored/opencv_telea/canonical/canonical__p034_loss_small_restored_opencv_telea.png,969101
data/processed/restored/opencv_telea/canonical/canonical__p034_mixed_damage_restored_opencv_telea.png,952434
data/processed/restored/opencv_telea/canonical/canonical__p034_scratch_thin_restored_opencv_telea.png,974158
data/processed/restored/opencv_telea/canonical/canonical__p034_zero_control_restored_opencv_telea.png,974992
data/processed/restored/opencv_telea/canonical/canonical__p035_loss_large_restored_opencv_telea.png,700496
data/processed/restored/opencv_telea/canonical/canonical__p035_loss_small_restored_opencv_telea.png,730552
data/processed/restored/opencv_telea/canonical/canonical__p035_mixed_damage_restored_opencv_telea.png,721383
data/processed/restored/opencv_telea/canonical/canonical__p035_scratch_thin_restored_opencv_telea.png,734045
data/processed/restored/opencv_telea/canonical/canonical__p035_zero_control_restored_opencv_telea.png,735142
data/processed/restored/opencv_telea/canonical/canonical__p036_loss_large_restored_opencv_telea.png,306807
data/processed/restored/opencv_telea/canonical/canonical__p036_loss_small_restored_opencv_telea.png,295884
data/processed/restored/opencv_telea/canonical/canonical__p036_mixed_damage_restored_opencv_telea.png,309570
data/processed/restored/opencv_telea/canonical/canonical__p036_scratch_thin_restored_opencv_telea.png,292012
data/processed/restored/opencv_telea/canonical/canonical__p036_zero_control_restored_opencv_telea.png,285097
data/processed/restored/opencv_telea/canonical/canonical__p037_loss_large_restored_opencv_telea.png,650623
data/processed/restored/opencv_telea/canonical/canonical__p037_loss_small_restored_opencv_telea.png,664523
data/processed/restored/opencv_telea/canonical/canonical__p037_mixed_damage_restored_opencv_telea.png,655521
data/processed/restored/opencv_telea/canonical/canonical__p037_scratch_thin_restored_opencv_telea.png,668531
data/processed/restored/opencv_telea/canonical/canonical__p037_zero_control_restored_opencv_telea.png,669259
data/processed/restored/opencv_telea/canonical/canonical__p038_loss_large_restored_opencv_telea.png,713829
data/processed/restored/opencv_telea/canonical/canonical__p038_loss_small_restored_opencv_telea.png,745724
data/processed/restored/opencv_telea/canonical/canonical__p038_mixed_damage_restored_opencv_telea.png,736839
data/processed/restored/opencv_telea/canonical/canonical__p038_scratch_thin_restored_opencv_telea.png,751281
data/processed/restored/opencv_telea/canonical/canonical__p038_zero_control_restored_opencv_telea.png,752038
data/processed/restored/opencv_telea/canonical/canonical__p039_loss_large_restored_opencv_telea.png,695646
data/processed/restored/opencv_telea/canonical/canonical__p039_loss_small_restored_opencv_telea.png,715045
data/processed/restored/opencv_telea/canonical/canonical__p039_mixed_damage_restored_opencv_telea.png,702461
data/processed/restored/opencv_telea/canonical/canonical__p039_scratch_thin_restored_opencv_telea.png,717402
data/processed/restored/opencv_telea/canonical/canonical__p039_zero_control_restored_opencv_telea.png,717874
data/processed/restored/opencv_telea/canonical/canonical__p040_loss_large_restored_opencv_telea.png,812059
data/processed/restored/opencv_telea/canonical/canonical__p040_loss_small_restored_opencv_telea.png,833284
data/processed/restored/opencv_telea/canonical/canonical__p040_mixed_damage_restored_opencv_telea.png,821867
data/processed/restored/opencv_telea/canonical/canonical__p040_scratch_thin_restored_opencv_telea.png,839444
data/processed/restored/opencv_telea/canonical/canonical__p040_zero_control_restored_opencv_telea.png,841868
data/processed/restored/opencv_telea/canonical/canonical__p041_loss_large_restored_opencv_telea.png,919748
data/processed/restored/opencv_telea/canonical/canonical__p041_loss_small_restored_opencv_telea.png,956021
data/processed/restored/opencv_telea/canonical/canonical__p041_mixed_damage_restored_opencv_telea.png,934990
data/processed/restored/opencv_telea/canonical/canonical__p041_scratch_thin_restored_opencv_telea.png,965233
data/processed/restored/opencv_telea/canonical/canonical__p041_zero_control_restored_opencv_telea.png,968222
data/processed/restored/opencv_telea/canonical/canonical__p042_loss_large_restored_opencv_telea.png,592384
data/processed/restored/opencv_telea/canonical/canonical__p042_loss_small_restored_opencv_telea.png,592976
data/processed/restored/opencv_telea/canonical/canonical__p042_mixed_damage_restored_opencv_telea.png,592086
data/processed/restored/opencv_telea/canonical/canonical__p042_scratch_thin_restored_opencv_telea.png,597051
data/processed/restored/opencv_telea/canonical/canonical__p042_zero_control_restored_opencv_telea.png,597586
data/processed/restored/opencv_telea/canonical/canonical__p043_loss_large_restored_opencv_telea.png,744739
data/processed/restored/opencv_telea/canonical/canonical__p043_loss_small_restored_opencv_telea.png,768141
data/processed/restored/opencv_telea/canonical/canonical__p043_mixed_damage_restored_opencv_telea.png,757701
data/processed/restored/opencv_telea/canonical/canonical__p043_scratch_thin_restored_opencv_telea.png,774130
data/processed/restored/opencv_telea/canonical/canonical__p043_zero_control_restored_opencv_telea.png,774654
data/processed/restored/opencv_telea/canonical/canonical__p044_loss_large_restored_opencv_telea.png,734476
data/processed/restored/opencv_telea/canonical/canonical__p044_loss_small_restored_opencv_telea.png,752543
data/processed/restored/opencv_telea/canonical/canonical__p044_mixed_damage_restored_opencv_telea.png,745965
data/processed/restored/opencv_telea/canonical/canonical__p044_scratch_thin_restored_opencv_telea.png,761724
data/processed/restored/opencv_telea/canonical/canonical__p044_zero_control_restored_opencv_telea.png,759092
data/processed/restored/opencv_telea/canonical/canonical__p045_loss_large_restored_opencv_telea.png,843301
data/processed/restored/opencv_telea/canonical/canonical__p045_loss_small_restored_opencv_telea.png,868721
data/processed/restored/opencv_telea/canonical/canonical__p045_mixed_damage_restored_opencv_telea.png,859400
data/processed/restored/opencv_telea/canonical/canonical__p045_scratch_thin_restored_opencv_telea.png,875468
data/processed/restored/opencv_telea/canonical/canonical__p045_zero_control_restored_opencv_telea.png,876553
data/processed/restored/opencv_telea/canonical/canonical__p046_loss_large_restored_opencv_telea.png,683141
data/processed/restored/opencv_telea/canonical/canonical__p046_loss_small_restored_opencv_telea.png,694445
data/processed/restored/opencv_telea/canonical/canonical__p046_mixed_damage_restored_opencv_telea.png,690132
data/processed/restored/opencv_telea/canonical/canonical__p046_scratch_thin_restored_opencv_telea.png,703717
data/processed/restored/opencv_telea/canonical/canonical__p046_zero_control_restored_opencv_telea.png,702786
data/processed/restored/opencv_telea/canonical/canonical__p047_loss_large_restored_opencv_telea.png,746315
data/processed/restored/opencv_telea/canonical/canonical__p047_loss_small_restored_opencv_telea.png,778592
data/processed/restored/opencv_telea/canonical/canonical__p047_mixed_damage_restored_opencv_telea.png,778718
data/processed/restored/opencv_telea/canonical/canonical__p047_scratch_thin_restored_opencv_telea.png,784335
data/processed/restored/opencv_telea/canonical/canonical__p047_zero_control_restored_opencv_telea.png,783654
data/processed/restored/opencv_telea/canonical/canonical__p048_loss_large_restored_opencv_telea.png,739238
data/processed/restored/opencv_telea/canonical/canonical__p048_loss_small_restored_opencv_telea.png,760775
data/processed/restored/opencv_telea/canonical/canonical__p048_mixed_damage_restored_opencv_telea.png,754022
data/processed/restored/opencv_telea/canonical/canonical__p048_scratch_thin_restored_opencv_telea.png,765849
data/processed/restored/opencv_telea/canonical/canonical__p048_zero_control_restored_opencv_telea.png,766772
data/processed/restored/opencv_telea/canonical/canonical__p049_loss_large_restored_opencv_telea.png,531420
data/processed/restored/opencv_telea/canonical/canonical__p049_loss_small_restored_opencv_telea.png,557579
data/processed/restored/opencv_telea/canonical/canonical__p049_mixed_damage_restored_opencv_telea.png,541718
data/processed/restored/opencv_telea/canonical/canonical__p049_scratch_thin_restored_opencv_telea.png,561947
data/processed/restored/opencv_telea/canonical/canonical__p049_zero_control_restored_opencv_telea.png,562353
data/processed/restored/opencv_telea/canonical/canonical__p050_loss_large_restored_opencv_telea.png,720583
data/processed/restored/opencv_telea/canonical/canonical__p050_loss_small_restored_opencv_telea.png,746153
data/processed/restored/opencv_telea/canonical/canonical__p050_mixed_damage_restored_opencv_telea.png,733268
data/processed/restored/opencv_telea/canonical/canonical__p050_scratch_thin_restored_opencv_telea.png,757094
data/processed/restored/opencv_telea/canonical/canonical__p050_zero_control_restored_opencv_telea.png,754887
data/processed/restored/opencv_telea/damage_size/damage_size__p001__loss_large__size_02pct_restored_opencv_telea.png,719899
data/processed/restored/opencv_telea/damage_size/damage_size__p001__loss_large__size_04pct_restored_opencv_telea.png,714447
data/processed/restored/opencv_telea/damage_size/damage_size__p001__loss_large__size_06pct_restored_opencv_telea.png,709754
data/processed/restored/opencv_telea/damage_size/damage_size__p001__loss_large__size_08pct_restored_opencv_telea.png,707435
data/processed/restored/opencv_telea/damage_size/damage_size__p001__loss_large__size_10pct_restored_opencv_telea.png,705666
data/processed/restored/opencv_telea/damage_size/damage_size__p001__loss_large__size_15pct_restored_opencv_telea.png,699523
data/processed/restored/opencv_telea/damage_size/damage_size__p001__loss_large__size_20pct_restored_opencv_telea.png,692056
data/processed/restored/opencv_telea/damage_size/damage_size__p018__loss_large__size_02pct_restored_opencv_telea.png,532737
data/processed/restored/opencv_telea/damage_size/damage_size__p018__loss_large__size_04pct_restored_opencv_telea.png,529450
data/processed/restored/opencv_telea/damage_size/damage_size__p018__loss_large__size_06pct_restored_opencv_telea.png,526974
data/processed/restored/opencv_telea/damage_size/damage_size__p018__loss_large__size_08pct_restored_opencv_telea.png,523533
data/processed/restored/opencv_telea/damage_size/damage_size__p018__loss_large__size_10pct_restored_opencv_telea.png,521916
data/processed/restored/opencv_telea/damage_size/damage_size__p018__loss_large__size_15pct_restored_opencv_telea.png,515555
data/processed/restored/opencv_telea/damage_size/damage_size__p018__loss_large__size_20pct_restored_opencv_telea.png,505617
data/processed/restored/opencv_telea/damage_size/damage_size__p026__loss_large__size_02pct_restored_opencv_telea.png,756357
data/processed/restored/opencv_telea/damage_size/damage_size__p026__loss_large__size_04pct_restored_opencv_telea.png,754079
data/processed/restored/opencv_telea/damage_size/damage_size__p026__loss_large__size_06pct_restored_opencv_telea.png,751245
data/processed/restored/opencv_telea/damage_size/damage_size__p026__loss_large__size_08pct_restored_opencv_telea.png,747287
data/processed/restored/opencv_telea/damage_size/damage_size__p026__loss_large__size_10pct_restored_opencv_telea.png,744261
data/processed/restored/opencv_telea/damage_size/damage_size__p026__loss_large__size_15pct_restored_opencv_telea.png,732614
data/processed/restored/opencv_telea/damage_size/damage_size__p026__loss_large__size_20pct_restored_opencv_telea.png,721298
data/processed/restored/opencv_telea/damage_size/damage_size__p039__loss_large__size_02pct_restored_opencv_telea.png,715355
data/processed/restored/opencv_telea/damage_size/damage_size__p039__loss_large__size_04pct_restored_opencv_telea.png,713737
data/processed/restored/opencv_telea/damage_size/damage_size__p039__loss_large__size_06pct_restored_opencv_telea.png,709142
data/processed/restored/opencv_telea/damage_size/damage_size__p039__loss_large__size_08pct_restored_opencv_telea.png,704933
data/processed/restored/opencv_telea/damage_size/damage_size__p039__loss_large__size_10pct_restored_opencv_telea.png,698848
data/processed/restored/opencv_telea/damage_size/damage_size__p039__loss_large__size_15pct_restored_opencv_telea.png,684308
data/processed/restored/opencv_telea/damage_size/damage_size__p039__loss_large__size_20pct_restored_opencv_telea.png,671703
data/processed/restored/opencv_telea/damage_size/damage_size__p043__loss_large__size_02pct_restored_opencv_telea.png,770678
data/processed/restored/opencv_telea/damage_size/damage_size__p043__loss_large__size_04pct_restored_opencv_telea.png,766206
data/processed/restored/opencv_telea/damage_size/damage_size__p043__loss_large__size_06pct_restored_opencv_telea.png,761888
data/processed/restored/opencv_telea/damage_size/damage_size__p043__loss_large__size_08pct_restored_opencv_telea.png,758110
data/processed/restored/opencv_telea/damage_size/damage_size__p043__loss_large__size_10pct_restored_opencv_telea.png,753846
data/processed/restored/opencv_telea/damage_size/damage_size__p043__loss_large__size_15pct_restored_opencv_telea.png,743314
data/processed/restored/opencv_telea/damage_size/damage_size__p043__loss_large__size_20pct_restored_opencv_telea.png,732101
data/processed/restored/opencv_telea/mask_robustness/mask_robustness__p001__loss_large__variant_01_restored_opencv_telea.png,700165
data/processed/restored/opencv_telea/mask_robustness/mask_robustness__p001__loss_large__variant_02_restored_opencv_telea.png,702692
data/processed/restored/opencv_telea/mask_robustness/mask_robustness__p001__loss_large__variant_03_restored_opencv_telea.png,703058
data/processed/restored/opencv_telea/mask_robustness/mask_robustness__p001__loss_large__variant_04_restored_opencv_telea.png,694718
data/processed/restored/opencv_telea/mask_robustness/mask_robustness__p001__loss_large__variant_05_restored_opencv_telea.png,708662
data/processed/restored/opencv_telea/mask_robustness/mask_robustness__p001__loss_small__variant_01_restored_opencv_telea.png,717386
data/processed/restored/opencv_telea/mask_robustness/mask_robustness__p001__loss_small__variant_02_restored_opencv_telea.png,718965
data/processed/restored/opencv_telea/mask_robustness/mask_robustness__p001__loss_small__variant_03_restored_opencv_telea.png,719031
data/processed/restored/opencv_telea/mask_robustness/mask_robustness__p001__loss_small__variant_04_restored_opencv_telea.png,719085
data/processed/restored/opencv_telea/mask_robustness/mask_robustness__p001__loss_small__variant_05_restored_opencv_telea.png,718264
data/processed/restored/opencv_telea/mask_robustness/mask_robustness__p001__scratch_thin__variant_01_restored_opencv_telea.png,721711
data/processed/restored/opencv_telea/mask_robustness/mask_robustness__p001__scratch_thin__variant_02_restored_opencv_telea.png,722208
data/processed/restored/opencv_telea/mask_robustness/mask_robustness__p001__scratch_thin__variant_03_restored_opencv_telea.png,722359
data/processed/restored/opencv_telea/mask_robustness/mask_robustness__p001__scratch_thin__variant_04_restored_opencv_telea.png,722319
data/processed/restored/opencv_telea/mask_robustness/mask_robustness__p001__scratch_thin__variant_05_restored_opencv_telea.png,722188
data/processed/restored/opencv_telea/mask_robustness/mask_robustness__p018__loss_large__variant_01_restored_opencv_telea.png,519951
data/processed/restored/opencv_telea/mask_robustness/mask_robustness__p018__loss_large__variant_02_restored_opencv_telea.png,514625
data/processed/restored/opencv_telea/mask_robustness/mask_robustness__p018__loss_large__variant_03_restored_opencv_telea.png,524232
data/processed/restored/opencv_telea/mask_robustness/mask_robustness__p018__loss_large__variant_04_restored_opencv_telea.png,514802
data/processed/restored/opencv_telea/mask_robustness/mask_robustness__p018__loss_large__variant_05_restored_opencv_telea.png,518851
data/processed/restored/opencv_telea/mask_robustness/mask_robustness__p018__loss_small__variant_01_restored_opencv_telea.png,530452
data/processed/restored/opencv_telea/mask_robustness/mask_robustness__p018__loss_small__variant_02_restored_opencv_telea.png,532212
data/processed/restored/opencv_telea/mask_robustness/mask_robustness__p018__loss_small__variant_03_restored_opencv_telea.png,532540
data/processed/restored/opencv_telea/mask_robustness/mask_robustness__p018__loss_small__variant_04_restored_opencv_telea.png,531532
data/processed/restored/opencv_telea/mask_robustness/mask_robustness__p018__loss_small__variant_05_restored_opencv_telea.png,528084
data/processed/restored/opencv_telea/mask_robustness/mask_robustness__p018__scratch_thin__variant_01_restored_opencv_telea.png,535645
data/processed/restored/opencv_telea/mask_robustness/mask_robustness__p018__scratch_thin__variant_02_restored_opencv_telea.png,537069
data/processed/restored/opencv_telea/mask_robustness/mask_robustness__p018__scratch_thin__variant_03_restored_opencv_telea.png,537031
data/processed/restored/opencv_telea/mask_robustness/mask_robustness__p018__scratch_thin__variant_04_restored_opencv_telea.png,534920
data/processed/restored/opencv_telea/mask_robustness/mask_robustness__p018__scratch_thin__variant_05_restored_opencv_telea.png,535065
data/processed/restored/opencv_telea/mask_robustness/mask_robustness__p026__loss_large__variant_01_restored_opencv_telea.png,713959
data/processed/restored/opencv_telea/mask_robustness/mask_robustness__p026__loss_large__variant_02_restored_opencv_telea.png,734324
data/processed/restored/opencv_telea/mask_robustness/mask_robustness__p026__loss_large__variant_03_restored_opencv_telea.png,713117
data/processed/restored/opencv_telea/mask_robustness/mask_robustness__p026__loss_large__variant_04_restored_opencv_telea.png,722302
data/processed/restored/opencv_telea/mask_robustness/mask_robustness__p026__loss_large__variant_05_restored_opencv_telea.png,714949
data/processed/restored/opencv_telea/mask_robustness/mask_robustness__p026__loss_small__variant_01_restored_opencv_telea.png,750900
data/processed/restored/opencv_telea/mask_robustness/mask_robustness__p026__loss_small__variant_02_restored_opencv_telea.png,752524
data/processed/restored/opencv_telea/mask_robustness/mask_robustness__p026__loss_small__variant_03_restored_opencv_telea.png,745493
data/processed/restored/opencv_telea/mask_robustness/mask_robustness__p026__loss_small__variant_04_restored_opencv_telea.png,750610
data/processed/restored/opencv_telea/mask_robustness/mask_robustness__p026__loss_small__variant_05_restored_opencv_telea.png,748936
data/processed/restored/opencv_telea/mask_robustness/mask_robustness__p026__scratch_thin__variant_01_restored_opencv_telea.png,756045
data/processed/restored/opencv_telea/mask_robustness/mask_robustness__p026__scratch_thin__variant_02_restored_opencv_telea.png,756744
data/processed/restored/opencv_telea/mask_robustness/mask_robustness__p026__scratch_thin__variant_03_restored_opencv_telea.png,752536
data/processed/restored/opencv_telea/mask_robustness/mask_robustness__p026__scratch_thin__variant_04_restored_opencv_telea.png,756544
data/processed/restored/opencv_telea/mask_robustness/mask_robustness__p026__scratch_thin__variant_05_restored_opencv_telea.png,756231
data/processed/restored/opencv_telea/mask_robustness/mask_robustness__p039__loss_large__variant_01_restored_opencv_telea.png,693024
data/processed/restored/opencv_telea/mask_robustness/mask_robustness__p039__loss_large__variant_02_restored_opencv_telea.png,690161
data/processed/restored/opencv_telea/mask_robustness/mask_robustness__p039__loss_large__variant_03_restored_opencv_telea.png,686622
data/processed/restored/opencv_telea/mask_robustness/mask_robustness__p039__loss_large__variant_04_restored_opencv_telea.png,691265
data/processed/restored/opencv_telea/mask_robustness/mask_robustness__p039__loss_large__variant_05_restored_opencv_telea.png,691428
data/processed/restored/opencv_telea/mask_robustness/mask_robustness__p039__loss_small__variant_01_restored_opencv_telea.png,709837
data/processed/restored/opencv_telea/mask_robustness/mask_robustness__p039__loss_small__variant_02_restored_opencv_telea.png,711278
data/processed/restored/opencv_telea/mask_robustness/mask_robustness__p039__loss_small__variant_03_restored_opencv_telea.png,705677
data/processed/restored/opencv_telea/mask_robustness/mask_robustness__p039__loss_small__variant_04_restored_opencv_telea.png,708423
data/processed/restored/opencv_telea/mask_robustness/mask_robustness__p039__loss_small__variant_05_restored_opencv_telea.png,710586
data/processed/restored/opencv_telea/mask_robustness/mask_robustness__p039__scratch_thin__variant_01_restored_opencv_telea.png,717180
data/processed/restored/opencv_telea/mask_robustness/mask_robustness__p039__scratch_thin__variant_02_restored_opencv_telea.png,716916
data/processed/restored/opencv_telea/mask_robustness/mask_robustness__p039__scratch_thin__variant_03_restored_opencv_telea.png,717336
data/processed/restored/opencv_telea/mask_robustness/mask_robustness__p039__scratch_thin__variant_04_restored_opencv_telea.png,717093
data/processed/restored/opencv_telea/mask_robustness/mask_robustness__p039__scratch_thin__variant_05_restored_opencv_telea.png,717572
data/processed/restored/opencv_telea/mask_robustness/mask_robustness__p043__loss_large__variant_01_restored_opencv_telea.png,747577
data/processed/restored/opencv_telea/mask_robustness/mask_robustness__p043__loss_large__variant_02_restored_opencv_telea.png,746064
data/processed/restored/opencv_telea/mask_robustness/mask_robustness__p043__loss_large__variant_03_restored_opencv_telea.png,738143
data/processed/restored/opencv_telea/mask_robustness/mask_robustness__p043__loss_large__variant_04_restored_opencv_telea.png,749491
data/processed/restored/opencv_telea/mask_robustness/mask_robustness__p043__loss_large__variant_05_restored_opencv_telea.png,736808
data/processed/restored/opencv_telea/mask_robustness/mask_robustness__p043__loss_small__variant_01_restored_opencv_telea.png,768232
data/processed/restored/opencv_telea/mask_robustness/mask_robustness__p043__loss_small__variant_02_restored_opencv_telea.png,768492
data/processed/restored/opencv_telea/mask_robustness/mask_robustness__p043__loss_small__variant_03_restored_opencv_telea.png,769699
data/processed/restored/opencv_telea/mask_robustness/mask_robustness__p043__loss_small__variant_04_restored_opencv_telea.png,765722
data/processed/restored/opencv_telea/mask_robustness/mask_robustness__p043__loss_small__variant_05_restored_opencv_telea.png,765952
data/processed/restored/opencv_telea/mask_robustness/mask_robustness__p043__scratch_thin__variant_01_restored_opencv_telea.png,774124
data/processed/restored/opencv_telea/mask_robustness/mask_robustness__p043__scratch_thin__variant_02_restored_opencv_telea.png,773941
data/processed/restored/opencv_telea/mask_robustness/mask_robustness__p043__scratch_thin__variant_03_restored_opencv_telea.png,773908
data/processed/restored/opencv_telea/mask_robustness/mask_robustness__p043__scratch_thin__variant_04_restored_opencv_telea.png,773781
data/processed/restored/opencv_telea/mask_robustness/mask_robustness__p043__scratch_thin__variant_05_restored_opencv_telea.png,773614
data/processed/restored/opencv_telea/synthetic_degradation/synthetic_degradation__p001__dirt_dust__mild_restored_opencv_telea.png,723538
data/processed/restored/opencv_telea/synthetic_degradation/synthetic_degradation__p001__dirt_dust__moderate_restored_opencv_telea.png,723086
data/processed/restored/opencv_telea/synthetic_degradation/synthetic_degradation__p001__dirt_dust__severe_restored_opencv_telea.png,721171
data/processed/restored/opencv_telea/synthetic_degradation/synthetic_degradation__p001__partial_transparency__mild_restored_opencv_telea.png,718471
data/processed/restored/opencv_telea/synthetic_degradation/synthetic_degradation__p001__partial_transparency__moderate_restored_opencv_telea.png,673123
data/processed/restored/opencv_telea/synthetic_degradation/synthetic_degradation__p001__partial_transparency__severe_restored_opencv_telea.png,602420
data/processed/restored/opencv_telea/synthetic_degradation/synthetic_degradation__p001__water_stain__mild_restored_opencv_telea.png,721594
data/processed/restored/opencv_telea/synthetic_degradation/synthetic_degradation__p001__water_stain__moderate_restored_opencv_telea.png,719251
data/processed/restored/opencv_telea/synthetic_degradation/synthetic_degradation__p001__water_stain__severe_restored_opencv_telea.png,711009
data/processed/restored/opencv_telea/synthetic_degradation/synthetic_degradation__p001__water_stain_dirt__moderate_restored_opencv_telea.png,714560
data/processed/restored/opencv_telea/synthetic_degradation/synthetic_degradation__p018__dirt_dust__mild_restored_opencv_telea.png,535789
data/processed/restored/opencv_telea/synthetic_degradation/synthetic_degradation__p018__dirt_dust__moderate_restored_opencv_telea.png,535498
data/processed/restored/opencv_telea/synthetic_degradation/synthetic_degradation__p018__dirt_dust__severe_restored_opencv_telea.png,535828
data/processed/restored/opencv_telea/synthetic_degradation/synthetic_degradation__p018__partial_transparency__mild_restored_opencv_telea.png,522194
data/processed/restored/opencv_telea/synthetic_degradation/synthetic_degradation__p018__partial_transparency__moderate_restored_opencv_telea.png,504465
data/processed/restored/opencv_telea/synthetic_degradation/synthetic_degradation__p018__partial_transparency__severe_restored_opencv_telea.png,464105
data/processed/restored/opencv_telea/synthetic_degradation/synthetic_degradation__p018__water_stain__mild_restored_opencv_telea.png,519923
data/processed/restored/opencv_telea/synthetic_degradation/synthetic_degradation__p018__water_stain__moderate_restored_opencv_telea.png,531864
data/processed/restored/opencv_telea/synthetic_degradation/synthetic_degradation__p018__water_stain__severe_restored_opencv_telea.png,527646
data/processed/restored/opencv_telea/synthetic_degradation/synthetic_degradation__p018__water_stain_dirt__moderate_restored_opencv_telea.png,522122
data/processed/restored/opencv_telea/synthetic_degradation/synthetic_degradation__p026__dirt_dust__mild_restored_opencv_telea.png,757774
data/processed/restored/opencv_telea/synthetic_degradation/synthetic_degradation__p026__dirt_dust__moderate_restored_opencv_telea.png,757000
data/processed/restored/opencv_telea/synthetic_degradation/synthetic_degradation__p026__dirt_dust__severe_restored_opencv_telea.png,752849
data/processed/restored/opencv_telea/synthetic_degradation/synthetic_degradation__p026__partial_transparency__mild_restored_opencv_telea.png,748434
data/processed/restored/opencv_telea/synthetic_degradation/synthetic_degradation__p026__partial_transparency__moderate_restored_opencv_telea.png,736244
data/processed/restored/opencv_telea/synthetic_degradation/synthetic_degradation__p026__partial_transparency__severe_restored_opencv_telea.png,643065
data/processed/restored/opencv_telea/synthetic_degradation/synthetic_degradation__p026__water_stain__mild_restored_opencv_telea.png,756005
data/processed/restored/opencv_telea/synthetic_degradation/synthetic_degradation__p026__water_stain__moderate_restored_opencv_telea.png,753536
data/processed/restored/opencv_telea/synthetic_degradation/synthetic_degradation__p026__water_stain__severe_restored_opencv_telea.png,750367
data/processed/restored/opencv_telea/synthetic_degradation/synthetic_degradation__p026__water_stain_dirt__moderate_restored_opencv_telea.png,751701
data/processed/restored/opencv_telea/synthetic_degradation/synthetic_degradation__p039__dirt_dust__mild_restored_opencv_telea.png,718010
data/processed/restored/opencv_telea/synthetic_degradation/synthetic_degradation__p039__dirt_dust__moderate_restored_opencv_telea.png,717580
data/processed/restored/opencv_telea/synthetic_degradation/synthetic_degradation__p039__dirt_dust__severe_restored_opencv_telea.png,714776
data/processed/restored/opencv_telea/synthetic_degradation/synthetic_degradation__p039__partial_transparency__mild_restored_opencv_telea.png,709715
data/processed/restored/opencv_telea/synthetic_degradation/synthetic_degradation__p039__partial_transparency__moderate_restored_opencv_telea.png,647486
data/processed/restored/opencv_telea/synthetic_degradation/synthetic_degradation__p039__partial_transparency__severe_restored_opencv_telea.png,604890
data/processed/restored/opencv_telea/synthetic_degradation/synthetic_degradation__p039__water_stain__mild_restored_opencv_telea.png,711224
data/processed/restored/opencv_telea/synthetic_degradation/synthetic_degradation__p039__water_stain__moderate_restored_opencv_telea.png,694593
data/processed/restored/opencv_telea/synthetic_degradation/synthetic_degradation__p039__water_stain__severe_restored_opencv_telea.png,710586
data/processed/restored/opencv_telea/synthetic_degradation/synthetic_degradation__p039__water_stain_dirt__moderate_restored_opencv_telea.png,714203
data/processed/restored/opencv_telea/synthetic_degradation/synthetic_degradation__p043__dirt_dust__mild_restored_opencv_telea.png,774625
data/processed/restored/opencv_telea/synthetic_degradation/synthetic_degradation__p043__dirt_dust__moderate_restored_opencv_telea.png,773825
data/processed/restored/opencv_telea/synthetic_degradation/synthetic_degradation__p043__dirt_dust__severe_restored_opencv_telea.png,772010
data/processed/restored/opencv_telea/synthetic_degradation/synthetic_degradation__p043__partial_transparency__mild_restored_opencv_telea.png,762056
data/processed/restored/opencv_telea/synthetic_degradation/synthetic_degradation__p043__partial_transparency__moderate_restored_opencv_telea.png,704446
data/processed/restored/opencv_telea/synthetic_degradation/synthetic_degradation__p043__partial_transparency__severe_restored_opencv_telea.png,641114
data/processed/restored/opencv_telea/synthetic_degradation/synthetic_degradation__p043__water_stain__mild_restored_opencv_telea.png,771668
data/processed/restored/opencv_telea/synthetic_degradation/synthetic_degradation__p043__water_stain__moderate_restored_opencv_telea.png,770163
data/processed/restored/opencv_telea/synthetic_degradation/synthetic_degradation__p043__water_stain__severe_restored_opencv_telea.png,752192
data/processed/restored/opencv_telea/synthetic_degradation/synthetic_degradation__p043__water_stain_dirt__moderate_restored_opencv_telea.png,760888
data/raw/images/p001.jpg,3865277
data/raw/images/p002.jpg,1574173
data/raw/images/p003.jpg,2784397
data/raw/images/p004.jpg,4206585
data/raw/images/p005.jpg,2652829
data/raw/images/p006.jpg,2020536
data/raw/images/p007.jpg,3118411
data/raw/images/p008.jpg,1646081
data/raw/images/p009.jpg,3686942
data/raw/images/p010.jpg,5857405
data/raw/images/p011.jpg,2288665
data/raw/images/p012.jpg,3001959
data/raw/images/p013.jpg,3027140
data/raw/images/p014.jpg,3554007
data/raw/images/p015.jpg,2863007
data/raw/images/p016.jpg,2823812
data/raw/images/p017.jpg,2461352
data/raw/images/p018.jpg,3260859
data/raw/images/p019.jpg,2855566
data/raw/images/p020.jpg,1631322
data/raw/images/p021.jpg,4791297
data/raw/images/p022.jpg,4632927
data/raw/images/p023.jpg,5751291
data/raw/images/p024.jpg,1150761
data/raw/images/p025.jpg,5132267
data/raw/images/p026.jpg,4073735
data/raw/images/p027.jpg,5086570
data/raw/images/p028.jpg,6993862
data/raw/images/p029.jpg,5741750
data/raw/images/p030.jpg,5906919
data/raw/images/p031.jpg,3076602
data/raw/images/p032.jpg,955425
data/raw/images/p033.jpg,3432040
data/raw/images/p034.jpg,1621605
data/raw/images/p035.jpg,2994545
data/raw/images/p036.jpg,703548
data/raw/images/p037.jpg,1741317
data/raw/images/p038.jpg,2921054
data/raw/images/p039.jpg,2115654
data/raw/images/p040.jpg,1969163
data/raw/images/p041.jpg,8291194
data/raw/images/p042.jpg,1865727
data/raw/images/p043.jpg,3041782
data/raw/images/p044.jpg,6073288
data/raw/images/p045.jpg,3783674
data/raw/images/p046.jpg,5619793
data/raw/images/p047.jpg,5207233
data/raw/images/p048.jpg,2423667
data/raw/images/p049.jpg,1728208
data/raw/images/p050.jpg,5081077
data/raw/metadata/metadata_50.csv,17889
data/raw/metadata/metadata_pilot.csv,728
docs/50_painting_scaffold_note.md,1203
docs/literature_reference_log.md,151498
docs/methodology_notes.md,20497
docs/model_audit_notes.md,18985
docs/pilot_notes.md,8268
docs/pilot_reproducibility_note.md,2780
docs/proposal/Rahul_Thesis_Proposal.docx,1850918
docs/supervisor_feedback_next_phase.md,5650
notebooks/01_dataset_verification.ipynb,3323829
notebooks/02_preprocessing.ipynb,2247815
notebooks/03_mask_generation.ipynb,1928960
notebooks/04_damage_creation.ipynb,4288130
notebooks/05_damage_size_sensitivity_generation.ipynb,5112153
notebooks/06_mask_robustness_dataset_generation.ipynb,1636561
notebooks/07_synthetic_degradation_dataset_generation.ipynb,31989489
notebooks/08_opencv_telea_restoration.ipynb,1415989
notebooks/09_opencv_metrics_classical.ipynb,968161
notebooks/10_opencv_difference_maps.ipynb,24864497
notebooks/11_opencv_lpips_metrics.ipynb,415123
notebooks/12_feature_similarity.ipynb,772357
notebooks/13_generate_report_opencv.ipynb,11540332
notebooks/14_lama_restoration.ipynb,6317540
notebooks/15_metrics_classical_lama.ipynb,613091
notebooks/16_lama_difference_maps.ipynb,351084
notebooks/17_lama_lpips_metrics.ipynb,1253694
notebooks/18_lama_feature_similarity.ipynb,1110402
notebooks/18_stable_diffusion_restoration_cleaned.ipynb,9088330
notebooks/19_lama_report_generation.ipynb,662965
notebooks/19_metrics_classical_stable_diffusion_cleaned.ipynb,2077477
notebooks/20_difference_maps_stable_diffusion_cleaned.ipynb,9908483
notebooks/20_opencv_lama_comparison.ipynb,762766
notebooks/21_lpips_metrics_stable_diffusion_cleaned.ipynb,2971934
notebooks/22_feature_similarity_stable_diffusion_cleaned.ipynb,8353228
notebooks/23_generate_report_stable_diffusion_cleaned.ipynb,120136
notebooks/24_compare_opencv_lama_stable_diffusion_cleaned.ipynb,15400640
notebooks/25_sdxl_feasibility_audit_cleaned.ipynb,1126514
notebooks/26_refined_metric_region_policy_cleaned.ipynb,294612
notebooks/27_diffusion_uncertainty_analysis_cleaned.ipynb,68756245
notebooks/28_final_controlled_50_evaluation_report_cleaned.ipynb,17090121
notebooks/29_prepare_streamlit_dashboard_assets_cleaned.ipynb,133609
notebooks/30_supervisor_package_cleaned.ipynb,191745
notebooks/31_texture_metrics_cleaned.ipynb,623209
notebooks/32_uncertainty_heatmaps_cleaned.ipynb,2405985
notebooks/33_case_report_generation_cleaned.ipynb,5182524
notebooks/34_prepare_final_dashboard_assets_cleaned.ipynb,247378
notebooks/35_refresh_supervisor_package_cleaned.ipynb,130058
outputs/01_dataset_verification/dataset_audit.csv,384
outputs/01_dataset_verification/image_verification.csv,7729
outputs/01_dataset_verification/metadata_completeness.csv,441
outputs/01_dataset_verification/optional_metadata_coverage_by_category.csv,730
outputs/01_dataset_verification/prompt_metadata_readiness.csv,6289
outputs/02_preprocessing/preprocessing_audit.csv,263
outputs/03_mask_generation/mask_generation_audit.csv,181
outputs/03_mask_generation/tmp_generation_replay/p001_loss_large_mask.png,2719
outputs/03_mask_generation/tmp_generation_replay/p001_loss_small_mask.png,3329
outputs/03_mask_generation/tmp_generation_replay/p001_mixed_damage_mask.png,7677
outputs/03_mask_generation/tmp_generation_replay/p001_scratch_thin_mask.png,7757
outputs/03_mask_generation/tmp_generation_replay/p001_zero_control_mask.png,652
outputs/03_mask_generation/tmp_generation_test/p001_loss_large_mask.png,2719
outputs/03_mask_generation/tmp_generation_test/p001_loss_small_mask.png,3329
outputs/03_mask_generation/tmp_generation_test/p001_mixed_damage_mask.png,7677
outputs/03_mask_generation/tmp_generation_test/p001_scratch_thin_mask.png,7757
outputs/03_mask_generation/tmp_generation_test/p001_zero_control_mask.png,652
outputs/04_damage_creation/damage_creation_audit.csv,1598
outputs/05_damage_size_sensitivity/damage_size_sensitivity_audit.csv,1647
outputs/06_mask_robustness/mask_robustness_audit.csv,1335
outputs/07_synthetic_degradation/synthetic_degradation_audit.csv,1690
outputs/08_opencv_telea/opencv_telea_audit.csv,8270
outputs/09_opencv_metrics_classical/opencv_metrics_classical_audit.csv,6148
outputs/11_opencv_lpips_metrics/opencv_lpips_metrics_audit.csv,671
outputs/12_opencv_feature_similarity/opencv_feature_similarity_audit.csv,1272
outputs/14_lama_restoration/lama_restoration_audit.csv,864
outputs/16_lama_difference_maps/figures/all_cases/all_cases/lama_canonical_canonical_p001_loss_large_lama_difference_maps.png,2252340
outputs/16_lama_difference_maps/figures/all_cases/all_cases/lama_canonical_canonical_p001_loss_small_lama_difference_maps.png,2139141
outputs/16_lama_difference_maps/figures/all_cases/all_cases/lama_canonical_canonical_p001_mixed_damage_lama_difference_maps.png,2408912
outputs/16_lama_difference_maps/figures/all_cases/all_cases/lama_canonical_canonical_p001_scratch_thin_lama_difference_maps.png,2296933
outputs/16_lama_difference_maps/figures/all_cases/all_cases/lama_canonical_canonical_p002_loss_large_lama_difference_maps.png,1180758
outputs/16_lama_difference_maps/figures/all_cases/all_cases/lama_canonical_canonical_p002_loss_small_lama_difference_maps.png,1158225
outputs/16_lama_difference_maps/figures/all_cases/all_cases/lama_canonical_canonical_p002_mixed_damage_lama_difference_maps.png,1347936
outputs/16_lama_difference_maps/figures/all_cases/all_cases/lama_canonical_canonical_p002_scratch_thin_lama_difference_maps.png,1261560
outputs/16_lama_difference_maps/figures/all_cases/all_cases/lama_canonical_canonical_p003_loss_large_lama_difference_maps.png,2124576
outputs/16_lama_difference_maps/figures/all_cases/all_cases/lama_canonical_canonical_p003_loss_small_lama_difference_maps.png,2019404
outputs/16_lama_difference_maps/figures/all_cases/all_cases/lama_canonical_canonical_p003_mixed_damage_lama_difference_maps.png,2179769
outputs/16_lama_difference_maps/figures/all_cases/all_cases/lama_canonical_canonical_p003_scratch_thin_lama_difference_maps.png,2031308
outputs/16_lama_difference_maps/figures/all_cases/all_cases/lama_canonical_canonical_p004_loss_large_lama_difference_maps.png,2334132
outputs/16_lama_difference_maps/figures/all_cases/all_cases/lama_canonical_canonical_p004_loss_small_lama_difference_maps.png,2211264
outputs/16_lama_difference_maps/figures/all_cases/all_cases/lama_canonical_canonical_p004_mixed_damage_lama_difference_maps.png,2473682
outputs/16_lama_difference_maps/figures/all_cases/all_cases/lama_canonical_canonical_p004_scratch_thin_lama_difference_maps.png,2247685
outputs/16_lama_difference_maps/figures/all_cases/all_cases/lama_canonical_canonical_p005_loss_large_lama_difference_maps.png,2361158
outputs/16_lama_difference_maps/figures/all_cases/all_cases/lama_canonical_canonical_p005_loss_small_lama_difference_maps.png,2234487
outputs/16_lama_difference_maps/figures/all_cases/all_cases/lama_canonical_canonical_p005_mixed_damage_lama_difference_maps.png,2425229
outputs/16_lama_difference_maps/figures/all_cases/all_cases/lama_canonical_canonical_p005_scratch_thin_lama_difference_maps.png,2321769
outputs/16_lama_difference_maps/figures/all_cases/all_cases/lama_canonical_canonical_p006_loss_large_lama_difference_maps.png,1522558
outputs/16_lama_difference_maps/figures/all_cases/all_cases/lama_canonical_canonical_p006_loss_small_lama_difference_maps.png,1450342
outputs/16_lama_difference_maps/figures/all_cases/all_cases/lama_canonical_canonical_p006_mixed_damage_lama_difference_maps.png,1725583
outputs/16_lama_difference_maps/figures/all_cases/all_cases/lama_canonical_canonical_p006_scratch_thin_lama_difference_maps.png,1568605
outputs/16_lama_difference_maps/figures/all_cases/all_cases/lama_canonical_canonical_p007_loss_large_lama_difference_maps.png,1981519
outputs/16_lama_difference_maps/figures/all_cases/all_cases/lama_canonical_canonical_p007_loss_small_lama_difference_maps.png,1913007
outputs/16_lama_difference_maps/figures/all_cases/all_cases/lama_canonical_canonical_p007_mixed_damage_lama_difference_maps.png,2078013
outputs/16_lama_difference_maps/figures/all_cases/all_cases/lama_canonical_canonical_p007_scratch_thin_lama_difference_maps.png,2040890
outputs/16_lama_difference_maps/figures/all_cases/all_cases/lama_canonical_canonical_p008_loss_large_lama_difference_maps.png,1671219
outputs/16_lama_difference_maps/figures/all_cases/all_cases/lama_canonical_canonical_p008_loss_small_lama_difference_maps.png,1648652
outputs/16_lama_difference_maps/figures/all_cases/all_cases/lama_canonical_canonical_p008_mixed_damage_lama_difference_maps.png,1789623
outputs/16_lama_difference_maps/figures/all_cases/all_cases/lama_canonical_canonical_p008_scratch_thin_lama_difference_maps.png,1740599
outputs/16_lama_difference_maps/figures/all_cases/all_cases/lama_canonical_canonical_p009_loss_large_lama_difference_maps.png,2844985
outputs/16_lama_difference_maps/figures/all_cases/all_cases/lama_canonical_canonical_p009_loss_small_lama_difference_maps.png,2718502
outputs/16_lama_difference_maps/figures/all_cases/all_cases/lama_canonical_canonical_p009_mixed_damage_lama_difference_maps.png,2912398
outputs/16_lama_difference_maps/figures/all_cases/all_cases/lama_canonical_canonical_p009_scratch_thin_lama_difference_maps.png,2832765
outputs/16_lama_difference_maps/figures/all_cases/all_cases/lama_canonical_canonical_p010_loss_large_lama_difference_maps.png,3023576
outputs/16_lama_difference_maps/figures/all_cases/all_cases/lama_canonical_canonical_p010_loss_small_lama_difference_maps.png,2809653
outputs/16_lama_difference_maps/figures/all_cases/all_cases/lama_canonical_canonical_p010_mixed_damage_lama_difference_maps.png,3081358
outputs/16_lama_difference_maps/figures/all_cases/all_cases/lama_canonical_canonical_p010_scratch_thin_lama_difference_maps.png,2960717
outputs/16_lama_difference_maps/figures/all_cases/all_cases/lama_canonical_canonical_p011_loss_large_lama_difference_maps.png,1903777
outputs/16_lama_difference_maps/figures/all_cases/all_cases/lama_canonical_canonical_p011_loss_small_lama_difference_maps.png,1860600
outputs/16_lama_difference_maps/figures/all_cases/all_cases/lama_canonical_canonical_p011_mixed_damage_lama_difference_maps.png,2032067
outputs/16_lama_difference_maps/figures/all_cases/all_cases/lama_canonical_canonical_p011_scratch_thin_lama_difference_maps.png,1886623
outputs/16_lama_difference_maps/figures/all_cases/all_cases/lama_canonical_canonical_p012_loss_large_lama_difference_maps.png,2138714
outputs/16_lama_difference_maps/figures/all_cases/all_cases/lama_canonical_canonical_p012_loss_small_lama_difference_maps.png,2067446
outputs/16_lama_difference_maps/figures/all_cases/all_cases/lama_canonical_canonical_p012_mixed_damage_lama_difference_maps.png,2261619
outputs/16_lama_difference_maps/figures/all_cases/all_cases/lama_canonical_canonical_p012_scratch_thin_lama_difference_maps.png,2135821
outputs/16_lama_difference_maps/figures/all_cases/all_cases/lama_canonical_canonical_p013_loss_large_lama_difference_maps.png,2228798
outputs/16_lama_difference_maps/figures/all_cases/all_cases/lama_canonical_canonical_p013_loss_small_lama_difference_maps.png,2152572
outputs/16_lama_difference_maps/figures/all_cases/all_cases/lama_canonical_canonical_p013_mixed_damage_lama_difference_maps.png,2331426
outputs/16_lama_difference_maps/figures/all_cases/all_cases/lama_canonical_canonical_p013_scratch_thin_lama_difference_maps.png,2228720
outputs/16_lama_difference_maps/figures/all_cases/all_cases/lama_canonical_canonical_p014_loss_large_lama_difference_maps.png,1642477
outputs/16_lama_difference_maps/figures/all_cases/all_cases/lama_canonical_canonical_p014_loss_small_lama_difference_maps.png,1562687
outputs/16_lama_difference_maps/figures/all_cases/all_cases/lama_canonical_canonical_p014_mixed_damage_lama_difference_maps.png,1742297
outputs/16_lama_difference_maps/figures/all_cases/all_cases/lama_canonical_canonical_p014_scratch_thin_lama_difference_maps.png,1678764
outputs/16_lama_difference_maps/figures/all_cases/all_cases/lama_canonical_canonical_p015_loss_large_lama_difference_maps.png,2498638
outputs/16_lama_difference_maps/figures/all_cases/all_cases/lama_canonical_canonical_p015_loss_small_lama_difference_maps.png,2391337
outputs/16_lama_difference_maps/figures/all_cases/all_cases/lama_canonical_canonical_p015_mixed_damage_lama_difference_maps.png,2568170
outputs/16_lama_difference_maps/figures/all_cases/all_cases/lama_canonical_canonical_p015_scratch_thin_lama_difference_maps.png,2393205
outputs/16_lama_difference_maps/figures/all_cases/all_cases/lama_canonical_canonical_p016_loss_large_lama_difference_maps.png,2418966
outputs/16_lama_difference_maps/figures/all_cases/all_cases/lama_canonical_canonical_p016_loss_small_lama_difference_maps.png,2292516
outputs/16_lama_difference_maps/figures/all_cases/all_cases/lama_canonical_canonical_p016_mixed_damage_lama_difference_maps.png,2570364
outputs/16_lama_difference_maps/figures/all_cases/all_cases/lama_canonical_canonical_p016_scratch_thin_lama_difference_maps.png,2406926
outputs/16_lama_difference_maps/figures/all_cases/all_cases/lama_canonical_canonical_p017_loss_large_lama_difference_maps.png,2692791
outputs/16_lama_difference_maps/figures/all_cases/all_cases/lama_canonical_canonical_p017_loss_small_lama_difference_maps.png,2598570
outputs/16_lama_difference_maps/figures/all_cases/all_cases/lama_canonical_canonical_p017_mixed_damage_lama_difference_maps.png,2806980
outputs/16_lama_difference_maps/figures/all_cases/all_cases/lama_canonical_canonical_p017_scratch_thin_lama_difference_maps.png,2725758
outputs/16_lama_difference_maps/figures/all_cases/all_cases/lama_canonical_canonical_p018_loss_large_lama_difference_maps.png,1728284
outputs/16_lama_difference_maps/figures/all_cases/all_cases/lama_canonical_canonical_p018_loss_small_lama_difference_maps.png,1657576
outputs/16_lama_difference_maps/figures/all_cases/all_cases/lama_canonical_canonical_p018_mixed_damage_lama_difference_maps.png,1994533
outputs/16_lama_difference_maps/figures/all_cases/all_cases/lama_canonical_canonical_p018_scratch_thin_lama_difference_maps.png,1710020
outputs/16_lama_difference_maps/figures/all_cases/all_cases/lama_canonical_canonical_p019_loss_large_lama_difference_maps.png,2677572
outputs/16_lama_difference_maps/figures/all_cases/all_cases/lama_canonical_canonical_p019_loss_small_lama_difference_maps.png,2478416
outputs/16_lama_difference_maps/figures/all_cases/all_cases/lama_canonical_canonical_p019_mixed_damage_lama_difference_maps.png,2755161
outputs/16_lama_difference_maps/figures/all_cases/all_cases/lama_canonical_canonical_p019_scratch_thin_lama_difference_maps.png,2499583
outputs/16_lama_difference_maps/figures/all_cases/all_cases/lama_canonical_canonical_p020_loss_large_lama_difference_maps.png,1958490
outputs/16_lama_difference_maps/figures/all_cases/all_cases/lama_canonical_canonical_p020_loss_small_lama_difference_maps.png,1793894
outputs/16_lama_difference_maps/figures/all_cases/all_cases/lama_canonical_canonical_p020_mixed_damage_lama_difference_maps.png,1993565
outputs/16_lama_difference_maps/figures/all_cases/all_cases/lama_canonical_canonical_p020_scratch_thin_lama_difference_maps.png,1888401
outputs/16_lama_difference_maps/figures/all_cases/all_cases/lama_canonical_canonical_p021_loss_large_lama_difference_maps.png,2607105
outputs/16_lama_difference_maps/figures/all_cases/all_cases/lama_canonical_canonical_p021_loss_small_lama_difference_maps.png,2508911
outputs/16_lama_difference_maps/figures/all_cases/all_cases/lama_canonical_canonical_p021_mixed_damage_lama_difference_maps.png,2804545
outputs/16_lama_difference_maps/figures/all_cases/all_cases/lama_canonical_canonical_p021_scratch_thin_lama_difference_maps.png,2597138
outputs/16_lama_difference_maps/figures/all_cases/all_cases/lama_canonical_canonical_p022_loss_large_lama_difference_maps.png,2317564
outputs/16_lama_difference_maps/figures/all_cases/all_cases/lama_canonical_canonical_p022_loss_small_lama_difference_maps.png,2250102
outputs/16_lama_difference_maps/figures/all_cases/all_cases/lama_canonical_canonical_p022_mixed_damage_lama_difference_maps.png,2538163
outputs/16_lama_difference_maps/figures/all_cases/all_cases/lama_canonical_canonical_p022_scratch_thin_lama_difference_maps.png,2288349
outputs/16_lama_difference_maps/figures/all_cases/all_cases/lama_canonical_canonical_p023_loss_large_lama_difference_maps.png,2196347
outputs/16_lama_difference_maps/figures/all_cases/all_cases/lama_canonical_canonical_p023_loss_small_lama_difference_maps.png,2131592
outputs/16_lama_difference_maps/figures/all_cases/all_cases/lama_canonical_canonical_p023_mixed_damage_lama_difference_maps.png,2311723
outputs/16_lama_difference_maps/figures/all_cases/all_cases/lama_canonical_canonical_p023_scratch_thin_lama_difference_maps.png,2165883
outputs/16_lama_difference_maps/figures/all_cases/all_cases/lama_canonical_canonical_p024_loss_large_lama_difference_maps.png,2264323
outputs/16_lama_difference_maps/figures/all_cases/all_cases/lama_canonical_canonical_p024_loss_small_lama_difference_maps.png,2177976
outputs/16_lama_difference_maps/figures/all_cases/all_cases/lama_canonical_canonical_p024_mixed_damage_lama_difference_maps.png,2344846
outputs/16_lama_difference_maps/figures/all_cases/all_cases/lama_canonical_canonical_p024_scratch_thin_lama_difference_maps.png,2173643
outputs/16_lama_difference_maps/figures/all_cases/all_cases/lama_canonical_canonical_p025_loss_large_lama_difference_maps.png,2392564
outputs/16_lama_difference_maps/figures/all_cases/all_cases/lama_canonical_canonical_p025_loss_small_lama_difference_maps.png,2269847
outputs/16_lama_difference_maps/figures/all_cases/all_cases/lama_canonical_canonical_p025_mixed_damage_lama_difference_maps.png,2535234
outputs/16_lama_difference_maps/figures/all_cases/all_cases/lama_canonical_canonical_p025_scratch_thin_lama_difference_maps.png,2464903
outputs/16_lama_difference_maps/figures/all_cases/all_cases/lama_canonical_canonical_p026_loss_large_lama_difference_maps.png,2343444
outputs/16_lama_difference_maps/figures/all_cases/all_cases/lama_canonical_canonical_p026_loss_small_lama_difference_maps.png,2241245
outputs/16_lama_difference_maps/figures/all_cases/all_cases/lama_canonical_canonical_p026_mixed_damage_lama_difference_maps.png,2424369
outputs/16_lama_difference_maps/figures/all_cases/all_cases/lama_canonical_canonical_p026_scratch_thin_lama_difference_maps.png,2329173
outputs/16_lama_difference_maps/figures/all_cases/all_cases/lama_canonical_canonical_p027_loss_large_lama_difference_maps.png,2555708
outputs/16_lama_difference_maps/figures/all_cases/all_cases/lama_canonical_canonical_p027_loss_small_lama_difference_maps.png,2470504
outputs/16_lama_difference_maps/figures/all_cases/all_cases/lama_canonical_canonical_p027_mixed_damage_lama_difference_maps.png,2697559
outputs/16_lama_difference_maps/figures/all_cases/all_cases/lama_canonical_canonical_p027_scratch_thin_lama_difference_maps.png,2518835
outputs/16_lama_difference_maps/figures/all_cases/all_cases/lama_canonical_canonical_p028_loss_large_lama_difference_maps.png,1939462
outputs/16_lama_difference_maps/figures/all_cases/all_cases/lama_canonical_canonical_p028_loss_small_lama_difference_maps.png,1903837
outputs/16_lama_difference_maps/figures/all_cases/all_cases/lama_canonical_canonical_p028_mixed_damage_lama_difference_maps.png,2135465
outputs/16_lama_difference_maps/figures/all_cases/all_cases/lama_canonical_canonical_p028_scratch_thin_lama_difference_maps.png,1973929
outputs/16_lama_difference_maps/figures/all_cases/all_cases/lama_canonical_canonical_p029_loss_large_lama_difference_maps.png,2161308
outputs/16_lama_difference_maps/figures/all_cases/all_cases/lama_canonical_canonical_p029_loss_small_lama_difference_maps.png,2063008
outputs/16_lama_difference_maps/figures/all_cases/all_cases/lama_canonical_canonical_p029_mixed_damage_lama_difference_maps.png,2398080
outputs/16_lama_difference_maps/figures/all_cases/all_cases/lama_canonical_canonical_p029_scratch_thin_lama_difference_maps.png,2144982
outputs/16_lama_difference_maps/figures/all_cases/all_cases/lama_canonical_canonical_p030_loss_large_lama_difference_maps.png,1861475
outputs/16_lama_difference_maps/figures/all_cases/all_cases/lama_canonical_canonical_p030_loss_small_lama_difference_maps.png,1783611
outputs/16_lama_difference_maps/figures/all_cases/all_cases/lama_canonical_canonical_p030_mixed_damage_lama_difference_maps.png,1984532
outputs/16_lama_difference_maps/figures/all_cases/all_cases/lama_canonical_canonical_p030_scratch_thin_lama_difference_maps.png,1882053
outputs/16_lama_difference_maps/figures/all_cases/all_cases/lama_canonical_canonical_p031_loss_large_lama_difference_maps.png,3182309
outputs/16_lama_difference_maps/figures/all_cases/all_cases/lama_canonical_canonical_p031_loss_small_lama_difference_maps.png,2946561
outputs/16_lama_difference_maps/figures/all_cases/all_cases/lama_canonical_canonical_p031_mixed_damage_lama_difference_maps.png,3209775
outputs/16_lama_difference_maps/figures/all_cases/all_cases/lama_canonical_canonical_p031_scratch_thin_lama_difference_maps.png,3061036
outputs/16_lama_difference_maps/figures/all_cases/all_cases/lama_canonical_canonical_p032_loss_large_lama_difference_maps.png,2179895
outputs/16_lama_difference_maps/figures/all_cases/all_cases/lama_canonical_canonical_p032_loss_small_lama_difference_maps.png,2020003
outputs/16_lama_difference_maps/figures/all_cases/all_cases/lama_canonical_canonical_p032_mixed_damage_lama_difference_maps.png,2277488
outputs/16_lama_difference_maps/figures/all_cases/all_cases/lama_canonical_canonical_p032_scratch_thin_lama_difference_maps.png,2055962
outputs/16_lama_difference_maps/figures/all_cases/all_cases/lama_canonical_canonical_p033_loss_large_lama_difference_maps.png,3476428
outputs/16_lama_difference_maps/figures/all_cases/all_cases/lama_canonical_canonical_p033_loss_small_lama_difference_maps.png,3300190
outputs/16_lama_difference_maps/figures/all_cases/all_cases/lama_canonical_canonical_p033_mixed_damage_lama_difference_maps.png,3594392
outputs/16_lama_difference_maps/figures/all_cases/all_cases/lama_canonical_canonical_p033_scratch_thin_lama_difference_maps.png,3443652
outputs/16_lama_difference_maps/figures/all_cases/all_cases/lama_canonical_canonical_p034_loss_large_lama_difference_maps.png,2997533
outputs/16_lama_difference_maps/figures/all_cases/all_cases/lama_canonical_canonical_p034_loss_small_lama_difference_maps.png,2856925
outputs/16_lama_difference_maps/figures/all_cases/all_cases/lama_canonical_canonical_p034_mixed_damage_lama_difference_maps.png,3139106
outputs/16_lama_difference_maps/figures/all_cases/all_cases/lama_canonical_canonical_p034_scratch_thin_lama_difference_maps.png,2870310
outputs/16_lama_difference_maps/figures/all_cases/all_cases/lama_canonical_canonical_p035_loss_large_lama_difference_maps.png,2385940
outputs/16_lama_difference_maps/figures/all_cases/all_cases/lama_canonical_canonical_p035_loss_small_lama_difference_maps.png,2225800
outputs/16_lama_difference_maps/figures/all_cases/all_cases/lama_canonical_canonical_p035_mixed_damage_lama_difference_maps.png,2523471
outputs/16_lama_difference_maps/figures/all_cases/all_cases/lama_canonical_canonical_p035_scratch_thin_lama_difference_maps.png,2335033
outputs/16_lama_difference_maps/figures/all_cases/all_cases/lama_canonical_canonical_p036_loss_large_lama_difference_maps.png,1081923
outputs/16_lama_difference_maps/figures/all_cases/all_cases/lama_canonical_canonical_p036_loss_small_lama_difference_maps.png,981065
outputs/16_lama_difference_maps/figures/all_cases/all_cases/lama_canonical_canonical_p036_mixed_damage_lama_difference_maps.png,1228362
outputs/16_lama_difference_maps/figures/all_cases/all_cases/lama_canonical_canonical_p036_scratch_thin_lama_difference_maps.png,1013074
outputs/16_lama_difference_maps/figures/all_cases/all_cases/lama_canonical_canonical_p037_loss_large_lama_difference_maps.png,2151721
outputs/16_lama_difference_maps/figures/all_cases/all_cases/lama_canonical_canonical_p037_loss_small_lama_difference_maps.png,2065754
outputs/16_lama_difference_maps/figures/all_cases/all_cases/lama_canonical_canonical_p037_mixed_damage_lama_difference_maps.png,2335096
outputs/16_lama_difference_maps/figures/all_cases/all_cases/lama_canonical_canonical_p037_scratch_thin_lama_difference_maps.png,2122180
outputs/16_lama_difference_maps/figures/all_cases/all_cases/lama_canonical_canonical_p038_loss_large_lama_difference_maps.png,2420774
outputs/16_lama_difference_maps/figures/all_cases/all_cases/lama_canonical_canonical_p038_loss_small_lama_difference_maps.png,2308351
outputs/16_lama_difference_maps/figures/all_cases/all_cases/lama_canonical_canonical_p038_mixed_damage_lama_difference_maps.png,2444339
outputs/16_lama_difference_maps/figures/all_cases/all_cases/lama_canonical_canonical_p038_scratch_thin_lama_difference_maps.png,2336277
outputs/16_lama_difference_maps/figures/all_cases/all_cases/lama_canonical_canonical_p039_loss_large_lama_difference_maps.png,2239892
outputs/16_lama_difference_maps/figures/all_cases/all_cases/lama_canonical_canonical_p039_loss_small_lama_difference_maps.png,2159016
outputs/16_lama_difference_maps/figures/all_cases/all_cases/lama_canonical_canonical_p039_mixed_damage_lama_difference_maps.png,2429124
outputs/16_lama_difference_maps/figures/all_cases/all_cases/lama_canonical_canonical_p039_scratch_thin_lama_difference_maps.png,2310411
outputs/16_lama_difference_maps/figures/all_cases/all_cases/lama_canonical_canonical_p040_loss_large_lama_difference_maps.png,2645139
outputs/16_lama_difference_maps/figures/all_cases/all_cases/lama_canonical_canonical_p040_loss_small_lama_difference_maps.png,2522039
outputs/16_lama_difference_maps/figures/all_cases/all_cases/lama_canonical_canonical_p040_mixed_damage_lama_difference_maps.png,2684765
outputs/16_lama_difference_maps/figures/all_cases/all_cases/lama_canonical_canonical_p040_scratch_thin_lama_difference_maps.png,2631179
outputs/16_lama_difference_maps/figures/all_cases/all_cases/lama_canonical_canonical_p041_loss_large_lama_difference_maps.png,2899280
outputs/16_lama_difference_maps/figures/all_cases/all_cases/lama_canonical_canonical_p041_loss_small_lama_difference_maps.png,2795234
outputs/16_lama_difference_maps/figures/all_cases/all_cases/lama_canonical_canonical_p041_mixed_damage_lama_difference_maps.png,3088475
outputs/16_lama_difference_maps/figures/all_cases/all_cases/lama_canonical_canonical_p041_scratch_thin_lama_difference_maps.png,2945663
outputs/16_lama_difference_maps/figures/all_cases/all_cases/lama_canonical_canonical_p042_loss_large_lama_difference_maps.png,1841611
outputs/16_lama_difference_maps/figures/all_cases/all_cases/lama_canonical_canonical_p042_loss_small_lama_difference_maps.png,1790875
outputs/16_lama_difference_maps/figures/all_cases/all_cases/lama_canonical_canonical_p042_mixed_damage_lama_difference_maps.png,1977353
outputs/16_lama_difference_maps/figures/all_cases/all_cases/lama_canonical_canonical_p042_scratch_thin_lama_difference_maps.png,1881080
outputs/16_lama_difference_maps/figures/all_cases/all_cases/lama_canonical_canonical_p043_loss_large_lama_difference_maps.png,2482409
outputs/16_lama_difference_maps/figures/all_cases/all_cases/lama_canonical_canonical_p043_loss_small_lama_difference_maps.png,2343559
outputs/16_lama_difference_maps/figures/all_cases/all_cases/lama_canonical_canonical_p043_mixed_damage_lama_difference_maps.png,2709208
outputs/16_lama_difference_maps/figures/all_cases/all_cases/lama_canonical_canonical_p043_scratch_thin_lama_difference_maps.png,2372478
outputs/16_lama_difference_maps/figures/all_cases/all_cases/lama_canonical_canonical_p044_loss_large_lama_difference_maps.png,2369092
outputs/16_lama_difference_maps/figures/all_cases/all_cases/lama_canonical_canonical_p044_loss_small_lama_difference_maps.png,2281166
outputs/16_lama_difference_maps/figures/all_cases/all_cases/lama_canonical_canonical_p044_mixed_damage_lama_difference_maps.png,2508367
outputs/16_lama_difference_maps/figures/all_cases/all_cases/lama_canonical_canonical_p044_scratch_thin_lama_difference_maps.png,2313585
outputs/16_lama_difference_maps/figures/all_cases/all_cases/lama_canonical_canonical_p045_loss_large_lama_difference_maps.png,2716911
outputs/16_lama_difference_maps/figures/all_cases/all_cases/lama_canonical_canonical_p045_loss_small_lama_difference_maps.png,2638295
outputs/16_lama_difference_maps/figures/all_cases/all_cases/lama_canonical_canonical_p045_mixed_damage_lama_difference_maps.png,2842639
outputs/16_lama_difference_maps/figures/all_cases/all_cases/lama_canonical_canonical_p045_scratch_thin_lama_difference_maps.png,2760142
outputs/16_lama_difference_maps/figures/all_cases/all_cases/lama_canonical_canonical_p046_loss_large_lama_difference_maps.png,2196977
outputs/16_lama_difference_maps/figures/all_cases/all_cases/lama_canonical_canonical_p046_loss_small_lama_difference_maps.png,2148112
outputs/16_lama_difference_maps/figures/all_cases/all_cases/lama_canonical_canonical_p046_mixed_damage_lama_difference_maps.png,2432307
outputs/16_lama_difference_maps/figures/all_cases/all_cases/lama_canonical_canonical_p046_scratch_thin_lama_difference_maps.png,2208537
outputs/16_lama_difference_maps/figures/all_cases/all_cases/lama_canonical_canonical_p047_loss_large_lama_difference_maps.png,2535719
outputs/16_lama_difference_maps/figures/all_cases/all_cases/lama_canonical_canonical_p047_loss_small_lama_difference_maps.png,2330099
outputs/16_lama_difference_maps/figures/all_cases/all_cases/lama_canonical_canonical_p047_mixed_damage_lama_difference_maps.png,2628507
outputs/16_lama_difference_maps/figures/all_cases/all_cases/lama_canonical_canonical_p047_scratch_thin_lama_difference_maps.png,2498816
outputs/16_lama_difference_maps/figures/all_cases/all_cases/lama_canonical_canonical_p048_loss_large_lama_difference_maps.png,2496855
outputs/16_lama_difference_maps/figures/all_cases/all_cases/lama_canonical_canonical_p048_loss_small_lama_difference_maps.png,2350540
outputs/16_lama_difference_maps/figures/all_cases/all_cases/lama_canonical_canonical_p048_mixed_damage_lama_difference_maps.png,2601450
outputs/16_lama_difference_maps/figures/all_cases/all_cases/lama_canonical_canonical_p048_scratch_thin_lama_difference_maps.png,2394815
outputs/16_lama_difference_maps/figures/all_cases/all_cases/lama_canonical_canonical_p049_loss_large_lama_difference_maps.png,1870499
outputs/16_lama_difference_maps/figures/all_cases/all_cases/lama_canonical_canonical_p049_loss_small_lama_difference_maps.png,1744467
outputs/16_lama_difference_maps/figures/all_cases/all_cases/lama_canonical_canonical_p049_mixed_damage_lama_difference_maps.png,2060765
outputs/16_lama_difference_maps/figures/all_cases/all_cases/lama_canonical_canonical_p049_scratch_thin_lama_difference_maps.png,1868551
outputs/16_lama_difference_maps/figures/all_cases/all_cases/lama_canonical_canonical_p050_loss_large_lama_difference_maps.png,2427445
outputs/16_lama_difference_maps/figures/all_cases/all_cases/lama_canonical_canonical_p050_loss_small_lama_difference_maps.png,2292193
outputs/16_lama_difference_maps/figures/all_cases/all_cases/lama_canonical_canonical_p050_mixed_damage_lama_difference_maps.png,2644761
outputs/16_lama_difference_maps/figures/all_cases/all_cases/lama_canonical_canonical_p050_scratch_thin_lama_difference_maps.png,2367573
outputs/16_lama_difference_maps/figures/all_cases/all_cases/lama_damage_size_damage_size_p001_loss_large_size_02pct_lama_difference_maps.png,2067436
outputs/16_lama_difference_maps/figures/all_cases/all_cases/lama_damage_size_damage_size_p001_loss_large_size_04pct_lama_difference_maps.png,2105132
outputs/16_lama_difference_maps/figures/all_cases/all_cases/lama_damage_size_damage_size_p001_loss_large_size_06pct_lama_difference_maps.png,2141465
outputs/16_lama_difference_maps/figures/all_cases/all_cases/lama_damage_size_damage_size_p001_loss_large_size_08pct_lama_difference_maps.png,2179199
outputs/16_lama_difference_maps/figures/all_cases/all_cases/lama_damage_size_damage_size_p001_loss_large_size_10pct_lama_difference_maps.png,2205983
outputs/16_lama_difference_maps/figures/all_cases/all_cases/lama_damage_size_damage_size_p001_loss_large_size_15pct_lama_difference_maps.png,2274332
outputs/16_lama_difference_maps/figures/all_cases/all_cases/lama_damage_size_damage_size_p001_loss_large_size_20pct_lama_difference_maps.png,2336680
outputs/16_lama_difference_maps/figures/all_cases/all_cases/lama_damage_size_damage_size_p018_loss_large_size_02pct_lama_difference_maps.png,1600577
outputs/16_lama_difference_maps/figures/all_cases/all_cases/lama_damage_size_damage_size_p018_loss_large_size_04pct_lama_difference_maps.png,1640003
outputs/16_lama_difference_maps/figures/all_cases/all_cases/lama_damage_size_damage_size_p018_loss_large_size_06pct_lama_difference_maps.png,1665519
outputs/16_lama_difference_maps/figures/all_cases/all_cases/lama_damage_size_damage_size_p018_loss_large_size_08pct_lama_difference_maps.png,1691614
outputs/16_lama_difference_maps/figures/all_cases/all_cases/lama_damage_size_damage_size_p018_loss_large_size_10pct_lama_difference_maps.png,1714280
outputs/16_lama_difference_maps/figures/all_cases/all_cases/lama_damage_size_damage_size_p018_loss_large_size_15pct_lama_difference_maps.png,1787396
outputs/16_lama_difference_maps/figures/all_cases/all_cases/lama_damage_size_damage_size_p018_loss_large_size_20pct_lama_difference_maps.png,1862156
outputs/16_lama_difference_maps/figures/all_cases/all_cases/lama_damage_size_damage_size_p026_loss_large_size_02pct_lama_difference_maps.png,2178101
outputs/16_lama_difference_maps/figures/all_cases/all_cases/lama_damage_size_damage_size_p026_loss_large_size_04pct_lama_difference_maps.png,2207630
outputs/16_lama_difference_maps/figures/all_cases/all_cases/lama_damage_size_damage_size_p026_loss_large_size_06pct_lama_difference_maps.png,2234844
outputs/16_lama_difference_maps/figures/all_cases/all_cases/lama_damage_size_damage_size_p026_loss_large_size_08pct_lama_difference_maps.png,2259397
outputs/16_lama_difference_maps/figures/all_cases/all_cases/lama_damage_size_damage_size_p026_loss_large_size_10pct_lama_difference_maps.png,2294685
outputs/16_lama_difference_maps/figures/all_cases/all_cases/lama_damage_size_damage_size_p026_loss_large_size_15pct_lama_difference_maps.png,2366977
outputs/16_lama_difference_maps/figures/all_cases/all_cases/lama_damage_size_damage_size_p026_loss_large_size_20pct_lama_difference_maps.png,2420564
outputs/16_lama_difference_maps/figures/all_cases/all_cases/lama_damage_size_damage_size_p039_loss_large_size_02pct_lama_difference_maps.png,2112254
outputs/16_lama_difference_maps/figures/all_cases/all_cases/lama_damage_size_damage_size_p039_loss_large_size_04pct_lama_difference_maps.png,2144514
outputs/16_lama_difference_maps/figures/all_cases/all_cases/lama_damage_size_damage_size_p039_loss_large_size_06pct_lama_difference_maps.png,2180369
outputs/16_lama_difference_maps/figures/all_cases/all_cases/lama_damage_size_damage_size_p039_loss_large_size_08pct_lama_difference_maps.png,2206302
outputs/16_lama_difference_maps/figures/all_cases/all_cases/lama_damage_size_damage_size_p039_loss_large_size_10pct_lama_difference_maps.png,2235325
outputs/16_lama_difference_maps/figures/all_cases/all_cases/lama_damage_size_damage_size_p039_loss_large_size_15pct_lama_difference_maps.png,2298628
outputs/16_lama_difference_maps/figures/all_cases/all_cases/lama_damage_size_damage_size_p039_loss_large_size_20pct_lama_difference_maps.png,2375428
outputs/16_lama_difference_maps/figures/all_cases/all_cases/lama_damage_size_damage_size_p043_loss_large_size_02pct_lama_difference_maps.png,2288441
outputs/16_lama_difference_maps/figures/all_cases/all_cases/lama_damage_size_damage_size_p043_loss_large_size_04pct_lama_difference_maps.png,2328436
outputs/16_lama_difference_maps/figures/all_cases/all_cases/lama_damage_size_damage_size_p043_loss_large_size_06pct_lama_difference_maps.png,2366130
outputs/16_lama_difference_maps/figures/all_cases/all_cases/lama_damage_size_damage_size_p043_loss_large_size_08pct_lama_difference_maps.png,2398626
outputs/16_lama_difference_maps/figures/all_cases/all_cases/lama_damage_size_damage_size_p043_loss_large_size_10pct_lama_difference_maps.png,2424305
outputs/16_lama_difference_maps/figures/all_cases/all_cases/lama_damage_size_damage_size_p043_loss_large_size_15pct_lama_difference_maps.png,2498337
outputs/16_lama_difference_maps/figures/all_cases/all_cases/lama_damage_size_damage_size_p043_loss_large_size_20pct_lama_difference_maps.png,2575485
outputs/16_lama_difference_maps/figures/all_cases/all_cases/lama_mask_robustness_mask_robustness_p001_loss_large_variant_01_lama_difference_maps.png,2254944
outputs/16_lama_difference_maps/figures/all_cases/all_cases/lama_mask_robustness_mask_robustness_p001_loss_large_variant_02_lama_difference_maps.png,2290381
outputs/16_lama_difference_maps/figures/all_cases/all_cases/lama_mask_robustness_mask_robustness_p001_loss_large_variant_03_lama_difference_maps.png,2262358
outputs/16_lama_difference_maps/figures/all_cases/all_cases/lama_mask_robustness_mask_robustness_p001_loss_large_variant_04_lama_difference_maps.png,2280662
outputs/16_lama_difference_maps/figures/all_cases/all_cases/lama_mask_robustness_mask_robustness_p001_loss_large_variant_05_lama_difference_maps.png,2231030
outputs/16_lama_difference_maps/figures/all_cases/all_cases/lama_mask_robustness_mask_robustness_p001_loss_small_variant_01_lama_difference_maps.png,2137307
outputs/16_lama_difference_maps/figures/all_cases/all_cases/lama_mask_robustness_mask_robustness_p001_loss_small_variant_02_lama_difference_maps.png,2163734
outputs/16_lama_difference_maps/figures/all_cases/all_cases/lama_mask_robustness_mask_robustness_p001_loss_small_variant_03_lama_difference_maps.png,2154652
outputs/16_lama_difference_maps/figures/all_cases/all_cases/lama_mask_robustness_mask_robustness_p001_loss_small_variant_04_lama_difference_maps.png,2170346
outputs/16_lama_difference_maps/figures/all_cases/all_cases/lama_mask_robustness_mask_robustness_p001_loss_small_variant_05_lama_difference_maps.png,2152104
outputs/16_lama_difference_maps/figures/all_cases/all_cases/lama_mask_robustness_mask_robustness_p001_scratch_thin_variant_01_lama_difference_maps.png,2072719
outputs/16_lama_difference_maps/figures/all_cases/all_cases/lama_mask_robustness_mask_robustness_p001_scratch_thin_variant_02_lama_difference_maps.png,2202954
outputs/16_lama_difference_maps/figures/all_cases/all_cases/lama_mask_robustness_mask_robustness_p001_scratch_thin_variant_03_lama_difference_maps.png,2166583
outputs/16_lama_difference_maps/figures/all_cases/all_cases/lama_mask_robustness_mask_robustness_p001_scratch_thin_variant_04_lama_difference_maps.png,2265354
outputs/16_lama_difference_maps/figures/all_cases/all_cases/lama_mask_robustness_mask_robustness_p001_scratch_thin_variant_05_lama_difference_maps.png,2264368
outputs/16_lama_difference_maps/figures/all_cases/all_cases/lama_mask_robustness_mask_robustness_p018_loss_large_variant_01_lama_difference_maps.png,1786685
outputs/16_lama_difference_maps/figures/all_cases/all_cases/lama_mask_robustness_mask_robustness_p018_loss_large_variant_02_lama_difference_maps.png,1782838
outputs/16_lama_difference_maps/figures/all_cases/all_cases/lama_mask_robustness_mask_robustness_p018_loss_large_variant_03_lama_difference_maps.png,1760447
outputs/16_lama_difference_maps/figures/all_cases/all_cases/lama_mask_robustness_mask_robustness_p018_loss_large_variant_04_lama_difference_maps.png,1776195
outputs/16_lama_difference_maps/figures/all_cases/all_cases/lama_mask_robustness_mask_robustness_p018_loss_large_variant_05_lama_difference_maps.png,1772041
outputs/16_lama_difference_maps/figures/all_cases/all_cases/lama_mask_robustness_mask_robustness_p018_loss_small_variant_01_lama_difference_maps.png,1685724
outputs/16_lama_difference_maps/figures/all_cases/all_cases/lama_mask_robustness_mask_robustness_p018_loss_small_variant_02_lama_difference_maps.png,1677903
outputs/16_lama_difference_maps/figures/all_cases/all_cases/lama_mask_robustness_mask_robustness_p018_loss_small_variant_03_lama_difference_maps.png,1686994
outputs/16_lama_difference_maps/figures/all_cases/all_cases/lama_mask_robustness_mask_robustness_p018_loss_small_variant_04_lama_difference_maps.png,1686590
outputs/16_lama_difference_maps/figures/all_cases/all_cases/lama_mask_robustness_mask_robustness_p018_loss_small_variant_05_lama_difference_maps.png,1696701
outputs/16_lama_difference_maps/figures/all_cases/all_cases/lama_mask_robustness_mask_robustness_p018_scratch_thin_variant_01_lama_difference_maps.png,1705347
outputs/16_lama_difference_maps/figures/all_cases/all_cases/lama_mask_robustness_mask_robustness_p018_scratch_thin_variant_02_lama_difference_maps.png,1789038
outputs/16_lama_difference_maps/figures/all_cases/all_cases/lama_mask_robustness_mask_robustness_p018_scratch_thin_variant_03_lama_difference_maps.png,1717367
outputs/16_lama_difference_maps/figures/all_cases/all_cases/lama_mask_robustness_mask_robustness_p018_scratch_thin_variant_04_lama_difference_maps.png,1772405
outputs/16_lama_difference_maps/figures/all_cases/all_cases/lama_mask_robustness_mask_robustness_p018_scratch_thin_variant_05_lama_difference_maps.png,1772817
outputs/16_lama_difference_maps/figures/all_cases/all_cases/lama_mask_robustness_mask_robustness_p026_loss_large_variant_01_lama_difference_maps.png,2400694
outputs/16_lama_difference_maps/figures/all_cases/all_cases/lama_mask_robustness_mask_robustness_p026_loss_large_variant_02_lama_difference_maps.png,2368072
outputs/16_lama_difference_maps/figures/all_cases/all_cases/lama_mask_robustness_mask_robustness_p026_loss_large_variant_03_lama_difference_maps.png,2413685
outputs/16_lama_difference_maps/figures/all_cases/all_cases/lama_mask_robustness_mask_robustness_p026_loss_large_variant_04_lama_difference_maps.png,2401084
outputs/16_lama_difference_maps/figures/all_cases/all_cases/lama_mask_robustness_mask_robustness_p026_loss_large_variant_05_lama_difference_maps.png,2403462
outputs/16_lama_difference_maps/figures/all_cases/all_cases/lama_mask_robustness_mask_robustness_p026_loss_small_variant_01_lama_difference_maps.png,2261348
outputs/16_lama_difference_maps/figures/all_cases/all_cases/lama_mask_robustness_mask_robustness_p026_loss_small_variant_02_lama_difference_maps.png,2249198
outputs/16_lama_difference_maps/figures/all_cases/all_cases/lama_mask_robustness_mask_robustness_p026_loss_small_variant_03_lama_difference_maps.png,2282573
outputs/16_lama_difference_maps/figures/all_cases/all_cases/lama_mask_robustness_mask_robustness_p026_loss_small_variant_04_lama_difference_maps.png,2271165
outputs/16_lama_difference_maps/figures/all_cases/all_cases/lama_mask_robustness_mask_robustness_p026_loss_small_variant_05_lama_difference_maps.png,2257119
outputs/16_lama_difference_maps/figures/all_cases/all_cases/lama_mask_robustness_mask_robustness_p026_scratch_thin_variant_01_lama_difference_maps.png,2330665
outputs/16_lama_difference_maps/figures/all_cases/all_cases/lama_mask_robustness_mask_robustness_p026_scratch_thin_variant_02_lama_difference_maps.png,2326403
outputs/16_lama_difference_maps/figures/all_cases/all_cases/lama_mask_robustness_mask_robustness_p026_scratch_thin_variant_03_lama_difference_maps.png,2173567
outputs/16_lama_difference_maps/figures/all_cases/all_cases/lama_mask_robustness_mask_robustness_p026_scratch_thin_variant_04_lama_difference_maps.png,2291562
outputs/16_lama_difference_maps/figures/all_cases/all_cases/lama_mask_robustness_mask_robustness_p026_scratch_thin_variant_05_lama_difference_maps.png,2297139
outputs/16_lama_difference_maps/figures/all_cases/all_cases/lama_mask_robustness_mask_robustness_p039_loss_large_variant_01_lama_difference_maps.png,2270465
outputs/16_lama_difference_maps/figures/all_cases/all_cases/lama_mask_robustness_mask_robustness_p039_loss_large_variant_02_lama_difference_maps.png,2325404
outputs/16_lama_difference_maps/figures/all_cases/all_cases/lama_mask_robustness_mask_robustness_p039_loss_large_variant_03_lama_difference_maps.png,2299436
outputs/16_lama_difference_maps/figures/all_cases/all_cases/lama_mask_robustness_mask_robustness_p039_loss_large_variant_04_lama_difference_maps.png,2293252
outputs/16_lama_difference_maps/figures/all_cases/all_cases/lama_mask_robustness_mask_robustness_p039_loss_large_variant_05_lama_difference_maps.png,2283108
outputs/16_lama_difference_maps/figures/all_cases/all_cases/lama_mask_robustness_mask_robustness_p039_loss_small_variant_01_lama_difference_maps.png,2211614
outputs/16_lama_difference_maps/figures/all_cases/all_cases/lama_mask_robustness_mask_robustness_p039_loss_small_variant_02_lama_difference_maps.png,2202363
outputs/16_lama_difference_maps/figures/all_cases/all_cases/lama_mask_robustness_mask_robustness_p039_loss_small_variant_03_lama_difference_maps.png,2169477
outputs/16_lama_difference_maps/figures/all_cases/all_cases/lama_mask_robustness_mask_robustness_p039_loss_small_variant_04_lama_difference_maps.png,2164557
outputs/16_lama_difference_maps/figures/all_cases/all_cases/lama_mask_robustness_mask_robustness_p039_loss_small_variant_05_lama_difference_maps.png,2211187
outputs/16_lama_difference_maps/figures/all_cases/all_cases/lama_mask_robustness_mask_robustness_p039_scratch_thin_variant_01_lama_difference_maps.png,2246552
outputs/16_lama_difference_maps/figures/all_cases/all_cases/lama_mask_robustness_mask_robustness_p039_scratch_thin_variant_02_lama_difference_maps.png,2148056
outputs/16_lama_difference_maps/figures/all_cases/all_cases/lama_mask_robustness_mask_robustness_p039_scratch_thin_variant_03_lama_difference_maps.png,2267500
outputs/16_lama_difference_maps/figures/all_cases/all_cases/lama_mask_robustness_mask_robustness_p039_scratch_thin_variant_04_lama_difference_maps.png,2125214
outputs/16_lama_difference_maps/figures/all_cases/all_cases/lama_mask_robustness_mask_robustness_p039_scratch_thin_variant_05_lama_difference_maps.png,2256952
outputs/16_lama_difference_maps/figures/all_cases/all_cases/lama_mask_robustness_mask_robustness_p043_loss_large_variant_01_lama_difference_maps.png,2489534
outputs/16_lama_difference_maps/figures/all_cases/all_cases/lama_mask_robustness_mask_robustness_p043_loss_large_variant_02_lama_difference_maps.png,2527658
outputs/16_lama_difference_maps/figures/all_cases/all_cases/lama_mask_robustness_mask_robustness_p043_loss_large_variant_03_lama_difference_maps.png,2496191
outputs/16_lama_difference_maps/figures/all_cases/all_cases/lama_mask_robustness_mask_robustness_p043_loss_large_variant_04_lama_difference_maps.png,2510364
outputs/16_lama_difference_maps/figures/all_cases/all_cases/lama_mask_robustness_mask_robustness_p043_loss_large_variant_05_lama_difference_maps.png,2482567
outputs/16_lama_difference_maps/figures/all_cases/all_cases/lama_mask_robustness_mask_robustness_p043_loss_small_variant_01_lama_difference_maps.png,2394755
outputs/16_lama_difference_maps/figures/all_cases/all_cases/lama_mask_robustness_mask_robustness_p043_loss_small_variant_02_lama_difference_maps.png,2385916
outputs/16_lama_difference_maps/figures/all_cases/all_cases/lama_mask_robustness_mask_robustness_p043_loss_small_variant_03_lama_difference_maps.png,2362886
outputs/16_lama_difference_maps/figures/all_cases/all_cases/lama_mask_robustness_mask_robustness_p043_loss_small_variant_04_lama_difference_maps.png,2375551
outputs/16_lama_difference_maps/figures/all_cases/all_cases/lama_mask_robustness_mask_robustness_p043_loss_small_variant_05_lama_difference_maps.png,2387440
outputs/16_lama_difference_maps/figures/all_cases/all_cases/lama_mask_robustness_mask_robustness_p043_scratch_thin_variant_01_lama_difference_maps.png,2474539
outputs/16_lama_difference_maps/figures/all_cases/all_cases/lama_mask_robustness_mask_robustness_p043_scratch_thin_variant_02_lama_difference_maps.png,2453432
outputs/16_lama_difference_maps/figures/all_cases/all_cases/lama_mask_robustness_mask_robustness_p043_scratch_thin_variant_03_lama_difference_maps.png,2458921
outputs/16_lama_difference_maps/figures/all_cases/all_cases/lama_mask_robustness_mask_robustness_p043_scratch_thin_variant_04_lama_difference_maps.png,2452005
outputs/16_lama_difference_maps/figures/all_cases/all_cases/lama_mask_robustness_mask_robustness_p043_scratch_thin_variant_05_lama_difference_maps.png,2407395
outputs/16_lama_difference_maps/figures/all_cases/all_cases/lama_synthetic_degradation_synthetic_degradation_p001_dirt_dust_mild_lama_difference_maps.png,2055572
outputs/16_lama_difference_maps/figures/all_cases/all_cases/lama_synthetic_degradation_synthetic_degradation_p001_dirt_dust_moderate_lama_difference_maps.png,2124954
outputs/16_lama_difference_maps/figures/all_cases/all_cases/lama_synthetic_degradation_synthetic_degradation_p001_dirt_dust_severe_lama_difference_maps.png,2235381
outputs/16_lama_difference_maps/figures/all_cases/all_cases/lama_synthetic_degradation_synthetic_degradation_p001_partial_transparency_mild_lama_difference_maps.png,2242409
outputs/16_lama_difference_maps/figures/all_cases/all_cases/lama_synthetic_degradation_synthetic_degradation_p001_partial_transparency_moderate_lama_difference_maps.png,2704578
outputs/16_lama_difference_maps/figures/all_cases/all_cases/lama_synthetic_degradation_synthetic_degradation_p001_partial_transparency_severe_lama_difference_maps.png,3515140
outputs/16_lama_difference_maps/figures/all_cases/all_cases/lama_synthetic_degradation_synthetic_degradation_p001_water_stain_dirt_moderate_lama_difference_maps.png,2340003
outputs/16_lama_difference_maps/figures/all_cases/all_cases/lama_synthetic_degradation_synthetic_degradation_p001_water_stain_mild_lama_difference_maps.png,2128360
outputs/16_lama_difference_maps/figures/all_cases/all_cases/lama_synthetic_degradation_synthetic_degradation_p001_water_stain_moderate_lama_difference_maps.png,2242261
outputs/16_lama_difference_maps/figures/all_cases/all_cases/lama_synthetic_degradation_synthetic_degradation_p001_water_stain_severe_lama_difference_maps.png,2340958
outputs/16_lama_difference_maps/figures/all_cases/all_cases/lama_synthetic_degradation_synthetic_degradation_p018_dirt_dust_mild_lama_difference_maps.png,1600553
outputs/16_lama_difference_maps/figures/all_cases/all_cases/lama_synthetic_degradation_synthetic_degradation_p018_dirt_dust_moderate_lama_difference_maps.png,1660573
outputs/16_lama_difference_maps/figures/all_cases/all_cases/lama_synthetic_degradation_synthetic_degradation_p018_dirt_dust_severe_lama_difference_maps.png,1758192
outputs/16_lama_difference_maps/figures/all_cases/all_cases/lama_synthetic_degradation_synthetic_degradation_p018_partial_transparency_mild_lama_difference_maps.png,1764941
outputs/16_lama_difference_maps/figures/all_cases/all_cases/lama_synthetic_degradation_synthetic_degradation_p018_partial_transparency_moderate_lama_difference_maps.png,2062221
outputs/16_lama_difference_maps/figures/all_cases/all_cases/lama_synthetic_degradation_synthetic_degradation_p018_partial_transparency_severe_lama_difference_maps.png,2523721
outputs/16_lama_difference_maps/figures/all_cases/all_cases/lama_synthetic_degradation_synthetic_degradation_p018_water_stain_dirt_moderate_lama_difference_maps.png,1788898
outputs/16_lama_difference_maps/figures/all_cases/all_cases/lama_synthetic_degradation_synthetic_degradation_p018_water_stain_mild_lama_difference_maps.png,1768600
outputs/16_lama_difference_maps/figures/all_cases/all_cases/lama_synthetic_degradation_synthetic_degradation_p018_water_stain_moderate_lama_difference_maps.png,1778137
outputs/16_lama_difference_maps/figures/all_cases/all_cases/lama_synthetic_degradation_synthetic_degradation_p018_water_stain_severe_lama_difference_maps.png,1832469
outputs/16_lama_difference_maps/figures/all_cases/all_cases/lama_synthetic_degradation_synthetic_degradation_p026_dirt_dust_mild_lama_difference_maps.png,2176506
outputs/16_lama_difference_maps/figures/all_cases/all_cases/lama_synthetic_degradation_synthetic_degradation_p026_dirt_dust_moderate_lama_difference_maps.png,2229810
outputs/16_lama_difference_maps/figures/all_cases/all_cases/lama_synthetic_degradation_synthetic_degradation_p026_dirt_dust_severe_lama_difference_maps.png,2405262
outputs/16_lama_difference_maps/figures/all_cases/all_cases/lama_synthetic_degradation_synthetic_degradation_p026_partial_transparency_mild_lama_difference_maps.png,2286417
outputs/16_lama_difference_maps/figures/all_cases/all_cases/lama_synthetic_degradation_synthetic_degradation_p026_partial_transparency_moderate_lama_difference_maps.png,2583382
outputs/16_lama_difference_maps/figures/all_cases/all_cases/lama_synthetic_degradation_synthetic_degradation_p026_partial_transparency_severe_lama_difference_maps.png,3140177
outputs/16_lama_difference_maps/figures/all_cases/all_cases/lama_synthetic_degradation_synthetic_degradation_p026_water_stain_dirt_moderate_lama_difference_maps.png,2331331
outputs/16_lama_difference_maps/figures/all_cases/all_cases/lama_synthetic_degradation_synthetic_degradation_p026_water_stain_mild_lama_difference_maps.png,2262064
outputs/16_lama_difference_maps/figures/all_cases/all_cases/lama_synthetic_degradation_synthetic_degradation_p026_water_stain_moderate_lama_difference_maps.png,2306785
outputs/16_lama_difference_maps/figures/all_cases/all_cases/lama_synthetic_degradation_synthetic_degradation_p026_water_stain_severe_lama_difference_maps.png,2396082
outputs/16_lama_difference_maps/figures/all_cases/all_cases/lama_synthetic_degradation_synthetic_degradation_p039_dirt_dust_mild_lama_difference_maps.png,2119965
outputs/16_lama_difference_maps/figures/all_cases/all_cases/lama_synthetic_degradation_synthetic_degradation_p039_dirt_dust_moderate_lama_difference_maps.png,2189027
outputs/16_lama_difference_maps/figures/all_cases/all_cases/lama_synthetic_degradation_synthetic_degradation_p039_dirt_dust_severe_lama_difference_maps.png,2338021
outputs/16_lama_difference_maps/figures/all_cases/all_cases/lama_synthetic_degradation_synthetic_degradation_p039_partial_transparency_mild_lama_difference_maps.png,2204361
outputs/16_lama_difference_maps/figures/all_cases/all_cases/lama_synthetic_degradation_synthetic_degradation_p039_partial_transparency_moderate_lama_difference_maps.png,2768382
outputs/16_lama_difference_maps/figures/all_cases/all_cases/lama_synthetic_degradation_synthetic_degradation_p039_partial_transparency_severe_lama_difference_maps.png,3086311
outputs/16_lama_difference_maps/figures/all_cases/all_cases/lama_synthetic_degradation_synthetic_degradation_p039_water_stain_dirt_moderate_lama_difference_maps.png,2242923
outputs/16_lama_difference_maps/figures/all_cases/all_cases/lama_synthetic_degradation_synthetic_degradation_p039_water_stain_mild_lama_difference_maps.png,2277053
outputs/16_lama_difference_maps/figures/all_cases/all_cases/lama_synthetic_degradation_synthetic_degradation_p039_water_stain_moderate_lama_difference_maps.png,2351539
outputs/16_lama_difference_maps/figures/all_cases/all_cases/lama_synthetic_degradation_synthetic_degradation_p039_water_stain_severe_lama_difference_maps.png,2432107
outputs/16_lama_difference_maps/figures/all_cases/all_cases/lama_synthetic_degradation_synthetic_degradation_p043_dirt_dust_mild_lama_difference_maps.png,2279157
outputs/16_lama_difference_maps/figures/all_cases/all_cases/lama_synthetic_degradation_synthetic_degradation_p043_dirt_dust_moderate_lama_difference_maps.png,2359425
outputs/16_lama_difference_maps/figures/all_cases/all_cases/lama_synthetic_degradation_synthetic_degradation_p043_dirt_dust_severe_lama_difference_maps.png,2509084
outputs/16_lama_difference_maps/figures/all_cases/all_cases/lama_synthetic_degradation_synthetic_degradation_p043_partial_transparency_mild_lama_difference_maps.png,2410958
outputs/16_lama_difference_maps/figures/all_cases/all_cases/lama_synthetic_degradation_synthetic_degradation_p043_partial_transparency_moderate_lama_difference_maps.png,3049422
outputs/16_lama_difference_maps/figures/all_cases/all_cases/lama_synthetic_degradation_synthetic_degradation_p043_partial_transparency_severe_lama_difference_maps.png,3510515
outputs/16_lama_difference_maps/figures/all_cases/all_cases/lama_synthetic_degradation_synthetic_degradation_p043_water_stain_dirt_moderate_lama_difference_maps.png,2491422
outputs/16_lama_difference_maps/figures/all_cases/all_cases/lama_synthetic_degradation_synthetic_degradation_p043_water_stain_mild_lama_difference_maps.png,2387358
outputs/16_lama_difference_maps/figures/all_cases/all_cases/lama_synthetic_degradation_synthetic_degradation_p043_water_stain_moderate_lama_difference_maps.png,2476604
outputs/16_lama_difference_maps/figures/all_cases/all_cases/lama_synthetic_degradation_synthetic_degradation_p043_water_stain_severe_lama_difference_maps.png,2675626
outputs/16_lama_difference_maps/figures/selected_cases/dataset_median_masked_mse_improvement/lama_canonical_canonical_p007_loss_large_lama_difference_maps.png,1987635
outputs/16_lama_difference_maps/figures/selected_cases/dataset_median_masked_mse_improvement/lama_canonical_canonical_p012_scratch_thin_lama_difference_maps.png,2141334
outputs/16_lama_difference_maps/figures/selected_cases/dataset_median_masked_mse_improvement/lama_damage_size_damage_size_p018_loss_large_size_08pct_lama_difference_maps.png,1697109
outputs/16_lama_difference_maps/figures/selected_cases/dataset_median_masked_mse_improvement/lama_damage_size_damage_size_p018_loss_large_size_10pct_lama_difference_maps.png,1721259
outputs/16_lama_difference_maps/figures/selected_cases/dataset_median_masked_mse_improvement/lama_mask_robustness_mask_robustness_p026_scratch_thin_variant_05_lama_difference_maps.png,2304299
outputs/16_lama_difference_maps/figures/selected_cases/dataset_median_masked_mse_improvement/lama_mask_robustness_mask_robustness_p043_loss_large_variant_04_lama_difference_maps.png,2516137
outputs/16_lama_difference_maps/figures/selected_cases/dataset_median_masked_mse_improvement/lama_synthetic_degradation_synthetic_degradation_p001_water_stain_severe_lama_difference_maps.png,2349791
outputs/16_lama_difference_maps/figures/selected_cases/dataset_median_masked_mse_improvement/lama_synthetic_degradation_synthetic_degradation_p026_water_stain_dirt_moderate_lama_difference_maps.png,2346888
outputs/16_lama_difference_maps/figures/selected_cases/largest_boundary_degradation/lama_synthetic_degradation_synthetic_degradation_p018_dirt_dust_moderate_lama_difference_maps.png,1664660
outputs/16_lama_difference_maps/figures/selected_cases/largest_boundary_degradation/lama_synthetic_degradation_synthetic_degradation_p026_dirt_dust_mild_lama_difference_maps.png,2180878
outputs/16_lama_difference_maps/figures/selected_cases/largest_boundary_degradation/lama_synthetic_degradation_synthetic_degradation_p026_dirt_dust_moderate_lama_difference_maps.png,2233621
outputs/16_lama_difference_maps/figures/selected_cases/largest_boundary_degradation/lama_synthetic_degradation_synthetic_degradation_p039_dirt_dust_moderate_lama_difference_maps.png,2192817
outputs/16_lama_difference_maps/figures/selected_cases/largest_boundary_degradation/lama_synthetic_degradation_synthetic_degradation_p039_dirt_dust_severe_lama_difference_maps.png,2342491
outputs/16_lama_difference_maps/figures/selected_cases/largest_boundary_improvement/lama_canonical_canonical_p001_loss_small_lama_difference_maps.png,2147818
outputs/16_lama_difference_maps/figures/selected_cases/largest_boundary_improvement/lama_damage_size_damage_size_p001_loss_large_size_10pct_lama_difference_maps.png,2214131
outputs/16_lama_difference_maps/figures/selected_cases/largest_boundary_improvement/lama_mask_robustness_mask_robustness_p001_loss_large_variant_01_lama_difference_maps.png,2259371
outputs/16_lama_difference_maps/figures/selected_cases/largest_boundary_improvement/lama_mask_robustness_mask_robustness_p001_loss_small_variant_05_lama_difference_maps.png,2158926
outputs/16_lama_difference_maps/figures/selected_cases/largest_boundary_improvement/lama_mask_robustness_mask_robustness_p001_scratch_thin_variant_01_lama_difference_maps.png,2077615
outputs/16_lama_difference_maps/figures/selected_cases/notebook_15_diagnostic_handoff/lama_canonical_canonical_p006_loss_small_lama_difference_maps.png,1454632
outputs/16_lama_difference_maps/figures/selected_cases/notebook_15_diagnostic_handoff/lama_canonical_canonical_p009_loss_large_lama_difference_maps.png,2847936
outputs/16_lama_difference_maps/figures/selected_cases/notebook_15_diagnostic_handoff/lama_canonical_canonical_p023_loss_small_lama_difference_maps.png,2136332
outputs/16_lama_difference_maps/figures/selected_cases/notebook_15_diagnostic_handoff/lama_damage_size_damage_size_p001_loss_large_size_08pct_lama_difference_maps.png,2182042
outputs/16_lama_difference_maps/figures/selected_cases/notebook_15_diagnostic_handoff/lama_damage_size_damage_size_p018_loss_large_size_02pct_lama_difference_maps.png,1604315
outputs/16_lama_difference_maps/figures/selected_cases/notebook_15_diagnostic_handoff/lama_damage_size_damage_size_p026_loss_large_size_02pct_lama_difference_maps.png,2181124
outputs/16_lama_difference_maps/figures/selected_cases/notebook_15_diagnostic_handoff/lama_mask_robustness_mask_robustness_p001_scratch_thin_variant_01_lama_difference_maps.png,2075904
outputs/16_lama_difference_maps/figures/selected_cases/notebook_15_diagnostic_handoff/lama_mask_robustness_mask_robustness_p039_loss_large_variant_03_lama_difference_maps.png,2305223
outputs/16_lama_difference_maps/figures/selected_cases/notebook_15_diagnostic_handoff/lama_mask_robustness_mask_robustness_p039_scratch_thin_variant_03_lama_difference_maps.png,2271108
outputs/16_lama_difference_maps/figures/selected_cases/notebook_15_diagnostic_handoff/lama_synthetic_degradation_synthetic_degradation_p001_dirt_dust_mild_lama_difference_maps.png,2058050
outputs/16_lama_difference_maps/figures/selected_cases/notebook_15_diagnostic_handoff/lama_synthetic_degradation_synthetic_degradation_p026_water_stain_moderate_lama_difference_maps.png,2309669
outputs/16_lama_difference_maps/figures/selected_cases/notebook_15_diagnostic_handoff/lama_synthetic_degradation_synthetic_degradation_p043_partial_transparency_moderate_lama_difference_maps.png,3065636
outputs/16_lama_difference_maps/figures/selected_cases/strongest_masked_mse_improvement/lama_canonical_canonical_p001_loss_small_lama_difference_maps.png,2148828
outputs/16_lama_difference_maps/figures/selected_cases/strongest_masked_mse_improvement/lama_canonical_canonical_p006_scratch_thin_lama_difference_maps.png,1576972
outputs/16_lama_difference_maps/figures/selected_cases/strongest_masked_mse_improvement/lama_mask_robustness_mask_robustness_p001_loss_small_variant_03_lama_difference_maps.png,2162136
outputs/16_lama_difference_maps/figures/selected_cases/strongest_masked_mse_improvement/lama_mask_robustness_mask_robustness_p001_scratch_thin_variant_01_lama_difference_maps.png,2078074
outputs/16_lama_difference_maps/figures/selected_cases/strongest_masked_mse_improvement/lama_mask_robustness_mask_robustness_p001_scratch_thin_variant_04_lama_difference_maps.png,2272774
outputs/16_lama_difference_maps/figures/selected_cases/weakest_masked_mse_improvement/lama_synthetic_degradation_synthetic_degradation_p001_partial_transparency_severe_lama_difference_maps.png,3529179
outputs/16_lama_difference_maps/figures/selected_cases/weakest_masked_mse_improvement/lama_synthetic_degradation_synthetic_degradation_p026_partial_transparency_severe_lama_difference_maps.png,3160965
outputs/16_lama_difference_maps/figures/selected_cases/weakest_masked_mse_improvement/lama_synthetic_degradation_synthetic_degradation_p039_partial_transparency_moderate_lama_difference_maps.png,2786507
outputs/16_lama_difference_maps/figures/selected_cases/weakest_masked_mse_improvement/lama_synthetic_degradation_synthetic_degradation_p039_partial_transparency_severe_lama_difference_maps.png,3104277
outputs/16_lama_difference_maps/figures/selected_cases/weakest_masked_mse_improvement/lama_synthetic_degradation_synthetic_degradation_p043_partial_transparency_severe_lama_difference_maps.png,3529169
outputs/16_lama_difference_maps/lama_difference_map_manifest_all.csv,599615
outputs/16_lama_difference_maps/lama_difference_map_manifest_selected.csv,78370
outputs/16_lama_difference_maps/lama_difference_map_validation.csv,1157
outputs/19_lama_report_generation/figures/plots_lama/dataset_mask_mean_similarity_heatmap_lama.png,61582
outputs/19_lama_report_generation/figures/plots_lama/lpips_improvement_by_mask_type_lama.png,52497
outputs/19_lama_report_generation/figures/plots_lama/mask_area_vs_metric_improvement_lama.png,111499
outputs/19_lama_report_generation/figures/plots_lama/metric_correlation_heatmap_lama.png,157022
outputs/19_lama_report_generation/figures/plots_lama/metric_median_iqr_overview_lama.png,59386
outputs/19_lama_report_generation/figures/plots_lama/positive_improvement_rate_by_mask_lama.png,116743
outputs/19_lama_report_generation/figures/plots_lama/selected_case_metric_profile_lama.png,159090
outputs/19_lama_report_generation/figures/report_diagnostics_lama/lama_report_figure_manifest.csv,11685
outputs/19_lama_report_generation/figures/report_diagnostics_lama/lama_report_selected_case_panel_manifest.csv,15948
outputs/19_lama_report_generation/figures/selected_case_panels_lama/canonical_p001_loss_large_selected_case_panel_lama.png,134142
outputs/19_lama_report_generation/figures/selected_case_panels_lama/canonical_p001_mixed_damage_selected_case_panel_lama.png,175683
outputs/19_lama_report_generation/figures/selected_case_panels_lama/canonical_p001_scratch_thin_selected_case_panel_lama.png,170704
outputs/19_lama_report_generation/figures/selected_case_panels_lama/canonical_p006_scratch_thin_selected_case_panel_lama.png,135252
outputs/19_lama_report_generation/figures/selected_case_panels_lama/canonical_p011_loss_large_selected_case_panel_lama.png,119245
outputs/19_lama_report_generation/figures/selected_case_panels_lama/canonical_p013_mixed_damage_selected_case_panel_lama.png,166209
outputs/19_lama_report_generation/figures/selected_case_panels_lama/canonical_p014_mixed_damage_selected_case_panel_lama.png,130276
outputs/19_lama_report_generation/figures/selected_case_panels_lama/canonical_p027_loss_large_selected_case_panel_lama.png,150364
outputs/19_lama_report_generation/figures/selected_case_panels_lama/canonical_p032_loss_large_selected_case_panel_lama.png,128383
outputs/19_lama_report_generation/figures/selected_case_panels_lama/canonical_p044_mixed_damage_selected_case_panel_lama.png,176183
outputs/19_lama_report_generation/figures/selected_case_panels_lama/canonical_p050_mixed_damage_selected_case_panel_lama.png,192416
outputs/19_lama_report_generation/figures/selected_case_panels_lama/damage_size_p001_loss_large_size_02pct_selected_case_panel_lama.png,118483
outputs/19_lama_report_generation/figures/selected_case_panels_lama/damage_size_p018_loss_large_size_02pct_selected_case_panel_lama.png,102781
outputs/19_lama_report_generation/figures/selected_case_panels_lama/damage_size_p026_loss_large_size_02pct_selected_case_panel_lama.png,118880
outputs/19_lama_report_generation/figures/selected_case_panels_lama/mask_robustness_p001_loss_large_variant_03_selected_case_panel_lama.png,134799
outputs/19_lama_report_generation/figures/selected_case_panels_lama/mask_robustness_p001_loss_large_variant_05_selected_case_panel_lama.png,134705
outputs/19_lama_report_generation/figures/selected_case_panels_lama/synthetic_degradation_p001_partial_transparency_severe_selected_case_panel_lama.png,221377
outputs/19_lama_report_generation/figures/selected_case_panels_lama/synthetic_degradation_p043_partial_transparency_severe_selected_case_panel_lama.png,241841
outputs/19_lama_report_generation/manifests/19_lama_report_generation_artifact_index.csv,2984
outputs/19_lama_report_generation/manifests/19_lama_report_generation_manifest.json,17175
outputs/19_lama_report_generation/metrics/lama_report_dataframe.csv,1468035
outputs/19_lama_report_generation/metrics/lama_report_findings.csv,749
outputs/19_lama_report_generation/metrics/lama_report_handoff_manifest.json,9125
outputs/19_lama_report_generation/metrics/lama_report_metric_correlations.csv,681
outputs/19_lama_report_generation/metrics/lama_report_metric_overview.csv,1173
outputs/19_lama_report_generation/metrics/lama_report_selected_case_table.csv,8128
outputs/19_lama_report_generation/metrics/lama_report_selected_cases.csv,81682
outputs/19_lama_report_generation/metrics/lama_report_status_cards.csv,223
outputs/19_lama_report_generation/metrics/lama_report_summaries.csv,4428
outputs/19_lama_report_generation/reports/lama_restoration_evaluation_report.html,49476
outputs/19_lama_report_generation/validation/lama_report_generation_batch1_validation.csv,2432
outputs/19_lama_report_generation/validation/lama_report_generation_batch2_validation.csv,2985
outputs/19_lama_report_generation/validation/lama_report_generation_batch3_validation.csv,1084
outputs/19_lama_report_generation/validation/lama_report_generation_batch4_validation.csv,1011
outputs/19_lama_report_generation/validation/lama_report_generation_batch5_validation.csv,593
outputs/19_lama_report_generation/validation/lama_report_generation_batch_status.csv,650
outputs/19_lama_report_generation/validation/lama_report_generation_table_shapes.csv,1060
outputs/19_lama_report_generation/validation/lama_report_generation_validation.csv,1250
outputs/20_opencv_lama_comparison_inventory_rebuild_v2/batch0_inventory/batch0_inventory_snapshot.csv,1679042
outputs/20_opencv_lama_comparison_inventory_rebuild_v2/batch0_inventory/batch0_inventory_source_plan.csv,4572
outputs/20_opencv_lama_comparison_inventory_rebuild_v2/batch0_inventory/batch0_validation.csv,730
outputs/20_opencv_lama_comparison_inventory_rebuild_v2/batch1_sources/batch1_source_schema_validation.csv,3865
outputs/20_opencv_lama_comparison_inventory_rebuild_v2/batch1_sources/batch1_source_table_shapes.csv,35856
outputs/20_opencv_lama_comparison_inventory_rebuild_v2/batch2_pairing/batch2_metric_long.csv,12880214
outputs/20_opencv_lama_comparison_inventory_rebuild_v2/batch2_pairing/batch2_opencv_lama_metric_pairs.csv,10989787
outputs/20_opencv_lama_comparison_inventory_rebuild_v2/batch2_pairing/batch2_opencv_lama_restoration_pairs.csv,278673
outputs/20_opencv_lama_comparison_inventory_rebuild_v2/batch2_pairing/batch2_pairing_audit.csv,26622
outputs/20_opencv_lama_comparison_inventory_rebuild_v2/batch2_pairing/batch2_validation.csv,671
outputs/20_opencv_lama_comparison_inventory_rebuild_v2/batch3_unified_cases/batch3_unified_paired_cases.csv,890955
outputs/20_opencv_lama_comparison_inventory_rebuild_v2/batch3_unified_cases/batch3_validation.csv,4147
outputs/20_opencv_lama_comparison_inventory_rebuild_v2/batch4_compact_summaries/batch4_compact_group_summaries.csv,20786
outputs/20_opencv_lama_comparison_inventory_rebuild_v2/batch4_compact_summaries/batch4_deterministic_failure_patterns.csv,48511
outputs/20_opencv_lama_comparison_inventory_rebuild_v2/batch4_compact_summaries/batch4_runtime_summary.csv,2574
outputs/20_opencv_lama_comparison_inventory_rebuild_v2/batch4_compact_summaries/batch4_validation.csv,917
outputs/20_opencv_lama_comparison_inventory_rebuild_v2/batch5_visual_report/figures/plots/batch5_vote_margin_by_category.png,53898
outputs/20_opencv_lama_comparison_inventory_rebuild_v2/batch5_visual_report/figures/plots/batch5_vote_margin_by_damage_family.png,48788
outputs/20_opencv_lama_comparison_inventory_rebuild_v2/batch5_visual_report/figures/plots/batch5_vote_margin_by_majority_winner.png,42398
outputs/20_opencv_lama_comparison_inventory_rebuild_v2/batch5_visual_report/figures/plots/batch5_vote_margin_by_mask_type.png,48654
outputs/20_opencv_lama_comparison_inventory_rebuild_v2/batch5_visual_report/figures/plots/batch5_vote_margin_by_style_or_period.png,101859
outputs/20_opencv_lama_comparison_inventory_rebuild_v2/batch5_visual_report/figures/selected_case_panels/batch5_panel_01_canonical_p005_loss_large.png,104571
outputs/20_opencv_lama_comparison_inventory_rebuild_v2/batch5_visual_report/figures/selected_case_panels/batch5_panel_02_canonical_p007_loss_large.png,91797
outputs/20_opencv_lama_comparison_inventory_rebuild_v2/batch5_visual_report/figures/selected_case_panels/batch5_panel_03_canonical_p010_loss_large.png,133681
outputs/20_opencv_lama_comparison_inventory_rebuild_v2/batch5_visual_report/figures/selected_case_panels/batch5_panel_04_canonical_p012_loss_large.png,94443
outputs/20_opencv_lama_comparison_inventory_rebuild_v2/batch5_visual_report/figures/selected_case_panels/batch5_panel_05_canonical_p020_mixed_damage.png,113233
outputs/20_opencv_lama_comparison_inventory_rebuild_v2/batch5_visual_report/figures/selected_case_panels/batch5_panel_06_canonical_p037_scratch_thin.png,112278
outputs/20_opencv_lama_comparison_inventory_rebuild_v2/batch5_visual_report/figures/selected_case_panels/batch5_panel_07_canonical_p041_loss_large.png,117683
outputs/20_opencv_lama_comparison_inventory_rebuild_v2/batch5_visual_report/figures/selected_case_panels/batch5_panel_08_canonical_p050_loss_large.png,104164
outputs/20_opencv_lama_comparison_inventory_rebuild_v2/batch5_visual_report/figures/selected_case_panels/batch5_panel_09_mask_robustness_p026_loss_large_variant_01.png,98920
outputs/20_opencv_lama_comparison_inventory_rebuild_v2/batch5_visual_report/figures/selected_case_panels/batch5_panel_10_mask_robustness_p026_loss_large_variant_05.png,99495
outputs/20_opencv_lama_comparison_inventory_rebuild_v2/batch5_visual_report/figures/selected_case_panels/batch5_panel_11_canonical_p048_loss_large.png,111834
outputs/20_opencv_lama_comparison_inventory_rebuild_v2/batch5_visual_report/figures/selected_case_panels/batch5_panel_12_canonical_p004_loss_large.png,106690
outputs/20_opencv_lama_comparison_inventory_rebuild_v2/batch5_visual_report/figures/selected_case_panels/batch5_panel_13_canonical_p040_loss_small.png,113947
outputs/20_opencv_lama_comparison_inventory_rebuild_v2/batch5_visual_report/figures/selected_case_panels/batch5_panel_14_canonical_p049_scratch_thin.png,105265
outputs/20_opencv_lama_comparison_inventory_rebuild_v2/batch5_visual_report/figures/selected_case_panels/batch5_panel_15_mask_robustness_p001_scratch_thin_variant_02.png,106429
outputs/20_opencv_lama_comparison_inventory_rebuild_v2/batch5_visual_report/figures/selected_case_panels/batch5_panel_16_canonical_p039_loss_large.png,103673
outputs/20_opencv_lama_comparison_inventory_rebuild_v2/batch5_visual_report/figures/selected_case_panels/batch5_panel_17_mask_robustness_p001_scratch_thin_variant_04.png,119916
outputs/20_opencv_lama_comparison_inventory_rebuild_v2/batch5_visual_report/figures/selected_case_panels/batch5_panel_18_canonical_p002_loss_large.png,60587
outputs/20_opencv_lama_comparison_inventory_rebuild_v2/batch5_visual_report/figures/selected_case_panels/batch5_panel_19_canonical_p010_mixed_damage.png,160355
outputs/20_opencv_lama_comparison_inventory_rebuild_v2/batch5_visual_report/figures/selected_case_panels/batch5_panel_20_canonical_p010_scratch_thin.png,153812
outputs/20_opencv_lama_comparison_inventory_rebuild_v2/batch5_visual_report/figures/selected_case_panels/batch5_panel_21_canonical_p018_loss_small.png,75227
outputs/20_opencv_lama_comparison_inventory_rebuild_v2/batch5_visual_report/figures/selected_case_panels/batch5_panel_22_canonical_p018_mixed_damage.png,127398
outputs/20_opencv_lama_comparison_inventory_rebuild_v2/batch5_visual_report/figures/selected_case_panels/batch5_panel_23_canonical_p020_scratch_thin.png,106007
outputs/20_opencv_lama_comparison_inventory_rebuild_v2/batch5_visual_report/figures/selected_case_panels/batch5_panel_24_canonical_p021_loss_small.png,106913
outputs/20_opencv_lama_comparison_inventory_rebuild_v2/batch5_visual_report/reports/opencv_lama_batch5_comparison_report.html,3931346
outputs/20_opencv_lama_comparison_inventory_rebuild_v2/batch5_visual_report/tables/opencv_lama_batch5_figure_manifest.csv,13090
outputs/20_opencv_lama_comparison_inventory_rebuild_v2/batch5_visual_report/tables/opencv_lama_batch5_image_path_audit.csv,406715
outputs/20_opencv_lama_comparison_inventory_rebuild_v2/batch5_visual_report/tables/opencv_lama_batch5_selected_visual_cases.csv,101549
outputs/20_opencv_lama_comparison_inventory_rebuild_v2/batch5_visual_report/validation/opencv_lama_comparison_batch5_validation.csv,997
outputs/20_opencv_lama_comparison_inventory_rebuild_v2/batch6_final_handoff/manifests/opencv_lama_batch6_handoff_manifest.json,3424
outputs/20_opencv_lama_comparison_inventory_rebuild_v2/batch6_final_handoff/tables/opencv_lama_batch6_artifact_index.csv,14614
outputs/20_opencv_lama_comparison_inventory_rebuild_v2/batch6_final_handoff/validation/opencv_lama_batch6_final_validation.csv,1005
outputs/20_opencv_lama_comparison_inventory_rebuild_v2/stage_manifest.json,7378
outputs/figures/17_lama_lpips_metrics/lpips_diagnostics_lama/damaged_vs_restored_lpips_scatter_lama.png,226440
outputs/figures/17_lama_lpips_metrics/lpips_diagnostics_lama/lpips_diagnostic_figure_manifest_lama.csv,2731
outputs/figures/17_lama_lpips_metrics/lpips_diagnostics_lama/lpips_improvement_distribution_by_region_lama.png,36187
outputs/figures/17_lama_lpips_metrics/lpips_diagnostics_lama/mask_area_vs_lpips_improvement_lama.png,112718
outputs/figures/17_lama_lpips_metrics/lpips_diagnostics_lama/median_lpips_improvement_by_dataset_region_lama.png,70058
outputs/figures/17_lama_lpips_metrics/lpips_diagnostics_lama/strongest_weakest_mask_bbox_lpips_improvements_lama.png,539657
outputs/figures/17_lama_lpips_metrics/lpips_diagnostics_lama/zero_control_lpips_sanity_lama.png,41725
outputs/figures/18_lama_feature_similarity/feature_similarity_diagnostics_lama/feature_damaged_vs_restored_similarity_lama.png,167763
outputs/figures/18_lama_feature_similarity/feature_similarity_diagnostics_lama/feature_dataset_region_heatmap_lama.png,85995
outputs/figures/18_lama_feature_similarity/feature_similarity_diagnostics_lama/feature_improvement_distribution_by_region_lama.png,50510
outputs/figures/18_lama_feature_similarity/feature_similarity_diagnostics_lama/feature_mask_area_sensitivity_lama.png,105387
outputs/figures/18_lama_feature_similarity/feature_similarity_diagnostics_lama/feature_mask_crop_ranking_diagnostic_lama.png,124866
outputs/figures/18_lama_feature_similarity/feature_similarity_diagnostics_lama/feature_region_mean_improvement_lama.png,63452
outputs/figures/18_lama_feature_similarity/feature_similarity_diagnostics_lama/feature_similarity_diagnostic_figure_manifest_lama.csv,4780
outputs/figures/18_lama_feature_similarity/feature_similarity_diagnostics_lama/feature_zero_control_comparison_lama.png,63721
outputs/figures/damage_creation/changed_pixels_by_mask_type.png,125067
outputs/figures/damage_creation/damage_percentage_by_mask_type.png,127769
outputs/figures/damage_creation/damaged_file_size_by_mask_type.png,134130
outputs/figures/damage_creation/one_painting_damage_generation_test.png,9032485
outputs/figures/damage_creation/representative_damage_examples.png,8830699
outputs/figures/damage_size_sensitivity/absolute_percentage_error_by_target.png,86898
outputs/figures/damage_size_sensitivity/one_painting_damage_size_progression.png,4099873
outputs/figures/damage_size_sensitivity/painting_p001_damage_size_progression.png,2085771
outputs/figures/damage_size_sensitivity/painting_p018_damage_size_progression.png,1666088
outputs/figures/damage_size_sensitivity/painting_p026_damage_size_progression.png,2307503
outputs/figures/damage_size_sensitivity/painting_p039_damage_size_progression.png,2265149
outputs/figures/damage_size_sensitivity/painting_p043_damage_size_progression.png,2452926
outputs/figures/damage_size_sensitivity/target_vs_realised_damage_percentage.png,131801
outputs/figures/lama/lama_figure_manifest.csv,7066
outputs/figures/lama/lama_panel_01_canonical_canonical_p001_zero_control.png,438583
outputs/figures/lama/lama_panel_02_canonical_canonical_p031_loss_large.png,737717
outputs/figures/lama/lama_panel_03_canonical_canonical_p036_loss_large.png,259915
outputs/figures/lama/lama_panel_04_damage_size_damage_size_p001_loss_large_size_20pct.png,528639
outputs/figures/lama/lama_panel_05_damage_size_damage_size_p043_loss_large_size_20pct.png,596900
outputs/figures/lama/lama_panel_06_damage_size_damage_size_p039_loss_large_size_20pct.png,553847
outputs/figures/lama/lama_panel_07_mask_robustness_mask_robustness_p001_loss_large_variant_02.png,516223
outputs/figures/lama/lama_panel_08_mask_robustness_mask_robustness_p001_loss_large_variant_01.png,502481
outputs/figures/lama/lama_panel_09_mask_robustness_mask_robustness_p001_loss_large_variant_04.png,506758
outputs/figures/lama/lama_panel_10_synthetic_degradation_synthetic_degradation_p026_water_stain_moderate.png,562792
outputs/figures/lama/lama_panel_11_synthetic_degradation_synthetic_degradation_p001_partial_transparency_severe.png,1022477
outputs/figures/lama/lama_panel_12_synthetic_degradation_synthetic_degradation_p043_partial_transparency_severe.png,1023194
outputs/figures/mask_robustness/p001__loss_small__example_variant_grid.png,2665346
outputs/figures/mask_robustness/variant_grids/p001__loss_large__variant_grid.png,2576603
outputs/figures/mask_robustness/variant_grids/p001__loss_small__variant_grid.png,2678692
outputs/figures/mask_robustness/variant_grids/p001__scratch_thin__variant_grid.png,2814351
outputs/figures/mask_robustness/variant_grids/p018__loss_large__variant_grid.png,2074992
outputs/figures/mask_robustness/variant_grids/p018__loss_small__variant_grid.png,2158198
outputs/figures/mask_robustness/variant_grids/p018__scratch_thin__variant_grid.png,2311594
outputs/figures/mask_robustness/variant_grids/p026__loss_large__variant_grid.png,2879936
outputs/figures/mask_robustness/variant_grids/p026__loss_small__variant_grid.png,3000267
outputs/figures/mask_robustness/variant_grids/p026__scratch_thin__variant_grid.png,3107401
outputs/figures/mask_robustness/variant_grids/p039__loss_large__variant_grid.png,2841552
outputs/figures/mask_robustness/variant_grids/p039__loss_small__variant_grid.png,2956326
outputs/figures/mask_robustness/variant_grids/p039__scratch_thin__variant_grid.png,3058944
outputs/figures/mask_robustness/variant_grids/p043__loss_large__variant_grid.png,3176973
outputs/figures/mask_robustness/variant_grids/p043__loss_small__variant_grid.png,3312087
outputs/figures/mask_robustness/variant_grids/p043__scratch_thin__variant_grid.png,3485225
outputs/figures/masks/mask_area_percentage_distribution.png,130783
outputs/figures/masks/mask_bbox_fill_ratio_distribution.png,132903
outputs/figures/masks/mask_border_touch_percentage.png,140278
outputs/figures/masks/mask_connected_component_distribution.png,121601
outputs/figures/masks/mask_generation_attempt_distribution.png,195205
outputs/figures/masks/mask_largest_component_fraction_distribution.png,124438
outputs/figures/masks/representative_mask_overlays.png,5341181
outputs/figures/opencv_difference_maps/all_cases/canonical/opencv_telea_canonical_canonical_p001_loss_large_difference_maps.png,2222425
outputs/figures/opencv_difference_maps/all_cases/canonical/opencv_telea_canonical_canonical_p001_loss_small_difference_maps.png,2132233
outputs/figures/opencv_difference_maps/all_cases/canonical/opencv_telea_canonical_canonical_p001_mixed_damage_difference_maps.png,2380865
outputs/figures/opencv_difference_maps/all_cases/canonical/opencv_telea_canonical_canonical_p001_scratch_thin_difference_maps.png,2288275
outputs/figures/opencv_difference_maps/all_cases/canonical/opencv_telea_canonical_canonical_p001_zero_control_difference_maps.png,2010252
outputs/figures/opencv_difference_maps/all_cases/canonical/opencv_telea_canonical_canonical_p002_loss_large_difference_maps.png,1169653
outputs/figures/opencv_difference_maps/all_cases/canonical/opencv_telea_canonical_canonical_p002_loss_small_difference_maps.png,1156898
outputs/figures/opencv_difference_maps/all_cases/canonical/opencv_telea_canonical_canonical_p002_mixed_damage_difference_maps.png,1352118
outputs/figures/opencv_difference_maps/all_cases/canonical/opencv_telea_canonical_canonical_p002_scratch_thin_difference_maps.png,1257194
outputs/figures/opencv_difference_maps/all_cases/canonical/opencv_telea_canonical_canonical_p002_zero_control_difference_maps.png,1042100
outputs/figures/opencv_difference_maps/all_cases/canonical/opencv_telea_canonical_canonical_p003_loss_large_difference_maps.png,2100730
outputs/figures/opencv_difference_maps/all_cases/canonical/opencv_telea_canonical_canonical_p003_loss_small_difference_maps.png,2016460
outputs/figures/opencv_difference_maps/all_cases/canonical/opencv_telea_canonical_canonical_p003_mixed_damage_difference_maps.png,2163600
outputs/figures/opencv_difference_maps/all_cases/canonical/opencv_telea_canonical_canonical_p003_scratch_thin_difference_maps.png,2030671
outputs/figures/opencv_difference_maps/all_cases/canonical/opencv_telea_canonical_canonical_p003_zero_control_difference_maps.png,1869803
outputs/figures/opencv_difference_maps/all_cases/canonical/opencv_telea_canonical_canonical_p004_loss_large_difference_maps.png,2273463
outputs/figures/opencv_difference_maps/all_cases/canonical/opencv_telea_canonical_canonical_p004_loss_small_difference_maps.png,2199919
outputs/figures/opencv_difference_maps/all_cases/canonical/opencv_telea_canonical_canonical_p004_mixed_damage_difference_maps.png,2443772
outputs/figures/opencv_difference_maps/all_cases/canonical/opencv_telea_canonical_canonical_p004_scratch_thin_difference_maps.png,2242992
outputs/figures/opencv_difference_maps/all_cases/canonical/opencv_telea_canonical_canonical_p004_zero_control_difference_maps.png,2063060
outputs/figures/opencv_difference_maps/all_cases/canonical/opencv_telea_canonical_canonical_p005_loss_large_difference_maps.png,2338370
outputs/figures/opencv_difference_maps/all_cases/canonical/opencv_telea_canonical_canonical_p005_loss_small_difference_maps.png,2226168
outputs/figures/opencv_difference_maps/all_cases/canonical/opencv_telea_canonical_canonical_p005_mixed_damage_difference_maps.png,2409638
outputs/figures/opencv_difference_maps/all_cases/canonical/opencv_telea_canonical_canonical_p005_scratch_thin_difference_maps.png,2318252
outputs/figures/opencv_difference_maps/all_cases/canonical/opencv_telea_canonical_canonical_p005_zero_control_difference_maps.png,2119944
outputs/figures/opencv_difference_maps/all_cases/canonical/opencv_telea_canonical_canonical_p006_loss_large_difference_maps.png,1510522
outputs/figures/opencv_difference_maps/all_cases/canonical/opencv_telea_canonical_canonical_p006_loss_small_difference_maps.png,1447841
outputs/figures/opencv_difference_maps/all_cases/canonical/opencv_telea_canonical_canonical_p006_mixed_damage_difference_maps.png,1718976
outputs/figures/opencv_difference_maps/all_cases/canonical/opencv_telea_canonical_canonical_p006_scratch_thin_difference_maps.png,1558551
outputs/figures/opencv_difference_maps/all_cases/canonical/opencv_telea_canonical_canonical_p006_zero_control_difference_maps.png,1339729
outputs/figures/opencv_difference_maps/all_cases/canonical/opencv_telea_canonical_canonical_p007_loss_large_difference_maps.png,1959403
outputs/figures/opencv_difference_maps/all_cases/canonical/opencv_telea_canonical_canonical_p007_loss_small_difference_maps.png,1907561
outputs/figures/opencv_difference_maps/all_cases/canonical/opencv_telea_canonical_canonical_p007_mixed_damage_difference_maps.png,2065082
outputs/figures/opencv_difference_maps/all_cases/canonical/opencv_telea_canonical_canonical_p007_scratch_thin_difference_maps.png,2029988
outputs/figures/opencv_difference_maps/all_cases/canonical/opencv_telea_canonical_canonical_p007_zero_control_difference_maps.png,1791824
outputs/figures/opencv_difference_maps/all_cases/canonical/opencv_telea_canonical_canonical_p008_loss_large_difference_maps.png,1658008
outputs/figures/opencv_difference_maps/all_cases/canonical/opencv_telea_canonical_canonical_p008_loss_small_difference_maps.png,1643762
outputs/figures/opencv_difference_maps/all_cases/canonical/opencv_telea_canonical_canonical_p008_mixed_damage_difference_maps.png,1774072
outputs/figures/opencv_difference_maps/all_cases/canonical/opencv_telea_canonical_canonical_p008_scratch_thin_difference_maps.png,1734354
outputs/figures/opencv_difference_maps/all_cases/canonical/opencv_telea_canonical_canonical_p008_zero_control_difference_maps.png,1494879
outputs/figures/opencv_difference_maps/all_cases/canonical/opencv_telea_canonical_canonical_p009_loss_large_difference_maps.png,2805331
outputs/figures/opencv_difference_maps/all_cases/canonical/opencv_telea_canonical_canonical_p009_loss_small_difference_maps.png,2703511
outputs/figures/opencv_difference_maps/all_cases/canonical/opencv_telea_canonical_canonical_p009_mixed_damage_difference_maps.png,2883236
outputs/figures/opencv_difference_maps/all_cases/canonical/opencv_telea_canonical_canonical_p009_scratch_thin_difference_maps.png,2816769
outputs/figures/opencv_difference_maps/all_cases/canonical/opencv_telea_canonical_canonical_p009_zero_control_difference_maps.png,2603141
outputs/figures/opencv_difference_maps/all_cases/canonical/opencv_telea_canonical_canonical_p010_loss_large_difference_maps.png,2946527
outputs/figures/opencv_difference_maps/all_cases/canonical/opencv_telea_canonical_canonical_p010_loss_small_difference_maps.png,2796089
outputs/figures/opencv_difference_maps/all_cases/canonical/opencv_telea_canonical_canonical_p010_mixed_damage_difference_maps.png,3051132
outputs/figures/opencv_difference_maps/all_cases/canonical/opencv_telea_canonical_canonical_p010_scratch_thin_difference_maps.png,2951187
outputs/figures/opencv_difference_maps/all_cases/canonical/opencv_telea_canonical_canonical_p010_zero_control_difference_maps.png,2654621
outputs/figures/opencv_difference_maps/all_cases/canonical/opencv_telea_canonical_canonical_p011_loss_large_difference_maps.png,1887286
outputs/figures/opencv_difference_maps/all_cases/canonical/opencv_telea_canonical_canonical_p011_loss_small_difference_maps.png,1853440
outputs/figures/opencv_difference_maps/all_cases/canonical/opencv_telea_canonical_canonical_p011_mixed_damage_difference_maps.png,2014100
outputs/figures/opencv_difference_maps/all_cases/canonical/opencv_telea_canonical_canonical_p011_scratch_thin_difference_maps.png,1880299
outputs/figures/opencv_difference_maps/all_cases/canonical/opencv_telea_canonical_canonical_p011_zero_control_difference_maps.png,1741225
outputs/figures/opencv_difference_maps/all_cases/canonical/opencv_telea_canonical_canonical_p012_loss_large_difference_maps.png,2099307
outputs/figures/opencv_difference_maps/all_cases/canonical/opencv_telea_canonical_canonical_p012_loss_small_difference_maps.png,2061616
outputs/figures/opencv_difference_maps/all_cases/canonical/opencv_telea_canonical_canonical_p012_mixed_damage_difference_maps.png,2254077
outputs/figures/opencv_difference_maps/all_cases/canonical/opencv_telea_canonical_canonical_p012_scratch_thin_difference_maps.png,2132257
outputs/figures/opencv_difference_maps/all_cases/canonical/opencv_telea_canonical_canonical_p012_zero_control_difference_maps.png,1925393
outputs/figures/opencv_difference_maps/all_cases/canonical/opencv_telea_canonical_canonical_p013_loss_large_difference_maps.png,2192598
outputs/figures/opencv_difference_maps/all_cases/canonical/opencv_telea_canonical_canonical_p013_loss_small_difference_maps.png,2141903
outputs/figures/opencv_difference_maps/all_cases/canonical/opencv_telea_canonical_canonical_p013_mixed_damage_difference_maps.png,2291665
outputs/figures/opencv_difference_maps/all_cases/canonical/opencv_telea_canonical_canonical_p013_scratch_thin_difference_maps.png,2218630
outputs/figures/opencv_difference_maps/all_cases/canonical/opencv_telea_canonical_canonical_p013_zero_control_difference_maps.png,2021771
outputs/figures/opencv_difference_maps/all_cases/canonical/opencv_telea_canonical_canonical_p014_loss_large_difference_maps.png,1605102
outputs/figures/opencv_difference_maps/all_cases/canonical/opencv_telea_canonical_canonical_p014_loss_small_difference_maps.png,1555062
outputs/figures/opencv_difference_maps/all_cases/canonical/opencv_telea_canonical_canonical_p014_mixed_damage_difference_maps.png,1720929
outputs/figures/opencv_difference_maps/all_cases/canonical/opencv_telea_canonical_canonical_p014_scratch_thin_difference_maps.png,1669042
outputs/figures/opencv_difference_maps/all_cases/canonical/opencv_telea_canonical_canonical_p014_zero_control_difference_maps.png,1453564
outputs/figures/opencv_difference_maps/all_cases/canonical/opencv_telea_canonical_canonical_p015_loss_large_difference_maps.png,2439806
outputs/figures/opencv_difference_maps/all_cases/canonical/opencv_telea_canonical_canonical_p015_loss_small_difference_maps.png,2371644
outputs/figures/opencv_difference_maps/all_cases/canonical/opencv_telea_canonical_canonical_p015_mixed_damage_difference_maps.png,2526095
outputs/figures/opencv_difference_maps/all_cases/canonical/opencv_telea_canonical_canonical_p015_scratch_thin_difference_maps.png,2388255
outputs/figures/opencv_difference_maps/all_cases/canonical/opencv_telea_canonical_canonical_p015_zero_control_difference_maps.png,2229034
outputs/figures/opencv_difference_maps/all_cases/canonical/opencv_telea_canonical_canonical_p016_loss_large_difference_maps.png,2368609
outputs/figures/opencv_difference_maps/all_cases/canonical/opencv_telea_canonical_canonical_p016_loss_small_difference_maps.png,2275995
outputs/figures/opencv_difference_maps/all_cases/canonical/opencv_telea_canonical_canonical_p016_mixed_damage_difference_maps.png,2519812
outputs/figures/opencv_difference_maps/all_cases/canonical/opencv_telea_canonical_canonical_p016_scratch_thin_difference_maps.png,2397334
outputs/figures/opencv_difference_maps/all_cases/canonical/opencv_telea_canonical_canonical_p016_zero_control_difference_maps.png,2200709
outputs/figures/opencv_difference_maps/all_cases/canonical/opencv_telea_canonical_canonical_p017_loss_large_difference_maps.png,2640236
outputs/figures/opencv_difference_maps/all_cases/canonical/opencv_telea_canonical_canonical_p017_loss_small_difference_maps.png,2578000
outputs/figures/opencv_difference_maps/all_cases/canonical/opencv_telea_canonical_canonical_p017_mixed_damage_difference_maps.png,2760769
outputs/figures/opencv_difference_maps/all_cases/canonical/opencv_telea_canonical_canonical_p017_scratch_thin_difference_maps.png,2711995
outputs/figures/opencv_difference_maps/all_cases/canonical/opencv_telea_canonical_canonical_p017_zero_control_difference_maps.png,2452226
outputs/figures/opencv_difference_maps/all_cases/canonical/opencv_telea_canonical_canonical_p018_loss_large_difference_maps.png,1715620
outputs/figures/opencv_difference_maps/all_cases/canonical/opencv_telea_canonical_canonical_p018_loss_small_difference_maps.png,1647103
outputs/figures/opencv_difference_maps/all_cases/canonical/opencv_telea_canonical_canonical_p018_mixed_damage_difference_maps.png,1971815
outputs/figures/opencv_difference_maps/all_cases/canonical/opencv_telea_canonical_canonical_p018_scratch_thin_difference_maps.png,1708477
outputs/figures/opencv_difference_maps/all_cases/canonical/opencv_telea_canonical_canonical_p018_zero_control_difference_maps.png,1561095
outputs/figures/opencv_difference_maps/all_cases/canonical/opencv_telea_canonical_canonical_p019_loss_large_difference_maps.png,2638470
outputs/figures/opencv_difference_maps/all_cases/canonical/opencv_telea_canonical_canonical_p019_loss_small_difference_maps.png,2467450
outputs/figures/opencv_difference_maps/all_cases/canonical/opencv_telea_canonical_canonical_p019_mixed_damage_difference_maps.png,2723881
outputs/figures/opencv_difference_maps/all_cases/canonical/opencv_telea_canonical_canonical_p019_scratch_thin_difference_maps.png,2493701
outputs/figures/opencv_difference_maps/all_cases/canonical/opencv_telea_canonical_canonical_p019_zero_control_difference_maps.png,2362335
outputs/figures/opencv_difference_maps/all_cases/canonical/opencv_telea_canonical_canonical_p020_loss_large_difference_maps.png,1918763
outputs/figures/opencv_difference_maps/all_cases/canonical/opencv_telea_canonical_canonical_p020_loss_small_difference_maps.png,1788187
outputs/figures/opencv_difference_maps/all_cases/canonical/opencv_telea_canonical_canonical_p020_mixed_damage_difference_maps.png,1971765
outputs/figures/opencv_difference_maps/all_cases/canonical/opencv_telea_canonical_canonical_p020_scratch_thin_difference_maps.png,1880543
outputs/figures/opencv_difference_maps/all_cases/canonical/opencv_telea_canonical_canonical_p020_zero_control_difference_maps.png,1711397
outputs/figures/opencv_difference_maps/all_cases/canonical/opencv_telea_canonical_canonical_p021_loss_large_difference_maps.png,2570675
outputs/figures/opencv_difference_maps/all_cases/canonical/opencv_telea_canonical_canonical_p021_loss_small_difference_maps.png,2507820
outputs/figures/opencv_difference_maps/all_cases/canonical/opencv_telea_canonical_canonical_p021_mixed_damage_difference_maps.png,2775281
outputs/figures/opencv_difference_maps/all_cases/canonical/opencv_telea_canonical_canonical_p021_scratch_thin_difference_maps.png,2592284
outputs/figures/opencv_difference_maps/all_cases/canonical/opencv_telea_canonical_canonical_p021_zero_control_difference_maps.png,2375959
outputs/figures/opencv_difference_maps/all_cases/canonical/opencv_telea_canonical_canonical_p022_loss_large_difference_maps.png,2286166
outputs/figures/opencv_difference_maps/all_cases/canonical/opencv_telea_canonical_canonical_p022_loss_small_difference_maps.png,2244631
outputs/figures/opencv_difference_maps/all_cases/canonical/opencv_telea_canonical_canonical_p022_mixed_damage_difference_maps.png,2514124
outputs/figures/opencv_difference_maps/all_cases/canonical/opencv_telea_canonical_canonical_p022_scratch_thin_difference_maps.png,2282144
outputs/figures/opencv_difference_maps/all_cases/canonical/opencv_telea_canonical_canonical_p022_zero_control_difference_maps.png,2096806
outputs/figures/opencv_difference_maps/all_cases/canonical/opencv_telea_canonical_canonical_p023_loss_large_difference_maps.png,2169209
outputs/figures/opencv_difference_maps/all_cases/canonical/opencv_telea_canonical_canonical_p023_loss_small_difference_maps.png,2123055
outputs/figures/opencv_difference_maps/all_cases/canonical/opencv_telea_canonical_canonical_p023_mixed_damage_difference_maps.png,2282609
outputs/figures/opencv_difference_maps/all_cases/canonical/opencv_telea_canonical_canonical_p023_scratch_thin_difference_maps.png,2161635
outputs/figures/opencv_difference_maps/all_cases/canonical/opencv_telea_canonical_canonical_p023_zero_control_difference_maps.png,2013404
outputs/figures/opencv_difference_maps/all_cases/canonical/opencv_telea_canonical_canonical_p024_loss_large_difference_maps.png,2225487
outputs/figures/opencv_difference_maps/all_cases/canonical/opencv_telea_canonical_canonical_p024_loss_small_difference_maps.png,2166608
outputs/figures/opencv_difference_maps/all_cases/canonical/opencv_telea_canonical_canonical_p024_mixed_damage_difference_maps.png,2321152
outputs/figures/opencv_difference_maps/all_cases/canonical/opencv_telea_canonical_canonical_p024_scratch_thin_difference_maps.png,2173577
outputs/figures/opencv_difference_maps/all_cases/canonical/opencv_telea_canonical_canonical_p024_zero_control_difference_maps.png,2019722
outputs/figures/opencv_difference_maps/all_cases/canonical/opencv_telea_canonical_canonical_p025_loss_large_difference_maps.png,2351542
outputs/figures/opencv_difference_maps/all_cases/canonical/opencv_telea_canonical_canonical_p025_loss_small_difference_maps.png,2262525
outputs/figures/opencv_difference_maps/all_cases/canonical/opencv_telea_canonical_canonical_p025_mixed_damage_difference_maps.png,2509714
outputs/figures/opencv_difference_maps/all_cases/canonical/opencv_telea_canonical_canonical_p025_scratch_thin_difference_maps.png,2451963
outputs/figures/opencv_difference_maps/all_cases/canonical/opencv_telea_canonical_canonical_p025_zero_control_difference_maps.png,2165805
outputs/figures/opencv_difference_maps/all_cases/canonical/opencv_telea_canonical_canonical_p026_loss_large_difference_maps.png,2307643
outputs/figures/opencv_difference_maps/all_cases/canonical/opencv_telea_canonical_canonical_p026_loss_small_difference_maps.png,2226557
outputs/figures/opencv_difference_maps/all_cases/canonical/opencv_telea_canonical_canonical_p026_mixed_damage_difference_maps.png,2394436
outputs/figures/opencv_difference_maps/all_cases/canonical/opencv_telea_canonical_canonical_p026_scratch_thin_difference_maps.png,2319291
outputs/figures/opencv_difference_maps/all_cases/canonical/opencv_telea_canonical_canonical_p026_zero_control_difference_maps.png,2137425
outputs/figures/opencv_difference_maps/all_cases/canonical/opencv_telea_canonical_canonical_p027_loss_large_difference_maps.png,2504677
outputs/figures/opencv_difference_maps/all_cases/canonical/opencv_telea_canonical_canonical_p027_loss_small_difference_maps.png,2459203
outputs/figures/opencv_difference_maps/all_cases/canonical/opencv_telea_canonical_canonical_p027_mixed_damage_difference_maps.png,2664856
outputs/figures/opencv_difference_maps/all_cases/canonical/opencv_telea_canonical_canonical_p027_scratch_thin_difference_maps.png,2514117
outputs/figures/opencv_difference_maps/all_cases/canonical/opencv_telea_canonical_canonical_p027_zero_control_difference_maps.png,2310800
outputs/figures/opencv_difference_maps/all_cases/canonical/opencv_telea_canonical_canonical_p028_loss_large_difference_maps.png,1933204
outputs/figures/opencv_difference_maps/all_cases/canonical/opencv_telea_canonical_canonical_p028_loss_small_difference_maps.png,1901550
outputs/figures/opencv_difference_maps/all_cases/canonical/opencv_telea_canonical_canonical_p028_mixed_damage_difference_maps.png,2123122
outputs/figures/opencv_difference_maps/all_cases/canonical/opencv_telea_canonical_canonical_p028_scratch_thin_difference_maps.png,1966855
outputs/figures/opencv_difference_maps/all_cases/canonical/opencv_telea_canonical_canonical_p028_zero_control_difference_maps.png,1806141
outputs/figures/opencv_difference_maps/all_cases/canonical/opencv_telea_canonical_canonical_p029_loss_large_difference_maps.png,2124543
outputs/figures/opencv_difference_maps/all_cases/canonical/opencv_telea_canonical_canonical_p029_loss_small_difference_maps.png,2057597
outputs/figures/opencv_difference_maps/all_cases/canonical/opencv_telea_canonical_canonical_p029_mixed_damage_difference_maps.png,2351031
outputs/figures/opencv_difference_maps/all_cases/canonical/opencv_telea_canonical_canonical_p029_scratch_thin_difference_maps.png,2143364
outputs/figures/opencv_difference_maps/all_cases/canonical/opencv_telea_canonical_canonical_p029_zero_control_difference_maps.png,1966603
outputs/figures/opencv_difference_maps/all_cases/canonical/opencv_telea_canonical_canonical_p030_loss_large_difference_maps.png,1841793
outputs/figures/opencv_difference_maps/all_cases/canonical/opencv_telea_canonical_canonical_p030_loss_small_difference_maps.png,1775735
outputs/figures/opencv_difference_maps/all_cases/canonical/opencv_telea_canonical_canonical_p030_mixed_damage_difference_maps.png,1963956
outputs/figures/opencv_difference_maps/all_cases/canonical/opencv_telea_canonical_canonical_p030_scratch_thin_difference_maps.png,1875755
outputs/figures/opencv_difference_maps/all_cases/canonical/opencv_telea_canonical_canonical_p030_zero_control_difference_maps.png,1687524
outputs/figures/opencv_difference_maps/all_cases/canonical/opencv_telea_canonical_canonical_p031_loss_large_difference_maps.png,3130421
outputs/figures/opencv_difference_maps/all_cases/canonical/opencv_telea_canonical_canonical_p031_loss_small_difference_maps.png,2936044
outputs/figures/opencv_difference_maps/all_cases/canonical/opencv_telea_canonical_canonical_p031_mixed_damage_difference_maps.png,3179812
outputs/figures/opencv_difference_maps/all_cases/canonical/opencv_telea_canonical_canonical_p031_scratch_thin_difference_maps.png,3051387
outputs/figures/opencv_difference_maps/all_cases/canonical/opencv_telea_canonical_canonical_p031_zero_control_difference_maps.png,2819600
outputs/figures/opencv_difference_maps/all_cases/canonical/opencv_telea_canonical_canonical_p032_loss_large_difference_maps.png,2157962
outputs/figures/opencv_difference_maps/all_cases/canonical/opencv_telea_canonical_canonical_p032_loss_small_difference_maps.png,2019702
outputs/figures/opencv_difference_maps/all_cases/canonical/opencv_telea_canonical_canonical_p032_mixed_damage_difference_maps.png,2280740
outputs/figures/opencv_difference_maps/all_cases/canonical/opencv_telea_canonical_canonical_p032_scratch_thin_difference_maps.png,2046768
outputs/figures/opencv_difference_maps/all_cases/canonical/opencv_telea_canonical_canonical_p032_zero_control_difference_maps.png,1902256
outputs/figures/opencv_difference_maps/all_cases/canonical/opencv_telea_canonical_canonical_p033_loss_large_difference_maps.png,3411593
outputs/figures/opencv_difference_maps/all_cases/canonical/opencv_telea_canonical_canonical_p033_loss_small_difference_maps.png,3285722
outputs/figures/opencv_difference_maps/all_cases/canonical/opencv_telea_canonical_canonical_p033_mixed_damage_difference_maps.png,3556587
outputs/figures/opencv_difference_maps/all_cases/canonical/opencv_telea_canonical_canonical_p033_scratch_thin_difference_maps.png,3433579
outputs/figures/opencv_difference_maps/all_cases/canonical/opencv_telea_canonical_canonical_p033_zero_control_difference_maps.png,3128466
outputs/figures/opencv_difference_maps/all_cases/canonical/opencv_telea_canonical_canonical_p034_loss_large_difference_maps.png,2961636
outputs/figures/opencv_difference_maps/all_cases/canonical/opencv_telea_canonical_canonical_p034_loss_small_difference_maps.png,2845278
outputs/figures/opencv_difference_maps/all_cases/canonical/opencv_telea_canonical_canonical_p034_mixed_damage_difference_maps.png,3111844
outputs/figures/opencv_difference_maps/all_cases/canonical/opencv_telea_canonical_canonical_p034_scratch_thin_difference_maps.png,2865152
outputs/figures/opencv_difference_maps/all_cases/canonical/opencv_telea_canonical_canonical_p034_zero_control_difference_maps.png,2739363
outputs/figures/opencv_difference_maps/all_cases/canonical/opencv_telea_canonical_canonical_p035_loss_large_difference_maps.png,2362357
outputs/figures/opencv_difference_maps/all_cases/canonical/opencv_telea_canonical_canonical_p035_loss_small_difference_maps.png,2222347
outputs/figures/opencv_difference_maps/all_cases/canonical/opencv_telea_canonical_canonical_p035_mixed_damage_difference_maps.png,2500704
outputs/figures/opencv_difference_maps/all_cases/canonical/opencv_telea_canonical_canonical_p035_scratch_thin_difference_maps.png,2330676
outputs/figures/opencv_difference_maps/all_cases/canonical/opencv_telea_canonical_canonical_p035_zero_control_difference_maps.png,2130370
outputs/figures/opencv_difference_maps/all_cases/canonical/opencv_telea_canonical_canonical_p036_loss_large_difference_maps.png,1112126
outputs/figures/opencv_difference_maps/all_cases/canonical/opencv_telea_canonical_canonical_p036_loss_small_difference_maps.png,992139
outputs/figures/opencv_difference_maps/all_cases/canonical/opencv_telea_canonical_canonical_p036_mixed_damage_difference_maps.png,1243674
outputs/figures/opencv_difference_maps/all_cases/canonical/opencv_telea_canonical_canonical_p036_scratch_thin_difference_maps.png,1013475
outputs/figures/opencv_difference_maps/all_cases/canonical/opencv_telea_canonical_canonical_p036_zero_control_difference_maps.png,875073
outputs/figures/opencv_difference_maps/all_cases/canonical/opencv_telea_canonical_canonical_p037_loss_large_difference_maps.png,2139073
outputs/figures/opencv_difference_maps/all_cases/canonical/opencv_telea_canonical_canonical_p037_loss_small_difference_maps.png,2058913
outputs/figures/opencv_difference_maps/all_cases/canonical/opencv_telea_canonical_canonical_p037_mixed_damage_difference_maps.png,2316951
outputs/figures/opencv_difference_maps/all_cases/canonical/opencv_telea_canonical_canonical_p037_scratch_thin_difference_maps.png,2120237
outputs/figures/opencv_difference_maps/all_cases/canonical/opencv_telea_canonical_canonical_p037_zero_control_difference_maps.png,1961425
outputs/figures/opencv_difference_maps/all_cases/canonical/opencv_telea_canonical_canonical_p038_loss_large_difference_maps.png,2374473
outputs/figures/opencv_difference_maps/all_cases/canonical/opencv_telea_canonical_canonical_p038_loss_small_difference_maps.png,2294575
outputs/figures/opencv_difference_maps/all_cases/canonical/opencv_telea_canonical_canonical_p038_mixed_damage_difference_maps.png,2423579
outputs/figures/opencv_difference_maps/all_cases/canonical/opencv_telea_canonical_canonical_p038_scratch_thin_difference_maps.png,2329828
outputs/figures/opencv_difference_maps/all_cases/canonical/opencv_telea_canonical_canonical_p038_zero_control_difference_maps.png,2175409
outputs/figures/opencv_difference_maps/all_cases/canonical/opencv_telea_canonical_canonical_p039_loss_large_difference_maps.png,2216980
outputs/figures/opencv_difference_maps/all_cases/canonical/opencv_telea_canonical_canonical_p039_loss_small_difference_maps.png,2151926
outputs/figures/opencv_difference_maps/all_cases/canonical/opencv_telea_canonical_canonical_p039_mixed_damage_difference_maps.png,2404039
outputs/figures/opencv_difference_maps/all_cases/canonical/opencv_telea_canonical_canonical_p039_scratch_thin_difference_maps.png,2297624
outputs/figures/opencv_difference_maps/all_cases/canonical/opencv_telea_canonical_canonical_p039_zero_control_difference_maps.png,2073910
outputs/figures/opencv_difference_maps/all_cases/canonical/opencv_telea_canonical_canonical_p040_loss_large_difference_maps.png,2605896
outputs/figures/opencv_difference_maps/all_cases/canonical/opencv_telea_canonical_canonical_p040_loss_small_difference_maps.png,2508186
outputs/figures/opencv_difference_maps/all_cases/canonical/opencv_telea_canonical_canonical_p040_mixed_damage_difference_maps.png,2664083
outputs/figures/opencv_difference_maps/all_cases/canonical/opencv_telea_canonical_canonical_p040_scratch_thin_difference_maps.png,2621683
outputs/figures/opencv_difference_maps/all_cases/canonical/opencv_telea_canonical_canonical_p040_zero_control_difference_maps.png,2398894
outputs/figures/opencv_difference_maps/all_cases/canonical/opencv_telea_canonical_canonical_p041_loss_large_difference_maps.png,2850234
outputs/figures/opencv_difference_maps/all_cases/canonical/opencv_telea_canonical_canonical_p041_loss_small_difference_maps.png,2783168
outputs/figures/opencv_difference_maps/all_cases/canonical/opencv_telea_canonical_canonical_p041_mixed_damage_difference_maps.png,3039332
outputs/figures/opencv_difference_maps/all_cases/canonical/opencv_telea_canonical_canonical_p041_scratch_thin_difference_maps.png,2934794
outputs/figures/opencv_difference_maps/all_cases/canonical/opencv_telea_canonical_canonical_p041_zero_control_difference_maps.png,2652294
outputs/figures/opencv_difference_maps/all_cases/canonical/opencv_telea_canonical_canonical_p042_loss_large_difference_maps.png,1840704
outputs/figures/opencv_difference_maps/all_cases/canonical/opencv_telea_canonical_canonical_p042_loss_small_difference_maps.png,1784536
outputs/figures/opencv_difference_maps/all_cases/canonical/opencv_telea_canonical_canonical_p042_mixed_damage_difference_maps.png,1957641
outputs/figures/opencv_difference_maps/all_cases/canonical/opencv_telea_canonical_canonical_p042_scratch_thin_difference_maps.png,1872583
outputs/figures/opencv_difference_maps/all_cases/canonical/opencv_telea_canonical_canonical_p042_zero_control_difference_maps.png,1713149
outputs/figures/opencv_difference_maps/all_cases/canonical/opencv_telea_canonical_canonical_p043_loss_large_difference_maps.png,2436250
outputs/figures/opencv_difference_maps/all_cases/canonical/opencv_telea_canonical_canonical_p043_loss_small_difference_maps.png,2331761
outputs/figures/opencv_difference_maps/all_cases/canonical/opencv_telea_canonical_canonical_p043_mixed_damage_difference_maps.png,2678085
outputs/figures/opencv_difference_maps/all_cases/canonical/opencv_telea_canonical_canonical_p043_scratch_thin_difference_maps.png,2365959
outputs/figures/opencv_difference_maps/all_cases/canonical/opencv_telea_canonical_canonical_p043_zero_control_difference_maps.png,2234310
outputs/figures/opencv_difference_maps/all_cases/canonical/opencv_telea_canonical_canonical_p044_loss_large_difference_maps.png,2323612
outputs/figures/opencv_difference_maps/all_cases/canonical/opencv_telea_canonical_canonical_p044_loss_small_difference_maps.png,2271998
outputs/figures/opencv_difference_maps/all_cases/canonical/opencv_telea_canonical_canonical_p044_mixed_damage_difference_maps.png,2478872
outputs/figures/opencv_difference_maps/all_cases/canonical/opencv_telea_canonical_canonical_p044_scratch_thin_difference_maps.png,2312011
outputs/figures/opencv_difference_maps/all_cases/canonical/opencv_telea_canonical_canonical_p044_zero_control_difference_maps.png,2147556
outputs/figures/opencv_difference_maps/all_cases/canonical/opencv_telea_canonical_canonical_p045_loss_large_difference_maps.png,2692844
outputs/figures/opencv_difference_maps/all_cases/canonical/opencv_telea_canonical_canonical_p045_loss_small_difference_maps.png,2625840
outputs/figures/opencv_difference_maps/all_cases/canonical/opencv_telea_canonical_canonical_p045_mixed_damage_difference_maps.png,2815446
outputs/figures/opencv_difference_maps/all_cases/canonical/opencv_telea_canonical_canonical_p045_scratch_thin_difference_maps.png,2752114
outputs/figures/opencv_difference_maps/all_cases/canonical/opencv_telea_canonical_canonical_p045_zero_control_difference_maps.png,2493186
outputs/figures/opencv_difference_maps/all_cases/canonical/opencv_telea_canonical_canonical_p046_loss_large_difference_maps.png,2174309
outputs/figures/opencv_difference_maps/all_cases/canonical/opencv_telea_canonical_canonical_p046_loss_small_difference_maps.png,2143511
outputs/figures/opencv_difference_maps/all_cases/canonical/opencv_telea_canonical_canonical_p046_mixed_damage_difference_maps.png,2404692
outputs/figures/opencv_difference_maps/all_cases/canonical/opencv_telea_canonical_canonical_p046_scratch_thin_difference_maps.png,2202655
outputs/figures/opencv_difference_maps/all_cases/canonical/opencv_telea_canonical_canonical_p046_zero_control_difference_maps.png,2016313
outputs/figures/opencv_difference_maps/all_cases/canonical/opencv_telea_canonical_canonical_p047_loss_large_difference_maps.png,2496767
outputs/figures/opencv_difference_maps/all_cases/canonical/opencv_telea_canonical_canonical_p047_loss_small_difference_maps.png,2322126
outputs/figures/opencv_difference_maps/all_cases/canonical/opencv_telea_canonical_canonical_p047_mixed_damage_difference_maps.png,2601658
outputs/figures/opencv_difference_maps/all_cases/canonical/opencv_telea_canonical_canonical_p047_scratch_thin_difference_maps.png,2490093
outputs/figures/opencv_difference_maps/all_cases/canonical/opencv_telea_canonical_canonical_p047_zero_control_difference_maps.png,2212161
outputs/figures/opencv_difference_maps/all_cases/canonical/opencv_telea_canonical_canonical_p048_loss_large_difference_maps.png,2461812
outputs/figures/opencv_difference_maps/all_cases/canonical/opencv_telea_canonical_canonical_p048_loss_small_difference_maps.png,2338956
outputs/figures/opencv_difference_maps/all_cases/canonical/opencv_telea_canonical_canonical_p048_mixed_damage_difference_maps.png,2579035
outputs/figures/opencv_difference_maps/all_cases/canonical/opencv_telea_canonical_canonical_p048_scratch_thin_difference_maps.png,2390498
outputs/figures/opencv_difference_maps/all_cases/canonical/opencv_telea_canonical_canonical_p048_zero_control_difference_maps.png,2235416
outputs/figures/opencv_difference_maps/all_cases/canonical/opencv_telea_canonical_canonical_p049_loss_large_difference_maps.png,1820529
outputs/figures/opencv_difference_maps/all_cases/canonical/opencv_telea_canonical_canonical_p049_loss_small_difference_maps.png,1735144
outputs/figures/opencv_difference_maps/all_cases/canonical/opencv_telea_canonical_canonical_p049_mixed_damage_difference_maps.png,2027438
outputs/figures/opencv_difference_maps/all_cases/canonical/opencv_telea_canonical_canonical_p049_scratch_thin_difference_maps.png,1865420
outputs/figures/opencv_difference_maps/all_cases/canonical/opencv_telea_canonical_canonical_p049_zero_control_difference_maps.png,1655200
outputs/figures/opencv_difference_maps/all_cases/canonical/opencv_telea_canonical_canonical_p050_loss_large_difference_maps.png,2370421
outputs/figures/opencv_difference_maps/all_cases/canonical/opencv_telea_canonical_canonical_p050_loss_small_difference_maps.png,2281716
outputs/figures/opencv_difference_maps/all_cases/canonical/opencv_telea_canonical_canonical_p050_mixed_damage_difference_maps.png,2607804
outputs/figures/opencv_difference_maps/all_cases/canonical/opencv_telea_canonical_canonical_p050_scratch_thin_difference_maps.png,2359901
outputs/figures/opencv_difference_maps/all_cases/canonical/opencv_telea_canonical_canonical_p050_zero_control_difference_maps.png,2165635
outputs/figures/opencv_difference_maps/all_cases/damage_size/opencv_telea_damage_size_damage_size_p001_loss_large_size_02pct_difference_maps.png,2065698
outputs/figures/opencv_difference_maps/all_cases/damage_size/opencv_telea_damage_size_damage_size_p001_loss_large_size_04pct_difference_maps.png,2101022
outputs/figures/opencv_difference_maps/all_cases/damage_size/opencv_telea_damage_size_damage_size_p001_loss_large_size_06pct_difference_maps.png,2132730
outputs/figures/opencv_difference_maps/all_cases/damage_size/opencv_telea_damage_size_damage_size_p001_loss_large_size_08pct_difference_maps.png,2162975
outputs/figures/opencv_difference_maps/all_cases/damage_size/opencv_telea_damage_size_damage_size_p001_loss_large_size_10pct_difference_maps.png,2187772
outputs/figures/opencv_difference_maps/all_cases/damage_size/opencv_telea_damage_size_damage_size_p001_loss_large_size_15pct_difference_maps.png,2240395
outputs/figures/opencv_difference_maps/all_cases/damage_size/opencv_telea_damage_size_damage_size_p001_loss_large_size_20pct_difference_maps.png,2288764
outputs/figures/opencv_difference_maps/all_cases/damage_size/opencv_telea_damage_size_damage_size_p018_loss_large_size_02pct_difference_maps.png,1600429
outputs/figures/opencv_difference_maps/all_cases/damage_size/opencv_telea_damage_size_damage_size_p018_loss_large_size_04pct_difference_maps.png,1634048
outputs/figures/opencv_difference_maps/all_cases/damage_size/opencv_telea_damage_size_damage_size_p018_loss_large_size_06pct_difference_maps.png,1660023
outputs/figures/opencv_difference_maps/all_cases/damage_size/opencv_telea_damage_size_damage_size_p018_loss_large_size_08pct_difference_maps.png,1682613
outputs/figures/opencv_difference_maps/all_cases/damage_size/opencv_telea_damage_size_damage_size_p018_loss_large_size_10pct_difference_maps.png,1706779
outputs/figures/opencv_difference_maps/all_cases/damage_size/opencv_telea_damage_size_damage_size_p018_loss_large_size_15pct_difference_maps.png,1758715
outputs/figures/opencv_difference_maps/all_cases/damage_size/opencv_telea_damage_size_damage_size_p018_loss_large_size_20pct_difference_maps.png,1815609
outputs/figures/opencv_difference_maps/all_cases/damage_size/opencv_telea_damage_size_damage_size_p026_loss_large_size_02pct_difference_maps.png,2177149
outputs/figures/opencv_difference_maps/all_cases/damage_size/opencv_telea_damage_size_damage_size_p026_loss_large_size_04pct_difference_maps.png,2201793
outputs/figures/opencv_difference_maps/all_cases/damage_size/opencv_telea_damage_size_damage_size_p026_loss_large_size_06pct_difference_maps.png,2222507
outputs/figures/opencv_difference_maps/all_cases/damage_size/opencv_telea_damage_size_damage_size_p026_loss_large_size_08pct_difference_maps.png,2245733
outputs/figures/opencv_difference_maps/all_cases/damage_size/opencv_telea_damage_size_damage_size_p026_loss_large_size_10pct_difference_maps.png,2271725
outputs/figures/opencv_difference_maps/all_cases/damage_size/opencv_telea_damage_size_damage_size_p026_loss_large_size_15pct_difference_maps.png,2326140
outputs/figures/opencv_difference_maps/all_cases/damage_size/opencv_telea_damage_size_damage_size_p026_loss_large_size_20pct_difference_maps.png,2369631
outputs/figures/opencv_difference_maps/all_cases/damage_size/opencv_telea_damage_size_damage_size_p039_loss_large_size_02pct_difference_maps.png,2110608
outputs/figures/opencv_difference_maps/all_cases/damage_size/opencv_telea_damage_size_damage_size_p039_loss_large_size_04pct_difference_maps.png,2134495
outputs/figures/opencv_difference_maps/all_cases/damage_size/opencv_telea_damage_size_damage_size_p039_loss_large_size_06pct_difference_maps.png,2162160
outputs/figures/opencv_difference_maps/all_cases/damage_size/opencv_telea_damage_size_damage_size_p039_loss_large_size_08pct_difference_maps.png,2184568
outputs/figures/opencv_difference_maps/all_cases/damage_size/opencv_telea_damage_size_damage_size_p039_loss_large_size_10pct_difference_maps.png,2206203
outputs/figures/opencv_difference_maps/all_cases/damage_size/opencv_telea_damage_size_damage_size_p039_loss_large_size_15pct_difference_maps.png,2266389
outputs/figures/opencv_difference_maps/all_cases/damage_size/opencv_telea_damage_size_damage_size_p039_loss_large_size_20pct_difference_maps.png,2344324
outputs/figures/opencv_difference_maps/all_cases/damage_size/opencv_telea_damage_size_damage_size_p043_loss_large_size_02pct_difference_maps.png,2283328
outputs/figures/opencv_difference_maps/all_cases/damage_size/opencv_telea_damage_size_damage_size_p043_loss_large_size_04pct_difference_maps.png,2315174
outputs/figures/opencv_difference_maps/all_cases/damage_size/opencv_telea_damage_size_damage_size_p043_loss_large_size_06pct_difference_maps.png,2346610
outputs/figures/opencv_difference_maps/all_cases/damage_size/opencv_telea_damage_size_damage_size_p043_loss_large_size_08pct_difference_maps.png,2376864
outputs/figures/opencv_difference_maps/all_cases/damage_size/opencv_telea_damage_size_damage_size_p043_loss_large_size_10pct_difference_maps.png,2395962
outputs/figures/opencv_difference_maps/all_cases/damage_size/opencv_telea_damage_size_damage_size_p043_loss_large_size_15pct_difference_maps.png,2450676
outputs/figures/opencv_difference_maps/all_cases/damage_size/opencv_telea_damage_size_damage_size_p043_loss_large_size_20pct_difference_maps.png,2506630
outputs/figures/opencv_difference_maps/all_cases/mask_robustness/opencv_telea_mask_robustness_mask_robustness_p001_loss_large_variant_01_difference_maps.png,2219993
outputs/figures/opencv_difference_maps/all_cases/mask_robustness/opencv_telea_mask_robustness_mask_robustness_p001_loss_large_variant_02_difference_maps.png,2253014
outputs/figures/opencv_difference_maps/all_cases/mask_robustness/opencv_telea_mask_robustness_mask_robustness_p001_loss_large_variant_03_difference_maps.png,2222992
outputs/figures/opencv_difference_maps/all_cases/mask_robustness/opencv_telea_mask_robustness_mask_robustness_p001_loss_large_variant_04_difference_maps.png,2239280
outputs/figures/opencv_difference_maps/all_cases/mask_robustness/opencv_telea_mask_robustness_mask_robustness_p001_loss_large_variant_05_difference_maps.png,2216069
outputs/figures/opencv_difference_maps/all_cases/mask_robustness/opencv_telea_mask_robustness_mask_robustness_p001_loss_small_variant_01_difference_maps.png,2123954
outputs/figures/opencv_difference_maps/all_cases/mask_robustness/opencv_telea_mask_robustness_mask_robustness_p001_loss_small_variant_02_difference_maps.png,2152409
outputs/figures/opencv_difference_maps/all_cases/mask_robustness/opencv_telea_mask_robustness_mask_robustness_p001_loss_small_variant_03_difference_maps.png,2147236
outputs/figures/opencv_difference_maps/all_cases/mask_robustness/opencv_telea_mask_robustness_mask_robustness_p001_loss_small_variant_04_difference_maps.png,2159896
outputs/figures/opencv_difference_maps/all_cases/mask_robustness/opencv_telea_mask_robustness_mask_robustness_p001_loss_small_variant_05_difference_maps.png,2144715
outputs/figures/opencv_difference_maps/all_cases/mask_robustness/opencv_telea_mask_robustness_mask_robustness_p001_scratch_thin_variant_01_difference_maps.png,2071143
outputs/figures/opencv_difference_maps/all_cases/mask_robustness/opencv_telea_mask_robustness_mask_robustness_p001_scratch_thin_variant_02_difference_maps.png,2191250
outputs/figures/opencv_difference_maps/all_cases/mask_robustness/opencv_telea_mask_robustness_mask_robustness_p001_scratch_thin_variant_03_difference_maps.png,2167613
outputs/figures/opencv_difference_maps/all_cases/mask_robustness/opencv_telea_mask_robustness_mask_robustness_p001_scratch_thin_variant_04_difference_maps.png,2258083
outputs/figures/opencv_difference_maps/all_cases/mask_robustness/opencv_telea_mask_robustness_mask_robustness_p001_scratch_thin_variant_05_difference_maps.png,2256032
outputs/figures/opencv_difference_maps/all_cases/mask_robustness/opencv_telea_mask_robustness_mask_robustness_p018_loss_large_variant_01_difference_maps.png,1762010
outputs/figures/opencv_difference_maps/all_cases/mask_robustness/opencv_telea_mask_robustness_mask_robustness_p018_loss_large_variant_02_difference_maps.png,1754265
outputs/figures/opencv_difference_maps/all_cases/mask_robustness/opencv_telea_mask_robustness_mask_robustness_p018_loss_large_variant_03_difference_maps.png,1736933
outputs/figures/opencv_difference_maps/all_cases/mask_robustness/opencv_telea_mask_robustness_mask_robustness_p018_loss_large_variant_04_difference_maps.png,1754089
outputs/figures/opencv_difference_maps/all_cases/mask_robustness/opencv_telea_mask_robustness_mask_robustness_p018_loss_large_variant_05_difference_maps.png,1754807
outputs/figures/opencv_difference_maps/all_cases/mask_robustness/opencv_telea_mask_robustness_mask_robustness_p018_loss_small_variant_01_difference_maps.png,1675183
outputs/figures/opencv_difference_maps/all_cases/mask_robustness/opencv_telea_mask_robustness_mask_robustness_p018_loss_small_variant_02_difference_maps.png,1675169
outputs/figures/opencv_difference_maps/all_cases/mask_robustness/opencv_telea_mask_robustness_mask_robustness_p018_loss_small_variant_03_difference_maps.png,1683304
outputs/figures/opencv_difference_maps/all_cases/mask_robustness/opencv_telea_mask_robustness_mask_robustness_p018_loss_small_variant_04_difference_maps.png,1680960
outputs/figures/opencv_difference_maps/all_cases/mask_robustness/opencv_telea_mask_robustness_mask_robustness_p018_loss_small_variant_05_difference_maps.png,1687471
outputs/figures/opencv_difference_maps/all_cases/mask_robustness/opencv_telea_mask_robustness_mask_robustness_p018_scratch_thin_variant_01_difference_maps.png,1701394
outputs/figures/opencv_difference_maps/all_cases/mask_robustness/opencv_telea_mask_robustness_mask_robustness_p018_scratch_thin_variant_02_difference_maps.png,1778911
outputs/figures/opencv_difference_maps/all_cases/mask_robustness/opencv_telea_mask_robustness_mask_robustness_p018_scratch_thin_variant_03_difference_maps.png,1715593
outputs/figures/opencv_difference_maps/all_cases/mask_robustness/opencv_telea_mask_robustness_mask_robustness_p018_scratch_thin_variant_04_difference_maps.png,1762485
outputs/figures/opencv_difference_maps/all_cases/mask_robustness/opencv_telea_mask_robustness_mask_robustness_p018_scratch_thin_variant_05_difference_maps.png,1761959
outputs/figures/opencv_difference_maps/all_cases/mask_robustness/opencv_telea_mask_robustness_mask_robustness_p026_loss_large_variant_01_difference_maps.png,2333470
outputs/figures/opencv_difference_maps/all_cases/mask_robustness/opencv_telea_mask_robustness_mask_robustness_p026_loss_large_variant_02_difference_maps.png,2337614
outputs/figures/opencv_difference_maps/all_cases/mask_robustness/opencv_telea_mask_robustness_mask_robustness_p026_loss_large_variant_03_difference_maps.png,2358641
outputs/figures/opencv_difference_maps/all_cases/mask_robustness/opencv_telea_mask_robustness_mask_robustness_p026_loss_large_variant_04_difference_maps.png,2351069
outputs/figures/opencv_difference_maps/all_cases/mask_robustness/opencv_telea_mask_robustness_mask_robustness_p026_loss_large_variant_05_difference_maps.png,2336052
outputs/figures/opencv_difference_maps/all_cases/mask_robustness/opencv_telea_mask_robustness_mask_robustness_p026_loss_small_variant_01_difference_maps.png,2254391
outputs/figures/opencv_difference_maps/all_cases/mask_robustness/opencv_telea_mask_robustness_mask_robustness_p026_loss_small_variant_02_difference_maps.png,2243146
outputs/figures/opencv_difference_maps/all_cases/mask_robustness/opencv_telea_mask_robustness_mask_robustness_p026_loss_small_variant_03_difference_maps.png,2265183
outputs/figures/opencv_difference_maps/all_cases/mask_robustness/opencv_telea_mask_robustness_mask_robustness_p026_loss_small_variant_04_difference_maps.png,2262876
outputs/figures/opencv_difference_maps/all_cases/mask_robustness/opencv_telea_mask_robustness_mask_robustness_p026_loss_small_variant_05_difference_maps.png,2241714
outputs/figures/opencv_difference_maps/all_cases/mask_robustness/opencv_telea_mask_robustness_mask_robustness_p026_scratch_thin_variant_01_difference_maps.png,2325103
outputs/figures/opencv_difference_maps/all_cases/mask_robustness/opencv_telea_mask_robustness_mask_robustness_p026_scratch_thin_variant_02_difference_maps.png,2318896
outputs/figures/opencv_difference_maps/all_cases/mask_robustness/opencv_telea_mask_robustness_mask_robustness_p026_scratch_thin_variant_03_difference_maps.png,2164840
outputs/figures/opencv_difference_maps/all_cases/mask_robustness/opencv_telea_mask_robustness_mask_robustness_p026_scratch_thin_variant_04_difference_maps.png,2286756
outputs/figures/opencv_difference_maps/all_cases/mask_robustness/opencv_telea_mask_robustness_mask_robustness_p026_scratch_thin_variant_05_difference_maps.png,2290016
outputs/figures/opencv_difference_maps/all_cases/mask_robustness/opencv_telea_mask_robustness_mask_robustness_p039_loss_large_variant_01_difference_maps.png,2243626
outputs/figures/opencv_difference_maps/all_cases/mask_robustness/opencv_telea_mask_robustness_mask_robustness_p039_loss_large_variant_02_difference_maps.png,2282163
outputs/figures/opencv_difference_maps/all_cases/mask_robustness/opencv_telea_mask_robustness_mask_robustness_p039_loss_large_variant_03_difference_maps.png,2252511
outputs/figures/opencv_difference_maps/all_cases/mask_robustness/opencv_telea_mask_robustness_mask_robustness_p039_loss_large_variant_04_difference_maps.png,2262464
outputs/figures/opencv_difference_maps/all_cases/mask_robustness/opencv_telea_mask_robustness_mask_robustness_p039_loss_large_variant_05_difference_maps.png,2248124
outputs/figures/opencv_difference_maps/all_cases/mask_robustness/opencv_telea_mask_robustness_mask_robustness_p039_loss_small_variant_01_difference_maps.png,2194161
outputs/figures/opencv_difference_maps/all_cases/mask_robustness/opencv_telea_mask_robustness_mask_robustness_p039_loss_small_variant_02_difference_maps.png,2188024
outputs/figures/opencv_difference_maps/all_cases/mask_robustness/opencv_telea_mask_robustness_mask_robustness_p039_loss_small_variant_03_difference_maps.png,2159347
outputs/figures/opencv_difference_maps/all_cases/mask_robustness/opencv_telea_mask_robustness_mask_robustness_p039_loss_small_variant_04_difference_maps.png,2153185
outputs/figures/opencv_difference_maps/all_cases/mask_robustness/opencv_telea_mask_robustness_mask_robustness_p039_loss_small_variant_05_difference_maps.png,2200578
outputs/figures/opencv_difference_maps/all_cases/mask_robustness/opencv_telea_mask_robustness_mask_robustness_p039_scratch_thin_variant_01_difference_maps.png,2241411
outputs/figures/opencv_difference_maps/all_cases/mask_robustness/opencv_telea_mask_robustness_mask_robustness_p039_scratch_thin_variant_02_difference_maps.png,2142262
outputs/figures/opencv_difference_maps/all_cases/mask_robustness/opencv_telea_mask_robustness_mask_robustness_p039_scratch_thin_variant_03_difference_maps.png,2259622
outputs/figures/opencv_difference_maps/all_cases/mask_robustness/opencv_telea_mask_robustness_mask_robustness_p039_scratch_thin_variant_04_difference_maps.png,2122299
outputs/figures/opencv_difference_maps/all_cases/mask_robustness/opencv_telea_mask_robustness_mask_robustness_p039_scratch_thin_variant_05_difference_maps.png,2243692
outputs/figures/opencv_difference_maps/all_cases/mask_robustness/opencv_telea_mask_robustness_mask_robustness_p043_loss_large_variant_01_difference_maps.png,2447677
outputs/figures/opencv_difference_maps/all_cases/mask_robustness/opencv_telea_mask_robustness_mask_robustness_p043_loss_large_variant_02_difference_maps.png,2486432
outputs/figures/opencv_difference_maps/all_cases/mask_robustness/opencv_telea_mask_robustness_mask_robustness_p043_loss_large_variant_03_difference_maps.png,2456639
outputs/figures/opencv_difference_maps/all_cases/mask_robustness/opencv_telea_mask_robustness_mask_robustness_p043_loss_large_variant_04_difference_maps.png,2468591
outputs/figures/opencv_difference_maps/all_cases/mask_robustness/opencv_telea_mask_robustness_mask_robustness_p043_loss_large_variant_05_difference_maps.png,2432128
outputs/figures/opencv_difference_maps/all_cases/mask_robustness/opencv_telea_mask_robustness_mask_robustness_p043_loss_small_variant_01_difference_maps.png,2387233
outputs/figures/opencv_difference_maps/all_cases/mask_robustness/opencv_telea_mask_robustness_mask_robustness_p043_loss_small_variant_02_difference_maps.png,2374696
outputs/figures/opencv_difference_maps/all_cases/mask_robustness/opencv_telea_mask_robustness_mask_robustness_p043_loss_small_variant_03_difference_maps.png,2358736
outputs/figures/opencv_difference_maps/all_cases/mask_robustness/opencv_telea_mask_robustness_mask_robustness_p043_loss_small_variant_04_difference_maps.png,2365006
outputs/figures/opencv_difference_maps/all_cases/mask_robustness/opencv_telea_mask_robustness_mask_robustness_p043_loss_small_variant_05_difference_maps.png,2377105
outputs/figures/opencv_difference_maps/all_cases/mask_robustness/opencv_telea_mask_robustness_mask_robustness_p043_scratch_thin_variant_01_difference_maps.png,2465705
outputs/figures/opencv_difference_maps/all_cases/mask_robustness/opencv_telea_mask_robustness_mask_robustness_p043_scratch_thin_variant_02_difference_maps.png,2444754
outputs/figures/opencv_difference_maps/all_cases/mask_robustness/opencv_telea_mask_robustness_mask_robustness_p043_scratch_thin_variant_03_difference_maps.png,2450915
outputs/figures/opencv_difference_maps/all_cases/mask_robustness/opencv_telea_mask_robustness_mask_robustness_p043_scratch_thin_variant_04_difference_maps.png,2443761
outputs/figures/opencv_difference_maps/all_cases/mask_robustness/opencv_telea_mask_robustness_mask_robustness_p043_scratch_thin_variant_05_difference_maps.png,2409310
outputs/figures/opencv_difference_maps/all_cases/synthetic_degradation/opencv_telea_synthetic_degradation_synthetic_degradation_p001_dirt_dust_mild_difference_maps.png,2055175
outputs/figures/opencv_difference_maps/all_cases/synthetic_degradation/opencv_telea_synthetic_degradation_synthetic_degradation_p001_dirt_dust_moderate_difference_maps.png,2114523
outputs/figures/opencv_difference_maps/all_cases/synthetic_degradation/opencv_telea_synthetic_degradation_synthetic_degradation_p001_dirt_dust_severe_difference_maps.png,2227505
outputs/figures/opencv_difference_maps/all_cases/synthetic_degradation/opencv_telea_synthetic_degradation_synthetic_degradation_p001_partial_transparency_mild_difference_maps.png,2223080
outputs/figures/opencv_difference_maps/all_cases/synthetic_degradation/opencv_telea_synthetic_degradation_synthetic_degradation_p001_partial_transparency_moderate_difference_maps.png,2676992
outputs/figures/opencv_difference_maps/all_cases/synthetic_degradation/opencv_telea_synthetic_degradation_synthetic_degradation_p001_partial_transparency_severe_difference_maps.png,3472850
outputs/figures/opencv_difference_maps/all_cases/synthetic_degradation/opencv_telea_synthetic_degradation_synthetic_degradation_p001_water_stain_dirt_moderate_difference_maps.png,2324662
outputs/figures/opencv_difference_maps/all_cases/synthetic_degradation/opencv_telea_synthetic_degradation_synthetic_degradation_p001_water_stain_mild_difference_maps.png,2129575
outputs/figures/opencv_difference_maps/all_cases/synthetic_degradation/opencv_telea_synthetic_degradation_synthetic_degradation_p001_water_stain_moderate_difference_maps.png,2238394
outputs/figures/opencv_difference_maps/all_cases/synthetic_degradation/opencv_telea_synthetic_degradation_synthetic_degradation_p001_water_stain_severe_difference_maps.png,2330379
outputs/figures/opencv_difference_maps/all_cases/synthetic_degradation/opencv_telea_synthetic_degradation_synthetic_degradation_p018_dirt_dust_mild_difference_maps.png,1597586
outputs/figures/opencv_difference_maps/all_cases/synthetic_degradation/opencv_telea_synthetic_degradation_synthetic_degradation_p018_dirt_dust_moderate_difference_maps.png,1657236
outputs/figures/opencv_difference_maps/all_cases/synthetic_degradation/opencv_telea_synthetic_degradation_synthetic_degradation_p018_dirt_dust_severe_difference_maps.png,1764144
outputs/figures/opencv_difference_maps/all_cases/synthetic_degradation/opencv_telea_synthetic_degradation_synthetic_degradation_p018_partial_transparency_mild_difference_maps.png,1749080
outputs/figures/opencv_difference_maps/all_cases/synthetic_degradation/opencv_telea_synthetic_degradation_synthetic_degradation_p018_partial_transparency_moderate_difference_maps.png,2045679
outputs/figures/opencv_difference_maps/all_cases/synthetic_degradation/opencv_telea_synthetic_degradation_synthetic_degradation_p018_partial_transparency_severe_difference_maps.png,2471706
outputs/figures/opencv_difference_maps/all_cases/synthetic_degradation/opencv_telea_synthetic_degradation_synthetic_degradation_p018_water_stain_dirt_moderate_difference_maps.png,1782635
outputs/figures/opencv_difference_maps/all_cases/synthetic_degradation/opencv_telea_synthetic_degradation_synthetic_degradation_p018_water_stain_mild_difference_maps.png,1746485
outputs/figures/opencv_difference_maps/all_cases/synthetic_degradation/opencv_telea_synthetic_degradation_synthetic_degradation_p018_water_stain_moderate_difference_maps.png,1764604
outputs/figures/opencv_difference_maps/all_cases/synthetic_degradation/opencv_telea_synthetic_degradation_synthetic_degradation_p018_water_stain_severe_difference_maps.png,1827242
outputs/figures/opencv_difference_maps/all_cases/synthetic_degradation/opencv_telea_synthetic_degradation_synthetic_degradation_p026_dirt_dust_mild_difference_maps.png,2170104
outputs/figures/opencv_difference_maps/all_cases/synthetic_degradation/opencv_telea_synthetic_degradation_synthetic_degradation_p026_dirt_dust_moderate_difference_maps.png,2226025
outputs/figures/opencv_difference_maps/all_cases/synthetic_degradation/opencv_telea_synthetic_degradation_synthetic_degradation_p026_dirt_dust_severe_difference_maps.png,2407259
outputs/figures/opencv_difference_maps/all_cases/synthetic_degradation/opencv_telea_synthetic_degradation_synthetic_degradation_p026_partial_transparency_mild_difference_maps.png,2280297
outputs/figures/opencv_difference_maps/all_cases/synthetic_degradation/opencv_telea_synthetic_degradation_synthetic_degradation_p026_partial_transparency_moderate_difference_maps.png,2574281
outputs/figures/opencv_difference_maps/all_cases/synthetic_degradation/opencv_telea_synthetic_degradation_synthetic_degradation_p026_partial_transparency_severe_difference_maps.png,3088355
outputs/figures/opencv_difference_maps/all_cases/synthetic_degradation/opencv_telea_synthetic_degradation_synthetic_degradation_p026_water_stain_dirt_moderate_difference_maps.png,2337518
outputs/figures/opencv_difference_maps/all_cases/synthetic_degradation/opencv_telea_synthetic_degradation_synthetic_degradation_p026_water_stain_mild_difference_maps.png,2258457
outputs/figures/opencv_difference_maps/all_cases/synthetic_degradation/opencv_telea_synthetic_degradation_synthetic_degradation_p026_water_stain_moderate_difference_maps.png,2305263
outputs/figures/opencv_difference_maps/all_cases/synthetic_degradation/opencv_telea_synthetic_degradation_synthetic_degradation_p026_water_stain_severe_difference_maps.png,2399451
outputs/figures/opencv_difference_maps/all_cases/synthetic_degradation/opencv_telea_synthetic_degradation_synthetic_degradation_p039_dirt_dust_mild_difference_maps.png,2119143
outputs/figures/opencv_difference_maps/all_cases/synthetic_degradation/opencv_telea_synthetic_degradation_synthetic_degradation_p039_dirt_dust_moderate_difference_maps.png,2175166
outputs/figures/opencv_difference_maps/all_cases/synthetic_degradation/opencv_telea_synthetic_degradation_synthetic_degradation_p039_dirt_dust_severe_difference_maps.png,2355028
outputs/figures/opencv_difference_maps/all_cases/synthetic_degradation/opencv_telea_synthetic_degradation_synthetic_degradation_p039_partial_transparency_mild_difference_maps.png,2187882
outputs/figures/opencv_difference_maps/all_cases/synthetic_degradation/opencv_telea_synthetic_degradation_synthetic_degradation_p039_partial_transparency_moderate_difference_maps.png,2726538
outputs/figures/opencv_difference_maps/all_cases/synthetic_degradation/opencv_telea_synthetic_degradation_synthetic_degradation_p039_partial_transparency_severe_difference_maps.png,3050244
outputs/figures/opencv_difference_maps/all_cases/synthetic_degradation/opencv_telea_synthetic_degradation_synthetic_degradation_p039_water_stain_dirt_moderate_difference_maps.png,2232279
outputs/figures/opencv_difference_maps/all_cases/synthetic_degradation/opencv_telea_synthetic_degradation_synthetic_degradation_p039_water_stain_mild_difference_maps.png,2286362
outputs/figures/opencv_difference_maps/all_cases/synthetic_degradation/opencv_telea_synthetic_degradation_synthetic_degradation_p039_water_stain_moderate_difference_maps.png,2336056
outputs/figures/opencv_difference_maps/all_cases/synthetic_degradation/opencv_telea_synthetic_degradation_synthetic_degradation_p039_water_stain_severe_difference_maps.png,2420922
outputs/figures/opencv_difference_maps/all_cases/synthetic_degradation/opencv_telea_synthetic_degradation_synthetic_degradation_p043_dirt_dust_mild_difference_maps.png,2273471
outputs/figures/opencv_difference_maps/all_cases/synthetic_degradation/opencv_telea_synthetic_degradation_synthetic_degradation_p043_dirt_dust_moderate_difference_maps.png,2351008
outputs/figures/opencv_difference_maps/all_cases/synthetic_degradation/opencv_telea_synthetic_degradation_synthetic_degradation_p043_dirt_dust_severe_difference_maps.png,2515859
outputs/figures/opencv_difference_maps/all_cases/synthetic_degradation/opencv_telea_synthetic_degradation_synthetic_degradation_p043_partial_transparency_mild_difference_maps.png,2404237
outputs/figures/opencv_difference_maps/all_cases/synthetic_degradation/opencv_telea_synthetic_degradation_synthetic_degradation_p043_partial_transparency_moderate_difference_maps.png,3021612
outputs/figures/opencv_difference_maps/all_cases/synthetic_degradation/opencv_telea_synthetic_degradation_synthetic_degradation_p043_partial_transparency_severe_difference_maps.png,3467591
outputs/figures/opencv_difference_maps/all_cases/synthetic_degradation/opencv_telea_synthetic_degradation_synthetic_degradation_p043_water_stain_dirt_moderate_difference_maps.png,2476907
outputs/figures/opencv_difference_maps/all_cases/synthetic_degradation/opencv_telea_synthetic_degradation_synthetic_degradation_p043_water_stain_mild_difference_maps.png,2385192
outputs/figures/opencv_difference_maps/all_cases/synthetic_degradation/opencv_telea_synthetic_degradation_synthetic_degradation_p043_water_stain_moderate_difference_maps.png,2465736
outputs/figures/opencv_difference_maps/all_cases/synthetic_degradation/opencv_telea_synthetic_degradation_synthetic_degradation_p043_water_stain_severe_difference_maps.png,2662847
outputs/figures/opencv_feature_similarity/clip_vs_dinov2_feature_improvement_mask_bbox.png,181958
outputs/figures/opencv_feature_similarity/feature_similarity_improvement_by_mask_type.png,70877
outputs/figures/opencv_feature_similarity/feature_similarity_improvement_by_region.png,59968
outputs/figures/opencv_lpips_metrics/opencv_telea_lpips_improvement_by_dataset_region.png,86546
outputs/figures/opencv_lpips_metrics/opencv_telea_lpips_improvement_by_mask_region.png,83320
outputs/figures/opencv_lpips_metrics/opencv_telea_lpips_improvement_by_region.png,65017
outputs/figures/opencv_metrics_classical/mask_area_vs_masked_mse_improvement.png,242423
outputs/figures/opencv_metrics_classical/median_mse_improvement_by_region.png,110423
outputs/figures/opencv_report_generation/opencv_report_mean_spatial_flags_by_mask_type.png,48583
outputs/figures/opencv_report_generation/opencv_report_metric_family_content_region.png,49094
outputs/figures/opencv_report_generation/opencv_report_metric_family_full_image.png,48033
outputs/figures/opencv_report_generation/opencv_report_metric_family_mask_bbox_crop.png,50495
outputs/figures/opencv_report_generation/opencv_report_metric_family_masked_region.png,37248
outputs/figures/opencv_report_generation/opencv_report_spatial_flag_counts.png,35225
outputs/figures/opencv_report_generation/representative_cases/opencv_telea__canonical__canonical__p001_loss_large_representative_panel.png,81519
outputs/figures/opencv_report_generation/representative_cases/opencv_telea__canonical__canonical__p001_loss_small_representative_panel.png,81902
outputs/figures/opencv_report_generation/representative_cases/opencv_telea__canonical__canonical__p001_mixed_damage_representative_panel.png,111700
outputs/figures/opencv_report_generation/representative_cases/opencv_telea__canonical__canonical__p001_scratch_thin_representative_panel.png,108316
outputs/figures/opencv_report_generation/representative_cases/opencv_telea__canonical__canonical__p001_zero_control_representative_panel.png,64930
outputs/figures/opencv_report_generation/representative_cases/opencv_telea__damage_size__damage_size__p001__loss_large__size_02pct_representative_panel.png,70592
outputs/figures/opencv_report_generation/representative_cases/opencv_telea__opencv_telea_canonical_canonical_p001_loss_large_representative_panel.png,1743463
outputs/figures/opencv_report_generation/representative_cases/opencv_telea__opencv_telea_canonical_canonical_p001_loss_small_representative_panel.png,1821367
outputs/figures/opencv_report_generation/representative_cases/opencv_telea__opencv_telea_canonical_canonical_p001_mixed_damage_representative_panel.png,1837066
outputs/figures/opencv_report_generation/representative_cases/opencv_telea__opencv_telea_canonical_canonical_p001_scratch_thin_representative_panel.png,1898861
outputs/figures/opencv_report_generation/representative_cases/opencv_telea__opencv_telea_canonical_canonical_p001_zero_control_representative_panel.png,1821266
outputs/figures/opencv_report_generation/representative_cases/opencv_telea__opencv_telea_damage_size_damage_size_p001_loss_large_size_02pct_representative_panel.png,1817890
outputs/figures/opencv_report_generation/representative_cases/opencv_telea__opencv_telea_synthetic_degradation_synthetic_degradation_p001_water_stain_severe_representative_panel.png,1877819
outputs/figures/opencv_report_generation/representative_cases/opencv_telea__synthetic_degradation__synthetic_degradation__p001__water_stain__severe_representative_panel.png,84543
outputs/figures/opencv_telea/representative_cases/opencv_telea__canonical__canonical__p001_loss_large.png,781599
outputs/figures/opencv_telea/representative_cases/opencv_telea__canonical__canonical__p001_zero_control.png,697131
outputs/figures/opencv_telea/representative_cases/opencv_telea__damage_size__damage_size__p001__loss_large__size_02pct.png,718641
outputs/figures/opencv_telea/representative_cases/opencv_telea__mask_robustness__mask_robustness__p001__loss_large__variant_01.png,778783
outputs/figures/opencv_telea/representative_cases/opencv_telea__synthetic_degradation__synthetic_degradation__p001__dirt_dust__mild.png,774229
outputs/figures/opencv_telea/synthetic_degradation/opencv_telea__synthetic_degradation__synthetic_degradation__p001__dirt_dust__mild_supplementary.png,770515
outputs/figures/opencv_telea/synthetic_degradation/opencv_telea__synthetic_degradation__synthetic_degradation__p001__partial_transparency__mild_supplementary.png,848244
outputs/figures/opencv_telea/synthetic_degradation/opencv_telea__synthetic_degradation__synthetic_degradation__p001__water_stain__mild_supplementary.png,790406
outputs/figures/opencv_telea/synthetic_degradation/opencv_telea__synthetic_degradation__synthetic_degradation__p001__water_stain_dirt__moderate_supplementary.png,917866
outputs/figures/synthetic_degradation/combined_grids/blur_fading__combined_grid.png,4365342
outputs/figures/synthetic_degradation/combined_grids/fading_discolouration__combined_grid.png,4456331
outputs/figures/synthetic_degradation/combined_grids/water_stain_dirt__combined_grid.png,4310229
outputs/figures/synthetic_degradation/operator_inspection/p001__fading_discolouration__operator_inspection.png,961690
outputs/figures/synthetic_degradation/operator_inspection/p001__single_effect_operator_inspection.png,5823561
outputs/figures/synthetic_degradation/severity_grids/blur__severity_grid.png,8504707
outputs/figures/synthetic_degradation/severity_grids/dirt_dust__severity_grid.png,8884907
outputs/figures/synthetic_degradation/severity_grids/discolouration__severity_grid.png,8889676
outputs/figures/synthetic_degradation/severity_grids/fading__severity_grid.png,8814849
outputs/figures/synthetic_degradation/severity_grids/partial_transparency__severity_grid.png,8773725
outputs/figures/synthetic_degradation/severity_grids/water_stain__severity_grid.png,8850300
outputs/inventory/project_file_inventory.csv,1103335
outputs/inventory/project_file_inventory_summary.csv,403
outputs/manifests/17_lama_lpips_metrics_manifest.json,5650
outputs/manifests/18_lama_feature_similarity_manifest.json,13410
outputs/manifests/19_lama_report_generation_manifest.json,10349
outputs/metrics/classical_metrics_lama.csv,2530737
outputs/metrics/classical_metrics_lama_audit.csv,3035
outputs/metrics/classical_metrics_lama_summary.csv,717154
outputs/metrics/diagnostics/lama_diagnostic_cases.csv,11024
outputs/metrics/diagnostics/lama_diagnostic_panel_manifest.csv,2604
outputs/metrics/diagnostics/panels/canonical__best_psnr_improvement__canonical_p006_loss_small.png,524960
outputs/metrics/diagnostics/panels/canonical__median_psnr_improvement__canonical_p023_loss_small.png,756338
outputs/metrics/diagnostics/panels/canonical__worst_psnr_improvement__canonical_p009_loss_large.png,1010549
outputs/metrics/diagnostics/panels/damage_size__best_psnr_improvement__damage_size_p026_loss_large_size_02pct.png,766652
outputs/metrics/diagnostics/panels/damage_size__median_psnr_improvement__damage_size_p001_loss_large_size_08pct.png,771858
outputs/metrics/diagnostics/panels/damage_size__worst_psnr_improvement__damage_size_p018_loss_large_size_02pct.png,575394
outputs/metrics/diagnostics/panels/mask_robustness__best_psnr_improvement__mask_robustness_p001_scratch_thin_variant_01.png,732874
outputs/metrics/diagnostics/panels/mask_robustness__median_psnr_improvement__mask_robustness_p039_scratch_thin_variant_03.png,827787
outputs/metrics/diagnostics/panels/mask_robustness__worst_psnr_improvement__mask_robustness_p039_loss_large_variant_03.png,830141
outputs/metrics/diagnostics/panels/synthetic_degradation__best_psnr_improvement__synthetic_degradation_p026_water_stain_moderate.png,885632
outputs/metrics/diagnostics/panels/synthetic_degradation__median_psnr_improvement__synthetic_degradation_p043_partial_transparency_moderate.png,1331499
outputs/metrics/diagnostics/panels/synthetic_degradation__worst_psnr_improvement__synthetic_degradation_p001_dirt_dust_mild.png,772789
outputs/metrics/feature_similarity_handoff_manifest_lama.json,11164
outputs/metrics/feature_similarity_metrics_lama.csv,1379909
outputs/metrics/feature_similarity_metrics_lama_compact.csv,1224285
outputs/metrics/feature_similarity_ranked_cases_by_region_lama.csv,340928
outputs/metrics/feature_similarity_summary_by_category_region_lama.csv,3298
outputs/metrics/feature_similarity_summary_by_dataset_region_lama.csv,2591
outputs/metrics/feature_similarity_summary_by_mask_region_lama.csv,3213
outputs/metrics/feature_similarity_summary_lama.csv,1046
outputs/metrics/feature_similarity_summary_zero_control_lama.csv,1054
outputs/metrics/figures/lama_improvement_distributions_by_region.png,128418
outputs/metrics/figures/lama_positive_improvement_share_by_dataset.png,115990
outputs/metrics/final_tables/lama_classical_metrics_artifact_manifest.csv,679
outputs/metrics/final_tables/lama_damage_setting_metric_table.csv,322174
outputs/metrics/final_tables/lama_dataset_region_metric_table.csv,23619
outputs/metrics/lama_report_dataframe.csv,1352264
outputs/metrics/lama_report_metric_correlations.csv,681
outputs/metrics/lama_report_selected_cases.csv,75402
outputs/metrics/lama_report_summaries.csv,4428
outputs/metrics/lpips_handoff_manifest_lama.json,2222
outputs/metrics/lpips_metrics_lama.csv,856763
outputs/metrics/lpips_metrics_lama_compact.csv,526051
outputs/metrics/lpips_ranked_cases_by_region_lama.csv,43432
outputs/metrics/lpips_ranked_cases_lama.csv,33671
outputs/metrics/lpips_summary_by_category_region_lama.csv,1909
outputs/metrics/lpips_summary_by_dataset_region_lama.csv,1449
outputs/metrics/lpips_summary_by_group_lama.csv,2635
outputs/metrics/lpips_summary_by_mask_region_lama.csv,2635
outputs/metrics/lpips_summary_by_region_lama.csv,513
outputs/metrics/lpips_summary_lama.csv,283
outputs/metrics/lpips_summary_zero_control_lama.csv,644
outputs/metrics/thesis_tables/lama_classical_metric_thesis_tables.csv,71323
outputs/reports/16_lama_difference_maps/lama_difference_maps_manifest.json,2488
outputs/reports/damage_creation_metadata.json,5087
outputs/reports/damage_creation_report.md,2154
outputs/reports/damage_size_sensitivity_manifest.json,9501
outputs/reports/damage_size_sensitivity_report.md,2900
outputs/reports/lama_restoration_manifest.json,18134
outputs/reports/lama_restoration_report.md,6665
outputs/reports/mask_generation_metadata.json,1411
outputs/reports/mask_generation_report.md,1052
outputs/reports/mask_robustness_manifest.json,79125
outputs/reports/mask_robustness_report.md,3247
outputs/reports/notebook_13_opencv_report_completion_summary.md,1474
outputs/reports/notebook_13_opencv_report_final_artifact_index.csv,5456
outputs/reports/opencv_metrics_classical_manifest.json,53051
outputs/reports/opencv_metrics_classical_report.md,33344
outputs/reports/opencv_report_assets/opencv_telea_report_case_metrics.csv,618489
outputs/reports/opencv_report_assets/opencv_telea_report_runtime_failure_summary.csv,548
outputs/reports/opencv_report_assets/opencv_telea_report_summary_by_dataset.csv,828
outputs/reports/opencv_report_assets/opencv_telea_report_summary_by_mask_type.csv,942
outputs/reports/opencv_report_assets/opencv_telea_report_summary_by_region.csv,2537
outputs/reports/opencv_telea_cross_model_evidence_manifest.csv,5058
outputs/reports/opencv_telea_cross_model_handoff.md,2309
outputs/reports/opencv_telea_manifest.json,29115
outputs/reports/opencv_telea_model_report_index.csv,1173
outputs/reports/opencv_telea_report.html,27872
outputs/reports/opencv_telea_report.md,8276
outputs/reports/opencv_telea_report_asset_index.csv,953
outputs/reports/opencv_telea_report_completeness_check.csv,1027
outputs/reports/opencv_telea_report_completeness_check.md,1630
outputs/reports/opencv_telea_report_figure_manifest.csv,1359
outputs/reports/opencv_telea_report_generation.md,22081
outputs/reports/opencv_telea_report_missing_assets.csv,32
outputs/reports/opencv_telea_report_representative_cases.csv,5135
outputs/reports/synthetic_degradation_manifest.json,84053
outputs/reports/synthetic_degradation_report.md,14683
outputs/validation/feature_similarity_batch1_validation_lama.csv,510
outputs/validation/feature_similarity_batch4_validation_lama.csv,2277
outputs/validation/feature_similarity_batch5_validation_lama.csv,792
outputs/validation/feature_similarity_final_validation_lama.csv,4331
outputs/validation/feature_similarity_smoke_lama.csv,6191
outputs/validation/feature_similarity_smoke_validation_lama.csv,1362
outputs/validation/feature_similarity_validation_lama.csv,1596
outputs/validation/lama_report_generation_batch1_validation.csv,2598
outputs/validation/lama_report_generation_batch2_validation.csv,2969
outputs/validation/lama_report_generation_batch3_validation.csv,1124
outputs/validation/lpips_batch5_validation_lama.csv,853
outputs/validation/lpips_batch6_figure_validation_lama.csv,171
outputs/validation/lpips_final_validation_lama.csv,2894
outputs/validation/lpips_smoke_lama.csv,5879
outputs/validation/lpips_smoke_validation_lama.csv,437
outputs/validation/lpips_validation_lama.csv,443
outputs_inventory.csv,182597
README.md,33691
requirements.txt,107
requirements_experiments.txt,835
src/restoration_eval/__init__.py,47
src/restoration_eval/damage.py,38776
src/restoration_eval/damage_sensitivity.py,74085
src/restoration_eval/error_maps.py,46509
src/restoration_eval/io_utils.py,2487
src/restoration_eval/mask_robustness.py,45624
src/restoration_eval/masks.py,49818
src/restoration_eval/metrics_classical.py,32968
src/restoration_eval/metrics_feature_similarity.py,48332
src/restoration_eval/metrics_lpips.py,32374
src/restoration_eval/paths.py,2033
src/restoration_eval/preprocessing.py,11285
src/restoration_eval/reporting.py,53240
src/restoration_eval/restoration_lama.py,65504
src/restoration_eval/restoration_opencv.py,18890
src/restoration_eval/restoration_sdxl.py,14662
src/restoration_eval/restoration_stable_diffusion.py,29058
src/restoration_eval/synthetic_degradation.py,65831
streamlit_app.py,75374
tools/build_project_inventory.py,6566
