painting_id,category,title,artist,date,style_or_period,medium,source,source_url,license,filename,original_width,original_height,selection_reason,visual_complexity_note,status,notes
p001,portrait_figure,Juan de Pareja,Diego Velázquez,1650,Baroque,Oil on canvas,The Metropolitan Museum of Art,https://www.metmuseum.org/art/collection/search/437869,Public Domain / Open Access,p001.jpg,3427,3968,Classic portrait baseline with strong face and clothing structure.,Single male portrait with dark background and clear facial detail.,selected,Met Open Access.
p002,portrait_figure,Madame X (Madame Pierre Gautreau),John Singer Sargent,1883-84,19th century portraiture,Oil on canvas,The Metropolitan Museum of Art,https://www.metmuseum.org/art/collection/search/12127,Public Domain / Open Access,p002.jpg,2336,4000,Full-figure portrait with strong silhouette and clothing structure.,"Figure, skin, dress, and pose create useful restoration targets.",selected,Met Open Access.
p003,portrait_figure,Marie Joséphine Charlotte du Val d'Ognes,Marie-Denise Villers,1801,Neoclassical / early 19th century,Oil on canvas,The Metropolitan Museum of Art,https://www.metmuseum.org/art/collection/search/437903,Public Domain / Open Access,p003.jpg,3098,3872,Distinct portrait composition with studio context.,"Face, hands, clothing, and background objects.",selected,Met Open Access.
p004,portrait_figure,Madame Georges Charpentier and Her Children,Pierre-Auguste Renoir,1878,Impressionism,Oil on canvas,The Metropolitan Museum of Art,https://www.metmuseum.org/art/collection/search/438815,Public Domain / Open Access,p004.jpg,4000,3254,Multi-person portrait with larger composition.,"Multiple faces, fabrics, children, and interior setting.",selected,Met Open Access.
p005,portrait_figure,Self-Portrait with Two Pupils,Adélaïde Labille-Guiard,1785,18th century portraiture,Oil on canvas,The Metropolitan Museum of Art,https://www.metmuseum.org/art/collection/search/436840,Public Domain / Open Access,p005.jpg,2884,3894,Multi-figure studio portrait.,"Faces, fabrics, and painter-at-work setting.",selected,Met Open Access.
p006,portrait_figure,Boy with a Sword,Édouard Manet,1861,Realism / early modern French painting,Oil on canvas,The Metropolitan Museum of Art,https://www.metmuseum.org/art/collection/search/436948,Public Domain / Open Access,p006.jpg,3000,4000,Cleaner full-figure portrait case.,"Child figure, costume details, and simple background.",selected,Met Open Access.
p007,portrait_figure,Princesse de Broglie,Jean-Auguste-Dominique Ingres,1851-53,Neoclassical,Oil on canvas,The Metropolitan Museum of Art,https://www.metmuseum.org/art/collection/search/459106,Public Domain / Open Access,p007.jpg,3019,4000,Highly detailed portrait with fabric and jewelry.,Fine textures and ornamentation.,selected,Met Open Access.
p008,portrait_figure,Manuel Osorio Manrique de Zuñiga,Francisco de Goya y Lucientes,1787-88,Spanish portraiture,Oil on canvas,The Metropolitan Museum of Art,https://www.metmuseum.org/art/collection/search/436545,Public Domain / Open Access,p008.jpg,2855,3873,Portrait with props and animals.,Human figure plus animals and objects.,selected,Met Open Access.
p009,portrait_figure,Madame Roulin and Her Baby,Vincent van Gogh,1888,Post-Impressionism,Oil on canvas,The Metropolitan Museum of Art,https://www.metmuseum.org/art/collection/search/459123,Public Domain / Open Access,p009.jpg,2987,3721,Portrait with strong brushwork.,Mother-and-child portrait with painterly texture.,selected,Met Open Access.
p010,portrait_figure,Joan of Arc,Jules Bastien-Lepage,1879,19th century French painting,Oil on canvas,The Metropolitan Museum of Art,https://www.metmuseum.org/art/collection/search/435621,Public Domain / Open Access,p010.jpg,4000,3622,Figure plus scenery/context case.,Human subject embedded in natural background.,selected,Met Open Access.
p011,landscape_natural,View of Haarlem and the Haarlemmer Meer,Jan van Goyen,,,,The Metropolitan Museum of Art,https://www.metmuseum.org/art/collection/search/436558,Public Domain / Open Access,p011.jpg,3811,2618,"Wide natural landscape with sky, water, and land structure.",Panoramic view with tonal gradients and distant detail.,selected,Met Open Access.
p012,landscape_natural,An Extensive Wooded Landscape,Philips Koninck,,,,The Metropolitan Museum of Art,https://www.metmuseum.org/art/collection/search/436831,Public Domain / Open Access,p012.jpg,3907,2893,Broad panoramic wooded landscape.,"Trees, sky, cloud detail, and depth.",selected,Met Open Access.
p013,landscape_natural,Landscape with a Village in the Distance,Jacob van Ruisdael,,,,The Metropolitan Museum of Art,https://www.metmuseum.org/art/collection/search/437545,Public Domain / Open Access,p013.jpg,3811,2649,Sharp-detail landscape with distant village.,Natural scene with strong detail and built element.,selected,Met Open Access.
p014,landscape_natural,Landscape on a River,Charles-François Daubigny,,,,The Metropolitan Museum of Art,https://www.metmuseum.org/art/collection/search/436081,Public Domain / Open Access,p014.jpg,4000,2266,Riverbank and foliage landscape replacement.,"River, trees, sky, and soft tonal transitions.",selected,Met Open Access replacement.
p015,landscape_natural,Landscape,Henri-Joseph Harpignies,,,,The Metropolitan Museum of Art,https://www.metmuseum.org/art/collection/search/337306,Public Domain / Open Access,p015.jpg,2778,3862,Distinct softer landscape case.,Different mood and composition from panoramic cases.,selected,Met Open Access.
p016,landscape_natural,Wooded Landscape with a House beside a River,Thomas Gainsborough,,,,The Metropolitan Museum of Art,https://www.metmuseum.org/art/collection/search/343423,Public Domain / Open Access,p016.jpg,3903,2465,Drawing-like wooded landscape.,"Trees, river, and small built structure.",selected,Met Open Access.
p017,landscape_natural,Picturesque Landscape,"Anonymous, British, 18th century",,,,The Metropolitan Museum of Art,https://www.metmuseum.org/art/collection/search/364452,Public Domain / Open Access,p017.jpg,2581,3501,Stylistically different historical landscape.,Distinct visual flavor compared with Dutch/French cases.,selected,Met Open Access.
p018,landscape_natural,Classical Landscape with Figures,Henri Mauperché,,,,The Metropolitan Museum of Art,https://www.metmuseum.org/art/collection/search/437039,Public Domain / Open Access,p018.jpg,4000,2643,Landscape with clearly defined human figures.,Broad natural setting with small human presence.,selected,Met Open Access.
p019,landscape_natural,Evening: Landscape with an Aqueduct,Théodore Géricault,,,,The Metropolitan Museum of Art,https://www.metmuseum.org/art/collection/search/436455,Public Domain / Open Access,p019.jpg,3241,3697,Atmospheric landscape with glowing light.,"Mood, light contrast, and structural background element.",selected,Met Open Access.
p020,landscape_natural,Mediterranean landscape (recto); Mountains (verso),Unknown,,,,The Metropolitan Museum of Art,https://www.metmuseum.org/art/collection/search/335335,Public Domain / Open Access,p020.jpg,3508,2416,Study-like mountain variation.,Different mountain-focused natural structure.,selected,Met Open Access.
p021,architecture_structured,Interior of the Oude Kerk in Delft,Gerard Houckgeest,,,,Rijksmuseum,https://www.rijksmuseum.nl/en/collection/object/Interieur-van-de-Oude-Kerk-in-Delft--a9a613509471ccc6de1cd242596ce9a1,Public domain,p021.jpg,4435,5246,"Architectural interior with perspective, columns, and windows.",Church interior with strong depth and vertical lines.,selected,Rijksmuseum.
p022,architecture_structured,"Interior of a Protestant, Gothic Church, with a Gravedigger in the Choir",Emanuel de Witte,,,,Rijksmuseum,https://www.rijksmuseum.nl/en/collection/object/Interior-of-a-Protestant-Gothic-Church-with-a-Gravedigger-in-the-Choir--46eceb3566e0be6f1e30680ef03509c0,Public domain,p022.jpg,4156,5341,Gothic interior with oblique depth and floor geometry.,"Columns, repeated structures, and perspective lines.",selected,Rijksmuseum.
p023,architecture_structured,Church Interior,Johannes Bosboom,,,,Rijksmuseum,https://www.rijksmuseum.nl/en/collection/object/Church-Interior--03aa0ac29d0083c4a571318a84e8f945,Public domain,p023.jpg,5072,7086,Cleaner church-interior perspective case.,"Walls, arches, and moderate spatial complexity.",selected,Rijksmuseum.
p024,architecture_structured,Interior of the Church of St Bavo in Haarlem,Johannes Bosboom,,,,Rijksmuseum,https://www.rijksmuseum.nl/en/collection/object/Interior-of-the-Church-of-St-Bavo-in-Haarlem--b31dd103930167349dc1a3b0a51bb271,Public domain,p024.jpg,2882,3700,Large-scale church interior.,"Ceiling, windows, columns, and repeated structures.",selected,Rijksmuseum.
p025,architecture_structured,The Quay de Paris in Rouen,Johannes Bosboom,,,,Rijksmuseum,https://www.rijksmuseum.nl/en/collection/object/The-Quay-de-Paris-in-Rouen--8daf5b303aefa1b66277fe8526c0a25e,Public domain,p025.jpg,5595,4661,Urban architecture case with quay and facades.,City composition with vertical built elements.,selected,Rijksmuseum.
p026,architecture_structured,View of a Village along a River,attributed to Jan Brueghel I,,,,Rijksmuseum,https://www.rijksmuseum.nl/en/collection/object/View-of-a-Village-along-a-River--c8cdc4675af3869fd7e7c95e32ddb396,Public domain,p026.jpg,5856,4032,Village architecture embedded in wider scene.,Built environment and natural context.,selected,Rijksmuseum.
p027,architecture_structured,Italian Landscape with the Ponte Lucano over the Aniene River,Jan Both,,,,Rijksmuseum,https://www.rijksmuseum.nl/en/collection/object/Italian-Landscape-with-the-Ponte-Lucano-over-the-Aniene-River--18a22d96a256250a8d2a00d7e5f38d05,Public domain,p027.jpg,5466,4278,Bridge geometry and architecture-nature mix.,"Perspective, edges, and built structure.",selected,Rijksmuseum.
p028,architecture_structured,Trading posts of the Dutch East India Company (VOC),workshop of Johannes Vinckboons,,,,Rijksmuseum,https://www.rijksmuseum.nl/en/collection/object/Trading-posts-of-the-Dutch-East-India-Company-VOC--10844c1f956e0846a1ea5e635e444377,Public domain,p028.jpg,7308,5057,Large structured buildings and site layout.,Multiple buildings and organized spatial layout.,selected,Rijksmuseum.
p029,architecture_structured,"The Trading Post of the Dutch East India Company in Hooghly, Bengal",workshop of Johannes Vinckboons,,,,Rijksmuseum,https://www.rijksmuseum.nl/en/collection/object/The-Trading-Post-of-the-Dutch-East-India-Company-in-Hooghly-Bengal--d17e986c21eff4ae7608c35080d128e1,Public domain,p029.jpg,6166,4010,Large architectural site composition.,Built environment with scale and layout.,selected,Rijksmuseum.
p030,architecture_structured,Interior with Five Women,attributed to Dirck van Delen,,,,Rijksmuseum,https://www.rijksmuseum.nl/en/collection/object/Interior-with-Five-Women--63cf18ae6e46b04ce56858f17cb88a40,Public domain,p030.jpg,7320,4811,Stately architectural interior with figures.,"Walls, floor, and strong interior geometry.",selected,Rijksmuseum.
p031,abstraction_surrealism,Improvisation No. 30 (Cannons),Wassily Kandinsky,,,,Art Institute of Chicago,https://www.artic.edu/artworks/8991/improvisation-no-30-cannons,CC0 Public Domain Designation,p031.jpg,2987,3000,Pure abstraction with energetic forms and colors.,Chaotic shapes and color interactions.,selected,Art Institute of Chicago.
p032,abstraction_surrealism,Composition (No. 1) Gray-Red,Piet Mondrian,,,,Art Institute of Chicago,https://www.artic.edu/artworks/65821/composition-no-1-gray-red,CC0 Public Domain Designation,p032.jpg,2182,2250,Geometric abstraction with sharp lines.,Structured color regions and edge geometry.,selected,Art Institute of Chicago.
p033,abstraction_surrealism,Movement,Marsden Hartley,,,,Art Institute of Chicago,https://www.artic.edu/artworks/65916/movement,CC0 Public Domain Designation,p033.jpg,2981,3000,Dense abstract interweaving of shapes and colors.,Layered non-representational forms.,selected,Art Institute of Chicago.
p034,abstraction_surrealism,Painting with Green Center,Wassily Kandinsky,,,,Art Institute of Chicago,https://www.artic.edu/artworks/8987/painting-with-green-center,CC0 Public Domain Designation,p034.jpg,2417,2250,Abstract color-and-shape field.,Central color emphasis and varied abstract forms.,selected,Art Institute of Chicago.
p035,abstraction_surrealism,The Bewitched Mill,Franz Marc,,,,Art Institute of Chicago,https://www.artic.edu/artworks/9021/the-bewitched-mill,CC0 Public Domain Designation,p035.jpg,2072,3000,Symbolic dreamlike case beyond pure abstraction.,Distorted expressive scene with surreal-like qualities.,selected,Art Institute of Chicago.
p036,abstraction_surrealism,"Lozenge Composition with Yellow, Black, Blue, Red, and Gray",Piet Mondrian,,,,Art Institute of Chicago,https://www.artic.edu/artworks/109819/lozenge-composition-with-yellow-black-blue-red-and-gray,CC0 Public Domain Designation,p036.jpg,3000,3000,Highly geometric abstraction with diagonal framing.,"Lines, borders, and planar color regions.",selected,Art Institute of Chicago.
p037,abstraction_surrealism,In the Sea,Arnold Böcklin,,,,Art Institute of Chicago,https://www.artic.edu/artworks/110507/in-the-sea,CC0 Public Domain Designation,p037.jpg,3000,2261,Symbolic and dreamlike scene.,Mythic imagery with unusual mood.,selected,Art Institute of Chicago.
p038,abstraction_surrealism,Mahana no atua (Day of the God),Paul Gauguin,,,,Art Institute of Chicago,https://www.artic.edu/artworks/27943/mahana-no-atua-day-of-the-god,CC0 Public Domain Designation,p038.jpg,3000,2238,Symbolic non-naturalistic color/figure composition.,Dreamlike scene with stylized forms.,selected,Art Institute of Chicago.
p039,abstraction_surrealism,Painting with Troika,Wassily Kandinsky,,,,Art Institute of Chicago,https://www.artic.edu/artworks/8983/painting-with-troika,CC0 Public Domain Designation,p039.jpg,3000,2202,Semi-abstract bridge case.,Stylized forms and partially recognizable elements.,selected,Art Institute of Chicago.
p040,abstraction_surrealism,Houses at Murnau,Wassily Kandinsky,,,,Art Institute of Chicago,https://www.artic.edu/artworks/129849/houses-at-murnau,CC0 Public Domain Designation,p040.jpg,2920,2250,Strongly stylized semi-abstract scene.,Colorful simplified built forms.,selected,Art Institute of Chicago.
p041,high_texture_brushwork,Wheat Field with Cypresses,Vincent van Gogh,1889,Post-Impressionism,Oil on canvas,The Metropolitan Museum of Art,https://www.metmuseum.org/art/collection/search/436535,Public Domain / Open Access,p041.jpg,4000,3184,High-texture case with swirling brushwork.,Dense directional brushwork and surface activity.,selected,Met Open Access.
p042,high_texture_brushwork,View of Beirut,Jules Coignet,,,,The Metropolitan Museum of Art,https://www.metmuseum.org/art/collection/search/438634,Public Domain / Open Access,p042.jpg,1957,1258,Sketch-like brushwork and shimmering light.,Loose landscape handling and atmospheric variation.,selected,Met Open Access replacement.
p043,high_texture_brushwork,The Card Players,Paul Cézanne,1890-92,Post-Impressionism,Oil on canvas,The Metropolitan Museum of Art,https://www.metmuseum.org/art/collection/search/435868,Public Domain / Open Access,p043.jpg,3909,3112,Structured Cézanne brushwork.,Patch-like brushwork and geometric figure composition.,selected,Met Open Access.
p044,high_texture_brushwork,Versailles,Auguste Renoir,1900-1905,Impressionism,Oil on canvas,The Metropolitan Museum of Art,https://www.metmuseum.org/art/collection/search/459113,Public Domain / Open Access,p044.jpg,4000,3339,Detached brushwork and autumn color.,"Foliage, built elements, and active surface handling.",selected,Met Open Access.
p045,high_texture_brushwork,Two Girls with Parasols,John Singer Sargent,1889,Impressionist outdoor figure painting,Oil on canvas,The Metropolitan Museum of Art,https://www.metmuseum.org/art/collection/search/12447,Public Domain / Open Access,p045.jpg,3212,3848,Figure-plus-landscape brushwork.,"Figures, clothing, parasols, foliage, and light effects.",selected,Met Open Access.
p046,high_texture_brushwork,Boating,Édouard Manet,1874,Impressionism / modern French painting,Oil on canvas,The Metropolitan Museum of Art,https://www.metmuseum.org/art/collection/search/436947,Public Domain / Open Access,p046.jpg,4000,3052,Sketchy brushwork and bright outdoor light.,"Water, figure detail, and loose painterly handling.",selected,Met Open Access replacement.
p047,high_texture_brushwork,The Dance Class,Edgar Degas,1874,Impressionism,Oil on canvas,The Metropolitan Museum of Art,https://www.metmuseum.org/art/collection/search/438817,Public Domain / Open Access,p047.jpg,3710,4000,"Figures, fabric, floor, and interior painterly detail.",Multi-figure interior with varied fabric texture.,selected,Met Open Access replacement.
p048,high_texture_brushwork,A Farm in Brittany,Paul Gauguin,1894,Post-Impressionism,Oil on canvas,The Metropolitan Museum of Art,https://www.metmuseum.org/art/collection/search/436448,Public Domain / Open Access,p048.jpg,3863,3083,Strong color fields and landscape/farm structure.,Stylized rural scene with visible brush handling.,selected,Met Open Access.
p049,high_texture_brushwork,Peonies,Édouard Manet,1864-65,Modern French painting,Oil on canvas,The Metropolitan Museum of Art,https://www.metmuseum.org/art/collection/search/436961,Public Domain / Open Access,p049.jpg,2514,4000,Loose floral brushwork.,Still-life floral texture and color transitions.,selected,Met Open Access.
p050,high_texture_brushwork,Landscape with a Sunlit Stream,Charles-François Daubigny,,,,The Metropolitan Museum of Art,https://www.metmuseum.org/art/collection/search/436090,Public Domain / Open Access,p050.jpg,3033,4000,"Landscape texture case with water, foliage, and light.","Natural textures, stream reflections, and foliage detail.",selected,Met Open Access replacement.
p051,abstraction_surrealism,Composition VII,Wassily Kandinsky,1913,Expressionism / Abstract art,Oil on canvas,Tretyakov Gallery,"https://commons.wikimedia.org/wiki/File:Composition_VII_-_Wassily_Kandinsky,_GAC.jpg",Public domain; Public domain,p051.jpg,3840,2551,"Selected for visual diversity, metadata completeness, and restoration-test value while limiting repeated series and artist concentration.","Includes non-photorealistic colour and spatial structure that can test texture continuation, boundary coherence, feature similarity, and the distinction between plausible generation and reference fidelity.",selected,"Candidate source record Q2990634. Date and medium were checked against Wikidata, Wikimedia Commons structured metadata, or linked collection records. The style/period value is a broad analytical grouping, not an independently validated art-historical attribution."
p052,abstraction_surrealism,Improvisation 27 (Garden of Love II),Wassily Kandinsky,1912,Expressionism / Abstract art,Oil on canvas,The Metropolitan Museum of Art,https://commons.wikimedia.org/wiki/File:Improvisation_27_(Garden_of_Love_II)_MET_DP236124.jpg,"CC0; Creative Commons Zero, Public Domain Dedication",p052.jpg,3840,3281,"Selected for visual diversity, metadata completeness, and restoration-test value while limiting repeated series and artist concentration.","Includes non-photorealistic colour and spatial structure that can test texture continuation, boundary coherence, feature similarity, and the distinction between plausible generation and reference fidelity.",selected,"Candidate source record Q19919146. Date and medium were checked against Wikidata, Wikimedia Commons structured metadata, or linked collection records. The style/period value is a broad analytical grouping, not an independently validated art-historical attribution."
p053,abstraction_surrealism,In Grey,Wassily Kandinsky,1919,Abstract art / Expressionism,Oil on canvas,Musée National d'Art Moderne,"https://commons.wikimedia.org/wiki/File:Kandinsky_-_Im_Grau,_1919,_GAC.jpg",Public domain; Public domain,p053.jpg,3840,2787,"Selected for visual diversity, metadata completeness, and restoration-test value while limiting repeated series and artist concentration.","Includes non-photorealistic colour and spatial structure that can test texture continuation, boundary coherence, feature similarity, and the distinction between plausible generation and reference fidelity.",selected,"Candidate source record Q3874360. Date and medium were checked against Wikidata, Wikimedia Commons structured metadata, or linked collection records. The style/period value is a broad analytical grouping, not an independently validated art-historical attribution."
p054,abstraction_surrealism,Several Circles,Wassily Kandinsky,1926,Abstract art / Bauhaus period,Oil on canvas,Solomon R. Guggenheim Museum,"https://commons.wikimedia.org/wiki/File:Vassily_Kandinsky,_1926_-_Several_Circles,_Gugg_0910_25.jpg",Public domain; Public domain,p054.jpg,1800,1833,User-priority selection retained for distinctive visual structure and restoration-test value.,"Includes non-photorealistic colour and spatial structure that can test texture continuation, boundary coherence, feature similarity, and the distinction between plausible generation and reference fidelity.",selected,"Candidate source record Q3609042. Date and medium were checked against Wikidata, Wikimedia Commons structured metadata, or linked collection records. The style/period value is a broad analytical grouping, not an independently validated art-historical attribution."
p055,abstraction_surrealism,Blossoming Apple Tree,Piet Mondrian,1912,Cubism / Early abstraction,Oil on canvas,Kunstmuseum Den Haag,"https://commons.wikimedia.org/wiki/File:Blossoming_apple_tree,_by_Piet_Mondriaan.jpg",Public domain; Public domain,p055.jpg,2362,1725,"Selected for visual diversity, metadata completeness, and restoration-test value while limiting repeated series and artist concentration.","Includes non-photorealistic colour and spatial structure that can test texture continuation, boundary coherence, feature similarity, and the distinction between plausible generation and reference fidelity.",selected,"Candidate source record Q22114587. Date and medium were checked against Wikidata, Wikimedia Commons structured metadata, or linked collection records. The style/period value is a broad analytical grouping, not an independently validated art-historical attribution."
p056,abstraction_surrealism,Composition in oval with color panes 2,Piet Mondrian,1914,Cubism / Early abstraction,Oil on canvas,Kunstmuseum Den Haag,"https://commons.wikimedia.org/wiki/File:Compositie_in_ovaal_met_kleurvlakken_2,_1914.jpg",Public domain; Public domain,p056.jpg,2641,3543,"Selected for visual diversity, metadata completeness, and restoration-test value while limiting repeated series and artist concentration.","Includes non-photorealistic colour and spatial structure that can test texture continuation, boundary coherence, feature similarity, and the distinction between plausible generation and reference fidelity.",selected,"Candidate source record Q24046414. Date and medium were checked against Wikidata, Wikimedia Commons structured metadata, or linked collection records. The style/period value is a broad analytical grouping, not an independently validated art-historical attribution."
p057,abstraction_surrealism,Composition 8,Piet Mondrian,1914,Cubism / Early abstraction,Oil on canvas,Sidney Janis Gallery; Solomon R. Guggenheim Museum,"https://commons.wikimedia.org/wiki/File:Composition_8,_Piet_Mondrian,_1914.jpg",Public domain; Public domain,p057.jpg,1960,3376,"Selected for visual diversity, metadata completeness, and restoration-test value while limiting repeated series and artist concentration.","Includes non-photorealistic colour and spatial structure that can test texture continuation, boundary coherence, feature similarity, and the distinction between plausible generation and reference fidelity.",selected,"Candidate source record Q19882854. Date and medium were checked against Wikidata, Wikimedia Commons structured metadata, or linked collection records. The style/period value is a broad analytical grouping, not an independently validated art-historical attribution."
p058,abstraction_surrealism,Composition in colour A,Piet Mondrian,1917,De Stijl / Neoplasticism,Oil on canvas,Kröller-Müller Museum,https://commons.wikimedia.org/wiki/File:Otterloo_kroller_muller_mondrian_composition_couleur_A.jpg,Public domain; Public domain,p058.jpg,2521,2798,"Selected for visual diversity, metadata completeness, and restoration-test value while limiting repeated series and artist concentration.","Includes non-photorealistic colour and spatial structure that can test texture continuation, boundary coherence, feature similarity, and the distinction between plausible generation and reference fidelity.",selected,"Candidate source record Q24021121. Date and medium were checked against Wikidata, Wikimedia Commons structured metadata, or linked collection records. The style/period value is a broad analytical grouping, not an independently validated art-historical attribution."
p059,abstraction_surrealism,Abstract Architectural Composition with Dark Yellow Ball,Paul Klee,1915,Expressionism / Early abstraction,Oil on panel,KODE Art museums and composer homes,"https://commons.wikimedia.org/wiki/File:%27Abstract_Architectural_Composition_with_Dark_Yellow_Ball%27_by_Paul_Klee,_1915.JPG",Public domain; Public domain,p059.jpg,3840,2709,"Selected for visual diversity, metadata completeness, and restoration-test value while limiting repeated series and artist concentration.","Includes non-photorealistic colour and spatial structure that can test texture continuation, boundary coherence, feature similarity, and the distinction between plausible generation and reference fidelity.",selected,"Candidate source record Q111449484. Date and medium were checked against Wikidata, Wikimedia Commons structured metadata, or linked collection records. The style/period value is a broad analytical grouping, not an independently validated art-historical attribution."
p060,abstraction_surrealism,Abstract Trio,Paul Klee,1923,Bauhaus / Abstract art,Watercolor and India ink on paper mounted on cardboard,The Metropolitan Museum of Art,"https://commons.wikimedia.org/wiki/File:Abstract_Trio,_1923_-_Paul_Klee,_MET_DT1769.jpg",Public domain; Public domain,p060.jpg,3840,2611,"Selected for visual diversity, metadata completeness, and restoration-test value while limiting repeated series and artist concentration.","Includes non-photorealistic colour and spatial structure that can test texture continuation, boundary coherence, feature similarity, and the distinction between plausible generation and reference fidelity.",selected,"Candidate source record Q19922672. Date and medium were checked against Wikidata, Wikimedia Commons structured metadata, or linked collection records. The style/period value is a broad analytical grouping, not an independently validated art-historical attribution."
p061,abstraction_surrealism,Tree and Architecture―Rhythms,Paul Klee,1920,Bauhaus / Abstract art,Oil on paper,National Gallery of Art,"https://commons.wikimedia.org/wiki/File:Baum_und_Architektur-Rhythmen,_1920_-_Paul_Klee_(NGA_2004.140.41.b).jpg",Public domain; Public domain,p061.jpg,3840,2799,User-priority selection retained for distinctive visual structure and restoration-test value.,"Includes non-photorealistic colour and spatial structure that can test texture continuation, boundary coherence, feature similarity, and the distinction between plausible generation and reference fidelity.",selected,"Candidate source record Q138473323. Date and medium were checked against Wikidata, Wikimedia Commons structured metadata, or linked collection records. The style/period value is a broad analytical grouping, not an independently validated art-historical attribution."
p062,abstraction_surrealism,Senecio,Paul Klee,1922,Cubism / Expressionism,Oil on canvas mounted by marouflage,Kunstmuseum Basel,"https://commons.wikimedia.org/wiki/File:Paul_Klee,_1922,_Senecio,_oil_on_gauze,_40.3_%C3%97_37.4_cm,_Kunstmuseum_Basel.jpg",Public domain; Public domain,p062.jpg,3840,4186,"Selected for visual diversity, metadata completeness, and restoration-test value while limiting repeated series and artist concentration.","Includes non-photorealistic colour and spatial structure that can test texture continuation, boundary coherence, feature similarity, and the distinction between plausible generation and reference fidelity.",selected,"Candidate source record Q60497141. Date and medium were checked against Wikidata, Wikimedia Commons structured metadata, or linked collection records. The style/period value is a broad analytical grouping, not an independently validated art-historical attribution."
p063,abstraction_surrealism,Dynamic Suprematism,Kazimir Malevich,1915,Suprematism,Oil on canvas,Tate,"https://commons.wikimedia.org/wiki/File:Dynamic_Suprematism_(Malevich,_1916).jpg",Public domain; Public domain,p063.jpg,3840,3805,"Selected for visual diversity, metadata completeness, and restoration-test value while limiting repeated series and artist concentration.","Includes non-photorealistic colour and spatial structure that can test texture continuation, boundary coherence, feature similarity, and the distinction between plausible generation and reference fidelity.",selected,"Candidate source record Q28548384. Date and medium were checked against Wikidata, Wikimedia Commons structured metadata, or linked collection records. The style/period value is a broad analytical grouping, not an independently validated art-historical attribution."
p064,abstraction_surrealism,Suprematist Painting: Eight Red Rectangles,Kazimir Malevich,1915,Suprematism,Oil on canvas,Stedelijk Museum Amsterdam,https://commons.wikimedia.org/wiki/File:Malevich-Suprematism..jpg,Public domain; Public domain,p064.jpg,3840,4512,"Selected for visual diversity, metadata completeness, and restoration-test value while limiting repeated series and artist concentration.","Includes non-photorealistic colour and spatial structure that can test texture continuation, boundary coherence, feature similarity, and the distinction between plausible generation and reference fidelity.",selected,"Candidate source record Q19934445. Date and medium were checked against Wikidata, Wikimedia Commons structured metadata, or linked collection records. The style/period value is a broad analytical grouping, not an independently validated art-historical attribution."
p065,abstraction_surrealism,Painterly Realism of a Football Player - Color Masses in the 4th Dimension,Kazimir Malevich,1915,Suprematism,Oil on canvas,Art Institute of Chicago,"https://commons.wikimedia.org/wiki/File:Painterly_Realism_of_a_Football_Player_%E2%80%93_Color_Masses_in_the_4th_Dimension_(Malevich,_1915)_-_Google_Art_Project.jpg",Public domain; Public domain,p065.jpg,3840,6068,"Selected for visual diversity, metadata completeness, and restoration-test value while limiting repeated series and artist concentration.","Includes non-photorealistic colour and spatial structure that can test texture continuation, boundary coherence, feature similarity, and the distinction between plausible generation and reference fidelity.",selected,"Candidate source record Q19934456. Date and medium were checked against Wikidata, Wikimedia Commons structured metadata, or linked collection records. The style/period value is a broad analytical grouping, not an independently validated art-historical attribution."
p066,abstraction_surrealism,Woman with Pails: Dynamic Arrangement,Kazimir Malevich,1912,Cubo-Futurism / Early Suprematism,Oil on canvas,Museum of Modern Art,"https://commons.wikimedia.org/wiki/File:Woman_with_Pails_(Malevich,_1912).jpg",Public domain; Public domain,p066.jpg,3840,3814,"Selected for visual diversity, metadata completeness, and restoration-test value while limiting repeated series and artist concentration.","Includes non-photorealistic colour and spatial structure that can test texture continuation, boundary coherence, feature similarity, and the distinction between plausible generation and reference fidelity.",selected,"Candidate source record Q19883621. Date and medium were checked against Wikidata, Wikimedia Commons structured metadata, or linked collection records. The style/period value is a broad analytical grouping, not an independently validated art-historical attribution."
p067,abstraction_surrealism,"The Ten Largest, No. 1, Childhood",Hilma af Klint,1907,Early abstract art / Symbolism,Tempera on paper mounted on canvas,Hilma af Klint Foundation,https://commons.wikimedia.org/wiki/File:Hilma_af_Klint_-_The_Ten_Largest_No._1_-_Childhood_-_1907.jpg,Public domain; Public domain,p067.jpg,3840,5101,"Selected for visual diversity, metadata completeness, and restoration-test value while limiting repeated series and artist concentration.","Includes non-photorealistic colour and spatial structure that can test texture continuation, boundary coherence, feature similarity, and the distinction between plausible generation and reference fidelity.",selected,"Candidate source record Q105007373. Date and medium were checked against Wikidata, Wikimedia Commons structured metadata, or linked collection records. The style/period value is a broad analytical grouping, not an independently validated art-historical attribution."
p068,abstraction_surrealism,"The Ten Largest, No. 3, Youth",Hilma af Klint,1907,Early abstract art / Symbolism,Tempera on paper mounted on canvas,Hilma af Klint Foundation,https://commons.wikimedia.org/wiki/File:Hilma_af_Klint_-_The_Ten_Largest_No._3_-_Youth_-_1907.jpg,Public domain; Public domain,p068.jpg,3840,5120,"Selected for visual diversity, metadata completeness, and restoration-test value while limiting repeated series and artist concentration.","Includes non-photorealistic colour and spatial structure that can test texture continuation, boundary coherence, feature similarity, and the distinction between plausible generation and reference fidelity.",selected,"Candidate source record Q105008927. Date and medium were checked against Wikidata, Wikimedia Commons structured metadata, or linked collection records. The style/period value is a broad analytical grouping, not an independently validated art-historical attribution."
p069,abstraction_surrealism,"The Ten Largest, No. 5, Adulthood",Hilma af Klint,1907,Early abstract art / Symbolism,Tempera on paper mounted on canvas,Hilma af Klint Foundation,https://commons.wikimedia.org/wiki/File:Hilma_af_Klint_-_The_Ten_Largest_No._5_-_Adulthood_-_1907.jpg,Public domain; Public domain,p069.jpg,3840,5131,"Selected for visual diversity, metadata completeness, and restoration-test value while limiting repeated series and artist concentration.","Includes non-photorealistic colour and spatial structure that can test texture continuation, boundary coherence, feature similarity, and the distinction between plausible generation and reference fidelity.",selected,"Candidate source record Q105009077. Date and medium were checked against Wikidata, Wikimedia Commons structured metadata, or linked collection records. The style/period value is a broad analytical grouping, not an independently validated art-historical attribution."
p070,abstraction_surrealism,"The Ten Largest, No. 9, Old Age",Hilma af Klint,1907,Early abstract art / Symbolism,Tempera on paper mounted on canvas,Hilma af Klint Foundation,https://commons.wikimedia.org/wiki/File:Hilma_af_Klint_-_The_Ten_Largest_No._9_-_1907.jpg,Public domain; Public domain,p070.jpg,3840,5109,"Selected for visual diversity, metadata completeness, and restoration-test value while limiting repeated series and artist concentration.","Includes non-photorealistic colour and spatial structure that can test texture continuation, boundary coherence, feature similarity, and the distinction between plausible generation and reference fidelity.",selected,"Candidate source record Q104905136. Date and medium were checked against Wikidata, Wikimedia Commons structured metadata, or linked collection records. The style/period value is a broad analytical grouping, not an independently validated art-historical attribution."
p071,abstraction_surrealism,"Tree of Knowledge, No. 1",Hilma af Klint,1915,Early abstract art / Symbolism,"Watercolor, gouache, graphite, and ink on paper",Glenstone,"https://commons.wikimedia.org/wiki/File:Tree_of_Knowledge_No._1,_Hilma_af_Klint,_1913-1915,_Glenstone_2023.jpg",Public domain; Public domain,p071.jpg,3840,5746,"Selected for visual diversity, metadata completeness, and restoration-test value while limiting repeated series and artist concentration.","Includes non-photorealistic colour and spatial structure that can test texture continuation, boundary coherence, feature similarity, and the distinction between plausible generation and reference fidelity.",selected,"Candidate source record Q123538239. Date and medium were checked against Wikidata, Wikimedia Commons structured metadata, or linked collection records. The style/period value is a broad analytical grouping, not an independently validated art-historical attribution."
p072,abstraction_surrealism,Catch as Catch Can,Francis Picabia,1913,Cubism / Orphism,Oil on canvas,Philadelphia Museum of Art,"https://commons.wikimedia.org/wiki/File:Francis_Picabia,_1913,_Catch_as_Catch_Can,_oil_on_canvas,_100.6_x_81.6_cm,_Philadelphia_Museum_of_Art.jpg",Public domain; Public domain,p072.jpg,3840,4765,"Selected for visual diversity, metadata completeness, and restoration-test value while limiting repeated series and artist concentration.","Includes non-photorealistic colour and spatial structure that can test texture continuation, boundary coherence, feature similarity, and the distinction between plausible generation and reference fidelity.",selected,"Candidate source record Q20816718. Date and medium were checked against Wikidata, Wikimedia Commons structured metadata, or linked collection records. The style/period value is a broad analytical grouping, not an independently validated art-historical attribution."
p073,abstraction_surrealism,Udnie,Francis Picabia,1913,Orphism,Oil on canvas,Musée National d'Art Moderne,"https://commons.wikimedia.org/wiki/File:Francis_Picabia,_1913,_Udnie_(Young_American_Girl,_The_Dance),_oil_on_canvas,_290_x_300_cm,_Mus%C3%A9e_National_d%E2%80%99Art_Moderne,_Centre_Georges_Pompidou,_Paris..jpg",Public domain; Public domain,p073.jpg,3840,3844,"Selected for visual diversity, metadata completeness, and restoration-test value while limiting repeated series and artist concentration.","Includes non-photorealistic colour and spatial structure that can test texture continuation, boundary coherence, feature similarity, and the distinction between plausible generation and reference fidelity.",selected,"Candidate source record Q60144024. Date and medium were checked against Wikidata, Wikimedia Commons structured metadata, or linked collection records. The style/period value is a broad analytical grouping, not an independently validated art-historical attribution."
p074,abstraction_surrealism,The Fig-Leaf,Francis Picabia,1922,Dada,Oil on canvas,Tate,"https://commons.wikimedia.org/wiki/File:Francis_Picabia,_1922_-_La_Feuille_de_vigne.jpg",Public domain; Public domain,p074.jpg,3840,4768,User-priority selection retained for distinctive visual structure and restoration-test value.,"Includes non-photorealistic colour and spatial structure that can test texture continuation, boundary coherence, feature similarity, and the distinction between plausible generation and reference fidelity.",selected,"Candidate source record Q28552928. Date and medium were checked against Wikidata, Wikimedia Commons structured metadata, or linked collection records. The style/period value is a broad analytical grouping, not an independently validated art-historical attribution."
p075,abstraction_surrealism,The Spanish Night,Francis Picabia,1922,Dada,Enamel and oil on canvas,Museum Ludwig,"https://commons.wikimedia.org/wiki/File:Francis_Picabia,_1922_-_La_Nuit_espagnole_(The_Spanish_Night).jpg",Public domain; Public domain,p075.jpg,3840,4923,User-priority selection retained for distinctive visual structure and restoration-test value.,"Includes non-photorealistic colour and spatial structure that can test texture continuation, boundary coherence, feature similarity, and the distinction between plausible generation and reference fidelity.",selected,"Candidate source record Q20087552. Date and medium were checked against Wikidata, Wikimedia Commons structured metadata, or linked collection records. The style/period value is a broad analytical grouping, not an independently validated art-historical attribution."
p076,abstraction_surrealism,Carousel of Pigs,Robert Delaunay,1922,Orphism,Oil on canvas,Musée National d'Art Moderne,"https://commons.wikimedia.org/wiki/File:Carousel_of_Pigs_-_Robert_Delaunay,_Pompidou.jpg",Public domain; Public domain,p076.jpg,3840,3876,"Selected for visual diversity, metadata completeness, and restoration-test value while limiting repeated series and artist concentration.","Includes non-photorealistic colour and spatial structure that can test texture continuation, boundary coherence, feature similarity, and the distinction between plausible generation and reference fidelity.",selected,"Candidate source record Q28065494. Date and medium were checked against Wikidata, Wikimedia Commons structured metadata, or linked collection records. The style/period value is a broad analytical grouping, not an independently validated art-historical attribution."
p077,abstraction_surrealism,"The City, No. 2",Robert Delaunay,1910,Salon Cubism / Orphism,Oil on canvas,Musée National d'Art Moderne,"https://commons.wikimedia.org/wiki/File:Robert_Delaunay,_1910,_La_ville_no._2,_oil_on_canvas,_146_x_114_cm,_Mus%C3%A9e_National_d%27Art_Moderne,_Centre_Georges_Pompidou,_Paris.jpg",Public domain; Public domain,p077.jpg,3840,4935,"Selected for visual diversity, metadata completeness, and restoration-test value while limiting repeated series and artist concentration.","Includes non-photorealistic colour and spatial structure that can test texture continuation, boundary coherence, feature similarity, and the distinction between plausible generation and reference fidelity.",selected,"Candidate source record Q19861806. Date and medium were checked against Wikidata, Wikimedia Commons structured metadata, or linked collection records. The style/period value is a broad analytical grouping, not an independently validated art-historical attribution."
p078,abstraction_surrealism,Hommage to Blériot,Robert Delaunay,1914,Orphism / Simultanism,Tempera on canvas,Kunstmuseum Basel,"https://commons.wikimedia.org/wiki/File:Robert_Delaunay,_Hommage_%C3%A0_Bl%C3%A9riot,_1914.jpg",Public domain; Public domain,p078.jpg,3840,3805,"Selected for visual diversity, metadata completeness, and restoration-test value while limiting repeated series and artist concentration.","Includes non-photorealistic colour and spatial structure that can test texture continuation, boundary coherence, feature similarity, and the distinction between plausible generation and reference fidelity.",selected,"Candidate source record Q19861802. Date and medium were checked against Wikidata, Wikimedia Commons structured metadata, or linked collection records. The style/period value is a broad analytical grouping, not an independently validated art-historical attribution."
p079,abstraction_surrealism,"Rhythm, Joie de vivre",Robert Delaunay,1930,Orphism / Simultanism,Oil on canvas,Musée National d'Art Moderne,"https://commons.wikimedia.org/wiki/File:Robert_Delaunay_-_Rythme,_Joie_de_vivre.jpg",Public domain; Public domain,p079.jpg,3840,3348,"Selected for visual diversity, metadata completeness, and restoration-test value while limiting repeated series and artist concentration.","Includes non-photorealistic colour and spatial structure that can test texture continuation, boundary coherence, feature similarity, and the distinction between plausible generation and reference fidelity.",selected,"Candidate source record Q18938367. Date and medium were checked against Wikidata, Wikimedia Commons structured metadata, or linked collection records. The style/period value is a broad analytical grouping, not an independently validated art-historical attribution."
p080,abstraction_surrealism,Harlequin Sitting with Guitar,Juan Gris,1919,Cubism,Oil on canvas,Musée National d'Art Moderne,https://commons.wikimedia.org/wiki/File:Juan_Gris_-_Arlequin_assis_%C3%A0_la_guitare_(1919).jpg,Public domain; Public domain,p080.jpg,3840,4861,"Selected for visual diversity, metadata completeness, and restoration-test value while limiting repeated series and artist concentration.","Includes non-photorealistic colour and spatial structure that can test texture continuation, boundary coherence, feature similarity, and the distinction between plausible generation and reference fidelity.",selected,"Candidate source record Q134619504. Date and medium were checked against Wikidata, Wikimedia Commons structured metadata, or linked collection records. The style/period value is a broad analytical grouping, not an independently validated art-historical attribution."
p081,abstraction_surrealism,"Bottle and Fruit Bowl (Bottle, Newspaper and Fruit Bowl)",Juan Gris,1916,Cubism,Oil on plywood,Kunstmuseum Basel,"https://commons.wikimedia.org/wiki/File:Juan_Gris_-_Bouteille_et_compotier_(Bouteille,_journal_et_compotier)_(Bottle_and_Fruit_Bowl_(Bottle,_Newspaper_and_Fruit_Bowl))_(1916).jpg",Public domain; Public domain,p081.jpg,3840,5569,"Selected for visual diversity, metadata completeness, and restoration-test value while limiting repeated series and artist concentration.","Includes non-photorealistic colour and spatial structure that can test texture continuation, boundary coherence, feature similarity, and the distinction between plausible generation and reference fidelity.",selected,"Candidate source record Q134740094. Date and medium were checked against Wikidata, Wikimedia Commons structured metadata, or linked collection records. The style/period value is a broad analytical grouping, not an independently validated art-historical attribution."
p082,abstraction_surrealism,The Dice,Juan Gris,1922,Cubism,Oil on canvas,Museum of Fine Arts of Nancy; Musée National d'Art Moderne,https://commons.wikimedia.org/wiki/File:Juan_Gris_-_Le_D%C3%A9_(The_Dice)_(1922).jpg,Public domain; Public domain,p082.jpg,3840,6194,"Selected for visual diversity, metadata completeness, and restoration-test value while limiting repeated series and artist concentration.","Includes non-photorealistic colour and spatial structure that can test texture continuation, boundary coherence, feature similarity, and the distinction between plausible generation and reference fidelity.",selected,"Candidate source record Q134619819. Date and medium were checked against Wikidata, Wikimedia Commons structured metadata, or linked collection records. The style/period value is a broad analytical grouping, not an independently validated art-historical attribution."
p083,abstraction_surrealism,Moon and Sea No. II,Arthur Dove,1923,American modernism / Abstract art,Oil on canvas,Crystal Bridges Museum of American Art,https://commons.wikimedia.org/wiki/File:Arthur_Dove_-_Moon_and_Sea_No._II_-_promised_gift_1166_moon-and-sea-no-ii_-_Crystal_Bridges_Museum_of_American_Art.jpg,Public domain; Public domain,p083.jpg,3840,5096,"Selected for visual diversity, metadata completeness, and restoration-test value while limiting repeated series and artist concentration.","Includes non-photorealistic colour and spatial structure that can test texture continuation, boundary coherence, feature similarity, and the distinction between plausible generation and reference fidelity.",selected,"Candidate source record Q104023876. Date and medium were checked against Wikidata, Wikimedia Commons structured metadata, or linked collection records. The style/period value is a broad analytical grouping, not an independently validated art-historical attribution."
p084,abstraction_surrealism,Sails,Arthur Dove,1912,American modernism / Early abstraction,Pastel on composition board mounted on wood panel,Terra Foundation for American Art,https://commons.wikimedia.org/wiki/File:Arthur_Dove_-_Sails.jpg,Public domain; Public domain,p084.jpg,3840,3202,"Selected for visual diversity, metadata completeness, and restoration-test value while limiting repeated series and artist concentration.","Includes non-photorealistic colour and spatial structure that can test texture continuation, boundary coherence, feature similarity, and the distinction between plausible generation and reference fidelity.",selected,"Candidate source record Q136487610. Date and medium were checked against Wikidata, Wikimedia Commons structured metadata, or linked collection records. The style/period value is a broad analytical grouping, not an independently validated art-historical attribution."
p085,abstraction_surrealism,Clouds,Arthur Dove,1927,American modernism / Abstract art,Oil and sandpaper on zinc,Museum of Fine Arts Boston,https://commons.wikimedia.org/wiki/File:Arthur_Garfield_Dove_-_Clouds_-_1990.401_-_Museum_of_Fine_Arts_Boston.jpg,Public domain; Public domain,p085.jpg,3840,2942,User-priority selection retained for distinctive visual structure and restoration-test value.,"Includes non-photorealistic colour and spatial structure that can test texture continuation, boundary coherence, feature similarity, and the distinction between plausible generation and reference fidelity.",selected,"Candidate source record Q20634460. Date and medium were checked against Wikidata, Wikimedia Commons structured metadata, or linked collection records. The style/period value is a broad analytical grouping, not an independently validated art-historical attribution."
p086,abstraction_surrealism,Abstraction (Military Symbols),Marsden Hartley,1914–15,American modernism / Expressionism,Oil on canvas,Toledo Museum of Art,https://commons.wikimedia.org/wiki/File:Abstraction_(Military_Symbols)).jpg,Public domain; Public domain,p086.jpg,3840,4727,"Selected for visual diversity, metadata completeness, and restoration-test value while limiting repeated series and artist concentration.","Includes non-photorealistic colour and spatial structure that can test texture continuation, boundary coherence, feature similarity, and the distinction between plausible generation and reference fidelity.",selected,"Candidate source record Q78685972. Date and medium were checked against Wikidata, Wikimedia Commons structured metadata, or linked collection records. The style/period value is a broad analytical grouping, not an independently validated art-historical attribution."
p087,abstraction_surrealism,Movements,Marsden Hartley,1913,American modernism / Expressionism,Oil on canvas,Art Institute of Chicago,https://commons.wikimedia.org/wiki/File:Art_Institute_of_Chicago-1035.jpg,Public domain; Public domain,p087.jpg,3840,3891,"Selected for visual diversity, metadata completeness, and restoration-test value while limiting repeated series and artist concentration.","Includes non-photorealistic colour and spatial structure that can test texture continuation, boundary coherence, feature similarity, and the distinction between plausible generation and reference fidelity.",selected,"Candidate source record Q20270550. Date and medium were checked against Wikidata, Wikimedia Commons structured metadata, or linked collection records. The style/period value is a broad analytical grouping, not an independently validated art-historical attribution."
p088,abstraction_surrealism,Hall of the Mountain King,Marsden Hartley,1908,American modernism / Expressionism,Oil on canvas,Crystal Bridges Museum of American Art,https://commons.wikimedia.org/wiki/File:Hall_of_the_Mountain_King.jpg,Public domain; Public domain,p088.jpg,3840,3780,User-priority selection retained for distinctive visual structure and restoration-test value.,"Includes non-photorealistic colour and spatial structure that can test texture continuation, boundary coherence, feature similarity, and the distinction between plausible generation and reference fidelity.",selected,"Candidate source record Q104008167. Date and medium were checked against Wikidata, Wikimedia Commons structured metadata, or linked collection records. The style/period value is a broad analytical grouping, not an independently validated art-historical attribution."
p089,abstraction_surrealism,Symbolic Head,Odilon Redon,1890,Symbolism / Post-Impressionism,Oil on paper mounted on canvas,Cleveland Museum of Art,https://commons.wikimedia.org/wiki/File:Clevelandart_1988.91.jpg,"CC0; Creative Commons Zero, Public Domain Dedication",p089.jpg,3840,5408,"Selected for visual diversity, metadata completeness, and restoration-test value while limiting repeated series and artist concentration.","Includes non-photorealistic colour and spatial structure that can test texture continuation, boundary coherence, feature similarity, and the distinction between plausible generation and reference fidelity.",selected,"Candidate source record Q60476330. Date and medium were checked against Wikidata, Wikimedia Commons structured metadata, or linked collection records. The style/period value is a broad analytical grouping, not an independently validated art-historical attribution."
p090,abstraction_surrealism,Apparition,Odilon Redon,1907,Symbolism / Post-Impressionism,Oil on canvas,Princeton Art Museum,https://commons.wikimedia.org/wiki/File:Odilon_Redon_-_Apparition_-_y1944-64_-_Princeton_University_Art_Museum.jpg,Public domain; Public domain,p090.jpg,3840,4898,"Selected for visual diversity, metadata completeness, and restoration-test value while limiting repeated series and artist concentration.","Includes non-photorealistic colour and spatial structure that can test texture continuation, boundary coherence, feature similarity, and the distinction between plausible generation and reference fidelity.",selected,"Candidate source record Q106769185. Date and medium were checked against Wikidata, Wikimedia Commons structured metadata, or linked collection records. The style/period value is a broad analytical grouping, not an independently validated art-historical attribution."
p091,abstraction_surrealism,The Cyclops,Odilon Redon,1914,Symbolism / Post-Impressionism,Oil on cardboard,Kröller-Müller Museum,"https://commons.wikimedia.org/wiki/File:Odilon_Redon_-_The_Cyclops,_c._1914.jpg",Public domain; Public domain,p091.jpg,3840,4829,User-priority selection retained for distinctive visual structure and restoration-test value.,"Includes non-photorealistic colour and spatial structure that can test texture continuation, boundary coherence, feature similarity, and the distinction between plausible generation and reference fidelity.",selected,"Candidate source record Q3793426. Date and medium were checked against Wikidata, Wikimedia Commons structured metadata, or linked collection records. The style/period value is a broad analytical grouping, not an independently validated art-historical attribution."
p092,abstraction_surrealism,Underwater Vision,Odilon Redon,1910,Symbolism / Post-Impressionism,Oil on canvas,Museum of Modern Art,https://commons.wikimedia.org/wiki/File:Redon_-_Underwater_Vision_c._1910.jpg,Public domain; Public domain,p092.jpg,3840,4827,"Selected for visual diversity, metadata completeness, and restoration-test value while limiting repeated series and artist concentration.","Includes non-photorealistic colour and spatial structure that can test texture continuation, boundary coherence, feature similarity, and the distinction between plausible generation and reference fidelity.",selected,"Candidate source record Q19883573. Date and medium were checked against Wikidata, Wikimedia Commons structured metadata, or linked collection records. The style/period value is a broad analytical grouping, not an independently validated art-historical attribution."
p093,abstraction_surrealism,The Golden Cell,Odilon Redon,1892,Symbolism / Post-Impressionism,"Oil, gold, and chalk on paper",British Museum,https://commons.wikimedia.org/wiki/File:Redon.golden-cell.jpg,Public domain; Public domain,p093.jpg,3840,4769,"Selected for visual diversity, metadata completeness, and restoration-test value while limiting repeated series and artist concentration.","Includes non-photorealistic colour and spatial structure that can test texture continuation, boundary coherence, feature similarity, and the distinction between plausible generation and reference fidelity.",selected,"Candidate source record Q21797478. Date and medium were checked against Wikidata, Wikimedia Commons structured metadata, or linked collection records. The style/period value is a broad analytical grouping, not an independently validated art-historical attribution."
p094,abstraction_surrealism,"Mama, Papa Is Wounded!",Yves Tanguy,1927,Surrealism,Oil on canvas,Museum of Modern Art,"https://commons.wikimedia.org/wiki/File:Mama,_Papa_is_Wounded!.jpg",Public domain; Public domain,p094.jpg,3840,4803,"Selected for visual diversity, metadata completeness, and restoration-test value while limiting repeated series and artist concentration.","Includes non-photorealistic colour and spatial structure that can test texture continuation, boundary coherence, feature similarity, and the distinction between plausible generation and reference fidelity.",selected,"Candidate source record Q19883963. Date and medium were checked against Wikidata, Wikimedia Commons structured metadata, or linked collection records. The style/period value is a broad analytical grouping, not an independently validated art-historical attribution."
p095,abstraction_surrealism,Fraud in the Garden,Yves Tanguy,1930,Surrealism,Oil on canvas,Private collection; image via Wikimedia Commons,https://commons.wikimedia.org/wiki/File:Yves_Tanguy_-_Fraude_au_jardin_(1930)_-_The_Observer.jpg,Public domain; Public domain,p095.jpg,3840,4915,"Selected for visual diversity, metadata completeness, and restoration-test value while limiting repeated series and artist concentration.","Includes non-photorealistic colour and spatial structure that can test texture continuation, boundary coherence, feature similarity, and the distinction between plausible generation and reference fidelity.",selected,"Candidate source record Q137805167. Date and medium were checked against Wikidata, Wikimedia Commons structured metadata, or linked collection records. The style/period value is a broad analytical grouping, not an independently validated art-historical attribution."
p096,abstraction_surrealism,The Lovers,Yves Tanguy,1929,Surrealism,Oil on canvas,Museum Folkwang,https://commons.wikimedia.org/wiki/File:Yves_Tanguy_-_Les_amoureux_-_Google_Arts_%26_Culture.jpg,Public domain; Public domain,p096.jpg,3840,4780,"Selected for visual diversity, metadata completeness, and restoration-test value while limiting repeated series and artist concentration.","Includes non-photorealistic colour and spatial structure that can test texture continuation, boundary coherence, feature similarity, and the distinction between plausible generation and reference fidelity.",selected,"Candidate source record Q131631447. Date and medium were checked against Wikidata, Wikimedia Commons structured metadata, or linked collection records. The style/period value is a broad analytical grouping, not an independently validated art-historical attribution."
p097,abstraction_surrealism,Kings' Fairy Tale,Mikalojus Konstantinas Čiurlionis,1909,Symbolism / Art Nouveau,Tempera on canvas,M. K. Čiurlionis National Art Museum,https://commons.wikimedia.org/wiki/File:Mikalojus_Konstantinas_Ciurlionis_-_FAIRY_TALE_(FAIRY_TALE_OF_KINGS)_-_1909.jpg,Public domain; Public domain,p097.jpg,3840,3604,User-priority selection retained for distinctive visual structure and restoration-test value.,"Includes non-photorealistic colour and spatial structure that can test texture continuation, boundary coherence, feature similarity, and the distinction between plausible generation and reference fidelity.",selected,"Candidate source record Q38521931. Date and medium were checked against Wikidata, Wikimedia Commons structured metadata, or linked collection records. The style/period value is a broad analytical grouping, not an independently validated art-historical attribution."
p098,abstraction_surrealism,Fantasy (The Demon),Mikalojus Konstantinas Čiurlionis,1909,Symbolism / Art Nouveau,Tempera on cardboard,M. K. Čiurlionis National Art Museum,https://commons.wikimedia.org/wiki/File:Mikalojus_Konstantinas_Ciurlionis_-_FANTASY_(THE_DEMON)_-_1909.jpg,Public domain; Public domain,p098.jpg,3840,3017,"Selected for visual diversity, metadata completeness, and restoration-test value while limiting repeated series and artist concentration.","Includes non-photorealistic colour and spatial structure that can test texture continuation, boundary coherence, feature similarity, and the distinction between plausible generation and reference fidelity.",selected,"Candidate source record Q107491951. Date and medium were checked against Wikidata, Wikimedia Commons structured metadata, or linked collection records. The style/period value is a broad analytical grouping, not an independently validated art-historical attribution."
p099,abstraction_surrealism,Self-Portrait with Death Playing the Fiddle,Arnold Böcklin,1872,Symbolism,Oil on canvas,Alte Nationalgalerie,https://commons.wikimedia.org/wiki/File:Arnold_Boecklin-fiedelnder_Tod.jpg,Public domain; Public domain,p099.jpg,3840,4757,"Selected for visual diversity, metadata completeness, and restoration-test value while limiting repeated series and artist concentration.","Includes non-photorealistic colour and spatial structure that can test texture continuation, boundary coherence, feature similarity, and the distinction between plausible generation and reference fidelity.",selected,"Candidate source record Q1523789. Date and medium were checked against Wikidata, Wikimedia Commons structured metadata, or linked collection records. The style/period value is a broad analytical grouping, not an independently validated art-historical attribution."
p100,abstraction_surrealism,Isle of the Dead,Arnold Böcklin,1883,Symbolism,Oil on wood,Alte Nationalgalerie,"https://commons.wikimedia.org/wiki/File:Arnold_B%C3%B6cklin_-_Die_Toteninsel_III_(Alte_Nationalgalerie,_Berlin).jpg",Public domain; Public domain,p100.jpg,3840,2046,User-priority selection retained for distinctive visual structure and restoration-test value.,"Includes non-photorealistic colour and spatial structure that can test texture continuation, boundary coherence, feature similarity, and the distinction between plausible generation and reference fidelity.",selected,"Candidate source record Q18009720. Date and medium were checked against Wikidata, Wikimedia Commons structured metadata, or linked collection records. The style/period value is a broad analytical grouping, not an independently validated art-historical attribution."
p101,architecture_structured,"Landing at a Palace by the Grand Canal, with Santa Maria della Salute in the Background",Wilhelm Marstrand,1852-1855,19th-century Danish painting,Oil on paper på canvas,Statens Museum for Kunst,https://open.smk.dk/artwork/image/KMS2045,Public Domain Mark 1.0,p101.jpg,1600,1170,"Selected for architectural prominence, metadata completeness, visual diversity, and restoration-test value while limiting repeated canals, castles, and church interiors.","religious civic architecture; contains structured edges, perspective lines, repeated forms, or bounded surfaces that expose continuity and seam failures.",selected,"Original SMK title: Landstigning ved et palads ved Canal Grande, i baggrunden kirken S. Maria delle Salute. SMK object KMS2045; public_domain=true; rights=https://creativecommons.org/publicdomain/mark/1.0/. Broad period/style is inferred from recorded date and creator nationality."
p102,architecture_structured,Canal in Venice,Gaetano Vetturali,1712-1848,18th-century Italian painting,Oil on canvas,Statens Museum for Kunst,https://open.smk.dk/artwork/image/KMSst314,Public Domain Mark 1.0,p102.jpg,1600,1008,"Selected for architectural prominence, metadata completeness, visual diversity, and restoration-test value while limiting repeated canals, castles, and church interiors.","bridges canals harbours; contains structured edges, perspective lines, repeated forms, or bounded surfaces that expose continuity and seam failures.",selected,Original SMK title: Kanal i Venedig. SMK object KMSst314; public_domain=true; rights=https://creativecommons.org/publicdomain/mark/1.0/. Broad period/style is inferred from recorded date and creator nationality.
p103,architecture_structured,By the Grand Canal in Venice,Karl Schou,1909,20th-century Danish painting,Oil on canvas,Statens Museum for Kunst,https://open.smk.dk/artwork/image/KMS3243,Public Domain Mark 1.0,p103.jpg,4213,3158,"Selected for architectural prominence, metadata completeness, visual diversity, and restoration-test value while limiting repeated canals, castles, and church interiors.","bridges canals harbours; contains structured edges, perspective lines, repeated forms, or bounded surfaces that expose continuity and seam failures.",selected,Original SMK title: Ved Canal Grande i Venedig. SMK object KMS3243; public_domain=true; rights=https://creativecommons.org/publicdomain/mark/1.0/. Broad period/style is inferred from recorded date and creator nationality.
p104,architecture_structured,Buildings by a Canal,Monogrammist PFK,1601-1700,17th-century Dutch painting,Oil on wood,Statens Museum for Kunst,https://open.smk.dk/artwork/image/KMSsp589,Public Domain Mark 1.0,p104.jpg,1600,1206,"Selected for architectural prominence, metadata completeness, visual diversity, and restoration-test value while limiting repeated canals, castles, and church interiors.","bridges canals harbours; contains structured edges, perspective lines, repeated forms, or bounded surfaces that expose continuity and seam failures.",selected,Original SMK title: Bygninger ved en kanal. SMK object KMSsp589; public_domain=true; rights=https://creativecommons.org/publicdomain/mark/1.0/. Broad period/style is inferred from recorded date and creator nationality.
p105,architecture_structured,View from a Harbor in Paris,Bertha Wegmann,1886,19th-century Danish painting,Oil on canvas monteret på malepap,Statens Museum for Kunst,https://open.smk.dk/artwork/image/KMS9097,Public Domain Mark 1.0,p105.jpg,9388,6850,"Selected for architectural prominence, metadata completeness, visual diversity, and restoration-test value while limiting repeated canals, castles, and church interiors.","bridges canals harbours; contains structured edges, perspective lines, repeated forms, or bounded surfaces that expose continuity and seam failures.",selected,Original SMK title: Parti fra en havn i Paris. SMK object KMS9097; public_domain=true; rights=https://creativecommons.org/publicdomain/mark/1.0/. Broad period/style is inferred from recorded date and creator nationality.
p106,architecture_structured,Dutch Church Interior,Rutger van Langevelt,1659,17th-century Dutch painting,Oil on canvas,Statens Museum for Kunst,https://open.smk.dk/artwork/image/KMS3733,Public Domain Mark 1.0,p106.jpg,8568,10194,"Selected for architectural prominence, metadata completeness, visual diversity, and restoration-test value while limiting repeated canals, castles, and church interiors.","religious civic architecture; contains structured edges, perspective lines, repeated forms, or bounded surfaces that expose continuity and seam failures.",selected,Original SMK title: Hollandsk kirkeinteriør. SMK object KMS3733; public_domain=true; rights=https://creativecommons.org/publicdomain/mark/1.0/. Broad period/style is inferred from recorded date and creator nationality.
p107,architecture_structured,Mountain Landscape with a Monastery,Abraham Genoels,1655-1723,17th-century Flamsk painting,Oil on canvas,Statens Museum for Kunst,https://open.smk.dk/artwork/image/KMS673,Public Domain Mark 1.0,p107.jpg,1600,1479,"Selected for architectural prominence, metadata completeness, visual diversity, and restoration-test value while limiting repeated canals, castles, and church interiors.","palaces castles estates; contains structured edges, perspective lines, repeated forms, or bounded surfaces that expose continuity and seam failures.",selected,Original SMK title: Bjerglandskab med et kloster. SMK object KMS673; public_domain=true; rights=https://creativecommons.org/publicdomain/mark/1.0/. Broad period/style is inferred from recorded date and creator nationality.
p108,architecture_structured,Colonnade in Ruins,Alessandro Salucci,1605-1655,17th-century Italian painting,Oil on canvas,Statens Museum for Kunst,https://open.smk.dk/artwork/image/KMSst77,Public Domain Mark 1.0,p108.jpg,1600,1287,User-priority selection retained for distinctive architectural structure and restoration-test value.,"ruins monuments; contains structured edges, perspective lines, repeated forms, or bounded surfaces that expose continuity and seam failures.",selected,Original SMK title: Kolonnade i ruiner. SMK object KMSst77; public_domain=true; rights=https://creativecommons.org/publicdomain/mark/1.0/. Broad period/style is inferred from recorded date and creator nationality.
p109,architecture_structured,Street in Stege,Albert Gottschalk,1903,20th-century Danish painting,Oil on canvas,Statens Museum for Kunst,https://open.smk.dk/artwork/image/KMS7183,Public Domain Mark 1.0,p109.jpg,1600,1039,"Selected for architectural prominence, metadata completeness, visual diversity, and restoration-test value while limiting repeated canals, castles, and church interiors.","streets squares cityscapes; contains structured edges, perspective lines, repeated forms, or bounded surfaces that expose continuity and seam failures.",selected,Original SMK title: Gade i Stege. SMK object KMS7183; public_domain=true; rights=https://creativecommons.org/publicdomain/mark/1.0/. Broad period/style is inferred from recorded date and creator nationality.
p110,architecture_structured,Main Building at Gisselfeld Monastery,C.V.M. Jensen,1834-1839,19th-century Danish painting,Oil on canvas,Statens Museum for Kunst,https://open.smk.dk/artwork/image/KMS424,Public Domain Mark 1.0,p110.jpg,1600,1187,"Selected for architectural prominence, metadata completeness, visual diversity, and restoration-test value while limiting repeated canals, castles, and church interiors.","palaces castles estates; contains structured edges, perspective lines, repeated forms, or bounded surfaces that expose continuity and seam failures.",selected,Original SMK title: Hovedbygningen på Gisselfeld Kloster. SMK object KMS424; public_domain=true; rights=https://creativecommons.org/publicdomain/mark/1.0/. Broad period/style is inferred from recorded date and creator nationality.
p111,architecture_structured,Interior with a Young Girl Reading,Carl Holsøe,1903,20th-century Danish painting,Oil on canvas,Statens Museum for Kunst,https://open.smk.dk/artwork/image/KMS1790,Public Domain Mark 1.0,p111.jpg,5421,6226,User-priority selection retained for distinctive architectural structure and restoration-test value.,"buildings and settlements; contains structured edges, perspective lines, repeated forms, or bounded surfaces that expose continuity and seam failures.",selected,Original SMK title: Interiør med ung pige der læser. SMK object KMS1790; public_domain=true; rights=https://creativecommons.org/publicdomain/mark/1.0/. Broad period/style is inferred from recorded date and creator nationality.
p112,architecture_structured,Roman Ruins and Tomb Monuments,Monogrammist JDC(?),1749-1848,18th-century painting (SMK collection),Oil on canvas,Statens Museum for Kunst,https://open.smk.dk/artwork/image/KMSst218,Public Domain Mark 1.0,p112.jpg,1193,1600,"Selected for architectural prominence, metadata completeness, visual diversity, and restoration-test value while limiting repeated canals, castles, and church interiors.","ruins monuments; contains structured edges, perspective lines, repeated forms, or bounded surfaces that expose continuity and seam failures.",selected,Original SMK title: Romerske ruiner og gravmonumenter. SMK object KMSst218; public_domain=true; rights=https://creativecommons.org/publicdomain/mark/1.0/. Broad period/style is inferred from recorded date and creator nationality.
p113,architecture_structured,Market at Stege Square,Albert Gottschalk,1892,19th-century Danish painting,Oil on canvas,Statens Museum for Kunst,https://open.smk.dk/artwork/image/KMS3286,Public Domain Mark 1.0,p113.jpg,1144,1600,"Selected for architectural prominence, metadata completeness, visual diversity, and restoration-test value while limiting repeated canals, castles, and church interiors.","streets squares cityscapes; contains structured edges, perspective lines, repeated forms, or bounded surfaces that expose continuity and seam failures.",selected,Original SMK title: Marked på Stege Torv. SMK object KMS3286; public_domain=true; rights=https://creativecommons.org/publicdomain/mark/1.0/. Broad period/style is inferred from recorded date and creator nationality.
p114,architecture_structured,Interior,Emile Othon Friesz,1914,20th-century French painting,Oil on canvas,Statens Museum for Kunst,https://open.smk.dk/artwork/image/KMSr49,Public Domain Mark 1.0,p114.jpg,4134,5056,User-priority selection retained for distinctive architectural structure and restoration-test value.,"buildings and settlements; contains structured edges, perspective lines, repeated forms, or bounded surfaces that expose continuity and seam failures.",selected,Original SMK title: Interiør. SMK object KMSr49; public_domain=true; rights=https://creativecommons.org/publicdomain/mark/1.0/. Broad period/style is inferred from recorded date and creator nationality.
p115,architecture_structured,Family Returning Home in a Square by Moonlight,Gerrit Lundens,1637-1702,17th-century Dutch painting,Oil on wood,Statens Museum for Kunst,https://open.smk.dk/artwork/image/KMS1875,Public Domain Mark 1.0,p115.jpg,1275,1600,"Selected for architectural prominence, metadata completeness, visual diversity, and restoration-test value while limiting repeated canals, castles, and church interiors.","streets squares cityscapes; contains structured edges, perspective lines, repeated forms, or bounded surfaces that expose continuity and seam failures.",selected,Original SMK title: Hjemvendt familie på et torv i måneskin. SMK object KMS1875; public_domain=true; rights=https://creativecommons.org/publicdomain/mark/1.0/. Broad period/style is inferred from recorded date and creator nationality.
p116,architecture_structured,Stream with a Bridge,Albert Gottschalk,1887,19th-century Danish painting,Oil on canvas,Statens Museum for Kunst,https://open.smk.dk/artwork/image/KMS2009,Public Domain Mark 1.0,p116.jpg,1600,1035,"Selected for architectural prominence, metadata completeness, visual diversity, and restoration-test value while limiting repeated canals, castles, and church interiors.","bridges canals harbours; contains structured edges, perspective lines, repeated forms, or bounded surfaces that expose continuity and seam failures.",selected,Original SMK title: Åløb med en bro. SMK object KMS2009; public_domain=true; rights=https://creativecommons.org/publicdomain/mark/1.0/. Broad period/style is inferred from recorded date and creator nationality.
p117,architecture_structured,Architecture,Giovanni Paolo Pannini,1706-1765,18th-century Italian painting,Oil on canvas,Statens Museum for Kunst,https://open.smk.dk/artwork/image/KMSsp36,Public Domain Mark 1.0,p117.jpg,1331,1600,User-priority selection retained for distinctive architectural structure and restoration-test value.,"buildings and settlements; contains structured edges, perspective lines, repeated forms, or bounded surfaces that expose continuity and seam failures.",selected,Original SMK title: Arkitektur. SMK object KMSsp36; public_domain=true; rights=https://creativecommons.org/publicdomain/mark/1.0/. Broad period/style is inferred from recorded date and creator nationality.
p118,architecture_structured,Street in Torello,P.S. Krøyer,1890,19th-century Danish painting,Oil on canvas,Statens Museum for Kunst,https://open.smk.dk/artwork/image/KMS1435,Public Domain Mark 1.0,p118.jpg,2920,4126,"Selected for architectural prominence, metadata completeness, visual diversity, and restoration-test value while limiting repeated canals, castles, and church interiors.","streets squares cityscapes; contains structured edges, perspective lines, repeated forms, or bounded surfaces that expose continuity and seam failures.",selected,Original SMK title: Gade i Torello. SMK object KMS1435; public_domain=true; rights=https://creativecommons.org/publicdomain/mark/1.0/. Broad period/style is inferred from recorded date and creator nationality.
p119,architecture_structured,Bridge over the Cemetery Stream in Assens,Dankvart Dreyer,1842,19th-century Danish painting,Oil on wood,Statens Museum for Kunst,https://open.smk.dk/artwork/image/KMS1690,Public Domain Mark 1.0,p119.jpg,4108,2673,User-priority selection retained for distinctive architectural structure and restoration-test value.,"religious civic architecture; contains structured edges, perspective lines, repeated forms, or bounded surfaces that expose continuity and seam failures.",selected,Original SMK title: Bro over kirkegårdsåen i Assens. SMK object KMS1690; public_domain=true; rights=https://creativecommons.org/publicdomain/mark/1.0/. Broad period/style is inferred from recorded date and creator nationality.
p120,architecture_structured,Mountain Landscape with a Bridge,Heinrich Grosch,1808,19th-century painting (SMK collection),Oil on canvas,Statens Museum for Kunst,https://open.smk.dk/artwork/image/KMS1296,Public Domain Mark 1.0,p120.jpg,1600,1145,"Selected for architectural prominence, metadata completeness, visual diversity, and restoration-test value while limiting repeated canals, castles, and church interiors.","bridges canals harbours; contains structured edges, perspective lines, repeated forms, or bounded surfaces that expose continuity and seam failures.",selected,Original SMK title: Bjerglandskab med en bro. SMK object KMS1296; public_domain=true; rights=https://creativecommons.org/publicdomain/mark/1.0/. Broad period/style is inferred from recorded date and creator nationality.
p121,architecture_structured,Architecture with Figures,Hubert Robert,1748-1808,18th-century French painting,Oil on canvas,Statens Museum for Kunst,https://open.smk.dk/artwork/image/KMS324,Public Domain Mark 1.0,p121.jpg,1600,1300,"Selected for architectural prominence, metadata completeness, visual diversity, and restoration-test value while limiting repeated canals, castles, and church interiors.","buildings and settlements; contains structured edges, perspective lines, repeated forms, or bounded surfaces that expose continuity and seam failures.",selected,Original SMK title: Arkitektur med figurer. SMK object KMS324; public_domain=true; rights=https://creativecommons.org/publicdomain/mark/1.0/. Broad period/style is inferred from recorded date and creator nationality.
p122,architecture_structured,Frederiksborg Castle by Moonlight,J.C. Dahl,1817,19th-century Norwegian painting,Oil on canvas,Statens Museum for Kunst,https://open.smk.dk/artwork/image/KMS967,Public Domain Mark 1.0,p122.jpg,12172,8379,"Selected for architectural prominence, metadata completeness, visual diversity, and restoration-test value while limiting repeated canals, castles, and church interiors.","palaces castles estates; contains structured edges, perspective lines, repeated forms, or bounded surfaces that expose continuity and seam failures.",selected,Original SMK title: Frederiksborg slot i måneskin. SMK object KMS967; public_domain=true; rights=https://creativecommons.org/publicdomain/mark/1.0/. Broad period/style is inferred from recorded date and creator nationality.
p123,architecture_structured,Houses by a Canal,Jan van der Heyden,1652-1712,17th-century Dutch painting,Oil on wood,Statens Museum for Kunst,https://open.smk.dk/artwork/image/KMSsp588,Public Domain Mark 1.0,p123.jpg,1600,1166,"Selected for architectural prominence, metadata completeness, visual diversity, and restoration-test value while limiting repeated canals, castles, and church interiors.","bridges canals harbours; contains structured edges, perspective lines, repeated forms, or bounded surfaces that expose continuity and seam failures.",selected,Original SMK title: Huse ved en kanal. SMK object KMSsp588; public_domain=true; rights=https://creativecommons.org/publicdomain/mark/1.0/. Broad period/style is inferred from recorded date and creator nationality.
p124,architecture_structured,"Piazza San Marco, Venice",Bernardo Bellotto,c. 1740,"18th-century Italy, 18th century painting",oil on canvas,Cleveland Museum of Art,https://clevelandart.org/art/1962.169,CC0,p124.jpg,3400,1941,"Selected for architectural prominence, metadata completeness, visual diversity, and restoration-test value while limiting repeated canals, castles, and church interiors.","streets squares cityscapes; contains structured edges, perspective lines, repeated forms, or bounded surfaces that expose continuity and seam failures.",selected,CMA object 1962.169; share_license_status=CC0. Broad period/style uses recorded culture/collection and date.
p125,architecture_structured,"The Doge's Palace, Venice",Richard Parkes Bonington,1826,"19th-century England, 19th century painting",oil on millboard,Cleveland Museum of Art,https://clevelandart.org/art/1985.56,CC0,p125.jpg,3400,2816,"Selected for architectural prominence, metadata completeness, visual diversity, and restoration-test value while limiting repeated canals, castles, and church interiors.","palaces castles estates; contains structured edges, perspective lines, repeated forms, or bounded surfaces that expose continuity and seam failures.",selected,CMA object 1985.56; share_license_status=CC0. Broad period/style uses recorded culture/collection and date.
p126,architecture_structured,Interior of a Synagogue,Alessandro Magnasco,c. 1725–35,"18th-century Italy, 18th century painting",oil on canvas,Cleveland Museum of Art,https://clevelandart.org/art/1930.22,CC0,p126.jpg,3400,2780,"Selected for architectural prominence, metadata completeness, visual diversity, and restoration-test value while limiting repeated canals, castles, and church interiors.","architectural interiors; contains structured edges, perspective lines, repeated forms, or bounded surfaces that expose continuity and seam failures.",selected,CMA object 1930.22; share_license_status=CC0. Broad period/style uses recorded culture/collection and date.
p127,architecture_structured,"Interior of the Pantheon, Rome",Giovanni Paolo Panini,1747,"18th-century Italy, 18th century painting",oil on canvas,Cleveland Museum of Art,https://clevelandart.org/art/1974.39,CC0,p127.jpg,2648,3400,"Selected for architectural prominence, metadata completeness, visual diversity, and restoration-test value while limiting repeated canals, castles, and church interiors.","architectural interiors; contains structured edges, perspective lines, repeated forms, or bounded surfaces that expose continuity and seam failures.",selected,CMA object 1974.39; share_license_status=CC0. Broad period/style uses recorded culture/collection and date.
p128,architecture_structured,Church Street El,Charles Sheeler,1920,20th-century America painting,oil on canvas,Cleveland Museum of Art,https://clevelandart.org/art/1977.43,CC0,p128.jpg,3400,2841,"Selected for architectural prominence, metadata completeness, visual diversity, and restoration-test value while limiting repeated canals, castles, and church interiors.","religious civic architecture; contains structured edges, perspective lines, repeated forms, or bounded surfaces that expose continuity and seam failures.",selected,CMA object 1977.43; share_license_status=CC0. Broad period/style uses recorded culture/collection and date.
p129,architecture_structured,Ruins of an Ancient City,John Martin,c. 1810–20,"19th-century England, 19th century painting","oil on paper, mounted on canvas",Cleveland Museum of Art,https://clevelandart.org/art/1981.13,CC0,p129.jpg,3400,2732,"Selected for architectural prominence, metadata completeness, visual diversity, and restoration-test value while limiting repeated canals, castles, and church interiors.","ruins monuments; contains structured edges, perspective lines, repeated forms, or bounded surfaces that expose continuity and seam failures.",selected,CMA object 1981.13; share_license_status=CC0. Broad period/style uses recorded culture/collection and date.
p130,architecture_structured,Construction of an Elevated Railway: Bridge over the Cours de Vincennes,Paul Désiré Trouillebert,1888,"19th-century France, 19th century painting",oil on fabric,Cleveland Museum of Art,https://clevelandart.org/art/1980.289,CC0,p130.jpg,3400,2325,"Selected for architectural prominence, metadata completeness, visual diversity, and restoration-test value while limiting repeated canals, castles, and church interiors.","bridges canals harbours; contains structured edges, perspective lines, repeated forms, or bounded surfaces that expose continuity and seam failures.",selected,CMA object 1980.289; share_license_status=CC0. Broad period/style uses recorded culture/collection and date.
p131,architecture_structured,The Dock of Deauville,Eugène Boudin,1891,"19th-century France, 19th century painting",oil on wood panel,Cleveland Museum of Art,https://clevelandart.org/art/1939.165,CC0,p131.jpg,2751,3400,"Selected for architectural prominence, metadata completeness, visual diversity, and restoration-test value while limiting repeated canals, castles, and church interiors.","bridges canals harbours; contains structured edges, perspective lines, repeated forms, or bounded surfaces that expose continuity and seam failures.",selected,CMA object 1939.165; share_license_status=CC0. Broad period/style uses recorded culture/collection and date.
p132,architecture_structured,"Harbor of Boston, with the City in the Distance",Fitz Henry Lane,c. 1846–1847,19th-century America painting,oil on canvas,Cleveland Museum of Art,https://clevelandart.org/art/2004.35,CC0,p132.jpg,3400,2097,"Selected for architectural prominence, metadata completeness, visual diversity, and restoration-test value while limiting repeated canals, castles, and church interiors.","bridges canals harbours; contains structured edges, perspective lines, repeated forms, or bounded surfaces that expose continuity and seam failures.",selected,CMA object 2004.35; share_license_status=CC0. Broad period/style uses recorded culture/collection and date.
p133,architecture_structured,A Hall in the Doge's Palace in Venice,Heinrich Hansen,1885,19th-century Danish painting,Oil on canvas,Statens Museum for Kunst,https://open.smk.dk/artwork/image/KMS3364,Public Domain Mark 1.0,p133.jpg,1600,1147,"Selected for architectural prominence, metadata completeness, visual diversity, and restoration-test value while limiting repeated canals, castles, and church interiors.","palaces castles estates; contains structured edges, perspective lines, repeated forms, or bounded surfaces that expose continuity and seam failures.",selected,Original SMK title: En sal i Dogepaladset i Venedig. SMK object KMS3364; public_domain=true; rights=https://creativecommons.org/publicdomain/mark/1.0/. Broad period/style is inferred from recorded date and creator nationality.
p134,architecture_structured,Two Elephants Fighting in a Courtyard Before Muhammad Shah,Nainsukh,c. 1730–40,"18th-century Northern India, Himachal Pradesh, Guler painting","Gum tempera, ink, and gold on paper",Cleveland Museum of Art,https://clevelandart.org/art/2005.1.a,CC0,p134.jpg,2312,3400,User-priority selection retained for distinctive architectural structure and restoration-test value.,"palaces castles estates; contains structured edges, perspective lines, repeated forms, or bounded surfaces that expose continuity and seam failures.",selected,CMA object 2005.1.a; share_license_status=CC0. Broad period/style uses recorded culture/collection and date.
p135,architecture_structured,Women bathing before an architectural panorama,Fayzullah,c. 1765,"18th-century India, Lucknow, Mughal painting",Gum tempera and gold on paper,Cleveland Museum of Art,https://clevelandart.org/art/2013.344,CC0,p135.jpg,2469,3400,"Selected for architectural prominence, metadata completeness, visual diversity, and restoration-test value while limiting repeated canals, castles, and church interiors.","ruins monuments; contains structured edges, perspective lines, repeated forms, or bounded surfaces that expose continuity and seam failures.",selected,CMA object 2013.344; share_license_status=CC0. Broad period/style uses recorded culture/collection and date.
p136,architecture_structured,"Saint-Mammès, Loing Canal",Alfred Sisley,1885,"19th-century France, 19th century painting",oil on fabric,Cleveland Museum of Art,https://clevelandart.org/art/1961.262,CC0,p136.jpg,3400,2846,"Selected for architectural prominence, metadata completeness, visual diversity, and restoration-test value while limiting repeated canals, castles, and church interiors.","bridges canals harbours; contains structured edges, perspective lines, repeated forms, or bounded surfaces that expose continuity and seam failures.",selected,CMA object 1961.262; share_license_status=CC0. Broad period/style uses recorded culture/collection and date.
p137,architecture_structured,"The Slotskirken of Christiansborg, Copenhagen",Heinrich Hansen,c. 1850s,19th-century Denmark painting,oil on fabric,Cleveland Museum of Art,https://clevelandart.org/art/1995.66,CC0,p137.jpg,3057,3400,"Selected for architectural prominence, metadata completeness, visual diversity, and restoration-test value while limiting repeated canals, castles, and church interiors.","religious civic architecture; contains structured edges, perspective lines, repeated forms, or bounded surfaces that expose continuity and seam failures.",selected,CMA object 1995.66; share_license_status=CC0. Broad period/style uses recorded culture/collection and date.
p138,architecture_structured,Castle on a River,Salomon van Ruysdael,1644,17th-century Netherlands painting,oil on wood,Cleveland Museum of Art,https://clevelandart.org/art/1973.2,CC0,p138.jpg,3400,2216,"Selected for architectural prominence, metadata completeness, visual diversity, and restoration-test value while limiting repeated canals, castles, and church interiors.","palaces castles estates; contains structured edges, perspective lines, repeated forms, or bounded surfaces that expose continuity and seam failures.",selected,CMA object 1973.2; share_license_status=CC0. Broad period/style uses recorded culture/collection and date.
p139,architecture_structured,Bridge at Poissy (Pêcheurs à ligne),Ernest Meissonier,1881,"19th-century France, 19th century painting",oil on board,Cleveland Museum of Art,https://clevelandart.org/art/2022.432,CC0,p139.jpg,3400,2336,User-priority selection retained for distinctive architectural structure and restoration-test value.,"bridges canals harbours; contains structured edges, perspective lines, repeated forms, or bounded surfaces that expose continuity and seam failures.",selected,CMA object 2022.432; share_license_status=CC0. Broad period/style uses recorded culture/collection and date.
p140,architecture_structured,"Herengracht, Amsterdam",Jan Wijnants,c. 1661,17th-century Netherlands painting,oil on canvas,Cleveland Museum of Art,https://clevelandart.org/art/1964.419,CC0,p140.jpg,3400,2782,"Selected for architectural prominence, metadata completeness, visual diversity, and restoration-test value while limiting repeated canals, castles, and church interiors.","buildings and settlements; contains structured edges, perspective lines, repeated forms, or bounded surfaces that expose continuity and seam failures.",selected,CMA object 1964.419; share_license_status=CC0. Broad period/style uses recorded culture/collection and date.
p141,architecture_structured,Ruins in a Rocky Landscape,Salvator Rosa,c. 1640,17th-century Italy painting,oil on canvas,Cleveland Museum of Art,https://clevelandart.org/art/1958.472,CC0,p141.jpg,3400,2772,"Selected for architectural prominence, metadata completeness, visual diversity, and restoration-test value while limiting repeated canals, castles, and church interiors.","ruins monuments; contains structured edges, perspective lines, repeated forms, or bounded surfaces that expose continuity and seam failures.",selected,CMA object 1958.472; share_license_status=CC0. Broad period/style uses recorded culture/collection and date.
p142,architecture_structured,Canal in Autumn (Gisors),Henri Le Sidaner,1913,"20th-century France, early 20th century painting",oil on canvas,Cleveland Museum of Art,https://clevelandart.org/art/2011.73,CC0,p142.jpg,3400,2819,User-priority selection retained for distinctive architectural structure and restoration-test value.,"bridges canals harbours; contains structured edges, perspective lines, repeated forms, or bounded surfaces that expose continuity and seam failures.",selected,CMA object 2011.73; share_license_status=CC0. Broad period/style uses recorded culture/collection and date.
p143,architecture_structured,Ruin by the Sea,Arnold Böcklin,1881,19th-century Switzerland painting,oil on fabric,Cleveland Museum of Art,https://clevelandart.org/art/1979.57,CC0,p143.jpg,2498,3400,"Selected for architectural prominence, metadata completeness, visual diversity, and restoration-test value while limiting repeated canals, castles, and church interiors.","ruins monuments; contains structured edges, perspective lines, repeated forms, or bounded surfaces that expose continuity and seam failures.",selected,CMA object 1979.57; share_license_status=CC0. Broad period/style uses recorded culture/collection and date.
p144,architecture_structured,Jesus among the doctors in the Temple,Mir Kalan Khan,c. 1760,"18th-century India, Lucknow, Mughal, 18th century painting",Gum tempera and gold on paper,Cleveland Museum of Art,https://clevelandart.org/art/2013.346,CC0,p144.jpg,2113,3400,User-priority selection retained for distinctive architectural structure and restoration-test value.,"religious civic architecture; contains structured edges, perspective lines, repeated forms, or bounded surfaces that expose continuity and seam failures.",selected,CMA object 2013.346; share_license_status=CC0. Broad period/style uses recorded culture/collection and date.
p145,architecture_structured,"Monks in the Cloister of the Church of Gesù e Maria, Rome",François Marius Granet,1808,19th-century French painting,Oil on canvas,The Metropolitan Museum of Art,https://www.metmuseum.org/art/collection/search/438659,CC0,p145.jpg,3092,3866,"Selected for architectural prominence, metadata completeness, visual diversity, and restoration-test value while limiting repeated canals, castles, and church interiors.","religious civic architecture; contains structured edges, perspective lines, repeated forms, or bounded surfaces that expose continuity and seam failures.",selected,"Met object 438659; isPublicDomain=true. Broad period/style uses recorded culture, period, nationality, or date."
p146,architecture_structured,Interior of a Gothic Church by Day,Pieter Neeffs the Elder,probably ca. 1635–40,17th-century Flemish painting,Oil on copper,The Metropolitan Museum of Art,https://www.metmuseum.org/art/collection/search/437187,CC0,p146.jpg,2607,2067,"Selected for architectural prominence, metadata completeness, visual diversity, and restoration-test value while limiting repeated canals, castles, and church interiors.","architectural interiors; contains structured edges, perspective lines, repeated forms, or bounded surfaces that expose continuity and seam failures.",selected,"Met object 437187; isPublicDomain=true. Broad period/style uses recorded culture, period, nationality, or date."
p147,architecture_structured,"Interior of the Oude Kerk, Delft",Emanuel de Witte,probably 1650,17th-century Dutch painting,Oil on wood,The Metropolitan Museum of Art,https://www.metmuseum.org/art/collection/search/438490,CC0,p147.jpg,2675,3722,"Selected for architectural prominence, metadata completeness, visual diversity, and restoration-test value while limiting repeated canals, castles, and church interiors.","architectural interiors; contains structured edges, perspective lines, repeated forms, or bounded surfaces that expose continuity and seam failures.",selected,"Met object 438490; isPublicDomain=true. Broad period/style uses recorded culture, period, nationality, or date."
p148,architecture_structured,The Choir of the Capuchin Church in Rome,François Marius Granet,1814–15,19th-century French painting,Oil on canvas,The Metropolitan Museum of Art,https://www.metmuseum.org/art/collection/search/436569,CC0,p148.jpg,1394,1861,"Selected for architectural prominence, metadata completeness, visual diversity, and restoration-test value while limiting repeated canals, castles, and church interiors.","religious civic architecture; contains structured edges, perspective lines, repeated forms, or bounded surfaces that expose continuity and seam failures.",selected,"Met object 436569; isPublicDomain=true. Broad period/style uses recorded culture, period, nationality, or date."
p149,architecture_structured,"Interior of the Sint-Bavokerk, Haarlem",Job Adriaensz Berckheyde,ca. 1676,17th-century Dutch painting,Oil on oak,The Metropolitan Museum of Art,https://www.metmuseum.org/art/collection/search/912940,CC0,p149.jpg,3234,4000,"Selected for architectural prominence, metadata completeness, visual diversity, and restoration-test value while limiting repeated canals, castles, and church interiors.","architectural interiors; contains structured edges, perspective lines, repeated forms, or bounded surfaces that expose continuity and seam failures.",selected,"Met object 912940; isPublicDomain=true. Broad period/style uses recorded culture, period, nationality, or date."
p150,architecture_structured,Pope Gregory XVI Visiting the Church of San Benedetto at Subiaco,Jean-François Montessuy,1843,19th-century French painting,Oil on canvas,The Metropolitan Museum of Art,https://www.metmuseum.org/art/collection/search/438665,CC0,p150.jpg,1951,1751,User-priority selection retained for distinctive architectural structure and restoration-test value.,"religious civic architecture; contains structured edges, perspective lines, repeated forms, or bounded surfaces that expose continuity and seam failures.",selected,"Met object 438665; isPublicDomain=true. Broad period/style uses recorded culture, period, nationality, or date."
p151,landscape_natural,Mountain Landscape at Sunset,Jean Honoré Fragonard,c. 1765,1751 to 1775,oil on paper,National Gallery of Art,https://www.nga.gov/artworks/98647,CC0 / Open Access,p151.jpg,1600,1045,"Selected for natural-scene prominence, metadata completeness, visual diversity, and restoration-test value while limiting repeated artists and near-identical motifs.","mountain; includes natural contours, tonal gradients, texture, foliage, water, sky, or atmospheric depth that can expose reconstruction and boundary failures.",selected,National Gallery of Art object 98647; broad style/period uses source metadata where available and otherwise a date-based analytical grouping.
p152,landscape_natural,Dunes by the Sea,Jacob van Ruisdael,1648,1601 to 1650,oil on panel,National Gallery of Art,https://www.nga.gov/artworks/210038,CC0 / Open Access,p152.jpg,1600,1177,"Selected for natural-scene prominence, metadata completeness, visual diversity, and restoration-test value while limiting repeated artists and near-identical motifs.","coast; includes natural contours, tonal gradients, texture, foliage, water, sky, or atmospheric depth that can expose reconstruction and boundary failures.",selected,National Gallery of Art object 210038; broad style/period uses source metadata where available and otherwise a date-based analytical grouping.
p153,landscape_natural,Autumn - On the Hudson River,Jasper Francis Cropsey,1860,1851 to 1875,oil on canvas,National Gallery of Art,https://www.nga.gov/artworks/46474,CC0 / Open Access,p153.jpg,1600,882,"Selected for natural-scene prominence, metadata completeness, visual diversity, and restoration-test value while limiting repeated artists and near-identical motifs.","water; includes natural contours, tonal gradients, texture, foliage, water, sky, or atmospheric depth that can expose reconstruction and boundary failures.",selected,National Gallery of Art object 46474; broad style/period uses source metadata where available and otherwise a date-based analytical grouping.
p154,landscape_natural,A Wooded Landscape,Meindert Hobbema,1663,1651 to 1700,oil on canvas,National Gallery of Art,https://www.nga.gov/artworks/68,CC0 / Open Access,p154.jpg,1600,1152,"Selected for natural-scene prominence, metadata completeness, visual diversity, and restoration-test value while limiting repeated artists and near-identical motifs.","forest; includes natural contours, tonal gradients, texture, foliage, water, sky, or atmospheric depth that can expose reconstruction and boundary failures.",selected,National Gallery of Art object 68; broad style/period uses source metadata where available and otherwise a date-based analytical grouping.
p155,landscape_natural,A Landscape after Sunset,Washington Allston,c. 1819,1801 to 1825,oil on canvas,National Gallery of Art,https://www.nga.gov/artworks/177332,CC0 / Open Access,p155.jpg,1600,1118,"Selected for natural-scene prominence, metadata completeness, visual diversity, and restoration-test value while limiting repeated artists and near-identical motifs.","seasonal_atmospheric; includes natural contours, tonal gradients, texture, foliage, water, sky, or atmospheric depth that can expose reconstruction and boundary failures.",selected,National Gallery of Art object 177332; broad style/period uses source metadata where available and otherwise a date-based analytical grouping.
p156,landscape_natural,A Summer Landscape,Georges Seurat,1883,1876 to 1900,oil on wood,National Gallery of Art,https://www.nga.gov/artworks/164962,CC0 / Open Access,p156.jpg,1600,992,"Selected for natural-scene prominence, metadata completeness, visual diversity, and restoration-test value while limiting repeated artists and near-identical motifs.","general_landscape; includes natural contours, tonal gradients, texture, foliage, water, sky, or atmospheric depth that can expose reconstruction and boundary failures.",selected,National Gallery of Art object 164962; broad style/period uses source metadata where available and otherwise a date-based analytical grouping.
p157,landscape_natural,"East Hampton Beach, Long Island",Winslow Homer,1874,1851 to 1875,oil on canvas,National Gallery of Art,https://customprints.nga.gov/detail/463793/homer-east-hampton-beach-long-island-1874?lid=124135,CC0 / Open Access,p157.jpg,1600,738,"Selected for natural-scene prominence, metadata completeness, visual diversity, and restoration-test value while limiting repeated artists and near-identical motifs.","coast; includes natural contours, tonal gradients, texture, foliage, water, sky, or atmospheric depth that can expose reconstruction and boundary failures.",selected,National Gallery of Art object 157923; broad style/period uses source metadata where available and otherwise a date-based analytical grouping.
p158,landscape_natural,"Boathouse, Winter, Harlem River",Ernest Lawson,c. 1916,1901 to 1925,oil on canvas,National Gallery of Art,https://www.nga.gov/artworks/195433,CC0 / Open Access,p158.jpg,1600,1275,"Selected for natural-scene prominence, metadata completeness, visual diversity, and restoration-test value while limiting repeated artists and near-identical motifs.","water; includes natural contours, tonal gradients, texture, foliage, water, sky, or atmospheric depth that can expose reconstruction and boundary failures.",selected,National Gallery of Art object 195433; broad style/period uses source metadata where available and otherwise a date-based analytical grouping.
p159,landscape_natural,Spring Woods,Henry Ward Ranger,c. 1910,1901 to 1925,oil on canvas,National Gallery of Art,https://www.nga.gov/artworks/46677,CC0 / Open Access,p159.jpg,1600,1239,"Selected for natural-scene prominence, metadata completeness, visual diversity, and restoration-test value while limiting repeated artists and near-identical motifs.","forest; includes natural contours, tonal gradients, texture, foliage, water, sky, or atmospheric depth that can expose reconstruction and boundary failures.",selected,National Gallery of Art object 46677; broad style/period uses source metadata where available and otherwise a date-based analytical grouping.
p160,landscape_natural,After the Rain,Théodore Rousseau,c. 1850,1826 to 1850,oil on canvas,National Gallery of Art,https://customprints.nga.gov/detail/479389/rousseau-after-the-rain-c.-1850?lid=124135,CC0 / Open Access,p160.jpg,1600,870,"Selected for natural-scene prominence, metadata completeness, visual diversity, and restoration-test value while limiting repeated artists and near-identical motifs.","seasonal_atmospheric; includes natural contours, tonal gradients, texture, foliage, water, sky, or atmospheric depth that can expose reconstruction and boundary failures.",selected,National Gallery of Art object 195088; broad style/period uses source metadata where available and otherwise a date-based analytical grouping.
p161,landscape_natural,"Northern Landscape, Spring",Caspar David Friedrich,c. 1825,1801 to 1825,oil on canvas,National Gallery of Art,https://www.nga.gov/artworks/130555,CC0 / Open Access,p161.jpg,1600,1152,"Selected for natural-scene prominence, metadata completeness, visual diversity, and restoration-test value while limiting repeated artists and near-identical motifs.","general_landscape; includes natural contours, tonal gradients, texture, foliage, water, sky, or atmospheric depth that can expose reconstruction and boundary failures.",selected,National Gallery of Art object 130555; broad style/period uses source metadata where available and otherwise a date-based analytical grouping.
p162,landscape_natural,A View of the Mountain Pass Called the Notch of the White Mountains (Crawford Notch),Thomas Cole,1839,1826 to 1850,oil on canvas,National Gallery of Art,https://customprints.nga.gov/detail/461230/cole-a-view-of-the-mountain-pass-called-the-notch-of-the-white-mountains-crawford-notch-1839?lid=124135,CC0 / Open Access,p162.jpg,1600,1042,"Selected for natural-scene prominence, metadata completeness, visual diversity, and restoration-test value while limiting repeated artists and near-identical motifs.","mountain; includes natural contours, tonal gradients, texture, foliage, water, sky, or atmospheric depth that can expose reconstruction and boundary failures.",selected,National Gallery of Art object 50727; broad style/period uses source metadata where available and otherwise a date-based analytical grouping.
p163,landscape_natural,Dance under the Trees at the Edge of the Lake,Jean-Baptiste-Camille Corot,1865/1870,1851 to 1875,oil on canvas,National Gallery of Art,https://www.nga.gov/artworks/176397,CC0 / Open Access,p163.jpg,1600,1098,"Selected for natural-scene prominence, metadata completeness, visual diversity, and restoration-test value while limiting repeated artists and near-identical motifs.","water; includes natural contours, tonal gradients, texture, foliage, water, sky, or atmospheric depth that can expose reconstruction and boundary failures.",selected,National Gallery of Art object 176397; broad style/period uses source metadata where available and otherwise a date-based analytical grouping.
p164,landscape_natural,Sunset in the Woods,George Inness,1891,1876 to 1900,oil on canvas,National Gallery of Art,https://www.nga.gov/artworks/166496,CC0 / Open Access,p164.jpg,1600,1068,"Selected for natural-scene prominence, metadata completeness, visual diversity, and restoration-test value while limiting repeated artists and near-identical motifs.","forest; includes natural contours, tonal gradients, texture, foliage, water, sky, or atmospheric depth that can expose reconstruction and boundary failures.",selected,National Gallery of Art object 166496; broad style/period uses source metadata where available and otherwise a date-based analytical grouping.
p165,landscape_natural,After the Storm,Willem van de Velde the Younger and Studio,c. 1700,1651 to 1700,oil on canvas,National Gallery of Art,https://www.nga.gov/artworks/195505,CC0 / Open Access,p165.jpg,1600,940,"Selected for natural-scene prominence, metadata completeness, visual diversity, and restoration-test value while limiting repeated artists and near-identical motifs.","seasonal_atmospheric; includes natural contours, tonal gradients, texture, foliage, water, sky, or atmospheric depth that can expose reconstruction and boundary failures.",selected,National Gallery of Art object 195505; broad style/period uses source metadata where available and otherwise a date-based analytical grouping.
p166,landscape_natural,"Dahlias, Garden at Petit Gennevilliers",Gustave Caillebotte,1893,1876 to 1900,oil on canvas,National Gallery of Art,https://customprints.nga.gov/detail/464673/caillebotte-dahlias-garden-at-petit-gennevilliers-1893?lid=124135,CC0 / Open Access,p166.jpg,1146,1600,User-priority selection retained for distinctive natural structure and restoration-test value.,"rural; includes natural contours, tonal gradients, texture, foliage, water, sky, or atmospheric depth that can expose reconstruction and boundary failures.",selected,National Gallery of Art object 110067; broad style/period uses source metadata where available and otherwise a date-based analytical grouping.
p167,landscape_natural,American Landscape,Elizabeth Gilbert Jerome,1872,1851 to 1875,oil on canvas,National Gallery of Art,https://www.nga.gov/artworks/230998,CC0 / Open Access,p167.jpg,1600,954,"Selected for natural-scene prominence, metadata completeness, visual diversity, and restoration-test value while limiting repeated artists and near-identical motifs.","general_landscape; includes natural contours, tonal gradients, texture, foliage, water, sky, or atmospheric depth that can expose reconstruction and boundary failures.",selected,National Gallery of Art object 230998; broad style/period uses source metadata where available and otherwise a date-based analytical grouping.
p168,landscape_natural,Mountain Landscape with Bridge,Thomas Gainsborough,c. 1783/1784,1776 to 1800,oil on canvas,National Gallery of Art,https://www.nga.gov/artworks/114,CC0 / Open Access,p168.jpg,1600,1348,"Selected for natural-scene prominence, metadata completeness, visual diversity, and restoration-test value while limiting repeated artists and near-identical motifs.","mountain; includes natural contours, tonal gradients, texture, foliage, water, sky, or atmospheric depth that can expose reconstruction and boundary failures.",selected,National Gallery of Art object 114; broad style/period uses source metadata where available and otherwise a date-based analytical grouping.
p169,landscape_natural,A Fleet at Sea,Hendrick Cornelisz Vroom,1614,1601 to 1650,oil on canvas,National Gallery of Art,https://customprints.nga.gov/detail/511349/vroom-a-fleet-at-sea-1614?lid=124135,CC0 / Open Access,p169.jpg,1600,925,User-priority selection retained for distinctive natural structure and restoration-test value.,"coast; includes natural contours, tonal gradients, texture, foliage, water, sky, or atmospheric depth that can expose reconstruction and boundary failures.",selected,National Gallery of Art object 157388; broad style/period uses source metadata where available and otherwise a date-based analytical grouping.
p170,landscape_natural,Imaginary River Landscape,Herman Saftleven,1670,1651 to 1700,oil on panel,National Gallery of Art,https://customprints.nga.gov/detail/511344/saftleven-imaginary-river-landscape-1670?lid=124135,CC0 / Open Access,p170.jpg,1600,1167,"Selected for natural-scene prominence, metadata completeness, visual diversity, and restoration-test value while limiting repeated artists and near-identical motifs.","water; includes natural contours, tonal gradients, texture, foliage, water, sky, or atmospheric depth that can expose reconstruction and boundary failures.",selected,National Gallery of Art object 208068; broad style/period uses source metadata where available and otherwise a date-based analytical grouping.
p171,landscape_natural,Wooded Landscape with Travelers,Adam Pynacker,late 1640s,1601 to 1650,oil on canvas,National Gallery of Art,https://www.nga.gov/artworks/57102,CC0 / Open Access,p171.jpg,1374,1600,"Selected for natural-scene prominence, metadata completeness, visual diversity, and restoration-test value while limiting repeated artists and near-identical motifs.","forest; includes natural contours, tonal gradients, texture, foliage, water, sky, or atmospheric depth that can expose reconstruction and boundary failures.",selected,National Gallery of Art object 57102; broad style/period uses source metadata where available and otherwise a date-based analytical grouping.
p172,landscape_natural,An Indian Encampment at Sunset,George Catlin,1861/1869,1851 to 1875,oil on card mounted on paperboard,National Gallery of Art,https://www.nga.gov/artworks/50497,CC0 / Open Access,p172.jpg,1600,1245,User-priority selection retained for distinctive natural structure and restoration-test value.,"seasonal_atmospheric; includes natural contours, tonal gradients, texture, foliage, water, sky, or atmospheric depth that can expose reconstruction and boundary failures.",selected,National Gallery of Art object 50497; broad style/period uses source metadata where available and otherwise a date-based analytical grouping.
p173,landscape_natural,An Italianate Evening Landscape,Jan Both,c. 1650,1601 to 1650,oil on canvas,National Gallery of Art,https://www.nga.gov/artworks/117150,CC0 / Open Access,p173.jpg,1600,1277,"Selected for natural-scene prominence, metadata completeness, visual diversity, and restoration-test value while limiting repeated artists and near-identical motifs.","general_landscape; includes natural contours, tonal gradients, texture, foliage, water, sky, or atmospheric depth that can expose reconstruction and boundary failures.",selected,National Gallery of Art object 117150; broad style/period uses source metadata where available and otherwise a date-based analytical grouping.
p174,landscape_natural,"Lake Albano, Sunset",George Inness,c. 1874,1851 to 1875,oil on canvas,National Gallery of Art,https://www.nga.gov/artworks/46426,CC0 / Open Access,p174.jpg,1600,1072,User-priority selection retained for distinctive natural structure and restoration-test value.,"water; includes natural contours, tonal gradients, texture, foliage, water, sky, or atmospheric depth that can expose reconstruction and boundary failures.",selected,National Gallery of Art object 46426; broad style/period uses source metadata where available and otherwise a date-based analytical grouping.
p175,landscape_natural,Low Waterfall in a Wooded Landscape with a Dead Beech Tree,Jacob van Ruisdael,c. 1660–70,17th-century painting (Netherlands),oil on canvas,Cleveland Museum of Art,https://clevelandart.org/art/1967.63,CC0,p175.jpg,1184,893,"Selected for natural-scene prominence, metadata completeness, visual diversity, and restoration-test value while limiting repeated artists and near-identical motifs.","water; includes natural contours, tonal gradients, texture, foliage, water, sky, or atmospheric depth that can expose reconstruction and boundary failures.",selected,Cleveland Museum of Art object 1967.63; broad style/period uses source metadata where available and otherwise a date-based analytical grouping.
p176,landscape_natural,"Rocky, Wooded Landscape with a Dell and Weir",Thomas Gainsborough,c. 1782–1783,"18th-century painting (England, 18th century)",oil on canvas,Cleveland Museum of Art,https://clevelandart.org/art/1984.59,CC0,p176.jpg,1166,893,"Selected for natural-scene prominence, metadata completeness, visual diversity, and restoration-test value while limiting repeated artists and near-identical motifs.","forest; includes natural contours, tonal gradients, texture, foliage, water, sky, or atmospheric depth that can expose reconstruction and boundary failures.",selected,Cleveland Museum of Art object 1984.59; broad style/period uses source metadata where available and otherwise a date-based analytical grouping.
p177,landscape_natural,Travelers in Hilly Countryside,Aelbert Cuyp,c. 1650,17th-century painting (Netherlands),oil on wood,Cleveland Museum of Art,https://clevelandart.org/art/1942.637,CC0,p177.jpg,1263,816,"Selected for natural-scene prominence, metadata completeness, visual diversity, and restoration-test value while limiting repeated artists and near-identical motifs.","rural; includes natural contours, tonal gradients, texture, foliage, water, sky, or atmospheric depth that can expose reconstruction and boundary failures.",selected,Cleveland Museum of Art object 1942.637; broad style/period uses source metadata where available and otherwise a date-based analytical grouping.
p178,landscape_natural,"View of Schroon Mountain, Essex County, New York, After a Storm",Thomas Cole,1838,Romantic-era / early 19th-century painting (America),oil on canvas,Cleveland Museum of Art,https://clevelandart.org/art/1917.1335,CC0,p178.jpg,1263,775,"Selected for natural-scene prominence, metadata completeness, visual diversity, and restoration-test value while limiting repeated artists and near-identical motifs.","mountain; includes natural contours, tonal gradients, texture, foliage, water, sky, or atmospheric depth that can expose reconstruction and boundary failures.",selected,Cleveland Museum of Art object 1917.1335; broad style/period uses source metadata where available and otherwise a date-based analytical grouping.
p179,landscape_natural,The Large Plane Trees (Road Menders at Saint-Rémy),Vincent van Gogh,1889,19th-century landscape painting (Netherlands),oil on fabric,Cleveland Museum of Art,https://clevelandart.org/art/1947.209,CC0,p179.jpg,900,718,"Selected for natural-scene prominence, metadata completeness, visual diversity, and restoration-test value while limiting repeated artists and near-identical motifs.","forest; includes natural contours, tonal gradients, texture, foliage, water, sky, or atmospheric depth that can expose reconstruction and boundary failures.",selected,Cleveland Museum of Art object 1947.209; broad style/period uses source metadata where available and otherwise a date-based analytical grouping.
p180,landscape_natural,"Point Judith, Rhode Island",Martin Johnson Heade,1867–68,19th-century landscape painting (America),oil on canvas,Cleveland Museum of Art,https://clevelandart.org/art/1970.161,CC0,p180.jpg,1263,702,"Selected for natural-scene prominence, metadata completeness, visual diversity, and restoration-test value while limiting repeated artists and near-identical motifs.","coast; includes natural contours, tonal gradients, texture, foliage, water, sky, or atmospheric depth that can expose reconstruction and boundary failures.",selected,Cleveland Museum of Art object 1970.161; broad style/period uses source metadata where available and otherwise a date-based analytical grouping.
p181,landscape_natural,In the Forest,Célestin François Nanteuil,1841,"Romantic-era / early 19th-century painting (France, 19th century)",oil on fabric,Cleveland Museum of Art,https://clevelandart.org/art/1977.125,CC0,p181.jpg,1196,893,"Selected for natural-scene prominence, metadata completeness, visual diversity, and restoration-test value while limiting repeated artists and near-identical motifs.","forest; includes natural contours, tonal gradients, texture, foliage, water, sky, or atmospheric depth that can expose reconstruction and boundary failures.",selected,Cleveland Museum of Art object 1977.125; broad style/period uses source metadata where available and otherwise a date-based analytical grouping.
p182,landscape_natural,Wooded Landscape with Travelers,Jan Brueghel the Elder,1610,1601 to 1650,oil on panel,National Gallery of Art,https://customprints.nga.gov/detail/511195/brueghel-the-elder-wooded-landscape-with-travelers-1610?lid=124135,CC0 / Open Access,p182.jpg,1600,1010,"Selected for natural-scene prominence, metadata completeness, visual diversity, and restoration-test value while limiting repeated artists and near-identical motifs.","forest; includes natural contours, tonal gradients, texture, foliage, water, sky, or atmospheric depth that can expose reconstruction and boundary failures.",selected,National Gallery of Art object 222552; broad style/period uses source metadata where available and otherwise a date-based analytical grouping.
p183,landscape_natural,Storm in the Mountains,Frederic Edwin Church,1847,Romantic-era / early 19th-century painting (America),oil on canvas,Cleveland Museum of Art,https://clevelandart.org/art/1969.52,CC0,p183.jpg,742,893,"Selected for natural-scene prominence, metadata completeness, visual diversity, and restoration-test value while limiting repeated artists and near-identical motifs.","mountain; includes natural contours, tonal gradients, texture, foliage, water, sky, or atmospheric depth that can expose reconstruction and boundary failures.",selected,Cleveland Museum of Art object 1969.52; broad style/period uses source metadata where available and otherwise a date-based analytical grouping.
p184,landscape_natural,"Branch Hill Pond, Hampstead",John Constable,1828,"Romantic-era / early 19th-century painting (England, 19th century)",oil on canvas,Cleveland Museum of Art,https://clevelandart.org/art/1972.48,CC0,p184.jpg,1155,893,"Selected for natural-scene prominence, metadata completeness, visual diversity, and restoration-test value while limiting repeated artists and near-identical motifs.","water; includes natural contours, tonal gradients, texture, foliage, water, sky, or atmospheric depth that can expose reconstruction and boundary failures.",selected,Cleveland Museum of Art object 1972.48; broad style/period uses source metadata where available and otherwise a date-based analytical grouping.
p185,landscape_natural,"Edge of the Woods Near L'Hermitage, Pontoise",Camille Pissarro,1879,"19th-century landscape painting (France, 19th century)",oil on fabric,Cleveland Museum of Art,https://clevelandart.org/art/1951.356,CC0,p185.jpg,900,690,"Selected for natural-scene prominence, metadata completeness, visual diversity, and restoration-test value while limiting repeated artists and near-identical motifs.","forest; includes natural contours, tonal gradients, texture, foliage, water, sky, or atmospheric depth that can expose reconstruction and boundary failures.",selected,Cleveland Museum of Art object 1951.356; broad style/period uses source metadata where available and otherwise a date-based analytical grouping.
p186,landscape_natural,Maine Coast,Rockwell Kent,1907,Early modern landscape painting (America),oil on canvas,Cleveland Museum of Art,https://clevelandart.org/art/1922.1132,CC0,p186.jpg,900,689,User-priority selection retained for distinctive natural structure and restoration-test value.,"coast; includes natural contours, tonal gradients, texture, foliage, water, sky, or atmospheric depth that can expose reconstruction and boundary failures.",selected,Cleveland Museum of Art object 1922.1132; broad style/period uses source metadata where available and otherwise a date-based analytical grouping.
p187,landscape_natural,A Cottage in the Woods,Meindert Hobbema,c. 1662,17th-century painting (Netherlands),oil on canvas,Cleveland Museum of Art,https://clevelandart.org/art/1942.641,CC0,p187.jpg,1179,893,"Selected for natural-scene prominence, metadata completeness, visual diversity, and restoration-test value while limiting repeated artists and near-identical motifs.","forest; includes natural contours, tonal gradients, texture, foliage, water, sky, or atmospheric depth that can expose reconstruction and boundary failures.",selected,Cleveland Museum of Art object 1942.641; broad style/period uses source metadata where available and otherwise a date-based analytical grouping.
p188,landscape_natural,"The Cliffs at Beg-ar-Fry, Saint-Jean-du-Doigt",Maxime Maufra,1895,"19th-century landscape painting (France, 19th century)",oil on fabric,Cleveland Museum of Art,https://clevelandart.org/art/1966.382,CC0,p188.jpg,1099,893,User-priority selection retained for distinctive natural structure and restoration-test value.,"coast; includes natural contours, tonal gradients, texture, foliage, water, sky, or atmospheric depth that can expose reconstruction and boundary failures.",selected,Cleveland Museum of Art object 1966.382; broad style/period uses source metadata where available and otherwise a date-based analytical grouping.
p189,landscape_natural,Pond at Ville-d'Avray,Jean Baptiste Camille Corot,late 1860s,Historical landscape painting,oil on fabric,Cleveland Museum of Art,https://clevelandart.org/art/1944.80,CC0,p189.jpg,1263,745,"Selected for natural-scene prominence, metadata completeness, visual diversity, and restoration-test value while limiting repeated artists and near-identical motifs.","water; includes natural contours, tonal gradients, texture, foliage, water, sky, or atmospheric depth that can expose reconstruction and boundary failures.",selected,Cleveland Museum of Art object 1944.80; broad style/period uses source metadata where available and otherwise a date-based analytical grouping.
p190,landscape_natural,"Cader Idris, with the Mawddach River",Richard Wilson,c. 1774,"18th-century painting (England, 18th century)",oil on canvas,Cleveland Museum of Art,https://clevelandart.org/art/1989.52,CC0,p190.jpg,1047,893,"Selected for natural-scene prominence, metadata completeness, visual diversity, and restoration-test value while limiting repeated artists and near-identical motifs.","water; includes natural contours, tonal gradients, texture, foliage, water, sky, or atmospheric depth that can expose reconstruction and boundary failures.",selected,Cleveland Museum of Art object 1989.52; broad style/period uses source metadata where available and otherwise a date-based analytical grouping.
p191,landscape_natural,Sunny Autumn Day,George Inness,1892,19th-century landscape painting (America),oil on canvas,Cleveland Museum of Art,https://clevelandart.org/art/1956.578,CC0,p191.jpg,1179,893,"Selected for natural-scene prominence, metadata completeness, visual diversity, and restoration-test value while limiting repeated artists and near-identical motifs.","seasonal_atmospheric; includes natural contours, tonal gradients, texture, foliage, water, sky, or atmospheric depth that can expose reconstruction and boundary failures.",selected,Cleveland Museum of Art object 1956.578; broad style/period uses source metadata where available and otherwise a date-based analytical grouping.
p192,landscape_natural,A Winter Sky,George Inness,1866,19th-century landscape painting (America),oil on canvas,Cleveland Museum of Art,https://clevelandart.org/art/1927.388,CC0,p192.jpg,1226,893,"Selected for natural-scene prominence, metadata completeness, visual diversity, and restoration-test value while limiting repeated artists and near-identical motifs.","seasonal_atmospheric; includes natural contours, tonal gradients, texture, foliage, water, sky, or atmospheric depth that can expose reconstruction and boundary failures.",selected,Cleveland Museum of Art object 1927.388; broad style/period uses source metadata where available and otherwise a date-based analytical grouping.
p193,landscape_natural,Breton Landscape,Jan Verkade,1891–92,19th-century landscape painting (Netherlands),oil on canvas,Cleveland Museum of Art,https://clevelandart.org/art/2020.117,CC0,p193.jpg,743,900,User-priority selection retained for distinctive natural structure and restoration-test value.,"general_landscape; includes natural contours, tonal gradients, texture, foliage, water, sky, or atmospheric depth that can expose reconstruction and boundary failures.",selected,Cleveland Museum of Art object 2020.117; broad style/period uses source metadata where available and otherwise a date-based analytical grouping.
p194,landscape_natural,"Feige Waterfall (Feigefossen), Lysterfjord, Norway",Johan Christian Clausen Dahl,1848,Romantic-era / early 19th-century painting (Norway),Oil on canvas,Cleveland Museum of Art,https://clevelandart.org/art/2019.76,CC0,p194.jpg,900,652,User-priority selection retained for distinctive natural structure and restoration-test value.,"water; includes natural contours, tonal gradients, texture, foliage, water, sky, or atmospheric depth that can expose reconstruction and boundary failures.",selected,Cleveland Museum of Art object 2019.76; broad style/period uses source metadata where available and otherwise a date-based analytical grouping.
p195,landscape_natural,Landscape,Sōami,early 1500s,Historical landscape painting,hanging scroll; ink on paper,Cleveland Museum of Art,https://clevelandart.org/art/1963.262,CC0,p195.jpg,764,893,User-priority selection retained for distinctive natural structure and restoration-test value.,"general_landscape; includes natural contours, tonal gradients, texture, foliage, water, sky, or atmospheric depth that can expose reconstruction and boundary failures.",selected,Cleveland Museum of Art object 1963.262; broad style/period uses source metadata where available and otherwise a date-based analytical grouping.
p196,landscape_natural,An October Day in the White Mountains,John Frederick Kensett,1854,19th-century landscape painting (America),oil on canvas,Cleveland Museum of Art,https://clevelandart.org/art/1967.5,CC0,p196.jpg,1263,818,"Selected for natural-scene prominence, metadata completeness, visual diversity, and restoration-test value while limiting repeated artists and near-identical motifs.","mountain; includes natural contours, tonal gradients, texture, foliage, water, sky, or atmospheric depth that can expose reconstruction and boundary failures.",selected,Cleveland Museum of Art object 1967.5; broad style/period uses source metadata where available and otherwise a date-based analytical grouping.
p197,landscape_natural,View of a Lake,Thomas Doughty,c. 1830s,Historical landscape painting,oil on canvas,Cleveland Museum of Art,https://clevelandart.org/art/1963.574,CC0,p197.jpg,1263,865,"Selected for natural-scene prominence, metadata completeness, visual diversity, and restoration-test value while limiting repeated artists and near-identical motifs.","water; includes natural contours, tonal gradients, texture, foliage, water, sky, or atmospheric depth that can expose reconstruction and boundary failures.",selected,Cleveland Museum of Art object 1963.574; broad style/period uses source metadata where available and otherwise a date-based analytical grouping.
p198,landscape_natural,A Forest at Dawn with a Deer Hunt,Peter Paul Rubens,ca. 1635,17th-century painting,Oil on wood,The Metropolitan Museum of Art,https://www.metmuseum.org/art/collection/search/437526,CC0,p198.jpg,4000,2759,"Selected for natural-scene prominence, metadata completeness, visual diversity, and restoration-test value while limiting repeated artists and near-identical motifs.","forest; includes natural contours, tonal gradients, texture, foliage, water, sky, or atmospheric depth that can expose reconstruction and boundary failures.",selected,Metropolitan Museum of Art object 437526; broad style/period uses source metadata where available and otherwise a date-based analytical grouping.
p199,landscape_natural,Heroic Landscape with Rainbow,Joseph Anton Koch,1824,Romantic-era / early 19th-century painting,Oil on canvas,The Metropolitan Museum of Art,https://www.metmuseum.org/art/collection/search/439844,CC0,p199.jpg,3425,3851,User-priority selection retained for distinctive natural structure and restoration-test value.,"seasonal_atmospheric; includes natural contours, tonal gradients, texture, foliage, water, sky, or atmospheric depth that can expose reconstruction and boundary failures.",selected,Metropolitan Museum of Art object 439844; broad style/period uses source metadata where available and otherwise a date-based analytical grouping.
p200,landscape_natural,A Brazilian Landscape,Frans Post,1650,17th-century painting,Oil on wood,The Metropolitan Museum of Art,https://www.metmuseum.org/art/collection/search/437323,CC0,p200.jpg,3811,2513,"Selected for natural-scene prominence, metadata completeness, visual diversity, and restoration-test value while limiting repeated artists and near-identical motifs.","general_landscape; includes natural contours, tonal gradients, texture, foliage, water, sky, or atmospheric depth that can expose reconstruction and boundary failures.",selected,Metropolitan Museum of Art object 437323; broad style/period uses source metadata where available and otherwise a date-based analytical grouping.
p201,high_texture_brushwork,Fishmarket,Camille Pissarro,1902,Impressionism,oil on canvas,Cleveland Museum of Art,https://clevelandart.org/art/2020.113,CC0,p201.jpg,3400,2725,"Selected as non-portrait high-texture evidence: visible brushwork, surface variation, colour structure, and restoration-test value dominate over individual sitter identity.","High-texture candidate with dense local marks, tonal variation, and materially varied surfaces; useful for testing whether restoration preserves local brushwork, direction, colour variation, and boundary continuity.",selected,"Cleveland Museum of Art object 2020.113; style/period uses source metadata where available and otherwise a date- or artist-based analytical grouping. Final category balancing excludes dedicated portraits while retaining landscapes, still lifes, interiors, genre scenes, and multi-figure narratives with strong surface evidence."
p202,high_texture_brushwork,The Lock at Pontoise,Camille Pissarro,1872,Impressionism,oil on fabric,Cleveland Museum of Art,https://clevelandart.org/art/1990.7,CC0,p202.jpg,3400,2159,"Selected as non-portrait high-texture evidence: visible brushwork, surface variation, colour structure, and restoration-test value dominate over individual sitter identity.","High-texture candidate with dense local marks, tonal variation, and materially varied surfaces; useful for testing whether restoration preserves local brushwork, direction, colour variation, and boundary continuity.",selected,"Cleveland Museum of Art object 1990.7; style/period uses source metadata where available and otherwise a date- or artist-based analytical grouping. Final category balancing excludes dedicated portraits while retaining landscapes, still lifes, interiors, genre scenes, and multi-figure narratives with strong surface evidence."
p203,high_texture_brushwork,Villerville Seen from Le Ratier,Charles François Daubigny,1855,Mid-19th-century painting,oil on fabric,Cleveland Museum of Art,https://clevelandart.org/art/1951.323,CC0,p203.jpg,3400,1582,"Selected as non-portrait high-texture evidence: visible brushwork, surface variation, colour structure, and restoration-test value dominate over individual sitter identity.","High-texture candidate with dense local marks, tonal variation, and materially varied surfaces; useful for testing whether restoration preserves local brushwork, direction, colour variation, and boundary continuity.",selected,"Cleveland Museum of Art object 1951.323; style/period uses source metadata where available and otherwise a date- or artist-based analytical grouping. Final category balancing excludes dedicated portraits while retaining landscapes, still lifes, interiors, genre scenes, and multi-figure narratives with strong surface evidence."
p204,high_texture_brushwork,Sweeping Snow,Childe Hassam,1890s,American Impressionism,oil on canvas,Cleveland Museum of Art,https://clevelandart.org/art/1938.42,CC0,p204.jpg,2640,3400,"Selected as non-portrait high-texture evidence: visible brushwork, surface variation, colour structure, and restoration-test value dominate over individual sitter identity.","High-texture candidate with foliage, water, sky, and atmospheric transitions; useful for testing whether restoration preserves local brushwork, direction, colour variation, and boundary continuity.",selected,"Cleveland Museum of Art object 1938.42; style/period uses source metadata where available and otherwise a date- or artist-based analytical grouping. Final category balancing excludes dedicated portraits while retaining landscapes, still lifes, interiors, genre scenes, and multi-figure narratives with strong surface evidence."
p205,high_texture_brushwork,Gardener's House at Antibes,Claude Monet,1888,Impressionism,oil on canvas,Cleveland Museum of Art,https://clevelandart.org/art/1916.1044,CC0,p205.jpg,3400,2418,"Selected as non-portrait high-texture evidence: visible brushwork, surface variation, colour structure, and restoration-test value dominate over individual sitter identity.","High-texture candidate with foliage, water, sky, and atmospheric transitions; useful for testing whether restoration preserves local brushwork, direction, colour variation, and boundary continuity.",selected,"Cleveland Museum of Art object 1916.1044; style/period uses source metadata where available and otherwise a date- or artist-based analytical grouping. Final category balancing excludes dedicated portraits while retaining landscapes, still lifes, interiors, genre scenes, and multi-figure narratives with strong surface evidence."
p206,high_texture_brushwork,"Low Tide at Pourville, near Dieppe, 1882",Claude Monet,1882,Impressionism,oil on fabric,Cleveland Museum of Art,https://clevelandart.org/art/1947.196,CC0,p206.jpg,3400,2508,"Selected as non-portrait high-texture evidence: visible brushwork, surface variation, colour structure, and restoration-test value dominate over individual sitter identity.","High-texture candidate with dense local marks, tonal variation, and materially varied surfaces; useful for testing whether restoration preserves local brushwork, direction, colour variation, and boundary continuity.",selected,"Cleveland Museum of Art object 1947.196; style/period uses source metadata where available and otherwise a date- or artist-based analytical grouping. Final category balancing excludes dedicated portraits while retaining landscapes, still lifes, interiors, genre scenes, and multi-figure narratives with strong surface evidence."
p207,high_texture_brushwork,Spring Flowers,Claude Monet,1864,Impressionism,oil on canvas,Cleveland Museum of Art,https://clevelandart.org/art/1953.155,CC0,p207.jpg,2589,3400,"Selected as non-portrait high-texture evidence: visible brushwork, surface variation, colour structure, and restoration-test value dominate over individual sitter identity.","High-texture candidate with layered petals, vessels, and still-life surfaces; useful for testing whether restoration preserves local brushwork, direction, colour variation, and boundary continuity.",selected,"Cleveland Museum of Art object 1953.155; style/period uses source metadata where available and otherwise a date- or artist-based analytical grouping. Final category balancing excludes dedicated portraits while retaining landscapes, still lifes, interiors, genre scenes, and multi-figure narratives with strong surface evidence."
p208,high_texture_brushwork,Water Lilies (Agapanthus),Claude Monet,c. 1915–26,Impressionism,oil on canvas,Cleveland Museum of Art,https://clevelandart.org/art/1960.81,CC0,p208.jpg,3400,1581,"Selected as non-portrait high-texture evidence: visible brushwork, surface variation, colour structure, and restoration-test value dominate over individual sitter identity.","High-texture candidate with foliage, water, sky, and atmospheric transitions; useful for testing whether restoration preserves local brushwork, direction, colour variation, and boundary continuity.",selected,"Cleveland Museum of Art object 1960.81; style/period uses source metadata where available and otherwise a date- or artist-based analytical grouping. Final category balancing excludes dedicated portraits while retaining landscapes, still lifes, interiors, genre scenes, and multi-figure narratives with strong surface evidence."
p209,high_texture_brushwork,Boats at Berck-sur-Mer,Édouard Manet,1873,Modern French painting,oil on fabric,Cleveland Museum of Art,https://clevelandart.org/art/1940.534,CC0,p209.jpg,3400,2045,"Selected as non-portrait high-texture evidence: visible brushwork, surface variation, colour structure, and restoration-test value dominate over individual sitter identity.","High-texture candidate with dense local marks, tonal variation, and materially varied surfaces; useful for testing whether restoration preserves local brushwork, direction, colour variation, and boundary continuity.",selected,"Cleveland Museum of Art object 1940.534; style/period uses source metadata where available and otherwise a date- or artist-based analytical grouping. Final category balancing excludes dedicated portraits while retaining landscapes, still lifes, interiors, genre scenes, and multi-figure narratives with strong surface evidence."
p210,high_texture_brushwork,At the Café,Édouard Vuillard,c. 1897–99,Nabi / Post-Impressionism,"oil on board, laid on cradled panel",Cleveland Museum of Art,https://clevelandart.org/art/1958.57,CC0,p210.jpg,3237,3400,"Selected as non-portrait high-texture evidence: visible brushwork, surface variation, colour structure, and restoration-test value dominate over individual sitter identity.","High-texture candidate with dense local marks, tonal variation, and materially varied surfaces; useful for testing whether restoration preserves local brushwork, direction, colour variation, and boundary continuity.",selected,"Cleveland Museum of Art object 1958.57; style/period uses source metadata where available and otherwise a date- or artist-based analytical grouping. Final category balancing excludes dedicated portraits while retaining landscapes, still lifes, interiors, genre scenes, and multi-figure narratives with strong surface evidence."
p211,high_texture_brushwork,Café Wepler,Édouard Vuillard,"c. 1908–10, reworked in 1912",Nabi / Post-Impressionism,oil on fabric,Cleveland Museum of Art,https://clevelandart.org/art/1950.90,CC0,p211.jpg,3400,2052,"Selected as non-portrait high-texture evidence: visible brushwork, surface variation, colour structure, and restoration-test value dominate over individual sitter identity.","High-texture candidate with dense local marks, tonal variation, and materially varied surfaces; useful for testing whether restoration preserves local brushwork, direction, colour variation, and boundary continuity.",selected,"Cleveland Museum of Art object 1950.90; style/period uses source metadata where available and otherwise a date- or artist-based analytical grouping. Final category balancing excludes dedicated portraits while retaining landscapes, still lifes, interiors, genre scenes, and multi-figure narratives with strong surface evidence."
p212,high_texture_brushwork,Luncheon (Annette and Her Grandmother),Édouard Vuillard,1899,Nabi / Post-Impressionism,oil on board,Cleveland Museum of Art,https://clevelandart.org/art/2020.118,CC0,p212.jpg,3400,3154,"Selected as non-portrait high-texture evidence: visible brushwork, surface variation, colour structure, and restoration-test value dominate over individual sitter identity.","High-texture candidate with dense local marks, tonal variation, and materially varied surfaces; useful for testing whether restoration preserves local brushwork, direction, colour variation, and boundary continuity.",selected,"Cleveland Museum of Art object 2020.118; style/period uses source metadata where available and otherwise a date- or artist-based analytical grouping. Final category balancing excludes dedicated portraits while retaining landscapes, still lifes, interiors, genre scenes, and multi-figure narratives with strong surface evidence."
p213,high_texture_brushwork,Woman Ironing,Édouard Vuillard,1892,Nabi / Post-Impressionism,oil on board,Cleveland Museum of Art,https://clevelandart.org/art/2020.119,CC0,p213.jpg,3400,2827,"Selected as non-portrait high-texture evidence: visible brushwork, surface variation, colour structure, and restoration-test value dominate over individual sitter identity.","High-texture candidate with skin, fabric, hair, and surrounding painted ground; useful for testing whether restoration preserves local brushwork, direction, colour variation, and boundary continuity.",selected,"Cleveland Museum of Art object 2020.119; style/period uses source metadata where available and otherwise a date- or artist-based analytical grouping. Final category balancing excludes dedicated portraits while retaining landscapes, still lifes, interiors, genre scenes, and multi-figure narratives with strong surface evidence."
p214,high_texture_brushwork,Construction Site in Amsterdam,George Hendrik Breitner,c. 1902,Early 20th-century modernism,oil on fabric,Cleveland Museum of Art,https://clevelandart.org/art/1985.145,CC0,p214.jpg,3400,2536,"Selected as non-portrait high-texture evidence: visible brushwork, surface variation, colour structure, and restoration-test value dominate over individual sitter identity.","High-texture candidate with dense local marks, tonal variation, and materially varied surfaces; useful for testing whether restoration preserves local brushwork, direction, colour variation, and boundary continuity.",selected,"Cleveland Museum of Art object 1985.145; style/period uses source metadata where available and otherwise a date- or artist-based analytical grouping. Final category balancing excludes dedicated portraits while retaining landscapes, still lifes, interiors, genre scenes, and multi-figure narratives with strong surface evidence."
p215,high_texture_brushwork,Approaching Storm from the Alban Hills,George Inness,1871,American landscape painting,oil on canvas,Cleveland Museum of Art,https://clevelandart.org/art/1927.396,CC0,p215.jpg,3400,2247,"Selected as non-portrait high-texture evidence: visible brushwork, surface variation, colour structure, and restoration-test value dominate over individual sitter identity.","High-texture candidate with dense local marks, tonal variation, and materially varied surfaces; useful for testing whether restoration preserves local brushwork, direction, colour variation, and boundary continuity.",selected,"Cleveland Museum of Art object 1927.396; style/period uses source metadata where available and otherwise a date- or artist-based analytical grouping. Final category balancing excludes dedicated portraits while retaining landscapes, still lifes, interiors, genre scenes, and multi-figure narratives with strong surface evidence."
p216,high_texture_brushwork,Cows in a Field,George Inness,before 1956,American landscape painting,oil on canvas,Cleveland Museum of Art,https://clevelandart.org/art/1955.544,CC0,p216.jpg,3400,2442,"Selected as non-portrait high-texture evidence: visible brushwork, surface variation, colour structure, and restoration-test value dominate over individual sitter identity.","High-texture candidate with foliage, water, sky, and atmospheric transitions; useful for testing whether restoration preserves local brushwork, direction, colour variation, and boundary continuity.",selected,"Cleveland Museum of Art object 1955.544; style/period uses source metadata where available and otherwise a date- or artist-based analytical grouping. Final category balancing excludes dedicated portraits while retaining landscapes, still lifes, interiors, genre scenes, and multi-figure narratives with strong surface evidence."
p217,high_texture_brushwork,"Durham, Connecticut",George Inness,1858,American landscape painting,oil on canvas,Cleveland Museum of Art,https://clevelandart.org/art/1927.387,CC0,p217.jpg,3400,1948,"Selected as non-portrait high-texture evidence: visible brushwork, surface variation, colour structure, and restoration-test value dominate over individual sitter identity.","High-texture candidate with dense local marks, tonal variation, and materially varied surfaces; useful for testing whether restoration preserves local brushwork, direction, colour variation, and boundary continuity.",selected,"Cleveland Museum of Art object 1927.387; style/period uses source metadata where available and otherwise a date- or artist-based analytical grouping. Final category balancing excludes dedicated portraits while retaining landscapes, still lifes, interiors, genre scenes, and multi-figure narratives with strong surface evidence."
p218,high_texture_brushwork,Fleecy Clouds,George Inness,1881,American landscape painting,oil on canvas,Cleveland Museum of Art,https://clevelandart.org/art/1942.889,CC0,p218.jpg,2048,1019,"Selected as non-portrait high-texture evidence: visible brushwork, surface variation, colour structure, and restoration-test value dominate over individual sitter identity.","High-texture candidate with dense local marks, tonal variation, and materially varied surfaces; useful for testing whether restoration preserves local brushwork, direction, colour variation, and boundary continuity.",selected,"Cleveland Museum of Art object 1942.889; style/period uses source metadata where available and otherwise a date- or artist-based analytical grouping. Final category balancing excludes dedicated portraits while retaining landscapes, still lifes, interiors, genre scenes, and multi-figure narratives with strong surface evidence."
p219,high_texture_brushwork,Harvest Time,George Inness,1864,American landscape painting,oil on canvas,Cleveland Museum of Art,https://clevelandart.org/art/1939.234,CC0,p219.jpg,2048,1498,"Selected as non-portrait high-texture evidence: visible brushwork, surface variation, colour structure, and restoration-test value dominate over individual sitter identity.","High-texture candidate with dense local marks, tonal variation, and materially varied surfaces; useful for testing whether restoration preserves local brushwork, direction, colour variation, and boundary continuity.",selected,"Cleveland Museum of Art object 1939.234; style/period uses source metadata where available and otherwise a date- or artist-based analytical grouping. Final category balancing excludes dedicated portraits while retaining landscapes, still lifes, interiors, genre scenes, and multi-figure narratives with strong surface evidence."
p220,high_texture_brushwork,Landscape,George Inness,1888,American landscape painting,oil on canvas,Cleveland Museum of Art,https://clevelandart.org/art/1929.464,CC0,p220.jpg,3400,2798,"Selected as non-portrait high-texture evidence: visible brushwork, surface variation, colour structure, and restoration-test value dominate over individual sitter identity.","High-texture candidate with foliage, water, sky, and atmospheric transitions; useful for testing whether restoration preserves local brushwork, direction, colour variation, and boundary continuity.",selected,"Cleveland Museum of Art object 1929.464; style/period uses source metadata where available and otherwise a date- or artist-based analytical grouping. Final category balancing excludes dedicated portraits while retaining landscapes, still lifes, interiors, genre scenes, and multi-figure narratives with strong surface evidence."
p221,high_texture_brushwork,The Wood Chopper,George Inness,1849,American landscape painting,oil on canvas,Cleveland Museum of Art,https://clevelandart.org/art/1963.501,CC0,p221.jpg,3400,2812,"Selected as non-portrait high-texture evidence: visible brushwork, surface variation, colour structure, and restoration-test value dominate over individual sitter identity.","High-texture candidate with dense local marks, tonal variation, and materially varied surfaces; useful for testing whether restoration preserves local brushwork, direction, colour variation, and boundary continuity.",selected,"Cleveland Museum of Art object 1963.501; style/period uses source metadata where available and otherwise a date- or artist-based analytical grouping. Final category balancing excludes dedicated portraits while retaining landscapes, still lifes, interiors, genre scenes, and multi-figure narratives with strong surface evidence."
p222,high_texture_brushwork,Lormes: Goat-Girl Sitting Beside a Stream in a Forest,Jean Baptiste Camille Corot,1842,Mid-19th-century painting,oil on fabric,Cleveland Museum of Art,https://clevelandart.org/art/1962.35,CC0,p222.jpg,3400,2487,"Selected as non-portrait high-texture evidence: visible brushwork, surface variation, colour structure, and restoration-test value dominate over individual sitter identity.","High-texture candidate with foliage, water, sky, and atmospheric transitions; useful for testing whether restoration preserves local brushwork, direction, colour variation, and boundary continuity.",selected,"Cleveland Museum of Art object 1962.35; style/period uses source metadata where available and otherwise a date- or artist-based analytical grouping. Final category balancing excludes dedicated portraits while retaining landscapes, still lifes, interiors, genre scenes, and multi-figure narratives with strong surface evidence."
p223,high_texture_brushwork,The Seine at Bas-Meudon,Johan Barthold Jongkind,1865,Mid-19th-century painting,oil on fabric,Cleveland Museum of Art,https://clevelandart.org/art/1993.236,CC0,p223.jpg,3400,2401,"Selected as non-portrait high-texture evidence: visible brushwork, surface variation, colour structure, and restoration-test value dominate over individual sitter identity.","High-texture candidate with dense local marks, tonal variation, and materially varied surfaces; useful for testing whether restoration preserves local brushwork, direction, colour variation, and boundary continuity.",selected,"Cleveland Museum of Art object 1993.236; style/period uses source metadata where available and otherwise a date- or artist-based analytical grouping. Final category balancing excludes dedicated portraits while retaining landscapes, still lifes, interiors, genre scenes, and multi-figure narratives with strong surface evidence."
p224,high_texture_brushwork,"On the Beach, No. 3",Maurice Prendergast,c. 1915–18,American Post-Impressionism,oil on canvas,Cleveland Museum of Art,https://clevelandart.org/art/1926.1653,CC0,p224.jpg,3400,2581,"Selected as non-portrait high-texture evidence: visible brushwork, surface variation, colour structure, and restoration-test value dominate over individual sitter identity.","High-texture candidate with dense local marks, tonal variation, and materially varied surfaces; useful for testing whether restoration preserves local brushwork, direction, colour variation, and boundary continuity.",selected,"Cleveland Museum of Art object 1926.1653; style/period uses source metadata where available and otherwise a date- or artist-based analytical grouping. Final category balancing excludes dedicated portraits while retaining landscapes, still lifes, interiors, genre scenes, and multi-figure narratives with strong surface evidence."
p225,high_texture_brushwork,St. Malo,Maurice Prendergast,c. 1907,American Post-Impressionism,oil on wood,Cleveland Museum of Art,https://clevelandart.org/art/1982.162,CC0,p225.jpg,3400,2589,"Selected as non-portrait high-texture evidence: visible brushwork, surface variation, colour structure, and restoration-test value dominate over individual sitter identity.","High-texture candidate with dense local marks, tonal variation, and materially varied surfaces; useful for testing whether restoration preserves local brushwork, direction, colour variation, and boundary continuity.",selected,"Cleveland Museum of Art object 1982.162; style/period uses source metadata where available and otherwise a date- or artist-based analytical grouping. Final category balancing excludes dedicated portraits while retaining landscapes, still lifes, interiors, genre scenes, and multi-figure narratives with strong surface evidence."
p226,high_texture_brushwork,Mount Sainte-Victoire,Paul Cezanne,c. 1904,Post-Impressionism,oil on fabric,Cleveland Museum of Art,https://clevelandart.org/art/1958.21,CC0,p226.jpg,3400,2697,"Selected as non-portrait high-texture evidence: visible brushwork, surface variation, colour structure, and restoration-test value dominate over individual sitter identity.","High-texture candidate with dense local marks, tonal variation, and materially varied surfaces; useful for testing whether restoration preserves local brushwork, direction, colour variation, and boundary continuity.",selected,"Cleveland Museum of Art object 1958.21; style/period uses source metadata where available and otherwise a date- or artist-based analytical grouping. Final category balancing excludes dedicated portraits while retaining landscapes, still lifes, interiors, genre scenes, and multi-figure narratives with strong surface evidence."
p227,high_texture_brushwork,The Brook,Paul Cezanne,c. 1895–1900,Post-Impressionism,oil on fabric,Cleveland Museum of Art,https://clevelandart.org/art/1958.20,CC0,p227.jpg,3400,2460,"Selected as non-portrait high-texture evidence: visible brushwork, surface variation, colour structure, and restoration-test value dominate over individual sitter identity.","High-texture candidate with dense local marks, tonal variation, and materially varied surfaces; useful for testing whether restoration preserves local brushwork, direction, colour variation, and boundary continuity.",selected,"Cleveland Museum of Art object 1958.20; style/period uses source metadata where available and otherwise a date- or artist-based analytical grouping. Final category balancing excludes dedicated portraits while retaining landscapes, still lifes, interiors, genre scenes, and multi-figure narratives with strong surface evidence."
p228,high_texture_brushwork,The Pigeon Tower at Bellevue,Paul Cezanne,1890,Post-Impressionism,oil on fabric,Cleveland Museum of Art,https://clevelandart.org/art/1936.19,CC0,p228.jpg,3400,2733,"Selected as non-portrait high-texture evidence: visible brushwork, surface variation, colour structure, and restoration-test value dominate over individual sitter identity.","High-texture candidate with dense local marks, tonal variation, and materially varied surfaces; useful for testing whether restoration preserves local brushwork, direction, colour variation, and boundary continuity.",selected,"Cleveland Museum of Art object 1936.19; style/period uses source metadata where available and otherwise a date- or artist-based analytical grouping. Final category balancing excludes dedicated portraits while retaining landscapes, still lifes, interiors, genre scenes, and multi-figure narratives with strong surface evidence."
p229,high_texture_brushwork,The Call,Paul Gauguin,1902,Post-Impressionism,oil on canvas,Cleveland Museum of Art,https://clevelandart.org/art/1943.392,CC0,p229.jpg,2291,3400,"Selected as non-portrait high-texture evidence: visible brushwork, surface variation, colour structure, and restoration-test value dominate over individual sitter identity.","High-texture candidate with dense local marks, tonal variation, and materially varied surfaces; useful for testing whether restoration preserves local brushwork, direction, colour variation, and boundary continuity.",selected,"Cleveland Museum of Art object 1943.392; style/period uses source metadata where available and otherwise a date- or artist-based analytical grouping. Final category balancing excludes dedicated portraits while retaining landscapes, still lifes, interiors, genre scenes, and multi-figure narratives with strong surface evidence."
p230,high_texture_brushwork,The Large Tree,Paul Gauguin,1891,Post-Impressionism,oil on canvas,Cleveland Museum of Art,https://clevelandart.org/art/1975.263,CC0,p230.jpg,3400,2695,"Selected as non-portrait high-texture evidence: visible brushwork, surface variation, colour structure, and restoration-test value dominate over individual sitter identity.","High-texture candidate with dense local marks, tonal variation, and materially varied surfaces; useful for testing whether restoration preserves local brushwork, direction, colour variation, and boundary continuity.",selected,"Cleveland Museum of Art object 1975.263; style/period uses source metadata where available and otherwise a date- or artist-based analytical grouping. Final category balancing excludes dedicated portraits while retaining landscapes, still lifes, interiors, genre scenes, and multi-figure narratives with strong surface evidence."
p231,high_texture_brushwork,Bathers Playing with a Crab,Pierre-Auguste Renoir,c. 1897,Impressionism,oil on canvas,Cleveland Museum of Art,https://clevelandart.org/art/1939.269,CC0,p231.jpg,3400,2824,"Selected as non-portrait high-texture evidence: visible brushwork, surface variation, colour structure, and restoration-test value dominate over individual sitter identity.","High-texture candidate with dense local marks, tonal variation, and materially varied surfaces; useful for testing whether restoration preserves local brushwork, direction, colour variation, and boundary continuity.",selected,"Cleveland Museum of Art object 1939.269; style/period uses source metadata where available and otherwise a date- or artist-based analytical grouping. Final category balancing excludes dedicated portraits while retaining landscapes, still lifes, interiors, genre scenes, and multi-figure narratives with strong surface evidence."
p232,high_texture_brushwork,Roses in a Vase,Pierre-Auguste Renoir,c. 1890,Impressionism,oil on fabric,Cleveland Museum of Art,https://clevelandart.org/art/1941.14,CC0,p232.jpg,3400,2469,"Selected as non-portrait high-texture evidence: visible brushwork, surface variation, colour structure, and restoration-test value dominate over individual sitter identity.","High-texture candidate with layered petals, vessels, and still-life surfaces; useful for testing whether restoration preserves local brushwork, direction, colour variation, and boundary continuity.",selected,"Cleveland Museum of Art object 1941.14; style/period uses source metadata where available and otherwise a date- or artist-based analytical grouping. Final category balancing excludes dedicated portraits while retaining landscapes, still lifes, interiors, genre scenes, and multi-figure narratives with strong surface evidence."
p233,high_texture_brushwork,The Apple Seller,Pierre-Auguste Renoir,c. 1890,Impressionism,oil on fabric,Cleveland Museum of Art,https://clevelandart.org/art/1958.47,CC0,p233.jpg,2795,3400,"Selected as non-portrait high-texture evidence: visible brushwork, surface variation, colour structure, and restoration-test value dominate over individual sitter identity.","High-texture candidate with dense local marks, tonal variation, and materially varied surfaces; useful for testing whether restoration preserves local brushwork, direction, colour variation, and boundary continuity.",selected,"Cleveland Museum of Art object 1958.47; style/period uses source metadata where available and otherwise a date- or artist-based analytical grouping. Final category balancing excludes dedicated portraits while retaining landscapes, still lifes, interiors, genre scenes, and multi-figure narratives with strong surface evidence."
p234,high_texture_brushwork,The Circus,Suzanne Valadon,1889,Late 19th-century painting,oil on fabric,Cleveland Museum of Art,https://clevelandart.org/art/1958.56,CC0,p234.jpg,3400,2754,"Selected as non-portrait high-texture evidence: visible brushwork, surface variation, colour structure, and restoration-test value dominate over individual sitter identity.","High-texture candidate with dense local marks, tonal variation, and materially varied surfaces; useful for testing whether restoration preserves local brushwork, direction, colour variation, and boundary continuity.",selected,"Cleveland Museum of Art object 1958.56; style/period uses source metadata where available and otherwise a date- or artist-based analytical grouping. Final category balancing excludes dedicated portraits while retaining landscapes, still lifes, interiors, genre scenes, and multi-figure narratives with strong surface evidence."
p235,high_texture_brushwork,Two Poplars in the Alpilles near Saint-Rémy,Vincent van Gogh,1889,Post-Impressionism,oil on fabric,Cleveland Museum of Art,https://clevelandart.org/art/1958.32,CC0,p235.jpg,2543,3400,"Selected as non-portrait high-texture evidence: visible brushwork, surface variation, colour structure, and restoration-test value dominate over individual sitter identity.","High-texture candidate with dense local marks, tonal variation, and materially varied surfaces; useful for testing whether restoration preserves local brushwork, direction, colour variation, and boundary continuity.",selected,"Cleveland Museum of Art object 1958.32; style/period uses source metadata where available and otherwise a date- or artist-based analytical grouping. Final category balancing excludes dedicated portraits while retaining landscapes, still lifes, interiors, genre scenes, and multi-figure narratives with strong surface evidence."
p236,high_texture_brushwork,Gray Day on the Bay,William Merritt Chase,c. 1886,American Impressionism,oil on wood,Cleveland Museum of Art,https://clevelandart.org/art/1957.423,CC0,p236.jpg,3400,2314,"Selected as non-portrait high-texture evidence: visible brushwork, surface variation, colour structure, and restoration-test value dominate over individual sitter identity.","High-texture candidate with dense local marks, tonal variation, and materially varied surfaces; useful for testing whether restoration preserves local brushwork, direction, colour variation, and boundary continuity.",selected,"Cleveland Museum of Art object 1957.423; style/period uses source metadata where available and otherwise a date- or artist-based analytical grouping. Final category balancing excludes dedicated portraits while retaining landscapes, still lifes, interiors, genre scenes, and multi-figure narratives with strong surface evidence."
p237,high_texture_brushwork,Flowers in a Blue Vase,Adolphe Monticelli,1879–1883,Late 19th-century painting,Oil on wood,The Metropolitan Museum of Art,https://www.metmuseum.org/art/collection/search/437148,CC0 / Open Access,p237.jpg,2628,3722,"Selected as non-portrait high-texture evidence: visible brushwork, surface variation, colour structure, and restoration-test value dominate over individual sitter identity.","High-texture candidate with layered petals, vessels, and still-life surfaces; useful for testing whether restoration preserves local brushwork, direction, colour variation, and boundary continuity.",selected,"Metropolitan Museum of Art object 437148; style/period uses source metadata where available and otherwise a date- or artist-based analytical grouping. Final category balancing excludes dedicated portraits while retaining landscapes, still lifes, interiors, genre scenes, and multi-figure narratives with strong surface evidence."
p238,high_texture_brushwork,The Funeral,Edouard Manet,ca. 1867,Modern French painting,Oil on canvas,The Metropolitan Museum of Art,https://www.metmuseum.org/art/collection/search/436952,CC0 / Open Access,p238.jpg,3809,3074,"Selected as non-portrait high-texture evidence: visible brushwork, surface variation, colour structure, and restoration-test value dominate over individual sitter identity.","High-texture candidate with dense local marks, tonal variation, and materially varied surfaces; useful for testing whether restoration preserves local brushwork, direction, colour variation, and boundary continuity.",selected,"Metropolitan Museum of Art object 436952; style/period uses source metadata where available and otherwise a date- or artist-based analytical grouping. Final category balancing excludes dedicated portraits while retaining landscapes, still lifes, interiors, genre scenes, and multi-figure narratives with strong surface evidence."
p239,high_texture_brushwork,"The ""Kearsarge"" at Boulogne",Edouard Manet,1864,Modern French painting,Oil on canvas,The Metropolitan Museum of Art,https://www.metmuseum.org/art/collection/search/438144,CC0 / Open Access,p239.jpg,4000,3263,"Selected as non-portrait high-texture evidence: visible brushwork, surface variation, colour structure, and restoration-test value dominate over individual sitter identity.","High-texture candidate with dense local marks, tonal variation, and materially varied surfaces; useful for testing whether restoration preserves local brushwork, direction, colour variation, and boundary continuity.",selected,"Metropolitan Museum of Art object 438144; style/period uses source metadata where available and otherwise a date- or artist-based analytical grouping. Final category balancing excludes dedicated portraits while retaining landscapes, still lifes, interiors, genre scenes, and multi-figure narratives with strong surface evidence."
p240,high_texture_brushwork,Christ Asleep during the Tempest,Eugène Delacroix,ca. 1853,Mid-19th-century painting,Oil on canvas,The Metropolitan Museum of Art,https://www.metmuseum.org/art/collection/search/436176,CC0 / Open Access,p240.jpg,4000,3296,"Selected as non-portrait high-texture evidence: visible brushwork, surface variation, colour structure, and restoration-test value dominate over individual sitter identity.","High-texture candidate with dense local marks, tonal variation, and materially varied surfaces; useful for testing whether restoration preserves local brushwork, direction, colour variation, and boundary continuity.",selected,"Metropolitan Museum of Art object 436176; style/period uses source metadata where available and otherwise a date- or artist-based analytical grouping. Final category balancing excludes dedicated portraits while retaining landscapes, still lifes, interiors, genre scenes, and multi-figure narratives with strong surface evidence."
p241,high_texture_brushwork,Haystacks: Autumn,Jean-François Millet,ca. 1874,Late 19th-century painting,Oil on canvas,The Metropolitan Museum of Art,https://www.metmuseum.org/art/collection/search/437097,CC0 / Open Access,p241.jpg,3867,3020,"Selected as non-portrait high-texture evidence: visible brushwork, surface variation, colour structure, and restoration-test value dominate over individual sitter identity.","High-texture candidate with dense local marks, tonal variation, and materially varied surfaces; useful for testing whether restoration preserves local brushwork, direction, colour variation, and boundary continuity.",selected,"Metropolitan Museum of Art object 437097; style/period uses source metadata where available and otherwise a date- or artist-based analytical grouping. Final category balancing excludes dedicated portraits while retaining landscapes, still lifes, interiors, genre scenes, and multi-figure narratives with strong surface evidence."
p242,high_texture_brushwork,The Baker's Cart,Jean Michelin,1656,17th to early 18th century,Oil on canvas,The Metropolitan Museum of Art,https://www.metmuseum.org/art/collection/search/437082,CC0 / Open Access,p242.jpg,3913,3054,"Selected as non-portrait high-texture evidence: visible brushwork, surface variation, colour structure, and restoration-test value dominate over individual sitter identity.","High-texture candidate with dense local marks, tonal variation, and materially varied surfaces; useful for testing whether restoration preserves local brushwork, direction, colour variation, and boundary continuity.",selected,"Metropolitan Museum of Art object 437082; style/period uses source metadata where available and otherwise a date- or artist-based analytical grouping. Final category balancing excludes dedicated portraits while retaining landscapes, still lifes, interiors, genre scenes, and multi-figure narratives with strong surface evidence."
p243,high_texture_brushwork,The Toilet of Bathsheba,Rembrandt (Rembrandt van Rijn),1643,17th to early 18th century,Oil on wood,The Metropolitan Museum of Art,https://www.metmuseum.org/art/collection/search/437393,CC0 / Open Access,p243.jpg,3810,2845,"Selected as non-portrait high-texture evidence: visible brushwork, surface variation, colour structure, and restoration-test value dominate over individual sitter identity.","High-texture candidate with dense local marks, tonal variation, and materially varied surfaces; useful for testing whether restoration preserves local brushwork, direction, colour variation, and boundary continuity.",selected,"Metropolitan Museum of Art object 437393; style/period uses source metadata where available and otherwise a date- or artist-based analytical grouping. Final category balancing excludes dedicated portraits while retaining landscapes, still lifes, interiors, genre scenes, and multi-figure narratives with strong surface evidence."
p244,high_texture_brushwork,Bouquet of Flowers in a Vase,Vincent van Gogh,1890,Post-Impressionism,Oil on canvas,The Metropolitan Museum of Art,https://www.metmuseum.org/art/collection/search/436525,CC0 / Open Access,p244.jpg,3092,3711,"Selected as non-portrait high-texture evidence: visible brushwork, surface variation, colour structure, and restoration-test value dominate over individual sitter identity.","High-texture candidate with layered petals, vessels, and still-life surfaces; useful for testing whether restoration preserves local brushwork, direction, colour variation, and boundary continuity.",selected,"Metropolitan Museum of Art object 436525; style/period uses source metadata where available and otherwise a date- or artist-based analytical grouping. Final category balancing excludes dedicated portraits while retaining landscapes, still lifes, interiors, genre scenes, and multi-figure narratives with strong surface evidence."
p245,high_texture_brushwork,Cypresses,Vincent van Gogh,1889,Post-Impressionism,Oil on canvas,The Metropolitan Museum of Art,https://www.metmuseum.org/art/collection/search/437980,CC0 / Open Access,p245.jpg,1476,1861,"Selected as non-portrait high-texture evidence: visible brushwork, surface variation, colour structure, and restoration-test value dominate over individual sitter identity.","High-texture candidate with dense local marks, tonal variation, and materially varied surfaces; useful for testing whether restoration preserves local brushwork, direction, colour variation, and boundary continuity.",selected,"Metropolitan Museum of Art object 437980; style/period uses source metadata where available and otherwise a date- or artist-based analytical grouping. Final category balancing excludes dedicated portraits while retaining landscapes, still lifes, interiors, genre scenes, and multi-figure narratives with strong surface evidence."
p246,high_texture_brushwork,Irises,Vincent van Gogh,1890,Post-Impressionism,Oil on canvas,The Metropolitan Museum of Art,https://www.metmuseum.org/art/collection/search/436528,CC0 / Open Access,p246.jpg,4000,3172,"Selected as non-portrait high-texture evidence: visible brushwork, surface variation, colour structure, and restoration-test value dominate over individual sitter identity.","High-texture candidate with dense local marks, tonal variation, and materially varied surfaces; useful for testing whether restoration preserves local brushwork, direction, colour variation, and boundary continuity.",selected,"Metropolitan Museum of Art object 436528; style/period uses source metadata where available and otherwise a date- or artist-based analytical grouping. Final category balancing excludes dedicated portraits while retaining landscapes, still lifes, interiors, genre scenes, and multi-figure narratives with strong surface evidence."
p247,high_texture_brushwork,Olive Trees,Vincent van Gogh,1889,Post-Impressionism,Oil on canvas,The Metropolitan Museum of Art,https://www.metmuseum.org/art/collection/search/437998,CC0 / Open Access,p247.jpg,3811,3040,"Selected as non-portrait high-texture evidence: visible brushwork, surface variation, colour structure, and restoration-test value dominate over individual sitter identity.","High-texture candidate with dense local marks, tonal variation, and materially varied surfaces; useful for testing whether restoration preserves local brushwork, direction, colour variation, and boundary continuity.",selected,"Metropolitan Museum of Art object 437998; style/period uses source metadata where available and otherwise a date- or artist-based analytical grouping. Final category balancing excludes dedicated portraits while retaining landscapes, still lifes, interiors, genre scenes, and multi-figure narratives with strong surface evidence."
p248,high_texture_brushwork,Shoes,Vincent van Gogh,1888,Post-Impressionism,Oil on canvas,The Metropolitan Museum of Art,https://www.metmuseum.org/art/collection/search/436533,CC0 / Open Access,p248.jpg,3803,3180,"Selected as non-portrait high-texture evidence: visible brushwork, surface variation, colour structure, and restoration-test value dominate over individual sitter identity.","High-texture candidate with dense local marks, tonal variation, and materially varied surfaces; useful for testing whether restoration preserves local brushwork, direction, colour variation, and boundary continuity.",selected,"Metropolitan Museum of Art object 436533; style/period uses source metadata where available and otherwise a date- or artist-based analytical grouping. Final category balancing excludes dedicated portraits while retaining landscapes, still lifes, interiors, genre scenes, and multi-figure narratives with strong surface evidence."
p249,high_texture_brushwork,The Flowering Orchard,Vincent van Gogh,1888,Post-Impressionism,Oil on canvas,The Metropolitan Museum of Art,https://www.metmuseum.org/art/collection/search/436527,CC0 / Open Access,p249.jpg,2985,4000,"Selected as non-portrait high-texture evidence: visible brushwork, surface variation, colour structure, and restoration-test value dominate over individual sitter identity.","High-texture candidate with layered petals, vessels, and still-life surfaces; useful for testing whether restoration preserves local brushwork, direction, colour variation, and boundary continuity.",selected,"Metropolitan Museum of Art object 436527; style/period uses source metadata where available and otherwise a date- or artist-based analytical grouping. Final category balancing excludes dedicated portraits while retaining landscapes, still lifes, interiors, genre scenes, and multi-figure narratives with strong surface evidence."
p250,high_texture_brushwork,Women Picking Olives,Vincent van Gogh,1889,Post-Impressionism,Oil on canvas,The Metropolitan Museum of Art,https://www.metmuseum.org/art/collection/search/436536,CC0 / Open Access,p250.jpg,4000,3233,"Selected as non-portrait high-texture evidence: visible brushwork, surface variation, colour structure, and restoration-test value dominate over individual sitter identity.","High-texture candidate with dense local marks, tonal variation, and materially varied surfaces; useful for testing whether restoration preserves local brushwork, direction, colour variation, and boundary continuity.",selected,"Metropolitan Museum of Art object 436536; style/period uses source metadata where available and otherwise a date- or artist-based analytical grouping. Final category balancing excludes dedicated portraits while retaining landscapes, still lifes, interiors, genre scenes, and multi-figure narratives with strong surface evidence."
p251,portrait_figure,Nur Jahan holding a portrait of Emperor Jahangir,Bishandas,c. 1627,17th-century Mughal India painting,gum tempera and gold on paper,Cleveland Museum of Art,https://www.clevelandart.org/art/2013.325,CC0,p251.jpg,2000,3400,"Public-domain portrait or figure painting selected for metadata completeness, source diversity, and restoration-test value.","Contains facial features, skin tone, hair, clothing, pose, and background continuity; useful for testing identity-sensitive local repair.",selected,CMA object 2013.325; share_license_status=CC0. Broad period/style uses the recorded culture and date.
p252,portrait_figure,Portrait of Murad Bakhsh (1624–61),Balchand,c. 1635; borders c. 1700s,"17th-century Mughal India, court of Shah Jahan (reigned 1628–58) painting",gum tempera and gold on paper,Cleveland Museum of Art,https://www.clevelandart.org/art/2013.327,CC0,p252.jpg,3174,3400,"Public-domain portrait or figure painting selected for metadata completeness, source diversity, and restoration-test value.","Contains facial features, skin tone, hair, clothing, pose, and background continuity; useful for testing identity-sensitive local repair.",selected,CMA object 2013.327; share_license_status=CC0. Broad period/style uses the recorded culture and date.
p253,portrait_figure,Portrait of a Woman,Master of the Holy Kinship,c. 1490–95,15th-century Germany painting,oil on wood,Cleveland Museum of Art,https://www.clevelandart.org/art/1962.259,CC0,p253.jpg,2369,3400,"Public-domain portrait or figure painting selected for metadata completeness, source diversity, and restoration-test value.","Contains facial features, skin tone, hair, clothing, pose, and background continuity; useful for testing identity-sensitive local repair.",selected,CMA object 1962.259; share_license_status=CC0. Broad period/style uses the recorded culture and date.
p254,portrait_figure,Portrait of the Aged Akbar,Govardhan,c. 1640–50,"17th-century India, Mughal court, 17th century painting",Gum tempera and gold on paper,Cleveland Museum of Art,https://www.clevelandart.org/art/1971.78,CC0,p254.jpg,2369,3400,"Public-domain portrait or figure painting selected for metadata completeness, source diversity, and restoration-test value.","Contains facial features, skin tone, hair, clothing, pose, and background continuity; useful for testing identity-sensitive local repair.",selected,CMA object 1971.78; share_license_status=CC0. Broad period/style uses the recorded culture and date.
p255,portrait_figure,Court lady singing and playing the vina (recto),Muhammad Rizavi Hindi,c. 1760,"18th-century India, Lucknow, Mughal, 18th century painting","Gum tempera, ink, and gold on paper",Cleveland Museum of Art,https://www.clevelandart.org/art/2013.349.a,CC0,p255.jpg,2878,3400,"Public-domain portrait or figure painting selected for metadata completeness, source diversity, and restoration-test value.","Contains facial features, skin tone, hair, clothing, pose, and background continuity; useful for testing identity-sensitive local repair.",selected,CMA object 2013.349.a; share_license_status=CC0. Broad period/style uses the recorded culture and date.
p256,portrait_figure,Portrait of Dora Wheeler,William Merritt Chase,1882–83,19th-century America painting,oil on canvas,Cleveland Museum of Art,https://www.clevelandart.org/art/1921.1239,CC0,p256.jpg,3400,3254,"Public-domain portrait or figure painting selected for metadata completeness, source diversity, and restoration-test value.","Contains facial features, skin tone, hair, clothing, pose, and background continuity; useful for testing identity-sensitive local repair.",selected,CMA object 1921.1239; share_license_status=CC0. Broad period/style uses the recorded culture and date.
p257,portrait_figure,Portrait of Ezra Davenport,Clarence Holbrook Carter,1929,20th-century America painting,oil on canvas,Cleveland Museum of Art,https://www.clevelandart.org/art/2013.67,CC0,p257.jpg,2732,3400,"Public-domain portrait or figure painting selected for metadata completeness, source diversity, and restoration-test value.","Contains facial features, skin tone, hair, clothing, pose, and background continuity; useful for testing identity-sensitive local repair.",selected,CMA object 2013.67; share_license_status=CC0. Broad period/style uses the recorded culture and date.
p258,portrait_figure,Portrait of Cardinal Guillaume Dubois,Hyacinthe Rigaud,1723,18th-century France painting,oil on canvas,Cleveland Museum of Art,https://www.clevelandart.org/art/1967.17,CC0,p258.jpg,2640,3400,"Public-domain portrait or figure painting selected for metadata completeness, source diversity, and restoration-test value.","Contains facial features, skin tone, hair, clothing, pose, and background continuity; useful for testing identity-sensitive local repair.",selected,CMA object 1967.17; share_license_status=CC0. Broad period/style uses the recorded culture and date.
p259,portrait_figure,"Portrait of a Woman, probably Aeltje Dircksdr. Pater",Frans Hals,1638,17th-century Netherlands painting,oil on canvas,Cleveland Museum of Art,https://www.clevelandart.org/art/1948.137,CC0,p259.jpg,2628,3400,"Public-domain portrait or figure painting selected for metadata completeness, source diversity, and restoration-test value.","Contains facial features, skin tone, hair, clothing, pose, and background continuity; useful for testing identity-sensitive local repair.",selected,CMA object 1948.137; share_license_status=CC0. Broad period/style uses the recorded culture and date.
p260,portrait_figure,Portrait of King Louis XIII of France,Frans Pourbus,1611,17th-century Flanders painting,oil on canvas,Cleveland Museum of Art,https://www.clevelandart.org/art/2003.225,CC0,p260.jpg,2016,3400,"Public-domain portrait or figure painting selected for metadata completeness, source diversity, and restoration-test value.","Contains facial features, skin tone, hair, clothing, pose, and background continuity; useful for testing identity-sensitive local repair.",selected,CMA object 2003.225; share_license_status=CC0. Broad period/style uses the recorded culture and date.
p261,portrait_figure,Seaside (July: Specimen of a Portrait),James Tissot,1878,"19th-century France, 19th century painting",oil on fabric,Cleveland Museum of Art,https://www.clevelandart.org/art/1980.288,CC0,p261.jpg,2358,3400,"Public-domain portrait or figure painting selected for metadata completeness, source diversity, and restoration-test value.","Contains facial features, skin tone, hair, clothing, pose, and background continuity; useful for testing identity-sensitive local repair.",selected,CMA object 1980.288; share_license_status=CC0. Broad period/style uses the recorded culture and date.
p262,portrait_figure,"Portrait of Catherine Grey, Lady Manners",Thomas Lawrence,1794,"18th-century England, 18th century painting",oil on canvas,Cleveland Museum of Art,https://www.clevelandart.org/art/1961.220,CC0,p262.jpg,2097,3400,"Public-domain portrait or figure painting selected for metadata completeness, source diversity, and restoration-test value.","Contains facial features, skin tone, hair, clothing, pose, and background continuity; useful for testing identity-sensitive local repair.",selected,CMA object 1961.220; share_license_status=CC0. Broad period/style uses the recorded culture and date.
p263,portrait_figure,Portrait of a Man,Gustave Caillebotte,1880,"19th-century France, 19th century painting",oil on canvas,Cleveland Museum of Art,https://www.clevelandart.org/art/2009.157,CC0,p263.jpg,2732,3400,"Public-domain portrait or figure painting selected for metadata completeness, source diversity, and restoration-test value.","Contains facial features, skin tone, hair, clothing, pose, and background continuity; useful for testing identity-sensitive local repair.",selected,CMA object 2009.157; share_license_status=CC0. Broad period/style uses the recorded culture and date.
p264,portrait_figure,Self-Portrait with Five Muses,Henry Church,c. 1880,"19th-century America, Ohio, Cleveland painting",oil on paper mounted to board,Cleveland Museum of Art,https://www.clevelandart.org/art/2012.30,CC0,p264.jpg,2702,3400,"Public-domain portrait or figure painting selected for metadata completeness, source diversity, and restoration-test value.","Contains facial features, skin tone, hair, clothing, pose, and background continuity; useful for testing identity-sensitive local repair.",selected,CMA object 2012.30; share_license_status=CC0. Broad period/style uses the recorded culture and date.
p265,portrait_figure,Portrait of a Woman,Corneille de Lyon,c. 1540,"16th-century Netherlandish, active France, 16th century painting",oil on wood,Cleveland Museum of Art,https://www.clevelandart.org/art/1942.48,CC0,p265.jpg,2897,3400,"Public-domain portrait or figure painting selected for metadata completeness, source diversity, and restoration-test value.","Contains facial features, skin tone, hair, clothing, pose, and background continuity; useful for testing identity-sensitive local repair.",selected,CMA object 1942.48; share_license_status=CC0. Broad period/style uses the recorded culture and date.
p266,portrait_figure,Portrait of Machtelt Suijs,Maerten van Heemskerck,c. 1540–45,16th-century Flanders painting,oil on wood,Cleveland Museum of Art,https://www.clevelandart.org/art/1987.136,CC0,p266.jpg,2942,3400,"Public-domain portrait or figure painting selected for metadata completeness, source diversity, and restoration-test value.","Contains facial features, skin tone, hair, clothing, pose, and background continuity; useful for testing identity-sensitive local repair.",selected,CMA object 1987.136; share_license_status=CC0. Broad period/style uses the recorded culture and date.
p267,portrait_figure,"Portrait of George Pitt, First Baron Rivers",Thomas Gainsborough,1769,"18th-century England, 18th century painting",oil on canvas,Cleveland Museum of Art,https://www.clevelandart.org/art/1971.2,CC0,p267.jpg,2234,3400,"Public-domain portrait or figure painting selected for metadata completeness, source diversity, and restoration-test value.","Contains facial features, skin tone, hair, clothing, pose, and background continuity; useful for testing identity-sensitive local repair.",selected,CMA object 1971.2; share_license_status=CC0. Broad period/style uses the recorded culture and date.
p268,portrait_figure,Self-Portrait with Hat and Coat,Lovis Corinth,1915,"20th-century Germany, 20th century painting",oil on canvas,Cleveland Museum of Art,https://www.clevelandart.org/art/1979.14,CC0,p268.jpg,2696,3400,"Public-domain portrait or figure painting selected for metadata completeness, source diversity, and restoration-test value.","Contains facial features, skin tone, hair, clothing, pose, and background continuity; useful for testing identity-sensitive local repair.",selected,CMA object 1979.14; share_license_status=CC0. Broad period/style uses the recorded culture and date.
p269,portrait_figure,"Portrait of a Man, Possibly Girolamo Rosati",Lorenzo Lotto,1533–34,16th-century Italy painting,oil on canvas,Cleveland Museum of Art,https://www.clevelandart.org/art/1950.250,CC0,p269.jpg,3139,3400,"Public-domain portrait or figure painting selected for metadata completeness, source diversity, and restoration-test value.","Contains facial features, skin tone, hair, clothing, pose, and background continuity; useful for testing identity-sensitive local repair.",selected,CMA object 1950.250; share_license_status=CC0. Broad period/style uses the recorded culture and date.
p270,portrait_figure,"Souvenir of an ""International Ball"" (Portrait of Miss Kathleen Bruce)",Charles Hasslewood Shannon,1907,"20th-century England, early 20th Century painting",oil on canvas,Cleveland Museum of Art,https://www.clevelandart.org/art/1979.16,CC0,p270.jpg,2528,3400,"Public-domain portrait or figure painting selected for metadata completeness, source diversity, and restoration-test value.","Contains facial features, skin tone, hair, clothing, pose, and background continuity; useful for testing identity-sensitive local repair.",selected,CMA object 1979.16; share_license_status=CC0. Broad period/style uses the recorded culture and date.
p271,portrait_figure,Portrait of Mary Sicard David,Thomas Sully,1813,19th-century America painting,oil on canvas,Cleveland Museum of Art,https://www.clevelandart.org/art/1916.1979.2,CC0,p271.jpg,2635,3400,"Public-domain portrait or figure painting selected for metadata completeness, source diversity, and restoration-test value.","Contains facial features, skin tone, hair, clothing, pose, and background continuity; useful for testing identity-sensitive local repair.",selected,CMA object 1916.1979.2; share_license_status=CC0. Broad period/style uses the recorded culture and date.
p272,portrait_figure,Portrait of a Woman,Agnolo Bronzino,c. 1550,"16th-century Italy, Florence painting",oil on wood,Cleveland Museum of Art,https://www.clevelandart.org/art/1972.121,CC0,p272.jpg,2647,3400,"Public-domain portrait or figure painting selected for metadata completeness, source diversity, and restoration-test value.","Contains facial features, skin tone, hair, clothing, pose, and background continuity; useful for testing identity-sensitive local repair.",selected,CMA object 1972.121; share_license_status=CC0. Broad period/style uses the recorded culture and date.
p273,portrait_figure,Portrait of Colonel Charles Heathcote,Joseph Wright of Derby,c. 1771–72,18th-century England painting,Oil on canvas,Cleveland Museum of Art,https://www.clevelandart.org/art/2017.100,CC0,p273.jpg,2717,3400,"Public-domain portrait or figure painting selected for metadata completeness, source diversity, and restoration-test value.","Contains facial features, skin tone, hair, clothing, pose, and background continuity; useful for testing identity-sensitive local repair.",selected,CMA object 2017.100; share_license_status=CC0. Broad period/style uses the recorded culture and date.
p274,portrait_figure,Old Woman,Chaïm Soutine,c. 1923–24,"20th-century Russia (worked in France), 20th century painting",oil on canvas,Cleveland Museum of Art,https://www.clevelandart.org/art/1988.94,CC0,p274.jpg,2821,3400,"Public-domain portrait or figure painting selected for metadata completeness, source diversity, and restoration-test value.","Contains facial features, skin tone, hair, clothing, pose, and background continuity; useful for testing identity-sensitive local repair.",selected,CMA object 1988.94; share_license_status=CC0. Broad period/style uses the recorded culture and date.
p275,portrait_figure,Portrait of a Woman,Giovanni Domenico Tiepolo,1762–1770,"18th-century Italy, 18th century painting",oil on canvas,Cleveland Museum of Art,https://www.clevelandart.org/art/1952.541,CC0,p275.jpg,2761,3400,"Public-domain portrait or figure painting selected for metadata completeness, source diversity, and restoration-test value.","Contains facial features, skin tone, hair, clothing, pose, and background continuity; useful for testing identity-sensitive local repair.",selected,CMA object 1952.541; share_license_status=CC0. Broad period/style uses the recorded culture and date.
p276,portrait_figure,Portrait of a Man,Bartolomeo Veneto,c. 1510s,16th-century Italy painting,"oil on wood, transferred to wood",Cleveland Museum of Art,https://www.clevelandart.org/art/1940.539,CC0,p276.jpg,2485,3400,"Public-domain portrait or figure painting selected for metadata completeness, source diversity, and restoration-test value.","Contains facial features, skin tone, hair, clothing, pose, and background continuity; useful for testing identity-sensitive local repair.",selected,CMA object 1940.539; share_license_status=CC0. Broad period/style uses the recorded culture and date.
p277,portrait_figure,Self-Portrait,François LePage,1824,"19th-century France, School of Lyon, 19th century painting",oil on canvas,Cleveland Museum of Art,https://www.clevelandart.org/art/2004.17,CC0,p277.jpg,2694,3400,"Public-domain portrait or figure painting selected for metadata completeness, source diversity, and restoration-test value.","Contains facial features, skin tone, hair, clothing, pose, and background continuity; useful for testing identity-sensitive local repair.",selected,CMA object 2004.17; share_license_status=CC0. Broad period/style uses the recorded culture and date.
p278,portrait_figure,Portrait of the Ladies Amabel and Mary Jemima Yorke,Joshua Reynolds,c. 1761,"18th-century England, 18th century painting",oil on canvas,Cleveland Museum of Art,https://www.clevelandart.org/art/1942.645,CC0,p278.jpg,2960,3400,"Public-domain portrait or figure painting selected for metadata completeness, source diversity, and restoration-test value.","Contains facial features, skin tone, hair, clothing, pose, and background continuity; useful for testing identity-sensitive local repair.",selected,CMA object 1942.645; share_license_status=CC0. Broad period/style uses the recorded culture and date.
p279,portrait_figure,Portrait of Charlotte and Sarah Carteret-Hardy,Thomas Lawrence,1801,"19th-century England, early 19th Century painting",oil on canvas,Cleveland Museum of Art,https://www.clevelandart.org/art/1942.642,CC0,p279.jpg,2705,3400,"Public-domain portrait or figure painting selected for metadata completeness, source diversity, and restoration-test value.","Contains facial features, skin tone, hair, clothing, pose, and background continuity; useful for testing identity-sensitive local repair.",selected,CMA object 1942.642; share_license_status=CC0. Broad period/style uses the recorded culture and date.
p280,portrait_figure,Portrait of Charles I (1600–1649),Anthony van Dyck,1600s or later,16th-century Flanders painting,oil on canvas,Cleveland Museum of Art,https://www.clevelandart.org/art/1916.1039,CC0,p280.jpg,2779,3400,"Public-domain portrait or figure painting selected for metadata completeness, source diversity, and restoration-test value.","Contains facial features, skin tone, hair, clothing, pose, and background continuity; useful for testing identity-sensitive local repair.",selected,CMA object 1916.1039; share_license_status=CC0. Broad period/style uses the recorded culture and date.
p281,portrait_figure,Selvportræt,Jan Verkade,1891-1894,19th-century Dutch painting,Oil on canvas,Statens Museum for Kunst,https://open.smk.dk/artwork/image/KMS8608,Public Domain Mark 1.0,p281.jpg,1024,1236,"Public-domain portrait or figure painting selected for metadata completeness, source diversity, and restoration-test value.","Contains facial features, skin tone, hair, clothing, pose, and background continuity; useful for testing identity-sensitive local repair.",selected,Original SMK title: Selvportræt. SMK object KMS8608; public_domain=true; rights=https://creativecommons.org/publicdomain/mark/1.0/. Broad period/style is inferred from the recorded date and creator nationality.
p282,portrait_figure,Portræt af Madame Matisse. Den grønne stribe,Henri Matisse,1905,20th-century French painting,Oil on canvas,Statens Museum for Kunst,https://open.smk.dk/artwork/image/KMSr171,Public Domain Mark 1.0,p282.jpg,1024,1277,"Public-domain portrait or figure painting selected for metadata completeness, source diversity, and restoration-test value.","Contains facial features, skin tone, hair, clothing, pose, and background continuity; useful for testing identity-sensitive local repair.",selected,Original SMK title: Portræt af Madame Matisse. Den grønne stribe. SMK object KMSr171; public_domain=true; rights=https://creativecommons.org/publicdomain/mark/1.0/. Broad period/style is inferred from the recorded date and creator nationality.
p283,portrait_figure,Selvportræt,Henri Matisse,1906,20th-century French painting,Oil on canvas,Statens Museum for Kunst,https://open.smk.dk/artwork/image/KMSr78,Public Domain Mark 1.0,p283.jpg,1024,1219,"Public-domain portrait or figure painting selected for metadata completeness, source diversity, and restoration-test value.","Contains facial features, skin tone, hair, clothing, pose, and background continuity; useful for testing identity-sensitive local repair.",selected,Original SMK title: Selvportræt. SMK object KMSr78; public_domain=true; rights=https://creativecommons.org/publicdomain/mark/1.0/. Broad period/style is inferred from the recorded date and creator nationality.
p284,portrait_figure,Mandsportræt,Jacopo Chimenti da Empoli,1566-1640,16th-century Italian painting,Oil on canvas,Statens Museum for Kunst,https://open.smk.dk/artwork/image/KMS3991,Public Domain Mark 1.0,p284.jpg,1024,1224,"Public-domain portrait or figure painting selected for metadata completeness, source diversity, and restoration-test value.","Contains facial features, skin tone, hair, clothing, pose, and background continuity; useful for testing identity-sensitive local repair.",selected,Original SMK title: Mandsportræt. SMK object KMS3991; public_domain=true; rights=https://creativecommons.org/publicdomain/mark/1.0/. Broad period/style is inferred from the recorded date and creator nationality.
p285,portrait_figure,Selvportræt,Ludvig Karsten,1920,20th-century Norwegian painting,Oil on canvas,Statens Museum for Kunst,https://open.smk.dk/artwork/image/kms3824,Public Domain Mark 1.0,p285.jpg,1024,1460,"Public-domain portrait or figure painting selected for metadata completeness, source diversity, and restoration-test value.","Contains facial features, skin tone, hair, clothing, pose, and background continuity; useful for testing identity-sensitive local repair.",selected,Original SMK title: Selvportræt. SMK object kms3824; public_domain=true; rights=https://creativecommons.org/publicdomain/mark/1.0/. Broad period/style is inferred from the recorded date and creator nationality.
p286,portrait_figure,Selvportræt,Niels Larsen Stevns,1941,20th-century Danish painting,Oil on canvas,Statens Museum for Kunst,https://open.smk.dk/artwork/image/KMS6712,Public Domain Mark 1.0,p286.jpg,1600,1281,"Public-domain portrait or figure painting selected for metadata completeness, source diversity, and restoration-test value.","Contains facial features, skin tone, hair, clothing, pose, and background continuity; useful for testing identity-sensitive local repair.",selected,Original SMK title: Selvportræt. SMK object KMS6712; public_domain=true; rights=https://creativecommons.org/publicdomain/mark/1.0/. Broad period/style is inferred from the recorded date and creator nationality.
p287,portrait_figure,Portrait de Madame Derain,André Derain,1923,20th-century French painting,Oil on canvas,Statens Museum for Kunst,https://open.smk.dk/artwork/image/KMSr27,Public Domain Mark 1.0,p287.jpg,1024,1370,"Public-domain portrait or figure painting selected for metadata completeness, source diversity, and restoration-test value.","Contains facial features, skin tone, hair, clothing, pose, and background continuity; useful for testing identity-sensitive local repair.",selected,Original SMK title: Portrait de Madame Derain. SMK object KMSr27; public_domain=true; rights=https://creativecommons.org/publicdomain/mark/1.0/. Broad period/style is inferred from the recorded date and creator nationality.
p288,portrait_figure,Selvportræt en face. Lampelys,Kristian Zahrtmann,1914,20th-century Danish painting,Oil on canvas,Statens Museum for Kunst,https://open.smk.dk/artwork/image/KMS7474,Public Domain Mark 1.0,p288.jpg,1024,1293,"Public-domain portrait or figure painting selected for metadata completeness, source diversity, and restoration-test value.","Contains facial features, skin tone, hair, clothing, pose, and background continuity; useful for testing identity-sensitive local repair.",selected,Original SMK title: Selvportræt en face. Lampelys. SMK object KMS7474; public_domain=true; rights=https://creativecommons.org/publicdomain/mark/1.0/. Broad period/style is inferred from the recorded date and creator nationality.
p289,portrait_figure,Portræt af en lutspiller,Jan van Scorel,1510-1562,16th-century Dutch painting,"Olie på lærred, overført fra træ.",Statens Museum for Kunst,https://open.smk.dk/artwork/image/KMSsp740,Public Domain Mark 1.0,p289.jpg,1024,1400,"Public-domain portrait or figure painting selected for metadata completeness, source diversity, and restoration-test value.","Contains facial features, skin tone, hair, clothing, pose, and background continuity; useful for testing identity-sensitive local repair.",selected,Original SMK title: Portræt af en lutspiller. SMK object KMSsp740; public_domain=true; rights=https://creativecommons.org/publicdomain/mark/1.0/. Broad period/style is inferred from the recorded date and creator nationality.
p290,portrait_figure,Selvportræt,Michael Ancher,1902,20th-century Danish painting,Oil on canvas,Statens Museum for Kunst,https://open.smk.dk/artwork/image/KMS1757,Public Domain Mark 1.0,p290.jpg,1024,1270,"Public-domain portrait or figure painting selected for metadata completeness, source diversity, and restoration-test value.","Contains facial features, skin tone, hair, clothing, pose, and background continuity; useful for testing identity-sensitive local repair.",selected,Original SMK title: Selvportræt. SMK object KMS1757; public_domain=true; rights=https://creativecommons.org/publicdomain/mark/1.0/. Broad period/style is inferred from the recorded date and creator nationality.
p291,portrait_figure,Ung kvinde portrætteret som Portia Catonis,Santi di Tito,1551-1603,16th-century Italian painting,Oil on wood,Statens Museum for Kunst,https://open.smk.dk/artwork/image/KMS3623,Public Domain Mark 1.0,p291.jpg,1024,1414,"Public-domain portrait or figure painting selected for metadata completeness, source diversity, and restoration-test value.","Contains facial features, skin tone, hair, clothing, pose, and background continuity; useful for testing identity-sensitive local repair.",selected,Original SMK title: Ung kvinde portrætteret som Portia Catonis. SMK object KMS3623; public_domain=true; rights=https://creativecommons.org/publicdomain/mark/1.0/. Broad period/style is inferred from the recorded date and creator nationality.
p292,portrait_figure,Selvportræt,Camille Pissarro,1857-1858,19th-century French painting,Oil on canvas,Statens Museum for Kunst,https://open.smk.dk/artwork/image/KMShm9,Public Domain Mark 1.0,p292.jpg,1024,1121,"Public-domain portrait or figure painting selected for metadata completeness, source diversity, and restoration-test value.","Contains facial features, skin tone, hair, clothing, pose, and background continuity; useful for testing identity-sensitive local repair.",selected,Original SMK title: Selvportræt. SMK object KMShm9; public_domain=true; rights=https://creativecommons.org/publicdomain/mark/1.0/. Broad period/style is inferred from the recorded date and creator nationality.
p293,portrait_figure,Selvportræt som Pierrot,Amedeo Modigliani,1915,20th-century Italian painting,Oil on cardboard,Statens Museum for Kunst,https://open.smk.dk/artwork/image/KMSr88,Public Domain Mark 1.0,p293.jpg,1024,1682,"Public-domain portrait or figure painting selected for metadata completeness, source diversity, and restoration-test value.","Contains facial features, skin tone, hair, clothing, pose, and background continuity; useful for testing identity-sensitive local repair.",selected,Original SMK title: Selvportræt som Pierrot. SMK object KMSr88; public_domain=true; rights=https://creativecommons.org/publicdomain/mark/1.0/. Broad period/style is inferred from the recorded date and creator nationality.
p294,portrait_figure,Portræt af en ung kvinde. Prinsesse Emilie af Sachsen?,Lucas Cranach (I),1492-1537,15th-century German painting,"Olie på træ. På hver langside er tilføjet et nyt stykke træ på 2cm,",Statens Museum for Kunst,https://open.smk.dk/artwork/image/DEP4,Public Domain Mark 1.0,p294.jpg,1131,1600,"Public-domain portrait or figure painting selected for metadata completeness, source diversity, and restoration-test value.","Contains facial features, skin tone, hair, clothing, pose, and background continuity; useful for testing identity-sensitive local repair.",selected,Original SMK title: Portræt af en ung kvinde. Prinsesse Emilie af Sachsen?. SMK object DEP4; public_domain=true; rights=https://creativecommons.org/publicdomain/mark/1.0/. Broad period/style is inferred from the recorded date and creator nationality.
p295,portrait_figure,Portræt af en kvinde som Flora,Anthony van Dyck,1638-1640,17th-century Flemish painting,Oil on canvas,Statens Museum for Kunst,https://open.smk.dk/artwork/image/KMSsp241,Public Domain Mark 1.0,p295.jpg,1317,1600,"Public-domain portrait or figure painting selected for metadata completeness, source diversity, and restoration-test value.","Contains facial features, skin tone, hair, clothing, pose, and background continuity; useful for testing identity-sensitive local repair.",selected,Original SMK title: Portræt af en kvinde som Flora. SMK object KMSsp241; public_domain=true; rights=https://creativecommons.org/publicdomain/mark/1.0/. Broad period/style is inferred from the recorded date and creator nationality.
p296,portrait_figure,Selvportræt,Karl Schou,1936,20th-century Danish painting,Oil on canvas,Statens Museum for Kunst,https://open.smk.dk/artwork/image/KMS4115,Public Domain Mark 1.0,p296.jpg,1024,1091,"Public-domain portrait or figure painting selected for metadata completeness, source diversity, and restoration-test value.","Contains facial features, skin tone, hair, clothing, pose, and background continuity; useful for testing identity-sensitive local repair.",selected,Original SMK title: Selvportræt. SMK object KMS4115; public_domain=true; rights=https://creativecommons.org/publicdomain/mark/1.0/. Broad period/style is inferred from the recorded date and creator nationality.
p297,portrait_figure,Selvportræt,Anna Dorothea Therbusch,1765,18th-century German painting,Oil on canvas,Statens Museum for Kunst,https://open.smk.dk/artwork/image/KMS4332,Public Domain Mark 1.0,p297.jpg,830,999,"Public-domain portrait or figure painting selected for metadata completeness, source diversity, and restoration-test value.","Contains facial features, skin tone, hair, clothing, pose, and background continuity; useful for testing identity-sensitive local repair.",selected,Original SMK title: Selvportræt. SMK object KMS4332; public_domain=true; rights=https://creativecommons.org/publicdomain/mark/1.0/. Broad period/style is inferred from the recorded date and creator nationality.
p298,portrait_figure,Selvportræt,Axel Bentzen,1925,20th-century Danish painting,Oil on canvas,Statens Museum for Kunst,https://open.smk.dk/artwork/image/KMS4790,Public Domain Mark 1.0,p298.jpg,1075,1600,"Public-domain portrait or figure painting selected for metadata completeness, source diversity, and restoration-test value.","Contains facial features, skin tone, hair, clothing, pose, and background continuity; useful for testing identity-sensitive local repair.",selected,Original SMK title: Selvportræt. SMK object KMS4790; public_domain=true; rights=https://creativecommons.org/publicdomain/mark/1.0/. Broad period/style is inferred from the recorded date and creator nationality.
p299,portrait_figure,Portræt af Frederik V i salvingsdragt,C.G. Pilo,1748-1751,18th-century Swedish painting,Oil on canvas,Statens Museum for Kunst,https://open.smk.dk/artwork/image/KMS3096,Public Domain Mark 1.0,p299.jpg,1113,1600,"Public-domain portrait or figure painting selected for metadata completeness, source diversity, and restoration-test value.","Contains facial features, skin tone, hair, clothing, pose, and background continuity; useful for testing identity-sensitive local repair.",selected,Original SMK title: Portræt af Frederik V i salvingsdragt. SMK object KMS3096; public_domain=true; rights=https://creativecommons.org/publicdomain/mark/1.0/. Broad period/style is inferred from the recorded date and creator nationality.
p300,portrait_figure,Selvportræt. Spurveskjul,Vilhelm Hammershøi,1911,20th-century Danish painting,Oil on canvas,Statens Museum for Kunst,https://open.smk.dk/artwork/image/KMS3351,Public Domain Mark 1.0,p300.jpg,1024,863,"Public-domain portrait or figure painting selected for metadata completeness, source diversity, and restoration-test value.","Contains facial features, skin tone, hair, clothing, pose, and background continuity; useful for testing identity-sensitive local repair.",selected,Original SMK title: Selvportræt. Spurveskjul. SMK object KMS3351; public_domain=true; rights=https://creativecommons.org/publicdomain/mark/1.0/. Broad period/style is inferred from the recorded date and creator nationality.
