case_id,variant_id,robustness_group_id,painting_id,painting_index,base_mask_type,mask_type_index,variant_index,global_seed,painting_seed,mask_seed,variant_seed,generation_attempt_index,generation_seed,maximum_generation_attempts,generation_area_tolerance,target_percentage_content,target_pixels,realised_pixels,realised_percentage_content,percentage_error_content,absolute_percentage_error_content,scale_factor,raw_mask_pixels,content_area_pixels,content_x_min,content_y_min,content_x_max,content_y_max,width,height,canvas_area_pixels,padding_area_pixels,actual_mask_area_pixels,damaged_content_pixels,padding_overlap_pixels,actual_mask_area_percentage_content,actual_mask_area_percentage_full,bbox_x_min,bbox_y_min,bbox_x_max,bbox_y_max,bbox_width,bbox_height,bbox_area_pixels,bbox_fill_ratio,bbox_aspect_ratio,connected_component_count,largest_component_pixels,smallest_component_pixels,mean_component_pixels,median_component_pixels,component_area_std_pixels,largest_component_fraction,component_density_per_100k_content_pixels,mean_component_aspect_ratio,maximum_component_aspect_ratio,touches_content_border,minimum_distance_to_content_border_pixels,centroid_x_pixels,centroid_y_pixels,centroid_x_normalised_content,centroid_y_normalised_content,centroid_quadrant,mask_bbox_width_normalised_content,mask_bbox_height_normalised_content,mask_bbox_area_fraction_content_bbox,touches_left_content_border,touches_right_content_border,touches_top_content_border,touches_bottom_content_border,damage_fill_strategy,damage_fill_r,damage_fill_g,damage_fill_b,clean_path,mask_filename,mask_path,damaged_filename,damaged_path,clean_sha256,mask_sha256,damaged_sha256,mask_file_size_bytes,damaged_file_size_bytes,mask_generator_name,mask_generator_version,generator_name,generator_version,generated_at_utc,generation_action,status,issue,source,title,artist,category,config_version,experiment_name,experiment_version,notebook_stage,full_generation_started_at_utc,full_generation_finished_at_utc,full_generation_duration_seconds
p001__loss_large__variant_01,p001__loss_large__variant_01,p001__loss_large,p001,0,loss_large,2,1,20260606,3990620007,594704418,314919451,1,2356424663,20,0.5,12.5,63648,63739,12.517871732026144,0.017871732026144116,0.017871732026144116,1.3075386863859069,37287,509184,52,0,715,768,768,768,589824,80640,63739,63739,0,12.517872,10.806444,220,13,566,326,346,313,108298,0.588552,1.105431,1,63739,63739,63739.0,63739.0,0.0,1.0,0.196393,1.105431,1.105431,False,13,395.88203454713755,176.28673182823704,0.519459266687519,0.22983928530409,top_right,0.521870286576169,0.4075520833333333,0.21268932252388134,False,False,False,False,constant_rgb,255,255,255,data/processed/clean/p001_clean.png,p001__loss_large__variant_01_mask.png,data/processed/masks/mask_robustness/p001__loss_large__variant_01_mask.png,p001__loss_large__variant_01_damaged.png,data/processed/damaged/mask_robustness/p001__loss_large__variant_01_damaged.png,b5852f0337c8342a1a70268f9e9f682534177581d238713f67bf28e0033482a2,0a9c82f31e317479c4d8a23cd8909682883476a9871537d3d5d8f78763f356f0,1af88b92d731fdfdc9f593d9ebf24b6923e6da4d22ed689f37a11b8834e70549,2559,637451,canonical_synthetic_damage_masks,2.0.0,mask_robustness,1.1.0,2026-07-24T22:43:35.366672+00:00,generated,ok,,The Metropolitan Museum of Art,Juan de Pareja,Diego Velázquez,portrait_figure,1.1.0,painting_restoration_50_subset,1.0.0,06_mask_robustness,2026-07-24T22:42:26.283360+00:00,2026-07-24T22:45:40.751505+00:00,194.468145
p001__loss_large__variant_02,p001__loss_large__variant_02,p001__loss_large,p001,0,loss_large,2,2,20260606,3990620007,594704418,2708502276,1,1406249481,20,0.5,12.5,63648,63746,12.51924648064354,0.019246480643539954,0.019246480643539954,0.8284274031560591,92836,509184,52,0,715,768,768,768,589824,80640,63746,63746,0,12.519246,10.807631,236,224,509,656,273,432,117936,0.540513,1.582418,2,33635,30111,31873.0,31873.0,1762.0,0.527641,0.392785,1.065004,1.066946,False,112,377.88102782919714,440.97897907319674,0.4922674136392706,0.5749399987916516,bottom_left,0.4117647058823529,0.5625,0.23161764705882354,False,False,False,False,constant_rgb,255,255,255,data/processed/clean/p001_clean.png,p001__loss_large__variant_02_mask.png,data/processed/masks/mask_robustness/p001__loss_large__variant_02_mask.png,p001__loss_large__variant_02_damaged.png,data/processed/damaged/mask_robustness/p001__loss_large__variant_02_damaged.png,b5852f0337c8342a1a70268f9e9f682534177581d238713f67bf28e0033482a2,87802997261cf08dc9c549cd08bbcae2f5d35ebfb9d966bff7ce91009cd67613,64b9d36299e9270dc29022feccf8955411dcc957ea39ac61b2406350e4c62e14,3390,637965,canonical_synthetic_damage_masks,2.0.0,mask_robustness,1.1.0,2026-07-24T22:43:36.524197+00:00,generated,ok,,The Metropolitan Museum of Art,Juan de Pareja,Diego Velázquez,portrait_figure,1.1.0,painting_restoration_50_subset,1.0.0,06_mask_robustness,2026-07-24T22:42:26.283360+00:00,2026-07-24T22:45:40.751505+00:00,194.468145
p001__loss_large__variant_03,p001__loss_large__variant_03,p001__loss_large,p001,0,loss_large,2,3,20260606,3990620007,594704418,1515262985,1,3619899153,20,0.5,12.5,63648,63593,12.489198403720463,-0.010801596279536696,0.010801596279536696,1.0936554408980972,53191,509184,52,0,715,768,768,768,589824,80640,63593,63593,0,12.489198,10.781691,98,113,383,447,285,334,95190,0.668064,1.17193,1,63593,63593,63593.0,63593.0,0.0,1.0,0.196393,1.17193,1.17193,False,46,232.0728067554605,266.8341012375576,0.2720133032559826,0.3478932219524871,top_left,0.4298642533936652,0.4348958333333333,0.18694617269984917,False,False,False,False,constant_rgb,255,255,255,data/processed/clean/p001_clean.png,p001__loss_large__variant_03_mask.png,data/processed/masks/mask_robustness/p001__loss_large__variant_03_mask.png,p001__loss_large__variant_03_damaged.png,data/processed/damaged/mask_robustness/p001__loss_large__variant_03_damaged.png,b5852f0337c8342a1a70268f9e9f682534177581d238713f67bf28e0033482a2,27f062aa52136eaab0012e9c54c942902b7f5e2eddc5a09787f9a6c60fa79f4a,69cf98822aee4a7a0329f97a02af06c550d639f28bb32ebfe1aeb02de56532e5,2591,634655,canonical_synthetic_damage_masks,2.0.0,mask_robustness,1.1.0,2026-07-24T22:43:37.606013+00:00,generated,ok,,The Metropolitan Museum of Art,Juan de Pareja,Diego Velázquez,portrait_figure,1.1.0,painting_restoration_50_subset,1.0.0,06_mask_robustness,2026-07-24T22:42:26.283360+00:00,2026-07-24T22:45:40.751505+00:00,194.468145
p001__loss_large__variant_04,p001__loss_large__variant_04,p001__loss_large,p001,0,loss_large,2,4,20260606,3990620007,594704418,2773937824,1,2032285920,20,0.5,12.5,63648,63653,12.50098196329814,0.0009819632981393767,0.0009819632981393767,1.0509469982638375,57602,509184,52,0,715,768,768,768,589824,80640,63653,63653,0,12.500982,10.791863,61,273,352,637,291,364,105924,0.600931,1.250859,1,63653,63653,63653.0,63653.0,0.0,1.0,0.196393,1.250859,1.250859,False,9,213.76343613026881,455.9090380657628,0.2443556437013124,0.5944055255094691,bottom_left,0.43891402714932126,0.4739583333333333,0.20802696078431374,False,False,False,False,constant_rgb,255,255,255,data/processed/clean/p001_clean.png,p001__loss_large__variant_04_mask.png,data/processed/masks/mask_robustness/p001__loss_large__variant_04_mask.png,p001__loss_large__variant_04_damaged.png,data/processed/damaged/mask_robustness/p001__loss_large__variant_04_damaged.png,b5852f0337c8342a1a70268f9e9f682534177581d238713f67bf28e0033482a2,889323369c412c9038dfc9384f46cd2b5ef17e2c1699303072bd5079f59cf421,0167ac8ac702a2ae8bc89abc2c746ee4cb4d6c11ca83185a8a5c5a7a6667f6c9,3038,629579,canonical_synthetic_damage_masks,2.0.0,mask_robustness,1.1.0,2026-07-24T22:43:38.718866+00:00,generated,ok,,The Metropolitan Museum of Art,Juan de Pareja,Diego Velázquez,portrait_figure,1.1.0,painting_restoration_50_subset,1.0.0,06_mask_robustness,2026-07-24T22:42:26.283360+00:00,2026-07-24T22:45:40.751505+00:00,194.468145
p001__loss_large__variant_05,p001__loss_large__variant_05,p001__loss_large,p001,0,loss_large,2,5,20260606,3990620007,594704418,1178331872,1,2187058687,20,0.5,12.5,63648,63643,12.49901803670186,-0.0009819632981393767,0.0009819632981393767,1.2592864949100528,40119,509184,52,0,715,768,768,768,589824,80640,63643,63643,0,12.499018,10.790168,314,142,677,439,363,297,107811,0.59032,1.222222,1,63643,63643,63643.0,63643.0,0.0,1.0,0.196393,1.222222,1.222222,False,38,502.4915858774728,281.7088289364109,0.6805008850112882,0.3672866087828043,top_right,0.5475113122171946,0.38671875,0.21173289027149322,False,False,False,False,constant_rgb,255,255,255,data/processed/clean/p001_clean.png,p001__loss_large__variant_05_mask.png,data/processed/masks/mask_robustness/p001__loss_large__variant_05_mask.png,p001__loss_large__variant_05_damaged.png,data/processed/damaged/mask_robustness/p001__loss_large__variant_05_damaged.png,b5852f0337c8342a1a70268f9e9f682534177581d238713f67bf28e0033482a2,a1bf0cf84170f5550885baa7be396bd1102dd691527fb26543dfab3201dc708d,e253beda6803e6db3c2881b3069d9ea91d73c0e05495e6b6b518e96b54172fc5,2419,640108,canonical_synthetic_damage_masks,2.0.0,mask_robustness,1.1.0,2026-07-24T22:43:39.838511+00:00,generated,ok,,The Metropolitan Museum of Art,Juan de Pareja,Diego Velázquez,portrait_figure,1.1.0,painting_restoration_50_subset,1.0.0,06_mask_robustness,2026-07-24T22:42:26.283360+00:00,2026-07-24T22:45:40.751505+00:00,194.468145
p001__loss_small__variant_01,p001__loss_small__variant_01,p001__loss_small,p001,0,loss_small,1,1,20260606,3990620007,2690705269,2668877271,1,2061448445,20,0.5,4.5,22913,22079,4.336153531925591,-0.16384646807440895,0.16384646807440895,1.4252348319631873,11280,509184,52,0,715,768,768,768,589824,80640,22079,22079,0,4.336154,3.74332,203,0,670,768,467,768,358656,0.06156,1.64454,4,6218,4807,5519.75,5527.0,499.30921,0.281625,0.785571,1.316961,1.5,True,0,464.8451016803297,393.16345848996787,0.6236330841092594,0.5125990332333349,bottom_right,0.7043740573152338,1.0,0.7043740573152338,False,False,True,True,constant_rgb,255,255,255,data/processed/clean/p001_clean.png,p001__loss_small__variant_01_mask.png,data/processed/masks/mask_robustness/p001__loss_small__variant_01_mask.png,p001__loss_small__variant_01_damaged.png,data/processed/damaged/mask_robustness/p001__loss_small__variant_01_damaged.png,b5852f0337c8342a1a70268f9e9f682534177581d238713f67bf28e0033482a2,76f46fd831d7fc9cd78e010381daea918079210bd64dc980cd762a338b3fb535,cd8e13bd660bf68a56984c195ee456aabd09c74dee40482e84ec0a172fe49e22,2290,696154,canonical_synthetic_damage_masks,2.0.0,mask_robustness,1.1.0,2026-07-24T22:42:58.593477+00:00,generated,ok,,The Metropolitan Museum of Art,Juan de Pareja,Diego Velázquez,portrait_figure,1.1.0,painting_restoration_50_subset,1.0.0,06_mask_robustness,2026-07-24T22:42:26.283360+00:00,2026-07-24T22:45:40.751505+00:00,194.468145
p001__loss_small__variant_02,p001__loss_small__variant_02,p001__loss_small,p001,0,loss_small,1,2,20260606,3990620007,2690705269,668805427,2,1872051341,20,0.5,4.5,22913,22880,4.493464052287582,-0.006535947712418277,0.006535947712418277,1.062385811572199,20301,509184,52,0,715,768,768,768,589824,80640,22880,22880,0,4.493464,3.879123,82,25,707,768,625,743,464375,0.049271,1.1888,6,6809,2219,3813.333333,3498.0,1420.792697,0.297596,1.178356,1.119712,1.202703,True,0,427.3326486013986,474.8811625874126,0.566967747132022,0.6191410203225718,bottom_right,0.942684766214178,0.9674479166666666,0.9119984131473102,False,False,False,True,constant_rgb,255,255,255,data/processed/clean/p001_clean.png,p001__loss_small__variant_02_mask.png,data/processed/masks/mask_robustness/p001__loss_small__variant_02_mask.png,p001__loss_small__variant_02_damaged.png,data/processed/damaged/mask_robustness/p001__loss_small__variant_02_damaged.png,b5852f0337c8342a1a70268f9e9f682534177581d238713f67bf28e0033482a2,31c1194c49288aa9bce030cffb2cae2b7396105042a8a65268fe5e664f71a6f4,115b547dba5c3c65d59ad368f8aff36246757a3b9a52f49a46b1aad5100d04ae,3268,697611,canonical_synthetic_damage_masks,2.0.0,mask_robustness,1.1.0,2026-07-24T22:43:12.732076+00:00,generated,ok,,The Metropolitan Museum of Art,Juan de Pareja,Diego Velázquez,portrait_figure,1.1.0,painting_restoration_50_subset,1.0.0,06_mask_robustness,2026-07-24T22:42:26.283360+00:00,2026-07-24T22:45:40.751505+00:00,194.468145
p001__loss_small__variant_03,p001__loss_small__variant_03,p001__loss_small,p001,0,loss_small,1,3,20260606,3990620007,2690705269,3730115292,1,600477556,20,0.5,4.5,22913,22960,4.509175465057818,0.009175465057817966,0.009175465057817966,1.0942470800695803,19136,509184,52,0,715,768,768,768,589824,80640,22960,22960,0,4.509175,3.892687,57,22,693,768,636,746,474456,0.048392,1.172956,6,4690,3427,3826.666667,3707.5,403.674649,0.204268,1.178356,1.220531,1.446154,True,0,389.8392857142857,474.78214285714284,0.5103312473025464,0.6190119202831067,bottom_right,0.9592760180995475,0.9713541666666666,0.9317967571644042,False,False,False,True,constant_rgb,255,255,255,data/processed/clean/p001_clean.png,p001__loss_small__variant_03_mask.png,data/processed/masks/mask_robustness/p001__loss_small__variant_03_mask.png,p001__loss_small__variant_03_damaged.png,data/processed/damaged/mask_robustness/p001__loss_small__variant_03_damaged.png,b5852f0337c8342a1a70268f9e9f682534177581d238713f67bf28e0033482a2,777d40d90e95fcce1b8c658775d96c1853d086db46e2e05ec34c8b2a3115befe,028b0615ce2fe1d401bdb4ca2619585fd751d44ca57bcfd8a391449fba78db35,2958,697768,canonical_synthetic_damage_masks,2.0.0,mask_robustness,1.1.0,2026-07-24T22:43:19.847828+00:00,generated,ok,,The Metropolitan Museum of Art,Juan de Pareja,Diego Velázquez,portrait_figure,1.1.0,painting_restoration_50_subset,1.0.0,06_mask_robustness,2026-07-24T22:42:26.283360+00:00,2026-07-24T22:45:40.751505+00:00,194.468145
p001__loss_small__variant_04,p001__loss_small__variant_04,p001__loss_small,p001,0,loss_small,1,4,20260606,3990620007,2690705269,865393470,1,830198188,20,0.5,4.5,22913,22924,4.502105329311211,0.0021053293112114346,0.0021053293112114346,1.166356336817817,16843,509184,52,0,715,768,768,768,589824,80640,22924,22924,0,4.502105,3.886583,104,77,715,693,611,616,376376,0.060907,1.008183,6,5110,3157,3820.666667,3610.0,688.017845,0.22291,1.178356,1.31846,1.819672,True,0,449.7577211655906,505.4883091956029,0.6008424791021006,0.6590460354571094,bottom_right,0.9215686274509803,0.8020833333333334,0.7391748366013072,False,True,False,False,constant_rgb,255,255,255,data/processed/clean/p001_clean.png,p001__loss_small__variant_04_mask.png,data/processed/masks/mask_robustness/p001__loss_small__variant_04_mask.png,p001__loss_small__variant_04_damaged.png,data/processed/damaged/mask_robustness/p001__loss_small__variant_04_damaged.png,b5852f0337c8342a1a70268f9e9f682534177581d238713f67bf28e0033482a2,cbf9f46c734695dc3e9973df1ee6f2ee802f849e25af33d0fcab6a7e1693a8c4,a53b73e1a101cb930d5dc254dd1b14921e05a5611e3d8142cd1dae8c9212215f,3384,699501,canonical_synthetic_damage_masks,2.0.0,mask_robustness,1.1.0,2026-07-24T22:43:25.415305+00:00,generated,ok,,The Metropolitan Museum of Art,Juan de Pareja,Diego Velázquez,portrait_figure,1.1.0,painting_restoration_50_subset,1.0.0,06_mask_robustness,2026-07-24T22:42:26.283360+00:00,2026-07-24T22:45:40.751505+00:00,194.468145
p001__loss_small__variant_05,p001__loss_small__variant_05,p001__loss_small,p001,0,loss_small,1,5,20260606,3990620007,2690705269,2518876798,2,139472596,20,0.5,4.5,22913,22900,4.497391905480141,-0.0026080945198589944,0.0026080945198589944,1.338698465029609,12780,509184,52,0,715,768,768,768,589824,80640,22900,22900,0,4.497392,3.882514,52,45,650,420,598,375,224250,0.102118,1.594667,4,9513,3912,5725.0,4737.5,2213.301041,0.415415,0.785571,1.222426,1.306667,True,0,285.1083406113537,223.36689956331878,0.3521274027361838,0.2912215118165825,top_left,0.9019607843137255,0.48828125,0.4404105392156863,True,False,False,False,constant_rgb,255,255,255,data/processed/clean/p001_clean.png,p001__loss_small__variant_05_mask.png,data/processed/masks/mask_robustness/p001__loss_small__variant_05_mask.png,p001__loss_small__variant_05_damaged.png,data/processed/damaged/mask_robustness/p001__loss_small__variant_05_damaged.png,b5852f0337c8342a1a70268f9e9f682534177581d238713f67bf28e0033482a2,0bce88a8427918d2db1a7551bd2288fd1ce00b72c5d07bc8f9a5aca33da4ed5e,9a8b4bb5910da172ab404301e446e6e738ae95f17481acd909e42e29518615e8,2853,696193,canonical_synthetic_damage_masks,2.0.0,mask_robustness,1.1.0,2026-07-24T22:43:34.267924+00:00,generated,ok,,The Metropolitan Museum of Art,Juan de Pareja,Diego Velázquez,portrait_figure,1.1.0,painting_restoration_50_subset,1.0.0,06_mask_robustness,2026-07-24T22:42:26.283360+00:00,2026-07-24T22:45:40.751505+00:00,194.468145
p001__scratch_thin__variant_01,p001__scratch_thin__variant_01,p001__scratch_thin,p001,0,scratch_thin,0,1,20260606,3990620007,1103903776,2708804889,1,3861646480,20,0.5,2.0,10184,10186,2.000455630970337,0.0004556309703369621,0.0004556309703369621,6.6090961995829485,12013,509184,52,0,715,768,768,768,589824,80640,10186,10186,0,2.000456,1.726956,52,0,715,225,663,225,149175,0.068282,2.946667,1,10186,10186,10186.0,10186.0,0.0,1.0,0.196393,2.946667,2.946667,True,0,381.12379736893774,105.72049872373846,0.49716585705277605,0.13783637382495237,top_left,1.0,0.29296875,0.29296875,True,True,True,False,constant_rgb,255,255,255,data/processed/clean/p001_clean.png,p001__scratch_thin__variant_01_mask.png,data/processed/masks/mask_robustness/p001__scratch_thin__variant_01_mask.png,p001__scratch_thin__variant_01_damaged.png,data/processed/damaged/mask_robustness/p001__scratch_thin__variant_01_damaged.png,b5852f0337c8342a1a70268f9e9f682534177581d238713f67bf28e0033482a2,27d511328beee3534e2a3238066a730f1e561e3c81a1d93e8fe91df2ffc958ce,7d78d1acc11c9115d6bf8563bac36e2eb655f30f5cb1af22c8f11b0e408a4038,1271,711716,canonical_synthetic_damage_masks,2.0.0,mask_robustness,1.1.0,2026-07-24T22:42:33.132560+00:00,generated,ok,,The Metropolitan Museum of Art,Juan de Pareja,Diego Velázquez,portrait_figure,1.1.0,painting_restoration_50_subset,1.0.0,06_mask_robustness,2026-07-24T22:42:26.283360+00:00,2026-07-24T22:45:40.751505+00:00,194.468145
p001__scratch_thin__variant_02,p001__scratch_thin__variant_02,p001__scratch_thin,p001,0,scratch_thin,0,2,20260606,3990620007,1103903776,1755218531,1,2703033093,20,0.5,2.0,10184,10191,2.001437594268477,0.0014375942684767828,0.0014375942684767828,1.5291509569103068,5416,509184,52,0,715,768,768,768,589824,80640,10191,10191,0,2.001438,1.727804,52,0,710,512,658,512,336896,0.03025,1.285156,3,4707,1035,3397.0,4449.0,1673.504108,0.461878,0.589178,2.103765,3.963636,True,0,311.1584731625944,217.14355804140908,0.39147805613684955,0.28310763760288016,top_left,0.9924585218702866,0.6666666666666666,0.661639014580191,True,False,True,False,constant_rgb,255,255,255,data/processed/clean/p001_clean.png,p001__scratch_thin__variant_02_mask.png,data/processed/masks/mask_robustness/p001__scratch_thin__variant_02_mask.png,p001__scratch_thin__variant_02_damaged.png,data/processed/damaged/mask_robustness/p001__scratch_thin__variant_02_damaged.png,b5852f0337c8342a1a70268f9e9f682534177581d238713f67bf28e0033482a2,e2deaa1202b89ec932339f2f37a857061ecc2a84321d666c1c7333a7dd0d0431,10583385d9697a3da2621913db2eea4ad9d9394d5f8a13d333acc78a76b7eb8d,4168,721825,canonical_synthetic_damage_masks,2.0.0,mask_robustness,1.1.0,2026-07-24T22:42:34.507379+00:00,generated,ok,,The Metropolitan Museum of Art,Juan de Pareja,Diego Velázquez,portrait_figure,1.1.0,painting_restoration_50_subset,1.0.0,06_mask_robustness,2026-07-24T22:42:26.283360+00:00,2026-07-24T22:45:40.751505+00:00,194.468145
p001__scratch_thin__variant_03,p001__scratch_thin__variant_03,p001__scratch_thin,p001,0,scratch_thin,0,3,20260606,3990620007,1103903776,2629485245,1,951319330,20,0.5,2.0,10184,8635,1.6958506158873805,-0.3041493841126195,0.3041493841126195,1.20120842149134,7058,509184,52,0,715,768,768,768,589824,80640,8635,8635,0,1.695851,1.463996,52,2,715,675,663,673,446199,0.019352,1.015083,5,3326,955,1727.0,1299.0,864.635646,0.385177,0.981963,2.494995,5.122807,True,0,347.61077012159814,369.8700636942675,0.44654194882416637,0.482229548493178,top_left,1.0,0.8763020833333334,0.8763020833333334,True,True,False,False,constant_rgb,255,255,255,data/processed/clean/p001_clean.png,p001__scratch_thin__variant_03_mask.png,data/processed/masks/mask_robustness/p001__scratch_thin__variant_03_mask.png,p001__scratch_thin__variant_03_damaged.png,data/processed/damaged/mask_robustness/p001__scratch_thin__variant_03_damaged.png,b5852f0337c8342a1a70268f9e9f682534177581d238713f67bf28e0033482a2,f5b2f704a6d0d26f9826f3b66dedec9a12be8f16f4826083fa3f7091547831f6,572a7365be972742e04407ad8d6ec937bc70d2ffd176563c4e57211a47ae1d4a,4917,722715,canonical_synthetic_damage_masks,2.0.0,mask_robustness,1.1.0,2026-07-24T22:42:45.068442+00:00,generated,ok,,The Metropolitan Museum of Art,Juan de Pareja,Diego Velázquez,portrait_figure,1.1.0,painting_restoration_50_subset,1.0.0,06_mask_robustness,2026-07-24T22:42:26.283360+00:00,2026-07-24T22:45:40.751505+00:00,194.468145
p001__scratch_thin__variant_04,p001__scratch_thin__variant_04,p001__scratch_thin,p001,0,scratch_thin,0,4,20260606,3990620007,1103903776,4059682919,1,3653638722,20,0.5,2.0,10184,10157,1.9947602438411263,-0.005239756158873732,0.005239756158873732,0.9229144507978149,11826,509184,52,0,715,768,768,768,589824,80640,10157,10157,0,1.99476,1.722039,52,0,664,709,612,709,433908,0.023408,1.158497,14,3395,78,725.5,291.0,943.771972,0.334252,2.749497,2.492508,6.142857,True,0,281.8525155065472,310.47720783695974,0.3472092379252979,0.40479427358143383,top_left,0.9230769230769231,0.9231770833333334,0.8521634615384616,True,False,True,False,constant_rgb,255,255,255,data/processed/clean/p001_clean.png,p001__scratch_thin__variant_04_mask.png,data/processed/masks/mask_robustness/p001__scratch_thin__variant_04_mask.png,p001__scratch_thin__variant_04_damaged.png,data/processed/damaged/mask_robustness/p001__scratch_thin__variant_04_damaged.png,b5852f0337c8342a1a70268f9e9f682534177581d238713f67bf28e0033482a2,411fb0a6438bf8e6303f08eff95b574446bbdd70ba1f4f66b4f03256e75c8f63,ec14510c336a64992a62d0ded4e3c019163c28f68445f845e474ae4eef69f8fb,7227,726601,canonical_synthetic_damage_masks,2.0.0,mask_robustness,1.1.0,2026-07-24T22:42:46.057741+00:00,generated,ok,,The Metropolitan Museum of Art,Juan de Pareja,Diego Velázquez,portrait_figure,1.1.0,painting_restoration_50_subset,1.0.0,06_mask_robustness,2026-07-24T22:42:26.283360+00:00,2026-07-24T22:45:40.751505+00:00,194.468145
p001__scratch_thin__variant_05,p001__scratch_thin__variant_05,p001__scratch_thin,p001,0,scratch_thin,0,5,20260606,3990620007,1103903776,4184710136,1,2470278695,20,0.5,2.0,10184,10152,1.9937782805429864,-0.0062217194570135526,0.0062217194570135526,1.0192995822824291,9802,509184,52,0,715,768,768,768,589824,80640,10152,10152,0,1.993778,1.721191,83,3,715,768,632,765,483480,0.020998,1.210443,5,4979,827,2030.4,1375.0,1496.415664,0.490445,0.981963,2.007754,4.431818,True,0,475.3132387706856,434.08067375886526,0.6394459800161414,0.5659461196334619,bottom_right,0.9532428355957768,0.99609375,0.9495192307692307,False,True,False,True,constant_rgb,255,255,255,data/processed/clean/p001_clean.png,p001__scratch_thin__variant_05_mask.png,data/processed/masks/mask_robustness/p001__scratch_thin__variant_05_mask.png,p001__scratch_thin__variant_05_damaged.png,data/processed/damaged/mask_robustness/p001__scratch_thin__variant_05_damaged.png,b5852f0337c8342a1a70268f9e9f682534177581d238713f67bf28e0033482a2,91e41b5fa4bab40575e36633c9a7497ea7cb9bebb94a4bf2b39b26d818ff9dd0,a95c21a0bbbc6c0de8f88920fb721707c36d484f513c35765f7c70208b2e36f8,7186,729570,canonical_synthetic_damage_masks,2.0.0,mask_robustness,1.1.0,2026-07-24T22:42:53.011871+00:00,generated,ok,,The Metropolitan Museum of Art,Juan de Pareja,Diego Velázquez,portrait_figure,1.1.0,painting_restoration_50_subset,1.0.0,06_mask_robustness,2026-07-24T22:42:26.283360+00:00,2026-07-24T22:45:40.751505+00:00,194.468145
p018__loss_large__variant_01,p018__loss_large__variant_01,p018__loss_large,p018,1,loss_large,2,1,20260606,1330909966,1364773333,2697185998,1,2125401763,20,0.5,12.5,48672,48662,12.497431788297172,-0.0025682117028278384,0.0025682117028278384,0.8085843330161557,74412,389376,0,130,768,637,768,768,589824,200448,48662,48662,0,12.497432,8.250258,347,200,671,535,324,335,108540,0.448332,1.033951,1,48662,48662,48662.0,48662.0,0.0,1.0,0.256821,1.033951,1.033951,False,70,517.6061608647404,371.663330730344,0.6748450597975756,0.47759551527735966,top_right,0.421875,0.6607495069033531,0.2787536982248521,False,False,False,False,constant_rgb,255,255,255,data/processed/clean/p018_clean.png,p018__loss_large__variant_01_mask.png,data/processed/masks/mask_robustness/p018__loss_large__variant_01_mask.png,p018__loss_large__variant_01_damaged.png,data/processed/damaged/mask_robustness/p018__loss_large__variant_01_damaged.png,3e223322b3ca2c6f52ebe54a266991be897dd8d6c670ad52393f3262e15574ac,086e3d18d7d2fd7fde93a85d46480b28dde21e1df980fa3ed6c26e0235d5a84e,b76617db16533ce19996e150ba611e750836a9ba6d89d498a1615f20d5d97a91,2748,470795,canonical_synthetic_damage_masks,2.0.0,mask_robustness,1.1.0,2026-07-24T22:44:01.171745+00:00,generated,ok,,The Metropolitan Museum of Art,Classical Landscape with Figures,Henri Mauperché,landscape_natural,1.1.0,painting_restoration_50_subset,1.0.0,06_mask_robustness,2026-07-24T22:42:26.283360+00:00,2026-07-24T22:45:40.751505+00:00,194.468145
p018__loss_large__variant_02,p018__loss_large__variant_02,p018__loss_large,p018,1,loss_large,2,2,20260606,1330909966,1364773333,742840472,1,1986740637,20,0.5,12.5,48672,48683,12.50282503287311,0.0028250328731100893,0.0028250328731100893,0.7497510354656748,86715,389376,0,130,768,637,768,768,589824,200448,48683,48683,0,12.502825,8.253818,179,216,587,478,408,262,106896,0.455424,1.557252,1,48683,48683,48683.0,48683.0,0.0,1.0,0.256821,1.557252,1.557252,False,86,393.8758088038946,350.97159172606456,0.5135277820129004,0.43670275044676793,top_right,0.53125,0.5167652859960552,0.2745315581854043,False,False,False,False,constant_rgb,255,255,255,data/processed/clean/p018_clean.png,p018__loss_large__variant_02_mask.png,data/processed/masks/mask_robustness/p018__loss_large__variant_02_mask.png,p018__loss_large__variant_02_damaged.png,data/processed/damaged/mask_robustness/p018__loss_large__variant_02_damaged.png,3e223322b3ca2c6f52ebe54a266991be897dd8d6c670ad52393f3262e15574ac,496cc54d1cd03676e6cb72ae7d1767e17663bd4e3e6227b5dbbae8d1b17d21c0,bea5019279ddaa0a5617062b6bc58878ff4f68b44101e5bb430b9e7116c3655a,2794,466972,canonical_synthetic_damage_masks,2.0.0,mask_robustness,1.1.0,2026-07-24T22:44:02.063506+00:00,generated,ok,,The Metropolitan Museum of Art,Classical Landscape with Figures,Henri Mauperché,landscape_natural,1.1.0,painting_restoration_50_subset,1.0.0,06_mask_robustness,2026-07-24T22:42:26.283360+00:00,2026-07-24T22:45:40.751505+00:00,194.468145
p018__loss_large__variant_03,p018__loss_large__variant_03,p018__loss_large,p018,1,loss_large,2,3,20260606,1330909966,1364773333,1519342445,1,3225508671,20,0.5,12.5,48672,48634,12.490240795529257,-0.009759204470743299,0.009759204470743299,0.8268516656519154,71092,389376,0,130,768,637,768,768,589824,200448,48634,48634,0,12.490241,8.245511,186,303,499,554,313,251,78563,0.619045,1.247012,1,48634,48634,48634.0,48634.0,0.0,1.0,0.256821,1.247012,1.247012,False,83,346.5379364230785,435.33336760291155,0.45180956508875947,0.6034256276737382,bottom_left,0.4075520833333333,0.49506903353057197,0.20176641600920447,False,False,False,False,constant_rgb,255,255,255,data/processed/clean/p018_clean.png,p018__loss_large__variant_03_mask.png,data/processed/masks/mask_robustness/p018__loss_large__variant_03_mask.png,p018__loss_large__variant_03_damaged.png,data/processed/damaged/mask_robustness/p018__loss_large__variant_03_damaged.png,3e223322b3ca2c6f52ebe54a266991be897dd8d6c670ad52393f3262e15574ac,1657c8674121170b1f1b62e6013cba735cfcffba7e8621e8e19602c036ec055d,40d0b499deefa81e359dcf5f16a1a24c42ea0c31561260abe38b59904d92e842,2533,475741,canonical_synthetic_damage_masks,2.0.0,mask_robustness,1.1.0,2026-07-24T22:44:02.908174+00:00,generated,ok,,The Metropolitan Museum of Art,Classical Landscape with Figures,Henri Mauperché,landscape_natural,1.1.0,painting_restoration_50_subset,1.0.0,06_mask_robustness,2026-07-24T22:42:26.283360+00:00,2026-07-24T22:45:40.751505+00:00,194.468145
p018__loss_large__variant_04,p018__loss_large__variant_04,p018__loss_large,p018,1,loss_large,2,4,20260606,1330909966,1364773333,1892899397,1,4091768615,20,0.5,12.5,48672,48681,12.502311390532544,0.002311390532543811,0.002311390532543811,0.7546210213153315,85435,389376,0,130,768,637,768,768,589824,200448,48681,48681,0,12.502311,8.253479,354,262,664,562,310,300,93000,0.523452,1.033333,1,48681,48681,48681.0,48681.0,0.0,1.0,0.256821,1.033333,1.033333,False,75,502.49195784803106,420.3370308744685,0.6551394496062987,0.5737885985661433,bottom_right,0.4036458333333333,0.591715976331361,0.23884368836291914,False,False,False,False,constant_rgb,255,255,255,data/processed/clean/p018_clean.png,p018__loss_large__variant_04_mask.png,data/processed/masks/mask_robustness/p018__loss_large__variant_04_mask.png,p018__loss_large__variant_04_damaged.png,data/processed/damaged/mask_robustness/p018__loss_large__variant_04_damaged.png,3e223322b3ca2c6f52ebe54a266991be897dd8d6c670ad52393f3262e15574ac,2cc4d08eae37ba0e865179742ed2433ebe611e7368d4d59482bfd9d3ae2cd85e,102fe6e40db1c262e53ff3bb4dcbd215598c06fc1c04973710a4b15e3fa9c977,2562,467057,canonical_synthetic_damage_masks,2.0.0,mask_robustness,1.1.0,2026-07-24T22:44:03.785809+00:00,generated,ok,,The Metropolitan Museum of Art,Classical Landscape with Figures,Henri Mauperché,landscape_natural,1.1.0,painting_restoration_50_subset,1.0.0,06_mask_robustness,2026-07-24T22:42:26.283360+00:00,2026-07-24T22:45:40.751505+00:00,194.468145
p018__loss_large__variant_05,p018__loss_large__variant_05,p018__loss_large,p018,1,loss_large,2,5,20260606,1330909966,1364773333,3975373621,1,1486656414,20,0.5,12.5,48672,48678,12.501540927021697,0.0015409270216970583,0.0015409270216970583,0.7546755615433944,85587,389376,0,130,768,637,768,768,589824,200448,48678,48678,0,12.501541,8.25297,157,209,604,469,447,260,116220,0.418844,1.719231,2,26230,22448,24339.0,24339.0,1891.0,0.538847,0.513642,1.116766,1.233533,False,79,363.0929988906693,325.7298368873002,0.4733937404050447,0.3868178594610676,top_left,0.58203125,0.5128205128205128,0.2984775641025641,False,False,False,False,constant_rgb,255,255,255,data/processed/clean/p018_clean.png,p018__loss_large__variant_05_mask.png,data/processed/masks/mask_robustness/p018__loss_large__variant_05_mask.png,p018__loss_large__variant_05_damaged.png,data/processed/damaged/mask_robustness/p018__loss_large__variant_05_damaged.png,3e223322b3ca2c6f52ebe54a266991be897dd8d6c670ad52393f3262e15574ac,7b9a52038ad404cb81f179cabcbd34a81ffb46ee087ae11fe616becbbbddb939,3be8ffcb5d1d625614fd0d7bcf93fab235263c89b9cd70fe22bc1d77b78eb477,2685,469072,canonical_synthetic_damage_masks,2.0.0,mask_robustness,1.1.0,2026-07-24T22:44:04.666844+00:00,generated,ok,,The Metropolitan Museum of Art,Classical Landscape with Figures,Henri Mauperché,landscape_natural,1.1.0,painting_restoration_50_subset,1.0.0,06_mask_robustness,2026-07-24T22:42:26.283360+00:00,2026-07-24T22:45:40.751505+00:00,194.468145
p018__loss_small__variant_01,p018__loss_small__variant_01,p018__loss_small,p018,1,loss_small,1,1,20260606,1330909966,1167556298,1178736535,1,1204358217,20,0.5,4.5,17522,17562,4.510293392504931,0.010293392504930665,0.010293392504930665,1.2655034369403262,10941,389376,0,130,768,637,768,768,589824,200448,17562,17562,0,4.510293,2.977498,100,173,744,624,644,451,290444,0.060466,1.427938,4,5223,3170,4390.5,4584.5,815.789342,0.297403,1.027285,1.191285,1.512821,False,13,425.9083247921649,394.249288235964,0.555291166612992,0.5222317949327352,bottom_right,0.8385416666666666,0.8895463510848126,0.7459216798159106,False,False,False,False,constant_rgb,255,255,255,data/processed/clean/p018_clean.png,p018__loss_small__variant_01_mask.png,data/processed/masks/mask_robustness/p018__loss_small__variant_01_mask.png,p018__loss_small__variant_01_damaged.png,data/processed/damaged/mask_robustness/p018__loss_small__variant_01_damaged.png,3e223322b3ca2c6f52ebe54a266991be897dd8d6c670ad52393f3262e15574ac,d9ae039f6d1af261534359cec78638cd2d605fa90e51fe1e23f12c2af798b755,bdd212c202e9f7baaa7f7add5783025d1f867afff634f6d0b7a395e60d9a03a4,2547,513812,canonical_synthetic_damage_masks,2.0.0,mask_robustness,1.1.0,2026-07-24T22:43:54.122576+00:00,generated,ok,,The Metropolitan Museum of Art,Classical Landscape with Figures,Henri Mauperché,landscape_natural,1.1.0,painting_restoration_50_subset,1.0.0,06_mask_robustness,2026-07-24T22:42:26.283360+00:00,2026-07-24T22:45:40.751505+00:00,194.468145
p018__loss_small__variant_02,p018__loss_small__variant_02,p018__loss_small,p018,1,loss_small,1,2,20260606,1330909966,1167556298,783387684,1,8251244,20,0.5,4.5,17522,17494,4.4928295529257065,-0.0071704470742934845,0.0071704470742934845,1.2968173700620877,10419,389376,0,130,768,637,768,768,589824,200448,17494,17494,0,4.49283,2.96597,61,196,687,637,626,441,276066,0.063369,1.419501,4,5133,3984,4373.5,4188.5,446.767557,0.293415,1.027285,1.152229,1.352113,True,0,339.7529438664685,410.68766434206015,0.4429634209471558,0.5547187042333205,bottom_left,0.8151041666666666,0.8698224852071006,0.7089959319526628,False,False,False,True,constant_rgb,255,255,255,data/processed/clean/p018_clean.png,p018__loss_small__variant_02_mask.png,data/processed/masks/mask_robustness/p018__loss_small__variant_02_mask.png,p018__loss_small__variant_02_damaged.png,data/processed/damaged/mask_robustness/p018__loss_small__variant_02_damaged.png,3e223322b3ca2c6f52ebe54a266991be897dd8d6c670ad52393f3262e15574ac,8c0ad4c057632a563617588b117f23ea3de086984d39f13365c2aec24e889203,0984ac53ff90e30d4cb5602f8b01198d2de4c3435be5c5e92d1e3757ba2f9c6a,2643,515832,canonical_synthetic_damage_masks,2.0.0,mask_robustness,1.1.0,2026-07-24T22:43:58.130691+00:00,generated,ok,,The Metropolitan Museum of Art,Classical Landscape with Figures,Henri Mauperché,landscape_natural,1.1.0,painting_restoration_50_subset,1.0.0,06_mask_robustness,2026-07-24T22:42:26.283360+00:00,2026-07-24T22:45:40.751505+00:00,194.468145
p018__loss_small__variant_03,p018__loss_small__variant_03,p018__loss_small,p018,1,loss_small,1,3,20260606,1330909966,1167556298,463584272,1,1503914012,20,0.5,4.5,17522,17537,4.503872863247863,0.0038728632478628455,0.0038728632478628455,1.0202479387828927,16891,389376,0,130,768,637,768,768,589824,200448,17537,17537,0,4.503873,2.97326,1,130,450,542,449,412,184988,0.094801,1.089806,5,6476,2530,3507.4,2830.0,1497.954819,0.369276,1.284106,1.05763,1.112245,True,0,187.65980498374864,333.83549067685465,0.2446672815955002,0.4028369380965507,top_left,0.5846354166666666,0.8126232741617357,0.47508834648257725,False,False,True,False,constant_rgb,255,255,255,data/processed/clean/p018_clean.png,p018__loss_small__variant_03_mask.png,data/processed/masks/mask_robustness/p018__loss_small__variant_03_mask.png,p018__loss_small__variant_03_damaged.png,data/processed/damaged/mask_robustness/p018__loss_small__variant_03_damaged.png,3e223322b3ca2c6f52ebe54a266991be897dd8d6c670ad52393f3262e15574ac,e9c5dfc1e649690f999893151f4be0a2f017916ca2e68860d8c33c0f148c2f0b,4ee1d83c22737af3a7d418878a9641cbdaa801bf90427ee86998d20b5c4f68cd,2926,516722,canonical_synthetic_damage_masks,2.0.0,mask_robustness,1.1.0,2026-07-24T22:43:58.828531+00:00,generated,ok,,The Metropolitan Museum of Art,Classical Landscape with Figures,Henri Mauperché,landscape_natural,1.1.0,painting_restoration_50_subset,1.0.0,06_mask_robustness,2026-07-24T22:42:26.283360+00:00,2026-07-24T22:45:40.751505+00:00,194.468145
p018__loss_small__variant_04,p018__loss_small__variant_04,p018__loss_small,p018,1,loss_small,1,4,20260606,1330909966,1167556298,662862523,1,3985178984,20,0.5,4.5,17522,17521,4.49976372452334,-0.00023627547666027482,0.00023627547666027482,0.9422571558051125,19689,389376,0,130,768,637,768,768,589824,200448,17521,17521,0,4.499764,2.970547,12,157,648,553,636,396,251856,0.069568,1.606061,7,2947,2066,2503.0,2634.0,318.03998,0.168198,1.797748,1.262465,1.638298,False,12,294.8250670623823,343.1603789738029,0.38438731038120244,0.4212655710944721,top_left,0.828125,0.7810650887573964,0.646819526627219,False,False,False,False,constant_rgb,255,255,255,data/processed/clean/p018_clean.png,p018__loss_small__variant_04_mask.png,data/processed/masks/mask_robustness/p018__loss_small__variant_04_mask.png,p018__loss_small__variant_04_damaged.png,data/processed/damaged/mask_robustness/p018__loss_small__variant_04_damaged.png,3e223322b3ca2c6f52ebe54a266991be897dd8d6c670ad52393f3262e15574ac,570bb7f4b329ed96fa45c8650da2b046854b9feaafc8bbfc4dbc80d509c8833e,04b3499b32aee74671a435670e061d4e54bce1c2980a66b6a422886a26e0e1d6,2960,517037,canonical_synthetic_damage_masks,2.0.0,mask_robustness,1.1.0,2026-07-24T22:43:59.569935+00:00,generated,ok,,The Metropolitan Museum of Art,Classical Landscape with Figures,Henri Mauperché,landscape_natural,1.1.0,painting_restoration_50_subset,1.0.0,06_mask_robustness,2026-07-24T22:42:26.283360+00:00,2026-07-24T22:45:40.751505+00:00,194.468145
p018__loss_small__variant_05,p018__loss_small__variant_05,p018__loss_small,p018,1,loss_small,1,5,20260606,1330909966,1167556298,1613213489,1,307619405,20,0.5,4.5,17522,17483,4.490004520052597,-0.009995479947402686,0.009995479947402686,1.0825082699837143,14932,389376,0,130,768,637,768,768,589824,200448,17483,17483,0,4.490005,2.964105,60,199,627,613,567,414,234738,0.074479,1.369565,7,4013,11,2497.571429,2692.0,1133.413158,0.229537,1.797748,1.173148,1.25,False,24,326.5231367614254,388.9844420294,0.4257146502756524,0.5118269605324111,bottom_left,0.73828125,0.8165680473372781,0.6028568786982249,False,False,False,False,constant_rgb,255,255,255,data/processed/clean/p018_clean.png,p018__loss_small__variant_05_mask.png,data/processed/masks/mask_robustness/p018__loss_small__variant_05_mask.png,p018__loss_small__variant_05_damaged.png,data/processed/damaged/mask_robustness/p018__loss_small__variant_05_damaged.png,3e223322b3ca2c6f52ebe54a266991be897dd8d6c670ad52393f3262e15574ac,73949b0d0760260faba19ebcfc950103c88f869366e5ab711988f68ee4294de9,bea81f8928546a67ada59d7a3041fbb2555b3b81758b16d66dff11a2d4fd818f,3074,512788,canonical_synthetic_damage_masks,2.0.0,mask_robustness,1.1.0,2026-07-24T22:44:00.295823+00:00,generated,ok,,The Metropolitan Museum of Art,Classical Landscape with Figures,Henri Mauperché,landscape_natural,1.1.0,painting_restoration_50_subset,1.0.0,06_mask_robustness,2026-07-24T22:42:26.283360+00:00,2026-07-24T22:45:40.751505+00:00,194.468145
p018__scratch_thin__variant_01,p018__scratch_thin__variant_01,p018__scratch_thin,p018,1,scratch_thin,0,1,20260606,1330909966,1056229519,3675241002,1,849783900,20,0.5,2.0,7788,7822,2.008855193951348,0.008855193951347928,0.008855193951347928,0.9776591320587104,8148,389376,0,130,768,637,768,768,589824,200448,7822,7822,0,2.008855,1.326158,0,141,751,637,751,496,372496,0.020999,1.514113,6,2118,578,1303.666667,1267.0,464.642754,0.270775,1.540927,3.589574,8.30303,True,0,356.20557402198926,432.53170544617745,0.46441404696478394,0.5978887459410621,bottom_left,0.9778645833333334,0.9783037475345168,0.9566485864562788,True,False,False,True,constant_rgb,255,255,255,data/processed/clean/p018_clean.png,p018__scratch_thin__variant_01_mask.png,data/processed/masks/mask_robustness/p018__scratch_thin__variant_01_mask.png,p018__scratch_thin__variant_01_damaged.png,data/processed/damaged/mask_robustness/p018__scratch_thin__variant_01_damaged.png,3e223322b3ca2c6f52ebe54a266991be897dd8d6c670ad52393f3262e15574ac,69c3c2534aa02c15be5d5b1d648fae7e659b5c328174741a03422bc61d0d977e,7eea25acf200ff0a76bdeec4d0052223b4f0e2edf946eaee825cf32b950753f5,4439,537386,canonical_synthetic_damage_masks,2.0.0,mask_robustness,1.1.0,2026-07-24T22:43:43.533836+00:00,generated,ok,,The Metropolitan Museum of Art,Classical Landscape with Figures,Henri Mauperché,landscape_natural,1.1.0,painting_restoration_50_subset,1.0.0,06_mask_robustness,2026-07-24T22:42:26.283360+00:00,2026-07-24T22:45:40.751505+00:00,194.468145
p018__scratch_thin__variant_02,p018__scratch_thin__variant_02,p018__scratch_thin,p018,1,scratch_thin,0,2,20260606,1330909966,1056229519,4277303573,1,118681158,20,0.5,2.0,7788,7894,2.027346318211703,0.027346318211702858,0.027346318211702858,0.8462104261503088,10876,389376,0,130,768,637,768,768,589824,200448,7894,7894,0,2.027346,1.338365,25,208,675,637,650,429,278850,0.028309,1.515152,25,6277,6,315.76,21.0,1222.156235,0.795161,6.420529,2.928352,10.25,True,0,320.16379528756016,481.4400810742336,0.417423461913377,0.6945456147712127,bottom_left,0.8463541666666666,0.8461538461538461,0.7161458333333334,False,False,False,True,constant_rgb,255,255,255,data/processed/clean/p018_clean.png,p018__scratch_thin__variant_02_mask.png,data/processed/masks/mask_robustness/p018__scratch_thin__variant_02_mask.png,p018__scratch_thin__variant_02_damaged.png,data/processed/damaged/mask_robustness/p018__scratch_thin__variant_02_damaged.png,3e223322b3ca2c6f52ebe54a266991be897dd8d6c670ad52393f3262e15574ac,6f2c4f88519197c039de00c913c70a029e103fbf81c62264c643659fa6f33861,a554f7162bc00f78faeeb5db832c46df0c7f98b7b51211682714d894f6074c6f,6187,545109,canonical_synthetic_damage_masks,2.0.0,mask_robustness,1.1.0,2026-07-24T22:43:47.548720+00:00,generated,ok,,The Metropolitan Museum of Art,Classical Landscape with Figures,Henri Mauperché,landscape_natural,1.1.0,painting_restoration_50_subset,1.0.0,06_mask_robustness,2026-07-24T22:42:26.283360+00:00,2026-07-24T22:45:40.751505+00:00,194.468145
p018__scratch_thin__variant_03,p018__scratch_thin__variant_03,p018__scratch_thin,p018,1,scratch_thin,0,3,20260606,1330909966,1056229519,1531346447,1,1180966957,20,0.5,2.0,7788,7790,2.0006369165023012,0.0006369165023012435,0.0006369165023012435,1.2508665584999914,5688,389376,0,130,768,637,768,768,589824,200448,7790,7790,0,2.000637,1.320733,0,130,768,637,768,507,389376,0.020006,1.514793,7,2184,200,1112.857143,1176.0,594.041468,0.280359,1.797748,2.81749,8.666667,True,0,352.42464698331196,337.0449293966624,0.4594845462624667,0.40917970236494544,top_left,1.0,1.0,1.0,True,True,True,True,constant_rgb,255,255,255,data/processed/clean/p018_clean.png,p018__scratch_thin__variant_03_mask.png,data/processed/masks/mask_robustness/p018__scratch_thin__variant_03_mask.png,p018__scratch_thin__variant_03_damaged.png,data/processed/damaged/mask_robustness/p018__scratch_thin__variant_03_damaged.png,3e223322b3ca2c6f52ebe54a266991be897dd8d6c670ad52393f3262e15574ac,bf5a1b36c4d99cfc34c661483cf263bbe35fae72c40f41bede2152fdc558af9b,6441b87db82c28fdca6a76e116ad894d3c7a5edb1cafb3d18f3d93fb6725ced4,4090,538874,canonical_synthetic_damage_masks,2.0.0,mask_robustness,1.1.0,2026-07-24T22:43:48.356775+00:00,generated,ok,,The Metropolitan Museum of Art,Classical Landscape with Figures,Henri Mauperché,landscape_natural,1.1.0,painting_restoration_50_subset,1.0.0,06_mask_robustness,2026-07-24T22:42:26.283360+00:00,2026-07-24T22:45:40.751505+00:00,194.468145
p018__scratch_thin__variant_04,p018__scratch_thin__variant_04,p018__scratch_thin,p018,1,scratch_thin,0,4,20260606,1330909966,1056229519,1836815025,1,49912850,20,0.5,2.0,7788,7788,2.000123274161736,0.00012327416173585348,0.00012327416173585348,0.7534137578577051,13609,389376,0,130,768,637,768,768,589824,200448,7788,7788,0,2.000123,1.320394,0,197,579,579,579,382,221178,0.035211,1.515707,18,3489,6,432.666667,136.0,795.293167,0.447997,4.622781,2.121331,4.269231,True,0,218.6827170005136,392.86209553158704,0.2851143637555588,0.5194903073746779,bottom_left,0.75390625,0.7534516765285996,0.5680319280078896,True,False,False,False,constant_rgb,255,255,255,data/processed/clean/p018_clean.png,p018__scratch_thin__variant_04_mask.png,data/processed/masks/mask_robustness/p018__scratch_thin__variant_04_mask.png,p018__scratch_thin__variant_04_damaged.png,data/processed/damaged/mask_robustness/p018__scratch_thin__variant_04_damaged.png,3e223322b3ca2c6f52ebe54a266991be897dd8d6c670ad52393f3262e15574ac,9a9558bcf4f4f0bd940433c750f6eed02574dcbb713c9e7de5d87b5fb24f3351,8bb7b5664bb7e2f42e0cbf1c7ebe7714d5ae6c1a4613898b6a06eaa412e7fb29,5722,542643,canonical_synthetic_damage_masks,2.0.0,mask_robustness,1.1.0,2026-07-24T22:43:49.008890+00:00,generated,ok,,The Metropolitan Museum of Art,Classical Landscape with Figures,Henri Mauperché,landscape_natural,1.1.0,painting_restoration_50_subset,1.0.0,06_mask_robustness,2026-07-24T22:42:26.283360+00:00,2026-07-24T22:45:40.751505+00:00,194.468145
p018__scratch_thin__variant_05,p018__scratch_thin__variant_05,p018__scratch_thin,p018,1,scratch_thin,0,5,20260606,1330909966,1056229519,93465389,1,3607862558,20,0.5,2.0,7788,7782,1.9985823471400395,-0.0014176528599605387,0.0014176528599605387,0.751863196411376,13718,389376,0,130,768,637,768,768,589824,200448,7782,7782,0,1.998582,1.319377,73,206,650,587,577,381,219837,0.035399,1.514436,24,3501,1,324.25,11.5,807.487268,0.449884,6.163708,2.896206,11.666667,False,50,344.145078386019,407.7242354150604,0.4486898023285776,0.5488621253262063,bottom_left,0.7513020833333334,0.7514792899408284,0.5645879561143984,False,False,False,False,constant_rgb,255,255,255,data/processed/clean/p018_clean.png,p018__scratch_thin__variant_05_mask.png,data/processed/masks/mask_robustness/p018__scratch_thin__variant_05_mask.png,p018__scratch_thin__variant_05_damaged.png,data/processed/damaged/mask_robustness/p018__scratch_thin__variant_05_damaged.png,3e223322b3ca2c6f52ebe54a266991be897dd8d6c670ad52393f3262e15574ac,e97b11308862216762eba3d9973e35bd18ef19127d56e353b4b4421345533826,59d83bf27c1ded0f3800fb30c792e6ab9ca49b6eaddb4ac5f0fa722e166aebec,5906,543511,canonical_synthetic_damage_masks,2.0.0,mask_robustness,1.1.0,2026-07-24T22:43:49.694015+00:00,generated,ok,,The Metropolitan Museum of Art,Classical Landscape with Figures,Henri Mauperché,landscape_natural,1.1.0,painting_restoration_50_subset,1.0.0,06_mask_robustness,2026-07-24T22:42:26.283360+00:00,2026-07-24T22:45:40.751505+00:00,194.468145
p026__loss_large__variant_01,p026__loss_large__variant_01,p026__loss_large,p026,2,loss_large,2,1,20260606,33148239,3103620941,1124582129,1,2245827684,20,0.5,12.5,50784,50871,12.521414224952741,0.021414224952740923,0.021414224952740923,0.8152315170899858,76674,406272,0,119,768,648,768,768,589824,183552,50871,50871,0,12.521414,8.624776,130,255,399,571,269,316,85004,0.598454,1.174721,1,50871,50871,50871.0,50871.0,0.0,1.0,0.246141,1.174721,1.174721,False,77,261.48334021348114,419.4331741070551,0.34091700158211363,0.5690022236876043,bottom_left,0.3502604166666667,0.5973534971644613,0.20922928481411468,False,False,False,False,constant_rgb,255,255,255,data/processed/clean/p026_clean.png,p026__loss_large__variant_01_mask.png,data/processed/masks/mask_robustness/p026__loss_large__variant_01_mask.png,p026__loss_large__variant_01_damaged.png,data/processed/damaged/mask_robustness/p026__loss_large__variant_01_damaged.png,48819acb8a3147c0230f636c58eaaa127b2bdde3b71bb7e4f101b4e2ac97b3ee,25d16ea90c93a4b3f0fb45b3ce094dff02b07849b9a742010e2056955795fabf,e5283c8e1518912c2b4b2729288f7cca229aec9a08d693167e9317f9f92d3c0a,2525,656710,canonical_synthetic_damage_masks,2.0.0,mask_robustness,1.1.0,2026-07-24T22:44:33.938103+00:00,generated,ok,,Rijksmuseum,View of a Village along a River,attributed to Jan Brueghel I,architecture_structured,1.1.0,painting_restoration_50_subset,1.0.0,06_mask_robustness,2026-07-24T22:42:26.283360+00:00,2026-07-24T22:45:40.751505+00:00,194.468145
p026__loss_large__variant_02,p026__loss_large__variant_02,p026__loss_large,p026,2,loss_large,2,2,20260606,33148239,3103620941,1976424498,1,43796212,20,0.5,12.5,50784,50836,12.512799306868304,0.012799306868304328,0.012799306868304328,0.9232334960266515,59555,406272,0,119,768,648,768,768,589824,183552,50836,50836,0,12.512799,8.618842,355,288,691,581,336,293,98448,0.516374,1.146758,1,50836,50836,50836.0,50836.0,0.0,1.0,0.246141,1.146758,1.146758,False,67,531.0830120387127,428.8271697222441,0.692415921823615,0.5867938820497047,bottom_right,0.4375,0.553875236294896,0.242320415879017,False,False,False,False,constant_rgb,255,255,255,data/processed/clean/p026_clean.png,p026__loss_large__variant_02_mask.png,data/processed/masks/mask_robustness/p026__loss_large__variant_02_mask.png,p026__loss_large__variant_02_damaged.png,data/processed/damaged/mask_robustness/p026__loss_large__variant_02_damaged.png,48819acb8a3147c0230f636c58eaaa127b2bdde3b71bb7e4f101b4e2ac97b3ee,c6bf910879c3f86bd3a7873a2a72c7b737b7cf84897065a84842800764da05ed,6e3983e9bf1adaafc047ca643319f2d8e115fba11c6f8539a594e1f5272cba92,2872,676150,canonical_synthetic_damage_masks,2.0.0,mask_robustness,1.1.0,2026-07-24T22:44:34.738883+00:00,generated,ok,,Rijksmuseum,View of a Village along a River,attributed to Jan Brueghel I,architecture_structured,1.1.0,painting_restoration_50_subset,1.0.0,06_mask_robustness,2026-07-24T22:42:26.283360+00:00,2026-07-24T22:45:40.751505+00:00,194.468145
p026__loss_large__variant_03,p026__loss_large__variant_03,p026__loss_large,p026,2,loss_large,2,3,20260606,33148239,3103620941,1118155554,1,2016440410,20,0.5,12.5,50784,50777,12.498277016383113,-0.0017229836168866086,0.0017229836168866086,0.7279879363265244,95784,406272,0,119,768,648,768,768,589824,183552,50777,50777,0,12.498277,8.608839,90,325,502,566,412,241,99292,0.511391,1.709544,1,50777,50777,50777.0,50777.0,0.0,1.0,0.246141,1.709544,1.709544,False,82,292.02121039053117,431.21594422671683,0.3807316954244213,0.5913180761869636,bottom_left,0.5364583333333334,0.4555765595463138,0.2443978418399496,False,False,False,False,constant_rgb,255,255,255,data/processed/clean/p026_clean.png,p026__loss_large__variant_03_mask.png,data/processed/masks/mask_robustness/p026__loss_large__variant_03_mask.png,p026__loss_large__variant_03_damaged.png,data/processed/damaged/mask_robustness/p026__loss_large__variant_03_damaged.png,48819acb8a3147c0230f636c58eaaa127b2bdde3b71bb7e4f101b4e2ac97b3ee,3ec2ec785e86da66590ededb73d0b37a1b3b2339a99dd7fdc8e52701310fbd5a,ae9fc2b546ad2acd68af6cd8050b0602ec0c1f68b03991a516618d6b1ec7c332,2994,660819,canonical_synthetic_damage_masks,2.0.0,mask_robustness,1.1.0,2026-07-24T22:44:35.542839+00:00,generated,ok,,Rijksmuseum,View of a Village along a River,attributed to Jan Brueghel I,architecture_structured,1.1.0,painting_restoration_50_subset,1.0.0,06_mask_robustness,2026-07-24T22:42:26.283360+00:00,2026-07-24T22:45:40.751505+00:00,194.468145
p026__loss_large__variant_04,p026__loss_large__variant_04,p026__loss_large,p026,2,loss_large,2,4,20260606,33148239,3103620941,3642173459,1,705028327,20,0.5,12.5,50784,50794,12.502461405166981,0.002461405166981123,0.002461405166981123,0.7406859784793907,92706,406272,0,119,768,648,768,768,589824,183552,50794,50794,0,12.502461,8.611721,146,285,652,569,506,284,143704,0.353463,1.78169,2,25863,24931,25397.0,25397.0,466.0,0.509174,0.492281,1.157453,1.172775,False,79,396.1174941922274,417.1232822774343,0.5164504487512743,0.5646274285557469,bottom_right,0.6588541666666666,0.5368620037807184,0.353713768115942,False,False,False,False,constant_rgb,255,255,255,data/processed/clean/p026_clean.png,p026__loss_large__variant_04_mask.png,data/processed/masks/mask_robustness/p026__loss_large__variant_04_mask.png,p026__loss_large__variant_04_damaged.png,data/processed/damaged/mask_robustness/p026__loss_large__variant_04_damaged.png,48819acb8a3147c0230f636c58eaaa127b2bdde3b71bb7e4f101b4e2ac97b3ee,b42a852dd95d86812177ade40abd8472efb4b415261827ae7954323d32b60238,dcec5a2d5e5a1981392a1a3aaf1abfd7ab96e806f86654a7494f184b59ad35d1,3059,666224,canonical_synthetic_damage_masks,2.0.0,mask_robustness,1.1.0,2026-07-24T22:44:36.428720+00:00,generated,ok,,Rijksmuseum,View of a Village along a River,attributed to Jan Brueghel I,architecture_structured,1.1.0,painting_restoration_50_subset,1.0.0,06_mask_robustness,2026-07-24T22:42:26.283360+00:00,2026-07-24T22:45:40.751505+00:00,194.468145
p026__loss_large__variant_05,p026__loss_large__variant_05,p026__loss_large,p026,2,loss_large,2,5,20260606,33148239,3103620941,706600162,1,2092119439,20,0.5,12.5,50784,50704,12.480308758664146,-0.019691241335854315,0.019691241335854315,0.7886379884893896,81618,406272,0,119,768,648,768,768,589824,183552,50704,50704,0,12.480309,8.596463,192,202,433,557,241,355,85555,0.592648,1.473029,1,50704,50704,50704.0,50704.0,0.0,1.0,0.246141,1.473029,1.473029,False,83,304.5292679078574,388.6916022404544,0.3970394627221087,0.5107795496978303,bottom_left,0.3138020833333333,0.6710775047258979,0.2105855190611216,False,False,False,False,constant_rgb,255,255,255,data/processed/clean/p026_clean.png,p026__loss_large__variant_05_mask.png,data/processed/masks/mask_robustness/p026__loss_large__variant_05_mask.png,p026__loss_large__variant_05_damaged.png,data/processed/damaged/mask_robustness/p026__loss_large__variant_05_damaged.png,48819acb8a3147c0230f636c58eaaa127b2bdde3b71bb7e4f101b4e2ac97b3ee,ac1812c814505590b041d5462008d5dcb4f756405fe0335d8483a8e8cf15d6d6,122e331b222fbc44704ec189d63062b463a86cd3cd3c1bef121ef95abc6944c3,2873,659216,canonical_synthetic_damage_masks,2.0.0,mask_robustness,1.1.0,2026-07-24T22:44:37.244185+00:00,generated,ok,,Rijksmuseum,View of a Village along a River,attributed to Jan Brueghel I,architecture_structured,1.1.0,painting_restoration_50_subset,1.0.0,06_mask_robustness,2026-07-24T22:42:26.283360+00:00,2026-07-24T22:45:40.751505+00:00,194.468145
p026__loss_small__variant_01,p026__loss_small__variant_01,p026__loss_small,p026,2,loss_small,1,1,20260606,33148239,3335137162,520517269,1,854750807,20,0.5,4.5,18282,18250,4.492064429741651,-0.00793557025834879,0.00793557025834879,1.0352864443845877,17057,406272,0,119,768,648,768,768,589824,183552,18250,18250,0,4.492064,3.094143,180,286,741,641,561,355,199155,0.091637,1.580282,6,4125,2360,3041.666667,2966.5,616.190086,0.226027,1.476843,1.162593,1.285714,False,7,491.7209315068493,495.11627397260276,0.6410963904913289,0.7123414279784143,bottom_right,0.73046875,0.6710775047258979,0.4902011460302457,False,False,False,False,constant_rgb,255,255,255,data/processed/clean/p026_clean.png,p026__loss_small__variant_01_mask.png,data/processed/masks/mask_robustness/p026__loss_small__variant_01_mask.png,p026__loss_small__variant_01_damaged.png,data/processed/damaged/mask_robustness/p026__loss_small__variant_01_damaged.png,48819acb8a3147c0230f636c58eaaa127b2bdde3b71bb7e4f101b4e2ac97b3ee,79ec7a89c89e29351385f6e6e2d1650e797006ef0c71213bf20cebf9cadbe6b4,054e8556df67d4b0288aa723fb29c1cb916047844f5a815977e8bc6abc2b1cd4,2815,732416,canonical_synthetic_damage_masks,2.0.0,mask_robustness,1.1.0,2026-07-24T22:44:23.814742+00:00,generated,ok,,Rijksmuseum,View of a Village along a River,attributed to Jan Brueghel I,architecture_structured,1.1.0,painting_restoration_50_subset,1.0.0,06_mask_robustness,2026-07-24T22:42:26.283360+00:00,2026-07-24T22:45:40.751505+00:00,194.468145
p026__loss_small__variant_02,p026__loss_small__variant_02,p026__loss_small,p026,2,loss_small,1,2,20260606,33148239,3335137162,3293510778,1,4130843788,20,0.5,4.5,18282,18265,4.495756537492124,-0.004243462507876217,0.004243462507876217,1.052488222756071,16504,406272,0,119,768,648,768,768,589824,183552,18265,18265,0,4.495757,3.096686,89,178,768,648,679,470,319130,0.057234,1.444681,5,4433,3057,3653.0,3556.0,454.663392,0.242705,1.230703,1.286495,1.482759,True,0,495.589707090063,448.74147276211335,0.6461404264537979,0.6245103650797601,bottom_right,0.8841145833333334,0.888468809073724,0.7855082309388783,False,True,False,True,constant_rgb,255,255,255,data/processed/clean/p026_clean.png,p026__loss_small__variant_02_mask.png,data/processed/masks/mask_robustness/p026__loss_small__variant_02_mask.png,p026__loss_small__variant_02_damaged.png,data/processed/damaged/mask_robustness/p026__loss_small__variant_02_damaged.png,48819acb8a3147c0230f636c58eaaa127b2bdde3b71bb7e4f101b4e2ac97b3ee,c6d1177a297850093a1885cb1d670280ed5bddbe7f2df497478477c1e2f9a634,3a33c9fbfcc4bacd970b8b7f4a8d91728dde4f48d059732537271a80d05c3afb,2737,733297,canonical_synthetic_damage_masks,2.0.0,mask_robustness,1.1.0,2026-07-24T22:44:28.325412+00:00,generated,ok,,Rijksmuseum,View of a Village along a River,attributed to Jan Brueghel I,architecture_structured,1.1.0,painting_restoration_50_subset,1.0.0,06_mask_robustness,2026-07-24T22:42:26.283360+00:00,2026-07-24T22:45:40.751505+00:00,194.468145
p026__loss_small__variant_03,p026__loss_small__variant_03,p026__loss_small,p026,2,loss_small,1,3,20260606,33148239,3335137162,2914917295,1,979349187,20,0.5,4.5,18282,18241,4.489849165091368,-0.010150834908632334,0.010150834908632334,1.038579658875221,16949,406272,0,119,768,648,768,768,589824,183552,18241,18241,0,4.489849,3.092617,0,241,623,648,623,407,253561,0.071939,1.530713,5,6538,2652,3648.2,3047.0,1454.008308,0.358423,1.230703,1.181489,1.377049,True,0,231.81053670303163,453.6672879776328,0.30223016519300083,0.6338395605636985,bottom_left,0.8111979166666666,0.7693761814744802,0.6241163555450535,True,False,False,True,constant_rgb,255,255,255,data/processed/clean/p026_clean.png,p026__loss_small__variant_03_mask.png,data/processed/masks/mask_robustness/p026__loss_small__variant_03_mask.png,p026__loss_small__variant_03_damaged.png,data/processed/damaged/mask_robustness/p026__loss_small__variant_03_damaged.png,48819acb8a3147c0230f636c58eaaa127b2bdde3b71bb7e4f101b4e2ac97b3ee,9897bee26f84d7aec9afab4a8398d3ed413254acf2bfbd2869e9f79a1bb86262,9f84e135fee3883d30b5898ef38595c3fff226412cfaa4ea899419115e48cf93,3060,727830,canonical_synthetic_damage_masks,2.0.0,mask_robustness,1.1.0,2026-07-24T22:44:31.920455+00:00,generated,ok,,Rijksmuseum,View of a Village along a River,attributed to Jan Brueghel I,architecture_structured,1.1.0,painting_restoration_50_subset,1.0.0,06_mask_robustness,2026-07-24T22:42:26.283360+00:00,2026-07-24T22:45:40.751505+00:00,194.468145
p026__loss_small__variant_04,p026__loss_small__variant_04,p026__loss_small,p026,2,loss_small,1,4,20260606,33148239,3335137162,853347947,1,2565101600,20,0.5,4.5,18282,18235,4.488372321991179,-0.011627678008821363,0.011627678008821363,0.9890513049453038,18689,406272,0,119,768,648,768,768,589824,183552,18235,18235,0,4.488372,3.0916,239,119,635,557,396,438,173448,0.105132,1.106061,5,6090,2126,3647.0,2849.0,1523.686976,0.333973,1.230703,1.263503,1.72973,True,0,418.48664655881544,320.9279956128325,0.545614923805496,0.38243938563036456,top_right,0.515625,0.8279773156899811,0.4269258034026465,False,False,True,False,constant_rgb,255,255,255,data/processed/clean/p026_clean.png,p026__loss_small__variant_04_mask.png,data/processed/masks/mask_robustness/p026__loss_small__variant_04_mask.png,p026__loss_small__variant_04_damaged.png,data/processed/damaged/mask_robustness/p026__loss_small__variant_04_damaged.png,48819acb8a3147c0230f636c58eaaa127b2bdde3b71bb7e4f101b4e2ac97b3ee,26e8a6f9aa185209e408761b484566f7cb2ab6c190dda0f548e5c59207c8b8ca,7e1caf204fbc5fb681d8ad3a212fa88632d6f23e434702db5c2d6eb7a476ff48,3070,733799,canonical_synthetic_damage_masks,2.0.0,mask_robustness,1.1.0,2026-07-24T22:44:32.533782+00:00,generated,ok,,Rijksmuseum,View of a Village along a River,attributed to Jan Brueghel I,architecture_structured,1.1.0,painting_restoration_50_subset,1.0.0,06_mask_robustness,2026-07-24T22:42:26.283360+00:00,2026-07-24T22:45:40.751505+00:00,194.468145
p026__loss_small__variant_05,p026__loss_small__variant_05,p026__loss_small,p026,2,loss_small,1,5,20260606,33148239,3335137162,235646568,1,1464710319,20,0.5,4.5,18282,18265,4.495756537492124,-0.004243462507876217,0.004243462507876217,1.3799117721912322,9597,406272,0,119,768,648,768,768,589824,183552,18265,18265,0,4.495757,3.096686,249,260,768,606,519,346,179574,0.101713,1.5,4,5846,3178,4566.25,4620.5,977.707107,0.320066,0.984562,1.084742,1.147368,True,0,513.2683821516562,402.1372570490008,0.6691895464819507,0.536244805017047,bottom_right,0.67578125,0.6540642722117203,0.4420043714555766,False,True,False,False,constant_rgb,255,255,255,data/processed/clean/p026_clean.png,p026__loss_small__variant_05_mask.png,data/processed/masks/mask_robustness/p026__loss_small__variant_05_mask.png,p026__loss_small__variant_05_damaged.png,data/processed/damaged/mask_robustness/p026__loss_small__variant_05_damaged.png,48819acb8a3147c0230f636c58eaaa127b2bdde3b71bb7e4f101b4e2ac97b3ee,07b19e090ac98b78e861daf22cb571ebf43317965f39c84d21d558391e12e3c5,90268e186541c805b0fc3605cbbfebac6b54086889044a94fe81c307945e3a17,2377,729259,canonical_synthetic_damage_masks,2.0.0,mask_robustness,1.1.0,2026-07-24T22:44:33.142058+00:00,generated,ok,,Rijksmuseum,View of a Village along a River,attributed to Jan Brueghel I,architecture_structured,1.1.0,painting_restoration_50_subset,1.0.0,06_mask_robustness,2026-07-24T22:42:26.283360+00:00,2026-07-24T22:45:40.751505+00:00,194.468145
p026__scratch_thin__variant_01,p026__scratch_thin__variant_01,p026__scratch_thin,p026,2,scratch_thin,0,1,20260606,33148239,4028276391,189460486,1,4216394504,20,0.5,2.0,8125,8139,2.0033376654064274,0.003337665406427437,0.003337665406427437,1.2405372227665326,5797,406272,0,119,768,648,768,768,589824,183552,8139,8139,0,2.003338,1.379903,140,119,768,648,628,529,332212,0.024499,1.187146,3,7370,307,2713.0,462.0,3293.604206,0.905517,0.738422,1.456499,2.05,True,0,475.7025433099889,360.3649096940656,0.6202119208735188,0.4571305107842152,top_right,0.8177083333333334,1.0,0.8177083333333334,False,True,True,True,constant_rgb,255,255,255,data/processed/clean/p026_clean.png,p026__scratch_thin__variant_01_mask.png,data/processed/masks/mask_robustness/p026__scratch_thin__variant_01_mask.png,p026__scratch_thin__variant_01_damaged.png,data/processed/damaged/mask_robustness/p026__scratch_thin__variant_01_damaged.png,48819acb8a3147c0230f636c58eaaa127b2bdde3b71bb7e4f101b4e2ac97b3ee,904622fa302b2ffa52fe3e7deb37757a868809d813b808606b35b0726d15f494,e293a6a3077008f1948b600aa1b56dfc48b9d29bea1a0d6866e99f73dea5c286,5222,762349,canonical_synthetic_damage_masks,2.0.0,mask_robustness,1.1.0,2026-07-24T22:44:05.328859+00:00,generated,ok,,Rijksmuseum,View of a Village along a River,attributed to Jan Brueghel I,architecture_structured,1.1.0,painting_restoration_50_subset,1.0.0,06_mask_robustness,2026-07-24T22:42:26.283360+00:00,2026-07-24T22:45:40.751505+00:00,194.468145
p026__scratch_thin__variant_02,p026__scratch_thin__variant_02,p026__scratch_thin,p026,2,scratch_thin,0,2,20260606,33148239,4028276391,1643420824,1,2827040673,20,0.5,2.0,8125,8220,2.0232750472589793,0.02327504725897933,0.02327504725897933,0.8400737849822278,11513,406272,0,119,768,648,768,768,589824,183552,8220,8220,0,2.023275,1.393636,123,119,768,563,645,444,286380,0.028703,1.452703,6,3100,111,1370.0,894.0,1187.903335,0.377129,1.476843,4.704068,19.166667,True,0,512.3102189781022,297.89136253041363,0.6679403115751006,0.338809398731844,top_right,0.83984375,0.8393194706994329,0.7048972117202268,False,True,True,False,constant_rgb,255,255,255,data/processed/clean/p026_clean.png,p026__scratch_thin__variant_02_mask.png,data/processed/masks/mask_robustness/p026__scratch_thin__variant_02_mask.png,p026__scratch_thin__variant_02_damaged.png,data/processed/damaged/mask_robustness/p026__scratch_thin__variant_02_damaged.png,48819acb8a3147c0230f636c58eaaa127b2bdde3b71bb7e4f101b4e2ac97b3ee,ce52bb5a9dffeeb3c4b46107fdb7302dd4585455a0d76714e7604f8589b18765,ff97ab5bc612130be8ebe5ec033188179614e26c431364b61fa79d69968a5e07,5522,761889,canonical_synthetic_damage_masks,2.0.0,mask_robustness,1.1.0,2026-07-24T22:44:10.439878+00:00,generated,ok,,Rijksmuseum,View of a Village along a River,attributed to Jan Brueghel I,architecture_structured,1.1.0,painting_restoration_50_subset,1.0.0,06_mask_robustness,2026-07-24T22:42:26.283360+00:00,2026-07-24T22:45:40.751505+00:00,194.468145
p026__scratch_thin__variant_03,p026__scratch_thin__variant_03,p026__scratch_thin,p026,2,scratch_thin,0,3,20260606,33148239,4028276391,1428238975,1,2496933024,20,0.5,2.0,8125,8049,1.9811850189035918,-0.018814981096408223,0.018814981096408223,3.7493641064419374,15252,406272,0,119,768,648,768,768,589824,183552,8049,8049,0,1.981185,1.364644,101,119,768,366,667,247,164749,0.048856,2.700405,1,8049,8049,8049.0,8049.0,0.0,1.0,0.246141,2.700405,2.700405,True,0,390.1490868430861,150.86395825568394,0.5086689528593039,0.060348405787280186,top_right,0.8684895833333334,0.4669187145557656,0.40551403985507245,False,True,True,False,constant_rgb,255,255,255,data/processed/clean/p026_clean.png,p026__scratch_thin__variant_03_mask.png,data/processed/masks/mask_robustness/p026__scratch_thin__variant_03_mask.png,p026__scratch_thin__variant_03_damaged.png,data/processed/damaged/mask_robustness/p026__scratch_thin__variant_03_damaged.png,48819acb8a3147c0230f636c58eaaa127b2bdde3b71bb7e4f101b4e2ac97b3ee,1a0bb6e297bfdf8540c0739623962b65ddf61e9423a24609a2dfb946b7ea7524,b37831af9fb37d24b7037e513b5bdfdd6727bd6bfb78ba7141ee3e14ccb94f6e,1203,746608,canonical_synthetic_damage_masks,2.0.0,mask_robustness,1.1.0,2026-07-24T22:44:12.416562+00:00,generated,ok,,Rijksmuseum,View of a Village along a River,attributed to Jan Brueghel I,architecture_structured,1.1.0,painting_restoration_50_subset,1.0.0,06_mask_robustness,2026-07-24T22:42:26.283360+00:00,2026-07-24T22:45:40.751505+00:00,194.468145
p026__scratch_thin__variant_04,p026__scratch_thin__variant_04,p026__scratch_thin,p026,2,scratch_thin,0,4,20260606,33148239,4028276391,1614167973,1,1825003248,20,0.5,2.0,8125,7698,1.8947896975425331,-0.10521030245746688,0.10521030245746688,1.0313199759468514,7639,406272,0,119,768,648,768,768,589824,183552,7698,7698,0,1.89479,1.305135,25,119,686,648,661,529,349669,0.022015,1.249527,8,3133,67,962.25,594.5,877.790515,0.406989,1.969124,2.934126,6.703704,True,0,397.7486360093531,358.55196154845413,0.5185771004033287,0.4536968968720722,top_right,0.8606770833333334,1.0,0.8606770833333334,False,False,True,True,constant_rgb,255,255,255,data/processed/clean/p026_clean.png,p026__scratch_thin__variant_04_mask.png,data/processed/masks/mask_robustness/p026__scratch_thin__variant_04_mask.png,p026__scratch_thin__variant_04_damaged.png,data/processed/damaged/mask_robustness/p026__scratch_thin__variant_04_damaged.png,48819acb8a3147c0230f636c58eaaa127b2bdde3b71bb7e4f101b4e2ac97b3ee,0f9306e525a52868ca07bd17cdd3ea49ef1f9ab9dde3c5ba6bd006add4068db1,f153da41fbe04c8d95fbc044a44267fa5460541deb4eed21c42d34fd77269900,4460,759314,canonical_synthetic_damage_masks,2.0.0,mask_robustness,1.1.0,2026-07-24T22:44:17.238538+00:00,generated,ok,,Rijksmuseum,View of a Village along a River,attributed to Jan Brueghel I,architecture_structured,1.1.0,painting_restoration_50_subset,1.0.0,06_mask_robustness,2026-07-24T22:42:26.283360+00:00,2026-07-24T22:45:40.751505+00:00,194.468145
p026__scratch_thin__variant_05,p026__scratch_thin__variant_05,p026__scratch_thin,p026,2,scratch_thin,0,5,20260606,33148239,4028276391,3760764839,1,3211334598,20,0.5,2.0,8125,8248,2.030166981726528,0.030166981726527986,0.030166981726527986,0.9487241670487533,9027,406272,0,119,768,648,768,768,589824,183552,8248,8248,0,2.030167,1.398383,38,250,767,648,729,398,290142,0.028427,1.831658,6,6146,10,1374.666667,531.0,2172.911155,0.74515,1.476843,2.607085,5.1875,True,0,420.3155916585839,517.5974781765276,0.5479994676122346,0.7549194662434235,bottom_right,0.94921875,0.7523629489603024,0.7141570179584121,False,False,False,True,constant_rgb,255,255,255,data/processed/clean/p026_clean.png,p026__scratch_thin__variant_05_mask.png,data/processed/masks/mask_robustness/p026__scratch_thin__variant_05_mask.png,p026__scratch_thin__variant_05_damaged.png,data/processed/damaged/mask_robustness/p026__scratch_thin__variant_05_damaged.png,48819acb8a3147c0230f636c58eaaa127b2bdde3b71bb7e4f101b4e2ac97b3ee,8160719866717413daa89d220c1c605285a7948b5be4627537b497286846f463,8cdb1abbfa9b44dc8c72702521b0d52366a3923c00fdc38855c3c11da2c08f33,4091,757892,canonical_synthetic_damage_masks,2.0.0,mask_robustness,1.1.0,2026-07-24T22:44:21.030293+00:00,generated,ok,,Rijksmuseum,View of a Village along a River,attributed to Jan Brueghel I,architecture_structured,1.1.0,painting_restoration_50_subset,1.0.0,06_mask_robustness,2026-07-24T22:42:26.283360+00:00,2026-07-24T22:45:40.751505+00:00,194.468145
p039__loss_large__variant_01,p039__loss_large__variant_01,p039__loss_large,p039,3,loss_large,2,1,20260606,2325170531,1871369916,732559472,1,593354973,20,0.5,12.5,54144,54225,12.518700132978724,0.01870013297872397,0.01870013297872397,1.1013038048125654,44708,433152,0,102,768,666,768,768,589824,156672,54225,54225,0,12.5187,9.19342,195,148,491,417,296,269,79624,0.681013,1.100372,1,54225,54225,54225.0,54225.0,0.0,1.0,0.230866,1.100372,1.100372,False,46,354.13384970032274,285.4413462425081,0.4617129722298862,0.3258283236989486,top_left,0.3854166666666667,0.4769503546099291,0.1838246158392435,False,False,False,False,constant_rgb,255,255,255,data/processed/clean/p039_clean.png,p039__loss_large__variant_01_mask.png,data/processed/masks/mask_robustness/p039__loss_large__variant_01_mask.png,p039__loss_large__variant_01_damaged.png,data/processed/damaged/mask_robustness/p039__loss_large__variant_01_damaged.png,adc7c740921e37111c263492b14ccf28e00ec71749fd54ff92a6a8b1440b58f2,54771180795e5b11c3003bb03c17e931cead5426af91b88d685cf9e45d0b144b,dd68e623e73fed42f9239eb04434aaf0f8d2a2532fd740e1d383eea349cabdf3,2392,633138,canonical_synthetic_damage_masks,2.0.0,mask_robustness,1.1.0,2026-07-24T22:45:03.401894+00:00,generated,ok,,Art Institute of Chicago,Painting with Troika,Wassily Kandinsky,abstraction_surrealism,1.1.0,painting_restoration_50_subset,1.0.0,06_mask_robustness,2026-07-24T22:42:26.283360+00:00,2026-07-24T22:45:40.751505+00:00,194.468145
p039__loss_large__variant_02,p039__loss_large__variant_02,p039__loss_large,p039,3,loss_large,2,2,20260606,2325170531,1871369916,1999464967,1,2193193211,20,0.5,12.5,54144,54174,12.506925975177305,0.006925975177304977,0.006925975177304977,0.8605008539906049,73161,433152,0,102,768,666,768,768,589824,156672,54174,54174,0,12.506926,9.184774,389,289,688,619,299,330,98670,0.549042,1.103679,1,54174,54174,54174.0,54174.0,0.0,1.0,0.230866,1.103679,1.103679,False,47,536.9826854210506,444.13655997341897,0.7001078036780322,0.6077025932032308,bottom_right,0.3893229166666667,0.5851063829787234,0.2277953235815603,False,False,False,False,constant_rgb,255,255,255,data/processed/clean/p039_clean.png,p039__loss_large__variant_02_mask.png,data/processed/masks/mask_robustness/p039__loss_large__variant_02_mask.png,p039__loss_large__variant_02_damaged.png,data/processed/damaged/mask_robustness/p039__loss_large__variant_02_damaged.png,adc7c740921e37111c263492b14ccf28e00ec71749fd54ff92a6a8b1440b58f2,5554b7d7aa30afacc0bc8121e3331ce90bf70672e99117d0cbf914c3605402cb,c883444941f7e5734620c886e6fc973015ec72bba60e1813898df7a3818e5fee,2904,629179,canonical_synthetic_damage_masks,2.0.0,mask_robustness,1.1.0,2026-07-24T22:45:04.294034+00:00,generated,ok,,Art Institute of Chicago,Painting with Troika,Wassily Kandinsky,abstraction_surrealism,1.1.0,painting_restoration_50_subset,1.0.0,06_mask_robustness,2026-07-24T22:42:26.283360+00:00,2026-07-24T22:45:40.751505+00:00,194.468145
p039__loss_large__variant_03,p039__loss_large__variant_03,p039__loss_large,p039,3,loss_large,2,3,20260606,2325170531,1871369916,3436243214,1,1995120280,20,0.5,12.5,54144,54253,12.52516437647754,0.025164376477540884,0.025164376477540884,0.8905509515087617,68504,433152,0,102,768,666,768,768,589824,156672,54253,54253,0,12.525164,9.198168,252,342,622,577,370,235,86950,0.623956,1.574468,1,54253,54253,54253.0,54253.0,0.0,1.0,0.230866,1.574468,1.574468,False,89,448.4944058393084,464.1957864081249,0.5847384691516406,0.6433317698190495,bottom_right,0.4817708333333333,0.4166666666666667,0.2007378472222222,False,False,False,False,constant_rgb,255,255,255,data/processed/clean/p039_clean.png,p039__loss_large__variant_03_mask.png,data/processed/masks/mask_robustness/p039__loss_large__variant_03_mask.png,p039__loss_large__variant_03_damaged.png,data/processed/damaged/mask_robustness/p039__loss_large__variant_03_damaged.png,adc7c740921e37111c263492b14ccf28e00ec71749fd54ff92a6a8b1440b58f2,3617426d9b64196da954f8ab0d0dc2d93934f63a47c4e6ee0a1bce05dd8ca624,37a5861b9deafa8fcb969093b0834426d577d08e2c9b02868b0b3450ff3656c3,2422,625542,canonical_synthetic_damage_masks,2.0.0,mask_robustness,1.1.0,2026-07-24T22:45:05.182833+00:00,generated,ok,,Art Institute of Chicago,Painting with Troika,Wassily Kandinsky,abstraction_surrealism,1.1.0,painting_restoration_50_subset,1.0.0,06_mask_robustness,2026-07-24T22:42:26.283360+00:00,2026-07-24T22:45:40.751505+00:00,194.468145
p039__loss_large__variant_04,p039__loss_large__variant_04,p039__loss_large,p039,3,loss_large,2,4,20260606,2325170531,1871369916,1255333808,1,2086805759,20,0.5,12.5,54144,54217,12.516853206264775,0.016853206264775267,0.016853206264775267,1.021238836799986,51993,433152,0,102,768,666,768,768,589824,156672,54217,54217,0,12.516853,9.192064,392,362,712,615,320,253,80960,0.669676,1.264822,1,54217,54217,54217.0,54217.0,0.0,1.0,0.230866,1.264822,1.264822,False,51,550.2997214895697,471.87358208679933,0.7174703018116946,0.6569690623211356,bottom_right,0.4166666666666667,0.44858156028368795,0.18690898345153664,False,False,False,False,constant_rgb,255,255,255,data/processed/clean/p039_clean.png,p039__loss_large__variant_04_mask.png,data/processed/masks/mask_robustness/p039__loss_large__variant_04_mask.png,p039__loss_large__variant_04_damaged.png,data/processed/damaged/mask_robustness/p039__loss_large__variant_04_damaged.png,adc7c740921e37111c263492b14ccf28e00ec71749fd54ff92a6a8b1440b58f2,f117b4d7d39c672e7096d8d35154b441881c5947df7bdb05694318804e551a1d,16a091da3ca3faab3cb0c20ea626bed2ee02d1f670755f5e613e935993e61560,2214,629235,canonical_synthetic_damage_masks,2.0.0,mask_robustness,1.1.0,2026-07-24T22:45:06.054086+00:00,generated,ok,,Art Institute of Chicago,Painting with Troika,Wassily Kandinsky,abstraction_surrealism,1.1.0,painting_restoration_50_subset,1.0.0,06_mask_robustness,2026-07-24T22:42:26.283360+00:00,2026-07-24T22:45:40.751505+00:00,194.468145
p039__loss_large__variant_05,p039__loss_large__variant_05,p039__loss_large,p039,3,loss_large,2,5,20260606,2325170531,1871369916,4020536309,1,2611050210,20,0.5,12.5,54144,54127,12.49607528073286,-0.003924719267139665,0.003924719267139665,1.1379014018885374,41798,433152,0,102,768,666,768,768,589824,156672,54127,54127,0,12.496075,9.176805,187,108,466,440,279,332,92628,0.584348,1.189964,1,54127,54127,54127.0,54127.0,0.0,1.0,0.230866,1.189964,1.189964,False,6,335.64609159938664,283.87653112125184,0.4376089851360973,0.32304890074822706,top_left,0.36328125,0.5886524822695035,0.21384640957446807,False,False,False,False,constant_rgb,255,255,255,data/processed/clean/p039_clean.png,p039__loss_large__variant_05_mask.png,data/processed/masks/mask_robustness/p039__loss_large__variant_05_mask.png,p039__loss_large__variant_05_damaged.png,data/processed/damaged/mask_robustness/p039__loss_large__variant_05_damaged.png,adc7c740921e37111c263492b14ccf28e00ec71749fd54ff92a6a8b1440b58f2,6d7e193a5d28927f931e270e8a6171282d961f72f7ccbf3f56a902cdd3aba090,a534546276e6da7c310e1f276c3d2a7415779a2bb550580e4a726803b9f18929,2598,633165,canonical_synthetic_damage_masks,2.0.0,mask_robustness,1.1.0,2026-07-24T22:45:06.909925+00:00,generated,ok,,Art Institute of Chicago,Painting with Troika,Wassily Kandinsky,abstraction_surrealism,1.1.0,painting_restoration_50_subset,1.0.0,06_mask_robustness,2026-07-24T22:42:26.283360+00:00,2026-07-24T22:45:40.751505+00:00,194.468145
p039__loss_small__variant_01,p039__loss_small__variant_01,p039__loss_small,p039,3,loss_small,1,1,20260606,2325170531,3712863071,2520045880,2,859392506,20,0.5,4.5,19492,19494,4.500498670212766,0.0004986702127656173,0.0004986702127656173,0.9308193449717513,22528,433152,0,102,768,666,768,768,589824,156672,19494,19494,0,4.500499,3.305054,36,130,662,540,626,410,256660,0.075953,1.526829,5,6174,2140,3898.8,2978.0,1695.719128,0.316713,1.154329,1.209392,1.317647,False,28,337.1385554529599,291.6377346875962,0.4395548310990351,0.33683434225150305,top_left,0.8151041666666666,0.7269503546099291,0.5925402630023641,False,False,False,False,constant_rgb,255,255,255,data/processed/clean/p039_clean.png,p039__loss_small__variant_01_mask.png,data/processed/masks/mask_robustness/p039__loss_small__variant_01_mask.png,p039__loss_small__variant_01_damaged.png,data/processed/damaged/mask_robustness/p039__loss_small__variant_01_damaged.png,adc7c740921e37111c263492b14ccf28e00ec71749fd54ff92a6a8b1440b58f2,051f2f1e2869787aaee0c54771e761d78147954f80e785e0fd5c6eec194d9aca,adb536ac27b7ee29a6b45e446f718d11995e7cb45473fe26f93967d4dad06b05,3112,691670,canonical_synthetic_damage_masks,2.0.0,mask_robustness,1.1.0,2026-07-24T22:44:58.748454+00:00,generated,ok,,Art Institute of Chicago,Painting with Troika,Wassily Kandinsky,abstraction_surrealism,1.1.0,painting_restoration_50_subset,1.0.0,06_mask_robustness,2026-07-24T22:42:26.283360+00:00,2026-07-24T22:45:40.751505+00:00,194.468145
p039__loss_small__variant_02,p039__loss_small__variant_02,p039__loss_small,p039,3,loss_small,1,2,20260606,2325170531,3712863071,2980839180,1,2160674854,20,0.5,4.5,19492,19485,4.498420877659575,-0.001579122340425343,0.001579122340425343,1.2351109192400682,12772,433152,0,102,768,666,768,768,589824,156672,19485,19485,0,4.498421,3.303528,34,173,768,641,734,468,343512,0.056723,1.568376,5,4677,2664,3897.0,4019.0,696.200259,0.240031,1.154329,1.144177,1.390625,True,0,424.68683602771364,340.87287657172186,0.553698612813186,0.4242857487952431,top_right,0.9557291666666666,0.8297872340425532,0.7930518617021277,False,True,False,False,constant_rgb,255,255,255,data/processed/clean/p039_clean.png,p039__loss_small__variant_02_mask.png,data/processed/masks/mask_robustness/p039__loss_small__variant_02_mask.png,p039__loss_small__variant_02_damaged.png,data/processed/damaged/mask_robustness/p039__loss_small__variant_02_damaged.png,adc7c740921e37111c263492b14ccf28e00ec71749fd54ff92a6a8b1440b58f2,70b4e67b7bf58ba7a94afcc104594d40b8a0f326a6f742a0872bcc69d8ca0ede,cd21ceacb7bc04f1eec4ff371898eabccd4a9d1044cfcb73611aaaabcd80d995,2690,690639,canonical_synthetic_damage_masks,2.0.0,mask_robustness,1.1.0,2026-07-24T22:44:59.541459+00:00,generated,ok,,Art Institute of Chicago,Painting with Troika,Wassily Kandinsky,abstraction_surrealism,1.1.0,painting_restoration_50_subset,1.0.0,06_mask_robustness,2026-07-24T22:42:26.283360+00:00,2026-07-24T22:45:40.751505+00:00,194.468145
p039__loss_small__variant_03,p039__loss_small__variant_03,p039__loss_small,p039,3,loss_small,1,3,20260606,2325170531,3712863071,2512578573,1,2296589194,20,0.5,4.5,19492,19500,4.501883865248227,0.0018838652482271456,0.0018838652482271456,2.47593402329963,19833,433152,0,102,768,666,768,768,589824,156672,19500,19500,0,4.501884,3.306071,0,102,186,298,186,196,36456,0.534891,1.053763,1,19500,19500,19500.0,19500.0,0.0,1.0,0.230866,1.053763,1.053763,True,0,84.46805128205128,215.33092307692309,0.11012783739511249,0.2012982647902719,top_left,0.2421875,0.3475177304964539,0.08416445035460993,True,False,True,False,constant_rgb,255,255,255,data/processed/clean/p039_clean.png,p039__loss_small__variant_03_mask.png,data/processed/masks/mask_robustness/p039__loss_small__variant_03_mask.png,p039__loss_small__variant_03_damaged.png,data/processed/damaged/mask_robustness/p039__loss_small__variant_03_damaged.png,adc7c740921e37111c263492b14ccf28e00ec71749fd54ff92a6a8b1440b58f2,6c11508ce90b54bb803e9787448ed2d2eaa7ab331ed3a875e424c94da73de0ba,74b928da0000c961d77c8384726cd42cf965110088df0df3835841c1c8b045bc,1470,685055,canonical_synthetic_damage_masks,2.0.0,mask_robustness,1.1.0,2026-07-24T22:45:00.660775+00:00,generated,ok,,Art Institute of Chicago,Painting with Troika,Wassily Kandinsky,abstraction_surrealism,1.1.0,painting_restoration_50_subset,1.0.0,06_mask_robustness,2026-07-24T22:42:26.283360+00:00,2026-07-24T22:45:40.751505+00:00,194.468145
p039__loss_small__variant_04,p039__loss_small__variant_04,p039__loss_small,p039,3,loss_small,1,4,20260606,2325170531,3712863071,3363937071,1,3634162445,20,0.5,4.5,19492,19494,4.500498670212766,0.0004986702127656173,0.0004986702127656173,2.717367794672548,18502,433152,0,102,768,666,768,768,589824,156672,19494,19494,0,4.500499,3.305054,117,102,315,281,198,179,35442,0.550025,1.106145,1,19494,19494,19494.0,19494.0,0.0,1.0,0.230866,1.106145,1.106145,True,0,206.15435518621115,196.5384220785883,0.2687801241019702,0.1679190445445618,top_left,0.2578125,0.3173758865248227,0.08182347074468085,False,False,True,False,constant_rgb,255,255,255,data/processed/clean/p039_clean.png,p039__loss_small__variant_04_mask.png,data/processed/masks/mask_robustness/p039__loss_small__variant_04_mask.png,p039__loss_small__variant_04_damaged.png,data/processed/damaged/mask_robustness/p039__loss_small__variant_04_damaged.png,adc7c740921e37111c263492b14ccf28e00ec71749fd54ff92a6a8b1440b58f2,6c811096869ed539c81e80a1f008a92aeb53425f7d92bcf9ff504967d3583197,f4765b0c7ca2c3a96c1c2c105c1dc3b4b28ee7786d911b6e1c50b9ef0740ef05,1388,687457,canonical_synthetic_damage_masks,2.0.0,mask_robustness,1.1.0,2026-07-24T22:45:01.843161+00:00,generated,ok,,Art Institute of Chicago,Painting with Troika,Wassily Kandinsky,abstraction_surrealism,1.1.0,painting_restoration_50_subset,1.0.0,06_mask_robustness,2026-07-24T22:42:26.283360+00:00,2026-07-24T22:45:40.751505+00:00,194.468145
p039__loss_small__variant_05,p039__loss_small__variant_05,p039__loss_small,p039,3,loss_small,1,5,20260606,2325170531,3712863071,720680265,1,2704323316,20,0.5,4.5,19492,19478,4.49680481678487,-0.0031951832151300152,0.0031951832151300152,1.1007625575839555,16049,433152,0,102,768,666,768,768,589824,156672,19478,19478,0,4.496805,3.302341,133,133,560,664,427,531,226737,0.085906,1.24356,7,3527,13,2782.571429,3175.0,1143.215123,0.181076,1.616061,1.326363,2.0,False,2,329.76445220248485,412.7219427045898,0.42994061564861125,0.5519039834895023,bottom_left,0.5559895833333334,0.9414893617021277,0.5234582779255319,False,False,False,False,constant_rgb,255,255,255,data/processed/clean/p039_clean.png,p039__loss_small__variant_05_mask.png,data/processed/masks/mask_robustness/p039__loss_small__variant_05_mask.png,p039__loss_small__variant_05_damaged.png,data/processed/damaged/mask_robustness/p039__loss_small__variant_05_damaged.png,adc7c740921e37111c263492b14ccf28e00ec71749fd54ff92a6a8b1440b58f2,efd3eac8a9ddcb6ae46a1cc1268d60bc34e605ffdfc5bccef2f05e9b706b762a,f96883afee8a1e4f52037e190eb2c7c5b3f77fa62da6179c1a5523ae700496ed,3091,690839,canonical_synthetic_damage_masks,2.0.0,mask_robustness,1.1.0,2026-07-24T22:45:02.540920+00:00,generated,ok,,Art Institute of Chicago,Painting with Troika,Wassily Kandinsky,abstraction_surrealism,1.1.0,painting_restoration_50_subset,1.0.0,06_mask_robustness,2026-07-24T22:42:26.283360+00:00,2026-07-24T22:45:40.751505+00:00,194.468145
p039__scratch_thin__variant_01,p039__scratch_thin__variant_01,p039__scratch_thin,p039,3,scratch_thin,0,1,20260606,2325170531,3347833088,172917492,1,3210548257,20,0.5,2.0,8663,8662,1.9997598995271868,-0.00024010047281319835,0.00024010047281319835,1.0049836599556299,8586,433152,0,102,768,666,768,768,589824,156672,8662,8662,0,1.99976,1.468574,18,155,717,666,699,511,357189,0.02425,1.367906,8,2284,489,1082.75,792.0,637.509363,0.26368,1.846927,2.327099,7.758621,True,0,314.38062803047796,478.4383514199954,0.4098834785273507,0.6686293986145566,bottom_left,0.91015625,0.9060283687943262,0.824627382535461,False,False,False,True,constant_rgb,255,255,255,data/processed/clean/p039_clean.png,p039__scratch_thin__variant_01_mask.png,data/processed/masks/mask_robustness/p039__scratch_thin__variant_01_mask.png,p039__scratch_thin__variant_01_damaged.png,data/processed/damaged/mask_robustness/p039__scratch_thin__variant_01_damaged.png,adc7c740921e37111c263492b14ccf28e00ec71749fd54ff92a6a8b1440b58f2,f0fe227b12c4f69797160a43157e0640029eaa3c04e2589df9056166be2ee52f,2a4aea0a83f67b13375a72e2cbd2137e9165751fb2c8c3d0be61ba0d129995ed,4844,719757,canonical_synthetic_damage_masks,2.0.0,mask_robustness,1.1.0,2026-07-24T22:44:38.041497+00:00,generated,ok,,Art Institute of Chicago,Painting with Troika,Wassily Kandinsky,abstraction_surrealism,1.1.0,painting_restoration_50_subset,1.0.0,06_mask_robustness,2026-07-24T22:42:26.283360+00:00,2026-07-24T22:45:40.751505+00:00,194.468145
p039__scratch_thin__variant_02,p039__scratch_thin__variant_02,p039__scratch_thin,p039,3,scratch_thin,0,2,20260606,2325170531,3347833088,1656254973,1,2394339786,20,0.5,2.0,8663,8664,2.0002216312056738,0.00022163120567375572,0.00022163120567375572,5.903691971258977,8374,433152,0,102,768,666,768,768,589824,156672,8664,8664,0,2.000222,1.468913,100,102,419,433,319,331,105589,0.082054,1.037618,1,8664,8664,8664.0,8664.0,0.0,1.0,0.230866,1.037618,1.037618,True,0,253.73164819944597,210.78912742382272,0.33081049308923854,0.1932311321915146,top_left,0.4153645833333333,0.5868794326241135,0.24376893099881797,False,False,True,False,constant_rgb,255,255,255,data/processed/clean/p039_clean.png,p039__scratch_thin__variant_02_mask.png,data/processed/masks/mask_robustness/p039__scratch_thin__variant_02_mask.png,p039__scratch_thin__variant_02_damaged.png,data/processed/damaged/mask_robustness/p039__scratch_thin__variant_02_damaged.png,adc7c740921e37111c263492b14ccf28e00ec71749fd54ff92a6a8b1440b58f2,f33f48508d7b6db5b5f28dcde28ed79d52c6263974c2991a28a78c49af96cab9,608f6cbb1bc11b5e3f5ec6af1a711a07496de18c7ee0697683a931ace48ab18e,1582,709701,canonical_synthetic_damage_masks,2.0.0,mask_robustness,1.1.0,2026-07-24T22:44:42.337737+00:00,generated,ok,,Art Institute of Chicago,Painting with Troika,Wassily Kandinsky,abstraction_surrealism,1.1.0,painting_restoration_50_subset,1.0.0,06_mask_robustness,2026-07-24T22:42:26.283360+00:00,2026-07-24T22:45:40.751505+00:00,194.468145
p039__scratch_thin__variant_03,p039__scratch_thin__variant_03,p039__scratch_thin,p039,3,scratch_thin,0,3,20260606,2325170531,3347833088,1268392908,1,2967988407,20,0.5,2.0,8663,8638,1.9942191193853427,-0.005780880614657313,0.005780880614657313,1.0028983887807237,8613,433152,0,102,768,666,768,768,589824,156672,8638,8638,0,1.994219,1.464505,0,102,768,620,768,518,397824,0.021713,1.482625,3,5680,401,2879.333333,2557.0,2167.161636,0.65756,0.692598,1.759734,3.0,True,0,390.36698309793934,311.14609863394304,0.5089530418486823,0.37148507750256315,top_right,1.0,0.9184397163120568,0.9184397163120568,True,True,True,False,constant_rgb,255,255,255,data/processed/clean/p039_clean.png,p039__scratch_thin__variant_03_mask.png,data/processed/masks/mask_robustness/p039__scratch_thin__variant_03_mask.png,p039__scratch_thin__variant_03_damaged.png,data/processed/damaged/mask_robustness/p039__scratch_thin__variant_03_damaged.png,adc7c740921e37111c263492b14ccf28e00ec71749fd54ff92a6a8b1440b58f2,71f709446be504606d255c71a32852f4b875563849bba31bef53c1a65d7b0961,048bce7edee4a8961f89732584cef5000e3aefeffe63c494bc45ee6c6d93329a,5545,722069,canonical_synthetic_damage_masks,2.0.0,mask_robustness,1.1.0,2026-07-24T22:44:48.136002+00:00,generated,ok,,Art Institute of Chicago,Painting with Troika,Wassily Kandinsky,abstraction_surrealism,1.1.0,painting_restoration_50_subset,1.0.0,06_mask_robustness,2026-07-24T22:42:26.283360+00:00,2026-07-24T22:45:40.751505+00:00,194.468145
p039__scratch_thin__variant_04,p039__scratch_thin__variant_04,p039__scratch_thin,p039,3,scratch_thin,0,4,20260606,2325170531,3347833088,3440080482,1,1556607874,20,0.5,2.0,8663,8658,1.9988364361702127,-0.0011635638297873285,0.0011635638297873285,5.962067915544235,4388,433152,0,102,768,666,768,768,589824,156672,8658,8658,0,1.998836,1.467896,0,102,268,615,268,513,137484,0.062975,1.914179,1,8658,8658,8658.0,8658.0,0.0,1.0,0.230866,1.914179,1.914179,True,0,66.92688842688842,281.8925848925849,0.08725800316413093,0.3195250175711988,top_left,0.3489583333333333,0.9095744680851063,0.3174035904255319,True,False,True,False,constant_rgb,255,255,255,data/processed/clean/p039_clean.png,p039__scratch_thin__variant_04_mask.png,data/processed/masks/mask_robustness/p039__scratch_thin__variant_04_mask.png,p039__scratch_thin__variant_04_damaged.png,data/processed/damaged/mask_robustness/p039__scratch_thin__variant_04_damaged.png,adc7c740921e37111c263492b14ccf28e00ec71749fd54ff92a6a8b1440b58f2,e904ac4143d0e2fbbf503165881bd7f2ac5632f2056b0e5a3d3034c44720e568,6b4dab8f1685f6f1f43da031a657cdc69906d4e14cf9673d4c3aab25c80ce0ce,1712,709228,canonical_synthetic_damage_masks,2.0.0,mask_robustness,1.1.0,2026-07-24T22:44:52.357227+00:00,generated,ok,,Art Institute of Chicago,Painting with Troika,Wassily Kandinsky,abstraction_surrealism,1.1.0,painting_restoration_50_subset,1.0.0,06_mask_robustness,2026-07-24T22:42:26.283360+00:00,2026-07-24T22:45:40.751505+00:00,194.468145
p039__scratch_thin__variant_05,p039__scratch_thin__variant_05,p039__scratch_thin,p039,3,scratch_thin,0,5,20260606,2325170531,3347833088,3557516708,1,3093500116,20,0.5,2.0,8663,8650,1.9969895094562649,-0.003010490543735145,0.003010490543735145,0.8567985179694504,11570,433152,0,102,768,666,768,768,589824,156672,8650,8650,0,1.99699,1.466539,0,102,658,585,658,483,317814,0.027217,1.362319,20,3508,18,432.5,22.5,815.164247,0.405549,4.617317,3.105335,12.5,True,0,275.56057803468207,275.2836994219653,0.3592706362903286,0.30778632224150143,top_left,0.8567708333333334,0.8563829787234043,0.7337239583333334,True,False,True,False,constant_rgb,255,255,255,data/processed/clean/p039_clean.png,p039__scratch_thin__variant_05_mask.png,data/processed/masks/mask_robustness/p039__scratch_thin__variant_05_mask.png,p039__scratch_thin__variant_05_damaged.png,data/processed/damaged/mask_robustness/p039__scratch_thin__variant_05_damaged.png,adc7c740921e37111c263492b14ccf28e00ec71749fd54ff92a6a8b1440b58f2,504883cbaf77ee8f3ac6409721dc47b548e06ff705432d3219037967bda39efc,e214185bce0bbf1b9f50c57d32b1a46720c0f53c93d1a531a4d81cae0b2c134d,5390,719881,canonical_synthetic_damage_masks,2.0.0,mask_robustness,1.1.0,2026-07-24T22:44:53.087999+00:00,generated,ok,,Art Institute of Chicago,Painting with Troika,Wassily Kandinsky,abstraction_surrealism,1.1.0,painting_restoration_50_subset,1.0.0,06_mask_robustness,2026-07-24T22:42:26.283360+00:00,2026-07-24T22:45:40.751505+00:00,194.468145
p043__loss_large__variant_01,p043__loss_large__variant_01,p043__loss_large,p043,4,loss_large,2,1,20260606,2146886209,1744130628,1922078434,1,145969594,20,0.5,12.5,58656,58688,12.506819421713038,0.006819421713037954,0.006819421713037954,0.828753006743371,85693,469248,0,78,768,689,768,768,589824,120576,58688,58688,0,12.506819,9.950087,120,135,514,408,394,273,107562,0.54562,1.443223,1,58688,58688,58688.0,58688.0,0.0,1.0,0.213107,1.443223,1.443223,False,57,336.9064715103599,255.96684160305344,0.43925224447243794,0.2917489206607433,top_left,0.5130208333333334,0.44680851063829785,0.2292220744680851,False,False,False,False,constant_rgb,255,255,255,data/processed/clean/p043_clean.png,p043__loss_large__variant_01_mask.png,data/processed/masks/mask_robustness/p043__loss_large__variant_01_mask.png,p043__loss_large__variant_01_damaged.png,data/processed/damaged/mask_robustness/p043__loss_large__variant_01_damaged.png,e18e79fb0a876169e1a315935be5e67a403e0c089c60841a2f34e1b6ba3b3fcd,d6c976c6ec995120e734c8367503fb4714ec72efc248be4bc8fa5c87cf7d303a,3c143f6cc7a7e9f3f98db7f116d47b5b22f0a2bd3268aa44f5573e9010e5caf8,2698,684878,canonical_synthetic_damage_masks,2.0.0,mask_robustness,1.1.0,2026-07-24T22:45:35.077851+00:00,generated,ok,,The Metropolitan Museum of Art,The Card Players,Paul Cézanne,high_texture_brushwork,1.1.0,painting_restoration_50_subset,1.0.0,06_mask_robustness,2026-07-24T22:42:26.283360+00:00,2026-07-24T22:45:40.751505+00:00,194.468145
p043__loss_large__variant_02,p043__loss_large__variant_02,p043__loss_large,p043,4,loss_large,2,2,20260606,2146886209,1744130628,1038633382,1,1567622461,20,0.5,12.5,58656,58568,12.481246590289144,-0.018753409710855706,0.018753409710855706,0.8559971210645848,80017,469248,0,78,768,689,768,768,589824,120576,58568,58568,0,12.481247,9.929742,132,106,510,629,378,523,197694,0.296256,1.383598,2,31883,26685,29284.0,29284.0,2599.0,0.544376,0.426214,1.071327,1.120332,False,28,334.6629558803442,353.69969949460454,0.4363271914997969,0.4519667204829583,top_left,0.4921875,0.855973813420622,0.42129961129296234,False,False,False,False,constant_rgb,255,255,255,data/processed/clean/p043_clean.png,p043__loss_large__variant_02_mask.png,data/processed/masks/mask_robustness/p043__loss_large__variant_02_mask.png,p043__loss_large__variant_02_damaged.png,data/processed/damaged/mask_robustness/p043__loss_large__variant_02_damaged.png,e18e79fb0a876169e1a315935be5e67a403e0c089c60841a2f34e1b6ba3b3fcd,d6c45afcdaa2d069c6860884f659cec99fed781cdd760c08dd3bd9c1451538ba,4a6266d559082fd59a3aa398717543dd12199392097ab55d945ffb6447f0a88d,3670,684633,canonical_synthetic_damage_masks,2.0.0,mask_robustness,1.1.0,2026-07-24T22:45:36.079962+00:00,generated,ok,,The Metropolitan Museum of Art,The Card Players,Paul Cézanne,high_texture_brushwork,1.1.0,painting_restoration_50_subset,1.0.0,06_mask_robustness,2026-07-24T22:42:26.283360+00:00,2026-07-24T22:45:40.751505+00:00,194.468145
p043__loss_large__variant_03,p043__loss_large__variant_03,p043__loss_large,p043,4,loss_large,2,3,20260606,2146886209,1744130628,140354746,1,4243266132,20,0.5,12.5,58656,58606,12.489344653573378,-0.010655346426622359,0.010655346426622359,0.8819005702017426,75313,469248,0,78,768,689,768,768,589824,120576,58606,58606,0,12.489345,9.936184,279,259,656,539,377,280,105560,0.555191,1.346429,1,58606,58606,58606.0,58606.0,0.0,1.0,0.213107,1.346429,1.346429,False,112,470.31713476435857,400.8593659352285,0.6131905277240659,0.5292776490741451,bottom_right,0.4908854166666667,0.4582651391162029,0.22495567375886524,False,False,False,False,constant_rgb,255,255,255,data/processed/clean/p043_clean.png,p043__loss_large__variant_03_mask.png,data/processed/masks/mask_robustness/p043__loss_large__variant_03_mask.png,p043__loss_large__variant_03_damaged.png,data/processed/damaged/mask_robustness/p043__loss_large__variant_03_damaged.png,e18e79fb0a876169e1a315935be5e67a403e0c089c60841a2f34e1b6ba3b3fcd,3dfb13978fc5c3b36abc84029c1d76a83439dcde70b19ab7be9335c46d1518be,473050766a936889c5107d1dae7b7360e3fa19de4a0fda3897a90fb699a9dfc8,2751,677060,canonical_synthetic_damage_masks,2.0.0,mask_robustness,1.1.0,2026-07-24T22:45:37.046443+00:00,generated,ok,,The Metropolitan Museum of Art,The Card Players,Paul Cézanne,high_texture_brushwork,1.1.0,painting_restoration_50_subset,1.0.0,06_mask_robustness,2026-07-24T22:42:26.283360+00:00,2026-07-24T22:45:40.751505+00:00,194.468145
p043__loss_large__variant_04,p043__loss_large__variant_04,p043__loss_large,p043,4,loss_large,2,4,20260606,2146886209,1744130628,151307854,1,3938225309,20,0.5,12.5,58656,58777,12.525785938352428,0.025785938352427706,0.025785938352427706,0.831556432817167,84826,469248,0,78,768,689,768,768,589824,120576,58777,58777,0,12.525786,9.965176,49,136,530,478,481,342,164502,0.357303,1.406433,2,31180,27597,29388.5,29388.5,1791.5,0.53048,0.426214,1.075871,1.088106,False,49,280.4527110944757,307.35554723786515,0.36564890625094615,0.37599270038994287,top_left,0.6263020833333334,0.5597381342062193,0.3505651595744681,False,False,False,False,constant_rgb,255,255,255,data/processed/clean/p043_clean.png,p043__loss_large__variant_04_mask.png,data/processed/masks/mask_robustness/p043__loss_large__variant_04_mask.png,p043__loss_large__variant_04_damaged.png,data/processed/damaged/mask_robustness/p043__loss_large__variant_04_damaged.png,e18e79fb0a876169e1a315935be5e67a403e0c089c60841a2f34e1b6ba3b3fcd,b0074ea3edb69eb9ffeaa06fe157b8d427a0b69ce83de9899032f98e0d3d4da9,40f1f0cd743f6daac3c8f0c23afe47e35dedf9cc0b90ba09b03b82197445f81c,3353,688862,canonical_synthetic_damage_masks,2.0.0,mask_robustness,1.1.0,2026-07-24T22:45:39.786950+00:00,generated,ok,,The Metropolitan Museum of Art,The Card Players,Paul Cézanne,high_texture_brushwork,1.1.0,painting_restoration_50_subset,1.0.0,06_mask_robustness,2026-07-24T22:42:26.283360+00:00,2026-07-24T22:45:40.751505+00:00,194.468145
p043__loss_large__variant_05,p043__loss_large__variant_05,p043__loss_large,p043,4,loss_large,2,5,20260606,2146886209,1744130628,564390170,1,1712802465,20,0.5,12.5,58656,58587,12.485295621931261,-0.014704378068739032,0.014704378068739032,1.2137904755647577,39796,469248,0,78,768,689,768,768,589824,120576,58587,58587,0,12.485296,9.932963,241,267,587,553,346,286,98956,0.592051,1.20979,1,58587,58587,58587.0,58587.0,0.0,1.0,0.213107,1.20979,1.20979,False,136,401.22158499325786,400.046460818953,0.523105065180258,0.5279450177359886,bottom_right,0.4505208333333333,0.46808510638297873,0.21088209219858156,False,False,False,False,constant_rgb,255,255,255,data/processed/clean/p043_clean.png,p043__loss_large__variant_05_mask.png,data/processed/masks/mask_robustness/p043__loss_large__variant_05_mask.png,p043__loss_large__variant_05_damaged.png,data/processed/damaged/mask_robustness/p043__loss_large__variant_05_damaged.png,e18e79fb0a876169e1a315935be5e67a403e0c089c60841a2f34e1b6ba3b3fcd,a09b151ac61f4546a3648859b0a0deee86755fe1f75d6e668aa76965dd40428e,3c436d49c3b2864ef8931288a5f2e7c08c202ce3e1f4e25571fb0ff359ecef16,2303,676150,canonical_synthetic_damage_masks,2.0.0,mask_robustness,1.1.0,2026-07-24T22:45:40.741452+00:00,generated,ok,,The Metropolitan Museum of Art,The Card Players,Paul Cézanne,high_texture_brushwork,1.1.0,painting_restoration_50_subset,1.0.0,06_mask_robustness,2026-07-24T22:42:26.283360+00:00,2026-07-24T22:45:40.751505+00:00,194.468145
p043__loss_small__variant_01,p043__loss_small__variant_01,p043__loss_small,p043,4,loss_small,1,1,20260606,2146886209,3451560477,2966034469,2,4163300605,20,0.5,4.5,21116,21097,4.495916871249318,-0.00408312875068173,0.00408312875068173,0.9789155425655881,22026,469248,0,78,768,689,768,768,589824,120576,21097,21097,0,4.495917,3.57683,115,78,738,513,623,435,271005,0.077847,1.432184,7,5341,1500,3013.857143,3057.0,1096.596348,0.253164,1.491748,1.376468,1.555556,True,0,426.8003033606674,239.0330852727876,0.5564541112916133,0.263988664381619,top_right,0.8111979166666666,0.7119476268412439,0.5775304316693944,False,False,True,False,constant_rgb,255,255,255,data/processed/clean/p043_clean.png,p043__loss_small__variant_01_mask.png,data/processed/masks/mask_robustness/p043__loss_small__variant_01_mask.png,p043__loss_small__variant_01_damaged.png,data/processed/damaged/mask_robustness/p043__loss_small__variant_01_damaged.png,e18e79fb0a876169e1a315935be5e67a403e0c089c60841a2f34e1b6ba3b3fcd,1747e18bf44b94aca1e0f398d39a20aa1da05a9bde6940b7e9ea76e90c7066f0,c76b4a9983c3f1ecfb9ad82e851951d184b2769cd7562a7cb0caa1ed470c2166,3583,749303,canonical_synthetic_damage_masks,2.0.0,mask_robustness,1.1.0,2026-07-24T22:45:31.005024+00:00,generated,ok,,The Metropolitan Museum of Art,The Card Players,Paul Cézanne,high_texture_brushwork,1.1.0,painting_restoration_50_subset,1.0.0,06_mask_robustness,2026-07-24T22:42:26.283360+00:00,2026-07-24T22:45:40.751505+00:00,194.468145
p043__loss_small__variant_02,p043__loss_small__variant_02,p043__loss_small,p043,4,loss_small,1,2,20260606,2146886209,3451560477,957394100,1,47415521,20,0.5,4.5,21116,21107,4.498047940534643,-0.0019520594653572587,0.0019520594653572587,1.1058031708171339,17228,469248,0,78,768,689,768,768,589824,120576,21107,21107,0,4.498048,3.578525,6,160,567,551,561,391,219351,0.096225,1.434783,6,4186,2839,3517.833333,3683.0,509.217182,0.198323,1.278642,1.158695,1.356164,False,6,282.9850760411238,344.48059885346095,0.36895055546430744,0.4368534407433786,top_left,0.73046875,0.6399345335515548,0.4674521788052373,False,False,False,False,constant_rgb,255,255,255,data/processed/clean/p043_clean.png,p043__loss_small__variant_02_mask.png,data/processed/masks/mask_robustness/p043__loss_small__variant_02_mask.png,p043__loss_small__variant_02_damaged.png,data/processed/damaged/mask_robustness/p043__loss_small__variant_02_damaged.png,e18e79fb0a876169e1a315935be5e67a403e0c089c60841a2f34e1b6ba3b3fcd,cdb45f73f5fb5dc2a7ac0b80fff2ab664de48e523459cfde9f83f9e2004e23c6,a09aafa8fa7cffd092ffa969c5f5f4e48fe2df473ce791d19880e29d34ca7298,3127,749676,canonical_synthetic_damage_masks,2.0.0,mask_robustness,1.1.0,2026-07-24T22:45:31.762526+00:00,generated,ok,,The Metropolitan Museum of Art,The Card Players,Paul Cézanne,high_texture_brushwork,1.1.0,painting_restoration_50_subset,1.0.0,06_mask_robustness,2026-07-24T22:42:26.283360+00:00,2026-07-24T22:45:40.751505+00:00,194.468145
p043__loss_small__variant_03,p043__loss_small__variant_03,p043__loss_small,p043,4,loss_small,1,3,20260606,2146886209,3451560477,1827782038,1,195253337,20,0.5,4.5,21116,21143,4.5057197899618115,0.00571978996181155,0.00571978996181155,1.3053075066292257,12385,469248,0,78,768,689,768,768,589824,120576,21143,21143,0,4.50572,3.584629,0,109,737,689,737,580,427460,0.049462,1.27069,4,6041,4024,5285.75,5539.0,814.499655,0.285721,0.852428,1.076006,1.218391,True,0,304.3099370950196,416.34034905169557,0.3967535033833372,0.5546563099208124,bottom_left,0.9596354166666666,0.9492635024549918,0.9109468767048554,True,False,False,True,constant_rgb,255,255,255,data/processed/clean/p043_clean.png,p043__loss_small__variant_03_mask.png,data/processed/masks/mask_robustness/p043__loss_small__variant_03_mask.png,p043__loss_small__variant_03_damaged.png,data/processed/damaged/mask_robustness/p043__loss_small__variant_03_damaged.png,e18e79fb0a876169e1a315935be5e67a403e0c089c60841a2f34e1b6ba3b3fcd,97c83bdc2b9c9ca5d846a4b3ea190a8d3c404cefa52ea8c29426a0ffbd843c13,191834ba64a642bda2522159e098a699aca3c6e41a9ae0ec6ff16a6a8f74dc1e,2409,748492,canonical_synthetic_damage_masks,2.0.0,mask_robustness,1.1.0,2026-07-24T22:45:32.607171+00:00,generated,ok,,The Metropolitan Museum of Art,The Card Players,Paul Cézanne,high_texture_brushwork,1.1.0,painting_restoration_50_subset,1.0.0,06_mask_robustness,2026-07-24T22:42:26.283360+00:00,2026-07-24T22:45:40.751505+00:00,194.468145
p043__loss_small__variant_04,p043__loss_small__variant_04,p043__loss_small,p043,4,loss_small,1,4,20260606,2146886209,3451560477,509741152,1,3952308117,20,0.5,4.5,21116,21088,4.493998908892526,-0.006001091107473933,0.006001091107473933,1.243776039228913,13644,469248,0,78,768,689,768,768,589824,120576,21088,21088,0,4.493999,3.575304,95,157,711,689,616,532,327712,0.064349,1.157895,4,7326,3467,5272.0,5147.5,1503.990858,0.347401,0.852428,1.27376,1.643678,True,0,420.1747913505311,398.68029210925647,0.5478158948507577,0.5257053969004204,bottom_right,0.8020833333333334,0.8707037643207856,0.6983769776322968,False,False,False,True,constant_rgb,255,255,255,data/processed/clean/p043_clean.png,p043__loss_small__variant_04_mask.png,data/processed/masks/mask_robustness/p043__loss_small__variant_04_mask.png,p043__loss_small__variant_04_damaged.png,data/processed/damaged/mask_robustness/p043__loss_small__variant_04_damaged.png,e18e79fb0a876169e1a315935be5e67a403e0c089c60841a2f34e1b6ba3b3fcd,017d3690a3e4a41cfe6f7795d9072c0a35aa0554c57a517cecdb894367293fc6,772218257ea93927851da6b25c5f731e499bd8cfcef53a8871d351c91ba368ec,2780,744744,canonical_synthetic_damage_masks,2.0.0,mask_robustness,1.1.0,2026-07-24T22:45:33.413562+00:00,generated,ok,,The Metropolitan Museum of Art,The Card Players,Paul Cézanne,high_texture_brushwork,1.1.0,painting_restoration_50_subset,1.0.0,06_mask_robustness,2026-07-24T22:42:26.283360+00:00,2026-07-24T22:45:40.751505+00:00,194.468145
p043__loss_small__variant_05,p043__loss_small__variant_05,p043__loss_small,p043,4,loss_small,1,5,20260606,2146886209,3451560477,3446449186,1,4274842133,20,0.5,4.5,21116,21128,4.502523186033824,0.0025231860338239542,0.0025231860338239542,1.130846386742713,16521,469248,0,78,768,689,768,768,589824,120576,21128,21128,0,4.502523,3.582086,121,296,757,585,636,289,183804,0.114949,2.200692,6,4595,2939,3521.333333,3421.0,536.070165,0.217484,1.278642,1.162497,1.457627,False,11,448.9489776599773,405.3313138962514,0.5853311312385623,0.5366087113053302,bottom_right,0.828125,0.47299509001636664,0.3916990589198036,False,False,False,False,constant_rgb,255,255,255,data/processed/clean/p043_clean.png,p043__loss_small__variant_05_mask.png,data/processed/masks/mask_robustness/p043__loss_small__variant_05_mask.png,p043__loss_small__variant_05_damaged.png,data/processed/damaged/mask_robustness/p043__loss_small__variant_05_damaged.png,e18e79fb0a876169e1a315935be5e67a403e0c089c60841a2f34e1b6ba3b3fcd,5a48861f1c38b0f85de247d01db210fb501d604551da8808df0a7c06391bd273,bf063521c529e47dc827f4f4541fc937cf37f7acfa026b5619dc47cd66da93ea,2952,746273,canonical_synthetic_damage_masks,2.0.0,mask_robustness,1.1.0,2026-07-24T22:45:34.130964+00:00,generated,ok,,The Metropolitan Museum of Art,The Card Players,Paul Cézanne,high_texture_brushwork,1.1.0,painting_restoration_50_subset,1.0.0,06_mask_robustness,2026-07-24T22:42:26.283360+00:00,2026-07-24T22:45:40.751505+00:00,194.468145
p043__scratch_thin__variant_01,p043__scratch_thin__variant_01,p043__scratch_thin,p043,4,scratch_thin,0,1,20260606,2146886209,1848765308,3346523876,1,671960579,20,0.5,2.0,9385,9410,2.0053361974904527,0.0053361974904526654,0.0053361974904526654,0.8784451288688903,12162,469248,0,78,768,689,768,768,589824,120576,9410,9410,0,2.005336,1.595391,83,122,708,659,625,537,335625,0.028037,1.163873,12,4263,10,784.166667,35.5,1309.751238,0.453029,2.557283,2.461256,5.125,False,30,414.0701381509033,395.2719447396387,0.5398567642123903,0.520117942196129,bottom_right,0.8138020833333334,0.8788870703764321,0.7152401288870703,False,False,False,False,constant_rgb,255,255,255,data/processed/clean/p043_clean.png,p043__scratch_thin__variant_01_mask.png,data/processed/masks/mask_robustness/p043__scratch_thin__variant_01_mask.png,p043__scratch_thin__variant_01_damaged.png,data/processed/damaged/mask_robustness/p043__scratch_thin__variant_01_damaged.png,e18e79fb0a876169e1a315935be5e67a403e0c089c60841a2f34e1b6ba3b3fcd,b41454bc7c6987cc3e97bc15da98ef2b50ea7f06b76817bc5a7cb6b5c709295a,82f813bb46c8564adea5dcde6d08690bed95b27e704203873cf4efbfc039efe1,6777,781861,canonical_synthetic_damage_masks,2.0.0,mask_robustness,1.1.0,2026-07-24T22:45:11.498878+00:00,generated,ok,,The Metropolitan Museum of Art,The Card Players,Paul Cézanne,high_texture_brushwork,1.1.0,painting_restoration_50_subset,1.0.0,06_mask_robustness,2026-07-24T22:42:26.283360+00:00,2026-07-24T22:45:40.751505+00:00,194.468145
p043__scratch_thin__variant_02,p043__scratch_thin__variant_02,p043__scratch_thin,p043,4,scratch_thin,0,2,20260606,2146886209,1848765308,2987822074,1,1862846529,20,0.5,2.0,9385,9386,2.0002216312056738,0.00022163120567375572,0.00022163120567375572,0.8663020592699898,12500,469248,0,78,768,689,768,768,589824,120576,9386,9386,0,2.000222,1.591322,103,143,768,672,665,529,351785,0.026681,1.257089,28,5502,4,335.214286,31.5,1039.418634,0.586192,5.966994,3.490223,10.214286,True,0,506.51448966545917,427.4465160877903,0.6603839500201554,0.5728631411275251,bottom_right,0.8658854166666666,0.8657937806873978,0.749678208537916,False,True,False,False,constant_rgb,255,255,255,data/processed/clean/p043_clean.png,p043__scratch_thin__variant_02_mask.png,data/processed/masks/mask_robustness/p043__scratch_thin__variant_02_mask.png,p043__scratch_thin__variant_02_damaged.png,data/processed/damaged/mask_robustness/p043__scratch_thin__variant_02_damaged.png,e18e79fb0a876169e1a315935be5e67a403e0c089c60841a2f34e1b6ba3b3fcd,67e159988fa3230a77c5c592ac256b3e8fddf43860e4acf216291ace4b96ae03,b96034ca548e6c2e5085e7ab38e8d1317ed845364b34a87b853e686aa917a84c,5823,779205,canonical_synthetic_damage_masks,2.0.0,mask_robustness,1.1.0,2026-07-24T22:45:12.283404+00:00,generated,ok,,The Metropolitan Museum of Art,The Card Players,Paul Cézanne,high_texture_brushwork,1.1.0,painting_restoration_50_subset,1.0.0,06_mask_robustness,2026-07-24T22:42:26.283360+00:00,2026-07-24T22:45:40.751505+00:00,194.468145
p043__scratch_thin__variant_03,p043__scratch_thin__variant_03,p043__scratch_thin,p043,4,scratch_thin,0,3,20260606,2146886209,1848765308,2878468592,1,1355086677,20,0.5,2.0,9385,9437,2.0110900845608293,0.011090084560829272,0.011090084560829272,0.8906486445449475,11831,469248,0,78,768,689,768,768,589824,120576,9437,9437,0,2.01109,1.599969,84,78,768,622,684,544,372096,0.025362,1.257353,20,6634,13,471.85,30.5,1430.239745,0.702978,4.262139,3.763334,15.25,True,0,493.9910988661651,253.38592773127053,0.6440561914813104,0.2875179143135582,top_right,0.890625,0.8903436988543372,0.792962356792144,False,True,True,False,constant_rgb,255,255,255,data/processed/clean/p043_clean.png,p043__scratch_thin__variant_03_mask.png,data/processed/masks/mask_robustness/p043__scratch_thin__variant_03_mask.png,p043__scratch_thin__variant_03_damaged.png,data/processed/damaged/mask_robustness/p043__scratch_thin__variant_03_damaged.png,e18e79fb0a876169e1a315935be5e67a403e0c089c60841a2f34e1b6ba3b3fcd,d56cd6e8e08c020c34a5969b9ecbef0a3ec85360a9862eeb240a3a27662efb01,5a7cef3d0d82ffabd28a499ab8b4dbb6079a811ea06b0564773fe0587b4c2ac8,6193,779887,canonical_synthetic_damage_masks,2.0.0,mask_robustness,1.1.0,2026-07-24T22:45:16.017839+00:00,generated,ok,,The Metropolitan Museum of Art,The Card Players,Paul Cézanne,high_texture_brushwork,1.1.0,painting_restoration_50_subset,1.0.0,06_mask_robustness,2026-07-24T22:42:26.283360+00:00,2026-07-24T22:45:40.751505+00:00,194.468145
p043__scratch_thin__variant_04,p043__scratch_thin__variant_04,p043__scratch_thin,p043,4,scratch_thin,0,4,20260606,2146886209,1848765308,4053144790,1,2410351501,20,0.5,2.0,9385,9378,1.998516775777414,-0.0014832242225859549,0.0014832242225859549,0.9058435413833521,11301,469248,0,78,768,689,768,768,589824,120576,9378,9378,0,1.998517,1.589966,0,78,696,631,696,553,384888,0.024366,1.25859,10,3135,155,937.8,669.5,837.92372,0.334293,2.131069,3.522781,10.7,True,0,303.75495841330775,314.61729579867773,0.3960299327422526,0.38789720622734053,top_left,0.90625,0.9050736497545008,0.8202229950900164,True,False,True,False,constant_rgb,255,255,255,data/processed/clean/p043_clean.png,p043__scratch_thin__variant_04_mask.png,data/processed/masks/mask_robustness/p043__scratch_thin__variant_04_mask.png,p043__scratch_thin__variant_04_damaged.png,data/processed/damaged/mask_robustness/p043__scratch_thin__variant_04_damaged.png,e18e79fb0a876169e1a315935be5e67a403e0c089c60841a2f34e1b6ba3b3fcd,d6698abbf493a33b854d396b08dfed65f1a719b384cbb10fa77b2bc2da8da85f,d630ffcf1c7d00d408a0da1cb319a7ecb0a3edf39eab1d3ed601882e6f0b62e2,5978,780365,canonical_synthetic_damage_masks,2.0.0,mask_robustness,1.1.0,2026-07-24T22:45:16.807328+00:00,generated,ok,,The Metropolitan Museum of Art,The Card Players,Paul Cézanne,high_texture_brushwork,1.1.0,painting_restoration_50_subset,1.0.0,06_mask_robustness,2026-07-24T22:42:26.283360+00:00,2026-07-24T22:45:40.751505+00:00,194.468145
p043__scratch_thin__variant_05,p043__scratch_thin__variant_05,p043__scratch_thin,p043,4,scratch_thin,0,5,20260606,2146886209,1848765308,2679545272,1,2899890344,20,0.5,2.0,9385,8269,1.7621811920349155,-0.23781880796508448,0.23781880796508448,1.0858269201408264,7960,469248,0,78,768,689,768,768,589824,120576,8269,8269,0,1.762181,1.401944,0,78,763,689,763,611,466193,0.017737,1.248773,6,3086,317,1378.166667,1483.5,930.319196,0.373201,1.278642,2.112701,3.914634,True,0,387.7285040512759,436.310194703108,0.5055130430916244,0.5873937618083738,bottom_right,0.9934895833333334,1.0,0.9934895833333334,True,False,True,True,constant_rgb,255,255,255,data/processed/clean/p043_clean.png,p043__scratch_thin__variant_05_mask.png,data/processed/masks/mask_robustness/p043__scratch_thin__variant_05_mask.png,p043__scratch_thin__variant_05_damaged.png,data/processed/damaged/mask_robustness/p043__scratch_thin__variant_05_damaged.png,e18e79fb0a876169e1a315935be5e67a403e0c089c60841a2f34e1b6ba3b3fcd,7803b32af6fb74454e3cc801b8a7c34f8e3a26e58f47bf0f6a93e9a8d742236e,5678b33c86e2d620f653258febb7c5f66aa84fc3a897880e4acbd6ee9b0d7215,4936,777273,canonical_synthetic_damage_masks,2.0.0,mask_robustness,1.1.0,2026-07-24T22:45:24.083107+00:00,generated,ok,,The Metropolitan Museum of Art,The Card Players,Paul Cézanne,high_texture_brushwork,1.1.0,painting_restoration_50_subset,1.0.0,06_mask_robustness,2026-07-24T22:42:26.283360+00:00,2026-07-24T22:45:40.751505+00:00,194.468145
