dataset_name,case_id,painting_id,clean_path,damaged_path,mask_path,source_case_id,restoration_case_id,model_name,algorithm,inpaint_radius,opencv_version,restoration_generator_name,restoration_generator_version,restored_filename,restored_path,restored_sha256,runtime_seconds,started_at_utc,completed_at_utc,output_written,status,issue
canonical,p001_loss_large,p001,data\processed\clean\p001_clean.png,data\processed\masked\p001_loss_large_damaged.png,data\processed\masks\p001_loss_large_mask.png,p001_loss_large,opencv_telea__canonical__p001_loss_large,opencv_telea,cv2.INPAINT_TELEA,3,4.11.0,restoration_eval.restoration_opencv,2.0.0,p001_loss_large_restored_opencv_telea.png,data\processed\restored\opencv_telea\canonical\p001_loss_large_restored_opencv_telea.png,639e64fb1d4f8a415159507ccfb9c6b0603c80c1caf984e5cd85f984826a7dcd,0.6736821999948006,2026-07-23T21:49:59.693251+00:00,2026-07-23T21:50:00.372602+00:00,True,ok,
canonical,p001_loss_small,p001,data\processed\clean\p001_clean.png,data\processed\masked\p001_loss_small_damaged.png,data\processed\masks\p001_loss_small_mask.png,p001_loss_small,opencv_telea__canonical__p001_loss_small,opencv_telea,cv2.INPAINT_TELEA,3,4.11.0,restoration_eval.restoration_opencv,2.0.0,p001_loss_small_restored_opencv_telea.png,data\processed\restored\opencv_telea\canonical\p001_loss_small_restored_opencv_telea.png,9ca25afc6fe610869099a490a009e70c2b0696e60d96298ffeacd25f207ae6c0,0.6056810999871232,2026-07-23T21:50:00.374161+00:00,2026-07-23T21:50:00.976351+00:00,True,ok,
canonical,p001_mixed_damage,p001,data\processed\clean\p001_clean.png,data\processed\masked\p001_mixed_damage_damaged.png,data\processed\masks\p001_mixed_damage_mask.png,p001_mixed_damage,opencv_telea__canonical__p001_mixed_damage,opencv_telea,cv2.INPAINT_TELEA,3,4.11.0,restoration_eval.restoration_opencv,2.0.0,p001_mixed_damage_restored_opencv_telea.png,data\processed\restored\opencv_telea\canonical\p001_mixed_damage_restored_opencv_telea.png,fd4613e40ee236062d4b617a527b1a70d8741fc89278d54ec79b3d8e91bc22df,0.6597533000167459,2026-07-23T21:50:00.976351+00:00,2026-07-23T21:50:01.641517+00:00,True,ok,
canonical,p001_scratch_thin,p001,data\processed\clean\p001_clean.png,data\processed\masked\p001_scratch_thin_damaged.png,data\processed\masks\p001_scratch_thin_mask.png,p001_scratch_thin,opencv_telea__canonical__p001_scratch_thin,opencv_telea,cv2.INPAINT_TELEA,3,4.11.0,restoration_eval.restoration_opencv,2.0.0,p001_scratch_thin_restored_opencv_telea.png,data\processed\restored\opencv_telea\canonical\p001_scratch_thin_restored_opencv_telea.png,8bce491aa480fa0474e9a81ef389c7a57d527d0271db6f1ea257a142e5fa10c0,0.615679500013357,2026-07-23T21:50:01.641517+00:00,2026-07-23T21:50:02.260072+00:00,True,ok,
canonical,p001_zero_control,p001,data\processed\clean\p001_clean.png,data\processed\masked\p001_zero_control_damaged.png,data\processed\masks\p001_zero_control_mask.png,p001_zero_control,opencv_telea__canonical__p001_zero_control,opencv_telea,cv2.INPAINT_TELEA,3,4.11.0,restoration_eval.restoration_opencv,2.0.0,p001_zero_control_restored_opencv_telea.png,data\processed\restored\opencv_telea\canonical\p001_zero_control_restored_opencv_telea.png,b5852f0337c8342a1a70268f9e9f682534177581d238713f67bf28e0033482a2,0.56841879998683,2026-07-23T21:50:02.260072+00:00,2026-07-23T21:50:02.831169+00:00,True,ok,
canonical,p002_loss_large,p002,data\processed\clean\p002_clean.png,data\processed\masked\p002_loss_large_damaged.png,data\processed\masks\p002_loss_large_mask.png,p002_loss_large,opencv_telea__canonical__p002_loss_large,opencv_telea,cv2.INPAINT_TELEA,3,4.11.0,restoration_eval.restoration_opencv,2.0.0,p002_loss_large_restored_opencv_telea.png,data\processed\restored\opencv_telea\canonical\p002_loss_large_restored_opencv_telea.png,6d898f41da5afc60adc9eec311a8a3644aa099318ffbb9c7ae7dadc50c68a928,0.4079908999847248,2026-07-23T21:50:02.831169+00:00,2026-07-23T21:50:03.240836+00:00,True,ok,
canonical,p002_loss_small,p002,data\processed\clean\p002_clean.png,data\processed\masked\p002_loss_small_damaged.png,data\processed\masks\p002_loss_small_mask.png,p002_loss_small,opencv_telea__canonical__p002_loss_small,opencv_telea,cv2.INPAINT_TELEA,3,4.11.0,restoration_eval.restoration_opencv,2.0.0,p002_loss_small_restored_opencv_telea.png,data\processed\restored\opencv_telea\canonical\p002_loss_small_restored_opencv_telea.png,05f4b9a3fd57ac20dc40741fd956f9537bbd7865b437d69547e909ece20639a2,0.38456310000037774,2026-07-23T21:50:03.244528+00:00,2026-07-23T21:50:03.625764+00:00,True,ok,
canonical,p002_mixed_damage,p002,data\processed\clean\p002_clean.png,data\processed\masked\p002_mixed_damage_damaged.png,data\processed\masks\p002_mixed_damage_mask.png,p002_mixed_damage,opencv_telea__canonical__p002_mixed_damage,opencv_telea,cv2.INPAINT_TELEA,3,4.11.0,restoration_eval.restoration_opencv,2.0.0,p002_mixed_damage_restored_opencv_telea.png,data\processed\restored\opencv_telea\canonical\p002_mixed_damage_restored_opencv_telea.png,598c5122e16f68ca58bdf317b709cc75eca6b08267041ee2b8c96886d0628989,0.42674110000371,2026-07-23T21:50:03.625764+00:00,2026-07-23T21:50:04.055074+00:00,True,ok,
canonical,p002_scratch_thin,p002,data\processed\clean\p002_clean.png,data\processed\masked\p002_scratch_thin_damaged.png,data\processed\masks\p002_scratch_thin_mask.png,p002_scratch_thin,opencv_telea__canonical__p002_scratch_thin,opencv_telea,cv2.INPAINT_TELEA,3,4.11.0,restoration_eval.restoration_opencv,2.0.0,p002_scratch_thin_restored_opencv_telea.png,data\processed\restored\opencv_telea\canonical\p002_scratch_thin_restored_opencv_telea.png,94139be5841b275558228598dfb2b8ef4570eb4f9cc72317bdaaf67244ac02c7,0.3741318999964278,2026-07-23T21:50:04.055074+00:00,2026-07-23T21:50:04.436217+00:00,True,ok,
canonical,p002_zero_control,p002,data\processed\clean\p002_clean.png,data\processed\masked\p002_zero_control_damaged.png,data\processed\masks\p002_zero_control_mask.png,p002_zero_control,opencv_telea__canonical__p002_zero_control,opencv_telea,cv2.INPAINT_TELEA,3,4.11.0,restoration_eval.restoration_opencv,2.0.0,p002_zero_control_restored_opencv_telea.png,data\processed\restored\opencv_telea\canonical\p002_zero_control_restored_opencv_telea.png,3f173a947e4c2be2ebdc267f0c852f490981bc81da6c4e55a0b3b85f559a503a,0.3309688000008464,2026-07-23T21:50:04.438232+00:00,2026-07-23T21:50:04.766054+00:00,True,ok,
canonical,p003_loss_large,p003,data\processed\clean\p003_clean.png,data\processed\masked\p003_loss_large_damaged.png,data\processed\masks\p003_loss_large_mask.png,p003_loss_large,opencv_telea__canonical__p003_loss_large,opencv_telea,cv2.INPAINT_TELEA,3,4.11.0,restoration_eval.restoration_opencv,2.0.0,p003_loss_large_restored_opencv_telea.png,data\processed\restored\opencv_telea\canonical\p003_loss_large_restored_opencv_telea.png,d8a3084c8c678aed883faf4d74864f080d5b350e701b79cff5786e12cb5845b0,0.635543400014285,2026-07-23T21:50:04.771980+00:00,2026-07-23T21:50:05.405914+00:00,True,ok,
canonical,p003_loss_small,p003,data\processed\clean\p003_clean.png,data\processed\masked\p003_loss_small_damaged.png,data\processed\masks\p003_loss_small_mask.png,p003_loss_small,opencv_telea__canonical__p003_loss_small,opencv_telea,cv2.INPAINT_TELEA,3,4.11.0,restoration_eval.restoration_opencv,2.0.0,p003_loss_small_restored_opencv_telea.png,data\processed\restored\opencv_telea\canonical\p003_loss_small_restored_opencv_telea.png,d221aad7b7a67f9b62ec657cae56c22194e86d4aa90edd0b03e3f5338b807ca0,0.5655552000098396,2026-07-23T21:50:05.405914+00:00,2026-07-23T21:50:05.971483+00:00,True,ok,
canonical,p003_mixed_damage,p003,data\processed\clean\p003_clean.png,data\processed\masked\p003_mixed_damage_damaged.png,data\processed\masks\p003_mixed_damage_mask.png,p003_mixed_damage,opencv_telea__canonical__p003_mixed_damage,opencv_telea,cv2.INPAINT_TELEA,3,4.11.0,restoration_eval.restoration_opencv,2.0.0,p003_mixed_damage_restored_opencv_telea.png,data\processed\restored\opencv_telea\canonical\p003_mixed_damage_restored_opencv_telea.png,bc1ae4b93bd29af8dd78196e06c1bf23d7bedafdf07df7246b6b0d2773b505b1,0.610916499979794,2026-07-23T21:50:05.978134+00:00,2026-07-23T21:50:06.586486+00:00,True,ok,
canonical,p003_scratch_thin,p003,data\processed\clean\p003_clean.png,data\processed\masked\p003_scratch_thin_damaged.png,data\processed\masks\p003_scratch_thin_mask.png,p003_scratch_thin,opencv_telea__canonical__p003_scratch_thin,opencv_telea,cv2.INPAINT_TELEA,3,4.11.0,restoration_eval.restoration_opencv,2.0.0,p003_scratch_thin_restored_opencv_telea.png,data\processed\restored\opencv_telea\canonical\p003_scratch_thin_restored_opencv_telea.png,06a2e515d7347f9f241f109588dce66a9a543a748568a0b59f7b4903a5f56d0f,0.5496482999878936,2026-07-23T21:50:06.590462+00:00,2026-07-23T21:50:07.140742+00:00,True,ok,
canonical,p003_zero_control,p003,data\processed\clean\p003_clean.png,data\processed\masked\p003_zero_control_damaged.png,data\processed\masks\p003_zero_control_mask.png,p003_zero_control,opencv_telea__canonical__p003_zero_control,opencv_telea,cv2.INPAINT_TELEA,3,4.11.0,restoration_eval.restoration_opencv,2.0.0,p003_zero_control_restored_opencv_telea.png,data\processed\restored\opencv_telea\canonical\p003_zero_control_restored_opencv_telea.png,1e2ef6b59b4383d7d44ce2f9bb016c126633d2c3e4f39b14f47ed85f371f377b,0.5169962999934796,2026-07-23T21:50:07.140742+00:00,2026-07-23T21:50:07.649770+00:00,True,ok,
canonical,p004_loss_large,p004,data\processed\clean\p004_clean.png,data\processed\masked\p004_loss_large_damaged.png,data\processed\masks\p004_loss_large_mask.png,p004_loss_large,opencv_telea__canonical__p004_loss_large,opencv_telea,cv2.INPAINT_TELEA,3,4.11.0,restoration_eval.restoration_opencv,2.0.0,p004_loss_large_restored_opencv_telea.png,data\processed\restored\opencv_telea\canonical\p004_loss_large_restored_opencv_telea.png,06683eacccc16c86ae1e77542bebfaa512e8a361e280009685319f04c65e17d5,0.4476933999976609,2026-07-23T21:50:07.661652+00:00,2026-07-23T21:50:08.106175+00:00,True,ok,
canonical,p004_loss_small,p004,data\processed\clean\p004_clean.png,data\processed\masked\p004_loss_small_damaged.png,data\processed\masks\p004_loss_small_mask.png,p004_loss_small,opencv_telea__canonical__p004_loss_small,opencv_telea,cv2.INPAINT_TELEA,3,4.11.0,restoration_eval.restoration_opencv,2.0.0,p004_loss_small_restored_opencv_telea.png,data\processed\restored\opencv_telea\canonical\p004_loss_small_restored_opencv_telea.png,b34f37bfbbd4903a2300de5c5630de8ee63f1b67c642965396fe84ddcfd807fc,0.370485399995232,2026-07-23T21:50:08.112134+00:00,2026-07-23T21:50:08.483445+00:00,True,ok,
canonical,p004_mixed_damage,p004,data\processed\clean\p004_clean.png,data\processed\masked\p004_mixed_damage_damaged.png,data\processed\masks\p004_mixed_damage_mask.png,p004_mixed_damage,opencv_telea__canonical__p004_mixed_damage,opencv_telea,cv2.INPAINT_TELEA,3,4.11.0,restoration_eval.restoration_opencv,2.0.0,p004_mixed_damage_restored_opencv_telea.png,data\processed\restored\opencv_telea\canonical\p004_mixed_damage_restored_opencv_telea.png,4dc60df53662c0f74fd2f40c112c6890b71ccc91001729fbbd8f506da26d2c7a,0.43242019999888726,2026-07-23T21:50:08.485456+00:00,2026-07-23T21:50:08.917647+00:00,True,ok,
canonical,p004_scratch_thin,p004,data\processed\clean\p004_clean.png,data\processed\masked\p004_scratch_thin_damaged.png,data\processed\masks\p004_scratch_thin_mask.png,p004_scratch_thin,opencv_telea__canonical__p004_scratch_thin,opencv_telea,cv2.INPAINT_TELEA,3,4.11.0,restoration_eval.restoration_opencv,2.0.0,p004_scratch_thin_restored_opencv_telea.png,data\processed\restored\opencv_telea\canonical\p004_scratch_thin_restored_opencv_telea.png,68abf2c872d6c40bfef2b69643212f6daed238c9af1c02fd62196ff45f98ddc7,0.34635169999091886,2026-07-23T21:50:08.917647+00:00,2026-07-23T21:50:09.267045+00:00,True,ok,
canonical,p004_zero_control,p004,data\processed\clean\p004_clean.png,data\processed\masked\p004_zero_control_damaged.png,data\processed\masks\p004_zero_control_mask.png,p004_zero_control,opencv_telea__canonical__p004_zero_control,opencv_telea,cv2.INPAINT_TELEA,3,4.11.0,restoration_eval.restoration_opencv,2.0.0,p004_zero_control_restored_opencv_telea.png,data\processed\restored\opencv_telea\canonical\p004_zero_control_restored_opencv_telea.png,ae8cfa01d84bd2e8c2f41cfdfe1cb25b6f2abf3430135165255c071c08e2ee97,0.3203994999930728,2026-07-23T21:50:09.269058+00:00,2026-07-23T21:50:09.584507+00:00,True,ok,
canonical,p005_loss_large,p005,data\processed\clean\p005_clean.png,data\processed\masked\p005_loss_large_damaged.png,data\processed\masks\p005_loss_large_mask.png,p005_loss_large,opencv_telea__canonical__p005_loss_large,opencv_telea,cv2.INPAINT_TELEA,3,4.11.0,restoration_eval.restoration_opencv,2.0.0,p005_loss_large_restored_opencv_telea.png,data\processed\restored\opencv_telea\canonical\p005_loss_large_restored_opencv_telea.png,50d61c4a4f103c7eece2b7d9821944a44ec1e1b9ed0f9803b78de1376227e048,0.49234440000145696,2026-07-23T21:50:09.584507+00:00,2026-07-23T21:50:10.078987+00:00,True,ok,
canonical,p005_loss_small,p005,data\processed\clean\p005_clean.png,data\processed\masked\p005_loss_small_damaged.png,data\processed\masks\p005_loss_small_mask.png,p005_loss_small,opencv_telea__canonical__p005_loss_small,opencv_telea,cv2.INPAINT_TELEA,3,4.11.0,restoration_eval.restoration_opencv,2.0.0,p005_loss_small_restored_opencv_telea.png,data\processed\restored\opencv_telea\canonical\p005_loss_small_restored_opencv_telea.png,daa7e7c9658e47f4782c9a899851b6e7ac666366d5d22719e7c914008ba1eb0b,0.4093478999857325,2026-07-23T21:50:10.078987+00:00,2026-07-23T21:50:10.490893+00:00,True,ok,
canonical,p005_mixed_damage,p005,data\processed\clean\p005_clean.png,data\processed\masked\p005_mixed_damage_damaged.png,data\processed\masks\p005_mixed_damage_mask.png,p005_mixed_damage,opencv_telea__canonical__p005_mixed_damage,opencv_telea,cv2.INPAINT_TELEA,3,4.11.0,restoration_eval.restoration_opencv,2.0.0,p005_mixed_damage_restored_opencv_telea.png,data\processed\restored\opencv_telea\canonical\p005_mixed_damage_restored_opencv_telea.png,ff5a86dea3b8667ac4f17ba658f7325103f492a0c3b8d873dc9348d3fd4ead72,0.4610044999863021,2026-07-23T21:50:10.490893+00:00,2026-07-23T21:50:10.954035+00:00,True,ok,
canonical,p005_scratch_thin,p005,data\processed\clean\p005_clean.png,data\processed\masked\p005_scratch_thin_damaged.png,data\processed\masks\p005_scratch_thin_mask.png,p005_scratch_thin,opencv_telea__canonical__p005_scratch_thin,opencv_telea,cv2.INPAINT_TELEA,3,4.11.0,restoration_eval.restoration_opencv,2.0.0,p005_scratch_thin_restored_opencv_telea.png,data\processed\restored\opencv_telea\canonical\p005_scratch_thin_restored_opencv_telea.png,f6d88c3600c49042ea7b59be4c552668b0f9d443cdb0c52d0deba17e50e1a276,0.4103305000171531,2026-07-23T21:50:10.954035+00:00,2026-07-23T21:50:11.366672+00:00,True,ok,
canonical,p005_zero_control,p005,data\processed\clean\p005_clean.png,data\processed\masked\p005_zero_control_damaged.png,data\processed\masks\p005_zero_control_mask.png,p005_zero_control,opencv_telea__canonical__p005_zero_control,opencv_telea,cv2.INPAINT_TELEA,3,4.11.0,restoration_eval.restoration_opencv,2.0.0,p005_zero_control_restored_opencv_telea.png,data\processed\restored\opencv_telea\canonical\p005_zero_control_restored_opencv_telea.png,da4c53324f40a8a662edb554ee6215db2a53bcb94fcdb7d6bdd3017175a47199,0.3638224999886006,2026-07-23T21:50:11.373240+00:00,2026-07-23T21:50:11.733423+00:00,True,ok,
canonical,p006_loss_large,p006,data\processed\clean\p006_clean.png,data\processed\masked\p006_loss_large_damaged.png,data\processed\masks\p006_loss_large_mask.png,p006_loss_large,opencv_telea__canonical__p006_loss_large,opencv_telea,cv2.INPAINT_TELEA,3,4.11.0,restoration_eval.restoration_opencv,2.0.0,p006_loss_large_restored_opencv_telea.png,data\processed\restored\opencv_telea\canonical\p006_loss_large_restored_opencv_telea.png,b56a559b904b8525e5a896644c20cd1398cf32c4e77f3fbdc9a22b63f20155bb,0.5980486999906134,2026-07-23T21:50:11.733423+00:00,2026-07-23T21:50:12.339920+00:00,True,ok,
canonical,p006_loss_small,p006,data\processed\clean\p006_clean.png,data\processed\masked\p006_loss_small_damaged.png,data\processed\masks\p006_loss_small_mask.png,p006_loss_small,opencv_telea__canonical__p006_loss_small,opencv_telea,cv2.INPAINT_TELEA,3,4.11.0,restoration_eval.restoration_opencv,2.0.0,p006_loss_small_restored_opencv_telea.png,data\processed\restored\opencv_telea\canonical\p006_loss_small_restored_opencv_telea.png,7a917d6a3b90bd22e5fc39c2e4a5db7b18df896a3a9be67bbfe785ba3b174d5e,0.5160932999860961,2026-07-23T21:50:12.339920+00:00,2026-07-23T21:50:12.847262+00:00,True,ok,
canonical,p006_mixed_damage,p006,data\processed\clean\p006_clean.png,data\processed\masked\p006_mixed_damage_damaged.png,data\processed\masks\p006_mixed_damage_mask.png,p006_mixed_damage,opencv_telea__canonical__p006_mixed_damage,opencv_telea,cv2.INPAINT_TELEA,3,4.11.0,restoration_eval.restoration_opencv,2.0.0,p006_mixed_damage_restored_opencv_telea.png,data\processed\restored\opencv_telea\canonical\p006_mixed_damage_restored_opencv_telea.png,25068a59a975594d3f20677b410917cc6e5a62cdab054c666939b6b2825ea4cc,0.5725832000025548,2026-07-23T21:50:12.847262+00:00,2026-07-23T21:50:13.432493+00:00,True,ok,
canonical,p006_scratch_thin,p006,data\processed\clean\p006_clean.png,data\processed\masked\p006_scratch_thin_damaged.png,data\processed\masks\p006_scratch_thin_mask.png,p006_scratch_thin,opencv_telea__canonical__p006_scratch_thin,opencv_telea,cv2.INPAINT_TELEA,3,4.11.0,restoration_eval.restoration_opencv,2.0.0,p006_scratch_thin_restored_opencv_telea.png,data\processed\restored\opencv_telea\canonical\p006_scratch_thin_restored_opencv_telea.png,0ec641f1e1f571670db34f21fd229617e0f2b24b972e84b143ec37177ca1ca84,0.515305700013414,2026-07-23T21:50:13.434503+00:00,2026-07-23T21:50:13.941129+00:00,True,ok,
canonical,p006_zero_control,p006,data\processed\clean\p006_clean.png,data\processed\masked\p006_zero_control_damaged.png,data\processed\masks\p006_zero_control_mask.png,p006_zero_control,opencv_telea__canonical__p006_zero_control,opencv_telea,cv2.INPAINT_TELEA,3,4.11.0,restoration_eval.restoration_opencv,2.0.0,p006_zero_control_restored_opencv_telea.png,data\processed\restored\opencv_telea\canonical\p006_zero_control_restored_opencv_telea.png,fabead74b973d925a3692b0c10f8c1ddb90e140172f620c0201cdbdcc1759112,0.47085390001302585,2026-07-23T21:50:13.941129+00:00,2026-07-23T21:50:14.419587+00:00,True,ok,
canonical,p007_loss_large,p007,data\processed\clean\p007_clean.png,data\processed\masked\p007_loss_large_damaged.png,data\processed\masks\p007_loss_large_mask.png,p007_loss_large,opencv_telea__canonical__p007_loss_large,opencv_telea,cv2.INPAINT_TELEA,3,4.11.0,restoration_eval.restoration_opencv,2.0.0,p007_loss_large_restored_opencv_telea.png,data\processed\restored\opencv_telea\canonical\p007_loss_large_restored_opencv_telea.png,2f943e4d5f3bf259485054402ef3fa4396836c3e40f7d674b6ff64cbb023869d,0.5170199999993201,2026-07-23T21:50:14.419587+00:00,2026-07-23T21:50:14.942257+00:00,True,ok,
canonical,p007_loss_small,p007,data\processed\clean\p007_clean.png,data\processed\masked\p007_loss_small_damaged.png,data\processed\masks\p007_loss_small_mask.png,p007_loss_small,opencv_telea__canonical__p007_loss_small,opencv_telea,cv2.INPAINT_TELEA,3,4.11.0,restoration_eval.restoration_opencv,2.0.0,p007_loss_small_restored_opencv_telea.png,data\processed\restored\opencv_telea\canonical\p007_loss_small_restored_opencv_telea.png,d26230eb44f78534c9b9c8eec1c38a8ea4af2e90b35aa5ef1a9cc94e8c2314a5,0.4718342999985907,2026-07-23T21:50:14.946019+00:00,2026-07-23T21:50:15.413603+00:00,True,ok,
canonical,p007_mixed_damage,p007,data\processed\clean\p007_clean.png,data\processed\masked\p007_mixed_damage_damaged.png,data\processed\masks\p007_mixed_damage_mask.png,p007_mixed_damage,opencv_telea__canonical__p007_mixed_damage,opencv_telea,cv2.INPAINT_TELEA,3,4.11.0,restoration_eval.restoration_opencv,2.0.0,p007_mixed_damage_restored_opencv_telea.png,data\processed\restored\opencv_telea\canonical\p007_mixed_damage_restored_opencv_telea.png,9ff5513027642161ed16f51d536b2df93f7ba0a2df04262626c45409d6fc9d2f,0.513670300017111,2026-07-23T21:50:15.413603+00:00,2026-07-23T21:50:15.930622+00:00,True,ok,
canonical,p007_scratch_thin,p007,data\processed\clean\p007_clean.png,data\processed\masked\p007_scratch_thin_damaged.png,data\processed\masks\p007_scratch_thin_mask.png,p007_scratch_thin,opencv_telea__canonical__p007_scratch_thin,opencv_telea,cv2.INPAINT_TELEA,3,4.11.0,restoration_eval.restoration_opencv,2.0.0,p007_scratch_thin_restored_opencv_telea.png,data\processed\restored\opencv_telea\canonical\p007_scratch_thin_restored_opencv_telea.png,d71aa8c2b9d48305512a17976d945d5e830badc3668aba234ae45d2cb18e663e,0.4636218999803532,2026-07-23T21:50:15.930622+00:00,2026-07-23T21:50:16.395498+00:00,True,ok,
canonical,p007_zero_control,p007,data\processed\clean\p007_clean.png,data\processed\masked\p007_zero_control_damaged.png,data\processed\masks\p007_zero_control_mask.png,p007_zero_control,opencv_telea__canonical__p007_zero_control,opencv_telea,cv2.INPAINT_TELEA,3,4.11.0,restoration_eval.restoration_opencv,2.0.0,p007_zero_control_restored_opencv_telea.png,data\processed\restored\opencv_telea\canonical\p007_zero_control_restored_opencv_telea.png,2bcf441cb323a10c065c7ae9593adc957bc5087f516bfd19637b39d702c9f843,0.4331987999903504,2026-07-23T21:50:16.395498+00:00,2026-07-23T21:50:16.821716+00:00,True,ok,
canonical,p008_loss_large,p008,data\processed\clean\p008_clean.png,data\processed\masked\p008_loss_large_damaged.png,data\processed\masks\p008_loss_large_mask.png,p008_loss_large,opencv_telea__canonical__p008_loss_large,opencv_telea,cv2.INPAINT_TELEA,3,4.11.0,restoration_eval.restoration_opencv,2.0.0,p008_loss_large_restored_opencv_telea.png,data\processed\restored\opencv_telea\canonical\p008_loss_large_restored_opencv_telea.png,ddea8cef6eebc329dd757f7f06a20acac136beefdd54af119056838a7acfb395,0.528677800000878,2026-07-23T21:50:16.837698+00:00,2026-07-23T21:50:17.365788+00:00,True,ok,
canonical,p008_loss_small,p008,data\processed\clean\p008_clean.png,data\processed\masked\p008_loss_small_damaged.png,data\processed\masks\p008_loss_small_mask.png,p008_loss_small,opencv_telea__canonical__p008_loss_small,opencv_telea,cv2.INPAINT_TELEA,3,4.11.0,restoration_eval.restoration_opencv,2.0.0,p008_loss_small_restored_opencv_telea.png,data\processed\restored\opencv_telea\canonical\p008_loss_small_restored_opencv_telea.png,d17418bc094e4c1dc9c3d4dcf1635cb1bb66af290d99a86eec7937cb0ec9b6ab,0.5019466999801807,2026-07-23T21:50:17.369810+00:00,2026-07-23T21:50:17.871125+00:00,True,ok,
canonical,p008_mixed_damage,p008,data\processed\clean\p008_clean.png,data\processed\masked\p008_mixed_damage_damaged.png,data\processed\masks\p008_mixed_damage_mask.png,p008_mixed_damage,opencv_telea__canonical__p008_mixed_damage,opencv_telea,cv2.INPAINT_TELEA,3,4.11.0,restoration_eval.restoration_opencv,2.0.0,p008_mixed_damage_restored_opencv_telea.png,data\processed\restored\opencv_telea\canonical\p008_mixed_damage_restored_opencv_telea.png,daa4a9faa49d9f089a657645fae2fbf3c0b5ce571bfe474245d979c1ceb61e2a,0.5254119000164792,2026-07-23T21:50:17.871125+00:00,2026-07-23T21:50:18.395286+00:00,True,ok,
canonical,p008_scratch_thin,p008,data\processed\clean\p008_clean.png,data\processed\masked\p008_scratch_thin_damaged.png,data\processed\masks\p008_scratch_thin_mask.png,p008_scratch_thin,opencv_telea__canonical__p008_scratch_thin,opencv_telea,cv2.INPAINT_TELEA,3,4.11.0,restoration_eval.restoration_opencv,2.0.0,p008_scratch_thin_restored_opencv_telea.png,data\processed\restored\opencv_telea\canonical\p008_scratch_thin_restored_opencv_telea.png,fc6b38d4a3fce1c6f30907c1685f1d707aba90f3cdfcdbc3398f4d3e4b3f921f,0.4741711000096984,2026-07-23T21:50:18.395286+00:00,2026-07-23T21:50:18.873424+00:00,True,ok,
canonical,p008_zero_control,p008,data\processed\clean\p008_clean.png,data\processed\masked\p008_zero_control_damaged.png,data\processed\masks\p008_zero_control_mask.png,p008_zero_control,opencv_telea__canonical__p008_zero_control,opencv_telea,cv2.INPAINT_TELEA,3,4.11.0,restoration_eval.restoration_opencv,2.0.0,p008_zero_control_restored_opencv_telea.png,data\processed\restored\opencv_telea\canonical\p008_zero_control_restored_opencv_telea.png,c346dd6fbd7aaba5e4f4847809473527e96122d3b838931bb703c94ddebd5b6b,0.43572810001205653,2026-07-23T21:50:18.873424+00:00,2026-07-23T21:50:19.302888+00:00,True,ok,
canonical,p009_loss_large,p009,data\processed\clean\p009_clean.png,data\processed\masked\p009_loss_large_damaged.png,data\processed\masks\p009_loss_large_mask.png,p009_loss_large,opencv_telea__canonical__p009_loss_large,opencv_telea,cv2.INPAINT_TELEA,3,4.11.0,restoration_eval.restoration_opencv,2.0.0,p009_loss_large_restored_opencv_telea.png,data\processed\restored\opencv_telea\canonical\p009_loss_large_restored_opencv_telea.png,eb4f164c348cb95f84f22c7e44aa56dd92715b2809236ea8c45e2adeeb6c8abe,0.3934962999774143,2026-07-23T21:50:19.302888+00:00,2026-07-23T21:50:19.700294+00:00,True,ok,
canonical,p009_loss_small,p009,data\processed\clean\p009_clean.png,data\processed\masked\p009_loss_small_damaged.png,data\processed\masks\p009_loss_small_mask.png,p009_loss_small,opencv_telea__canonical__p009_loss_small,opencv_telea,cv2.INPAINT_TELEA,3,4.11.0,restoration_eval.restoration_opencv,2.0.0,p009_loss_small_restored_opencv_telea.png,data\processed\restored\opencv_telea\canonical\p009_loss_small_restored_opencv_telea.png,75949abd2a97dfb296b3e178722802517aeda3871b0b513d473344002301b908,0.3069275000016205,2026-07-23T21:50:19.700294+00:00,2026-07-23T21:50:20.019491+00:00,True,ok,
canonical,p009_mixed_damage,p009,data\processed\clean\p009_clean.png,data\processed\masked\p009_mixed_damage_damaged.png,data\processed\masks\p009_mixed_damage_mask.png,p009_mixed_damage,opencv_telea__canonical__p009_mixed_damage,opencv_telea,cv2.INPAINT_TELEA,3,4.11.0,restoration_eval.restoration_opencv,2.0.0,p009_mixed_damage_restored_opencv_telea.png,data\processed\restored\opencv_telea\canonical\p009_mixed_damage_restored_opencv_telea.png,a6c787cae0f2601ba231700c462acd33769bf5bcfea1e75cb4bbe89e37762fe6,0.3601157999946736,2026-07-23T21:50:20.019491+00:00,2026-07-23T21:50:20.376266+00:00,True,ok,
canonical,p009_scratch_thin,p009,data\processed\clean\p009_clean.png,data\processed\masked\p009_scratch_thin_damaged.png,data\processed\masks\p009_scratch_thin_mask.png,p009_scratch_thin,opencv_telea__canonical__p009_scratch_thin,opencv_telea,cv2.INPAINT_TELEA,3,4.11.0,restoration_eval.restoration_opencv,2.0.0,p009_scratch_thin_restored_opencv_telea.png,data\processed\restored\opencv_telea\canonical\p009_scratch_thin_restored_opencv_telea.png,644264594d18fa2b2751693eca966d6c7e714fd5b043c0737128cdc2f35f546b,0.30402589999721386,2026-07-23T21:50:20.383695+00:00,2026-07-23T21:50:20.684368+00:00,True,ok,
canonical,p009_zero_control,p009,data\processed\clean\p009_clean.png,data\processed\masked\p009_zero_control_damaged.png,data\processed\masks\p009_zero_control_mask.png,p009_zero_control,opencv_telea__canonical__p009_zero_control,opencv_telea,cv2.INPAINT_TELEA,3,4.11.0,restoration_eval.restoration_opencv,2.0.0,p009_zero_control_restored_opencv_telea.png,data\processed\restored\opencv_telea\canonical\p009_zero_control_restored_opencv_telea.png,570a1d0e79bb7935e3f4a497e5ca62b1fc34973cc2a12b1e4e1cee5d78391e4a,0.27823769999668,2026-07-23T21:50:20.684368+00:00,2026-07-23T21:50:20.955704+00:00,True,ok,
canonical,p010_loss_large,p010,data\processed\clean\p010_clean.png,data\processed\masked\p010_loss_large_damaged.png,data\processed\masks\p010_loss_large_mask.png,p010_loss_large,opencv_telea__canonical__p010_loss_large,opencv_telea,cv2.INPAINT_TELEA,3,4.11.0,restoration_eval.restoration_opencv,2.0.0,p010_loss_large_restored_opencv_telea.png,data\processed\restored\opencv_telea\canonical\p010_loss_large_restored_opencv_telea.png,18b0112455e2e6535ab0d158ef6ac17b348999ddfcc2eb09e240b73045f5e2d2,0.49371029998292215,2026-07-23T21:50:20.971451+00:00,2026-07-23T21:50:21.464415+00:00,True,ok,
canonical,p010_loss_small,p010,data\processed\clean\p010_clean.png,data\processed\masked\p010_loss_small_damaged.png,data\processed\masks\p010_loss_small_mask.png,p010_loss_small,opencv_telea__canonical__p010_loss_small,opencv_telea,cv2.INPAINT_TELEA,3,4.11.0,restoration_eval.restoration_opencv,2.0.0,p010_loss_small_restored_opencv_telea.png,data\processed\restored\opencv_telea\canonical\p010_loss_small_restored_opencv_telea.png,951578dfbe88eff973b6e45448cca71a83cd59eed11ea3e84298b1ecea44a852,0.387124800006859,2026-07-23T21:50:21.464415+00:00,2026-07-23T21:50:21.852495+00:00,True,ok,
canonical,p010_mixed_damage,p010,data\processed\clean\p010_clean.png,data\processed\masked\p010_mixed_damage_damaged.png,data\processed\masks\p010_mixed_damage_mask.png,p010_mixed_damage,opencv_telea__canonical__p010_mixed_damage,opencv_telea,cv2.INPAINT_TELEA,3,4.11.0,restoration_eval.restoration_opencv,2.0.0,p010_mixed_damage_restored_opencv_telea.png,data\processed\restored\opencv_telea\canonical\p010_mixed_damage_restored_opencv_telea.png,c55d94577d16275ea067ed67def2a88870e0282d0cf74dfff8e480817be5ee1c,0.4379008999967482,2026-07-23T21:50:21.852495+00:00,2026-07-23T21:50:22.292979+00:00,True,ok,
canonical,p010_scratch_thin,p010,data\processed\clean\p010_clean.png,data\processed\masked\p010_scratch_thin_damaged.png,data\processed\masks\p010_scratch_thin_mask.png,p010_scratch_thin,opencv_telea__canonical__p010_scratch_thin,opencv_telea,cv2.INPAINT_TELEA,3,4.11.0,restoration_eval.restoration_opencv,2.0.0,p010_scratch_thin_restored_opencv_telea.png,data\processed\restored\opencv_telea\canonical\p010_scratch_thin_restored_opencv_telea.png,e075547fb6a0f9fa1911e84026634550ca48d907a62e3de661e006dcdaac8e9e,0.37465300000621937,2026-07-23T21:50:22.292979+00:00,2026-07-23T21:50:22.659310+00:00,True,ok,
canonical,p010_zero_control,p010,data\processed\clean\p010_clean.png,data\processed\masked\p010_zero_control_damaged.png,data\processed\masks\p010_zero_control_mask.png,p010_zero_control,opencv_telea__canonical__p010_zero_control,opencv_telea,cv2.INPAINT_TELEA,3,4.11.0,restoration_eval.restoration_opencv,2.0.0,p010_zero_control_restored_opencv_telea.png,data\processed\restored\opencv_telea\canonical\p010_zero_control_restored_opencv_telea.png,b0b5ec6a1ec8678ccb6a0b3eb54f4c4467d3f4b2c632f29d7014fbe7b5947e51,0.3243116000085138,2026-07-23T21:50:22.675189+00:00,2026-07-23T21:50:22.993907+00:00,True,ok,
canonical,p011_loss_large,p011,data\processed\clean\p011_clean.png,data\processed\masked\p011_loss_large_damaged.png,data\processed\masks\p011_loss_large_mask.png,p011_loss_large,opencv_telea__canonical__p011_loss_large,opencv_telea,cv2.INPAINT_TELEA,3,4.11.0,restoration_eval.restoration_opencv,2.0.0,p011_loss_large_restored_opencv_telea.png,data\processed\restored\opencv_telea\canonical\p011_loss_large_restored_opencv_telea.png,422cfb9e0a9bee34d688fd27a6100fd57b40e307b17d30557a4375f35ccb965e,0.5097384999971837,2026-07-23T21:50:22.993907+00:00,2026-07-23T21:50:23.503226+00:00,True,ok,
canonical,p011_loss_small,p011,data\processed\clean\p011_clean.png,data\processed\masked\p011_loss_small_damaged.png,data\processed\masks\p011_loss_small_mask.png,p011_loss_small,opencv_telea__canonical__p011_loss_small,opencv_telea,cv2.INPAINT_TELEA,3,4.11.0,restoration_eval.restoration_opencv,2.0.0,p011_loss_small_restored_opencv_telea.png,data\processed\restored\opencv_telea\canonical\p011_loss_small_restored_opencv_telea.png,ba24debf09950b08fc844e65cd7fddc58e254fa725cdf538a725f95564476efa,0.4754295999882743,2026-07-23T21:50:23.503226+00:00,2026-07-23T21:50:23.988462+00:00,True,ok,
canonical,p011_mixed_damage,p011,data\processed\clean\p011_clean.png,data\processed\masked\p011_mixed_damage_damaged.png,data\processed\masks\p011_mixed_damage_mask.png,p011_mixed_damage,opencv_telea__canonical__p011_mixed_damage,opencv_telea,cv2.INPAINT_TELEA,3,4.11.0,restoration_eval.restoration_opencv,2.0.0,p011_mixed_damage_restored_opencv_telea.png,data\processed\restored\opencv_telea\canonical\p011_mixed_damage_restored_opencv_telea.png,29d93008dcbf549809ad33ecafcc7f5013c268f8bc0c49115b41299f3ffdf485,0.5133885999966878,2026-07-23T21:50:23.988462+00:00,2026-07-23T21:50:24.504052+00:00,True,ok,
canonical,p011_scratch_thin,p011,data\processed\clean\p011_clean.png,data\processed\masked\p011_scratch_thin_damaged.png,data\processed\masks\p011_scratch_thin_mask.png,p011_scratch_thin,opencv_telea__canonical__p011_scratch_thin,opencv_telea,cv2.INPAINT_TELEA,3,4.11.0,restoration_eval.restoration_opencv,2.0.0,p011_scratch_thin_restored_opencv_telea.png,data\processed\restored\opencv_telea\canonical\p011_scratch_thin_restored_opencv_telea.png,d089ffe6b93132fc5f916dade072079c53a1453d0ff61ab573875136bc01e978,0.45655010000336915,2026-07-23T21:50:24.507813+00:00,2026-07-23T21:50:24.951905+00:00,True,ok,
canonical,p011_zero_control,p011,data\processed\clean\p011_clean.png,data\processed\masked\p011_zero_control_damaged.png,data\processed\masks\p011_zero_control_mask.png,p011_zero_control,opencv_telea__canonical__p011_zero_control,opencv_telea,cv2.INPAINT_TELEA,3,4.11.0,restoration_eval.restoration_opencv,2.0.0,p011_zero_control_restored_opencv_telea.png,data\processed\restored\opencv_telea\canonical\p011_zero_control_restored_opencv_telea.png,0ffabfe2fd662e4196288479ccfe36357db824d9a54e571be1b815a285d3851e,0.42770020000170916,2026-07-23T21:50:24.951905+00:00,2026-07-23T21:50:25.391964+00:00,True,ok,
canonical,p012_loss_large,p012,data\processed\clean\p012_clean.png,data\processed\masked\p012_loss_large_damaged.png,data\processed\masks\p012_loss_large_mask.png,p012_loss_large,opencv_telea__canonical__p012_loss_large,opencv_telea,cv2.INPAINT_TELEA,3,4.11.0,restoration_eval.restoration_opencv,2.0.0,p012_loss_large_restored_opencv_telea.png,data\processed\restored\opencv_telea\canonical\p012_loss_large_restored_opencv_telea.png,e00ebb8fa1c23e0d04783c411af7723dc7fb2e1dfb8b280c3e3324e064e78d56,0.5259310000110418,2026-07-23T21:50:25.395974+00:00,2026-07-23T21:50:25.922732+00:00,True,ok,
canonical,p012_loss_small,p012,data\processed\clean\p012_clean.png,data\processed\masked\p012_loss_small_damaged.png,data\processed\masks\p012_loss_small_mask.png,p012_loss_small,opencv_telea__canonical__p012_loss_small,opencv_telea,cv2.INPAINT_TELEA,3,4.11.0,restoration_eval.restoration_opencv,2.0.0,p012_loss_small_restored_opencv_telea.png,data\processed\restored\opencv_telea\canonical\p012_loss_small_restored_opencv_telea.png,bb55ba524f2a467f3297347cace87013d02333c5e18bda972cafebf895c13d8d,0.4859697999781929,2026-07-23T21:50:25.922732+00:00,2026-07-23T21:50:26.407168+00:00,True,ok,
canonical,p012_mixed_damage,p012,data\processed\clean\p012_clean.png,data\processed\masked\p012_mixed_damage_damaged.png,data\processed\masks\p012_mixed_damage_mask.png,p012_mixed_damage,opencv_telea__canonical__p012_mixed_damage,opencv_telea,cv2.INPAINT_TELEA,3,4.11.0,restoration_eval.restoration_opencv,2.0.0,p012_mixed_damage_restored_opencv_telea.png,data\processed\restored\opencv_telea\canonical\p012_mixed_damage_restored_opencv_telea.png,b43b7167b270e888508d64e11701fd6e7d1d0fcbf22f4c3b19042caec6359ddd,0.5255047999962699,2026-07-23T21:50:26.407168+00:00,2026-07-23T21:50:26.935262+00:00,True,ok,
canonical,p012_scratch_thin,p012,data\processed\clean\p012_clean.png,data\processed\masked\p012_scratch_thin_damaged.png,data\processed\masks\p012_scratch_thin_mask.png,p012_scratch_thin,opencv_telea__canonical__p012_scratch_thin,opencv_telea,cv2.INPAINT_TELEA,3,4.11.0,restoration_eval.restoration_opencv,2.0.0,p012_scratch_thin_restored_opencv_telea.png,data\processed\restored\opencv_telea\canonical\p012_scratch_thin_restored_opencv_telea.png,88ebf934dab00d93f48b4f0f9294826875b8bff8c8c1f59ac7a1d0372cdea049,0.48147239998797886,2026-07-23T21:50:26.940686+00:00,2026-07-23T21:50:27.420882+00:00,True,ok,
canonical,p012_zero_control,p012,data\processed\clean\p012_clean.png,data\processed\masked\p012_zero_control_damaged.png,data\processed\masks\p012_zero_control_mask.png,p012_zero_control,opencv_telea__canonical__p012_zero_control,opencv_telea,cv2.INPAINT_TELEA,3,4.11.0,restoration_eval.restoration_opencv,2.0.0,p012_zero_control_restored_opencv_telea.png,data\processed\restored\opencv_telea\canonical\p012_zero_control_restored_opencv_telea.png,0dafefebb899989e4aa56a12e507133d93f3f31edffa90816ba5a9d2b5e051e5,0.43902109999908134,2026-07-23T21:50:27.420882+00:00,2026-07-23T21:50:27.862901+00:00,True,ok,
canonical,p013_loss_large,p013,data\processed\clean\p013_clean.png,data\processed\masked\p013_loss_large_damaged.png,data\processed\masks\p013_loss_large_mask.png,p013_loss_large,opencv_telea__canonical__p013_loss_large,opencv_telea,cv2.INPAINT_TELEA,3,4.11.0,restoration_eval.restoration_opencv,2.0.0,p013_loss_large_restored_opencv_telea.png,data\processed\restored\opencv_telea\canonical\p013_loss_large_restored_opencv_telea.png,9ab924a5313c015e9fe75fd9ace272b9edbbef0630ace08fd2389c08a97ec3a1,0.4509836000215728,2026-07-23T21:50:27.862901+00:00,2026-07-23T21:50:28.308404+00:00,True,ok,
canonical,p013_loss_small,p013,data\processed\clean\p013_clean.png,data\processed\masked\p013_loss_small_damaged.png,data\processed\masks\p013_loss_small_mask.png,p013_loss_small,opencv_telea__canonical__p013_loss_small,opencv_telea,cv2.INPAINT_TELEA,3,4.11.0,restoration_eval.restoration_opencv,2.0.0,p013_loss_small_restored_opencv_telea.png,data\processed\restored\opencv_telea\canonical\p013_loss_small_restored_opencv_telea.png,ee1e1bc842d82ceb5ae6b5ef4c99674459c9c6bde981da5c55bc1b51c342957f,0.3905574000091292,2026-07-23T21:50:28.308404+00:00,2026-07-23T21:50:28.705137+00:00,True,ok,
canonical,p013_mixed_damage,p013,data\processed\clean\p013_clean.png,data\processed\masked\p013_mixed_damage_damaged.png,data\processed\masks\p013_mixed_damage_mask.png,p013_mixed_damage,opencv_telea__canonical__p013_mixed_damage,opencv_telea,cv2.INPAINT_TELEA,3,4.11.0,restoration_eval.restoration_opencv,2.0.0,p013_mixed_damage_restored_opencv_telea.png,data\processed\restored\opencv_telea\canonical\p013_mixed_damage_restored_opencv_telea.png,cd2740190955e576a4014715030345003bd7db825bd547be154d72881497bd39,0.4354402000026312,2026-07-23T21:50:28.705137+00:00,2026-07-23T21:50:29.149971+00:00,True,ok,
canonical,p013_scratch_thin,p013,data\processed\clean\p013_clean.png,data\processed\masked\p013_scratch_thin_damaged.png,data\processed\masks\p013_scratch_thin_mask.png,p013_scratch_thin,opencv_telea__canonical__p013_scratch_thin,opencv_telea,cv2.INPAINT_TELEA,3,4.11.0,restoration_eval.restoration_opencv,2.0.0,p013_scratch_thin_restored_opencv_telea.png,data\processed\restored\opencv_telea\canonical\p013_scratch_thin_restored_opencv_telea.png,cfce9f591e6a75fd1ff661c18b4d5c4db1267fe558e2d2813915b6de094f2e9b,0.3783418000093661,2026-07-23T21:50:29.149971+00:00,2026-07-23T21:50:29.529476+00:00,True,ok,
canonical,p013_zero_control,p013,data\processed\clean\p013_clean.png,data\processed\masked\p013_zero_control_damaged.png,data\processed\masks\p013_zero_control_mask.png,p013_zero_control,opencv_telea__canonical__p013_zero_control,opencv_telea,cv2.INPAINT_TELEA,3,4.11.0,restoration_eval.restoration_opencv,2.0.0,p013_zero_control_restored_opencv_telea.png,data\processed\restored\opencv_telea\canonical\p013_zero_control_restored_opencv_telea.png,ab2e5caeaa57270afc7b61f8e4c2e2387942afab0da003318f9ddf3a3f3d50e6,0.3440720999788027,2026-07-23T21:50:29.529476+00:00,2026-07-23T21:50:29.864220+00:00,True,ok,
canonical,p014_loss_large,p014,data\processed\clean\p014_clean.png,data\processed\masked\p014_loss_large_damaged.png,data\processed\masks\p014_loss_large_mask.png,p014_loss_large,opencv_telea__canonical__p014_loss_large,opencv_telea,cv2.INPAINT_TELEA,3,4.11.0,restoration_eval.restoration_opencv,2.0.0,p014_loss_large_restored_opencv_telea.png,data\processed\restored\opencv_telea\canonical\p014_loss_large_restored_opencv_telea.png,c0fd6fbe555da51da5a3f9b18bb744eb138cafa72fd6a3cdbb7ee23be4b3c38b,0.39874890001374297,2026-07-23T21:50:29.864220+00:00,2026-07-23T21:50:30.263954+00:00,True,ok,
canonical,p014_loss_small,p014,data\processed\clean\p014_clean.png,data\processed\masked\p014_loss_small_damaged.png,data\processed\masks\p014_loss_small_mask.png,p014_loss_small,opencv_telea__canonical__p014_loss_small,opencv_telea,cv2.INPAINT_TELEA,3,4.11.0,restoration_eval.restoration_opencv,2.0.0,p014_loss_small_restored_opencv_telea.png,data\processed\restored\opencv_telea\canonical\p014_loss_small_restored_opencv_telea.png,05d4f0236f2f8eaccd9513416ea914679a822ecaaec8e5f660f97882200473b2,0.33963679999578744,2026-07-23T21:50:30.279823+00:00,2026-07-23T21:50:30.612576+00:00,True,ok,
canonical,p014_mixed_damage,p014,data\processed\clean\p014_clean.png,data\processed\masked\p014_mixed_damage_damaged.png,data\processed\masks\p014_mixed_damage_mask.png,p014_mixed_damage,opencv_telea__canonical__p014_mixed_damage,opencv_telea,cv2.INPAINT_TELEA,3,4.11.0,restoration_eval.restoration_opencv,2.0.0,p014_mixed_damage_restored_opencv_telea.png,data\processed\restored\opencv_telea\canonical\p014_mixed_damage_restored_opencv_telea.png,5691afd3bb62e0ff251037b8e07fa55752ec1643a95f70beab64de42626caa0f,0.39607629997772165,2026-07-23T21:50:30.612576+00:00,2026-07-23T21:50:31.010250+00:00,True,ok,
canonical,p014_scratch_thin,p014,data\processed\clean\p014_clean.png,data\processed\masked\p014_scratch_thin_damaged.png,data\processed\masks\p014_scratch_thin_mask.png,p014_scratch_thin,opencv_telea__canonical__p014_scratch_thin,opencv_telea,cv2.INPAINT_TELEA,3,4.11.0,restoration_eval.restoration_opencv,2.0.0,p014_scratch_thin_restored_opencv_telea.png,data\processed\restored\opencv_telea\canonical\p014_scratch_thin_restored_opencv_telea.png,d1c67cb13f80e0a88f9c31d0724ff1da06db942a0e039074db86aae65266b7da,0.3465874999819789,2026-07-23T21:50:31.010250+00:00,2026-07-23T21:50:31.360572+00:00,True,ok,
canonical,p014_zero_control,p014,data\processed\clean\p014_clean.png,data\processed\masked\p014_zero_control_damaged.png,data\processed\masks\p014_zero_control_mask.png,p014_zero_control,opencv_telea__canonical__p014_zero_control,opencv_telea,cv2.INPAINT_TELEA,3,4.11.0,restoration_eval.restoration_opencv,2.0.0,p014_zero_control_restored_opencv_telea.png,data\processed\restored\opencv_telea\canonical\p014_zero_control_restored_opencv_telea.png,9afe2858c9da3b0d02763ab3bcc308ea9bd4a570b82cd6bcf23f7d52d102cbb4,0.29977869999129325,2026-07-23T21:50:31.360572+00:00,2026-07-23T21:50:31.664605+00:00,True,ok,
canonical,p015_loss_large,p015,data\processed\clean\p015_clean.png,data\processed\masked\p015_loss_large_damaged.png,data\processed\masks\p015_loss_large_mask.png,p015_loss_large,opencv_telea__canonical__p015_loss_large,opencv_telea,cv2.INPAINT_TELEA,3,4.11.0,restoration_eval.restoration_opencv,2.0.0,p015_loss_large_restored_opencv_telea.png,data\processed\restored\opencv_telea\canonical\p015_loss_large_restored_opencv_telea.png,1c08237a1b29b8548b1924a067a9bb4110efd307f572abd22566d08a719c9014,0.43264039998757653,2026-07-23T21:50:31.664605+00:00,2026-07-23T21:50:32.101240+00:00,True,ok,
canonical,p015_loss_small,p015,data\processed\clean\p015_clean.png,data\processed\masked\p015_loss_small_damaged.png,data\processed\masks\p015_loss_small_mask.png,p015_loss_small,opencv_telea__canonical__p015_loss_small,opencv_telea,cv2.INPAINT_TELEA,3,4.11.0,restoration_eval.restoration_opencv,2.0.0,p015_loss_small_restored_opencv_telea.png,data\processed\restored\opencv_telea\canonical\p015_loss_small_restored_opencv_telea.png,4be45983801f17d0b3d782fc851a80640603c29e1d3edaa72922df262f814d23,0.3402924000110943,2026-07-23T21:50:32.101240+00:00,2026-07-23T21:50:32.443022+00:00,True,ok,
canonical,p015_mixed_damage,p015,data\processed\clean\p015_clean.png,data\processed\masked\p015_mixed_damage_damaged.png,data\processed\masks\p015_mixed_damage_mask.png,p015_mixed_damage,opencv_telea__canonical__p015_mixed_damage,opencv_telea,cv2.INPAINT_TELEA,3,4.11.0,restoration_eval.restoration_opencv,2.0.0,p015_mixed_damage_restored_opencv_telea.png,data\processed\restored\opencv_telea\canonical\p015_mixed_damage_restored_opencv_telea.png,14083238872e8c8b62053acec0a400723320cfd621e8a223529f9c04ae478e08,0.3785875999892596,2026-07-23T21:50:32.443022+00:00,2026-07-23T21:50:32.829025+00:00,True,ok,
canonical,p015_scratch_thin,p015,data\processed\clean\p015_clean.png,data\processed\masked\p015_scratch_thin_damaged.png,data\processed\masks\p015_scratch_thin_mask.png,p015_scratch_thin,opencv_telea__canonical__p015_scratch_thin,opencv_telea,cv2.INPAINT_TELEA,3,4.11.0,restoration_eval.restoration_opencv,2.0.0,p015_scratch_thin_restored_opencv_telea.png,data\processed\restored\opencv_telea\canonical\p015_scratch_thin_restored_opencv_telea.png,b3dcc5cb8204febdd31ed2db95a68f6982ae6ff0a0b683c352ccf8692a6097a4,0.3127997000119649,2026-07-23T21:50:32.831544+00:00,2026-07-23T21:50:33.144469+00:00,True,ok,
canonical,p015_zero_control,p015,data\processed\clean\p015_clean.png,data\processed\masked\p015_zero_control_damaged.png,data\processed\masks\p015_zero_control_mask.png,p015_zero_control,opencv_telea__canonical__p015_zero_control,opencv_telea,cv2.INPAINT_TELEA,3,4.11.0,restoration_eval.restoration_opencv,2.0.0,p015_zero_control_restored_opencv_telea.png,data\processed\restored\opencv_telea\canonical\p015_zero_control_restored_opencv_telea.png,5bb4a0940b8bdb1229f4feaf2ef49618e940fbc32d14986245b34eb6ccb72b14,0.27818159997696057,2026-07-23T21:50:33.146479+00:00,2026-07-23T21:50:33.419674+00:00,True,ok,
canonical,p016_loss_large,p016,data\processed\clean\p016_clean.png,data\processed\masked\p016_loss_large_damaged.png,data\processed\masks\p016_loss_large_mask.png,p016_loss_large,opencv_telea__canonical__p016_loss_large,opencv_telea,cv2.INPAINT_TELEA,3,4.11.0,restoration_eval.restoration_opencv,2.0.0,p016_loss_large_restored_opencv_telea.png,data\processed\restored\opencv_telea\canonical\p016_loss_large_restored_opencv_telea.png,e13cc802ff3d7a78e9839a2ede9f91dc7572ef5e96d6bf82f658a73164b0bec6,0.3417608999880031,2026-07-23T21:50:33.419674+00:00,2026-07-23T21:50:33.768706+00:00,True,ok,
canonical,p016_loss_small,p016,data\processed\clean\p016_clean.png,data\processed\masked\p016_loss_small_damaged.png,data\processed\masks\p016_loss_small_mask.png,p016_loss_small,opencv_telea__canonical__p016_loss_small,opencv_telea,cv2.INPAINT_TELEA,3,4.11.0,restoration_eval.restoration_opencv,2.0.0,p016_loss_small_restored_opencv_telea.png,data\processed\restored\opencv_telea\canonical\p016_loss_small_restored_opencv_telea.png,e6bab577d6cb1488305240b1637ddb21a42d26fd8763833346cd859e66013586,0.3101685000001453,2026-07-23T21:50:33.770717+00:00,2026-07-23T21:50:34.080798+00:00,True,ok,
canonical,p016_mixed_damage,p016,data\processed\clean\p016_clean.png,data\processed\masked\p016_mixed_damage_damaged.png,data\processed\masks\p016_mixed_damage_mask.png,p016_mixed_damage,opencv_telea__canonical__p016_mixed_damage,opencv_telea,cv2.INPAINT_TELEA,3,4.11.0,restoration_eval.restoration_opencv,2.0.0,p016_mixed_damage_restored_opencv_telea.png,data\processed\restored\opencv_telea\canonical\p016_mixed_damage_restored_opencv_telea.png,9984da43d1a5659f7f9c58eaebe447c8823044f74181fdc171569d0ccf1f011b,0.3604203000140842,2026-07-23T21:50:34.084904+00:00,2026-07-23T21:50:34.446436+00:00,True,ok,
canonical,p016_scratch_thin,p016,data\processed\clean\p016_clean.png,data\processed\masked\p016_scratch_thin_damaged.png,data\processed\masks\p016_scratch_thin_mask.png,p016_scratch_thin,opencv_telea__canonical__p016_scratch_thin,opencv_telea,cv2.INPAINT_TELEA,3,4.11.0,restoration_eval.restoration_opencv,2.0.0,p016_scratch_thin_restored_opencv_telea.png,data\processed\restored\opencv_telea\canonical\p016_scratch_thin_restored_opencv_telea.png,44467bb59a2d016ef8a17c1083c854df8c67dbc67f5f331f59c0c0ccd2dfa79f,0.2771469999861438,2026-07-23T21:50:34.448445+00:00,2026-07-23T21:50:34.725995+00:00,True,ok,
canonical,p016_zero_control,p016,data\processed\clean\p016_clean.png,data\processed\masked\p016_zero_control_damaged.png,data\processed\masks\p016_zero_control_mask.png,p016_zero_control,opencv_telea__canonical__p016_zero_control,opencv_telea,cv2.INPAINT_TELEA,3,4.11.0,restoration_eval.restoration_opencv,2.0.0,p016_zero_control_restored_opencv_telea.png,data\processed\restored\opencv_telea\canonical\p016_zero_control_restored_opencv_telea.png,3855e9c3c87c34a6688232e17adc8a87435fbdf6c73fb9b98c7771f4a2174714,0.2492502999957651,2026-07-23T21:50:34.728005+00:00,2026-07-23T21:50:34.969057+00:00,True,ok,
canonical,p017_loss_large,p017,data\processed\clean\p017_clean.png,data\processed\masked\p017_loss_large_damaged.png,data\processed\masks\p017_loss_large_mask.png,p017_loss_large,opencv_telea__canonical__p017_loss_large,opencv_telea,cv2.INPAINT_TELEA,3,4.11.0,restoration_eval.restoration_opencv,2.0.0,p017_loss_large_restored_opencv_telea.png,data\processed\restored\opencv_telea\canonical\p017_loss_large_restored_opencv_telea.png,02f0b004f4347438a51027493cdbba7fbb719f10fe8298849342e51a50d25550,0.374050200014608,2026-07-23T21:50:34.969057+00:00,2026-07-23T21:50:35.354418+00:00,True,ok,
canonical,p017_loss_small,p017,data\processed\clean\p017_clean.png,data\processed\masked\p017_loss_small_damaged.png,data\processed\masks\p017_loss_small_mask.png,p017_loss_small,opencv_telea__canonical__p017_loss_small,opencv_telea,cv2.INPAINT_TELEA,3,4.11.0,restoration_eval.restoration_opencv,2.0.0,p017_loss_small_restored_opencv_telea.png,data\processed\restored\opencv_telea\canonical\p017_loss_small_restored_opencv_telea.png,f8c598cdef1dcc625611cff27e0e95a0b25855425a6d0462856eae29af4c1888,0.3291282999853138,2026-07-23T21:50:35.356429+00:00,2026-07-23T21:50:35.685954+00:00,True,ok,
canonical,p017_mixed_damage,p017,data\processed\clean\p017_clean.png,data\processed\masked\p017_mixed_damage_damaged.png,data\processed\masks\p017_mixed_damage_mask.png,p017_mixed_damage,opencv_telea__canonical__p017_mixed_damage,opencv_telea,cv2.INPAINT_TELEA,3,4.11.0,restoration_eval.restoration_opencv,2.0.0,p017_mixed_damage_restored_opencv_telea.png,data\processed\restored\opencv_telea\canonical\p017_mixed_damage_restored_opencv_telea.png,56e4a460d2af28978dfb1f1b6000b0587ed65987035a221d9c8e45886576344d,0.380573500005994,2026-07-23T21:50:35.687978+00:00,2026-07-23T21:50:36.066067+00:00,True,ok,
canonical,p017_scratch_thin,p017,data\processed\clean\p017_clean.png,data\processed\masked\p017_scratch_thin_damaged.png,data\processed\masks\p017_scratch_thin_mask.png,p017_scratch_thin,opencv_telea__canonical__p017_scratch_thin,opencv_telea,cv2.INPAINT_TELEA,3,4.11.0,restoration_eval.restoration_opencv,2.0.0,p017_scratch_thin_restored_opencv_telea.png,data\processed\restored\opencv_telea\canonical\p017_scratch_thin_restored_opencv_telea.png,d60cff83ddc4a6316b0b5a3f903ab7f8779adf513e044822857cdbeba629fd72,0.32950230001006275,2026-07-23T21:50:36.066067+00:00,2026-07-23T21:50:36.396538+00:00,True,ok,
canonical,p017_zero_control,p017,data\processed\clean\p017_clean.png,data\processed\masked\p017_zero_control_damaged.png,data\processed\masks\p017_zero_control_mask.png,p017_zero_control,opencv_telea__canonical__p017_zero_control,opencv_telea,cv2.INPAINT_TELEA,3,4.11.0,restoration_eval.restoration_opencv,2.0.0,p017_zero_control_restored_opencv_telea.png,data\processed\restored\opencv_telea\canonical\p017_zero_control_restored_opencv_telea.png,27c8683dae27bfce0578ee31c856577dcf7265be6947f600eeadff1cf54b5601,0.27316899999277666,2026-07-23T21:50:36.396538+00:00,2026-07-23T21:50:36.664938+00:00,True,ok,
canonical,p018_loss_large,p018,data\processed\clean\p018_clean.png,data\processed\masked\p018_loss_large_damaged.png,data\processed\masks\p018_loss_large_mask.png,p018_loss_large,opencv_telea__canonical__p018_loss_large,opencv_telea,cv2.INPAINT_TELEA,3,4.11.0,restoration_eval.restoration_opencv,2.0.0,p018_loss_large_restored_opencv_telea.png,data\processed\restored\opencv_telea\canonical\p018_loss_large_restored_opencv_telea.png,c9178dabae96b9b705c2078ba3edca48a522d02d121ca5913daaa3d656a79c34,0.47882180000306107,2026-07-23T21:50:36.664938+00:00,2026-07-23T21:50:37.156165+00:00,True,ok,
canonical,p018_loss_small,p018,data\processed\clean\p018_clean.png,data\processed\masked\p018_loss_small_damaged.png,data\processed\masks\p018_loss_small_mask.png,p018_loss_small,opencv_telea__canonical__p018_loss_small,opencv_telea,cv2.INPAINT_TELEA,3,4.11.0,restoration_eval.restoration_opencv,2.0.0,p018_loss_small_restored_opencv_telea.png,data\processed\restored\opencv_telea\canonical\p018_loss_small_restored_opencv_telea.png,683b648dc18b806dd4cdbc7ab7f343d1fb5f5e5a1e67cc8bce76fd59ce75d849,0.4298718999780249,2026-07-23T21:50:37.156165+00:00,2026-07-23T21:50:37.589345+00:00,True,ok,
canonical,p018_mixed_damage,p018,data\processed\clean\p018_clean.png,data\processed\masked\p018_mixed_damage_damaged.png,data\processed\masks\p018_mixed_damage_mask.png,p018_mixed_damage,opencv_telea__canonical__p018_mixed_damage,opencv_telea,cv2.INPAINT_TELEA,3,4.11.0,restoration_eval.restoration_opencv,2.0.0,p018_mixed_damage_restored_opencv_telea.png,data\processed\restored\opencv_telea\canonical\p018_mixed_damage_restored_opencv_telea.png,d839031029b46ec4cd3264dcef56118c6fd3fd0c148e40a4b8d7fc3b4454a125,0.5006292999896687,2026-07-23T21:50:37.589345+00:00,2026-07-23T21:50:38.093149+00:00,True,ok,
canonical,p018_scratch_thin,p018,data\processed\clean\p018_clean.png,data\processed\masked\p018_scratch_thin_damaged.png,data\processed\masks\p018_scratch_thin_mask.png,p018_scratch_thin,opencv_telea__canonical__p018_scratch_thin,opencv_telea,cv2.INPAINT_TELEA,3,4.11.0,restoration_eval.restoration_opencv,2.0.0,p018_scratch_thin_restored_opencv_telea.png,data\processed\restored\opencv_telea\canonical\p018_scratch_thin_restored_opencv_telea.png,dff77956eaa10ca8b7b92665b2dd5b11811bb5e8545a2c84e543315ed87a7319,0.42418780000298284,2026-07-23T21:50:38.093149+00:00,2026-07-23T21:50:38.515749+00:00,True,ok,
canonical,p018_zero_control,p018,data\processed\clean\p018_clean.png,data\processed\masked\p018_zero_control_damaged.png,data\processed\masks\p018_zero_control_mask.png,p018_zero_control,opencv_telea__canonical__p018_zero_control,opencv_telea,cv2.INPAINT_TELEA,3,4.11.0,restoration_eval.restoration_opencv,2.0.0,p018_zero_control_restored_opencv_telea.png,data\processed\restored\opencv_telea\canonical\p018_zero_control_restored_opencv_telea.png,3e223322b3ca2c6f52ebe54a266991be897dd8d6c670ad52393f3262e15574ac,0.4033233000081964,2026-07-23T21:50:38.522347+00:00,2026-07-23T21:50:38.922352+00:00,True,ok,
canonical,p019_loss_large,p019,data\processed\clean\p019_clean.png,data\processed\masked\p019_loss_large_damaged.png,data\processed\masks\p019_loss_large_mask.png,p019_loss_large,opencv_telea__canonical__p019_loss_large,opencv_telea,cv2.INPAINT_TELEA,3,4.11.0,restoration_eval.restoration_opencv,2.0.0,p019_loss_large_restored_opencv_telea.png,data\processed\restored\opencv_telea\canonical\p019_loss_large_restored_opencv_telea.png,da81812436467cfd9da0f682d830bbcb706dd7850bbb8030861a2262e40cd6da,0.597720300022047,2026-07-23T21:50:38.922352+00:00,2026-07-23T21:50:39.524653+00:00,True,ok,
canonical,p019_loss_small,p019,data\processed\clean\p019_clean.png,data\processed\masked\p019_loss_small_damaged.png,data\processed\masks\p019_loss_small_mask.png,p019_loss_small,opencv_telea__canonical__p019_loss_small,opencv_telea,cv2.INPAINT_TELEA,3,4.11.0,restoration_eval.restoration_opencv,2.0.0,p019_loss_small_restored_opencv_telea.png,data\processed\restored\opencv_telea\canonical\p019_loss_small_restored_opencv_telea.png,6f3c660553c5a67ea61429866ebb81d3aebb387b47feaeb7c08626c0ec7773cb,0.5038576000079047,2026-07-23T21:50:39.524653+00:00,2026-07-23T21:50:40.031808+00:00,True,ok,
canonical,p019_mixed_damage,p019,data\processed\clean\p019_clean.png,data\processed\masked\p019_mixed_damage_damaged.png,data\processed\masks\p019_mixed_damage_mask.png,p019_mixed_damage,opencv_telea__canonical__p019_mixed_damage,opencv_telea,cv2.INPAINT_TELEA,3,4.11.0,restoration_eval.restoration_opencv,2.0.0,p019_mixed_damage_restored_opencv_telea.png,data\processed\restored\opencv_telea\canonical\p019_mixed_damage_restored_opencv_telea.png,ad36836f73f8f071e041df91037c092e000362433f7444d2e3b701135e86c255,0.5628870999789797,2026-07-23T21:50:40.031808+00:00,2026-07-23T21:50:40.597383+00:00,True,ok,
canonical,p019_scratch_thin,p019,data\processed\clean\p019_clean.png,data\processed\masked\p019_scratch_thin_damaged.png,data\processed\masks\p019_scratch_thin_mask.png,p019_scratch_thin,opencv_telea__canonical__p019_scratch_thin,opencv_telea,cv2.INPAINT_TELEA,3,4.11.0,restoration_eval.restoration_opencv,2.0.0,p019_scratch_thin_restored_opencv_telea.png,data\processed\restored\opencv_telea\canonical\p019_scratch_thin_restored_opencv_telea.png,9874bbe5edc5820de85b8fbd3498e6f6657bd47e353b59e5f33e26791df27fd6,0.4914825999876484,2026-07-23T21:50:40.599393+00:00,2026-07-23T21:50:41.086894+00:00,True,ok,
canonical,p019_zero_control,p019,data\processed\clean\p019_clean.png,data\processed\masked\p019_zero_control_damaged.png,data\processed\masks\p019_zero_control_mask.png,p019_zero_control,opencv_telea__canonical__p019_zero_control,opencv_telea,cv2.INPAINT_TELEA,3,4.11.0,restoration_eval.restoration_opencv,2.0.0,p019_zero_control_restored_opencv_telea.png,data\processed\restored\opencv_telea\canonical\p019_zero_control_restored_opencv_telea.png,adc6ebdadcb1f8b82687a58cdc518db1c0ca5823622d22cb7732d9bc0ddd7f48,0.4678200999915134,2026-07-23T21:50:41.086894+00:00,2026-07-23T21:50:41.557382+00:00,True,ok,
canonical,p020_loss_large,p020,data\processed\clean\p020_clean.png,data\processed\masked\p020_loss_large_damaged.png,data\processed\masks\p020_loss_large_mask.png,p020_loss_large,opencv_telea__canonical__p020_loss_large,opencv_telea,cv2.INPAINT_TELEA,3,4.11.0,restoration_eval.restoration_opencv,2.0.0,p020_loss_large_restored_opencv_telea.png,data\processed\restored\opencv_telea\canonical\p020_loss_large_restored_opencv_telea.png,b703a1a7789c69a2049d89646178eca1d37e978784e609588e66aba79024e55c,0.4499712999968324,2026-07-23T21:50:41.557382+00:00,2026-07-23T21:50:42.013668+00:00,True,ok,
canonical,p020_loss_small,p020,data\processed\clean\p020_clean.png,data\processed\masked\p020_loss_small_damaged.png,data\processed\masks\p020_loss_small_mask.png,p020_loss_small,opencv_telea__canonical__p020_loss_small,opencv_telea,cv2.INPAINT_TELEA,3,4.11.0,restoration_eval.restoration_opencv,2.0.0,p020_loss_small_restored_opencv_telea.png,data\processed\restored\opencv_telea\canonical\p020_loss_small_restored_opencv_telea.png,c5b3e6bc0d19bc154e63cf3a285974308d17be8d2d1ea9e4bc2a0cbb054ee369,0.36484729999210685,2026-07-23T21:50:42.015420+00:00,2026-07-23T21:50:42.381542+00:00,True,ok,
canonical,p020_mixed_damage,p020,data\processed\clean\p020_clean.png,data\processed\masked\p020_mixed_damage_damaged.png,data\processed\masks\p020_mixed_damage_mask.png,p020_mixed_damage,opencv_telea__canonical__p020_mixed_damage,opencv_telea,cv2.INPAINT_TELEA,3,4.11.0,restoration_eval.restoration_opencv,2.0.0,p020_mixed_damage_restored_opencv_telea.png,data\processed\restored\opencv_telea\canonical\p020_mixed_damage_restored_opencv_telea.png,cfdfda4725163e677e8fc188f01810bdeb65c0432e89e09d355730b37126e34a,0.4116484000114724,2026-07-23T21:50:42.383553+00:00,2026-07-23T21:50:42.796070+00:00,True,ok,
canonical,p020_scratch_thin,p020,data\processed\clean\p020_clean.png,data\processed\masked\p020_scratch_thin_damaged.png,data\processed\masks\p020_scratch_thin_mask.png,p020_scratch_thin,opencv_telea__canonical__p020_scratch_thin,opencv_telea,cv2.INPAINT_TELEA,3,4.11.0,restoration_eval.restoration_opencv,2.0.0,p020_scratch_thin_restored_opencv_telea.png,data\processed\restored\opencv_telea\canonical\p020_scratch_thin_restored_opencv_telea.png,0bec5104db6d124d9c06d41d0b46105da5db0068a65347f7c90fa492cc267d70,0.3645004999998491,2026-07-23T21:50:42.796070+00:00,2026-07-23T21:50:43.161545+00:00,True,ok,
canonical,p020_zero_control,p020,data\processed\clean\p020_clean.png,data\processed\masked\p020_zero_control_damaged.png,data\processed\masks\p020_zero_control_mask.png,p020_zero_control,opencv_telea__canonical__p020_zero_control,opencv_telea,cv2.INPAINT_TELEA,3,4.11.0,restoration_eval.restoration_opencv,2.0.0,p020_zero_control_restored_opencv_telea.png,data\processed\restored\opencv_telea\canonical\p020_zero_control_restored_opencv_telea.png,19023767163f4b7355809d7d2c8fc08653158c19e8f1b914b315161db798a91c,0.3259517000115011,2026-07-23T21:50:43.161545+00:00,2026-07-23T21:50:43.491487+00:00,True,ok,
canonical,p021_loss_large,p021,data\processed\clean\p021_clean.png,data\processed\masked\p021_loss_large_damaged.png,data\processed\masks\p021_loss_large_mask.png,p021_loss_large,opencv_telea__canonical__p021_loss_large,opencv_telea,cv2.INPAINT_TELEA,3,4.11.0,restoration_eval.restoration_opencv,2.0.0,p021_loss_large_restored_opencv_telea.png,data\processed\restored\opencv_telea\canonical\p021_loss_large_restored_opencv_telea.png,318fc27c3b426e5a08434cc384465278aeb27f23dffe17c9335a57774d989305,0.521370799979195,2026-07-23T21:50:43.493497+00:00,2026-07-23T21:50:44.014659+00:00,True,ok,
canonical,p021_loss_small,p021,data\processed\clean\p021_clean.png,data\processed\masked\p021_loss_small_damaged.png,data\processed\masks\p021_loss_small_mask.png,p021_loss_small,opencv_telea__canonical__p021_loss_small,opencv_telea,cv2.INPAINT_TELEA,3,4.11.0,restoration_eval.restoration_opencv,2.0.0,p021_loss_small_restored_opencv_telea.png,data\processed\restored\opencv_telea\canonical\p021_loss_small_restored_opencv_telea.png,0839764e70fd5b4503ae0e7f68f76c5bb5764433abd94a8f7f0a08e8a788aa6b,0.44828310000593774,2026-07-23T21:50:44.016412+00:00,2026-07-23T21:50:44.465253+00:00,True,ok,
canonical,p021_mixed_damage,p021,data\processed\clean\p021_clean.png,data\processed\masked\p021_mixed_damage_damaged.png,data\processed\masks\p021_mixed_damage_mask.png,p021_mixed_damage,opencv_telea__canonical__p021_mixed_damage,opencv_telea,cv2.INPAINT_TELEA,3,4.11.0,restoration_eval.restoration_opencv,2.0.0,p021_mixed_damage_restored_opencv_telea.png,data\processed\restored\opencv_telea\canonical\p021_mixed_damage_restored_opencv_telea.png,3cc11e37b4fc6b370b3b05314126f8f55f9f18db5e8a61b209245527df5fd131,0.527707700006431,2026-07-23T21:50:44.467264+00:00,2026-07-23T21:50:44.995260+00:00,True,ok,
canonical,p021_scratch_thin,p021,data\processed\clean\p021_clean.png,data\processed\masked\p021_scratch_thin_damaged.png,data\processed\masks\p021_scratch_thin_mask.png,p021_scratch_thin,opencv_telea__canonical__p021_scratch_thin,opencv_telea,cv2.INPAINT_TELEA,3,4.11.0,restoration_eval.restoration_opencv,2.0.0,p021_scratch_thin_restored_opencv_telea.png,data\processed\restored\opencv_telea\canonical\p021_scratch_thin_restored_opencv_telea.png,994bf78e932318be8c7c97db6300e7db3782424cabef11f0c4d8cd6836369217,0.4352696999849286,2026-07-23T21:50:44.997270+00:00,2026-07-23T21:50:45.433327+00:00,True,ok,
canonical,p021_zero_control,p021,data\processed\clean\p021_clean.png,data\processed\masked\p021_zero_control_damaged.png,data\processed\masks\p021_zero_control_mask.png,p021_zero_control,opencv_telea__canonical__p021_zero_control,opencv_telea,cv2.INPAINT_TELEA,3,4.11.0,restoration_eval.restoration_opencv,2.0.0,p021_zero_control_restored_opencv_telea.png,data\processed\restored\opencv_telea\canonical\p021_zero_control_restored_opencv_telea.png,121247de65dcd6217f9233d6cd7b6df7220e6f5489a325380f4e2411fd510d7e,0.39583540000603534,2026-07-23T21:50:45.435337+00:00,2026-07-23T21:50:45.824447+00:00,True,ok,
canonical,p022_loss_large,p022,data\processed\clean\p022_clean.png,data\processed\masked\p022_loss_large_damaged.png,data\processed\masks\p022_loss_large_mask.png,p022_loss_large,opencv_telea__canonical__p022_loss_large,opencv_telea,cv2.INPAINT_TELEA,3,4.11.0,restoration_eval.restoration_opencv,2.0.0,p022_loss_large_restored_opencv_telea.png,data\processed\restored\opencv_telea\canonical\p022_loss_large_restored_opencv_telea.png,7a00b0c84d21a6db297c692f1457470b94a29584f2ba1fbd21cd19ee7b55e4d5,0.510905900009675,2026-07-23T21:50:45.824447+00:00,2026-07-23T21:50:46.340427+00:00,True,ok,
canonical,p022_loss_small,p022,data\processed\clean\p022_clean.png,data\processed\masked\p022_loss_small_damaged.png,data\processed\masks\p022_loss_small_mask.png,p022_loss_small,opencv_telea__canonical__p022_loss_small,opencv_telea,cv2.INPAINT_TELEA,3,4.11.0,restoration_eval.restoration_opencv,2.0.0,p022_loss_small_restored_opencv_telea.png,data\processed\restored\opencv_telea\canonical\p022_loss_small_restored_opencv_telea.png,ec2f7a8d2549823af87c3b8a990f05786cda1d534ddabc97079800c035ece042,0.4536484999989625,2026-07-23T21:50:46.340427+00:00,2026-07-23T21:50:46.800357+00:00,True,ok,
canonical,p022_mixed_damage,p022,data\processed\clean\p022_clean.png,data\processed\masked\p022_mixed_damage_damaged.png,data\processed\masks\p022_mixed_damage_mask.png,p022_mixed_damage,opencv_telea__canonical__p022_mixed_damage,opencv_telea,cv2.INPAINT_TELEA,3,4.11.0,restoration_eval.restoration_opencv,2.0.0,p022_mixed_damage_restored_opencv_telea.png,data\processed\restored\opencv_telea\canonical\p022_mixed_damage_restored_opencv_telea.png,79bd8171c7db3c4bb5600aeca12374e7e7f3ef501e179a061e16ac602b72fcd1,0.5054999999993015,2026-07-23T21:50:46.800357+00:00,2026-07-23T21:50:47.306437+00:00,True,ok,
canonical,p022_scratch_thin,p022,data\processed\clean\p022_clean.png,data\processed\masked\p022_scratch_thin_damaged.png,data\processed\masks\p022_scratch_thin_mask.png,p022_scratch_thin,opencv_telea__canonical__p022_scratch_thin,opencv_telea,cv2.INPAINT_TELEA,3,4.11.0,restoration_eval.restoration_opencv,2.0.0,p022_scratch_thin_restored_opencv_telea.png,data\processed\restored\opencv_telea\canonical\p022_scratch_thin_restored_opencv_telea.png,e3dea8a9bb5cc83a551aaf09ba31b8144c95701305d5209390ef696eb59a985c,0.4293417999870144,2026-07-23T21:50:47.306437+00:00,2026-07-23T21:50:47.737180+00:00,True,ok,
canonical,p022_zero_control,p022,data\processed\clean\p022_clean.png,data\processed\masked\p022_zero_control_damaged.png,data\processed\masks\p022_zero_control_mask.png,p022_zero_control,opencv_telea__canonical__p022_zero_control,opencv_telea,cv2.INPAINT_TELEA,3,4.11.0,restoration_eval.restoration_opencv,2.0.0,p022_zero_control_restored_opencv_telea.png,data\processed\restored\opencv_telea\canonical\p022_zero_control_restored_opencv_telea.png,8403d5bbad4e6566e4e317187e1b9e1d60aee09a546e65ff2a050c89116b567e,0.39207950001582503,2026-07-23T21:50:47.737180+00:00,2026-07-23T21:50:48.135745+00:00,True,ok,
canonical,p023_loss_large,p023,data\processed\clean\p023_clean.png,data\processed\masked\p023_loss_large_damaged.png,data\processed\masks\p023_loss_large_mask.png,p023_loss_large,opencv_telea__canonical__p023_loss_large,opencv_telea,cv2.INPAINT_TELEA,3,4.11.0,restoration_eval.restoration_opencv,2.0.0,p023_loss_large_restored_opencv_telea.png,data\processed\restored\opencv_telea\canonical\p023_loss_large_restored_opencv_telea.png,1b4861a9b20ab438c6bd3b6a84c66fce8df35d627358e8844bec2ad5b13166f9,0.45312260001082905,2026-07-23T21:50:48.137755+00:00,2026-07-23T21:50:48.591557+00:00,True,ok,
canonical,p023_loss_small,p023,data\processed\clean\p023_clean.png,data\processed\masked\p023_loss_small_damaged.png,data\processed\masks\p023_loss_small_mask.png,p023_loss_small,opencv_telea__canonical__p023_loss_small,opencv_telea,cv2.INPAINT_TELEA,3,4.11.0,restoration_eval.restoration_opencv,2.0.0,p023_loss_small_restored_opencv_telea.png,data\processed\restored\opencv_telea\canonical\p023_loss_small_restored_opencv_telea.png,2f6b12147efe8f3ba9629f0d4c6e631c6e57d5a517bb05b597b70d4a745401be,0.39377940000849776,2026-07-23T21:50:48.593566+00:00,2026-07-23T21:50:48.983319+00:00,True,ok,
canonical,p023_mixed_damage,p023,data\processed\clean\p023_clean.png,data\processed\masked\p023_mixed_damage_damaged.png,data\processed\masks\p023_mixed_damage_mask.png,p023_mixed_damage,opencv_telea__canonical__p023_mixed_damage,opencv_telea,cv2.INPAINT_TELEA,3,4.11.0,restoration_eval.restoration_opencv,2.0.0,p023_mixed_damage_restored_opencv_telea.png,data\processed\restored\opencv_telea\canonical\p023_mixed_damage_restored_opencv_telea.png,34d7ed48fdc58908e63e29e30c425a413b818397c28f3bc7fe8b927f53b07a40,0.44615210001938976,2026-07-23T21:50:48.983319+00:00,2026-07-23T21:50:49.430823+00:00,True,ok,
canonical,p023_scratch_thin,p023,data\processed\clean\p023_clean.png,data\processed\masked\p023_scratch_thin_damaged.png,data\processed\masks\p023_scratch_thin_mask.png,p023_scratch_thin,opencv_telea__canonical__p023_scratch_thin,opencv_telea,cv2.INPAINT_TELEA,3,4.11.0,restoration_eval.restoration_opencv,2.0.0,p023_scratch_thin_restored_opencv_telea.png,data\processed\restored\opencv_telea\canonical\p023_scratch_thin_restored_opencv_telea.png,bfb3e36bb207352bd47277df4360899009b19b8438ce704a47e127ceaad1ee01,0.3760647000162862,2026-07-23T21:50:49.436539+00:00,2026-07-23T21:50:49.810292+00:00,True,ok,
canonical,p023_zero_control,p023,data\processed\clean\p023_clean.png,data\processed\masked\p023_zero_control_damaged.png,data\processed\masks\p023_zero_control_mask.png,p023_zero_control,opencv_telea__canonical__p023_zero_control,opencv_telea,cv2.INPAINT_TELEA,3,4.11.0,restoration_eval.restoration_opencv,2.0.0,p023_zero_control_restored_opencv_telea.png,data\processed\restored\opencv_telea\canonical\p023_zero_control_restored_opencv_telea.png,c0a2275720f8cd283b375ca163ab94d6bb9e18bf9d431473c735e18c4a82a176,0.35420860000886023,2026-07-23T21:50:49.810292+00:00,2026-07-23T21:50:50.169478+00:00,True,ok,
canonical,p024_loss_large,p024,data\processed\clean\p024_clean.png,data\processed\masked\p024_loss_large_damaged.png,data\processed\masks\p024_loss_large_mask.png,p024_loss_large,opencv_telea__canonical__p024_loss_large,opencv_telea,cv2.INPAINT_TELEA,3,4.11.0,restoration_eval.restoration_opencv,2.0.0,p024_loss_large_restored_opencv_telea.png,data\processed\restored\opencv_telea\canonical\p024_loss_large_restored_opencv_telea.png,0d391f6e033c4887a780d04f96967f079a6923432368cdd6975c92b278d1ac58,0.5469638000067789,2026-07-23T21:50:50.169478+00:00,2026-07-23T21:50:50.708048+00:00,True,ok,
canonical,p024_loss_small,p024,data\processed\clean\p024_clean.png,data\processed\masked\p024_loss_small_damaged.png,data\processed\masks\p024_loss_small_mask.png,p024_loss_small,opencv_telea__canonical__p024_loss_small,opencv_telea,cv2.INPAINT_TELEA,3,4.11.0,restoration_eval.restoration_opencv,2.0.0,p024_loss_small_restored_opencv_telea.png,data\processed\restored\opencv_telea\canonical\p024_loss_small_restored_opencv_telea.png,7a57904262875e168666466288303c0b227b691dfa02deb7509a3e60b4c59cba,0.46363780001411214,2026-07-23T21:50:50.708048+00:00,2026-07-23T21:50:51.185040+00:00,True,ok,
canonical,p024_mixed_damage,p024,data\processed\clean\p024_clean.png,data\processed\masked\p024_mixed_damage_damaged.png,data\processed\masks\p024_mixed_damage_mask.png,p024_mixed_damage,opencv_telea__canonical__p024_mixed_damage,opencv_telea,cv2.INPAINT_TELEA,3,4.11.0,restoration_eval.restoration_opencv,2.0.0,p024_mixed_damage_restored_opencv_telea.png,data\processed\restored\opencv_telea\canonical\p024_mixed_damage_restored_opencv_telea.png,e3ba6f9a8bbd7a18de70a2dcbf36f21e47b63606a6365d043dcab613559a1eed,0.49881730001652613,2026-07-23T21:50:51.185040+00:00,2026-07-23T21:50:51.677235+00:00,True,ok,
canonical,p024_scratch_thin,p024,data\processed\clean\p024_clean.png,data\processed\masked\p024_scratch_thin_damaged.png,data\processed\masks\p024_scratch_thin_mask.png,p024_scratch_thin,opencv_telea__canonical__p024_scratch_thin,opencv_telea,cv2.INPAINT_TELEA,3,4.11.0,restoration_eval.restoration_opencv,2.0.0,p024_scratch_thin_restored_opencv_telea.png,data\processed\restored\opencv_telea\canonical\p024_scratch_thin_restored_opencv_telea.png,b1d84241900b1266e7cafbc2fb5ebb886115225b59c8d4a21b04de6f4163f54e,0.44265790001372807,2026-07-23T21:50:51.677235+00:00,2026-07-23T21:50:52.121472+00:00,True,ok,
canonical,p024_zero_control,p024,data\processed\clean\p024_clean.png,data\processed\masked\p024_zero_control_damaged.png,data\processed\masks\p024_zero_control_mask.png,p024_zero_control,opencv_telea__canonical__p024_zero_control,opencv_telea,cv2.INPAINT_TELEA,3,4.11.0,restoration_eval.restoration_opencv,2.0.0,p024_zero_control_restored_opencv_telea.png,data\processed\restored\opencv_telea\canonical\p024_zero_control_restored_opencv_telea.png,508421ab51a2871f61b893bee72a7b92cb2d4ff58d13cb59c45f6a47bf7a17fd,0.4153490000171587,2026-07-23T21:50:52.134166+00:00,2026-07-23T21:50:52.538117+00:00,True,ok,
canonical,p025_loss_large,p025,data\processed\clean\p025_clean.png,data\processed\masked\p025_loss_large_damaged.png,data\processed\masks\p025_loss_large_mask.png,p025_loss_large,opencv_telea__canonical__p025_loss_large,opencv_telea,cv2.INPAINT_TELEA,3,4.11.0,restoration_eval.restoration_opencv,2.0.0,p025_loss_large_restored_opencv_telea.png,data\processed\restored\opencv_telea\canonical\p025_loss_large_restored_opencv_telea.png,a73f557f70b177d15061ba91ca6d23129cc33fa24d109b50c3a92a7be8f3f7ba,0.5916500999883283,2026-07-23T21:50:52.551033+00:00,2026-07-23T21:50:53.140474+00:00,True,ok,
canonical,p025_loss_small,p025,data\processed\clean\p025_clean.png,data\processed\masked\p025_loss_small_damaged.png,data\processed\masks\p025_loss_small_mask.png,p025_loss_small,opencv_telea__canonical__p025_loss_small,opencv_telea,cv2.INPAINT_TELEA,3,4.11.0,restoration_eval.restoration_opencv,2.0.0,p025_loss_small_restored_opencv_telea.png,data\processed\restored\opencv_telea\canonical\p025_loss_small_restored_opencv_telea.png,18ecba75d617a6cc85838ff58dd09836a74caf55cf335c0a48fa4f732e27cea0,0.494477200001711,2026-07-23T21:50:53.140474+00:00,2026-07-23T21:50:53.636950+00:00,True,ok,
canonical,p025_mixed_damage,p025,data\processed\clean\p025_clean.png,data\processed\masked\p025_mixed_damage_damaged.png,data\processed\masks\p025_mixed_damage_mask.png,p025_mixed_damage,opencv_telea__canonical__p025_mixed_damage,opencv_telea,cv2.INPAINT_TELEA,3,4.11.0,restoration_eval.restoration_opencv,2.0.0,p025_mixed_damage_restored_opencv_telea.png,data\processed\restored\opencv_telea\canonical\p025_mixed_damage_restored_opencv_telea.png,b59da04fe4399855a463079a0ba8e6d8082c35c89a676dd4645edbf2f09879ab,0.5578512999927625,2026-07-23T21:50:53.636950+00:00,2026-07-23T21:50:54.189632+00:00,True,ok,
canonical,p025_scratch_thin,p025,data\processed\clean\p025_clean.png,data\processed\masked\p025_scratch_thin_damaged.png,data\processed\masks\p025_scratch_thin_mask.png,p025_scratch_thin,opencv_telea__canonical__p025_scratch_thin,opencv_telea,cv2.INPAINT_TELEA,3,4.11.0,restoration_eval.restoration_opencv,2.0.0,p025_scratch_thin_restored_opencv_telea.png,data\processed\restored\opencv_telea\canonical\p025_scratch_thin_restored_opencv_telea.png,ce5ef88dd009831b4c455d4763d6e76ab069672bd44bfcccf03a200d5adea181,0.5037446999922395,2026-07-23T21:50:54.189632+00:00,2026-07-23T21:50:54.696946+00:00,True,ok,
canonical,p025_zero_control,p025,data\processed\clean\p025_clean.png,data\processed\masked\p025_zero_control_damaged.png,data\processed\masks\p025_zero_control_mask.png,p025_zero_control,opencv_telea__canonical__p025_zero_control,opencv_telea,cv2.INPAINT_TELEA,3,4.11.0,restoration_eval.restoration_opencv,2.0.0,p025_zero_control_restored_opencv_telea.png,data\processed\restored\opencv_telea\canonical\p025_zero_control_restored_opencv_telea.png,6be38e6522a622ab4f1fe0a70a074ada7941faa90ea4af961e20024e21e16559,0.45334579999325797,2026-07-23T21:50:54.696946+00:00,2026-07-23T21:50:55.156488+00:00,True,ok,
canonical,p026_loss_large,p026,data\processed\clean\p026_clean.png,data\processed\masked\p026_loss_large_damaged.png,data\processed\masks\p026_loss_large_mask.png,p026_loss_large,opencv_telea__canonical__p026_loss_large,opencv_telea,cv2.INPAINT_TELEA,3,4.11.0,restoration_eval.restoration_opencv,2.0.0,p026_loss_large_restored_opencv_telea.png,data\processed\restored\opencv_telea\canonical\p026_loss_large_restored_opencv_telea.png,60364dff965404ea80b24d4feffd0157305b4f55ce05dc834290449fe4f05c8e,0.390820700005861,2026-07-23T21:50:55.156488+00:00,2026-07-23T21:50:55.553585+00:00,True,ok,
canonical,p026_loss_small,p026,data\processed\clean\p026_clean.png,data\processed\masked\p026_loss_small_damaged.png,data\processed\masks\p026_loss_small_mask.png,p026_loss_small,opencv_telea__canonical__p026_loss_small,opencv_telea,cv2.INPAINT_TELEA,3,4.11.0,restoration_eval.restoration_opencv,2.0.0,p026_loss_small_restored_opencv_telea.png,data\processed\restored\opencv_telea\canonical\p026_loss_small_restored_opencv_telea.png,7ced2098b4cc9e1f572053abdf7142452e4858ca35de6733a1bc7ffccc6b7ef9,0.33704139999463223,2026-07-23T21:50:55.553585+00:00,2026-07-23T21:50:55.896453+00:00,True,ok,
canonical,p026_mixed_damage,p026,data\processed\clean\p026_clean.png,data\processed\masked\p026_mixed_damage_damaged.png,data\processed\masks\p026_mixed_damage_mask.png,p026_mixed_damage,opencv_telea__canonical__p026_mixed_damage,opencv_telea,cv2.INPAINT_TELEA,3,4.11.0,restoration_eval.restoration_opencv,2.0.0,p026_mixed_damage_restored_opencv_telea.png,data\processed\restored\opencv_telea\canonical\p026_mixed_damage_restored_opencv_telea.png,4cf3f722861d1b2b67e60a66fdd643527b916d556e03df855796f3b68d0531c9,0.38475719999405555,2026-07-23T21:50:55.896453+00:00,2026-07-23T21:50:56.278991+00:00,True,ok,
canonical,p026_scratch_thin,p026,data\processed\clean\p026_clean.png,data\processed\masked\p026_scratch_thin_damaged.png,data\processed\masks\p026_scratch_thin_mask.png,p026_scratch_thin,opencv_telea__canonical__p026_scratch_thin,opencv_telea,cv2.INPAINT_TELEA,3,4.11.0,restoration_eval.restoration_opencv,2.0.0,p026_scratch_thin_restored_opencv_telea.png,data\processed\restored\opencv_telea\canonical\p026_scratch_thin_restored_opencv_telea.png,c2c3cfd4b28f7418d8461a993c4e37a67ef6cf356336bb5b391d38353814177e,0.31640720000723377,2026-07-23T21:50:56.286196+00:00,2026-07-23T21:50:56.588342+00:00,True,ok,
canonical,p026_zero_control,p026,data\processed\clean\p026_clean.png,data\processed\masked\p026_zero_control_damaged.png,data\processed\masks\p026_zero_control_mask.png,p026_zero_control,opencv_telea__canonical__p026_zero_control,opencv_telea,cv2.INPAINT_TELEA,3,4.11.0,restoration_eval.restoration_opencv,2.0.0,p026_zero_control_restored_opencv_telea.png,data\processed\restored\opencv_telea\canonical\p026_zero_control_restored_opencv_telea.png,48819acb8a3147c0230f636c58eaaa127b2bdde3b71bb7e4f101b4e2ac97b3ee,0.2771212000225205,2026-07-23T21:50:56.604408+00:00,2026-07-23T21:50:56.873942+00:00,True,ok,
canonical,p027_loss_large,p027,data\processed\clean\p027_clean.png,data\processed\masked\p027_loss_large_damaged.png,data\processed\masks\p027_loss_large_mask.png,p027_loss_large,opencv_telea__canonical__p027_loss_large,opencv_telea,cv2.INPAINT_TELEA,3,4.11.0,restoration_eval.restoration_opencv,2.0.0,p027_loss_large_restored_opencv_telea.png,data\processed\restored\opencv_telea\canonical\p027_loss_large_restored_opencv_telea.png,5b2f1d8c46f48d2882d307372c1cd9c652ed91453d9547070b4889146c7a4b2b,0.4994267000001855,2026-07-23T21:50:56.873942+00:00,2026-07-23T21:50:57.380790+00:00,True,ok,
canonical,p027_loss_small,p027,data\processed\clean\p027_clean.png,data\processed\masked\p027_loss_small_damaged.png,data\processed\masks\p027_loss_small_mask.png,p027_loss_small,opencv_telea__canonical__p027_loss_small,opencv_telea,cv2.INPAINT_TELEA,3,4.11.0,restoration_eval.restoration_opencv,2.0.0,p027_loss_small_restored_opencv_telea.png,data\processed\restored\opencv_telea\canonical\p027_loss_small_restored_opencv_telea.png,e4f207193b28efb6a8c8c66b2f4492d918f5379af24bc2521fc9422cb722b07d,0.4489330999786034,2026-07-23T21:50:57.380790+00:00,2026-07-23T21:50:57.835841+00:00,True,ok,
canonical,p027_mixed_damage,p027,data\processed\clean\p027_clean.png,data\processed\masked\p027_mixed_damage_damaged.png,data\processed\masks\p027_mixed_damage_mask.png,p027_mixed_damage,opencv_telea__canonical__p027_mixed_damage,opencv_telea,cv2.INPAINT_TELEA,3,4.11.0,restoration_eval.restoration_opencv,2.0.0,p027_mixed_damage_restored_opencv_telea.png,data\processed\restored\opencv_telea\canonical\p027_mixed_damage_restored_opencv_telea.png,47fc5748168fa4a24d14c532622cd89ffc4321bf8a5c3082d47ef8d866313a1a,0.4851601000118535,2026-07-23T21:50:57.835841+00:00,2026-07-23T21:50:58.318706+00:00,True,ok,
canonical,p027_scratch_thin,p027,data\processed\clean\p027_clean.png,data\processed\masked\p027_scratch_thin_damaged.png,data\processed\masks\p027_scratch_thin_mask.png,p027_scratch_thin,opencv_telea__canonical__p027_scratch_thin,opencv_telea,cv2.INPAINT_TELEA,3,4.11.0,restoration_eval.restoration_opencv,2.0.0,p027_scratch_thin_restored_opencv_telea.png,data\processed\restored\opencv_telea\canonical\p027_scratch_thin_restored_opencv_telea.png,628cd7555db391d4579eae26164c28e91a50ee6125643c709bb8bf6cb2214748,0.4155097000184469,2026-07-23T21:50:58.318706+00:00,2026-07-23T21:50:58.741307+00:00,True,ok,
canonical,p027_zero_control,p027,data\processed\clean\p027_clean.png,data\processed\masked\p027_zero_control_damaged.png,data\processed\masks\p027_zero_control_mask.png,p027_zero_control,opencv_telea__canonical__p027_zero_control,opencv_telea,cv2.INPAINT_TELEA,3,4.11.0,restoration_eval.restoration_opencv,2.0.0,p027_zero_control_restored_opencv_telea.png,data\processed\restored\opencv_telea\canonical\p027_zero_control_restored_opencv_telea.png,b511d4ea728be4b693a1e639af9800e4242fc884d50527c9cab568aa8591ed8c,0.3715741999913007,2026-07-23T21:50:58.744374+00:00,2026-07-23T21:50:59.115420+00:00,True,ok,
canonical,p028_loss_large,p028,data\processed\clean\p028_clean.png,data\processed\masked\p028_loss_large_damaged.png,data\processed\masks\p028_loss_large_mask.png,p028_loss_large,opencv_telea__canonical__p028_loss_large,opencv_telea,cv2.INPAINT_TELEA,3,4.11.0,restoration_eval.restoration_opencv,2.0.0,p028_loss_large_restored_opencv_telea.png,data\processed\restored\opencv_telea\canonical\p028_loss_large_restored_opencv_telea.png,593f85a882318afebabe8c79ef789f3faa04f8acd8bbdffa1965097272ae0666,0.5197041000064928,2026-07-23T21:50:59.117430+00:00,2026-07-23T21:50:59.636353+00:00,True,ok,
canonical,p028_loss_small,p028,data\processed\clean\p028_clean.png,data\processed\masked\p028_loss_small_damaged.png,data\processed\masks\p028_loss_small_mask.png,p028_loss_small,opencv_telea__canonical__p028_loss_small,opencv_telea,cv2.INPAINT_TELEA,3,4.11.0,restoration_eval.restoration_opencv,2.0.0,p028_loss_small_restored_opencv_telea.png,data\processed\restored\opencv_telea\canonical\p028_loss_small_restored_opencv_telea.png,9b9c1dadfbebe70945dd53b6c34f4c1275f1439c1372012e1d3da59d249a47cd,0.463439399987692,2026-07-23T21:50:59.639376+00:00,2026-07-23T21:51:00.100812+00:00,True,ok,
canonical,p028_mixed_damage,p028,data\processed\clean\p028_clean.png,data\processed\masked\p028_mixed_damage_damaged.png,data\processed\masks\p028_mixed_damage_mask.png,p028_mixed_damage,opencv_telea__canonical__p028_mixed_damage,opencv_telea,cv2.INPAINT_TELEA,3,4.11.0,restoration_eval.restoration_opencv,2.0.0,p028_mixed_damage_restored_opencv_telea.png,data\processed\restored\opencv_telea\canonical\p028_mixed_damage_restored_opencv_telea.png,41de440260e6bee7ddcb503dc9bcda84d4acb80f0605ff7ba98bdebe08b268be,0.5304991000157315,2026-07-23T21:51:00.100812+00:00,2026-07-23T21:51:00.636415+00:00,True,ok,
canonical,p028_scratch_thin,p028,data\processed\clean\p028_clean.png,data\processed\masked\p028_scratch_thin_damaged.png,data\processed\masks\p028_scratch_thin_mask.png,p028_scratch_thin,opencv_telea__canonical__p028_scratch_thin,opencv_telea,cv2.INPAINT_TELEA,3,4.11.0,restoration_eval.restoration_opencv,2.0.0,p028_scratch_thin_restored_opencv_telea.png,data\processed\restored\opencv_telea\canonical\p028_scratch_thin_restored_opencv_telea.png,f444f1c10ed3888f6fdca553b73cf4f2d55afa039f4feb3dcd6522af9df30274,0.46338299999479204,2026-07-23T21:51:00.638427+00:00,2026-07-23T21:51:01.101781+00:00,True,ok,
canonical,p028_zero_control,p028,data\processed\clean\p028_clean.png,data\processed\masked\p028_zero_control_damaged.png,data\processed\masks\p028_zero_control_mask.png,p028_zero_control,opencv_telea__canonical__p028_zero_control,opencv_telea,cv2.INPAINT_TELEA,3,4.11.0,restoration_eval.restoration_opencv,2.0.0,p028_zero_control_restored_opencv_telea.png,data\processed\restored\opencv_telea\canonical\p028_zero_control_restored_opencv_telea.png,af37fc37a2acc1e4782b8a23cdf30920137397ae4cea216f8767307470d6e048,0.4277097000158392,2026-07-23T21:51:01.103810+00:00,2026-07-23T21:51:01.527018+00:00,True,ok,
canonical,p029_loss_large,p029,data\processed\clean\p029_clean.png,data\processed\masked\p029_loss_large_damaged.png,data\processed\masks\p029_loss_large_mask.png,p029_loss_large,opencv_telea__canonical__p029_loss_large,opencv_telea,cv2.INPAINT_TELEA,3,4.11.0,restoration_eval.restoration_opencv,2.0.0,p029_loss_large_restored_opencv_telea.png,data\processed\restored\opencv_telea\canonical\p029_loss_large_restored_opencv_telea.png,806c5ade312bfcb691e6e428526f8054f382b3f35fcdd9d99b252202c5a7f736,0.4299043999926653,2026-07-23T21:51:01.527018+00:00,2026-07-23T21:51:01.960199+00:00,True,ok,
canonical,p029_loss_small,p029,data\processed\clean\p029_clean.png,data\processed\masked\p029_loss_small_damaged.png,data\processed\masks\p029_loss_small_mask.png,p029_loss_small,opencv_telea__canonical__p029_loss_small,opencv_telea,cv2.INPAINT_TELEA,3,4.11.0,restoration_eval.restoration_opencv,2.0.0,p029_loss_small_restored_opencv_telea.png,data\processed\restored\opencv_telea\canonical\p029_loss_small_restored_opencv_telea.png,71ff969ac0c11a57904a6743dee44c38800b8eb92c6b61c452a1c594d80ac978,0.36530609999317676,2026-07-23T21:51:01.960199+00:00,2026-07-23T21:51:02.333013+00:00,True,ok,
canonical,p029_mixed_damage,p029,data\processed\clean\p029_clean.png,data\processed\masked\p029_mixed_damage_damaged.png,data\processed\masks\p029_mixed_damage_mask.png,p029_mixed_damage,opencv_telea__canonical__p029_mixed_damage,opencv_telea,cv2.INPAINT_TELEA,3,4.11.0,restoration_eval.restoration_opencv,2.0.0,p029_mixed_damage_restored_opencv_telea.png,data\processed\restored\opencv_telea\canonical\p029_mixed_damage_restored_opencv_telea.png,62981e5e85d6517678ad8a6d269c304083513f5071d475230f05c1967ed4e0fa,0.46150800000759773,2026-07-23T21:51:02.335024+00:00,2026-07-23T21:51:02.797442+00:00,True,ok,
canonical,p029_scratch_thin,p029,data\processed\clean\p029_clean.png,data\processed\masked\p029_scratch_thin_damaged.png,data\processed\masks\p029_scratch_thin_mask.png,p029_scratch_thin,opencv_telea__canonical__p029_scratch_thin,opencv_telea,cv2.INPAINT_TELEA,3,4.11.0,restoration_eval.restoration_opencv,2.0.0,p029_scratch_thin_restored_opencv_telea.png,data\processed\restored\opencv_telea\canonical\p029_scratch_thin_restored_opencv_telea.png,2fd23d39a6a16ebb700db3a5f13705acba787207507718613c90fc597b41cf08,0.3570815999992192,2026-07-23T21:51:02.799451+00:00,2026-07-23T21:51:03.156499+00:00,True,ok,
canonical,p029_zero_control,p029,data\processed\clean\p029_clean.png,data\processed\masked\p029_zero_control_damaged.png,data\processed\masks\p029_zero_control_mask.png,p029_zero_control,opencv_telea__canonical__p029_zero_control,opencv_telea,cv2.INPAINT_TELEA,3,4.11.0,restoration_eval.restoration_opencv,2.0.0,p029_zero_control_restored_opencv_telea.png,data\processed\restored\opencv_telea\canonical\p029_zero_control_restored_opencv_telea.png,b96175aedef43ead15c557cd4a3fa152c56e2ec9b6cc0c30deda1ec45494a84b,0.33098959998460487,2026-07-23T21:51:03.158510+00:00,2026-07-23T21:51:03.489887+00:00,True,ok,
canonical,p030_loss_large,p030,data\processed\clean\p030_clean.png,data\processed\masked\p030_loss_large_damaged.png,data\processed\masks\p030_loss_large_mask.png,p030_loss_large,opencv_telea__canonical__p030_loss_large,opencv_telea,cv2.INPAINT_TELEA,3,4.11.0,restoration_eval.restoration_opencv,2.0.0,p030_loss_large_restored_opencv_telea.png,data\processed\restored\opencv_telea\canonical\p030_loss_large_restored_opencv_telea.png,ce97396b191bca1dcba208602a3a949ed2da70efc7ac213d04820e3c0b3134ff,0.5290512999927159,2026-07-23T21:51:03.491898+00:00,2026-07-23T21:51:04.017404+00:00,True,ok,
canonical,p030_loss_small,p030,data\processed\clean\p030_clean.png,data\processed\masked\p030_loss_small_damaged.png,data\processed\masks\p030_loss_small_mask.png,p030_loss_small,opencv_telea__canonical__p030_loss_small,opencv_telea,cv2.INPAINT_TELEA,3,4.11.0,restoration_eval.restoration_opencv,2.0.0,p030_loss_small_restored_opencv_telea.png,data\processed\restored\opencv_telea\canonical\p030_loss_small_restored_opencv_telea.png,1c3bbe6e44f6d5035f3e4de965439056f33719415121fcbc25e73380de82b06b,0.48068049998255447,2026-07-23T21:51:04.017404+00:00,2026-07-23T21:51:04.500607+00:00,True,ok,
canonical,p030_mixed_damage,p030,data\processed\clean\p030_clean.png,data\processed\masked\p030_mixed_damage_damaged.png,data\processed\masks\p030_mixed_damage_mask.png,p030_mixed_damage,opencv_telea__canonical__p030_mixed_damage,opencv_telea,cv2.INPAINT_TELEA,3,4.11.0,restoration_eval.restoration_opencv,2.0.0,p030_mixed_damage_restored_opencv_telea.png,data\processed\restored\opencv_telea\canonical\p030_mixed_damage_restored_opencv_telea.png,dbf285e3398b01e90fa04e6326631d34cc3a4c4c99ac391b036e8ad2ad57b25e,0.5260869000048842,2026-07-23T21:51:04.506440+00:00,2026-07-23T21:51:05.032753+00:00,True,ok,
canonical,p030_scratch_thin,p030,data\processed\clean\p030_clean.png,data\processed\masked\p030_scratch_thin_damaged.png,data\processed\masks\p030_scratch_thin_mask.png,p030_scratch_thin,opencv_telea__canonical__p030_scratch_thin,opencv_telea,cv2.INPAINT_TELEA,3,4.11.0,restoration_eval.restoration_opencv,2.0.0,p030_scratch_thin_restored_opencv_telea.png,data\processed\restored\opencv_telea\canonical\p030_scratch_thin_restored_opencv_telea.png,b55e7e206a86bc1e4d828aa1954735a303ad537cbbef62615e8a949db32864fd,0.4788495000102557,2026-07-23T21:51:05.032753+00:00,2026-07-23T21:51:05.509745+00:00,True,ok,
canonical,p030_zero_control,p030,data\processed\clean\p030_clean.png,data\processed\masked\p030_zero_control_damaged.png,data\processed\masks\p030_zero_control_mask.png,p030_zero_control,opencv_telea__canonical__p030_zero_control,opencv_telea,cv2.INPAINT_TELEA,3,4.11.0,restoration_eval.restoration_opencv,2.0.0,p030_zero_control_restored_opencv_telea.png,data\processed\restored\opencv_telea\canonical\p030_zero_control_restored_opencv_telea.png,f21c436d8a5c02a0828d0c31cb3cbf4334688711596ed5fc79e263f211f93e11,0.43890450001345016,2026-07-23T21:51:05.509745+00:00,2026-07-23T21:51:05.955197+00:00,True,ok,
canonical,p031_loss_large,p031,data\processed\clean\p031_clean.png,data\processed\masked\p031_loss_large_damaged.png,data\processed\masks\p031_loss_large_mask.png,p031_loss_large,opencv_telea__canonical__p031_loss_large,opencv_telea,cv2.INPAINT_TELEA,3,4.11.0,restoration_eval.restoration_opencv,2.0.0,p031_loss_large_restored_opencv_telea.png,data\processed\restored\opencv_telea\canonical\p031_loss_large_restored_opencv_telea.png,015c30c1598f2f25f4af51a2a0b7a299716a246412b4a397dbc4d3ff79da9fbe,0.7134569000045303,2026-07-23T21:51:05.958774+00:00,2026-07-23T21:51:06.666248+00:00,True,ok,
canonical,p031_loss_small,p031,data\processed\clean\p031_clean.png,data\processed\masked\p031_loss_small_damaged.png,data\processed\masks\p031_loss_small_mask.png,p031_loss_small,opencv_telea__canonical__p031_loss_small,opencv_telea,cv2.INPAINT_TELEA,3,4.11.0,restoration_eval.restoration_opencv,2.0.0,p031_loss_small_restored_opencv_telea.png,data\processed\restored\opencv_telea\canonical\p031_loss_small_restored_opencv_telea.png,4eef78df01270d616cb0cc05b63ed538dc0e4e0f47352357d788dec6fdc2097d,0.5634457000123803,2026-07-23T21:51:06.666248+00:00,2026-07-23T21:51:07.237965+00:00,True,ok,
canonical,p031_mixed_damage,p031,data\processed\clean\p031_clean.png,data\processed\masked\p031_mixed_damage_damaged.png,data\processed\masks\p031_mixed_damage_mask.png,p031_mixed_damage,opencv_telea__canonical__p031_mixed_damage,opencv_telea,cv2.INPAINT_TELEA,3,4.11.0,restoration_eval.restoration_opencv,2.0.0,p031_mixed_damage_restored_opencv_telea.png,data\processed\restored\opencv_telea\canonical\p031_mixed_damage_restored_opencv_telea.png,1b048288a227513fc639a4a35eaaad6f625abea1c517391d014397b88487e23c,0.6405950000043958,2026-07-23T21:51:07.239976+00:00,2026-07-23T21:51:07.880218+00:00,True,ok,
canonical,p031_scratch_thin,p031,data\processed\clean\p031_clean.png,data\processed\masked\p031_scratch_thin_damaged.png,data\processed\masks\p031_scratch_thin_mask.png,p031_scratch_thin,opencv_telea__canonical__p031_scratch_thin,opencv_telea,cv2.INPAINT_TELEA,3,4.11.0,restoration_eval.restoration_opencv,2.0.0,p031_scratch_thin_restored_opencv_telea.png,data\processed\restored\opencv_telea\canonical\p031_scratch_thin_restored_opencv_telea.png,122f6d7d22914e8f29f6082baab8e80ef3a0b8fb93e045c12b1627fd51e17df1,0.5580855000007432,2026-07-23T21:51:07.882227+00:00,2026-07-23T21:51:08.439528+00:00,True,ok,
canonical,p031_zero_control,p031,data\processed\clean\p031_clean.png,data\processed\masked\p031_zero_control_damaged.png,data\processed\masks\p031_zero_control_mask.png,p031_zero_control,opencv_telea__canonical__p031_zero_control,opencv_telea,cv2.INPAINT_TELEA,3,4.11.0,restoration_eval.restoration_opencv,2.0.0,p031_zero_control_restored_opencv_telea.png,data\processed\restored\opencv_telea\canonical\p031_zero_control_restored_opencv_telea.png,783f839e2b8f1541aa7cdb3e54f34f64fc627dbf14232fd437104510967260db,0.5040813999949023,2026-07-23T21:51:08.439528+00:00,2026-07-23T21:51:08.948227+00:00,True,ok,
canonical,p032_loss_large,p032,data\processed\clean\p032_clean.png,data\processed\masked\p032_loss_large_damaged.png,data\processed\masks\p032_loss_large_mask.png,p032_loss_large,opencv_telea__canonical__p032_loss_large,opencv_telea,cv2.INPAINT_TELEA,3,4.11.0,restoration_eval.restoration_opencv,2.0.0,p032_loss_large_restored_opencv_telea.png,data\processed\restored\opencv_telea\canonical\p032_loss_large_restored_opencv_telea.png,acad524a76cebbe29d88e9b7410cddff5f67e5a532117230e812f3b5960bc258,0.661309600021923,2026-07-23T21:51:08.950236+00:00,2026-07-23T21:51:09.611507+00:00,True,ok,
canonical,p032_loss_small,p032,data\processed\clean\p032_clean.png,data\processed\masked\p032_loss_small_damaged.png,data\processed\masks\p032_loss_small_mask.png,p032_loss_small,opencv_telea__canonical__p032_loss_small,opencv_telea,cv2.INPAINT_TELEA,3,4.11.0,restoration_eval.restoration_opencv,2.0.0,p032_loss_small_restored_opencv_telea.png,data\processed\restored\opencv_telea\canonical\p032_loss_small_restored_opencv_telea.png,3647108ff89bf4ee6358ba9f7dba2c31d1d1c18d503a09cb1a674b7fbda95311,0.5506772999942768,2026-07-23T21:51:09.613515+00:00,2026-07-23T21:51:10.164830+00:00,True,ok,
canonical,p032_mixed_damage,p032,data\processed\clean\p032_clean.png,data\processed\masked\p032_mixed_damage_damaged.png,data\processed\masks\p032_mixed_damage_mask.png,p032_mixed_damage,opencv_telea__canonical__p032_mixed_damage,opencv_telea,cv2.INPAINT_TELEA,3,4.11.0,restoration_eval.restoration_opencv,2.0.0,p032_mixed_damage_restored_opencv_telea.png,data\processed\restored\opencv_telea\canonical\p032_mixed_damage_restored_opencv_telea.png,014e069a9ab8fcef724f0e714af0d6718bd13c915042c6bf22c735802a7a14ad,0.6244306000007782,2026-07-23T21:51:10.166840+00:00,2026-07-23T21:51:10.786338+00:00,True,ok,
canonical,p032_scratch_thin,p032,data\processed\clean\p032_clean.png,data\processed\masked\p032_scratch_thin_damaged.png,data\processed\masks\p032_scratch_thin_mask.png,p032_scratch_thin,opencv_telea__canonical__p032_scratch_thin,opencv_telea,cv2.INPAINT_TELEA,3,4.11.0,restoration_eval.restoration_opencv,2.0.0,p032_scratch_thin_restored_opencv_telea.png,data\processed\restored\opencv_telea\canonical\p032_scratch_thin_restored_opencv_telea.png,6c3e6e05fe4f519a1913ed0f603ef61b2dbef9dccbf79621a7f26be1f4329c79,0.5387762000027578,2026-07-23T21:51:10.786338+00:00,2026-07-23T21:51:11.330108+00:00,True,ok,
canonical,p032_zero_control,p032,data\processed\clean\p032_clean.png,data\processed\masked\p032_zero_control_damaged.png,data\processed\masks\p032_zero_control_mask.png,p032_zero_control,opencv_telea__canonical__p032_zero_control,opencv_telea,cv2.INPAINT_TELEA,3,4.11.0,restoration_eval.restoration_opencv,2.0.0,p032_zero_control_restored_opencv_telea.png,data\processed\restored\opencv_telea\canonical\p032_zero_control_restored_opencv_telea.png,e3577b3e4d952c2daa4cfec5cf51916a773741efd054dd96afd2412beab730a7,0.5051069000037387,2026-07-23T21:51:11.330108+00:00,2026-07-23T21:51:11.835285+00:00,True,ok,
canonical,p033_loss_large,p033,data\processed\clean\p033_clean.png,data\processed\masked\p033_loss_large_damaged.png,data\processed\masks\p033_loss_large_mask.png,p033_loss_large,opencv_telea__canonical__p033_loss_large,opencv_telea,cv2.INPAINT_TELEA,3,4.11.0,restoration_eval.restoration_opencv,2.0.0,p033_loss_large_restored_opencv_telea.png,data\processed\restored\opencv_telea\canonical\p033_loss_large_restored_opencv_telea.png,6d264119dd8ac6e77a9d122b2e8b71b460d1b6589d3cf2e85585c2a5cdaeba2a,0.49898830000893213,2026-07-23T21:51:11.835285+00:00,2026-07-23T21:51:12.336984+00:00,True,ok,
canonical,p033_loss_small,p033,data\processed\clean\p033_clean.png,data\processed\masked\p033_loss_small_damaged.png,data\processed\masks\p033_loss_small_mask.png,p033_loss_small,opencv_telea__canonical__p033_loss_small,opencv_telea,cv2.INPAINT_TELEA,3,4.11.0,restoration_eval.restoration_opencv,2.0.0,p033_loss_small_restored_opencv_telea.png,data\processed\restored\opencv_telea\canonical\p033_loss_small_restored_opencv_telea.png,10b79f9afa82145e51347b0ff41180123acd425e4b1bc01b6540aa4cff87aed0,0.40286629999172874,2026-07-23T21:51:12.342264+00:00,2026-07-23T21:51:12.737853+00:00,True,ok,
canonical,p033_mixed_damage,p033,data\processed\clean\p033_clean.png,data\processed\masked\p033_mixed_damage_damaged.png,data\processed\masks\p033_mixed_damage_mask.png,p033_mixed_damage,opencv_telea__canonical__p033_mixed_damage,opencv_telea,cv2.INPAINT_TELEA,3,4.11.0,restoration_eval.restoration_opencv,2.0.0,p033_mixed_damage_restored_opencv_telea.png,data\processed\restored\opencv_telea\canonical\p033_mixed_damage_restored_opencv_telea.png,e7d001d1fcddddac8727b70ddb186d821ad33241d451ef0a8cec4a3cd1373054,0.45847959999809973,2026-07-23T21:51:12.737853+00:00,2026-07-23T21:51:13.207709+00:00,True,ok,
canonical,p033_scratch_thin,p033,data\processed\clean\p033_clean.png,data\processed\masked\p033_scratch_thin_damaged.png,data\processed\masks\p033_scratch_thin_mask.png,p033_scratch_thin,opencv_telea__canonical__p033_scratch_thin,opencv_telea,cv2.INPAINT_TELEA,3,4.11.0,restoration_eval.restoration_opencv,2.0.0,p033_scratch_thin_restored_opencv_telea.png,data\processed\restored\opencv_telea\canonical\p033_scratch_thin_restored_opencv_telea.png,e85404cbf206caa1fd5c615cd2ecd79d66e5a695267a7a7bc677086a14280a4e,0.4167621999804396,2026-07-23T21:51:13.209717+00:00,2026-07-23T21:51:13.626252+00:00,True,ok,
canonical,p033_zero_control,p033,data\processed\clean\p033_clean.png,data\processed\masked\p033_zero_control_damaged.png,data\processed\masks\p033_zero_control_mask.png,p033_zero_control,opencv_telea__canonical__p033_zero_control,opencv_telea,cv2.INPAINT_TELEA,3,4.11.0,restoration_eval.restoration_opencv,2.0.0,p033_zero_control_restored_opencv_telea.png,data\processed\restored\opencv_telea\canonical\p033_zero_control_restored_opencv_telea.png,d229de2f2373b30f7c0c949020499e8a0e8e6bd557aa60a426e412a339ef1fde,0.33101449999958277,2026-07-23T21:51:13.628262+00:00,2026-07-23T21:51:13.958081+00:00,True,ok,
canonical,p034_loss_large,p034,data\processed\clean\p034_clean.png,data\processed\masked\p034_loss_large_damaged.png,data\processed\masks\p034_loss_large_mask.png,p034_loss_large,opencv_telea__canonical__p034_loss_large,opencv_telea,cv2.INPAINT_TELEA,3,4.11.0,restoration_eval.restoration_opencv,2.0.0,p034_loss_large_restored_opencv_telea.png,data\processed\restored\opencv_telea\canonical\p034_loss_large_restored_opencv_telea.png,ed78a66d5ddd1306cb8eea2e6596599f79252518bb82e7607c96f29d8f5f45cb,0.5584974999947008,2026-07-23T21:51:13.958081+00:00,2026-07-23T21:51:14.520482+00:00,True,ok,
canonical,p034_loss_small,p034,data\processed\clean\p034_clean.png,data\processed\masked\p034_loss_small_damaged.png,data\processed\masks\p034_loss_small_mask.png,p034_loss_small,opencv_telea__canonical__p034_loss_small,opencv_telea,cv2.INPAINT_TELEA,3,4.11.0,restoration_eval.restoration_opencv,2.0.0,p034_loss_small_restored_opencv_telea.png,data\processed\restored\opencv_telea\canonical\p034_loss_small_restored_opencv_telea.png,362a879733f3e717fedae64ecce619ac5c8f615510417e19c3fda720ede597d9,0.4570106999890413,2026-07-23T21:51:14.522491+00:00,2026-07-23T21:51:14.979771+00:00,True,ok,
canonical,p034_mixed_damage,p034,data\processed\clean\p034_clean.png,data\processed\masked\p034_mixed_damage_damaged.png,data\processed\masks\p034_mixed_damage_mask.png,p034_mixed_damage,opencv_telea__canonical__p034_mixed_damage,opencv_telea,cv2.INPAINT_TELEA,3,4.11.0,restoration_eval.restoration_opencv,2.0.0,p034_mixed_damage_restored_opencv_telea.png,data\processed\restored\opencv_telea\canonical\p034_mixed_damage_restored_opencv_telea.png,5109c9d7f808279c22ec397a01c46ff22ede88e06ffa545d2322a56fadf6ca8b,0.6544543000054546,2026-07-23T21:51:14.981781+00:00,2026-07-23T21:51:15.631910+00:00,True,ok,
canonical,p034_scratch_thin,p034,data\processed\clean\p034_clean.png,data\processed\masked\p034_scratch_thin_damaged.png,data\processed\masks\p034_scratch_thin_mask.png,p034_scratch_thin,opencv_telea__canonical__p034_scratch_thin,opencv_telea,cv2.INPAINT_TELEA,3,4.11.0,restoration_eval.restoration_opencv,2.0.0,p034_scratch_thin_restored_opencv_telea.png,data\processed\restored\opencv_telea\canonical\p034_scratch_thin_restored_opencv_telea.png,2e2adb8cdeac1ad5ba9d714a20edbc06bfa2bcc4e6b9e74098a4300b1dfb9938,0.41320100001757964,2026-07-23T21:51:15.639963+00:00,2026-07-23T21:51:16.054090+00:00,True,ok,
canonical,p034_zero_control,p034,data\processed\clean\p034_clean.png,data\processed\masked\p034_zero_control_damaged.png,data\processed\masks\p034_zero_control_mask.png,p034_zero_control,opencv_telea__canonical__p034_zero_control,opencv_telea,cv2.INPAINT_TELEA,3,4.11.0,restoration_eval.restoration_opencv,2.0.0,p034_zero_control_restored_opencv_telea.png,data\processed\restored\opencv_telea\canonical\p034_zero_control_restored_opencv_telea.png,301cfc1b2c5fff509d0f03c9c71bb6ca12fcb1c697a46806dcf89d4fa82c33c1,0.3934677000215743,2026-07-23T21:51:16.054090+00:00,2026-07-23T21:51:16.436010+00:00,True,ok,
canonical,p035_loss_large,p035,data\processed\clean\p035_clean.png,data\processed\masked\p035_loss_large_damaged.png,data\processed\masks\p035_loss_large_mask.png,p035_loss_large,opencv_telea__canonical__p035_loss_large,opencv_telea,cv2.INPAINT_TELEA,3,4.11.0,restoration_eval.restoration_opencv,2.0.0,p035_loss_large_restored_opencv_telea.png,data\processed\restored\opencv_telea\canonical\p035_loss_large_restored_opencv_telea.png,ce0d80ad9577482bfe0ed0b0858e69ed9cb3d91d136eb25f93dbde465e0d7bf4,0.40303009998751804,2026-07-23T21:51:16.451842+00:00,2026-07-23T21:51:16.850983+00:00,True,ok,
canonical,p035_loss_small,p035,data\processed\clean\p035_clean.png,data\processed\masked\p035_loss_small_damaged.png,data\processed\masks\p035_loss_small_mask.png,p035_loss_small,opencv_telea__canonical__p035_loss_small,opencv_telea,cv2.INPAINT_TELEA,3,4.11.0,restoration_eval.restoration_opencv,2.0.0,p035_loss_small_restored_opencv_telea.png,data\processed\restored\opencv_telea\canonical\p035_loss_small_restored_opencv_telea.png,e0eda8e222edd9e9491e37b69b5219ff0e091ec64ddcc716bab7a58f50133fce,0.3097696999902837,2026-07-23T21:51:16.850983+00:00,2026-07-23T21:51:17.167542+00:00,True,ok,
canonical,p035_mixed_damage,p035,data\processed\clean\p035_clean.png,data\processed\masked\p035_mixed_damage_damaged.png,data\processed\masks\p035_mixed_damage_mask.png,p035_mixed_damage,opencv_telea__canonical__p035_mixed_damage,opencv_telea,cv2.INPAINT_TELEA,3,4.11.0,restoration_eval.restoration_opencv,2.0.0,p035_mixed_damage_restored_opencv_telea.png,data\processed\restored\opencv_telea\canonical\p035_mixed_damage_restored_opencv_telea.png,6fefa7eaabf1996694d413895c04e3f598508b672114883d31b0b5c0051bef1f,0.3785156999947503,2026-07-23T21:51:17.170858+00:00,2026-07-23T21:51:17.548727+00:00,True,ok,
canonical,p035_scratch_thin,p035,data\processed\clean\p035_clean.png,data\processed\masked\p035_scratch_thin_damaged.png,data\processed\masks\p035_scratch_thin_mask.png,p035_scratch_thin,opencv_telea__canonical__p035_scratch_thin,opencv_telea,cv2.INPAINT_TELEA,3,4.11.0,restoration_eval.restoration_opencv,2.0.0,p035_scratch_thin_restored_opencv_telea.png,data\processed\restored\opencv_telea\canonical\p035_scratch_thin_restored_opencv_telea.png,1092d19c67d556f9b77ce42dc75b039f8e5c307e4f6ea852adf7a332ffcd09b7,0.3150873999984469,2026-07-23T21:51:17.550734+00:00,2026-07-23T21:51:17.866385+00:00,True,ok,
canonical,p035_zero_control,p035,data\processed\clean\p035_clean.png,data\processed\masked\p035_zero_control_damaged.png,data\processed\masks\p035_zero_control_mask.png,p035_zero_control,opencv_telea__canonical__p035_zero_control,opencv_telea,cv2.INPAINT_TELEA,3,4.11.0,restoration_eval.restoration_opencv,2.0.0,p035_zero_control_restored_opencv_telea.png,data\processed\restored\opencv_telea\canonical\p035_zero_control_restored_opencv_telea.png,c90f5aaee6cbda8dfa8dd76f6465f2e8ec11869cfeb891def0550a8ab8fa2f18,0.270117800013395,2026-07-23T21:51:17.868396+00:00,2026-07-23T21:51:18.137043+00:00,True,ok,
canonical,p036_loss_large,p036,data\processed\clean\p036_clean.png,data\processed\masked\p036_loss_large_damaged.png,data\processed\masks\p036_loss_large_mask.png,p036_loss_large,opencv_telea__canonical__p036_loss_large,opencv_telea,cv2.INPAINT_TELEA,3,4.11.0,restoration_eval.restoration_opencv,2.0.0,p036_loss_large_restored_opencv_telea.png,data\processed\restored\opencv_telea\canonical\p036_loss_large_restored_opencv_telea.png,f4984f26198a946691ad6ffaa743a45fda70882835a994d61140b3e9a1436884,0.4465972000034526,2026-07-23T21:51:18.137043+00:00,2026-07-23T21:51:18.582145+00:00,True,ok,
canonical,p036_loss_small,p036,data\processed\clean\p036_clean.png,data\processed\masked\p036_loss_small_damaged.png,data\processed\masks\p036_loss_small_mask.png,p036_loss_small,opencv_telea__canonical__p036_loss_small,opencv_telea,cv2.INPAINT_TELEA,3,4.11.0,restoration_eval.restoration_opencv,2.0.0,p036_loss_small_restored_opencv_telea.png,data\processed\restored\opencv_telea\canonical\p036_loss_small_restored_opencv_telea.png,750316287bef75f01ba6139abb4496e94b35d6c533253790b0fda58681ff2371,0.32186599998385645,2026-07-23T21:51:18.582145+00:00,2026-07-23T21:51:18.912266+00:00,True,ok,
canonical,p036_mixed_damage,p036,data\processed\clean\p036_clean.png,data\processed\masked\p036_mixed_damage_damaged.png,data\processed\masks\p036_mixed_damage_mask.png,p036_mixed_damage,opencv_telea__canonical__p036_mixed_damage,opencv_telea,cv2.INPAINT_TELEA,3,4.11.0,restoration_eval.restoration_opencv,2.0.0,p036_mixed_damage_restored_opencv_telea.png,data\processed\restored\opencv_telea\canonical\p036_mixed_damage_restored_opencv_telea.png,d65dcda429ead1bee9eaa1995a262a4022c83267f03d005b133f388f086eba31,0.3899827999994159,2026-07-23T21:51:18.914274+00:00,2026-07-23T21:51:19.294711+00:00,True,ok,
canonical,p036_scratch_thin,p036,data\processed\clean\p036_clean.png,data\processed\masked\p036_scratch_thin_damaged.png,data\processed\masks\p036_scratch_thin_mask.png,p036_scratch_thin,opencv_telea__canonical__p036_scratch_thin,opencv_telea,cv2.INPAINT_TELEA,3,4.11.0,restoration_eval.restoration_opencv,2.0.0,p036_scratch_thin_restored_opencv_telea.png,data\processed\restored\opencv_telea\canonical\p036_scratch_thin_restored_opencv_telea.png,aaf8a2889234dfb0f31e891b3998176b3ea1cc4f869931be3af9edb163ffca8c,0.30353840001043864,2026-07-23T21:51:19.294711+00:00,2026-07-23T21:51:19.597629+00:00,True,ok,
canonical,p036_zero_control,p036,data\processed\clean\p036_clean.png,data\processed\masked\p036_zero_control_damaged.png,data\processed\masks\p036_zero_control_mask.png,p036_zero_control,opencv_telea__canonical__p036_zero_control,opencv_telea,cv2.INPAINT_TELEA,3,4.11.0,restoration_eval.restoration_opencv,2.0.0,p036_zero_control_restored_opencv_telea.png,data\processed\restored\opencv_telea\canonical\p036_zero_control_restored_opencv_telea.png,3dad1ac943273dc87da53a0ceb40da1b313e9ff7fad2f9c03ae77eee55c5012e,0.2657296000106726,2026-07-23T21:51:19.613591+00:00,2026-07-23T21:51:19.876438+00:00,True,ok,
canonical,p037_loss_large,p037,data\processed\clean\p037_clean.png,data\processed\masked\p037_loss_large_damaged.png,data\processed\masks\p037_loss_large_mask.png,p037_loss_large,opencv_telea__canonical__p037_loss_large,opencv_telea,cv2.INPAINT_TELEA,3,4.11.0,restoration_eval.restoration_opencv,2.0.0,p037_loss_large_restored_opencv_telea.png,data\processed\restored\opencv_telea\canonical\p037_loss_large_restored_opencv_telea.png,0b3b0463546e585e6696d046860fe430194399b53a3bed3cd3e2d110d8b0eebd,0.5836560999741778,2026-07-23T21:51:19.876438+00:00,2026-07-23T21:51:20.458278+00:00,True,ok,
canonical,p037_loss_small,p037,data\processed\clean\p037_clean.png,data\processed\masked\p037_loss_small_damaged.png,data\processed\masks\p037_loss_small_mask.png,p037_loss_small,opencv_telea__canonical__p037_loss_small,opencv_telea,cv2.INPAINT_TELEA,3,4.11.0,restoration_eval.restoration_opencv,2.0.0,p037_loss_small_restored_opencv_telea.png,data\processed\restored\opencv_telea\canonical\p037_loss_small_restored_opencv_telea.png,7c4c0fa88bb348dbf4b214014405a0a2ef70cd5d3c390521beb0223cd153e484,0.5309951999806799,2026-07-23T21:51:20.458278+00:00,2026-07-23T21:51:20.983194+00:00,True,ok,
canonical,p037_mixed_damage,p037,data\processed\clean\p037_clean.png,data\processed\masked\p037_mixed_damage_damaged.png,data\processed\masks\p037_mixed_damage_mask.png,p037_mixed_damage,opencv_telea__canonical__p037_mixed_damage,opencv_telea,cv2.INPAINT_TELEA,3,4.11.0,restoration_eval.restoration_opencv,2.0.0,p037_mixed_damage_restored_opencv_telea.png,data\processed\restored\opencv_telea\canonical\p037_mixed_damage_restored_opencv_telea.png,ae5065fe4b296944b1b265573b11b3d4dba83dbe10d06dee65af37a0a4ee84a9,0.5859859000192955,2026-07-23T21:51:20.999105+00:00,2026-07-23T21:51:21.587389+00:00,True,ok,
canonical,p037_scratch_thin,p037,data\processed\clean\p037_clean.png,data\processed\masked\p037_scratch_thin_damaged.png,data\processed\masks\p037_scratch_thin_mask.png,p037_scratch_thin,opencv_telea__canonical__p037_scratch_thin,opencv_telea,cv2.INPAINT_TELEA,3,4.11.0,restoration_eval.restoration_opencv,2.0.0,p037_scratch_thin_restored_opencv_telea.png,data\processed\restored\opencv_telea\canonical\p037_scratch_thin_restored_opencv_telea.png,d9e12a64dfe32be2b35d32bbab8d6da5da94e711556a353170ce82df5182c035,0.5185053000168409,2026-07-23T21:51:21.587389+00:00,2026-07-23T21:51:22.107156+00:00,True,ok,
canonical,p037_zero_control,p037,data\processed\clean\p037_clean.png,data\processed\masked\p037_zero_control_damaged.png,data\processed\masks\p037_zero_control_mask.png,p037_zero_control,opencv_telea__canonical__p037_zero_control,opencv_telea,cv2.INPAINT_TELEA,3,4.11.0,restoration_eval.restoration_opencv,2.0.0,p037_zero_control_restored_opencv_telea.png,data\processed\restored\opencv_telea\canonical\p037_zero_control_restored_opencv_telea.png,1a0f4ecd71fb5f2c20000e7a9d02efa81a4edd0b67758dc5190bd958c5bc387e,0.4903368999948725,2026-07-23T21:51:22.109165+00:00,2026-07-23T21:51:22.591581+00:00,True,ok,
canonical,p038_loss_large,p038,data\processed\clean\p038_clean.png,data\processed\masked\p038_loss_large_damaged.png,data\processed\masks\p038_loss_large_mask.png,p038_loss_large,opencv_telea__canonical__p038_loss_large,opencv_telea,cv2.INPAINT_TELEA,3,4.11.0,restoration_eval.restoration_opencv,2.0.0,p038_loss_large_restored_opencv_telea.png,data\processed\restored\opencv_telea\canonical\p038_loss_large_restored_opencv_telea.png,f9bc1be3f85d303626f9275b15811a21558e7347930855a094e52ba19320a962,0.49965169999632053,2026-07-23T21:51:22.601757+00:00,2026-07-23T21:51:23.099893+00:00,True,ok,
canonical,p038_loss_small,p038,data\processed\clean\p038_clean.png,data\processed\masked\p038_loss_small_damaged.png,data\processed\masks\p038_loss_small_mask.png,p038_loss_small,opencv_telea__canonical__p038_loss_small,opencv_telea,cv2.INPAINT_TELEA,3,4.11.0,restoration_eval.restoration_opencv,2.0.0,p038_loss_small_restored_opencv_telea.png,data\processed\restored\opencv_telea\canonical\p038_loss_small_restored_opencv_telea.png,5a30e15675f6abf1f0c45b6ac7028def291b8242c62936705fcd69735f161478,0.41527150000911206,2026-07-23T21:51:23.099893+00:00,2026-07-23T21:51:23.513297+00:00,True,ok,
canonical,p038_mixed_damage,p038,data\processed\clean\p038_clean.png,data\processed\masked\p038_mixed_damage_damaged.png,data\processed\masks\p038_mixed_damage_mask.png,p038_mixed_damage,opencv_telea__canonical__p038_mixed_damage,opencv_telea,cv2.INPAINT_TELEA,3,4.11.0,restoration_eval.restoration_opencv,2.0.0,p038_mixed_damage_restored_opencv_telea.png,data\processed\restored\opencv_telea\canonical\p038_mixed_damage_restored_opencv_telea.png,38411023cc7b7b61a25ce78ccbc70ac6425b2dd93798047a80ba9d6eaf3cfae9,0.47844080001232214,2026-07-23T21:51:23.513297+00:00,2026-07-23T21:51:23.997540+00:00,True,ok,
canonical,p038_scratch_thin,p038,data\processed\clean\p038_clean.png,data\processed\masked\p038_scratch_thin_damaged.png,data\processed\masks\p038_scratch_thin_mask.png,p038_scratch_thin,opencv_telea__canonical__p038_scratch_thin,opencv_telea,cv2.INPAINT_TELEA,3,4.11.0,restoration_eval.restoration_opencv,2.0.0,p038_scratch_thin_restored_opencv_telea.png,data\processed\restored\opencv_telea\canonical\p038_scratch_thin_restored_opencv_telea.png,11bcae02fdce87301d3d57aa534a135e96c52138757b4e275cef801ce3c0dac5,0.4008701000129804,2026-07-23T21:51:23.997540+00:00,2026-07-23T21:51:24.400734+00:00,True,ok,
canonical,p038_zero_control,p038,data\processed\clean\p038_clean.png,data\processed\masked\p038_zero_control_damaged.png,data\processed\masks\p038_zero_control_mask.png,p038_zero_control,opencv_telea__canonical__p038_zero_control,opencv_telea,cv2.INPAINT_TELEA,3,4.11.0,restoration_eval.restoration_opencv,2.0.0,p038_zero_control_restored_opencv_telea.png,data\processed\restored\opencv_telea\canonical\p038_zero_control_restored_opencv_telea.png,88c548a0296ca3833a044a2559627d1b18a7fde9300850b75ed1d08820231489,0.38676170000690036,2026-07-23T21:51:24.400734+00:00,2026-07-23T21:51:24.786649+00:00,True,ok,
canonical,p039_loss_large,p039,data\processed\clean\p039_clean.png,data\processed\masked\p039_loss_large_damaged.png,data\processed\masks\p039_loss_large_mask.png,p039_loss_large,opencv_telea__canonical__p039_loss_large,opencv_telea,cv2.INPAINT_TELEA,3,4.11.0,restoration_eval.restoration_opencv,2.0.0,p039_loss_large_restored_opencv_telea.png,data\processed\restored\opencv_telea\canonical\p039_loss_large_restored_opencv_telea.png,cd1debe66f7e6216c89dce2b3eec0d453c2f5c4bd62db0715a81aacc44fbbb82,0.47311719998833723,2026-07-23T21:51:24.786649+00:00,2026-07-23T21:51:25.260692+00:00,True,ok,
canonical,p039_loss_small,p039,data\processed\clean\p039_clean.png,data\processed\masked\p039_loss_small_damaged.png,data\processed\masks\p039_loss_small_mask.png,p039_loss_small,opencv_telea__canonical__p039_loss_small,opencv_telea,cv2.INPAINT_TELEA,3,4.11.0,restoration_eval.restoration_opencv,2.0.0,p039_loss_small_restored_opencv_telea.png,data\processed\restored\opencv_telea\canonical\p039_loss_small_restored_opencv_telea.png,6d06d79ca807f6a7001ce78cbc2d800fb86e6190ebc9645a632dffc9892b99df,0.3997403000248596,2026-07-23T21:51:25.260692+00:00,2026-07-23T21:51:25.658598+00:00,True,ok,
canonical,p039_mixed_damage,p039,data\processed\clean\p039_clean.png,data\processed\masked\p039_mixed_damage_damaged.png,data\processed\masks\p039_mixed_damage_mask.png,p039_mixed_damage,opencv_telea__canonical__p039_mixed_damage,opencv_telea,cv2.INPAINT_TELEA,3,4.11.0,restoration_eval.restoration_opencv,2.0.0,p039_mixed_damage_restored_opencv_telea.png,data\processed\restored\opencv_telea\canonical\p039_mixed_damage_restored_opencv_telea.png,1e648459fee83a2ae037e8a8fcb22e4d13532ca6f8774804f10171c65215381e,0.47209870000369847,2026-07-23T21:51:25.674305+00:00,2026-07-23T21:51:26.137717+00:00,True,ok,
canonical,p039_scratch_thin,p039,data\processed\clean\p039_clean.png,data\processed\masked\p039_scratch_thin_damaged.png,data\processed\masks\p039_scratch_thin_mask.png,p039_scratch_thin,opencv_telea__canonical__p039_scratch_thin,opencv_telea,cv2.INPAINT_TELEA,3,4.11.0,restoration_eval.restoration_opencv,2.0.0,p039_scratch_thin_restored_opencv_telea.png,data\processed\restored\opencv_telea\canonical\p039_scratch_thin_restored_opencv_telea.png,f06656b4f32ef1ea833478909cd0e5bb2bd133477a8ca2d87fe389016d7bf607,0.40479779997258447,2026-07-23T21:51:26.137717+00:00,2026-07-23T21:51:26.551465+00:00,True,ok,
canonical,p039_zero_control,p039,data\processed\clean\p039_clean.png,data\processed\masked\p039_zero_control_damaged.png,data\processed\masks\p039_zero_control_mask.png,p039_zero_control,opencv_telea__canonical__p039_zero_control,opencv_telea,cv2.INPAINT_TELEA,3,4.11.0,restoration_eval.restoration_opencv,2.0.0,p039_zero_control_restored_opencv_telea.png,data\processed\restored\opencv_telea\canonical\p039_zero_control_restored_opencv_telea.png,adc7c740921e37111c263492b14ccf28e00ec71749fd54ff92a6a8b1440b58f2,0.36194040000555106,2026-07-23T21:51:26.555258+00:00,2026-07-23T21:51:26.916945+00:00,True,ok,
canonical,p040_loss_large,p040,data\processed\clean\p040_clean.png,data\processed\masked\p040_loss_large_damaged.png,data\processed\masks\p040_loss_large_mask.png,p040_loss_large,opencv_telea__canonical__p040_loss_large,opencv_telea,cv2.INPAINT_TELEA,3,4.11.0,restoration_eval.restoration_opencv,2.0.0,p040_loss_large_restored_opencv_telea.png,data\processed\restored\opencv_telea\canonical\p040_loss_large_restored_opencv_telea.png,be588ae72557f67c382652aeab725a6021806fc7f3ee04d903cc1ff4ee963b7c,0.4273494000080973,2026-07-23T21:51:26.916945+00:00,2026-07-23T21:51:27.332536+00:00,True,ok,
canonical,p040_loss_small,p040,data\processed\clean\p040_clean.png,data\processed\masked\p040_loss_small_damaged.png,data\processed\masks\p040_loss_small_mask.png,p040_loss_small,opencv_telea__canonical__p040_loss_small,opencv_telea,cv2.INPAINT_TELEA,3,4.11.0,restoration_eval.restoration_opencv,2.0.0,p040_loss_small_restored_opencv_telea.png,data\processed\restored\opencv_telea\canonical\p040_loss_small_restored_opencv_telea.png,53752604fff61adbd50e435493e0a4dea600e4205b6b891d49b5dd3d25aea941,0.346534900018014,2026-07-23T21:51:27.348596+00:00,2026-07-23T21:51:27.687759+00:00,True,ok,
canonical,p040_mixed_damage,p040,data\processed\clean\p040_clean.png,data\processed\masked\p040_mixed_damage_damaged.png,data\processed\masks\p040_mixed_damage_mask.png,p040_mixed_damage,opencv_telea__canonical__p040_mixed_damage,opencv_telea,cv2.INPAINT_TELEA,3,4.11.0,restoration_eval.restoration_opencv,2.0.0,p040_mixed_damage_restored_opencv_telea.png,data\processed\restored\opencv_telea\canonical\p040_mixed_damage_restored_opencv_telea.png,00b9db426e287b2a201438ba8331b9c76d05f00e5e42a90e3044cab455951579,0.40767690000939183,2026-07-23T21:51:27.698734+00:00,2026-07-23T21:51:28.096682+00:00,True,ok,
canonical,p040_scratch_thin,p040,data\processed\clean\p040_clean.png,data\processed\masked\p040_scratch_thin_damaged.png,data\processed\masks\p040_scratch_thin_mask.png,p040_scratch_thin,opencv_telea__canonical__p040_scratch_thin,opencv_telea,cv2.INPAINT_TELEA,3,4.11.0,restoration_eval.restoration_opencv,2.0.0,p040_scratch_thin_restored_opencv_telea.png,data\processed\restored\opencv_telea\canonical\p040_scratch_thin_restored_opencv_telea.png,2b83ab4903ab85b5e74408d1a9e52c6b026703ad91f72ff6c95009d40f27fea0,0.3400860000110697,2026-07-23T21:51:28.096682+00:00,2026-07-23T21:51:28.448205+00:00,True,ok,
canonical,p040_zero_control,p040,data\processed\clean\p040_clean.png,data\processed\masked\p040_zero_control_damaged.png,data\processed\masks\p040_zero_control_mask.png,p040_zero_control,opencv_telea__canonical__p040_zero_control,opencv_telea,cv2.INPAINT_TELEA,3,4.11.0,restoration_eval.restoration_opencv,2.0.0,p040_zero_control_restored_opencv_telea.png,data\processed\restored\opencv_telea\canonical\p040_zero_control_restored_opencv_telea.png,0b435644a8a783b3f214aca54d8b6869af86563310362637c9b5f5ebca2ad732,0.2942703999869991,2026-07-23T21:51:28.450216+00:00,2026-07-23T21:51:28.734739+00:00,True,ok,
canonical,p041_loss_large,p041,data\processed\clean\p041_clean.png,data\processed\masked\p041_loss_large_damaged.png,data\processed\masks\p041_loss_large_mask.png,p041_loss_large,opencv_telea__canonical__p041_loss_large,opencv_telea,cv2.INPAINT_TELEA,3,4.11.0,restoration_eval.restoration_opencv,2.0.0,p041_loss_large_restored_opencv_telea.png,data\processed\restored\opencv_telea\canonical\p041_loss_large_restored_opencv_telea.png,21fef67aa86dcbb9f51de6454485d81115e9e66cba64043be5140831f2a43fa4,0.3490094000007957,2026-07-23T21:51:28.734739+00:00,2026-07-23T21:51:29.090202+00:00,True,ok,
canonical,p041_loss_small,p041,data\processed\clean\p041_clean.png,data\processed\masked\p041_loss_small_damaged.png,data\processed\masks\p041_loss_small_mask.png,p041_loss_small,opencv_telea__canonical__p041_loss_small,opencv_telea,cv2.INPAINT_TELEA,3,4.11.0,restoration_eval.restoration_opencv,2.0.0,p041_loss_small_restored_opencv_telea.png,data\processed\restored\opencv_telea\canonical\p041_loss_small_restored_opencv_telea.png,01370837277c95d1c53084c87785728b24d31ca581f92e937925b609f8e10a9c,0.27118500001961365,2026-07-23T21:51:29.090202+00:00,2026-07-23T21:51:29.356003+00:00,True,ok,
canonical,p041_mixed_damage,p041,data\processed\clean\p041_clean.png,data\processed\masked\p041_mixed_damage_damaged.png,data\processed\masks\p041_mixed_damage_mask.png,p041_mixed_damage,opencv_telea__canonical__p041_mixed_damage,opencv_telea,cv2.INPAINT_TELEA,3,4.11.0,restoration_eval.restoration_opencv,2.0.0,p041_mixed_damage_restored_opencv_telea.png,data\processed\restored\opencv_telea\canonical\p041_mixed_damage_restored_opencv_telea.png,aeee214cb830269acd0e4c0338ca0349f50c3369f57d072a3147daf5f528bfd9,0.34740009999950416,2026-07-23T21:51:29.372670+00:00,2026-07-23T21:51:29.707163+00:00,True,ok,
canonical,p041_scratch_thin,p041,data\processed\clean\p041_clean.png,data\processed\masked\p041_scratch_thin_damaged.png,data\processed\masks\p041_scratch_thin_mask.png,p041_scratch_thin,opencv_telea__canonical__p041_scratch_thin,opencv_telea,cv2.INPAINT_TELEA,3,4.11.0,restoration_eval.restoration_opencv,2.0.0,p041_scratch_thin_restored_opencv_telea.png,data\processed\restored\opencv_telea\canonical\p041_scratch_thin_restored_opencv_telea.png,4103c1b91896cfe0b556f0eda5c9a6285d00216272365dfa23897465751298d3,0.29857970000011846,2026-07-23T21:51:29.723290+00:00,2026-07-23T21:51:30.013373+00:00,True,ok,
canonical,p041_zero_control,p041,data\processed\clean\p041_clean.png,data\processed\masked\p041_zero_control_damaged.png,data\processed\masks\p041_zero_control_mask.png,p041_zero_control,opencv_telea__canonical__p041_zero_control,opencv_telea,cv2.INPAINT_TELEA,3,4.11.0,restoration_eval.restoration_opencv,2.0.0,p041_zero_control_restored_opencv_telea.png,data\processed\restored\opencv_telea\canonical\p041_zero_control_restored_opencv_telea.png,ab960d0a71a01584720199974bcf6237e5d11e21bdba833648b59ae6994c0f58,0.21812670002691448,2026-07-23T21:51:30.013373+00:00,2026-07-23T21:51:30.232939+00:00,True,ok,
canonical,p042_loss_large,p042,data\processed\clean\p042_clean.png,data\processed\masked\p042_loss_large_damaged.png,data\processed\masks\p042_loss_large_mask.png,p042_loss_large,opencv_telea__canonical__p042_loss_large,opencv_telea,cv2.INPAINT_TELEA,3,4.11.0,restoration_eval.restoration_opencv,2.0.0,p042_loss_large_restored_opencv_telea.png,data\processed\restored\opencv_telea\canonical\p042_loss_large_restored_opencv_telea.png,21cb47993af3f75356fd994fd1d0e69d4f457d8508c00479277ecbbfe62d6420,0.48456340000848286,2026-07-23T21:51:30.232939+00:00,2026-07-23T21:51:30.728910+00:00,True,ok,
canonical,p042_loss_small,p042,data\processed\clean\p042_clean.png,data\processed\masked\p042_loss_small_damaged.png,data\processed\masks\p042_loss_small_mask.png,p042_loss_small,opencv_telea__canonical__p042_loss_small,opencv_telea,cv2.INPAINT_TELEA,3,4.11.0,restoration_eval.restoration_opencv,2.0.0,p042_loss_small_restored_opencv_telea.png,data\processed\restored\opencv_telea\canonical\p042_loss_small_restored_opencv_telea.png,00ba212fd8461cfd88d6696059f03273633f8946a4199620b7a7946f1d2af6e4,0.44663359998958185,2026-07-23T21:51:30.728910+00:00,2026-07-23T21:51:31.175403+00:00,True,ok,
canonical,p042_mixed_damage,p042,data\processed\clean\p042_clean.png,data\processed\masked\p042_mixed_damage_damaged.png,data\processed\masks\p042_mixed_damage_mask.png,p042_mixed_damage,opencv_telea__canonical__p042_mixed_damage,opencv_telea,cv2.INPAINT_TELEA,3,4.11.0,restoration_eval.restoration_opencv,2.0.0,p042_mixed_damage_restored_opencv_telea.png,data\processed\restored\opencv_telea\canonical\p042_mixed_damage_restored_opencv_telea.png,8b5b057c590b7687f6d56769e38d2b2e0455e4a5c94c0008a161e9dc7df7b393,0.5005133000086062,2026-07-23T21:51:31.175403+00:00,2026-07-23T21:51:31.668236+00:00,True,ok,
canonical,p042_scratch_thin,p042,data\processed\clean\p042_clean.png,data\processed\masked\p042_scratch_thin_damaged.png,data\processed\masks\p042_scratch_thin_mask.png,p042_scratch_thin,opencv_telea__canonical__p042_scratch_thin,opencv_telea,cv2.INPAINT_TELEA,3,4.11.0,restoration_eval.restoration_opencv,2.0.0,p042_scratch_thin_restored_opencv_telea.png,data\processed\restored\opencv_telea\canonical\p042_scratch_thin_restored_opencv_telea.png,edf966486a2d6aa5b1ff32e17e196b0782d29596777af0f580366cb38c632161,0.4472220999887213,2026-07-23T21:51:31.684139+00:00,2026-07-23T21:51:32.130933+00:00,True,ok,
canonical,p042_zero_control,p042,data\processed\clean\p042_clean.png,data\processed\masked\p042_zero_control_damaged.png,data\processed\masks\p042_zero_control_mask.png,p042_zero_control,opencv_telea__canonical__p042_zero_control,opencv_telea,cv2.INPAINT_TELEA,3,4.11.0,restoration_eval.restoration_opencv,2.0.0,p042_zero_control_restored_opencv_telea.png,data\processed\restored\opencv_telea\canonical\p042_zero_control_restored_opencv_telea.png,5c794f0c55924ace74869fbde8b2ae50bdac138186f507edc60d9db8561e5674,0.41015119999065064,2026-07-23T21:51:32.130933+00:00,2026-07-23T21:51:32.544228+00:00,True,ok,
canonical,p043_loss_large,p043,data\processed\clean\p043_clean.png,data\processed\masked\p043_loss_large_damaged.png,data\processed\masks\p043_loss_large_mask.png,p043_loss_large,opencv_telea__canonical__p043_loss_large,opencv_telea,cv2.INPAINT_TELEA,3,4.11.0,restoration_eval.restoration_opencv,2.0.0,p043_loss_large_restored_opencv_telea.png,data\processed\restored\opencv_telea\canonical\p043_loss_large_restored_opencv_telea.png,d0d9385c07f2b7dc58600bf7fded77628135e883dc3752f4064e4a304219a809,0.5394691999827046,2026-07-23T21:51:32.546237+00:00,2026-07-23T21:51:33.084429+00:00,True,ok,
canonical,p043_loss_small,p043,data\processed\clean\p043_clean.png,data\processed\masked\p043_loss_small_damaged.png,data\processed\masks\p043_loss_small_mask.png,p043_loss_small,opencv_telea__canonical__p043_loss_small,opencv_telea,cv2.INPAINT_TELEA,3,4.11.0,restoration_eval.restoration_opencv,2.0.0,p043_loss_small_restored_opencv_telea.png,data\processed\restored\opencv_telea\canonical\p043_loss_small_restored_opencv_telea.png,09ee8deb558ef1ad815901ceeaa0aadecb229bf64b6555d3f1db4a7a14a4a392,0.4449954000010621,2026-07-23T21:51:33.084429+00:00,2026-07-23T21:51:33.528520+00:00,True,ok,
canonical,p043_mixed_damage,p043,data\processed\clean\p043_clean.png,data\processed\masked\p043_mixed_damage_damaged.png,data\processed\masks\p043_mixed_damage_mask.png,p043_mixed_damage,opencv_telea__canonical__p043_mixed_damage,opencv_telea,cv2.INPAINT_TELEA,3,4.11.0,restoration_eval.restoration_opencv,2.0.0,p043_mixed_damage_restored_opencv_telea.png,data\processed\restored\opencv_telea\canonical\p043_mixed_damage_restored_opencv_telea.png,5308021a0446b1376bd62d40f84bca300ad65c08d56c1cd528f8239d4d365952,0.5289086000120733,2026-07-23T21:51:33.528520+00:00,2026-07-23T21:51:34.065121+00:00,True,ok,
canonical,p043_scratch_thin,p043,data\processed\clean\p043_clean.png,data\processed\masked\p043_scratch_thin_damaged.png,data\processed\masks\p043_scratch_thin_mask.png,p043_scratch_thin,opencv_telea__canonical__p043_scratch_thin,opencv_telea,cv2.INPAINT_TELEA,3,4.11.0,restoration_eval.restoration_opencv,2.0.0,p043_scratch_thin_restored_opencv_telea.png,data\processed\restored\opencv_telea\canonical\p043_scratch_thin_restored_opencv_telea.png,20f8a0eebd54da011d1605d02300cb4ec0a48703e38c9e3b7336c43ab785384e,0.43104999998467974,2026-07-23T21:51:34.067130+00:00,2026-07-23T21:51:34.493196+00:00,True,ok,
canonical,p043_zero_control,p043,data\processed\clean\p043_clean.png,data\processed\masked\p043_zero_control_damaged.png,data\processed\masks\p043_zero_control_mask.png,p043_zero_control,opencv_telea__canonical__p043_zero_control,opencv_telea,cv2.INPAINT_TELEA,3,4.11.0,restoration_eval.restoration_opencv,2.0.0,p043_zero_control_restored_opencv_telea.png,data\processed\restored\opencv_telea\canonical\p043_zero_control_restored_opencv_telea.png,e18e79fb0a876169e1a315935be5e67a403e0c089c60841a2f34e1b6ba3b3fcd,0.39762139998492785,2026-07-23T21:51:34.499252+00:00,2026-07-23T21:51:34.898064+00:00,True,ok,
canonical,p044_loss_large,p044,data\processed\clean\p044_clean.png,data\processed\masked\p044_loss_large_damaged.png,data\processed\masks\p044_loss_large_mask.png,p044_loss_large,opencv_telea__canonical__p044_loss_large,opencv_telea,cv2.INPAINT_TELEA,3,4.11.0,restoration_eval.restoration_opencv,2.0.0,p044_loss_large_restored_opencv_telea.png,data\processed\restored\opencv_telea\canonical\p044_loss_large_restored_opencv_telea.png,0f39971f4fe392ceecd1d22d446648bedc5ad2caebcf40ebeb0e6a5d763a2deb,0.5116558000154328,2026-07-23T21:51:34.901327+00:00,2026-07-23T21:51:35.408378+00:00,True,ok,
canonical,p044_loss_small,p044,data\processed\clean\p044_clean.png,data\processed\masked\p044_loss_small_damaged.png,data\processed\masks\p044_loss_small_mask.png,p044_loss_small,opencv_telea__canonical__p044_loss_small,opencv_telea,cv2.INPAINT_TELEA,3,4.11.0,restoration_eval.restoration_opencv,2.0.0,p044_loss_small_restored_opencv_telea.png,data\processed\restored\opencv_telea\canonical\p044_loss_small_restored_opencv_telea.png,270efc02dad497f1be6a0e4c7fc8e8267f1174b786500863c99d126149970bd6,0.42409450002014637,2026-07-23T21:51:35.408378+00:00,2026-07-23T21:51:35.838489+00:00,True,ok,
canonical,p044_mixed_damage,p044,data\processed\clean\p044_clean.png,data\processed\masked\p044_mixed_damage_damaged.png,data\processed\masks\p044_mixed_damage_mask.png,p044_mixed_damage,opencv_telea__canonical__p044_mixed_damage,opencv_telea,cv2.INPAINT_TELEA,3,4.11.0,restoration_eval.restoration_opencv,2.0.0,p044_mixed_damage_restored_opencv_telea.png,data\processed\restored\opencv_telea\canonical\p044_mixed_damage_restored_opencv_telea.png,4d417a395f4e5e13be664b792ea79d0e431154460c1c28d1a612e843a79b5d2f,0.48675149999326095,2026-07-23T21:51:35.840497+00:00,2026-07-23T21:51:36.327817+00:00,True,ok,
canonical,p044_scratch_thin,p044,data\processed\clean\p044_clean.png,data\processed\masked\p044_scratch_thin_damaged.png,data\processed\masks\p044_scratch_thin_mask.png,p044_scratch_thin,opencv_telea__canonical__p044_scratch_thin,opencv_telea,cv2.INPAINT_TELEA,3,4.11.0,restoration_eval.restoration_opencv,2.0.0,p044_scratch_thin_restored_opencv_telea.png,data\processed\restored\opencv_telea\canonical\p044_scratch_thin_restored_opencv_telea.png,dc8e702b09f27e93a78cf65deba75e190eed193c8a9a7c0d9ce2f805f2cb8b3e,0.42324569998891093,2026-07-23T21:51:36.329826+00:00,2026-07-23T21:51:36.753431+00:00,True,ok,
canonical,p044_zero_control,p044,data\processed\clean\p044_clean.png,data\processed\masked\p044_zero_control_damaged.png,data\processed\masks\p044_zero_control_mask.png,p044_zero_control,opencv_telea__canonical__p044_zero_control,opencv_telea,cv2.INPAINT_TELEA,3,4.11.0,restoration_eval.restoration_opencv,2.0.0,p044_zero_control_restored_opencv_telea.png,data\processed\restored\opencv_telea\canonical\p044_zero_control_restored_opencv_telea.png,ed7ed9f39aa6e8cb7b1e7f0637d18eb2cb412309cafdc7b0f166db32ea8bc9ce,0.3698738999955822,2026-07-23T21:51:36.755442+00:00,2026-07-23T21:51:37.120830+00:00,True,ok,
canonical,p045_loss_large,p045,data\processed\clean\p045_clean.png,data\processed\masked\p045_loss_large_damaged.png,data\processed\masks\p045_loss_large_mask.png,p045_loss_large,opencv_telea__canonical__p045_loss_large,opencv_telea,cv2.INPAINT_TELEA,3,4.11.0,restoration_eval.restoration_opencv,2.0.0,p045_loss_large_restored_opencv_telea.png,data\processed\restored\opencv_telea\canonical\p045_loss_large_restored_opencv_telea.png,bc9ec9a5dd83bb2b79ad571d322456d7878293e580faa290d7a9802fdb37a6b3,0.4464206999982707,2026-07-23T21:51:37.120830+00:00,2026-07-23T21:51:37.569006+00:00,True,ok,
canonical,p045_loss_small,p045,data\processed\clean\p045_clean.png,data\processed\masked\p045_loss_small_damaged.png,data\processed\masks\p045_loss_small_mask.png,p045_loss_small,opencv_telea__canonical__p045_loss_small,opencv_telea,cv2.INPAINT_TELEA,3,4.11.0,restoration_eval.restoration_opencv,2.0.0,p045_loss_small_restored_opencv_telea.png,data\processed\restored\opencv_telea\canonical\p045_loss_small_restored_opencv_telea.png,6f6180ac69b69fbbcc9e05904ec5d1343877b98ec2dc23668c4db1180f4a39d2,0.387997500016354,2026-07-23T21:51:37.569006+00:00,2026-07-23T21:51:37.965214+00:00,True,ok,
canonical,p045_mixed_damage,p045,data\processed\clean\p045_clean.png,data\processed\masked\p045_mixed_damage_damaged.png,data\processed\masks\p045_mixed_damage_mask.png,p045_mixed_damage,opencv_telea__canonical__p045_mixed_damage,opencv_telea,cv2.INPAINT_TELEA,3,4.11.0,restoration_eval.restoration_opencv,2.0.0,p045_mixed_damage_restored_opencv_telea.png,data\processed\restored\opencv_telea\canonical\p045_mixed_damage_restored_opencv_telea.png,036ed04f87816bf84e536a21bdb7eedf94982071be2db6812acee374db37dff0,0.44218719998025335,2026-07-23T21:51:37.967223+00:00,2026-07-23T21:51:38.405605+00:00,True,ok,
canonical,p045_scratch_thin,p045,data\processed\clean\p045_clean.png,data\processed\masked\p045_scratch_thin_damaged.png,data\processed\masks\p045_scratch_thin_mask.png,p045_scratch_thin,opencv_telea__canonical__p045_scratch_thin,opencv_telea,cv2.INPAINT_TELEA,3,4.11.0,restoration_eval.restoration_opencv,2.0.0,p045_scratch_thin_restored_opencv_telea.png,data\processed\restored\opencv_telea\canonical\p045_scratch_thin_restored_opencv_telea.png,dee77ede72cfe3beed05357993fe8da12d81a05e0d5277606a64bdb52570db0d,0.3773591000062879,2026-07-23T21:51:38.405605+00:00,2026-07-23T21:51:38.784833+00:00,True,ok,
canonical,p045_zero_control,p045,data\processed\clean\p045_clean.png,data\processed\masked\p045_zero_control_damaged.png,data\processed\masks\p045_zero_control_mask.png,p045_zero_control,opencv_telea__canonical__p045_zero_control,opencv_telea,cv2.INPAINT_TELEA,3,4.11.0,restoration_eval.restoration_opencv,2.0.0,p045_zero_control_restored_opencv_telea.png,data\processed\restored\opencv_telea\canonical\p045_zero_control_restored_opencv_telea.png,3334b5e862baaa652648449f7ca753a89bb1be1f28e4d55daa88f2e5f30ca236,0.3297833999968134,2026-07-23T21:51:38.784833+00:00,2026-07-23T21:51:39.118889+00:00,True,ok,
canonical,p046_loss_large,p046,data\processed\clean\p046_clean.png,data\processed\masked\p046_loss_large_damaged.png,data\processed\masks\p046_loss_large_mask.png,p046_loss_large,opencv_telea__canonical__p046_loss_large,opencv_telea,cv2.INPAINT_TELEA,3,4.11.0,restoration_eval.restoration_opencv,2.0.0,p046_loss_large_restored_opencv_telea.png,data\processed\restored\opencv_telea\canonical\p046_loss_large_restored_opencv_telea.png,1790a862fe290f9095528da031a408b97173bf81e6f5ac74bbabe49ac5e8cbb4,0.4569036999891978,2026-07-23T21:51:39.118889+00:00,2026-07-23T21:51:39.577605+00:00,True,ok,
canonical,p046_loss_small,p046,data\processed\clean\p046_clean.png,data\processed\masked\p046_loss_small_damaged.png,data\processed\masks\p046_loss_small_mask.png,p046_loss_small,opencv_telea__canonical__p046_loss_small,opencv_telea,cv2.INPAINT_TELEA,3,4.11.0,restoration_eval.restoration_opencv,2.0.0,p046_loss_small_restored_opencv_telea.png,data\processed\restored\opencv_telea\canonical\p046_loss_small_restored_opencv_telea.png,0f507a784ffffb7481e47ef5cba1bfc982b20a60d1b890e3e43db59968449c5d,0.4046235000132583,2026-07-23T21:51:39.577605+00:00,2026-07-23T21:51:39.974271+00:00,True,ok,
canonical,p046_mixed_damage,p046,data\processed\clean\p046_clean.png,data\processed\masked\p046_mixed_damage_damaged.png,data\processed\masks\p046_mixed_damage_mask.png,p046_mixed_damage,opencv_telea__canonical__p046_mixed_damage,opencv_telea,cv2.INPAINT_TELEA,3,4.11.0,restoration_eval.restoration_opencv,2.0.0,p046_mixed_damage_restored_opencv_telea.png,data\processed\restored\opencv_telea\canonical\p046_mixed_damage_restored_opencv_telea.png,5594866a983430e0cb3bbebfaf7ee28e0a73c9da5f684776bd368c483b7a4822,0.5847424000094179,2026-07-23T21:51:39.990021+00:00,2026-07-23T21:51:40.567670+00:00,True,ok,
canonical,p046_scratch_thin,p046,data\processed\clean\p046_clean.png,data\processed\masked\p046_scratch_thin_damaged.png,data\processed\masks\p046_scratch_thin_mask.png,p046_scratch_thin,opencv_telea__canonical__p046_scratch_thin,opencv_telea,cv2.INPAINT_TELEA,3,4.11.0,restoration_eval.restoration_opencv,2.0.0,p046_scratch_thin_restored_opencv_telea.png,data\processed\restored\opencv_telea\canonical\p046_scratch_thin_restored_opencv_telea.png,945a66fc6936f03197a78965c93a2278232fd3e1512fe95dfeb504664f7ba992,0.40950909999082796,2026-07-23T21:51:40.578707+00:00,2026-07-23T21:51:40.979218+00:00,True,ok,
canonical,p046_zero_control,p046,data\processed\clean\p046_clean.png,data\processed\masked\p046_zero_control_damaged.png,data\processed\masks\p046_zero_control_mask.png,p046_zero_control,opencv_telea__canonical__p046_zero_control,opencv_telea,cv2.INPAINT_TELEA,3,4.11.0,restoration_eval.restoration_opencv,2.0.0,p046_zero_control_restored_opencv_telea.png,data\processed\restored\opencv_telea\canonical\p046_zero_control_restored_opencv_telea.png,6325f3911e054df8ed4e7c400c986d6577caaa9980c9638f8f0bb39173e5415e,0.3519957999815233,2026-07-23T21:51:40.979218+00:00,2026-07-23T21:51:41.339347+00:00,True,ok,
canonical,p047_loss_large,p047,data\processed\clean\p047_clean.png,data\processed\masked\p047_loss_large_damaged.png,data\processed\masks\p047_loss_large_mask.png,p047_loss_large,opencv_telea__canonical__p047_loss_large,opencv_telea,cv2.INPAINT_TELEA,3,4.11.0,restoration_eval.restoration_opencv,2.0.0,p047_loss_large_restored_opencv_telea.png,data\processed\restored\opencv_telea\canonical\p047_loss_large_restored_opencv_telea.png,2b88c3f7d70a617c1acbf5bc25369c4d1362aed641722666a338b58037fbdc77,0.6716383000020869,2026-07-23T21:51:41.339347+00:00,2026-07-23T21:51:42.012806+00:00,True,ok,
canonical,p047_loss_small,p047,data\processed\clean\p047_clean.png,data\processed\masked\p047_loss_small_damaged.png,data\processed\masks\p047_loss_small_mask.png,p047_loss_small,opencv_telea__canonical__p047_loss_small,opencv_telea,cv2.INPAINT_TELEA,3,4.11.0,restoration_eval.restoration_opencv,2.0.0,p047_loss_small_restored_opencv_telea.png,data\processed\restored\opencv_telea\canonical\p047_loss_small_restored_opencv_telea.png,3e6e41c7a8e83c85d057efdd72b94ebc2e55005058bef2f4447a7afa0a73a35a,0.5698574999987613,2026-07-23T21:51:42.012806+00:00,2026-07-23T21:51:42.585875+00:00,True,ok,
canonical,p047_mixed_damage,p047,data\processed\clean\p047_clean.png,data\processed\masked\p047_mixed_damage_damaged.png,data\processed\masks\p047_mixed_damage_mask.png,p047_mixed_damage,opencv_telea__canonical__p047_mixed_damage,opencv_telea,cv2.INPAINT_TELEA,3,4.11.0,restoration_eval.restoration_opencv,2.0.0,p047_mixed_damage_restored_opencv_telea.png,data\processed\restored\opencv_telea\canonical\p047_mixed_damage_restored_opencv_telea.png,a929fcafafe566fd7b13f0baac966572b10b914ae359a518880ceed5217f2458,0.6386403999931645,2026-07-23T21:51:42.585875+00:00,2026-07-23T21:51:43.218703+00:00,True,ok,
canonical,p047_scratch_thin,p047,data\processed\clean\p047_clean.png,data\processed\masked\p047_scratch_thin_damaged.png,data\processed\masks\p047_scratch_thin_mask.png,p047_scratch_thin,opencv_telea__canonical__p047_scratch_thin,opencv_telea,cv2.INPAINT_TELEA,3,4.11.0,restoration_eval.restoration_opencv,2.0.0,p047_scratch_thin_restored_opencv_telea.png,data\processed\restored\opencv_telea\canonical\p047_scratch_thin_restored_opencv_telea.png,8d2f50f5632053f6875987bca1172831620f3d2b1a5d6e62d02bc411cfa32db6,0.6718625999928918,2026-07-23T21:51:43.218703+00:00,2026-07-23T21:51:43.900970+00:00,True,ok,
canonical,p047_zero_control,p047,data\processed\clean\p047_clean.png,data\processed\masked\p047_zero_control_damaged.png,data\processed\masks\p047_zero_control_mask.png,p047_zero_control,opencv_telea__canonical__p047_zero_control,opencv_telea,cv2.INPAINT_TELEA,3,4.11.0,restoration_eval.restoration_opencv,2.0.0,p047_zero_control_restored_opencv_telea.png,data\processed\restored\opencv_telea\canonical\p047_zero_control_restored_opencv_telea.png,d95d6a87623834e911f65f387c48aca2370342932c431bb656c974b38f0e0367,0.6238492999982554,2026-07-23T21:51:43.900970+00:00,2026-07-23T21:51:44.522760+00:00,True,ok,
canonical,p048_loss_large,p048,data\processed\clean\p048_clean.png,data\processed\masked\p048_loss_large_damaged.png,data\processed\masks\p048_loss_large_mask.png,p048_loss_large,opencv_telea__canonical__p048_loss_large,opencv_telea,cv2.INPAINT_TELEA,3,4.11.0,restoration_eval.restoration_opencv,2.0.0,p048_loss_large_restored_opencv_telea.png,data\processed\restored\opencv_telea\canonical\p048_loss_large_restored_opencv_telea.png,bc743096bfad5280d2dfdbfe4be5fbb958f4766b0c32d27f9ad719e7af239f70,0.6000207999895792,2026-07-23T21:51:44.522760+00:00,2026-07-23T21:51:45.127429+00:00,True,ok,
canonical,p048_loss_small,p048,data\processed\clean\p048_clean.png,data\processed\masked\p048_loss_small_damaged.png,data\processed\masks\p048_loss_small_mask.png,p048_loss_small,opencv_telea__canonical__p048_loss_small,opencv_telea,cv2.INPAINT_TELEA,3,4.11.0,restoration_eval.restoration_opencv,2.0.0,p048_loss_small_restored_opencv_telea.png,data\processed\restored\opencv_telea\canonical\p048_loss_small_restored_opencv_telea.png,194604eaa6da36c410cff4a8902426c07ac16766c4527b9c4bf129d695768a4a,0.47946789997513406,2026-07-23T21:51:45.127429+00:00,2026-07-23T21:51:45.614241+00:00,True,ok,
canonical,p048_mixed_damage,p048,data\processed\clean\p048_clean.png,data\processed\masked\p048_mixed_damage_damaged.png,data\processed\masks\p048_mixed_damage_mask.png,p048_mixed_damage,opencv_telea__canonical__p048_mixed_damage,opencv_telea,cv2.INPAINT_TELEA,3,4.11.0,restoration_eval.restoration_opencv,2.0.0,p048_mixed_damage_restored_opencv_telea.png,data\processed\restored\opencv_telea\canonical\p048_mixed_damage_restored_opencv_telea.png,4ff45819f6dda2814ea67e8e62a9e61e07fda047fa244cca2b6a26ace6a4748f,0.4619111000210978,2026-07-23T21:51:45.614241+00:00,2026-07-23T21:51:46.078500+00:00,True,ok,
canonical,p048_scratch_thin,p048,data\processed\clean\p048_clean.png,data\processed\masked\p048_scratch_thin_damaged.png,data\processed\masks\p048_scratch_thin_mask.png,p048_scratch_thin,opencv_telea__canonical__p048_scratch_thin,opencv_telea,cv2.INPAINT_TELEA,3,4.11.0,restoration_eval.restoration_opencv,2.0.0,p048_scratch_thin_restored_opencv_telea.png,data\processed\restored\opencv_telea\canonical\p048_scratch_thin_restored_opencv_telea.png,ae4d5bb3a1dd43f91425c64e88cdfdbf0c1533c4b241712d8ab7e290f1c13de8,0.4826539999921806,2026-07-23T21:51:46.080509+00:00,2026-07-23T21:51:46.563456+00:00,True,ok,
canonical,p048_zero_control,p048,data\processed\clean\p048_clean.png,data\processed\masked\p048_zero_control_damaged.png,data\processed\masks\p048_zero_control_mask.png,p048_zero_control,opencv_telea__canonical__p048_zero_control,opencv_telea,cv2.INPAINT_TELEA,3,4.11.0,restoration_eval.restoration_opencv,2.0.0,p048_zero_control_restored_opencv_telea.png,data\processed\restored\opencv_telea\canonical\p048_zero_control_restored_opencv_telea.png,693321bed03c7653dac8b9aedd5b9338ac2684e6a307a3cc926949ffbaea5ffb,0.45053320002625696,2026-07-23T21:51:46.565466+00:00,2026-07-23T21:51:47.015324+00:00,True,ok,
canonical,p049_loss_large,p049,data\processed\clean\p049_clean.png,data\processed\masked\p049_loss_large_damaged.png,data\processed\masks\p049_loss_large_mask.png,p049_loss_large,opencv_telea__canonical__p049_loss_large,opencv_telea,cv2.INPAINT_TELEA,3,4.11.0,restoration_eval.restoration_opencv,2.0.0,p049_loss_large_restored_opencv_telea.png,data\processed\restored\opencv_telea\canonical\p049_loss_large_restored_opencv_telea.png,52e3ae4d4b5bbfcc2098c2422a1cd571e629cd656dc7397b64310e1e519f1120,0.5003926000208594,2026-07-23T21:51:47.015324+00:00,2026-07-23T21:51:47.517941+00:00,True,ok,
canonical,p049_loss_small,p049,data\processed\clean\p049_clean.png,data\processed\masked\p049_loss_small_damaged.png,data\processed\masks\p049_loss_small_mask.png,p049_loss_small,opencv_telea__canonical__p049_loss_small,opencv_telea,cv2.INPAINT_TELEA,3,4.11.0,restoration_eval.restoration_opencv,2.0.0,p049_loss_small_restored_opencv_telea.png,data\processed\restored\opencv_telea\canonical\p049_loss_small_restored_opencv_telea.png,07fbe634d050022e8f6a03a42459c5a913c658ee5a14b195fb4b0b6bf8ea066e,0.44716589999734424,2026-07-23T21:51:47.521474+00:00,2026-07-23T21:51:47.968020+00:00,True,ok,
canonical,p049_mixed_damage,p049,data\processed\clean\p049_clean.png,data\processed\masked\p049_mixed_damage_damaged.png,data\processed\masks\p049_mixed_damage_mask.png,p049_mixed_damage,opencv_telea__canonical__p049_mixed_damage,opencv_telea,cv2.INPAINT_TELEA,3,4.11.0,restoration_eval.restoration_opencv,2.0.0,p049_mixed_damage_restored_opencv_telea.png,data\processed\restored\opencv_telea\canonical\p049_mixed_damage_restored_opencv_telea.png,2dffd8b3e216177eee02443d0e45ab0172ba1ca5fdd0c352195eab566c081867,0.5038419000047725,2026-07-23T21:51:47.972039+00:00,2026-07-23T21:51:48.473152+00:00,True,ok,
canonical,p049_scratch_thin,p049,data\processed\clean\p049_clean.png,data\processed\masked\p049_scratch_thin_damaged.png,data\processed\masks\p049_scratch_thin_mask.png,p049_scratch_thin,opencv_telea__canonical__p049_scratch_thin,opencv_telea,cv2.INPAINT_TELEA,3,4.11.0,restoration_eval.restoration_opencv,2.0.0,p049_scratch_thin_restored_opencv_telea.png,data\processed\restored\opencv_telea\canonical\p049_scratch_thin_restored_opencv_telea.png,cf2152a051dd2d5d0e87d6929a3bc9a1f23948ed512c43984322a5d3c5e48105,0.38879090000409633,2026-07-23T21:51:48.473152+00:00,2026-07-23T21:51:48.865372+00:00,True,ok,
canonical,p049_zero_control,p049,data\processed\clean\p049_clean.png,data\processed\masked\p049_zero_control_damaged.png,data\processed\masks\p049_zero_control_mask.png,p049_zero_control,opencv_telea__canonical__p049_zero_control,opencv_telea,cv2.INPAINT_TELEA,3,4.11.0,restoration_eval.restoration_opencv,2.0.0,p049_zero_control_restored_opencv_telea.png,data\processed\restored\opencv_telea\canonical\p049_zero_control_restored_opencv_telea.png,adf6ad8c62c91aadb74542e70a189df878edc39abb079d9d78c1d5fd24086adf,0.348832300020149,2026-07-23T21:51:48.869134+00:00,2026-07-23T21:51:49.216752+00:00,True,ok,
canonical,p050_loss_large,p050,data\processed\clean\p050_clean.png,data\processed\masked\p050_loss_large_damaged.png,data\processed\masks\p050_loss_large_mask.png,p050_loss_large,opencv_telea__canonical__p050_loss_large,opencv_telea,cv2.INPAINT_TELEA,3,4.11.0,restoration_eval.restoration_opencv,2.0.0,p050_loss_large_restored_opencv_telea.png,data\processed\restored\opencv_telea\canonical\p050_loss_large_restored_opencv_telea.png,e420056af16909f2a0f8ed2ae30da28f8f335dbff55e8f65e5750c5ebb48220b,0.37799909999012016,2026-07-23T21:51:49.220773+00:00,2026-07-23T21:51:49.598548+00:00,True,ok,
canonical,p050_loss_small,p050,data\processed\clean\p050_clean.png,data\processed\masked\p050_loss_small_damaged.png,data\processed\masks\p050_loss_small_mask.png,p050_loss_small,opencv_telea__canonical__p050_loss_small,opencv_telea,cv2.INPAINT_TELEA,3,4.11.0,restoration_eval.restoration_opencv,2.0.0,p050_loss_small_restored_opencv_telea.png,data\processed\restored\opencv_telea\canonical\p050_loss_small_restored_opencv_telea.png,196caf83e5b3ddbce481bbe6c36e100ca2bf2c24fdaef345d8fe2841c1353a7f,0.305721699987771,2026-07-23T21:51:49.600558+00:00,2026-07-23T21:51:49.905219+00:00,True,ok,
canonical,p050_mixed_damage,p050,data\processed\clean\p050_clean.png,data\processed\masked\p050_mixed_damage_damaged.png,data\processed\masks\p050_mixed_damage_mask.png,p050_mixed_damage,opencv_telea__canonical__p050_mixed_damage,opencv_telea,cv2.INPAINT_TELEA,3,4.11.0,restoration_eval.restoration_opencv,2.0.0,p050_mixed_damage_restored_opencv_telea.png,data\processed\restored\opencv_telea\canonical\p050_mixed_damage_restored_opencv_telea.png,3909a26951f62e4b83275d69093427f340087ea7eb3410c62d3fc7afaa436058,0.3863124999916181,2026-07-23T21:51:49.905219+00:00,2026-07-23T21:51:50.290547+00:00,True,ok,
canonical,p050_scratch_thin,p050,data\processed\clean\p050_clean.png,data\processed\masked\p050_scratch_thin_damaged.png,data\processed\masks\p050_scratch_thin_mask.png,p050_scratch_thin,opencv_telea__canonical__p050_scratch_thin,opencv_telea,cv2.INPAINT_TELEA,3,4.11.0,restoration_eval.restoration_opencv,2.0.0,p050_scratch_thin_restored_opencv_telea.png,data\processed\restored\opencv_telea\canonical\p050_scratch_thin_restored_opencv_telea.png,6632a8f74f0af1bb444a1c59d67b94638770b628a214ef8627a8a3019a198324,0.2900099000253249,2026-07-23T21:51:50.296610+00:00,2026-07-23T21:51:50.583819+00:00,True,ok,
canonical,p050_zero_control,p050,data\processed\clean\p050_clean.png,data\processed\masked\p050_zero_control_damaged.png,data\processed\masks\p050_zero_control_mask.png,p050_zero_control,opencv_telea__canonical__p050_zero_control,opencv_telea,cv2.INPAINT_TELEA,3,4.11.0,restoration_eval.restoration_opencv,2.0.0,p050_zero_control_restored_opencv_telea.png,data\processed\restored\opencv_telea\canonical\p050_zero_control_restored_opencv_telea.png,c2e802fd25387bd32bc1c089616e323be14c49d6ed97ee646f77bf827d3ecadd,0.2509037999843713,2026-07-23T21:51:50.583819+00:00,2026-07-23T21:51:50.841450+00:00,True,ok,
