case_id,painting_id,category,title,mask_id,mask_type,model_name,evaluation_region,region_pixel_count,region_x_min,region_y_min,region_x_max,region_y_max,damaged_area_pixels,damaged_area_percentage_content,damaged_area_percentage_full,damaged_mse,restored_mse,mse_improvement,damaged_mae,restored_mae,mae_improvement,damaged_psnr,restored_psnr,psnr_improvement,damaged_ssim,restored_ssim,ssim_improvement,status,issue
p001_loss_large,p001,portrait_figure,,p001_loss_large,loss_large,lama,full_image,589824,0.0,0.0,768.0,768.0,67242,13.2058,11.4003,5585.92138671875,33.536746978759766,5552.38463973999,25.05849838256836,1.1159249544143677,23.94257342815399,10.659855414890488,32.87559426559988,22.215738850709393,0.8971780498447481,0.9646560069861351,0.06747795714138694,ok,
p001_loss_large,p001,portrait_figure,,p001_loss_large,loss_large,lama,content_region,509184,52.0,0.0,715.0,768.0,67242,13.2058,11.4003,6470.57080078125,38.84798812866211,6431.722812652588,29.02703857421875,1.2926552295684814,27.73438334465027,10.021377672633216,32.2371182852235,22.215740612590288,0.880745318084777,0.9590074236277548,0.07826210554297786,ok,
p001_loss_large,p001,portrait_figure,,p001_loss_large,loss_large,lama,masked_region,67242,,,,,67242,13.2058,11.4003,48997.8046875,294.1728515625,48703.6318359375,219.8046417236328,9.788515090942383,210.01612663269043,1.229037386651714,23.44477770520706,22.215740318555344,,,,ok,
p001_loss_large,p001,portrait_figure,,p001_loss_large,loss_large,lama,mask_bbox_crop,126750,221.0,356.0,596.0,694.0,67242,13.2058,11.4003,25993.767578125,156.0613250732422,25837.706253051758,116.60829162597656,5.192893981933594,111.41539764404297,3.982111294698374,26.197850707992608,22.215739413294234,0.5126608186735168,0.8324821441902358,0.31982132551671905,ok,
p001_loss_small,p001,portrait_figure,,p001_loss_small,loss_small,lama,full_image,589824,0.0,0.0,768.0,768.0,24198,4.7523,4.1026,1928.028076171875,0.630126953125,1927.39794921875,8.864421844482422,0.1185302734375,8.745891571044922,15.27967007007666,50.13652304291816,34.856852972841494,0.9537997743549651,0.9940267699542495,0.04022699559928444,ok,
p001_loss_small,p001,portrait_figure,,p001_loss_small,loss_small,lama,content_region,509184,52.0,0.0,715.0,768.0,24198,4.7523,4.1026,2233.37109375,0.7299208045005798,2232.6411729454994,10.268289566040039,0.13730204105377197,10.130987524986267,14.641194700500485,49.49804618602502,34.85685148552454,0.946416176649138,0.9930721441478508,0.046655967498712814,ok,
p001_loss_small,p001,portrait_figure,,p001_loss_small,loss_small,lama,masked_region,24198,,,,,24198,4.7523,4.1026,46995.5,15.359286308288574,46980.14071369171,216.0694580078125,2.889164447784424,213.18029356002808,1.4102408630948342,36.26709324832127,34.85685238522643,,,,ok,
p001_loss_small,p001,portrait_figure,,p001_loss_small,loss_small,lama,mask_bbox_crop,306081,72.0,105.0,711.0,584.0,24198,4.7523,4.1026,3715.3466796875,1.2142667770385742,3714.1324129104614,17.081911087036133,0.22841012477874756,16.853500962257385,12.43081016781919,47.28766248208164,34.856852314262454,0.9104038829178961,0.9884161124525823,0.07801222953468623,ok,
p001_mixed_damage,p001,portrait_figure,,p001_mixed_damage,mixed_damage,lama,full_image,589824,0.0,0.0,768.0,768.0,44392,8.7183,7.5263,3818.905029296875,22.293184280395508,3796.6118450164795,16.89411735534668,0.6450387239456177,16.249078631401062,12.31141502642579,34.649082548535986,22.337667522110195,0.9062294725936528,0.9800066791287861,0.07377720653513331,ok,
p001_mixed_damage,p001,portrait_figure,,p001_mixed_damage,mixed_damage,lama,content_region,509184,52.0,0.0,715.0,768.0,44392,8.7183,7.5263,4423.70751953125,25.823776245117188,4397.883743286133,19.569652557373047,0.747194230556488,18.82245832681656,11.672939556934889,34.0106061083445,22.337666551409608,0.8932741602462747,0.9772005265315612,0.08392636628528649,ok,
p001_mixed_damage,p001,portrait_figure,,p001_mixed_damage,mixed_damage,lama,masked_region,44392,,,,,44392,8.7183,7.5263,50740.69921875,296.2032775878906,50444.49594116211,224.46737670898438,8.57044792175293,215.89692878723145,1.0772391326102264,23.41490501043087,22.337665877820644,,,,ok,
p001_mixed_damage,p001,portrait_figure,,p001_mixed_damage,mixed_damage,lama,mask_bbox_crop,521472,44.0,0.0,723.0,768.0,44392,8.7183,7.5263,4319.46728515625,25.21527099609375,4294.252014160156,19.1085205078125,0.7295872569084167,18.378933250904083,11.776501717805122,34.11416720854388,22.33766549073876,0.8938289125057404,0.9773626887015384,0.08353377619579805,ok,
p001_scratch_thin,p001,portrait_figure,,p001_scratch_thin,scratch_thin,lama,full_image,589824,0.0,0.0,768.0,768.0,8012,1.5735,1.3584,658.9262084960938,1.9680023193359375,656.9582061767578,2.9604079723358154,0.08796126395463943,2.872446708381176,19.94243579107491,45.190547549462636,25.248111758387726,0.9538924905467704,0.995590213904115,0.04169772335734456,ok,
p001_scratch_thin,p001,portrait_figure,,p001_scratch_thin,scratch_thin,lama,content_region,509184,52.0,0.0,715.0,768.0,8012,1.5735,1.3584,763.2811279296875,2.279676914215088,761.0014510154724,3.429250955581665,0.10189178586006165,3.3273591697216034,19.30395836253012,44.55207059620125,25.248112233671126,0.9502119395686556,0.9963155793711148,0.04610363980245924,ok,
p001_scratch_thin,p001,portrait_figure,,p001_scratch_thin,scratch_thin,lama,masked_region,8012,,,,,8012,1.5735,1.3584,48508.5546875,144.8795623779297,48363.67512512207,217.93804931640625,6.475494861602783,211.46255445480347,1.2726202585418058,26.520732353864346,25.24811209532254,,,,ok,
p001_scratch_thin,p001,portrait_figure,,p001_scratch_thin,scratch_thin,lama,mask_bbox_crop,521472,44.0,0.0,723.0,768.0,8012,1.5735,1.3584,745.2952880859375,2.2259583473205566,743.069329738617,3.3484437465667725,0.09949079900979996,3.2489529475569725,19.407519853303274,44.655633274182264,25.24811342087899,0.9477950635908456,0.9950070475407662,0.047211983949920544,ok,
p001_zero_control,p001,portrait_figure,,p001_zero_control,zero_control,lama,full_image,589824,0.0,0.0,768.0,768.0,0,0.0,0.0,0.0,0.0,0.0,0.0,0.0,0.0,inf,inf,,1.0,1.0,0.0,ok,
p001_zero_control,p001,portrait_figure,,p001_zero_control,zero_control,lama,content_region,509184,52.0,0.0,715.0,768.0,0,0.0,0.0,0.0,0.0,0.0,0.0,0.0,0.0,inf,inf,,1.0,1.0,0.0,ok,
p002_loss_large,p002,portrait_figure,,p002_loss_large,loss_large,lama,full_image,589824,0.0,0.0,768.0,768.0,49705,14.4143,8.4271,4317.18603515625,7.98656702041626,4309.199468135834,19.01308822631836,0.5440995693206787,18.46898865699768,11.77879597293645,39.10720220412035,27.328406231183898,0.921262237309962,0.9827625726660448,0.06150033535608279,ok,
p002_loss_large,p002,portrait_figure,,p002_loss_large,loss_large,lama,content_region,344832,159.0,0.0,608.0,768.0,49705,14.4143,8.4271,7384.40673828125,13.660765647888184,7370.745972633362,32.52128219604492,0.9306647777557373,31.590617418289185,9.447647509478076,36.77605319843449,27.328405688956416,0.8645639386686043,0.9703500685587497,0.10578612989014546,ok,
p002_loss_large,p002,portrait_figure,,p002_loss_large,loss_large,lama,masked_region,49705,,,,,49705,14.4143,8.4271,51229.8515625,94.77253723144531,51135.079025268555,225.61866760253906,6.4565534591674805,219.16211414337158,1.0355726334957343,28.363978532422983,27.32840589892725,,,,ok,
p002_loss_large,p002,portrait_figure,,p002_loss_large,loss_large,lama,mask_bbox_crop,91728,283.0,443.0,595.0,737.0,49705,14.4143,8.4271,27760.109375,51.35475540161133,27708.75461959839,122.2568588256836,3.4986371994018555,118.75822162628174,3.6965918795881842,31.024996958156997,27.328405078568814,0.4812249287468924,0.8864287314259132,0.4052038026790208,ok,
p002_loss_small,p002,portrait_figure,,p002_loss_small,loss_small,lama,full_image,589824,0.0,0.0,768.0,768.0,19520,5.6607,3.3095,1492.3807373046875,1.4727082252502441,1490.9080290794373,7.000389575958252,0.12497400492429733,6.875415571033955,16.392007260581313,46.44963648455374,30.05762922397243,0.9657453162275833,0.9955208573399353,0.029775541112352033,ok,
p002_loss_small,p002,portrait_figure,,p002_loss_small,loss_small,lama,content_region,344832,159.0,0.0,608.0,768.0,19520,5.6607,3.3095,2552.6689453125,2.519019842147827,2550.149925470352,11.973939895629883,0.2137639969587326,11.76017589867115,14.060858659017581,44.11848772448253,30.057629065464944,0.941078850937738,0.9922954701874275,0.051216619249689455,ok,
p002_loss_small,p002,portrait_figure,,p002_loss_small,loss_small,lama,masked_region,19520,,,,,19520,5.6607,3.3095,45094.36328125,44.49993133544922,45049.86334991455,211.52651977539062,3.77626371383667,207.75025606155396,1.5895810166933888,31.647210200141362,30.057629183447972,,,,ok,
p002_loss_small,p002,portrait_figure,,p002_loss_small,loss_small,lama,mask_bbox_crop,253828,189.0,37.0,545.0,750.0,19520,5.6607,3.3095,3467.86767578125,3.422154664993286,3464.4455211162567,16.26691246032715,0.29040399193763733,15.976508468389511,12.730178432212966,42.78780727189649,30.057628839683524,0.9196210280688965,0.9894896451375595,0.0698686170686631,ok,
p002_mixed_damage,p002,portrait_figure,,p002_mixed_damage,mixed_damage,lama,full_image,589824,0.0,0.0,768.0,768.0,42027,12.1877,7.1253,3277.5791015625,10.160490989685059,3267.418610572815,15.125452995300293,0.41905495524406433,14.706398040056229,12.975271790542077,38.061656658177746,25.08638486763567,0.901670417919015,0.9838578228100731,0.08218740489105802,ok,
p002_mixed_damage,p002,portrait_figure,,p002_mixed_damage,mixed_damage,lama,content_region,344832,159.0,0.0,608.0,768.0,42027,12.1877,7.1253,5606.19287109375,17.379192352294922,5588.813678741455,25.87159538269043,0.7167799472808838,25.154815435409546,10.644123260574743,35.730507708664085,25.08638444808934,0.8448902905053797,0.9764759612568815,0.13158567075150185,ok,
p002_mixed_damage,p002,portrait_figure,,p002_mixed_damage,mixed_damage,lama,masked_region,42027,,,,,42027,12.1877,7.1253,45998.8828125,142.59649658203125,45856.28631591797,212.27674865722656,5.881187438964844,206.39556121826172,1.50333076887606,26.589715052944364,25.086384284068302,,,,ok,
p002_mixed_damage,p002,portrait_figure,,p002_mixed_damage,mixed_damage,lama,mask_bbox_crop,357120,151.0,0.0,616.0,768.0,42027,12.1877,7.1253,5413.291015625,16.781206130981445,5396.509809494019,24.98138427734375,0.6921165585517883,24.28926771879196,10.79618985710566,35.882571888087874,25.086382030982215,0.8367600402054256,0.9732018757762,0.13644183557077438,ok,
p002_scratch_thin,p002,portrait_figure,,p002_scratch_thin,scratch_thin,lama,full_image,589824,0.0,0.0,768.0,768.0,8436,2.4464,1.4303,717.75537109375,0.2869890034198761,717.4683820903301,3.176046371459961,0.03478269279003143,3.1412636786699295,19.57103909782753,53.55215104710793,33.9811119492804,0.9582101802443953,0.9985703550269825,0.040360174782587244,ok,
p002_scratch_thin,p002,portrait_figure,,p002_scratch_thin,scratch_thin,lama,content_region,344832,159.0,0.0,608.0,768.0,8436,2.4464,1.4303,1227.6973876953125,0.4908854067325592,1227.20650228858,5.432524681091309,0.05949467048048973,5.373030010610819,17.239890291196097,51.22100239482499,33.981112103628895,0.9281177366732019,0.9975408815588281,0.06942314488562629,ok,
p002_scratch_thin,p002,portrait_figure,,p002_scratch_thin,scratch_thin,lama,masked_region,8436,,,,,8436,2.4464,1.4303,50183.65625,20.0655517578125,50163.59069824219,222.0612030029297,2.4319188594818115,219.62928414344788,1.1251806117602001,35.10629254506565,33.98111193330545,,,,ok,
p002_scratch_thin,p002,portrait_figure,,p002_scratch_thin,scratch_thin,lama,mask_bbox_crop,312576,185.0,0.0,592.0,768.0,8436,2.4464,1.4303,1354.3883056640625,0.5415418744087219,1353.8467637896538,5.993129253387451,0.06563416868448257,5.927495084702969,16.81337165624897,50.79448317041347,33.981111514164496,0.9205889210629136,0.997283318031324,0.0766943969684104,ok,
p002_zero_control,p002,portrait_figure,,p002_zero_control,zero_control,lama,full_image,589824,0.0,0.0,768.0,768.0,0,0.0,0.0,0.0,0.0,0.0,0.0,0.0,0.0,inf,inf,,1.0,1.0,0.0,ok,
p002_zero_control,p002,portrait_figure,,p002_zero_control,zero_control,lama,content_region,344832,159.0,0.0,608.0,768.0,0,0.0,0.0,0.0,0.0,0.0,0.0,0.0,0.0,inf,inf,,1.0,1.0,0.0,ok,
p003_loss_large,p003,portrait_figure,,p003_loss_large,loss_large,lama,full_image,589824,0.0,0.0,768.0,768.0,48196,10.2207,8.1713,2624.513916015625,33.974849700927734,2590.5390663146973,14.35244369506836,0.9574652910232544,13.394978404045105,13.940314809888326,32.8192281670553,18.878913357166972,0.9354822112564811,0.9727041296790063,0.0372219184225252,ok,
p003_loss_large,p003,portrait_figure,,p003_loss_large,loss_large,lama,content_region,471552,77.0,0.0,691.0,768.0,48196,10.2207,8.1713,3282.780029296875,42.49622344970703,3240.283805847168,17.95224380493164,1.1976113319396973,16.754632472991943,12.968385781273476,31.847300239429725,18.87891445815625,0.919140534502366,0.96579037305165,0.04664983854928406,ok,
p003_loss_large,p003,portrait_figure,,p003_loss_large,loss_large,lama,masked_region,48196,,,,,48196,10.2207,8.1713,32118.875,415.78509521484375,31703.089904785156,175.64566040039062,11.717487335205078,163.92817306518555,3.0632003565132297,21.942114438906586,18.878914082393358,,,,ok,
p003_loss_large,p003,portrait_figure,,p003_loss_large,loss_large,lama,mask_bbox_crop,88788,150.0,27.0,452.0,321.0,48196,10.2207,8.1713,17434.80078125,225.69692993164062,17209.10385131836,95.34416198730469,6.360499382019043,88.98366260528564,5.716633715934329,24.5955470929044,18.878913376970072,0.5605543012482231,0.8140814643550262,0.253527163106803,ok,
p003_loss_small,p003,portrait_figure,,p003_loss_small,loss_small,lama,full_image,589824,0.0,0.0,768.0,768.0,20912,4.4347,3.5455,1263.0799560546875,3.1106584072113037,1259.9692976474762,6.563358783721924,0.20024560391902924,6.363113179802895,17.116495175380347,43.202280386079444,26.085785210699097,0.9611185561628842,0.9930031198734378,0.03188456371055359,ok,
p003_loss_small,p003,portrait_figure,,p003_loss_small,loss_small,lama,content_region,471552,77.0,0.0,691.0,768.0,20912,4.4347,3.5455,1579.878173828125,3.8908562660217285,1575.9873175621033,8.209543228149414,0.2504700720310211,7.959073156118393,16.14456761555297,42.230351732475675,26.085784116922706,0.9512702957173006,0.9912308837887495,0.039960588071448866,ok,
p003_loss_small,p003,portrait_figure,,p003_loss_small,loss_small,lama,masked_region,20912,,,,,20912,4.4347,3.5455,35625.2265625,87.73627471923828,35537.49028778076,185.119873046875,5.647937297821045,179.47193574905396,2.6132272589960537,28.699011705439716,26.08578444644366,,,,ok,
p003_loss_small,p003,portrait_figure,,p003_loss_small,loss_small,lama,mask_bbox_crop,227800,88.0,74.0,428.0,744.0,20912,4.4347,3.5455,3270.389404296875,8.054174423217773,3262.335229873657,16.99397087097168,0.5184796452522278,16.475491225719452,12.98480893813539,39.070593303046245,26.085784364910854,0.8982023434665711,0.9816810815227632,0.0834787380561921,ok,
p003_mixed_damage,p003,portrait_figure,,p003_mixed_damage,mixed_damage,lama,full_image,589824,0.0,0.0,768.0,768.0,48680,10.3234,8.2533,2805.9375,24.077741622924805,2781.859758377075,14.92314338684082,0.783892035484314,14.139251351356506,13.650023676279625,34.31464611118402,20.664622434904395,0.8934187607436707,0.9753460329376255,0.08192727219395479,ok,
p003_mixed_damage,p003,portrait_figure,,p003_mixed_damage,mixed_damage,lama,content_region,471552,77.0,0.0,691.0,768.0,48680,10.3234,8.2533,3509.707275390625,30.116771697998047,3479.590503692627,18.666072845458984,0.9805033802986145,17.68556946516037,12.678094649103368,33.34271944099097,20.6646247918876,0.870421751715227,0.9705169364995446,0.10009518478431767,ok,
p003_mixed_damage,p003,portrait_figure,,p003_mixed_damage,mixed_damage,lama,masked_region,48680,,,,,48680,10.3234,8.2533,33997.73046875,291.734375,33705.99609375,180.81396484375,9.49791145324707,171.31605339050293,2.816304343490728,23.4809275590371,20.66462321554637,,,,ok,
p003_mixed_damage,p003,portrait_figure,,p003_mixed_damage,mixed_damage,lama,mask_bbox_crop,482580,69.0,2.0,699.0,768.0,48680,10.3234,8.2533,3429.502685546875,29.42855453491211,3400.074131011963,18.239513397216797,0.9580967426300049,17.281416654586792,12.778492135895057,33.44311429822605,20.664622162330993,0.8695054042536435,0.9698144862285645,0.10030908197492094,ok,
p003_scratch_thin,p003,portrait_figure,,p003_scratch_thin,scratch_thin,lama,full_image,589824,0.0,0.0,768.0,768.0,10496,2.2258,1.7795,658.3639526367188,1.7747429609298706,656.5892096757889,3.3610823154449463,0.10282841324806213,3.258253902196884,19.946143169132956,45.63944898537771,25.693305816244756,0.9472454123297686,0.9964630094106415,0.04921759708087292,ok,
p003_scratch_thin,p003,portrait_figure,,p003_scratch_thin,scratch_thin,lama,content_region,471552,77.0,0.0,691.0,768.0,10496,2.2258,1.7795,823.4913940429688,2.2198739051818848,821.2715201377869,4.204090118408203,0.1286192536354065,4.075470864772797,18.974212959646625,44.66752054813217,25.693307588485542,0.9352407705808939,0.9958423456626195,0.06060157508172559,ok,
p003_scratch_thin,p003,portrait_figure,,p003_scratch_thin,scratch_thin,lama,masked_region,10496,,,,,10496,2.2258,1.7795,36996.84375,99.73189544677734,36897.11185455322,188.87643432617188,5.7784552574157715,183.0979790687561,2.449156854610979,28.142462877992113,25.693306023381133,,,,ok,
p003_scratch_thin,p003,portrait_figure,,p003_scratch_thin,scratch_thin,lama,mask_bbox_crop,483840,69.0,0.0,699.0,768.0,10496,2.2258,1.7795,802.5770874023438,2.163496255874634,800.4135911464691,4.09731912612915,0.12535274028778076,3.9719663858413696,19.085936038712475,44.77924212918281,25.693306090470337,0.9355785323642368,0.9956807903379948,0.06010225797375801,ok,
p003_zero_control,p003,portrait_figure,,p003_zero_control,zero_control,lama,full_image,589824,0.0,0.0,768.0,768.0,0,0.0,0.0,0.0,0.0,0.0,0.0,0.0,0.0,inf,inf,,1.0,1.0,0.0,ok,
p003_zero_control,p003,portrait_figure,,p003_zero_control,zero_control,lama,content_region,471552,77.0,0.0,691.0,768.0,0,0.0,0.0,0.0,0.0,0.0,0.0,0.0,0.0,inf,inf,,1.0,1.0,0.0,ok,
p004_loss_large,p004,portrait_figure,,p004_loss_large,loss_large,lama,full_image,589824,0.0,0.0,768.0,768.0,56801,11.8335,9.6302,3558.813720703125,74.84141540527344,3483.9723052978516,17.957368850708008,1.8230139017105103,16.134354948997498,12.61775104583078,29.389383685593494,16.771632639762714,0.9133173491981809,0.9448070198515666,0.031489670653385704,ok,
p004_loss_large,p004,portrait_figure,,p004_loss_large,loss_large,lama,content_region,480000,0.0,71.0,768.0,696.0,56801,11.8335,9.6302,4373.07080078125,91.9651107788086,4281.105690002441,22.066011428833008,2.240119457244873,19.825891971588135,11.722938521625002,28.494572625447102,16.7716341038221,0.8932921164604425,0.9320564606250302,0.03876434416458774,ok,
p004_loss_large,p004,portrait_figure,,p004_loss_large,loss_large,lama,masked_region,56801,,,,,56801,11.8335,9.6302,36954.8828125,777.15625,36177.7265625,186.4700469970703,18.930253982543945,167.53979301452637,2.4540853144088817,19.22572016853684,16.771634854127957,,,,ok,
p004_loss_large,p004,portrait_figure,,p004_loss_large,loss_large,lama,mask_bbox_crop,121072,256.0,295.0,578.0,671.0,56801,11.8335,9.6302,17337.40234375,364.6032409667969,16972.799102783203,87.48252868652344,8.881139755249023,78.60138893127441,5.740963330267964,22.512598360779158,16.771635030511195,0.5695196622291205,0.7259025593114412,0.15638289708232067,ok,
p004_loss_small,p004,portrait_figure,,p004_loss_small,loss_small,lama,full_image,589824,0.0,0.0,768.0,768.0,16444,3.4258,2.788,777.4996948242188,10.902262687683105,766.5974321365356,4.599307537078857,0.3717074990272522,4.227600038051605,19.223801336335804,37.75563718817692,18.531835851841116,0.9700971926867625,0.9850115844212054,0.014914391734442867,ok,
p004_loss_small,p004,portrait_figure,,p004_loss_small,loss_small,lama,content_region,480000,0.0,71.0,768.0,696.0,16444,3.4258,2.788,955.3917236328125,13.396698951721191,941.9950246810913,5.6516289710998535,0.4567541778087616,5.194874793291092,18.328988861104104,36.86082562776667,18.53183676666257,0.9631891128066447,0.9815489940693999,0.01835988126275523,ok,
p004_loss_small,p004,portrait_figure,,p004_loss_small,loss_small,lama,masked_region,16444,,,,,16444,3.4258,2.788,27887.8671875,391.04937744140625,27496.817810058594,164.97093200683594,13.33264446258545,151.6382875442505,3.676650593705389,22.20848762049033,18.53183702678494,,,,ok,
p004_loss_small,p004,portrait_figure,,p004_loss_small,loss_small,lama,mask_bbox_crop,188136,130.0,145.0,733.0,457.0,16444,3.4258,2.788,2437.53466796875,34.179622650146484,2403.3550453186035,14.41926097869873,1.1653378009796143,13.253923177719116,14.261295596766352,32.79313097154455,18.531835374778197,0.9049556844703499,0.9523602020158878,0.04740451754553787,ok,
p004_mixed_damage,p004,portrait_figure,,p004_mixed_damage,mixed_damage,lama,full_image,589824,0.0,0.0,768.0,768.0,47183,9.8298,7.9995,2597.238037109375,28.13690185546875,2569.1011352539062,14.046244621276855,0.936950147151947,13.109294474124908,13.985686062845705,33.63804085151842,19.652354788672714,0.8995651375975994,0.9631070826059128,0.06354194500831345,ok,
p004_mixed_damage,p004,portrait_figure,,p004_mixed_damage,mixed_damage,lama,content_region,480000,0.0,71.0,768.0,696.0,47183,9.8298,7.9995,3191.485595703125,34.57461929321289,3156.910976409912,17.260026931762695,1.1513242721557617,16.108702659606934,13.090874722213925,32.74322954147796,19.652354819264033,0.8824306115649114,0.9555138373209644,0.07308322575605297,ok,
p004_mixed_damage,p004,portrait_figure,,p004_mixed_damage,mixed_damage,lama,masked_region,47183,,,,,47183,9.8298,7.9995,32467.482421875,351.73291015625,32115.74951171875,175.5889129638672,11.712601661682129,163.87631130218506,3.0163174679309925,22.668673555575545,19.652356087644552,,,,ok,
p004_mixed_damage,p004,portrait_figure,,p004_mixed_damage,mixed_damage,lama,mask_bbox_crop,492288,0.0,63.0,768.0,704.0,47183,9.8298,7.9995,3111.823974609375,33.71160125732422,3078.112373352051,16.829193115234375,1.1225861310958862,15.706606984138489,13.200653384300638,32.853009794325494,19.652356410024858,0.879478165117119,0.9557284991270958,0.07625033400997683,ok,
p004_scratch_thin,p004,portrait_figure,,p004_scratch_thin,scratch_thin,lama,full_image,589824,0.0,0.0,768.0,768.0,9499,1.979,1.6105,526.9609985351562,2.2921481132507324,524.6688504219055,2.7694199085235596,0.11767578125,2.6517441272735596,20.913018874917295,44.52837683572041,23.615357960803113,0.9575327892799766,0.9953303799256874,0.037797590645710755,ok,
p004_scratch_thin,p004,portrait_figure,,p004_scratch_thin,scratch_thin,lama,content_region,480000,0.0,71.0,768.0,696.0,9499,1.979,1.6105,647.5298461914062,2.816591739654541,644.7132544517517,3.4030632972717285,0.1446000039577484,3.25846329331398,20.018205699872023,43.63356459591985,23.615358896047827,0.9492846389944116,0.9944017989703425,0.04511715997593091,ok,
p004_scratch_thin,p004,portrait_figure,,p004_scratch_thin,scratch_thin,lama,masked_region,9499,,,,,9499,1.979,1.6105,32720.734375,142.3269805908203,32578.40739440918,171.96234130859375,7.3068742752075195,164.65546703338623,2.982573185754991,26.597931247962045,23.615358062207054,,,,ok,
p004_scratch_thin,p004,portrait_figure,,p004_scratch_thin,scratch_thin,lama,mask_bbox_crop,463872,0.0,100.0,768.0,704.0,9499,1.979,1.6105,670.0431518554688,2.9145195484161377,667.1286323070526,3.5213816165924072,0.1496274769306183,3.371754139661789,19.869775880040418,43.48513388280284,23.615358002762424,0.9458862632631139,0.9940497483334009,0.048163485070287004,ok,
p004_zero_control,p004,portrait_figure,,p004_zero_control,zero_control,lama,full_image,589824,0.0,0.0,768.0,768.0,0,0.0,0.0,0.0,0.0,0.0,0.0,0.0,0.0,inf,inf,,1.0,1.0,0.0,ok,
p004_zero_control,p004,portrait_figure,,p004_zero_control,zero_control,lama,content_region,480000,0.0,71.0,768.0,696.0,0,0.0,0.0,0.0,0.0,0.0,0.0,0.0,0.0,inf,inf,,1.0,1.0,0.0,ok,
p005_loss_large,p005,portrait_figure,,p005_loss_large,loss_large,lama,full_image,589824,0.0,0.0,768.0,768.0,43712,10.0029,7.411,2695.119384765625,134.6636962890625,2560.4556884765625,13.843006134033203,2.136835813522339,11.706170320510864,13.825023531275026,26.83829829928676,13.013274768011733,0.9299676408120346,0.9546475204805113,0.024679879668476623,ok,
p005_loss_large,p005,portrait_figure,,p005_loss_large,loss_large,lama,content_region,436992,99.0,0.0,668.0,768.0,43712,10.0029,7.411,3637.69970703125,181.760498046875,3455.939208984375,18.684410095214844,2.884164810180664,15.80024528503418,12.522535157726756,25.535808568132552,13.013273410405796,0.9052137518628239,0.9386170703484004,0.03340331848557643,ok,
p005_loss_large,p005,portrait_figure,,p005_loss_large,loss_large,lama,masked_region,43712,,,,,43712,10.0029,7.411,36366.34375,1817.072509765625,34549.271240234375,186.7893829345703,28.83320426940918,157.95617866516113,2.523807213204705,15.537081028153656,13.01327381494895,,,,ok,
p005_loss_large,p005,portrait_figure,,p005_loss_large,loss_large,lama,mask_bbox_crop,89794,323.0,378.0,601.0,701.0,43712,10.0029,7.411,17703.25,884.5567016601562,16818.693298339844,90.92965698242188,14.036093711853027,76.89356327056885,5.650273584892041,18.663546836800048,13.013273251908007,0.5283926845386754,0.6945903099123886,0.1661976253737132,ok,
p005_loss_small,p005,portrait_figure,,p005_loss_small,loss_small,lama,full_image,589824,0.0,0.0,768.0,768.0,21814,4.9919,3.6984,1566.2091064453125,14.283099174499512,1551.926007270813,7.457037925720215,0.4030575156211853,7.0539804100990295,16.182306161008185,36.582579091456026,20.40027293044784,0.9551631765455468,0.9882535727102635,0.03309039616471665,ok,
p005_loss_small,p005,portrait_figure,,p005_loss_small,loss_small,lama,content_region,436992,99.0,0.0,668.0,768.0,21814,4.9919,3.6984,2113.96923828125,19.278419494628906,2094.690818786621,10.065035820007324,0.5440214276313782,9.521014392375946,14.879816975473585,35.280089346671424,20.40027237119784,0.9393149920563184,0.9841016383751704,0.044786646318851986,ok,
p005_loss_small,p005,portrait_figure,,p005_loss_small,loss_small,lama,masked_region,21814,,,,,21814,4.9919,3.6984,42348.3828125,386.1976318359375,41962.18518066406,201.6292266845703,10.898184776306152,190.73104190826416,1.8624353059357126,22.262707545103396,20.400272239167684,,,,ok,
p005_loss_small,p005,portrait_figure,,p005_loss_small,loss_small,lama,mask_bbox_crop,310200,107.0,33.0,624.0,633.0,21814,4.9919,3.6984,2978.03955078125,27.158334732055664,2950.8812160491943,14.179045677185059,0.7663862109184265,13.412659466266632,13.391498996303994,33.79177224083136,20.400273244527362,0.9142296002494373,0.9775297247516864,0.06330012450224909,ok,
p005_mixed_damage,p005,portrait_figure,,p005_mixed_damage,mixed_damage,lama,full_image,589824,0.0,0.0,768.0,768.0,38316,8.7681,6.4962,2450.21435546875,54.36717224121094,2395.847183227539,12.318346977233887,1.2132642269134521,11.105082750320435,14.238762808605141,30.77743615910623,16.53867335050109,0.9224469884298134,0.9685944492830655,0.046147460853252054,ok,
p005_mixed_damage,p005,portrait_figure,,p005_mixed_damage,mixed_damage,lama,content_region,436992,99.0,0.0,668.0,768.0,38316,8.7681,6.4962,3307.1435546875,73.38133239746094,3233.762222290039,16.626510620117188,1.6375868320465088,14.988923788070679,12.936273139265406,29.47494767816861,16.538674538903205,0.8966477921585998,0.9578167365453648,0.06116894438676501,ok,
p005_mixed_damage,p005,portrait_figure,,p005_mixed_damage,mixed_damage,lama,masked_region,38316,,,,,38316,8.7681,6.4962,37717.80078125,836.9105224609375,36880.89025878906,189.62452697753906,18.676593780517578,170.94793319702148,2.3653399855267065,18.90401332598324,16.538673340456533,,,,ok,
p005_mixed_damage,p005,portrait_figure,,p005_mixed_damage,mixed_damage,lama,mask_bbox_crop,449280,91.0,0.0,676.0,768.0,38316,8.7681,6.4962,3216.6923828125,71.37433624267578,3145.318046569824,16.171770095825195,1.592798113822937,14.578971982002258,13.056708302223539,29.59538278387857,16.53867448165503,0.8979354148247278,0.9586683425797867,0.060732927755058896,ok,
p005_scratch_thin,p005,portrait_figure,,p005_scratch_thin,scratch_thin,lama,full_image,589824,0.0,0.0,768.0,768.0,5805,1.3284,0.9842,310.859375,4.103972434997559,306.75540256500244,1.7021173238754272,0.12469934672117233,1.577417977154255,23.20516391369391,41.99875925764311,18.7935953439492,0.9712231735391078,0.9961109600235618,0.024887786484454,ok,
p005_scratch_thin,p005,portrait_figure,,p005_scratch_thin,scratch_thin,lama,content_region,436992,99.0,0.0,668.0,768.0,5805,1.3284,0.9842,419.5781555175781,5.539280891418457,414.03887462615967,2.297409772872925,0.1683112382888794,2.1290985345840454,21.902674914158148,40.69626972522091,18.79359481106276,0.963698812067112,0.9963970700956808,0.03269825802856874,ok,
p005_scratch_thin,p005,portrait_figure,,p005_scratch_thin,scratch_thin,lama,masked_region,5805,,,,,5805,1.3284,0.9842,31585.240234375,416.9890441894531,31168.251190185547,172.9456787109375,12.67022705078125,160.27545166015625,3.1359617642186253,21.92955716231252,18.793595398093895,,,,ok,
p005_scratch_thin,p005,portrait_figure,,p005_scratch_thin,scratch_thin,lama,mask_bbox_crop,442845,91.0,11.0,676.0,768.0,5805,1.3284,0.9842,414.03271484375,5.466069221496582,408.5666456222534,2.267045259475708,0.16608670353889465,2.1009585559368134,21.960457025615433,40.754052336350085,18.793595310734652,0.9615731894065062,0.9948068143383276,0.03323362493182147,ok,
p005_zero_control,p005,portrait_figure,,p005_zero_control,zero_control,lama,full_image,589824,0.0,0.0,768.0,768.0,0,0.0,0.0,0.0,0.0,0.0,0.0,0.0,0.0,inf,inf,,1.0,1.0,0.0,ok,
p005_zero_control,p005,portrait_figure,,p005_zero_control,zero_control,lama,content_region,436992,99.0,0.0,668.0,768.0,0,0.0,0.0,0.0,0.0,0.0,0.0,0.0,0.0,inf,inf,,1.0,1.0,0.0,ok,
p006_loss_large,p006,portrait_figure,,p006_loss_large,loss_large,lama,full_image,589824,0.0,0.0,768.0,768.0,51891,11.7303,8.7977,4590.89306640625,12.592329978942871,4578.300736427307,20.05240821838379,0.5944247841835022,19.457983434200287,11.511831838088275,37.12974265122589,25.617910813137613,0.9180588141962246,0.9816440395126799,0.06358522531645527,ok,
p006_loss_large,p006,portrait_figure,,p006_loss_large,loss_large,lama,content_region,442368,96.0,0.0,672.0,768.0,51891,11.7303,8.7977,6121.189453125,16.789770126342773,6104.399682998657,26.736539840698242,0.7925663590431213,25.94397348165512,10.262445395824987,35.88035610742028,25.617910711595297,0.8904575726623203,0.9754609791380032,0.08500340647568294,ok,
p006_loss_large,p006,portrait_figure,,p006_loss_large,loss_large,lama,masked_region,51891,,,,,51891,11.7303,8.7977,52182.8125,143.1318817138672,52039.68061828613,227.9276123046875,6.756586074829102,221.1710262298584,0.9555287827861452,26.57343980006585,25.617911017279702,,,,ok,
p006_loss_large,p006,portrait_figure,,p006_loss_large,loss_large,lama,mask_bbox_crop,86449,163.0,203.0,482.0,474.0,51891,11.7303,8.7977,31322.7265625,85.91490173339844,31236.8116607666,136.81350708007812,4.055639743804932,132.7578673362732,3.1722080162283977,28.790118631682237,25.617910615453837,0.42638305033638524,0.8715018588076449,0.4451188084712596,ok,
p006_loss_small,p006,portrait_figure,,p006_loss_small,loss_small,lama,full_image,589824,0.0,0.0,768.0,768.0,22150,5.0071,3.7554,1871.9700927734375,0.3719872236251831,1871.5981055498123,8.362913131713867,0.0793813094496727,8.283531822264194,15.407814548457488,52.4255233712679,37.01770882281041,0.9561424101380595,0.9972651032753435,0.041122693137284005,ok,
p006_loss_small,p006,portrait_figure,,p006_loss_small,loss_small,lama,content_region,442368,96.0,0.0,672.0,768.0,22150,5.0071,3.7554,2495.95947265625,0.49598297476768494,2495.4634896814823,11.150550842285156,0.1058417409658432,11.044709101319313,14.158428315180407,51.1761359181995,37.01770760301909,0.9413693272371949,0.9963438749049329,0.054974547667738016,ok,
p006_loss_small,p006,portrait_figure,,p006_loss_small,loss_small,lama,masked_region,22150,,,,,22150,5.0071,3.7554,49847.9765625,9.905508041381836,49838.07105445862,222.69287109375,2.1138148307800293,220.57905626296997,1.1543282681754836,38.172036059897664,37.01770779172218,,,,ok,
p006_loss_small,p006,portrait_figure,,p006_loss_small,loss_small,lama,mask_bbox_crop,336810,111.0,12.0,626.0,666.0,22150,5.0071,3.7554,3278.20654296875,0.6514266133308411,3277.555116355419,14.645191192626953,0.13901309669017792,14.506178095936775,12.97444048105132,49.99214863644535,37.01770815539403,0.922792068665876,0.9951854235677815,0.07239335490190546,ok,
p006_mixed_damage,p006,portrait_figure,,p006_mixed_damage,mixed_damage,lama,full_image,589824,0.0,0.0,768.0,768.0,44236,9.9998,7.4999,3897.41455078125,2.1246135234832764,3895.2899372577667,17.033321380615234,0.2350870817899704,16.798234298825264,12.223037586314042,44.85800419367937,32.63496660736533,0.9004583056571486,0.9928221606315414,0.09236385497439281,ok,
p006_mixed_damage,p006,portrait_figure,,p006_mixed_damage,mixed_damage,lama,content_region,442368,96.0,0.0,672.0,768.0,44236,9.9998,7.4999,5196.55419921875,2.832818031311035,5193.721381187439,22.711103439331055,0.3134494423866272,22.397653996944427,10.973648996008949,43.60861682759637,32.634967831587424,0.8698727995436943,0.991143849846642,0.12127105030294771,ok,
p006_mixed_damage,p006,portrait_figure,,p006_mixed_damage,mixed_damage,lama,masked_region,44236,,,,,44236,9.9998,7.4999,51966.46875,28.328691482543945,51938.140058517456,227.11517333984375,3.1345510482788086,223.98062229156494,0.973571544259259,33.60853846179279,32.63496691753353,,,,ok,
p006_mixed_damage,p006,portrait_figure,,p006_mixed_damage,mixed_damage,lama,mask_bbox_crop,454656,88.0,0.0,680.0,768.0,44236,9.9998,7.4999,5056.1044921875,2.7562553882598877,5053.34823679924,22.097291946411133,0.3049778342247009,21.792314112186432,11.092643201364016,43.72760905044024,32.634965849076224,0.8705618240797723,0.9906663590464753,0.12010453496670292,ok,
p006_scratch_thin,p006,portrait_figure,,p006_scratch_thin,scratch_thin,lama,full_image,589824,0.0,0.0,768.0,768.0,13053,2.9507,2.213,1130.197509765625,0.7103294134140015,1129.487180352211,4.960737228393555,0.0624864362180233,4.898250792175531,17.599260148129847,49.616205625003516,32.01694547687367,0.9341906300472497,0.9969470983226492,0.06275646827539949,ok,
p006_scratch_thin,p006,portrait_figure,,p006_scratch_thin,scratch_thin,lama,content_region,442368,96.0,0.0,672.0,768.0,13053,2.9507,2.213,1506.9302978515625,0.947105884552002,1505.9831919670105,6.614316463470459,0.08331524580717087,6.531001217663288,16.349871961169956,48.36681825892053,32.01694629775058,0.9169897070113432,0.9969016337181125,0.07991192670676928,ok,
p006_scratch_thin,p006,portrait_figure,,p006_scratch_thin,scratch_thin,lama,masked_region,13053,,,,,13053,2.9507,2.213,51070.07421875,32.09754943847656,51037.97666931152,224.1601104736328,2.8235654830932617,221.33654499053955,1.0491387186355186,33.06608484412355,32.01694612548803,,,,ok,
p006_scratch_thin,p006,portrait_figure,,p006_scratch_thin,scratch_thin,lama,mask_bbox_crop,401968,88.0,89.0,680.0,768.0,13053,2.9507,2.213,1658.385009765625,1.042295217514038,1657.342714548111,7.279091835021973,0.09168889373540878,7.187402941286564,15.9339499737635,47.950896158214505,32.016946184451,0.903108652595111,0.9955052030246518,0.09239655042954087,ok,
p006_zero_control,p006,portrait_figure,,p006_zero_control,zero_control,lama,full_image,589824,0.0,0.0,768.0,768.0,0,0.0,0.0,0.0,0.0,0.0,0.0,0.0,0.0,inf,inf,,1.0,1.0,0.0,ok,
p006_zero_control,p006,portrait_figure,,p006_zero_control,zero_control,lama,content_region,442368,96.0,0.0,672.0,768.0,0,0.0,0.0,0.0,0.0,0.0,0.0,0.0,0.0,inf,inf,,1.0,1.0,0.0,ok,
p007_loss_large,p007,portrait_figure,,p007_loss_large,loss_large,lama,full_image,589824,0.0,0.0,768.0,768.0,47676,10.7031,8.0831,2435.74658203125,61.98031997680664,2373.7662620544434,13.60853385925293,1.4645193815231323,12.144014477729797,14.264482590706722,30.208265468897388,15.943782878190666,0.9376360605068449,0.9681259498613944,0.03048988935454955,ok,
p007_loss_large,p007,portrait_figure,,p007_loss_large,loss_large,lama,content_region,445440,94.0,0.0,674.0,768.0,47676,10.7031,8.0831,3225.26513671875,82.07051086425781,3143.194625854492,18.019577026367188,1.939225673675537,16.08035135269165,13.045149387397682,28.988932240836593,15.943782853438911,0.9172102406031639,0.957686365495439,0.040476124892275034,ok,
p007_loss_large,p007,portrait_figure,,p007_loss_large,loss_large,lama,masked_region,47676,,,,,47676,10.7031,8.0831,30133.861328125,766.7901000976562,29367.071228027344,168.3580780029297,18.11831283569336,150.23976516723633,3.340255754922233,19.284038637311525,15.943782882389293,,,,ok,
p007_loss_large,p007,portrait_figure,,p007_loss_large,loss_large,lama,mask_bbox_crop,89096,308.0,168.0,604.0,469.0,47676,10.7031,8.0831,16124.8740234375,410.3156433105469,15714.558380126953,90.08979034423828,9.695257186889648,80.39453315734863,6.055840304994985,21.999622860800365,15.943782555805381,0.5767241696895012,0.7836648045741522,0.20694063488465098,ok,
p007_loss_small,p007,portrait_figure,,p007_loss_small,loss_small,lama,full_image,589824,0.0,0.0,768.0,768.0,23575,5.2925,3.997,1223.335205078125,16.323396682739258,1207.0118083953857,6.719787120819092,0.48507463932037354,6.234712481498718,17.255348868495332,36.002698261143394,18.74734939264806,0.9587217883360194,0.9843915299434212,0.025669741607401764,ok,
p007_loss_small,p007,portrait_figure,,p007_loss_small,loss_small,lama,content_region,445440,94.0,0.0,674.0,768.0,23575,5.2925,3.997,1619.864501953125,21.61443328857422,1598.2500686645508,8.897924423217773,0.6423057317733765,8.255618691444397,16.036016725692107,34.783365076682166,18.74734835099006,0.945202095317155,0.9792793481130428,0.0340772527958878,ok,
p007_loss_small,p007,portrait_figure,,p007_loss_small,loss_small,lama,masked_region,23575,,,,,23575,5.2925,3.997,30606.6796875,408.3958435058594,30198.28384399414,168.12266540527344,12.136104583740234,155.9865608215332,3.2726414239799135,22.019990475109598,18.747349051129685,,,,ok,
p007_loss_small,p007,portrait_figure,,p007_loss_small,loss_small,lama,mask_bbox_crop,233500,128.0,218.0,595.0,718.0,23575,5.2925,3.997,3090.160400390625,41.23310852050781,3048.927291870117,16.974267959594727,1.2253047227859497,15.748963236808777,13.230993380137646,31.97834283829974,18.74734945816209,0.8947546438677584,0.9602037267710029,0.06544908290324447,ok,
p007_mixed_damage,p007,portrait_figure,,p007_mixed_damage,mixed_damage,lama,full_image,589824,0.0,0.0,768.0,768.0,42099,9.4511,7.1376,2257.772216796875,122.03077697753906,2135.741439819336,12.161698341369629,1.7458665370941162,10.415831804275513,14.594002363782595,27.266109844075746,12.672107480293151,0.8978944313516569,0.9632895521427057,0.06539512079104881,ok,
p007_mixed_damage,p007,portrait_figure,,p007_mixed_damage,mixed_damage,lama,content_region,445440,94.0,0.0,674.0,768.0,42099,9.4511,7.1376,2989.601806640625,161.58563232421875,2828.0161743164062,16.103769302368164,2.311768054962158,13.792001247406006,13.374670135785713,26.046776187840024,12.67210605205431,0.8657527083844406,0.9513761131530006,0.08562340476856001,ok,
p007_mixed_damage,p007,portrait_figure,,p007_mixed_damage,mixed_damage,lama,masked_region,42099,,,,,42099,9.4511,7.1376,31632.296875,1709.7012939453125,29922.595581054688,170.39036560058594,24.460296630859375,145.93006896972656,3.1294963294455473,15.801601204892116,12.672104875446568,,,,ok,
p007_mixed_damage,p007,portrait_figure,,p007_mixed_damage,mixed_damage,lama,mask_bbox_crop,447000,86.0,18.0,682.0,768.0,42099,9.4511,7.1376,2979.168701171875,161.02169799804688,2818.147003173828,16.047569274902344,2.3037002086639404,13.743869066238403,13.38985264194128,26.061959588367696,12.672106946426416,0.8649376120779809,0.9514404472260548,0.08650283514807389,ok,
p007_scratch_thin,p007,portrait_figure,,p007_scratch_thin,scratch_thin,lama,full_image,589824,0.0,0.0,768.0,768.0,10363,2.3265,1.757,648.232177734375,2.530967950820923,645.7012097835541,3.263810396194458,0.12704411149024963,3.1367662847042084,20.01349775600863,44.097937150655426,24.084439394646797,0.9447265692391672,0.9949135205263356,0.050186951287168435,ok,
p007_scratch_thin,p007,portrait_figure,,p007_scratch_thin,scratch_thin,lama,content_region,445440,94.0,0.0,674.0,768.0,10363,2.3265,1.757,858.3493041992188,3.351350784301758,854.997953414917,4.32173490524292,0.16822393238544464,4.153510972857475,18.794163014401917,42.87860473255425,24.084441718152334,0.9296957736552756,0.9935448433027153,0.06384906964743975,ok,
p007_scratch_thin,p007,portrait_figure,,p007_scratch_thin,scratch_thin,lama,masked_region,10363,,,,,10363,2.3265,1.757,36895.0,144.0534210205078,36750.94657897949,185.76412963867188,7.2308855056762695,178.5332441329956,2.4611284618694027,26.545567843834665,24.08443938196526,,,,ok,
p007_scratch_thin,p007,portrait_figure,,p007_scratch_thin,scratch_thin,lama,mask_bbox_crop,456192,88.0,0.0,682.0,768.0,10363,2.3265,1.757,838.118408203125,3.27236270904541,834.8460454940796,4.219875812530518,0.16425906121730804,4.0556167513132095,18.897749813826213,42.982189259521434,24.08443944569522,0.9283701458507583,0.9934083378249458,0.06503819197418748,ok,
p007_zero_control,p007,portrait_figure,,p007_zero_control,zero_control,lama,full_image,589824,0.0,0.0,768.0,768.0,0,0.0,0.0,0.0,0.0,0.0,0.0,0.0,0.0,inf,inf,,1.0,1.0,0.0,ok,
p007_zero_control,p007,portrait_figure,,p007_zero_control,zero_control,lama,content_region,445440,94.0,0.0,674.0,768.0,0,0.0,0.0,0.0,0.0,0.0,0.0,0.0,0.0,inf,inf,,1.0,1.0,0.0,ok,
p008_loss_large,p008,portrait_figure,,p008_loss_large,loss_large,lama,full_image,589824,0.0,0.0,768.0,768.0,48511,11.16,8.2247,3577.98583984375,49.86149215698242,3528.1243476867676,16.912546157836914,1.161975383758545,15.75057077407837,12.594417433872245,31.15315089791874,18.558733464046494,0.9316939584587255,0.9757455787283247,0.04405162026959919,ok,
p008_loss_large,p008,portrait_figure,,p008_loss_large,loss_large,lama,content_region,434688,101.0,0.0,667.0,768.0,48511,11.16,8.2247,4854.93505859375,67.65657043457031,4787.27848815918,22.948471069335938,1.5766733884811401,21.371797680854797,11.268969358685855,29.82770381591108,18.558734457225224,0.9070549934741946,0.9669966624838991,0.059941669009704546,ok,
p008_loss_large,p008,portrait_figure,,p008_loss_large,loss_large,lama,masked_region,48511,,,,,48511,11.16,8.2247,43503.1640625,606.2439575195312,42896.92010498047,205.6322021484375,14.127950668334961,191.50425148010254,1.7455951575439248,20.30432937882749,18.558734221283565,,,,ok,
p008_loss_large,p008,portrait_figure,,p008_loss_large,loss_large,lama,mask_bbox_crop,81270,178.0,366.0,493.0,624.0,48511,11.16,8.2247,25967.53515625,361.8739929199219,25605.661163330078,122.74425506591797,8.433135986328125,114.31111907958984,3.986496326033475,22.545229884179655,18.55873355814618,0.49065735366656577,0.8191402863195342,0.3284829326529684,ok,
p008_loss_small,p008,portrait_figure,,p008_loss_small,loss_small,lama,full_image,589824,0.0,0.0,768.0,768.0,23310,5.3625,3.952,1221.0186767578125,5.857093334197998,1215.1615834236145,6.781615734100342,0.27426543831825256,6.507350295782089,17.26358053883861,40.45398216197267,23.190401623134058,0.9627417094499139,0.9907046651224283,0.02796295567251439,ok,
p008_loss_small,p008,portrait_figure,,p008_loss_small,loss_small,lama,content_region,434688,101.0,0.0,667.0,768.0,23310,5.3625,3.952,1656.78857421875,7.947434425354004,1648.841139793396,9.201910018920898,0.37214815616607666,8.829761862754822,15.938132700156252,39.12853407650008,23.19040137634383,0.949302111787205,0.987351705041589,0.03804959325438395,ok,
p008_loss_small,p008,portrait_figure,,p008_loss_small,loss_small,lama,masked_region,23310,,,,,23310,5.3625,3.952,30896.01953125,148.20481872558594,30747.814712524414,171.5984344482422,6.939868450164795,164.6585659980774,3.231778298885911,26.422180363615126,23.190402064729216,,,,ok,
p008_loss_small,p008,portrait_figure,,p008_loss_small,loss_small,lama,mask_bbox_crop,325728,112.0,84.0,634.0,708.0,23310,5.3625,3.952,2211.00439453125,10.605948448181152,2200.398446083069,12.280060768127441,0.4966362416744232,11.783424526453018,14.684907550966248,37.87530849034346,23.19040093937721,0.9321586172632274,0.9830746831970686,0.05091606593384124,ok,
p008_mixed_damage,p008,portrait_figure,,p008_mixed_damage,mixed_damage,lama,full_image,589824,0.0,0.0,768.0,768.0,38912,8.9517,6.5972,2152.813720703125,4.230071544647217,2148.583649158478,11.774819374084473,0.2962663471698761,11.478553026914597,14.800739081789784,41.86732648059598,27.066587398806192,0.9381143850497659,0.9914774234172995,0.053363038367533644,ok,
p008_mixed_damage,p008,portrait_figure,,p008_mixed_damage,mixed_damage,lama,content_region,434688,101.0,0.0,667.0,768.0,38912,8.9517,6.5972,2921.13134765625,5.739743709564209,2915.391603946686,15.977149963378906,0.40200096368789673,15.57514899969101,13.475292755548093,40.54187860108786,27.066585845539766,0.9232746865712883,0.9905870643786662,0.06731237780737787,ok,
p008_mixed_damage,p008,portrait_figure,,p008_mixed_damage,mixed_damage,lama,masked_region,38912,,,,,38912,8.9517,6.5972,32632.11328125,64.11898040771484,32567.994300842285,178.48150634765625,4.490774154663086,173.99073219299316,2.9943516091801694,30.06093753093848,27.06658592175831,,,,ok,
p008_mixed_damage,p008,portrait_figure,,p008_mixed_damage,mixed_damage,lama,mask_bbox_crop,391686,93.0,0.0,675.0,673.0,38912,8.9517,6.5972,3241.835205078125,6.369892597198486,3235.4653124809265,17.73123550415039,0.44613543152809143,17.2851000726223,13.02289426649141,40.089482511129795,27.066588244638385,0.9064699134621126,0.987119505462672,0.08064959200055943,ok,
p008_scratch_thin,p008,portrait_figure,,p008_scratch_thin,scratch_thin,lama,full_image,589824,0.0,0.0,768.0,768.0,8622,1.9835,1.4618,580.3156127929688,3.3907198905944824,576.9248929023743,2.878142833709717,0.12513449788093567,2.753008335828781,20.494161059011383,42.82788446935827,22.333723410346884,0.9561633010589613,0.9951362652017494,0.03897296414278806,ok,
p008_scratch_thin,p008,portrait_figure,,p008_scratch_thin,scratch_thin,lama,content_region,434688,101.0,0.0,667.0,768.0,8622,1.9835,1.4618,787.4247436523438,4.60083532333374,782.82390832901,3.9053244590759277,0.16979381442070007,3.7355306446552277,19.168713031406057,41.5024367192986,22.333723687892544,0.9462054668270309,0.995966882899134,0.04976141607210316,ok,
p008_scratch_thin,p008,portrait_figure,,p008_scratch_thin,scratch_thin,lama,masked_region,8622,,,,,8622,1.9835,1.4618,39698.921875,231.95639038085938,39466.96548461914,196.8914031982422,8.560349464416504,188.33105373382568,2.143016483137662,24.476740190684694,22.333723707547033,,,,ok,
p008_scratch_thin,p008,portrait_figure,,p008_scratch_thin,scratch_thin,lama,mask_bbox_crop,355584,93.0,0.0,556.0,768.0,8622,1.9835,1.4618,962.5969848632812,5.624347686767578,956.9726371765137,4.774111270904541,0.2075665146112442,4.566544756293297,18.296358638624216,40.63008200744964,22.33372336882542,0.926906860846668,0.9918902277543395,0.06498336690767159,ok,
p008_zero_control,p008,portrait_figure,,p008_zero_control,zero_control,lama,full_image,589824,0.0,0.0,768.0,768.0,0,0.0,0.0,0.0,0.0,0.0,0.0,0.0,0.0,inf,inf,,1.0,1.0,0.0,ok,
p008_zero_control,p008,portrait_figure,,p008_zero_control,zero_control,lama,content_region,434688,101.0,0.0,667.0,768.0,0,0.0,0.0,0.0,0.0,0.0,0.0,0.0,0.0,inf,inf,,1.0,1.0,0.0,ok,
p009_loss_large,p009,portrait_figure,,p009_loss_large,loss_large,lama,full_image,589824,0.0,0.0,768.0,768.0,58251,12.293,9.876,2072.270263671875,184.93907165527344,1887.3311920166016,11.853757858276367,2.3753159046173096,9.478441953659058,14.96633965795143,25.460516876119353,10.494177218167923,0.9208673573541679,0.9363896236275181,0.015522266273350183,ok,
p009_loss_large,p009,portrait_figure,,p009_loss_large,loss_large,lama,content_region,473856,75.0,0.0,692.0,768.0,58251,12.293,9.876,2579.423095703125,230.19961547851562,2349.2234802246094,14.754754066467285,2.9566330909729004,11.798120975494385,14.015577767530402,24.509757670115757,10.494179902585355,0.9013108450145277,0.9206692196467579,0.019358374632230113,ok,
p009_loss_large,p009,portrait_figure,,p009_loss_large,loss_large,lama,masked_region,58251,,,,,58251,12.293,9.876,20982.8984375,1872.611572265625,19110.286865234375,120.02590942382812,24.051403045654297,95.97450637817383,4.912148823264356,15.406326579806478,10.494177756542122,,,,ok,
p009_loss_large,p009,portrait_figure,,p009_loss_large,loss_large,lama,mask_bbox_crop,97940,122.0,13.0,417.0,345.0,58251,12.293,9.876,12479.8330078125,1113.75830078125,11366.07470703125,71.3868637084961,14.304863929748535,57.08199977874756,7.168715867611502,17.662894070372925,10.494178202761422,0.512302904489289,0.6079671452393148,0.09566424075002589,ok,
p009_loss_small,p009,portrait_figure,,p009_loss_small,loss_small,lama,full_image,589824,0.0,0.0,768.0,768.0,20955,4.4222,3.5528,908.6414184570312,16.384958267211914,892.2564601898193,4.859646320343018,0.46330204606056213,4.3963442742824554,18.54687831561916,35.98635021304088,17.43947189742172,0.9627487999307253,0.9796280732444647,0.016879273313739396,ok,
p009_loss_small,p009,portrait_figure,,p009_loss_small,loss_small,lama,content_region,473856,75.0,0.0,692.0,768.0,20955,4.4222,3.5528,1131.015380859375,20.39488983154297,1110.620491027832,6.048960208892822,0.5766871571540833,5.472273051738739,17.59611849862054,35.03558997166363,17.439471473043092,0.9535426932032941,0.9745934399546351,0.021050746751341,ok,
p009_loss_small,p009,portrait_figure,,p009_loss_small,loss_small,lama,masked_region,20955,,,,,20955,4.4222,3.5528,25575.685546875,461.19024658203125,25114.49530029297,136.78530883789062,13.040642738342285,123.74466609954834,4.052530772233177,21.4920024676475,17.439471695414323,,,,ok,
p009_loss_small,p009,portrait_figure,,p009_loss_small,loss_small,lama,mask_bbox_crop,361046,82.0,20.0,600.0,717.0,20955,4.4222,3.5528,1484.40478515625,26.76734161376953,1457.6374435424805,7.938977241516113,0.7568749189376831,7.18210232257843,16.415280151887362,33.85475119296189,17.43947104107453,0.9388632704724135,0.966565561010308,0.027702290537894525,ok,
p009_mixed_damage,p009,portrait_figure,,p009_mixed_damage,mixed_damage,lama,full_image,589824,0.0,0.0,768.0,768.0,47792,10.0858,8.1028,2260.146240234375,65.74996185302734,2194.3962783813477,12.368210792541504,1.5181517601013184,10.850059032440186,14.589438202726942,29.951848556760694,15.362410354033752,0.89983909611,0.9446383230021858,0.04479922689218574,ok,
p009_mixed_damage,p009,portrait_figure,,p009_mixed_damage,mixed_damage,lama,content_region,473856,75.0,0.0,692.0,768.0,47792,10.0858,8.1028,2813.278076171875,81.84110260009766,2731.4369735717773,15.395112037658691,1.8896929025650024,13.505419135093689,13.638676990979306,29.001088891140448,15.362411900161142,0.878052319018451,0.9327447002521642,0.05469238123371312,ok,
p009_mixed_damage,p009,portrait_figure,,p009_mixed_damage,mixed_damage,lama,masked_region,47792,,,,,47792,10.0858,8.1028,27893.548828125,811.4517822265625,27082.097045898438,152.64202880859375,18.736238479614258,133.9057903289795,3.675765888598785,19.038176424174114,15.362410535575329,,,,ok,
p009_mixed_damage,p009,portrait_figure,,p009_mixed_damage,mixed_damage,lama,mask_bbox_crop,457560,67.0,30.0,687.0,768.0,47792,10.0858,8.1028,2913.472900390625,84.75588989257812,2828.717010498047,15.943408966064453,1.9569942951202393,13.986414670944214,13.486693780043117,28.849104727660695,15.362410947617578,0.8706016538547171,0.9284779872672284,0.057876333412511305,ok,
p009_scratch_thin,p009,portrait_figure,,p009_scratch_thin,scratch_thin,lama,full_image,589824,0.0,0.0,768.0,768.0,9528,2.0107,1.6154,358.95159912109375,13.63444995880127,345.3171491622925,2.053579807281494,0.2658555805683136,1.7877242267131805,22.58044468422584,36.78442738551817,14.203982701292333,0.955686665995787,0.9888270928918962,0.03314042689610919,ok,
p009_scratch_thin,p009,portrait_figure,,p009_scratch_thin,scratch_thin,lama,content_region,473856,75.0,0.0,692.0,768.0,9528,2.0107,1.6154,446.79852294921875,16.97124671936035,429.8272762298584,2.5561575889587402,0.330919086933136,2.2252385020256042,21.6296863213621,35.833666138094685,14.203979816732584,0.9500635209833743,0.9882990852549053,0.038235564271530964,ok,
p009_scratch_thin,p009,portrait_figure,,p009_scratch_thin,scratch_thin,lama,masked_region,9528,,,,,9528,2.0107,1.6154,22220.63671875,844.0307006835938,21376.606018066406,127.12538146972656,16.457597732543945,110.66778373718262,4.6632386164209825,18.867221169733174,14.20398255331219,,,,ok,
p009_scratch_thin,p009,portrait_figure,,p009_scratch_thin,scratch_thin,lama,mask_bbox_crop,438036,67.0,51.0,700.0,743.0,9528,2.0107,1.6154,483.33526611328125,18.359052658081055,464.9762134552002,2.7651851177215576,0.3579797148704529,2.4072054028511047,21.288318766753815,35.492300933699326,14.203982166945512,0.9401791317125329,0.984917113110054,0.044737981397521165,ok,
p009_zero_control,p009,portrait_figure,,p009_zero_control,zero_control,lama,full_image,589824,0.0,0.0,768.0,768.0,0,0.0,0.0,0.0,0.0,0.0,0.0,0.0,0.0,inf,inf,,1.0,1.0,0.0,ok,
p009_zero_control,p009,portrait_figure,,p009_zero_control,zero_control,lama,content_region,473856,75.0,0.0,692.0,768.0,0,0.0,0.0,0.0,0.0,0.0,0.0,0.0,0.0,inf,inf,,1.0,1.0,0.0,ok,
p010_loss_large,p010,portrait_figure,,p010_loss_large,loss_large,lama,full_image,589824,0.0,0.0,768.0,768.0,92273,17.2874,15.6442,6033.96044921875,74.20576477050781,5959.754684448242,30.444068908691406,2.552886962890625,27.89118194580078,10.324779016882621,29.42642715551546,19.10164813863284,0.8542664201710298,0.8874240079816267,0.033157587810596856,ok,
p010_loss_large,p010,portrait_figure,,p010_loss_large,loss_large,lama,content_region,533760,0.0,36.0,768.0,731.0,92273,17.2874,15.6442,6667.74365234375,82.00004577636719,6585.743606567383,33.641780853271484,2.8210318088531494,30.820749044418335,9.891014662495298,28.992662660400704,19.101647997905406,0.838825852206567,0.875496508101596,0.036670655895028936,ok,
p010_loss_large,p010,portrait_figure,,p010_loss_large,loss_large,lama,masked_region,92273,,,,,92273,17.2874,15.6442,38570.0625,474.3353576660156,38095.727142333984,194.60337829589844,16.31846809387207,178.28491020202637,2.268300182584636,21.36994862050082,19.101648437916186,,,,ok,
p010_loss_large,p010,portrait_figure,,p010_loss_large,loss_large,lama,mask_bbox_crop,180600,175.0,150.0,519.0,675.0,92273,17.2874,15.6442,19706.39453125,242.34963989257812,19464.044891357422,99.42767333984375,8.337508201599121,91.09016513824463,5.184731875481901,24.286379821269882,19.10164794578798,0.5176241935092923,0.6273752761368798,0.10975108262758748,ok,
p010_loss_small,p010,portrait_figure,,p010_loss_small,loss_small,lama,full_image,589824,0.0,0.0,768.0,768.0,19716,3.6938,3.3427,1456.8455810546875,10.2398681640625,1446.605712890625,6.950364112854004,0.41955113410949707,6.530812978744507,16.49666839880299,38.0278599563325,21.53119155752951,0.9606245662713132,0.9779215831030003,0.01729701683168705,ok,
p010_loss_small,p010,portrait_figure,,p010_loss_small,loss_small,lama,content_region,533760,0.0,36.0,768.0,731.0,19716,3.6938,3.3427,1609.8673095703125,11.315421104431152,1598.5518884658813,7.680402755737305,0.4636191129684448,7.21678364276886,16.06290279305774,37.594096399675564,21.531193606617823,0.9564527133508575,0.975582360412897,0.019129647062039568,ok,
p010_loss_small,p010,portrait_figure,,p010_loss_small,loss_small,lama,masked_region,19716,,,,,19716,3.6938,3.3427,43583.0078125,306.3359680175781,43276.67184448242,207.92715454101562,12.551295280456543,195.37585926055908,1.7376316177513542,23.268823689765156,21.531192072013802,,,,ok,
p010_loss_small,p010,portrait_figure,,p010_loss_small,loss_small,lama,mask_bbox_crop,410432,26.0,100.0,730.0,683.0,19716,3.6938,3.3427,2093.60546875,14.715522766113281,2078.8899459838867,9.988236427307129,0.6029289364814758,9.385307490825653,14.92185516805036,36.45304665930371,21.53119149125335,0.9432319393812492,0.9681692672286216,0.02493732784737246,ok,
p010_mixed_damage,p010,portrait_figure,,p010_mixed_damage,mixed_damage,lama,full_image,589824,0.0,0.0,768.0,768.0,48195,9.0293,8.1711,3292.5224609375,21.337251663208008,3271.185209274292,16.24955940246582,0.9555805325508118,15.293978869915009,12.955516145528613,34.83941881316932,21.883902667640704,0.869825328250534,0.9535715729220073,0.08374624467147329,ok,
p010_mixed_damage,p010,portrait_figure,,p010_mixed_damage,mixed_damage,lama,content_region,533760,0.0,36.0,768.0,731.0,48195,9.0293,8.1711,3638.35546875,23.578432083129883,3614.77703666687,17.956344604492188,1.0559508800506592,16.90039372444153,12.521752333270957,34.405654388316876,21.88390205504592,0.8602386630277096,0.9495280497693585,0.08928938674164888,ok,
p010_mixed_damage,p010,portrait_figure,,p010_mixed_damage,mixed_damage,lama,masked_region,48195,,,,,48195,9.0293,8.1711,40294.8125,261.13140869140625,40033.681091308594,198.86663818359375,11.694664001464844,187.1719741821289,2.0783122161604357,23.96221249286303,21.883900276702597,,,,ok,
p010_mixed_damage,p010,portrait_figure,,p010_mixed_damage,mixed_damage,lama,mask_bbox_crop,546048,0.0,28.0,768.0,739.0,48195,9.0293,8.1711,3556.48046875,23.047853469848633,3533.4326152801514,17.552263259887695,1.0321882963180542,16.52007496356964,12.620599328579104,34.504498766784444,21.88389943820534,0.8593005675558962,0.949817785200808,0.09051721764491172,ok,
p010_scratch_thin,p010,portrait_figure,,p010_scratch_thin,scratch_thin,lama,full_image,589824,0.0,0.0,768.0,768.0,10545,1.9756,1.7878,767.5748901367188,2.0747787952423096,765.5001113414764,3.6652352809906006,0.1330447793006897,3.532190501689911,19.279596017526693,44.96108560121799,25.681489583691295,0.9453331781485282,0.9937662466349835,0.04843306848645523,ok,
p010_scratch_thin,p010,portrait_figure,,p010_scratch_thin,scratch_thin,lama,content_region,533760,0.0,36.0,768.0,731.0,10545,1.9756,1.7878,848.1984252929688,2.2927052974700928,845.9057199954987,4.0502166748046875,0.14701925218105316,3.9031974226236343,18.845828990248247,44.5273212642053,25.68149227395705,0.9397312972297999,0.9931062738424558,0.05337497661265589,ok,
p010_scratch_thin,p010,portrait_figure,,p010_scratch_thin,scratch_thin,lama,masked_region,10545,,,,,10545,1.9756,1.7878,42933.53515625,116.05067443847656,42817.48448181152,205.01126098632812,7.441725730895996,197.56953525543213,1.8028371101782417,27.484326921289025,25.681489811110783,,,,ok,
p010_scratch_thin,p010,portrait_figure,,p010_scratch_thin,scratch_thin,lama,mask_bbox_crop,472320,0.0,124.0,768.0,739.0,10545,1.9756,1.7878,958.5325927734375,2.5909433364868164,955.9416494369507,4.57707405090332,0.16614371538162231,4.410930335521698,18.31473476182782,43.99622445728551,25.68148969545769,0.9315991490134296,0.9922001312575653,0.06060098224413579,ok,
p010_zero_control,p010,portrait_figure,,p010_zero_control,zero_control,lama,full_image,589824,0.0,0.0,768.0,768.0,0,0.0,0.0,0.0,0.0,0.0,0.0,0.0,0.0,inf,inf,,1.0,1.0,0.0,ok,
p010_zero_control,p010,portrait_figure,,p010_zero_control,zero_control,lama,content_region,533760,0.0,36.0,768.0,731.0,0,0.0,0.0,0.0,0.0,0.0,0.0,0.0,0.0,inf,inf,,1.0,1.0,0.0,ok,
p011_loss_large,p011,landscape_natural,,p011_loss_large,loss_large,lama,full_image,589824,0.0,0.0,768.0,768.0,49885,12.302,8.4576,1631.0047607421875,9.123209953308105,1621.8815507888794,11.684001922607422,0.6808268427848816,11.00317507982254,16.006251321629847,38.52932691428431,22.523075592654465,0.9562985444969022,0.9775270409213982,0.02122849642449598,ok,
p011_loss_large,p011,landscape_natural,,p011_loss_large,loss_large,lama,content_region,405504,0.0,120.0,768.0,648.0,49885,12.302,8.4576,2372.370849609375,13.270123481750488,2359.1007261276245,16.994909286499023,0.990293562412262,16.00461572408676,14.378977818460045,36.90205396768106,22.52307614922102,0.9362059212770871,0.967194645942731,0.03098872466564384,ok,
p011_loss_large,p011,landscape_natural,,p011_loss_large,loss_large,lama,masked_region,49885,,,,,49885,12.302,8.4576,19284.46875,107.86985778808594,19176.598892211914,138.14785766601562,8.049874305725098,130.09798336029053,5.278726814782122,27.801802546937793,22.52307573215567,,,,ok,
p011_loss_large,p011,landscape_natural,,p011_loss_large,loss_large,lama,mask_bbox_crop,88635,4.0,152.0,315.0,437.0,49885,12.302,8.4576,10853.56640625,60.71064376831055,10792.85576248169,77.75151062011719,4.530580520629883,73.2209300994873,7.775078930932523,30.2981552276448,22.523076296712276,0.7018040081186753,0.8466562212675478,0.14485221314887253,ok,
p011_loss_small,p011,landscape_natural,,p011_loss_small,loss_small,lama,full_image,589824,0.0,0.0,768.0,768.0,24080,5.9383,4.0826,927.498046875,4.1160149574279785,923.382031917572,6.062037944793701,0.2752295732498169,5.786808371543884,18.457673571170027,41.986034165664776,23.52836059449475,0.9631846387594704,0.9881186359390458,0.02493399717957545,ok,
p011_loss_small,p011,landscape_natural,,p011_loss_small,loss_small,lama,content_region,405504,0.0,120.0,768.0,648.0,24080,5.9383,4.0826,1349.08837890625,5.986930847167969,1343.101448059082,8.817509651184082,0.4003339111804962,8.417175740003586,16.83039959591815,40.35876119068777,23.528361594769624,0.9462580358902613,0.9826559398190667,0.036397903928805486,ok,
p011_loss_small,p011,landscape_natural,,p011_loss_small,loss_small,lama,masked_region,24080,,,,,24080,5.9383,4.0826,22718.46875,100.8191146850586,22617.64963531494,148.48568725585938,6.741569995880127,141.74411725997925,4.567013047724253,28.09537481384921,23.52836176612496,,,,ok,
p011_loss_small,p011,landscape_natural,,p011_loss_small,loss_small,lama,mask_bbox_crop,292120,32.0,173.0,702.0,609.0,24080,5.9383,4.0826,1872.725341796875,8.310708999633789,1864.4146327972412,12.239953994750977,0.5557202696800232,11.684233725070953,15.4060627344928,38.93442285159141,23.528360117098607,0.9251309238857323,0.9758376199432305,0.050706696057498224,ok,
p011_mixed_damage,p011,landscape_natural,,p011_mixed_damage,mixed_damage,lama,full_image,589824,0.0,0.0,768.0,768.0,44361,10.9397,7.5211,1796.4931640625,11.609185218811035,1784.883978843689,11.319887161254883,0.5996845364570618,10.720202624797821,15.58654791882535,37.48278620663492,21.89623828780957,0.9248708777904074,0.9771755831375436,0.05230470534713616,ok,
p011_mixed_damage,p011,landscape_natural,,p011_mixed_damage,mixed_damage,lama,content_region,405504,0.0,120.0,768.0,648.0,44361,10.9397,7.5211,2613.082275390625,16.88608741760254,2596.1961879730225,16.465293884277344,0.8722684383392334,15.59302544593811,13.959272767488454,35.85551327625359,21.896240508765136,0.8956486596316755,0.9677106164519454,0.07206195682026995,ok,
p011_mixed_damage,p011,landscape_natural,,p011_mixed_damage,mixed_damage,lama,masked_region,44361,,,,,44361,10.9397,7.5211,23886.185546875,154.3557586669922,23731.829788208008,150.50929260253906,7.973407745361328,142.53588485717773,4.3493355930597275,26.245575241949552,21.896239648889825,,,,ok,
p011_mixed_damage,p011,landscape_natural,,p011_mixed_damage,mixed_damage,lama,mask_bbox_crop,417792,0.0,112.0,768.0,656.0,44361,10.9397,7.5211,2536.225830078125,16.38943862915039,2519.8363914489746,15.981022834777832,0.8466134667396545,15.134409368038177,14.088924395800674,35.98516282491894,21.896238429118263,0.8935903510711721,0.9676724802059636,0.07408212913479151,ok,
p011_scratch_thin,p011,landscape_natural,,p011_scratch_thin,scratch_thin,lama,full_image,589824,0.0,0.0,768.0,768.0,10323,2.5457,1.7502,487.934326171875,5.150704860687256,482.78362131118774,2.82080078125,0.14731399714946747,2.6734867841005325,21.247189890711986,41.01213695679077,19.764947066078783,0.9461690194256908,0.9948226059527143,0.04865358652702356,ok,
p011_scratch_thin,p011,landscape_natural,,p011_scratch_thin,scratch_thin,lama,content_region,405504,0.0,120.0,768.0,648.0,10323,2.5457,1.7502,709.7227172851562,7.491934299468994,702.2307829856873,4.102982997894287,0.21427491307258606,3.888708084821701,19.619916542247825,39.38486400694234,19.76494746469451,0.9283359659045475,0.9936528747264091,0.06531690882186159,ok,
p011_scratch_thin,p011,landscape_natural,,p011_scratch_thin,scratch_thin,lama,masked_region,10323,,,,,10323,2.5457,1.7502,27879.048828125,294.2951965332031,27584.753631591797,161.1717529296875,8.417061805725098,152.7546911239624,3.67802408362434,23.44297187236354,19.7649477887392,,,,ok,
p011_scratch_thin,p011,landscape_natural,,p011_scratch_thin,scratch_thin,lama,mask_bbox_crop,417792,0.0,112.0,768.0,656.0,10323,2.5457,1.7502,688.8485717773438,7.271583080291748,681.576988697052,3.982306957244873,0.2079727053642273,3.7743342518806458,19.74956598567553,39.514513904228856,19.764947918553325,0.9237561204505135,0.9926669623345136,0.0689108418840001,ok,
p011_zero_control,p011,landscape_natural,,p011_zero_control,zero_control,lama,full_image,589824,0.0,0.0,768.0,768.0,0,0.0,0.0,0.0,0.0,0.0,0.0,0.0,0.0,inf,inf,,1.0,1.0,0.0,ok,
p011_zero_control,p011,landscape_natural,,p011_zero_control,zero_control,lama,content_region,405504,0.0,120.0,768.0,648.0,0,0.0,0.0,0.0,0.0,0.0,0.0,0.0,0.0,inf,inf,,1.0,1.0,0.0,ok,
p012_loss_large,p012,landscape_natural,,p012_loss_large,loss_large,lama,full_image,589824,0.0,0.0,768.0,768.0,45575,10.4293,7.7269,1119.402587890625,44.44955825805664,1074.9530296325684,8.872605323791504,1.1612627506256104,7.7113425731658936,17.64094054272437,31.65212911580614,14.011188573081771,0.9567452967464117,0.9714898708255227,0.014744574079111006,ok,
p012_loss_large,p012,landscape_natural,,p012_loss_large,loss_large,lama,content_region,436992,0.0,99.0,768.0,668.0,45575,10.4293,7.7269,1510.898681640625,59.99518585205078,1450.9034957885742,11.975678443908691,1.5673986673355103,10.408279776573181,16.33845018620023,30.34963957847112,14.01118939227089,0.9414563341399038,0.9614125782753966,0.019956244135492796,ok,
p012_loss_large,p012,landscape_natural,,p012_loss_large,loss_large,lama,masked_region,45575,,,,,45575,10.4293,7.7269,14487.1240234375,575.2586669921875,13911.865356445312,114.82777404785156,15.028867721557617,99.79890632629395,6.520981827618467,20.532171902877216,14.01119007525875,,,,ok,
p012_loss_large,p012,landscape_natural,,p012_loss_large,loss_large,lama,mask_bbox_crop,87630,25.0,105.0,279.0,450.0,45575,10.4293,7.7269,7534.52783203125,299.18310546875,7235.3447265625,59.72013854980469,7.816280364990234,51.90385818481445,9.360243193955602,23.37143295100801,14.011189757052408,0.7012610153679862,0.8030945446238315,0.10183352925584521,ok,
p012_loss_small,p012,landscape_natural,,p012_loss_small,loss_small,lama,full_image,589824,0.0,0.0,768.0,768.0,20574,4.7081,3.4882,591.0989379882812,3.248420476913452,587.8505175113678,4.304968357086182,0.20560087263584137,4.09936748445034,20.41420181803651,43.01408121399709,22.599879395960578,0.9706221830315295,0.9923699953289251,0.02174781229739564,ok,
p012_loss_small,p012,landscape_natural,,p012_loss_small,loss_small,lama,content_region,436992,0.0,99.0,768.0,668.0,20574,4.7081,3.4882,797.8277587890625,4.384511470794678,793.4432473182678,5.810572624206543,0.2775069773197174,5.533065646886826,19.11171218240807,41.711591502485405,22.599879320077335,0.9602418423921834,0.9896730974935601,0.029431255101376785,ok,
p012_loss_small,p012,landscape_natural,,p012_loss_small,loss_small,lama,masked_region,20574,,,,,20574,4.7081,3.4882,16945.87109375,93.12706756591797,16852.744026184082,123.4166259765625,5.894251823425293,117.5223741531372,5.840164624371965,28.440044329907415,22.59987970553545,,,,ok,
p012_loss_small,p012,landscape_natural,,p012_loss_small,loss_small,lama,mask_bbox_crop,347439,101.0,95.0,748.0,632.0,20574,4.7081,3.4882,1003.4690551757812,5.514626502990723,997.9544286727905,7.308257579803467,0.3490349054336548,6.959222674369812,18.115763765442736,40.71564257180196,22.59987880635922,0.9498839408884985,0.986983860457466,0.03709991956896752,ok,
p012_mixed_damage,p012,landscape_natural,,p012_mixed_damage,mixed_damage,lama,full_image,589824,0.0,0.0,768.0,768.0,42618,9.7526,7.2255,1195.509765625,25.854501724243164,1169.6552639007568,8.750107765197754,0.7878231406211853,7.962284624576569,17.35527232829561,34.0054418853344,16.65016955703879,0.9374314279530861,0.9802783854393128,0.04284695748622669,ok,
p012_mixed_damage,p012,landscape_natural,,p012_mixed_damage,mixed_damage,lama,content_region,436992,0.0,99.0,768.0,668.0,42618,9.7526,7.2255,1613.6239013671875,34.896785736083984,1578.7271156311035,11.810338020324707,1.0633535385131836,10.746984481811523,16.052780427461204,32.7029493394794,16.6501689120182,0.9192573602246382,0.974229485266656,0.05497212504201776,ok,
p012_mixed_damage,p012,landscape_natural,,p012_mixed_damage,mixed_damage,lama,masked_region,42618,,,,,42618,9.7526,7.2255,16545.60546875,357.8207702636719,16187.784698486328,121.09961700439453,10.903304100036621,110.19631290435791,5.943976965388071,22.59414814605552,16.65017118066745,,,,ok,
p012_mixed_damage,p012,landscape_natural,,p012_mixed_damage,mixed_damage,lama,mask_bbox_crop,449280,0.0,91.0,768.0,676.0,42618,9.7526,7.2255,1569.490234375,33.942325592041016,1535.547908782959,11.487320899963379,1.0342704057693481,10.45305049419403,16.173217430747574,32.823387657504405,16.65017022675683,0.9176558689123516,0.9740451290237592,0.056389260111407546,ok,
p012_scratch_thin,p012,landscape_natural,,p012_scratch_thin,scratch_thin,lama,full_image,589824,0.0,0.0,768.0,768.0,12296,2.8138,2.0847,535.3048095703125,9.213648796081543,526.091160774231,3.1292407512664795,0.22909489274024963,2.90014585852623,20.844792154473716,38.48648706981068,17.641694915336963,0.9402828799628589,0.9936692133803614,0.05338633341750254,ok,
p012_scratch_thin,p012,landscape_natural,,p012_scratch_thin,scratch_thin,lama,content_region,436992,0.0,99.0,768.0,668.0,12296,2.8138,2.0847,722.5205078125,12.435997009277344,710.0845108032227,4.223649978637695,0.3092177212238312,3.914432257413864,19.54230182375789,37.18399751939865,17.641695695640763,0.9290870349701583,0.9925946245576979,0.06350758958753955,ok,
p012_scratch_thin,p012,landscape_natural,,p012_scratch_thin,scratch_thin,lama,masked_region,12296,,,,,12296,2.8138,2.0847,25677.9140625,441.9673767089844,25235.946685791016,150.1058349609375,10.989399909973145,139.11643505096436,4.035206198176896,21.676901472612574,17.641695274435676,,,,ok,
p012_scratch_thin,p012,landscape_natural,,p012_scratch_thin,scratch_thin,lama,mask_bbox_crop,439335,0.0,91.0,751.0,676.0,12296,2.8138,2.0847,718.667236328125,12.369674682617188,706.2975616455078,4.201125144958496,0.30756863951683044,3.8935565054416656,19.565525148232478,37.20722082855771,17.64169568032523,0.9196151952641195,0.9914781716544995,0.07186297639037997,ok,
p012_zero_control,p012,landscape_natural,,p012_zero_control,zero_control,lama,full_image,589824,0.0,0.0,768.0,768.0,0,0.0,0.0,0.0,0.0,0.0,0.0,0.0,0.0,inf,inf,,1.0,1.0,0.0,ok,
p012_zero_control,p012,landscape_natural,,p012_zero_control,zero_control,lama,content_region,436992,0.0,99.0,768.0,668.0,0,0.0,0.0,0.0,0.0,0.0,0.0,0.0,0.0,inf,inf,,1.0,1.0,0.0,ok,
p013_loss_large,p013,landscape_natural,,p013_loss_large,loss_large,lama,full_image,589824,0.0,0.0,768.0,768.0,44375,10.8202,7.5234,3467.693115234375,52.803977966308594,3414.8891372680664,15.967387199401855,1.3169001340866089,14.650487065315247,12.73039704663959,30.90413719702639,18.1737401503868,0.9269353313271714,0.9520679890499082,0.025132657722736762,ok,
p013_loss_large,p013,landscape_natural,,p013_loss_large,loss_large,lama,content_region,410112,0.0,117.0,768.0,651.0,44375,10.8202,7.5234,4987.24365234375,75.94281768798828,4911.300834655762,22.96432113647461,1.8939688205718994,21.07035231590271,11.152197746259853,29.32593654242124,18.173738796161388,0.8945543986198953,0.9308253932879355,0.03627099466804018,ok,
p013_loss_large,p013,landscape_natural,,p013_loss_large,loss_large,lama,masked_region,44375,,,,,44375,10.8202,7.5234,46091.91796875,701.8604125976562,45390.057556152344,212.23541259765625,17.503984451293945,194.7314281463623,1.4945558058210142,19.668296135051957,18.17374032923094,,,,ok,
p013_loss_large,p013,landscape_natural,,p013_loss_large,loss_large,lama,mask_bbox_crop,82626,276.0,338.0,569.0,620.0,44375,10.8202,7.5234,24754.056640625,376.9400939941406,24377.11654663086,113.98283386230469,9.400665283203125,104.58216857910156,4.194339805368051,22.368080263519303,18.17374045815125,0.46441749385363656,0.6486462333219065,0.18422873946826995,ok,
p013_loss_small,p013,landscape_natural,,p013_loss_small,loss_small,lama,full_image,589824,0.0,0.0,768.0,768.0,17893,4.363,3.0336,901.509033203125,13.099451065063477,888.4095821380615,4.996642589569092,0.35999608039855957,4.636646509170532,18.58110278117181,36.95827264021984,18.377169859048028,0.9684434288074567,0.9877395594329595,0.01929613062550284,ok,
p013_loss_small,p013,landscape_natural,,p013_loss_small,loss_small,lama,content_region,410112,0.0,117.0,768.0,651.0,17893,4.363,3.0336,1296.552490234375,18.839662551879883,1277.7128276824951,7.186182498931885,0.517747163772583,6.668435335159302,17.002902572267203,35.380072412416766,18.377169840149563,0.9544581302107611,0.9823059550907486,0.027847824879987493,ok,
p013_loss_small,p013,landscape_natural,,p013_loss_small,loss_small,lama,masked_region,17893,,,,,17893,4.363,3.0336,29717.306640625,431.8097229003906,29285.49691772461,164.70909118652344,11.866893768310547,152.8421974182129,3.400709152719626,21.777879439108098,18.377170286388473,,,,ok,
p013_loss_small,p013,landscape_natural,,p013_loss_small,loss_small,lama,mask_bbox_crop,222816,3.0,192.0,636.0,544.0,17893,4.363,3.0336,2386.416748046875,34.676021575927734,2351.7407264709473,13.226786613464355,0.9529581665992737,12.273828446865082,14.353340725928444,32.73051096364033,18.377170237711884,0.9155390209202325,0.9671850022005487,0.05164598128031617,ok,
p013_mixed_damage,p013,landscape_natural,,p013_mixed_damage,mixed_damage,lama,full_image,589824,0.0,0.0,768.0,768.0,42332,10.3221,7.1771,2848.677001953125,26.405492782592773,2822.271509170532,13.866585731506348,0.8473273515701294,13.019258379936218,13.584371514395093,33.91386084110095,20.329489326705854,0.9059134759931539,0.9603215947419791,0.05440811874882523,ok,
p013_mixed_damage,p013,landscape_natural,,p013_mixed_damage,mixed_damage,lama,content_region,410112,0.0,117.0,768.0,651.0,42332,10.3221,7.1771,4096.974609375,37.97647476196289,4058.998134613037,19.942955017089844,1.2186280488967896,18.724326968193054,12.006170884067132,32.335657128019115,20.329486243951983,0.8710423099385697,0.9442892952303866,0.07324698529181695,ok,
p013_mixed_damage,p013,landscape_natural,,p013_mixed_damage,mixed_damage,lama,masked_region,42332,,,,,42332,10.3221,7.1771,39691.44921875,367.9156188964844,39323.533599853516,193.2071533203125,11.80605697631836,181.40109634399414,2.1438340466127817,22.473321358077186,20.329487311464405,,,,ok,
p013_mixed_damage,p013,landscape_natural,,p013_mixed_damage,mixed_damage,lama,mask_bbox_crop,422400,0.0,109.0,768.0,659.0,42332,10.3221,7.1771,3977.78955078125,36.8717155456543,3940.9178352355957,19.362791061401367,1.18317711353302,18.179613947868347,12.134385582866598,32.46387016191597,20.32948457904937,0.8682096851227633,0.9444210573407869,0.07621137221802354,ok,
p013_scratch_thin,p013,landscape_natural,,p013_scratch_thin,scratch_thin,lama,full_image,589824,0.0,0.0,768.0,768.0,7041,1.7168,1.1937,484.2419128417969,2.867575168609619,481.37433767318726,2.322538137435913,0.1130404993891716,2.2094976380467415,21.280179844194773,43.555655498536304,22.27547565434153,0.9628856226645269,0.9953335903957323,0.032447967731205396,ok,
p013_scratch_thin,p013,landscape_natural,,p013_scratch_thin,scratch_thin,lama,content_region,410112,0.0,117.0,768.0,651.0,7041,1.7168,1.1937,696.4378662109375,4.124153137207031,692.3137130737305,3.3402793407440186,0.16257509589195251,3.177704244852066,19.701979846383225,41.977455778235466,22.27547593185224,0.9513830633826389,0.9945722162945031,0.043189152911864204,ok,
p013_scratch_thin,p013,landscape_natural,,p013_scratch_thin,scratch_thin,lama,masked_region,7041,,,,,7041,1.7168,1.1937,40564.90625,240.21653747558594,40324.689712524414,194.55882263183594,9.469393730163574,185.08942890167236,2.04929884255622,24.324774581875243,22.275475739319024,,,,ok,
p013_scratch_thin,p013,landscape_natural,,p013_scratch_thin,scratch_thin,lama,mask_bbox_crop,366300,0.0,109.0,666.0,659.0,7041,1.7168,1.1937,779.7364501953125,4.617430210113525,775.119019985199,3.739799737930298,0.18202020227909088,3.557779535651207,19.211325242890474,41.48680020825289,22.275474965362413,0.939978162562448,0.9924534237459323,0.05247526118348422,ok,
p013_zero_control,p013,landscape_natural,,p013_zero_control,zero_control,lama,full_image,589824,0.0,0.0,768.0,768.0,0,0.0,0.0,0.0,0.0,0.0,0.0,0.0,0.0,inf,inf,,1.0,1.0,0.0,ok,
p013_zero_control,p013,landscape_natural,,p013_zero_control,zero_control,lama,content_region,410112,0.0,117.0,768.0,651.0,0,0.0,0.0,0.0,0.0,0.0,0.0,0.0,0.0,inf,inf,,1.0,1.0,0.0,ok,
p014_loss_large,p014,landscape_natural,,p014_loss_large,loss_large,lama,full_image,589824,0.0,0.0,768.0,768.0,57683,17.2662,9.7797,2746.085693359375,52.68716812133789,2693.398525238037,15.8592529296875,1.533909559249878,14.325343370437622,13.743662753188023,30.913755045294714,17.17009229210669,0.9289825230694091,0.9508338484390818,0.021851325369672714,ok,
p014_loss_large,p014,landscape_natural,,p014_loss_large,loss_large,lama,content_region,334080,0.0,166.0,768.0,601.0,57683,17.2662,9.7797,4848.26025390625,93.02007293701172,4755.240180969238,27.999780654907227,2.708143711090088,25.29163694381714,11.274944362192326,28.44503685162104,17.170092489428715,0.8738570689484607,0.9126699126120754,0.038812843663614705,ok,
p014_loss_large,p014,landscape_natural,,p014_loss_large,loss_large,lama,masked_region,57683,,,,,57683,17.2662,9.7797,28079.447265625,538.7401733398438,27540.707092285156,162.16505432128906,15.684632301330566,146.4804220199585,3.6469180626525843,20.81700999189985,17.170091929247267,,,,ok,
p014_loss_large,p014,landscape_natural,,p014_loss_large,loss_large,lama,mask_bbox_crop,100320,112.0,278.0,442.0,582.0,57683,17.2662,9.7797,16145.400390625,309.770263671875,15835.630126953125,93.24329376220703,9.01850700378418,84.22478675842285,6.0503154128971275,23.220406354468235,17.170090941571107,0.572915404394664,0.7043248103929658,0.13140940599830175,ok,
p014_loss_small,p014,landscape_natural,,p014_loss_small,loss_small,lama,full_image,589824,0.0,0.0,768.0,768.0,18677,5.5906,3.1665,763.1203002929688,1.6775298118591309,761.4427704811096,4.770179271697998,0.17558909952640533,4.594590172171593,19.304873541907334,45.88410113987613,26.579227597968796,0.9701299488790208,0.9894937342473297,0.01936378536830885,ok,
p014_loss_small,p014,landscape_natural,,p014_loss_small,loss_small,lama,content_region,334080,0.0,166.0,768.0,601.0,18677,5.5906,3.1665,1347.3018798828125,2.961707830429077,1344.3401720523834,8.421833992004395,0.3100055754184723,8.111828416585922,16.836154451164376,43.415381472940965,26.57922702177659,0.9469441050018972,0.9813385209707816,0.03439441596888437,ok,
p014_loss_small,p014,landscape_natural,,p014_loss_small,loss_small,lama,masked_region,18677,,,,,18677,5.5906,3.1665,24099.51953125,52.97677993774414,24046.542751312256,150.64337158203125,5.545144557952881,145.09822702407837,4.310719766750711,30.88994803618081,26.5792282694301,,,,ok,
p014_loss_small,p014,landscape_natural,,p014_loss_small,loss_small,lama,mask_bbox_crop,180880,172.0,202.0,648.0,582.0,18677,5.5906,3.1665,2488.427490234375,5.470186710357666,2482.9573035240173,15.554878234863281,0.5725711584091187,14.982307076454163,14.171553704191279,40.75078210787829,26.579228403687008,0.9013319719928908,0.9652952544561763,0.06396328246328542,ok,
p014_mixed_damage,p014,landscape_natural,,p014_mixed_damage,mixed_damage,lama,full_image,589824,0.0,0.0,768.0,768.0,45810,13.7123,7.7667,1919.38720703125,29.082658767700195,1890.3045482635498,11.673504829406738,0.8623182773590088,10.81118655204773,15.29917765020484,33.494462532009294,18.195284881804454,0.9043232687599425,0.9680804929351318,0.06375722417518925,ok,
p014_mixed_damage,p014,landscape_natural,,p014_mixed_damage,mixed_damage,lama,content_region,334080,0.0,166.0,768.0,601.0,45810,13.7123,7.7667,3388.710205078125,51.34592819213867,3337.3642768859863,20.60978126525879,1.5224376916885376,19.08734357357025,12.830459303358658,31.025743517622786,18.195284214264127,0.8427028716530142,0.9456841305986531,0.10298125894563892,ok,
p014_mixed_damage,p014,landscape_natural,,p014_mixed_damage,mixed_damage,lama,masked_region,45810,,,,,45810,13.7123,7.7667,24712.95703125,374.4520263671875,24338.505004882812,150.3015594482422,11.102728843688965,139.19883060455322,4.2015564680861734,22.396841757311915,18.19528528922574,,,,ok,
p014_mixed_damage,p014,landscape_natural,,p014_mixed_damage,mixed_damage,lama,mask_bbox_crop,316602,0.0,158.0,702.0,609.0,45810,13.7123,7.7667,3575.783935546875,54.18048858642578,3521.603446960449,21.747539520263672,1.606483817100525,20.141055703163147,12.597090919170304,30.792374437914344,18.19528351874404,0.8206311509293801,0.9401592720516159,0.11952812112223576,ok,
p014_scratch_thin,p014,landscape_natural,,p014_scratch_thin,scratch_thin,lama,full_image,589824,0.0,0.0,768.0,768.0,8107,2.4267,1.3745,556.2684936523438,7.598334312438965,548.6701593399048,2.654448986053467,0.1524149626493454,2.5020340234041214,20.677958981235946,39.323619630873,18.64566064963705,0.9526330131121622,0.9930378091702045,0.04040479605804226,ok,
p014_scratch_thin,p014,landscape_natural,,p014_scratch_thin,scratch_thin,lama,content_region,334080,0.0,166.0,768.0,601.0,8107,2.4267,1.3745,982.1019287109375,13.414990425109863,968.6869382858276,4.6864752769470215,0.26909124851226807,4.417384028434753,18.20923796930787,36.85489993835609,18.64566196904822,0.9290837298942387,0.9912754056126563,0.06219167571841755,ok,
p014_scratch_thin,p014,landscape_natural,,p014_scratch_thin,scratch_thin,lama,masked_region,8107,,,,,8107,2.4267,1.3745,40471.265625,552.8161010742188,39918.44952392578,193.12417602539062,11.088935852050781,182.03524017333984,2.059335749255868,20.704996772509485,18.645661023253616,,,,ok,
p014_scratch_thin,p014,landscape_natural,,p014_scratch_thin,scratch_thin,lama,mask_bbox_crop,236775,243.0,158.0,768.0,609.0,8107,2.4267,1.3745,1385.7061767578125,18.928010940551758,1366.7781658172607,6.612428188323975,0.3796769082546234,6.232751280069351,16.71409208038343,35.35975382558068,18.645661745197252,0.880914651189619,0.9824963549948013,0.10158170380518228,ok,
p014_zero_control,p014,landscape_natural,,p014_zero_control,zero_control,lama,full_image,589824,0.0,0.0,768.0,768.0,0,0.0,0.0,0.0,0.0,0.0,0.0,0.0,0.0,inf,inf,,1.0,1.0,0.0,ok,
p014_zero_control,p014,landscape_natural,,p014_zero_control,zero_control,lama,content_region,334080,0.0,166.0,768.0,601.0,0,0.0,0.0,0.0,0.0,0.0,0.0,0.0,0.0,inf,inf,,1.0,1.0,0.0,ok,
p015_loss_large,p015,landscape_natural,,p015_loss_large,loss_large,lama,full_image,589824,0.0,0.0,768.0,768.0,53971,12.7309,9.1504,1983.4910888671875,79.91988372802734,1903.5712051391602,13.080665588378906,2.0155317783355713,11.065133810043335,15.156501071868064,29.104255174857308,13.947754102989244,0.9255539124933477,0.9323787113585665,0.006824798865218806,ok,
p015_loss_large,p015,landscape_natural,,p015_loss_large,loss_large,lama,content_region,423936,108.0,0.0,660.0,768.0,53971,12.7309,9.1504,2759.64013671875,111.1928939819336,2648.4472427368164,18.199190139770508,2.804218053817749,15.394972085952759,13.722279080878042,27.670033272463726,13.947754191585684,0.8961027130401654,0.9056274323355803,0.009524719295414874,ok,
p015_loss_large,p015,landscape_natural,,p015_loss_large,loss_large,lama,masked_region,53971,,,,,53971,12.7309,9.1504,21676.65234375,873.4074096679688,20803.24493408203,142.95252990722656,22.026811599731445,120.92571830749512,4.770881485410333,18.718634888719393,13.94775340330906,,,,ok,
p015_loss_large,p015,landscape_natural,,p015_loss_large,loss_large,lama,mask_bbox_crop,83122,231.0,455.0,509.0,754.0,53971,12.7309,9.1504,14074.623046875,567.1021728515625,13507.520874023438,92.81888580322266,14.30197811126709,78.51690769195557,6.646435886663285,20.594190495797324,13.947754609134039,0.4576054753787777,0.5073291567717706,0.04972368139299288,ok,
p015_loss_small,p015,landscape_natural,,p015_loss_small,loss_small,lama,full_image,589824,0.0,0.0,768.0,768.0,15734,3.7114,2.6676,439.8564758300781,10.959183692932129,428.897292137146,3.3079822063446045,0.37115195393562317,2.9368302524089813,21.69769370570964,37.73302154425592,16.03532783854628,0.9738427533069894,0.9829870194734496,0.009144266166460135,ok,
p015_loss_small,p015,landscape_natural,,p015_loss_small,loss_small,lama,content_region,423936,108.0,0.0,660.0,768.0,15734,3.7114,2.6676,611.9742431640625,15.247556686401367,596.7266864776611,4.602410316467285,0.5163853168487549,4.08602499961853,20.2634721696927,36.298801042426284,16.035328872733583,0.9634948315383273,0.9762566095948163,0.012761778056489037,ok,
p015_loss_small,p015,landscape_natural,,p015_loss_small,loss_small,lama,masked_region,15734,,,,,15734,3.7114,2.6676,16489.001953125,410.8293762207031,16078.172576904297,124.00707244873047,13.913456916809082,110.09361553192139,5.958859914191498,21.994188707469206,16.035328793277706,,,,ok,
p015_loss_small,p015,landscape_natural,,p015_loss_small,loss_small,lama,mask_bbox_crop,319987,187.0,19.0,620.0,758.0,15734,3.7114,2.6676,810.7764892578125,20.200782775878906,790.5757064819336,6.09752082824707,0.6841350793838501,5.41338574886322,19.041792142530053,35.07712162279797,16.035329480267915,0.9514744885673525,0.9684384373197402,0.016963948752387714,ok,
p015_mixed_damage,p015,landscape_natural,,p015_mixed_damage,mixed_damage,lama,full_image,589824,0.0,0.0,768.0,768.0,45768,10.796,7.7596,1198.1195068359375,69.209716796875,1128.9097900390625,9.125580787658691,1.6532485485076904,7.472332239151001,17.345802218038816,29.729132887374867,12.38333066933605,0.9127303446500762,0.9443447544411354,0.03161440979105923,ok,
p015_mixed_damage,p015,landscape_natural,,p015_mixed_damage,mixed_damage,lama,content_region,423936,108.0,0.0,660.0,768.0,45768,10.796,7.7596,1666.9493408203125,96.29179382324219,1570.6575469970703,12.696460723876953,2.3001718521118164,10.396288871765137,15.911579592021736,28.294910835994536,12.3833312439728,0.8785114033028653,0.9240192612094685,0.04550785790660328,ok,
p015_mixed_damage,p015,landscape_natural,,p015_mixed_damage,mixed_damage,lama,masked_region,45768,,,,,45768,10.796,7.7596,15440.4765625,891.92333984375,14548.55322265625,117.60371398925781,21.30583953857422,96.2978744506836,6.244196603817934,18.627528321796326,12.383331717978393,,,,ok,
p015_mixed_damage,p015,landscape_natural,,p015_mixed_damage,mixed_damage,lama,mask_bbox_crop,408960,100.0,48.0,668.0,768.0,45768,10.796,7.7596,1727.9923095703125,99.81795501708984,1628.1743545532227,13.161401748657227,2.3844034671783447,10.776998281478882,15.755385555483048,28.13871692691954,12.38333137143649,0.8737188069793741,0.9194655830958821,0.045746776116508014,ok,
p015_scratch_thin,p015,landscape_natural,,p015_scratch_thin,scratch_thin,lama,full_image,589824,0.0,0.0,768.0,768.0,8234,1.9423,1.396,161.87193298339844,2.754655122756958,159.11727786064148,1.4021097421646118,0.13725054264068604,1.2648591995239258,26.03908808020218,43.730131270663726,17.691043190461546,0.9627868885998128,0.9943667662764955,0.03157987767668269,ok,
p015_scratch_thin,p015,landscape_natural,,p015_scratch_thin,scratch_thin,lama,content_region,423936,108.0,0.0,660.0,768.0,8234,1.9423,1.396,225.21319580078125,3.832563638687134,221.38063216209412,1.9507614374160767,0.19095727801322937,1.7598041594028473,24.60486527550202,42.295909859387066,17.691044583885045,0.9480664237951281,0.9921386971160254,0.04407227332089736,ok,
p015_scratch_thin,p015,landscape_natural,,p015_scratch_thin,scratch_thin,lama,masked_region,8234,,,,,8234,1.9423,1.396,11595.3330078125,197.32350158691406,11398.009506225586,100.43696594238281,9.831632614135742,90.60533332824707,7.487971351574963,25.179015472747373,17.69104412117241,,,,ok,
p015_scratch_thin,p015,landscape_natural,,p015_scratch_thin,scratch_thin,lama,mask_bbox_crop,427008,100.0,0.0,656.0,768.0,8234,1.9423,1.396,223.5929718017578,3.8049912452697754,219.78798055648804,1.9367271661758423,0.18958349525928497,1.7471436709165573,24.636222126181284,42.327266990084674,17.69104486390339,0.9484429256601029,0.9921954107321637,0.043752485072060754,ok,
p015_zero_control,p015,landscape_natural,,p015_zero_control,zero_control,lama,full_image,589824,0.0,0.0,768.0,768.0,0,0.0,0.0,0.0,0.0,0.0,0.0,0.0,0.0,inf,inf,,1.0,1.0,0.0,ok,
p015_zero_control,p015,landscape_natural,,p015_zero_control,zero_control,lama,content_region,423936,108.0,0.0,660.0,768.0,0,0.0,0.0,0.0,0.0,0.0,0.0,0.0,0.0,inf,inf,,1.0,1.0,0.0,ok,
p016_loss_large,p016,landscape_natural,,p016_loss_large,loss_large,lama,full_image,589824,0.0,0.0,768.0,768.0,47151,12.6587,7.9941,1035.59326171875,106.25001525878906,929.3432464599609,8.411846160888672,2.2383744716644287,6.173471689224243,17.978911449141577,27.86751359775609,9.888602148614513,0.9279984768904948,0.9344480236960729,0.006449546805578188,ok,
p016_loss_large,p016,landscape_natural,,p016_loss_large,loss_large,lama,content_region,372480,0.0,141.0,768.0,626.0,47151,12.6587,7.9941,1639.8670654296875,168.24742126464844,1471.619644165039,13.320202827453613,3.5444774627685547,9.775725364685059,15.982717171435713,25.871319443708025,9.888602272272312,0.8854589548863404,0.8957189855039825,0.010260030617642135,ok,
p016_loss_large,p016,landscape_natural,,p016_loss_large,loss_large,lama,masked_region,47151,,,,,47151,12.6587,7.9941,12954.5029296875,1329.1085205078125,11625.394409179688,105.2259521484375,28.000402450561523,77.22554969787598,7.006596073079652,16.895199187260744,9.888603114181091,,,,ok,
p016_loss_large,p016,landscape_natural,,p016_loss_large,loss_large,lama,mask_bbox_crop,84300,282.0,266.0,563.0,566.0,47151,12.6587,7.9941,7245.76171875,743.4021606445312,6502.359558105469,58.855384826660156,15.661293029785156,43.194091796875,9.529963129708785,19.418565418609155,9.88860228890037,0.48290349555478435,0.5292224894370117,0.04631899388222732,ok,
p016_loss_small,p016,landscape_natural,,p016_loss_small,loss_small,lama,full_image,589824,0.0,0.0,768.0,768.0,20307,5.4518,3.4429,540.8818969726562,42.322078704833984,498.55981826782227,4.1200032234191895,0.8910330533981323,3.228970170021057,20.79977914786262,31.865133703694156,11.065354555831536,0.9615351554157544,0.9731781102227431,0.011642954806988737,ok,
p016_loss_small,p016,landscape_natural,,p016_loss_small,loss_small,lama,content_region,372480,0.0,141.0,768.0,626.0,20307,5.4518,3.4429,856.4891967773438,67.0172348022461,789.4719619750977,6.524045944213867,1.4109554290771484,5.113090515136719,18.80358471452634,29.86893856421193,11.06535384968559,0.9388095791791332,0.9573313569722971,0.018521777793163885,ok,
p016_loss_small,p016,landscape_natural,,p016_loss_small,loss_small,lama,masked_region,20307,,,,,20307,5.4518,3.4429,15710.10546875,1229.2598876953125,14480.845581054688,119.66694641113281,25.880369186401367,93.78657722473145,6.169012602109804,17.234366505933316,11.065353903823512,,,,ok,
p016_loss_small,p016,landscape_natural,,p016_loss_small,loss_small,lama,mask_bbox_crop,223418,78.0,214.0,739.0,552.0,20307,5.4518,3.4429,1427.92919921875,111.73038482666016,1316.1988143920898,10.876816749572754,2.3523290157318115,8.524487733840942,16.583736864465887,27.649090662833373,11.065353798367486,0.8972943013943969,0.9283823720784273,0.03108807068403041,ok,
p016_mixed_damage,p016,landscape_natural,,p016_mixed_damage,mixed_damage,lama,full_image,589824,0.0,0.0,768.0,768.0,46836,12.5741,7.9407,962.8566284179688,73.89781951904297,888.9588088989258,7.908160209655762,1.767063856124878,6.141096353530884,18.295187363835062,29.444487368819935,11.149300004984873,0.9197883679675763,0.9408719621756828,0.02108359420810646,ok,
p016_mixed_damage,p016,landscape_natural,,p016_mixed_damage,mixed_damage,lama,content_region,372480,0.0,141.0,768.0,626.0,46836,12.5741,7.9407,1524.6881103515625,117.017578125,1407.6705322265625,12.522612571716309,2.798154592514038,9.72445797920227,16.298993472220474,27.448292554527455,11.149299082306982,0.8725201540944103,0.9074066298473055,0.03488647575289516,ok,
p016_mixed_damage,p016,landscape_natural,,p016_mixed_damage,mixed_damage,lama,masked_region,46836,,,,,46836,12.5741,7.9407,12125.6298828125,930.6239624023438,11195.005920410156,99.59054565429688,22.253324508666992,77.33722114562988,7.293760529730315,18.443061299873072,11.149300770142757,,,,ok,
p016_mixed_damage,p016,landscape_natural,,p016_mixed_damage,mixed_damage,lama,mask_bbox_crop,384768,0.0,133.0,768.0,634.0,46836,12.5741,7.9407,1475.995849609375,113.28045654296875,1362.7153930664062,12.122688293457031,2.7087924480438232,9.413895845413208,16.439952245829744,27.589253702247895,11.14930145641815,0.8765226997803901,0.9089786569249908,0.0324559571446007,ok,
p016_scratch_thin,p016,landscape_natural,,p016_scratch_thin,scratch_thin,lama,full_image,589824,0.0,0.0,768.0,768.0,5937,1.5939,1.0066,106.28958129882812,7.616732120513916,98.67284917831421,0.8965668678283691,0.19235455989837646,0.7042123079299927,27.865896646059888,39.313116790868406,11.447220144808519,0.9775161012016209,0.9937809846431492,0.01626488344152832,ok,
p016_scratch_thin,p016,landscape_natural,,p016_scratch_thin,scratch_thin,lama,content_region,372480,0.0,141.0,768.0,626.0,5937,1.5939,1.0066,168.31007385253906,12.061134338378906,156.24893951416016,1.4197182655334473,0.3045944273471832,1.115123838186264,25.869702503131336,37.316922061540076,11.44721955840874,0.9647415178694895,0.9922353838295663,0.027493865960076858,ok,
p016_scratch_thin,p016,landscape_natural,,p016_scratch_thin,scratch_thin,lama,masked_region,5937,,,,,5937,1.5939,1.0066,10559.5654296875,756.7005615234375,9802.864868164062,89.07135772705078,19.10987663269043,69.96148109436035,7.894343153379397,19.341563046240914,11.447219892861517,,,,ok,
p016_scratch_thin,p016,landscape_natural,,p016_scratch_thin,scratch_thin,lama,mask_bbox_crop,320256,0.0,133.0,768.0,550.0,5937,1.5939,1.0066,195.7562255859375,14.027937889099121,181.72828769683838,1.651231050491333,0.354264497756958,1.296966552734375,25.21364778160276,36.660865265613,11.447217484010238,0.9583145233957061,0.9884698547398533,0.030155331344147163,ok,
p016_zero_control,p016,landscape_natural,,p016_zero_control,zero_control,lama,full_image,589824,0.0,0.0,768.0,768.0,0,0.0,0.0,0.0,0.0,0.0,0.0,0.0,0.0,inf,inf,,1.0,1.0,0.0,ok,
p016_zero_control,p016,landscape_natural,,p016_zero_control,zero_control,lama,content_region,372480,0.0,141.0,768.0,626.0,0,0.0,0.0,0.0,0.0,0.0,0.0,0.0,0.0,inf,inf,,1.0,1.0,0.0,ok,
p017_loss_large,p017,landscape_natural,,p017_loss_large,loss_large,lama,full_image,589824,0.0,0.0,768.0,768.0,45832,10.5437,7.7705,808.4281005859375,119.35234069824219,689.0757598876953,7.30393648147583,2.3825814723968506,4.9213550090789795,19.054389598874508,27.36249420203292,8.308104603158412,0.9313788558800251,0.9339930981431962,0.002614242263171085,ok,
p017_loss_large,p017,landscape_natural,,p017_loss_large,loss_large,lama,content_region,434688,101.0,0.0,667.0,768.0,45832,10.5437,7.7705,1096.9486083984375,161.94805908203125,935.0005493164062,9.91064167022705,3.2329018115997314,6.677739858627319,17.72894079338584,26.037046134307285,8.308105340921447,0.9066262288938916,0.9101834656877045,0.0035572367938129235,ok,
p017_loss_large,p017,landscape_natural,,p017_loss_large,loss_large,lama,masked_region,45832,,,,,45832,10.5437,7.7705,10403.873046875,1535.9765625,8867.896484375,93.99626922607422,30.662063598632812,63.334205627441406,7.958853167844865,16.266957720308667,8.308104552463803,,,,ok,
p017_loss_large,p017,landscape_natural,,p017_loss_large,loss_large,lama,mask_bbox_crop,90750,162.0,448.0,492.0,723.0,45832,10.5437,7.7705,5254.32861328125,775.7230834960938,4478.605529785156,47.47148132324219,15.485440254211426,31.98604106903076,10.925631301658917,19.23373645760175,8.308105155942833,0.5428374913213289,0.5602538950646735,0.017416403743344633,ok,
p017_loss_small,p017,landscape_natural,,p017_loss_small,loss_small,lama,full_image,589824,0.0,0.0,768.0,768.0,20288,4.6673,3.4397,362.9745788574219,40.63991928100586,322.334659576416,3.2518157958984375,0.8490657210350037,2.402750074863434,22.532041508415553,32.04127524186746,9.509233733451907,0.9655225581307395,0.9737120593357003,0.008189501204960759,ok,
p017_loss_small,p017,landscape_natural,,p017_loss_small,loss_small,lama,content_region,434688,101.0,0.0,667.0,768.0,20288,4.6673,3.4397,492.5166015625,55.14390563964844,437.37269592285156,4.412357807159424,1.1520891189575195,3.2602686882019043,21.20659486754142,30.715828385308996,9.509233517767576,0.953086052313613,0.9642296235960752,0.011143571282462239,ok,
p017_loss_small,p017,landscape_natural,,p017_loss_small,loss_small,lama,masked_region,20288,,,,,20288,4.6673,3.4397,10552.59375,1181.50634765625,9371.08740234375,94.5385971069336,24.68450927734375,69.85408782958984,7.897211417209889,17.40644301641226,9.509231599202373,,,,ok,
p017_loss_small,p017,landscape_natural,,p017_loss_small,loss_small,lama,mask_bbox_crop,211235,239.0,224.0,654.0,733.0,20288,4.6673,3.4397,1013.520751953125,113.4773941040039,900.0433578491211,9.079930305480957,2.3708159923553467,6.70911431312561,18.0724771551874,27.581710067723467,9.509232912536067,0.9026908487620248,0.9258049015487374,0.023114052786712636,ok,
p017_mixed_damage,p017,landscape_natural,,p017_mixed_damage,mixed_damage,lama,full_image,589824,0.0,0.0,768.0,768.0,39263,9.0325,6.6567,731.4801025390625,69.87329864501953,661.606803894043,6.4730706214904785,1.5906637907028198,4.882406830787659,19.488778437695572,29.687691145433817,10.198912707738245,0.9276273208727801,0.9497304358849546,0.022103115012174546,ok,
p017_mixed_damage,p017,landscape_natural,,p017_mixed_damage,mixed_damage,lama,content_region,434688,101.0,0.0,667.0,768.0,39263,9.0325,6.6567,992.5382080078125,94.8104248046875,897.727783203125,8.783247947692871,2.1583564281463623,6.624891519546509,18.163331268357126,28.36224268400769,10.198911415650564,0.9015214616161799,0.9315974859720262,0.03007602435584633,ok,
p017_mixed_damage,p017,landscape_natural,,p017_mixed_damage,mixed_damage,lama,masked_region,39263,,,,,39263,9.0325,6.6567,10988.57421875,1049.663818359375,9938.910400390625,97.24097442626953,23.895566940307617,73.34540748596191,7.7213901504124465,17.920301334259268,10.198911183846821,,,,ok,
p017_mixed_damage,p017,landscape_natural,,p017_mixed_damage,mixed_damage,lama,mask_bbox_crop,378624,133.0,0.0,626.0,768.0,39263,9.0325,6.6567,1139.5062255859375,108.84928131103516,1030.6569442749023,10.083809852600098,2.4779508113861084,7.605859041213989,17.563636586176557,27.762547949568702,10.198911363392146,0.8867597915915016,0.9213441317132123,0.03458434012171063,ok,
p017_scratch_thin,p017,landscape_natural,,p017_scratch_thin,scratch_thin,lama,full_image,589824,0.0,0.0,768.0,768.0,5790,1.332,0.9816,118.78021240234375,4.973224639892578,113.80698776245117,0.986798882484436,0.15173453092575073,0.8350643515586853,27.383362633224003,41.16442284168896,13.781060208464957,0.975120353807676,0.995324466162742,0.020204112355065917,ok,
p017_scratch_thin,p017,landscape_natural,,p017_scratch_thin,scratch_thin,lama,content_region,434688,101.0,0.0,667.0,768.0,5790,1.332,0.9816,161.17169189453125,6.74812126159668,154.42357063293457,1.3389780521392822,0.20588713884353638,1.1330909132957458,26.057915959397526,39.838974827467425,13.781058868069898,0.9668573829731683,0.9946905143160581,0.027833131342889894,ok,
p017_scratch_thin,p017,landscape_natural,,p017_scratch_thin,scratch_thin,lama,masked_region,5790,,,,,5790,1.332,0.9816,12100.0712890625,506.61956787109375,11593.451721191406,100.52464294433594,15.457110404968262,85.06753253936768,7.3029243184441395,21.083984007305602,13.781059688861463,,,,ok,
p017_scratch_thin,p017,landscape_natural,,p017_scratch_thin,scratch_thin,lama,mask_bbox_crop,446976,93.0,0.0,675.0,768.0,5790,1.332,0.9816,156.7408447265625,6.562605857849121,150.17823886871338,1.3021676540374756,0.20022700726985931,1.1019406467676163,26.178981778777818,39.96004039027771,13.781058611499894,0.9670863013914038,0.9938146583611261,0.02672835696972231,ok,
p017_zero_control,p017,landscape_natural,,p017_zero_control,zero_control,lama,full_image,589824,0.0,0.0,768.0,768.0,0,0.0,0.0,0.0,0.0,0.0,0.0,0.0,0.0,inf,inf,,1.0,1.0,0.0,ok,
p017_zero_control,p017,landscape_natural,,p017_zero_control,zero_control,lama,content_region,434688,101.0,0.0,667.0,768.0,0,0.0,0.0,0.0,0.0,0.0,0.0,0.0,0.0,inf,inf,,1.0,1.0,0.0,ok,
p018_loss_large,p018,landscape_natural,,p018_loss_large,loss_large,lama,full_image,589824,0.0,0.0,768.0,768.0,55845,14.3422,9.4681,2021.4990234375,100.97249603271484,1920.5265274047852,12.94268798828125,1.5930113792419434,11.349676609039307,15.074068250007437,28.08877268747681,13.014704437469371,0.9397373213361693,0.9671014092766786,0.027364087940509374,ok,
p018_loss_large,p018,landscape_natural,,p018_loss_large,loss_large,lama,content_region,389376,0.0,130.0,768.0,637.0,55845,14.3422,9.4681,3062.152587890625,152.9524383544922,2909.200149536133,19.605499267578125,2.4130823612213135,17.19241690635681,13.270535329551134,26.285239560071023,13.01470423051989,0.9083429917328562,0.9499626224926728,0.04161963075981667,ok,
p018_loss_large,p018,landscape_natural,,p018_loss_large,loss_large,lama,masked_region,55845,,,,,55845,14.3422,9.4681,21350.681640625,1066.4521484375,20284.2294921875,136.6981658935547,16.825075149536133,119.87309074401855,4.836686160250659,17.851389873794837,13.014703713544177,,,,ok,
p018_loss_large,p018,landscape_natural,,p018_loss_large,loss_large,lama,mask_bbox_crop,108240,210.0,152.0,538.0,482.0,55845,14.3422,9.4681,11015.603515625,550.2218017578125,10465.381713867188,70.52762603759766,8.680675506591797,61.84695053100586,7.710720648894696,20.725425661709785,13.014705012815089,0.6646042980783404,0.8169008385864465,0.15229654050810604,ok,
p018_loss_small,p018,landscape_natural,,p018_loss_small,loss_small,lama,full_image,589824,0.0,0.0,768.0,768.0,21734,5.5818,3.6848,1139.59326171875,5.509497165679932,1134.08376455307,6.32625150680542,0.2849748432636261,6.041276663541794,17.563304882251956,40.71968396886462,23.156379086612667,0.9620459829273473,0.9888029245327062,0.026756941605358908,ok,
p018_loss_small,p018,landscape_natural,,p018_loss_small,loss_small,lama,content_region,389376,0.0,130.0,768.0,637.0,21734,5.5818,3.6848,1726.247314453125,8.345746994018555,1717.9015674591064,9.582961082458496,0.4316778779029846,9.151283204555511,15.759773449186422,38.916151461724425,23.156378012538003,0.9422735309194384,0.9829697175527389,0.040696186633300435,ok,
p018_loss_small,p018,landscape_natural,,p018_loss_small,loss_small,lama,masked_region,21734,,,,,21734,5.5818,3.6848,30926.626953125,149.5184326171875,30777.108520507812,171.6837615966797,7.733735084533691,163.950026512146,3.227478050912863,26.383856251273805,23.15637820036094,,,,ok,
p018_loss_small,p018,landscape_natural,,p018_loss_small,loss_small,lama,mask_bbox_crop,281443,2.0,153.0,655.0,584.0,21734,5.5818,3.6848,2388.260498046875,11.546329498291016,2376.714168548584,13.258012771606445,0.5972257256507874,12.660787045955658,14.349986654230866,37.506364140410206,23.156377486179338,0.9198553603450007,0.976355978952154,0.056500618607153275,ok,
p018_mixed_damage,p018,landscape_natural,,p018_mixed_damage,mixed_damage,lama,full_image,589824,0.0,0.0,768.0,768.0,44279,11.3718,7.5072,1935.265869140625,48.38016891479492,1886.88570022583,11.139534950256348,0.8769271373748779,10.26260781288147,15.263397235187043,31.28412980541196,16.02073257022492,0.9188169115423673,0.9771048014394693,0.058287889897101985,ok,
p018_mixed_damage,p018,landscape_natural,,p018_mixed_damage,mixed_damage,lama,content_region,389376,0.0,130.0,768.0,637.0,44279,11.3718,7.5072,2931.526123046875,73.28592681884766,2858.2401962280273,16.874086380004883,1.3283629417419434,15.54572343826294,13.459865922994874,29.480597762911454,16.02073183991658,0.8827251884500019,0.9668097009965791,0.08408451254657723,ok,
p018_mixed_damage,p018,landscape_natural,,p018_mixed_damage,mixed_damage,lama,masked_region,44279,,,,,44279,11.3718,7.5072,25778.947265625,644.4542236328125,25134.493041992188,148.38558959960938,11.681218147277832,136.70437145233154,4.018151827638354,20.03888286548108,16.02073103784273,,,,ok,
p018_mixed_damage,p018,landscape_natural,,p018_mixed_damage,mixed_damage,lama,mask_bbox_crop,401664,0.0,122.0,768.0,645.0,44279,11.3718,7.5072,2841.84326171875,71.0439224243164,2770.7993392944336,16.35786247253418,1.2877247333526611,15.070137739181519,13.594802395803962,29.615534294908116,16.020731899104156,0.8803452351939726,0.9662550458353493,0.0859098106413767,ok,
p018_scratch_thin,p018,landscape_natural,,p018_scratch_thin,scratch_thin,lama,full_image,589824,0.0,0.0,768.0,768.0,11250,2.8892,1.9073,763.56494140625,2.46121883392334,761.1037225723267,3.704902410507202,0.1212598979473114,3.5836425125598907,19.30234381040655,44.219301310983994,24.916957500577443,0.93803328877756,0.994056762825355,0.05602347404779506,ok,
p018_scratch_thin,p018,landscape_natural,,p018_scratch_thin,scratch_thin,lama,content_region,389376,0.0,130.0,768.0,637.0,11250,2.8892,1.9073,1156.6429443359375,3.7282369136810303,1152.9147074222565,5.612159729003906,0.1836836338043213,5.428476095199585,17.49881047928961,42.41576858732327,24.91695810803366,0.9085203440232599,0.991743952944436,0.08322360892117608,ok,
p018_scratch_thin,p018,landscape_natural,,p018_scratch_thin,scratch_thin,lama,masked_region,11250,,,,,11250,2.8892,1.9073,40032.796875,129.03875732421875,39903.75811767578,194.24359130859375,6.357511043548584,187.88608026504517,2.1066442789628095,27.023601888322723,24.916957609359912,,,,ok,
p018_scratch_thin,p018,landscape_natural,,p018_scratch_thin,scratch_thin,lama,mask_bbox_crop,400128,0.0,124.0,768.0,645.0,11250,2.8892,1.9073,1125.56201171875,3.628053903579712,1121.9339578151703,5.461353302001953,0.17874780297279358,5.2826054990291595,17.617109338500075,42.534066299293244,24.91695696079317,0.9083133321330111,0.991206317034797,0.08289298490178587,ok,
p018_zero_control,p018,landscape_natural,,p018_zero_control,zero_control,lama,full_image,589824,0.0,0.0,768.0,768.0,0,0.0,0.0,0.0,0.0,0.0,0.0,0.0,0.0,inf,inf,,1.0,1.0,0.0,ok,
p018_zero_control,p018,landscape_natural,,p018_zero_control,zero_control,lama,content_region,389376,0.0,130.0,768.0,637.0,0,0.0,0.0,0.0,0.0,0.0,0.0,0.0,0.0,inf,inf,,1.0,1.0,0.0,ok,
p019_loss_large,p019,landscape_natural,,p019_loss_large,loss_large,lama,full_image,589824,0.0,0.0,768.0,768.0,92634,17.9223,15.7054,4427.7412109375,135.53875732421875,4292.202453613281,23.27546501159668,2.8460800647735596,20.42938494682312,11.668981312145712,26.810168613383514,15.141187301237801,0.8821912068533525,0.9274386827432082,0.04524747588985567,ok,
p019_loss_large,p019,landscape_natural,,p019_loss_large,loss_large,lama,content_region,516864,47.0,0.0,720.0,768.0,92634,17.9223,15.7054,5052.75732421875,154.67123413085938,4898.086090087891,26.560998916625977,3.2478299140930176,23.31316900253296,11.095519205919933,26.236708100636843,15.14118889471691,0.8654118435116244,0.9171038624442649,0.05169201893264053,ok,
p019_loss_large,p019,landscape_natural,,p019_loss_large,loss_large,lama,masked_region,92634,,,,,92634,17.9223,15.7054,28192.54296875,863.0090942382812,27329.53387451172,148.20074462890625,18.121707916259766,130.07903671264648,3.6294610984604425,18.770649886096038,15.141188787635596,,,,ok,
p019_loss_large,p019,landscape_natural,,p019_loss_large,loss_large,lama,mask_bbox_crop,230264,148.0,126.0,576.0,664.0,92634,17.9223,15.7054,11341.712890625,347.1841125488281,10994.528778076172,59.620361328125,7.290268421173096,52.330092906951904,7.584017117105139,22.72520517607247,15.141188058967332,0.6953062355777888,0.8123316578000731,0.11702542222228429,ok,
p019_loss_small,p019,landscape_natural,,p019_loss_small,loss_small,lama,full_image,589824,0.0,0.0,768.0,768.0,15653,3.0285,2.6538,1196.763427734375,2.469451427459717,1194.2939763069153,5.574728012084961,0.15594539046287537,5.418782621622086,17.35072051884822,44.20479872582806,26.854078206979842,0.969361002745603,0.9931223058223636,0.02376130307676061,ok,
p019_loss_small,p019,landscape_natural,,p019_loss_small,loss_small,lama,content_region,516864,47.0,0.0,720.0,768.0,15653,3.0285,2.6538,1365.697265625,2.8180365562438965,1362.879229068756,6.3616509437561035,0.17795848846435547,6.183692455291748,16.777259209950238,43.63133738286188,26.854078172911642,0.964997127574437,0.9921427241928654,0.027145596618428414,ok,
p019_loss_small,p019,landscape_natural,,p019_loss_small,loss_small,lama,masked_region,15653,,,,,15653,3.0285,2.6538,45095.5,93.05191802978516,45002.448081970215,210.0625,5.876211166381836,204.18628883361816,1.5894715430424344,28.44355031427274,26.854078771230306,,,,ok,
p019_loss_small,p019,landscape_natural,,p019_loss_small,loss_small,lama,mask_bbox_crop,364338,100.0,61.0,619.0,763.0,15653,3.0285,2.6538,1937.4315185546875,3.9977757930755615,1933.433742761612,9.024884223937988,0.2524588108062744,8.772425413131714,15.258540002131383,42.11261926903843,26.85407926690705,0.9501737863766717,0.9888152521283433,0.0386414657516716,ok,
p019_mixed_damage,p019,landscape_natural,,p019_mixed_damage,mixed_damage,lama,full_image,589824,0.0,0.0,768.0,768.0,41705,8.0689,7.0708,3132.943115234375,43.01171112060547,3089.9314041137695,14.517033576965332,0.9621536731719971,13.554879903793335,13.171278513880871,31.794936405771345,18.623657891890474,0.9062398566105178,0.9703214786350886,0.0640816220245708,ok,
p019_mixed_damage,p019,landscape_natural,,p019_mixed_damage,mixed_damage,lama,content_region,516864,47.0,0.0,720.0,768.0,41705,8.0689,7.0708,3575.186767578125,49.08319854736328,3526.1035690307617,16.566242218017578,1.0979703664779663,15.468271851539612,12.59781626616155,31.221475047304725,18.623658781143178,0.8938588047938353,0.9666549094064458,0.07279610461261055,ok,
p019_mixed_damage,p019,landscape_natural,,p019_mixed_damage,mixed_damage,lama,masked_region,41705,,,,,41705,8.0689,7.0708,44308.48046875,608.3046264648438,43700.175842285156,205.31097412109375,13.607513427734375,191.70346069335938,1.6659350443486898,20.289592413628835,18.623657369280146,,,,ok,
p019_mixed_damage,p019,landscape_natural,,p019_mixed_damage,mixed_damage,lama,mask_bbox_crop,510720,39.0,0.0,704.0,768.0,41705,8.0689,7.0708,3618.195556640625,49.673667907714844,3568.52188873291,16.765531539916992,1.111178994178772,15.65435254573822,12.545883249127305,31.169541313484793,18.623658064357485,0.8915853880686097,0.96568280230643,0.07409741423782035,ok,
p019_scratch_thin,p019,landscape_natural,,p019_scratch_thin,scratch_thin,lama,full_image,589824,0.0,0.0,768.0,768.0,10116,1.9572,1.7151,534.4625244140625,3.6481587886810303,530.8143656253815,2.7502222061157227,0.1516672819852829,2.5985549241304398,20.85163102231941,42.510066278268965,21.658435255949556,0.95411481712962,0.9931948665469367,0.03908004941731669,ok,
p019_scratch_thin,p019,landscape_natural,,p019_scratch_thin,scratch_thin,lama,content_region,516864,47.0,0.0,720.0,768.0,10116,1.9572,1.7151,609.9066162109375,4.1631293296813965,605.7434868812561,3.1384406089782715,0.17307648062705994,2.9653641283512115,20.278170162980167,41.93660458197675,21.658434418996585,0.9484619570936492,0.9923092772219727,0.043847320128323486,ok,
p019_scratch_thin,p019,landscape_natural,,p019_scratch_thin,scratch_thin,lama,masked_region,10116,,,,,10116,1.9572,1.7151,31162.3984375,212.70973205566406,30949.688705444336,160.35458374023438,8.843119621276855,151.51146411895752,3.1944948477862996,24.85293000342792,21.658435155641623,,,,ok,
p019_scratch_thin,p019,landscape_natural,,p019_scratch_thin,scratch_thin,lama,mask_bbox_crop,501038,67.0,8.0,728.0,766.0,10116,1.9572,1.7151,629.1715087890625,4.294627666473389,624.8768811225891,3.2375729084014893,0.1785433441400528,3.0590295642614365,20.143113129304076,41.8015484331891,21.65843530388502,0.9459092169023283,0.9919779115057645,0.04606869460343621,ok,
p019_zero_control,p019,landscape_natural,,p019_zero_control,zero_control,lama,full_image,589824,0.0,0.0,768.0,768.0,0,0.0,0.0,0.0,0.0,0.0,0.0,0.0,0.0,inf,inf,,1.0,1.0,0.0,ok,
p019_zero_control,p019,landscape_natural,,p019_zero_control,zero_control,lama,content_region,516864,47.0,0.0,720.0,768.0,0,0.0,0.0,0.0,0.0,0.0,0.0,0.0,0.0,inf,inf,,1.0,1.0,0.0,ok,
p020_loss_large,p020,landscape_natural,,p020_loss_large,loss_large,lama,full_image,589824,0.0,0.0,768.0,768.0,51159,12.5923,8.6736,558.6085205078125,106.92644500732422,451.6820755004883,6.276782035827637,2.258767604827881,4.018014430999756,20.65972805118204,27.839952328301834,7.180224277119795,0.9321880753391882,0.9305633310881151,-0.0016247442510731736,ok,
p020_loss_large,p020,landscape_natural,,p020_loss_large,loss_large,lama,content_region,406272,0.0,119.0,768.0,648.0,51159,12.5923,8.6736,810.9855346679688,155.2353515625,655.7501831054688,9.112606048583984,3.2792694568634033,5.833336591720581,19.040672529821634,26.220897313154005,7.1802247833323705,0.901199452023827,0.8988322338224548,-0.002367218201372201,ok,
p020_loss_large,p020,landscape_natural,,p020_loss_large,loss_large,lama,masked_region,51159,,,,,51159,12.5923,8.6736,6440.3271484375,1232.7796630859375,5207.5474853515625,72.3664779663086,26.04185676574707,46.32462120056152,10.041724321490095,17.2219489956573,7.180224674167205,,,,ok,
p020_loss_large,p020,landscape_natural,,p020_loss_large,loss_large,lama,mask_bbox_crop,91008,427.0,300.0,715.0,616.0,51159,12.5923,8.6736,3620.348388671875,692.9915771484375,2927.3568115234375,40.67990493774414,14.639101028442383,26.040803909301758,12.543299958602947,19.7235240478451,7.180224089242152,0.5495929171499355,0.5388013591435288,-0.010791558006406743,ok,
p020_loss_small,p020,landscape_natural,,p020_loss_small,loss_small,lama,full_image,589824,0.0,0.0,768.0,768.0,13227,3.2557,2.2425,95.03734588623047,5.738073825836182,89.29927206039429,1.3968042135238647,0.19704578816890717,1.1997584253549576,28.35186061629988,40.54314229305958,12.1912816767597,0.9841698291861305,0.9921585431869717,0.007988714000841224,ok,
p020_loss_small,p020,landscape_natural,,p020_loss_small,loss_small,lama,content_region,406272,0.0,119.0,768.0,648.0,13227,3.2557,2.2425,137.97483825683594,8.330512046813965,129.64432621002197,2.027874708175659,0.2860702574253082,1.741804450750351,26.732804672388156,38.92408664110437,12.191281968716211,0.9769357740723356,0.9885751623488956,0.011639388276560081,ok,
p020_loss_small,p020,landscape_natural,,p020_loss_small,loss_small,lama,masked_region,13227,,,,,13227,3.2557,2.2425,4237.94580078125,255.87461853027344,3982.0711822509766,62.286888122558594,8.786748886108398,53.500139236450195,11.859249626630596,24.05053152663184,12.191281900001243,,,,ok,
p020_loss_small,p020,landscape_natural,,p020_loss_small,loss_small,lama,mask_bbox_crop,140946,192.0,144.0,609.0,482.0,13227,3.2557,2.2425,397.70770263671875,24.012413024902344,373.6952896118164,5.845278739929199,0.8245876431465149,5.020691096782684,22.135163585662937,34.32644556048587,12.191281974822935,0.9326378968278394,0.9666322600640228,0.033994363236183434,ok,
p020_mixed_damage,p020,landscape_natural,,p020_mixed_damage,mixed_damage,lama,full_image,589824,0.0,0.0,768.0,768.0,54098,13.3157,9.1719,456.46502685546875,32.83203125,423.63299560546875,5.755862236022949,0.9227588772773743,4.833103358745575,21.536728522188998,32.9678260840427,11.4310975618537,0.9216485186245889,0.9648681547846459,0.043219636160057084,ok,
p020_mixed_damage,p020,landscape_natural,,p020_mixed_damage,mixed_damage,lama,content_region,406272,0.0,119.0,768.0,648.0,54098,13.3157,9.1719,662.6937866210938,47.66541290283203,615.0283737182617,8.35633659362793,1.3396575450897217,7.016679048538208,19.917674621778588,31.348770014066247,11.43109539228766,0.8913248326702982,0.9505353026937532,0.05921047002345503,ok,
p020_mixed_damage,p020,landscape_natural,,p020_mixed_damage,mixed_damage,lama,masked_region,54098,,,,,54098,13.3157,9.1719,4976.78173828125,357.96368408203125,4618.818054199219,62.75547409057617,10.060729026794434,52.69474506378174,11.161317661232012,22.592413917737225,11.431096256505214,,,,ok,
p020_mixed_damage,p020,landscape_natural,,p020_mixed_damage,mixed_damage,lama,mask_bbox_crop,418560,0.0,111.0,768.0,656.0,54098,13.3157,9.1719,643.2383422851562,46.266056060791016,596.9722862243652,8.111013412475586,1.3003281354904175,6.8106852769851685,20.047084368399478,31.47817881122461,11.431094442825131,0.889232228556469,0.9503330870981449,0.061100858541675906,ok,
p020_scratch_thin,p020,landscape_natural,,p020_scratch_thin,scratch_thin,lama,full_image,589824,0.0,0.0,768.0,768.0,11485,2.8269,1.9472,176.50694274902344,9.35006046295166,167.15688228607178,1.6261483430862427,0.23924876749515533,1.3868995755910873,25.663185682075863,38.422659415845516,12.759473733769653,0.9463771068471277,0.9925668981606584,0.046189791313530626,ok,
p020_scratch_thin,p020,landscape_natural,,p020_scratch_thin,scratch_thin,lama,content_region,406272,0.0,119.0,768.0,648.0,11485,2.8269,1.9472,256.25213623046875,13.574378967285156,242.6777572631836,2.360835552215576,0.3473403751850128,2.0134951770305634,24.0441286631927,36.803603912811134,12.759475249618433,0.928540280968988,0.9903216877376751,0.06178140676868715,ok,
p020_scratch_thin,p020,landscape_natural,,p020_scratch_thin,scratch_thin,lama,masked_region,11485,,,,,11485,2.8269,1.9472,9064.6982421875,480.1819763183594,8584.51626586914,83.51251983642578,12.286867141723633,71.22565269470215,8.557270095719733,21.31674506130623,12.759474965586495,,,,ok,
p020_scratch_thin,p020,landscape_natural,,p020_scratch_thin,scratch_thin,lama,mask_bbox_crop,418560,0.0,111.0,768.0,656.0,11485,2.8269,1.9472,248.72909545898438,13.175865173339844,235.55323028564453,2.2915265560150146,0.337143212556839,1.9543833434581757,24.173537703780337,36.93301218754035,12.759474483760012,0.9241917540213568,0.9894916074182224,0.06529985339686561,ok,
p020_zero_control,p020,landscape_natural,,p020_zero_control,zero_control,lama,full_image,589824,0.0,0.0,768.0,768.0,0,0.0,0.0,0.0,0.0,0.0,0.0,0.0,0.0,inf,inf,,1.0,1.0,0.0,ok,
p020_zero_control,p020,landscape_natural,,p020_zero_control,zero_control,lama,content_region,406272,0.0,119.0,768.0,648.0,0,0.0,0.0,0.0,0.0,0.0,0.0,0.0,0.0,inf,inf,,1.0,1.0,0.0,ok,
p021_loss_large,p021,architecture_structured,,p021_loss_large,loss_large,lama,full_image,589824,0.0,0.0,768.0,768.0,49986,10.0286,8.4747,2303.72314453125,56.98896789550781,2246.734176635742,13.213360786437988,1.5775247812271118,11.635836005210876,14.506500753645428,30.572895691571894,16.066394937926468,0.9264492728460553,0.9517525467742124,0.02530327392815712,ok,
p021_loss_large,p021,architecture_structured,,p021_loss_large,loss_large,lama,content_region,498432,59.0,0.0,708.0,768.0,49986,10.0286,8.4747,2726.1318359375,67.43840789794922,2658.693428039551,15.636148452758789,1.8667782545089722,13.769370198249817,13.775335063480863,29.84173052058121,16.066395457100345,0.9128372409155423,0.9428233913560654,0.029986150440523107,ok,
p021_loss_large,p021,architecture_structured,,p021_loss_large,loss_large,lama,masked_region,49986,,,,,49986,10.0286,8.4747,27183.443359375,672.45751953125,26510.98583984375,155.91477966308594,18.614452362060547,137.3003273010254,3.7877589238395535,19.854155065665285,16.06639614182573,,,,ok,
p021_loss_large,p021,architecture_structured,,p021_loss_large,loss_large,lama,mask_bbox_crop,90118,383.0,169.0,697.0,456.0,49986,10.0286,8.4747,15077.9140625,372.99383544921875,14704.920227050781,86.481689453125,10.324929237365723,76.15676021575928,6.34739097172789,22.41378706679896,16.06639609507107,0.5065537225865935,0.6763114776674879,0.1697577550808944,ok,
p021_loss_small,p021,architecture_structured,,p021_loss_small,loss_small,lama,full_image,589824,0.0,0.0,768.0,768.0,17382,3.4873,2.947,1088.7333984375,9.180051803588867,1079.5533466339111,5.520305156707764,0.3253563642501831,5.194948792457581,17.761588151456053,38.50235228909662,20.740764137640568,0.9672425358249269,0.9888315154476426,0.021588979622715665,ok,
p021_loss_small,p021,architecture_structured,,p021_loss_small,loss_small,lama,content_region,498432,59.0,0.0,708.0,768.0,17382,3.4873,2.947,1288.362060546875,10.863297462463379,1277.4987630844116,6.5325026512146,0.3850134015083313,6.147489249706268,17.030424335573727,37.771186891709036,20.74076255613531,0.961180112439494,0.9867645641852313,0.025584451745737313,ok,
p021_loss_small,p021,architecture_structured,,p021_loss_small,loss_small,lama,masked_region,17382,,,,,17382,3.4873,2.947,36944.01953125,311.50701904296875,36632.51251220703,187.32069396972656,11.040328979492188,176.28036499023438,2.4553621569563595,23.19612524006635,20.740763083109993,,,,ok,
p021_loss_small,p021,architecture_structured,,p021_loss_small,loss_small,lama,mask_bbox_crop,449980,85.0,5.0,681.0,760.0,17382,3.4873,2.947,1427.0875244140625,12.033012390136719,1415.0545120239258,7.23589563369751,0.4264700710773468,6.809425562620163,16.58629751310095,37.327059969825875,20.740762456724926,0.9569586001030278,0.9853252618306465,0.028366661727618703,ok,
p021_mixed_damage,p021,architecture_structured,,p021_mixed_damage,mixed_damage,lama,full_image,589824,0.0,0.0,768.0,768.0,50041,10.0397,8.4841,2140.072265625,33.33586502075195,2106.736400604248,12.72665023803711,0.9560535550117493,11.77059668302536,14.8265192208308,32.90168631903848,18.075167098207682,0.9036710054061006,0.9707347810910602,0.06706377568495958,ok,
p021_mixed_damage,p021,architecture_structured,,p021_mixed_damage,mixed_damage,lama,content_region,498432,59.0,0.0,708.0,768.0,50041,10.0397,8.4841,2532.47412109375,39.448326110839844,2493.02579498291,15.060202598571777,1.131354570388794,13.928848028182983,14.095353447916068,32.170517811107786,18.075164363191718,0.8876260770684112,0.9655345488144897,0.07790847174607851,ok,
p021_mixed_damage,p021,architecture_structured,,p021_mixed_damage,mixed_damage,lama,masked_region,50041,,,,,50041,10.0397,8.4841,25224.640625,392.9239501953125,24831.716674804688,150.0067138671875,11.268826484680176,138.73788738250732,4.11255373300537,22.187718593641854,18.075164860636484,,,,ok,
p021_mixed_damage,p021,architecture_structured,,p021_mixed_damage,mixed_damage,lama,mask_bbox_crop,510720,51.0,0.0,716.0,768.0,50041,10.0397,8.4841,2471.541748046875,38.499202728271484,2433.0425453186035,14.697848320007324,1.1041340827941895,13.593714237213135,14.201124101240147,32.276286249775254,18.075162148535107,0.8886150320477206,0.9661607028700884,0.07754567082236774,ok,
p021_scratch_thin,p021,architecture_structured,,p021_scratch_thin,scratch_thin,lama,full_image,589824,0.0,0.0,768.0,768.0,7395,1.4837,1.2538,423.8299255371094,4.791900157928467,419.0380253791809,2.192474842071533,0.14127548038959503,2.051199361681938,21.858887429980914,41.32572600174562,19.466838571764708,0.9657051024788985,0.9947827002151163,0.029077597736217764,ok,
p021_scratch_thin,p021,architecture_structured,,p021_scratch_thin,scratch_thin,lama,content_region,498432,59.0,0.0,708.0,768.0,7395,1.4837,1.2538,501.5429382324219,5.670537948608398,495.8724002838135,2.59448504447937,0.16717961430549622,2.427305430173874,21.12772240980788,40.59456099676946,19.46683858696158,0.9628732600408654,0.9955706995413834,0.032697439500518066,ok,
p021_scratch_thin,p021,architecture_structured,,p021_scratch_thin,scratch_thin,lama,masked_region,7395,,,,,7395,1.4837,1.2538,33804.59375,382.201171875,33422.392578125,174.87144470214844,11.268109321594238,163.6033353805542,2.8410463974067572,22.307883465474884,19.466837068068127,,,,ok,
p021_scratch_thin,p021,architecture_structured,,p021_scratch_thin,scratch_thin,lama,mask_bbox_crop,510720,51.0,0.0,716.0,768.0,7395,1.4837,1.2538,489.47552490234375,5.534104347229004,483.94142055511475,2.5320613384246826,0.16315723955631256,2.36890409886837,21.233493800823823,40.70033017230574,19.466836371481918,0.9603448984657361,0.9939672497176303,0.03362235125189417,ok,
p021_zero_control,p021,architecture_structured,,p021_zero_control,zero_control,lama,full_image,589824,0.0,0.0,768.0,768.0,0,0.0,0.0,0.0,0.0,0.0,0.0,0.0,0.0,inf,inf,,1.0,1.0,0.0,ok,
p021_zero_control,p021,architecture_structured,,p021_zero_control,zero_control,lama,content_region,498432,59.0,0.0,708.0,768.0,0,0.0,0.0,0.0,0.0,0.0,0.0,0.0,0.0,inf,inf,,1.0,1.0,0.0,ok,
p022_loss_large,p022,architecture_structured,,p022_loss_large,loss_large,lama,full_image,589824,0.0,0.0,768.0,768.0,72675,15.8242,12.3215,4291.4794921875,59.83554458618164,4231.643947601318,22.49310302734375,1.8142343759536743,20.678868651390076,11.804733193771366,30.36121112804181,18.556477934270443,0.902897306342188,0.9483990544361113,0.04550174809392327,ok,
p022_loss_large,p022,architecture_structured,,p022_loss_large,loss_large,lama,content_region,459264,85.0,0.0,683.0,768.0,72675,15.8242,12.3215,5511.46337890625,76.84563446044922,5434.617744445801,28.887462615966797,2.329986572265625,26.557476043701172,10.718134347921799,29.274611602564736,18.556477254642935,0.8750130868796414,0.933581215338373,0.058568128458731605,ok,
p022_loss_large,p022,architecture_structured,,p022_loss_large,loss_large,lama,masked_region,72675,,,,,72675,15.8242,12.3215,34829.265625,485.62005615234375,34343.645568847656,182.55206298828125,14.72416877746582,167.82789421081543,2.7113604341146837,21.26783746028837,18.556477026173685,,,,ok,
p022_loss_large,p022,architecture_structured,,p022_loss_large,loss_large,lama,mask_bbox_crop,118038,292.0,32.0,601.0,414.0,72675,15.8242,12.3215,21444.083984375,298.9921569824219,21145.091827392578,112.395751953125,9.065546989440918,103.33020496368408,4.817728614249191,23.37420564596758,18.55647703171839,0.5051076429302174,0.7370112752264726,0.2319036322962552,ok,
p022_loss_small,p022,architecture_structured,,p022_loss_small,loss_small,lama,full_image,589824,0.0,0.0,768.0,768.0,24273,5.2852,4.1153,1537.97607421875,15.60683822631836,1522.3692359924316,7.805392742156982,0.43899819254875183,7.366394549608231,16.261307815244713,36.19765432177382,19.936346506529105,0.9556832996070258,0.9855616216670557,0.029878322060029938,ok,
p022_loss_small,p022,architecture_structured,,p022_loss_small,loss_small,lama,content_region,459264,85.0,0.0,683.0,768.0,24273,5.2852,4.1153,1975.193603515625,20.043567657470703,1955.1500358581543,10.024316787719727,0.5637969970703125,9.460519790649414,15.174706903648351,35.111053344885406,19.936346441237056,0.942957220102287,0.9814154657268528,0.03845824562456579,ok,
p022_loss_small,p022,architecture_structured,,p022_loss_small,loss_small,lama,masked_region,24273,,,,,24273,5.2852,4.1153,37372.19921875,379.2398681640625,36992.95935058594,189.66786193847656,10.667476654052734,179.00038528442383,2.4053170560685375,22.341663739383893,19.936346683315357,,,,ok,
p022_loss_small,p022,architecture_structured,,p022_loss_small,loss_small,lama,mask_bbox_crop,279777,143.0,129.0,664.0,666.0,24273,5.2852,4.1153,3242.35107421875,32.9022331237793,3209.4488410949707,16.455276489257812,0.925493061542511,15.529783427715302,13.022203234149092,32.95854985701462,19.936346622865525,0.9059030362826032,0.9693432148583773,0.06344017857577411,ok,
p022_mixed_damage,p022,architecture_structured,,p022_mixed_damage,mixed_damage,lama,full_image,589824,0.0,0.0,768.0,768.0,49658,10.8125,8.4191,3042.776611328125,41.90208435058594,3000.874526977539,15.572419166564941,1.1434732675552368,14.428945899009705,13.298102915293658,31.908447340962915,18.610344425669258,0.8903328302497475,0.96458989356421,0.07425706331446247,ok,
p022_mixed_damage,p022,architecture_structured,,p022_mixed_damage,mixed_damage,lama,content_region,459264,85.0,0.0,683.0,768.0,49658,10.8125,8.4191,3907.779541015625,53.814056396484375,3853.9654846191406,19.999359130859375,1.4685410261154175,18.530818104743958,12.211503060312749,30.82184631333732,18.610343253024574,0.8627002380174055,0.9560890424259422,0.0933888044085367,ok,
p022_mixed_damage,p022,architecture_structured,,p022_mixed_damage,mixed_damage,lama,masked_region,49658,,,,,49658,10.8125,8.4191,36141.2578125,497.7014465332031,35643.5563659668,184.96485900878906,13.581859588623047,171.38299942016602,2.550770977696648,21.161114578765993,18.610343601069346,,,,ok,
p022_mixed_damage,p022,architecture_structured,,p022_mixed_damage,mixed_damage,lama,mask_bbox_crop,450138,94.0,0.0,691.0,754.0,49658,10.8125,8.4191,3987.004638671875,54.90507125854492,3932.09956741333,20.404817581176758,1.4983139038085938,18.906503677368164,12.124336199262515,30.734679013379104,18.61034281411659,0.8559552283529547,0.9534898118811984,0.09753458352824373,ok,
p022_scratch_thin,p022,architecture_structured,,p022_scratch_thin,scratch_thin,lama,full_image,589824,0.0,0.0,768.0,768.0,11554,2.5158,1.9589,644.9612426757812,3.338437795639038,641.6228048801422,3.455390691757202,0.1546054482460022,3.3007852435112,20.035467432834526,42.89537072334472,22.859903290510193,0.945492830537781,0.9930604817903191,0.047567651252538146,ok,
p022_scratch_thin,p022,architecture_structured,,p022_scratch_thin,scratch_thin,lama,content_region,459264,85.0,0.0,683.0,768.0,11554,2.5158,1.9589,828.3112182617188,4.287491798400879,824.0237264633179,4.437692165374756,0.1985568255186081,4.239135339856148,18.948868175867723,41.808770585838815,22.85990240997109,0.9359764306796007,0.9933922583747852,0.057415827695184496,ok,
p022_scratch_thin,p022,architecture_structured,,p022_scratch_thin,scratch_thin,lama,masked_region,11554,,,,,11554,2.5158,1.9589,32924.8359375,170.42501831054688,32754.410919189453,176.3953857421875,7.892504692077637,168.50288105010986,2.9555674129228042,25.815470115366036,22.859902702443232,,,,ok,
p022_scratch_thin,p022,architecture_structured,,p022_scratch_thin,scratch_thin,lama,mask_bbox_crop,399100,77.0,0.0,691.0,650.0,11554,2.5158,1.9589,953.1785888671875,4.933827877044678,948.2447609901428,5.10667085647583,0.22848910093307495,4.878181755542755,18.339060825871858,41.19896366373617,22.859902837864315,0.9191697120555631,0.9897091839363825,0.07053947188081944,ok,
p022_zero_control,p022,architecture_structured,,p022_zero_control,zero_control,lama,full_image,589824,0.0,0.0,768.0,768.0,0,0.0,0.0,0.0,0.0,0.0,0.0,0.0,0.0,inf,inf,,1.0,1.0,0.0,ok,
p022_zero_control,p022,architecture_structured,,p022_zero_control,zero_control,lama,content_region,459264,85.0,0.0,683.0,768.0,0,0.0,0.0,0.0,0.0,0.0,0.0,0.0,0.0,inf,inf,,1.0,1.0,0.0,ok,
p023_loss_large,p023,architecture_structured,,p023_loss_large,loss_large,lama,full_image,589824,0.0,0.0,768.0,768.0,45016,10.6572,7.6321,1189.257080078125,73.55387115478516,1115.7032089233398,8.551889419555664,1.4886491298675537,7.06324028968811,17.378046152559303,29.464748261983857,12.086702109424554,0.9466676775091329,0.9642799129573291,0.017612235448196123,ok,
p023_loss_large,p023,architecture_structured,,p023_loss_large,loss_large,lama,content_region,422400,109.0,0.0,659.0,768.0,45016,10.6572,7.6321,1660.6351318359375,102.70793914794922,1557.9271926879883,11.941547393798828,2.07869553565979,9.862851858139038,15.928061393961224,28.01476345752789,12.086702063566667,0.9252955335697756,0.9499656133703783,0.024670079800602762,ok,
p023_loss_large,p023,architecture_structured,,p023_loss_large,loss_large,lama,masked_region,45016,,,,,45016,10.6572,7.6321,15582.2890625,963.742431640625,14618.546630859375,112.05148315429688,19.50508689880371,92.54639625549316,6.204491043099597,18.29119380350655,12.086702760406954,,,,ok,
p023_loss_large,p023,architecture_structured,,p023_loss_large,loss_large,lama,mask_bbox_crop,86140,282.0,59.0,574.0,354.0,45016,10.6572,7.6321,8143.1669921875,503.643310546875,7639.523681640625,58.55711364746094,10.193185806274414,48.36392784118652,9.022870198928402,21.10957290896075,12.086702710032348,0.6253406603384147,0.7490665397826675,0.12372587944425273,ok,
p023_loss_small,p023,architecture_structured,,p023_loss_small,loss_small,lama,full_image,589824,0.0,0.0,768.0,768.0,20722,4.9058,3.5133,692.3877563476562,2.9061737060546875,689.4815826416016,4.415341854095459,0.21680082380771637,4.198541030287743,19.727309813261154,43.49758791743342,23.770278104172267,0.9686986697240298,0.9904125530604526,0.021713883336422768,ok,
p023_loss_small,p023,architecture_structured,,p023_loss_small,loss_small,lama,content_region,422400,109.0,0.0,659.0,768.0,20722,4.9058,3.5133,966.8252563476562,4.058075428009033,962.7671809196472,6.1654229164123535,0.30273279547691345,5.86269012093544,18.2773237392217,42.047602458039826,23.770278718818126,0.9561551219296148,0.9865705246912961,0.03041540276168131,ok,
p023_loss_small,p023,architecture_structured,,p023_loss_small,loss_small,lama,masked_region,20722,,,,,20722,4.9058,3.5133,19707.890625,82.72034454345703,19625.170280456543,125.67680358886719,6.170945644378662,119.50585794448853,5.184402175091412,28.95468026208341,23.770278086992,,,,ok,
p023_loss_small,p023,architecture_structured,,p023_loss_small,loss_small,lama,mask_bbox_crop,193581,208.0,84.0,619.0,555.0,20722,4.9058,3.5133,2109.6435546875,8.854851722717285,2100.7887029647827,13.453152656555176,0.6605727672576904,12.792579889297485,14.888712777547074,38.65899067678896,23.770277899241886,0.9034916786578487,0.9704399652687293,0.06694828661088059,ok,
p023_mixed_damage,p023,architecture_structured,,p023_mixed_damage,mixed_damage,lama,full_image,589824,0.0,0.0,768.0,768.0,42565,10.0769,7.2166,1342.9940185546875,21.17292022705078,1321.8210983276367,8.917797088623047,0.7847629189491272,8.13303416967392,16.850062824616508,34.872995996349616,18.022933171733108,0.932669336905648,0.9719429984165998,0.039273661510951796,ok,
p023_mixed_damage,p023,architecture_structured,,p023_mixed_damage,mixed_damage,lama,content_region,422400,109.0,0.0,659.0,768.0,42565,10.0769,7.2166,1875.30810546875,29.565101623535156,1845.7430038452148,12.452486991882324,1.0958143472671509,11.356672644615173,15.400077301309862,33.42300984738444,18.02293254607458,0.905901196841854,0.9607122397588759,0.05481104291702188,ok,
p023_mixed_damage,p023,architecture_structured,,p023_mixed_damage,mixed_damage,lama,masked_region,42565,,,,,42565,10.0769,7.2166,18609.89453125,293.39349365234375,18316.501037597656,123.57408142089844,10.87447452545166,112.69960689544678,5.43336449028166,23.456298822475432,18.02293433219377,,,,ok,
p023_mixed_damage,p023,architecture_structured,,p023_mixed_damage,mixed_damage,lama,mask_bbox_crop,423368,101.0,0.0,667.0,748.0,42565,10.0769,7.2166,1871.0205078125,29.497495651245117,1841.5230121612549,12.424015998840332,1.093308925628662,11.33070707321167,15.410018131428904,33.432952150935975,18.02293401950707,0.9059127225121367,0.9607933923098949,0.054880669797758186,ok,
p023_scratch_thin,p023,architecture_structured,,p023_scratch_thin,scratch_thin,lama,full_image,589824,0.0,0.0,768.0,768.0,7238,1.7135,1.2271,247.00059509277344,1.2699991464614868,245.73059594631195,1.5975935459136963,0.08508866280317307,1.5125048831105232,24.203823612714174,47.092769317916314,22.88894570520214,0.9661010978562,0.9959507401621225,0.029849642305922464,ok,
p023_scratch_thin,p023,architecture_structured,,p023_scratch_thin,scratch_thin,lama,content_region,422400,109.0,0.0,659.0,768.0,7238,1.7135,1.2271,344.9026184082031,1.7733806371688843,343.12923777103424,2.2308216094970703,0.11881470680236816,2.112006902694702,22.753838694407413,45.64278398600371,22.888945291596293,0.9528306636801883,0.9944152066249884,0.041584542944800074,ok,
p023_scratch_thin,p023,architecture_structured,,p023_scratch_thin,scratch_thin,lama,masked_region,7238,,,,,7238,1.7135,1.2271,20128.056640625,103.49212646484375,20024.564514160156,130.18775939941406,6.933867454528809,123.25389194488525,5.092785149904403,27.98173050330442,22.88894535340002,,,,ok,
p023_scratch_thin,p023,architecture_structured,,p023_scratch_thin,scratch_thin,lama,mask_bbox_crop,378585,101.0,0.0,638.0,705.0,7238,1.7135,1.2271,384.8194580078125,1.9786204099655151,382.840837597847,2.4890024662017822,0.13256555795669556,2.3564369082450867,22.27823337284431,45.167178762469675,22.888945389625366,0.9469697250137145,0.9936654773720188,0.046695752358304365,ok,
p023_zero_control,p023,architecture_structured,,p023_zero_control,zero_control,lama,full_image,589824,0.0,0.0,768.0,768.0,0,0.0,0.0,0.0,0.0,0.0,0.0,0.0,0.0,inf,inf,,1.0,1.0,0.0,ok,
p023_zero_control,p023,architecture_structured,,p023_zero_control,zero_control,lama,content_region,422400,109.0,0.0,659.0,768.0,0,0.0,0.0,0.0,0.0,0.0,0.0,0.0,0.0,inf,inf,,1.0,1.0,0.0,ok,
p024_loss_large,p024,architecture_structured,,p024_loss_large,loss_large,lama,full_image,589824,0.0,0.0,768.0,768.0,74607,16.2449,12.649,3711.138427734375,109.91426849365234,3601.2241592407227,20.424930572509766,2.584561347961426,17.84036922454834,12.435732067670546,27.720262869537237,15.28453080186669,0.9035655023262192,0.9359146671506099,0.03234916482439065,ok,
p024_loss_large,p024,architecture_structured,,p024_loss_large,loss_large,lama,content_region,459264,85.0,0.0,683.0,768.0,74607,16.2449,12.649,4766.1455078125,141.16082763671875,4624.984680175781,26.23134422302246,3.319302797317505,22.912041425704956,11.349130638823565,26.633661648707818,15.284531009884253,0.875873163467198,0.917511784406697,0.041638620939498994,ok,
p024_loss_large,p024,architecture_structured,,p024_loss_large,loss_large,lama,masked_region,74607,,,,,74607,16.2449,12.649,29339.31640625,868.9542236328125,28470.362182617188,161.4742889404297,20.432886123657227,141.04140281677246,3.456303701217938,18.74083462379325,15.284530922575314,,,,ok,
p024_loss_large,p024,architecture_structured,,p024_loss_large,loss_large,lama,mask_bbox_crop,128450,166.0,75.0,533.0,425.0,74607,16.2449,12.649,17041.017578125,504.71063232421875,16536.30694580078,93.788330078125,11.867935180664062,81.92039489746094,5.815848364366547,21.100379071128245,15.284530706761698,0.5491036488815647,0.7003578238178713,0.15125417493630655,ok,
p024_loss_small,p024,architecture_structured,,p024_loss_small,loss_small,lama,full_image,589824,0.0,0.0,768.0,768.0,14413,3.1383,2.4436,872.6917114257812,4.009476184844971,868.6822352409363,4.521747589111328,0.20739181339740753,4.314355775713921,18.722195096853532,42.09992722634475,23.377732129491214,0.9738842580403148,0.9906999374969487,0.01681567945663398,ok,
p024_loss_small,p024,architecture_structured,,p024_loss_small,loss_small,lama,content_region,459264,85.0,0.0,683.0,768.0,14413,3.1383,2.4436,1120.7813720703125,5.149293899536133,1115.6320781707764,5.807194232940674,0.26634934544563293,5.540844887495041,17.635594567150157,41.01332680673194,23.377732239581782,0.9663848051127033,0.9880293114403295,0.021644506327626156,ok,
p024_loss_small,p024,architecture_structured,,p024_loss_small,loss_small,lama,masked_region,14413,,,,,14413,3.1383,2.4436,35713.21484375,164.08001708984375,35549.134826660156,185.04373168945312,8.487106323242188,176.55662536621094,2.6025141445396827,25.980246682734194,23.37773253819451,,,,ok,
p024_loss_small,p024,architecture_structured,,p024_loss_small,loss_small,lama,mask_bbox_crop,193584,96.0,284.0,532.0,728.0,14413,3.1383,2.4436,2658.97265625,12.216326713562012,2646.756329536438,13.77714729309082,0.6318945288658142,13.145252764225006,13.883664896141166,37.26139721888326,23.377732322742094,0.9194863073460832,0.9713283131994178,0.05184200585333465,ok,
p024_mixed_damage,p024,architecture_structured,,p024_mixed_damage,mixed_damage,lama,full_image,589824,0.0,0.0,768.0,768.0,50443,10.9834,8.5522,3132.327880859375,37.6993293762207,3094.6285514831543,15.92428207397461,1.0554776191711426,14.868804454803467,13.172131447122432,32.36746736147455,19.19533591435212,0.8870427067124274,0.9632354764464469,0.07619276973401956,ok,
p024_mixed_damage,p024,architecture_structured,,p024_mixed_damage,mixed_damage,lama,content_region,459264,85.0,0.0,683.0,768.0,50443,10.9834,8.5522,4022.7880859375,48.416526794433594,3974.3715591430664,20.451250076293945,1.3555296659469604,19.095720410346985,12.085532056349582,31.280867291722284,19.195335235372703,0.857617101780872,0.953561824963634,0.09594472318276193,ok,
p024_mixed_damage,p024,architecture_structured,,p024_mixed_damage,mixed_damage,lama,masked_region,50443,,,,,50443,10.9834,8.5522,36625.9296875,440.8137512207031,36185.1159362793,186.20074462890625,12.341573715209961,173.8591709136963,2.4929170353231807,21.68825226961296,19.19533523428978,,,,ok,
p024_mixed_damage,p024,architecture_structured,,p024_mixed_damage,mixed_damage,lama,mask_bbox_crop,445440,77.0,0.0,657.0,768.0,50443,10.9834,8.5522,4147.63330078125,49.91910934448242,4097.714191436768,21.085952758789062,1.3975979089736938,19.68835484981537,11.952800081574246,31.148135327958514,19.195335246384268,0.8500462413151043,0.9511941342372695,0.1011478929221652,ok,
p024_scratch_thin,p024,architecture_structured,,p024_scratch_thin,scratch_thin,lama,full_image,589824,0.0,0.0,768.0,768.0,8821,1.9207,1.4955,532.20947265625,2.2737410068511963,529.9357316493988,2.7447690963745117,0.11832286417484283,2.626446232199669,20.869977606906332,44.563393665237484,23.693416058331152,0.9563424592495496,0.994236500952955,0.03789404170340538,ok,
p024_scratch_thin,p024,architecture_structured,,p024_scratch_thin,scratch_thin,lama,content_region,459264,85.0,0.0,683.0,768.0,8821,1.9207,1.4955,683.50634765625,2.9201221466064453,680.5862255096436,3.525054693222046,0.15195980668067932,3.3730948865413666,19.783378086951863,43.47679342814124,23.69341534118938,0.9439153150916223,0.992590773360639,0.04867545826901665,ok,
p024_scratch_thin,p024,architecture_structured,,p024_scratch_thin,scratch_thin,lama,masked_region,8821,,,,,8821,1.9207,1.4955,35586.66015625,152.03570556640625,35434.624450683594,183.5314178466797,7.911763668060303,175.61965417861938,2.6179312992428394,26.31134766939953,23.69341637015669,,,,ok,
p024_scratch_thin,p024,architecture_structured,,p024_scratch_thin,scratch_thin,lama,mask_bbox_crop,434688,77.0,0.0,643.0,768.0,8821,1.9207,1.4955,722.1500244140625,3.0852174758911133,719.0648069381714,3.724350929260254,0.16055117547512054,3.5637997537851334,19.544529306017907,43.23794578154872,23.69341647553081,0.9405945606217084,0.9921575245109852,0.051562963889276725,ok,
p024_zero_control,p024,architecture_structured,,p024_zero_control,zero_control,lama,full_image,589824,0.0,0.0,768.0,768.0,0,0.0,0.0,0.0,0.0,0.0,0.0,0.0,0.0,inf,inf,,1.0,1.0,0.0,ok,
p024_zero_control,p024,architecture_structured,,p024_zero_control,zero_control,lama,content_region,459264,85.0,0.0,683.0,768.0,0,0.0,0.0,0.0,0.0,0.0,0.0,0.0,0.0,inf,inf,,1.0,1.0,0.0,ok,
p025_loss_large,p025,architecture_structured,,p025_loss_large,loss_large,lama,full_image,589824,0.0,0.0,768.0,768.0,52108,10.6014,8.8345,1240.94873046875,60.768943786621094,1180.179786682129,9.692585945129395,1.5541415214538574,8.138444423675537,17.193265217821253,30.293986728442487,13.100721510621234,0.9488486151337994,0.9607066692360577,0.011858054102258375,ok,
p025_loss_large,p025,architecture_structured,,p025_loss_large,loss_large,lama,content_region,491520,0.0,64.0,768.0,704.0,52108,10.6014,8.8345,1489.1385498046875,72.9227294921875,1416.2158203125,11.631103515625,1.8649698495864868,9.766133666038513,16.401452543740444,29.502174449714996,13.100721905974552,0.9385215216592354,0.9527736308483851,0.014252109189149653,ok,
p025_loss_large,p025,architecture_structured,,p025_loss_large,loss_large,lama,masked_region,52108,,,,,52108,10.6014,8.8345,14046.6220703125,687.8594970703125,13358.762573242188,109.71290588378906,17.591732025146484,92.12117385864258,6.655084631466215,19.75580623037341,13.100721598907194,,,,ok,
p025_loss_large,p025,architecture_structured,,p025_loss_large,loss_large,lama,mask_bbox_crop,84632,206.0,158.0,490.0,456.0,52108,10.6014,8.8345,8648.5185546875,423.5157165527344,8225.002838134766,67.55033111572266,10.831245422363281,56.719085693359375,8.761386393713511,21.8621082935236,13.10072189981009,0.6341191397180053,0.7189386426024903,0.08481950288448503,ok,
p025_loss_small,p025,architecture_structured,,p025_loss_small,loss_small,lama,full_image,589824,0.0,0.0,768.0,768.0,22347,4.5465,3.7888,546.174072265625,11.697762489318848,534.4763097763062,4.137267589569092,0.38886401057243347,3.7484035789966583,20.757492812107255,37.44977561640691,16.692282804299655,0.965473481922338,0.9869301056001533,0.021456623677815312,ok,
p025_loss_small,p025,architecture_structured,,p025_loss_small,loss_small,lama,content_region,491520,0.0,64.0,768.0,704.0,22347,4.5465,3.7888,655.4088745117188,14.037315368652344,641.3715591430664,4.964721202850342,0.4666368365287781,4.498084366321564,19.96568043251862,36.657963037909376,16.692282605390755,0.9585028284303178,0.9842913887497109,0.02578856031939314,ok,
p025_loss_small,p025,architecture_structured,,p025_loss_small,loss_small,lama,masked_region,22347,,,,,22347,4.5465,3.7888,14415.6533203125,308.749267578125,14106.904052734375,109.19853210449219,10.263629913330078,98.93490219116211,6.5424603138425885,23.234744248419894,16.692283934577304,,,,ok,
p025_loss_small,p025,architecture_structured,,p025_loss_small,loss_small,lama,mask_bbox_crop,309876,179.0,98.0,706.0,686.0,22347,4.5465,3.7888,1039.598388671875,22.265745162963867,1017.3326435089111,7.874955177307129,0.7401713132858276,7.134783864021301,17.962147631742333,34.65443126716276,16.692283635420424,0.933884693186226,0.9749722785157253,0.0410875853294993,ok,
p025_mixed_damage,p025,architecture_structured,,p025_mixed_damage,mixed_damage,lama,full_image,589824,0.0,0.0,768.0,768.0,48712,9.9105,8.2587,1498.403076171875,19.604429244995117,1478.7986469268799,9.835853576660156,0.7543990612030029,9.081454515457153,16.374517049076303,35.207261579122445,18.832744530046142,0.9210609926507592,0.9750323787454224,0.05397138609466312,ok,
p025_mixed_damage,p025,architecture_structured,,p025_mixed_damage,mixed_damage,lama,content_region,491520,0.0,64.0,768.0,704.0,48712,9.9105,8.2587,1798.083740234375,23.525314331054688,1774.5584259033203,11.803024291992188,0.9052788615226746,10.897745430469513,15.582704470664584,34.415449259490394,18.83274478882581,0.9072431825095068,0.9707014055655345,0.06345822305602777,ok,
p025_mixed_damage,p025,architecture_structured,,p025_mixed_damage,mixed_damage,lama,masked_region,48712,,,,,48712,9.9105,8.2587,18143.25,237.37808227539062,17905.87191772461,119.09637451171875,9.134559631347656,109.9618148803711,5.543652760136521,24.376397439169256,18.832744679032736,,,,ok,
p025_mixed_damage,p025,architecture_structured,,p025_mixed_damage,mixed_damage,lama,mask_bbox_crop,486912,0.0,78.0,768.0,712.0,48712,9.9105,8.2587,1815.1002197265625,23.74795150756836,1791.3522682189941,11.91472339630127,0.9138461947441101,11.00087720155716,15.541797515108748,34.37454207426125,18.832744559152502,0.9042173191080863,0.9697048926815478,0.06548757357346147,ok,
p025_scratch_thin,p025,architecture_structured,,p025_scratch_thin,scratch_thin,lama,full_image,589824,0.0,0.0,768.0,768.0,9440,1.9206,1.6005,258.5321044921875,6.087726593017578,252.44437789916992,1.8240876197814941,0.1604207307100296,1.6636668890714645,24.005658794415954,40.28625221344897,16.280593419033014,0.9520326912415543,0.9934051024676306,0.04137241122607627,ok,
p025_scratch_thin,p025,architecture_structured,,p025_scratch_thin,scratch_thin,lama,content_region,491520,0.0,64.0,768.0,704.0,9440,1.9206,1.6005,310.238525390625,7.305272102355957,302.93325328826904,2.1889052391052246,0.1925048828125,1.9964003562927246,23.213846333939703,39.49443963958188,16.280593305642174,0.9473258325602133,0.9938936857975648,0.046567853237351464,ok,
p025_scratch_thin,p025,architecture_structured,,p025_scratch_thin,scratch_thin,lama,masked_region,9440,,,,,9440,1.9206,1.6005,16153.4345703125,380.3694152832031,15773.065155029297,113.97146606445312,10.02330493927002,103.9481611251831,6.048154839625005,22.328747719183628,16.280592879558622,,,,ok,
p025_scratch_thin,p025,architecture_structured,,p025_scratch_thin,scratch_thin,lama,mask_bbox_crop,445440,0.0,56.0,768.0,636.0,9440,1.9206,1.6005,342.33209228515625,8.060990333557129,334.2711019515991,2.4153435230255127,0.21241918206214905,2.2029243409633636,22.786327464246238,39.066919605047225,16.280592140800987,0.9363221441220637,0.9912451011852518,0.05492295706318806,ok,
p025_zero_control,p025,architecture_structured,,p025_zero_control,zero_control,lama,full_image,589824,0.0,0.0,768.0,768.0,0,0.0,0.0,0.0,0.0,0.0,0.0,0.0,0.0,inf,inf,,1.0,1.0,0.0,ok,
p025_zero_control,p025,architecture_structured,,p025_zero_control,zero_control,lama,content_region,491520,0.0,64.0,768.0,704.0,0,0.0,0.0,0.0,0.0,0.0,0.0,0.0,0.0,inf,inf,,1.0,1.0,0.0,ok,
p026_loss_large,p026,architecture_structured,,p026_loss_large,loss_large,lama,full_image,589824,0.0,0.0,768.0,768.0,44723,11.0081,7.5824,1341.3739013671875,56.593040466308594,1284.780860900879,9.434250831604004,1.4576325416564941,7.97661828994751,16.855305086936642,30.60317333794771,13.747868251011067,0.951691954705875,0.9563592606448502,0.004667305938975241,ok,
p026_loss_large,p026,architecture_structured,,p026_loss_large,loss_large,lama,content_region,406272,0.0,119.0,768.0,648.0,44723,11.0081,7.5824,1947.4013671875,82.16152954101562,1865.2398376464844,13.696606636047363,2.116184949874878,11.580421686172485,15.23624890297873,28.98411845261165,13.74786954963292,0.9296161940456532,0.9364163606336061,0.006800166587952905,ok,
p026_loss_large,p026,architecture_structured,,p026_loss_large,loss_large,lama,masked_region,44723,,,,,44723,11.0081,7.5824,17690.5546875,746.3705444335938,16944.184143066406,124.4225082397461,19.223814010620117,105.19869422912598,5.6533891043734394,19.401258692537628,13.747869588164189,,,,ok,
p026_loss_large,p026,architecture_structured,,p026_loss_large,loss_large,lama,mask_bbox_crop,72371,272.0,164.0,519.0,457.0,44723,11.0081,7.5824,10932.2041015625,461.2336730957031,10470.970428466797,76.88919067382812,11.879712104797363,65.00947856903076,7.743726296004073,21.49159354730475,13.747867251300676,0.5944630148514988,0.6336441733466567,0.03918115849515791,ok,
p026_loss_small,p026,architecture_structured,,p026_loss_small,loss_small,lama,full_image,589824,0.0,0.0,768.0,768.0,13631,3.3551,2.311,478.3010559082031,3.1990039348602295,475.1020519733429,3.2144346237182617,0.18406960368156433,3.0303650200366974,21.333790212365905,43.080655865896695,21.74686565353079,0.9785549373209218,0.9910981189736788,0.01254318165275703,ok,
p026_loss_small,p026,architecture_structured,,p026_loss_small,loss_small,lama,content_region,406272,0.0,119.0,768.0,648.0,13631,3.3551,2.311,694.3955078125,4.64430046081543,689.7512073516846,4.666702747344971,0.26723146438598633,4.399471282958984,19.71473458230802,41.46160052416978,21.746865941861763,0.9687549947199665,0.9870301465735051,0.018275151853538563,ok,
p026_loss_small,p026,architecture_structured,,p026_loss_small,loss_small,lama,masked_region,13631,,,,,13631,3.3551,2.311,20696.4609375,138.42340087890625,20558.037536621094,139.09109497070312,7.964835166931152,131.12625980377197,4.971842727404258,26.718708457941318,21.74686573053706,,,,ok,
p026_loss_small,p026,architecture_structured,,p026_loss_small,loss_small,lama,mask_bbox_crop,149037,252.0,215.0,705.0,544.0,13631,3.3551,2.311,1892.908935546875,12.660274505615234,1880.2486610412598,12.721342086791992,0.7284678816795349,11.992874205112457,15.359506395299906,37.106372385213696,21.74686598991379,0.9137563323828543,0.9642001107718645,0.05044377838901026,ok,
p026_mixed_damage,p026,architecture_structured,,p026_mixed_damage,mixed_damage,lama,full_image,589824,0.0,0.0,768.0,768.0,41381,10.1855,7.0158,2093.439453125,36.341365814208984,2057.098087310791,11.854564666748047,1.1645394563674927,10.690025210380554,14.9221995621098,32.52679115539602,17.60459159328622,0.8988608313766671,0.9463509881394687,0.04749015676280166,ok,
p026_mixed_damage,p026,architecture_structured,,p026_mixed_damage,mixed_damage,lama,content_region,406272,0.0,119.0,768.0,648.0,41381,10.1855,7.0158,3039.246826171875,52.76026153564453,2986.4865646362305,17.210403442382812,1.690673589706421,15.519729852676392,13.303143890237372,30.907734211655743,17.60459032141837,0.8676445806479006,0.926691863168705,0.05904728252080438,ok,
p026_mixed_damage,p026,architecture_structured,,p026_mixed_damage,mixed_damage,lama,masked_region,41381,,,,,41381,10.1855,7.0158,29838.830078125,517.99169921875,29320.83837890625,168.9690704345703,16.5987606048584,152.3703098297119,3.382985695664433,20.987575606060304,17.60458991039587,,,,ok,
p026_mixed_damage,p026,architecture_structured,,p026_mixed_damage,mixed_damage,lama,mask_bbox_crop,418560,0.0,111.0,768.0,656.0,41381,10.1855,7.0158,2950.02001953125,51.21132278442383,2898.808696746826,16.705154418945312,1.6410391330718994,15.064115285873413,13.432553976550182,31.03714367096459,17.604589694414408,0.8570166113339895,0.9241548292435531,0.06713821790956354,ok,
p026_scratch_thin,p026,architecture_structured,,p026_scratch_thin,scratch_thin,lama,full_image,589824,0.0,0.0,768.0,768.0,6537,1.609,1.1083,233.85777282714844,2.205294609069824,231.6524782180786,1.5242360830307007,0.10512571036815643,1.4191103726625443,24.441285515588632,44.696137450474424,20.254851934885792,0.9666979619866121,0.9949379595190423,0.028239997532430228,ok,
p026_scratch_thin,p026,architecture_structured,,p026_scratch_thin,scratch_thin,lama,content_region,406272,0.0,119.0,768.0,648.0,6537,1.609,1.1083,339.51373291015625,3.2016375064849854,336.31209540367126,2.2128796577453613,0.1526210755109787,2.0602585822343826,22.822230152219966,43.077082018808554,20.254851866588588,0.9529615399858021,0.9928915738214038,0.039930033835601675,ok,
p026_scratch_thin,p026,architecture_structured,,p026_scratch_thin,scratch_thin,lama,masked_region,6537,,,,,6537,1.609,1.1083,21100.646484375,198.9805145263672,20901.665969848633,137.52960205078125,9.485340118408203,128.04426193237305,4.887845993950705,25.142698113326304,20.2548521193756,,,,ok,
p026_scratch_thin,p026,architecture_structured,,p026_scratch_thin,scratch_thin,lama,mask_bbox_crop,274645,103.0,111.0,768.0,524.0,6537,1.609,1.1083,502.2300720214844,4.7360615730285645,497.4940104484558,3.2734293937683105,0.2257665991783142,3.0476627945899963,21.12177647469138,41.37663020900363,20.25485373431225,0.9279056997228105,0.9890413834041407,0.061135683681330266,ok,
p026_zero_control,p026,architecture_structured,,p026_zero_control,zero_control,lama,full_image,589824,0.0,0.0,768.0,768.0,0,0.0,0.0,0.0,0.0,0.0,0.0,0.0,0.0,inf,inf,,1.0,1.0,0.0,ok,
p026_zero_control,p026,architecture_structured,,p026_zero_control,zero_control,lama,content_region,406272,0.0,119.0,768.0,648.0,0,0.0,0.0,0.0,0.0,0.0,0.0,0.0,0.0,inf,inf,,1.0,1.0,0.0,ok,
p027_loss_large,p027,architecture_structured,,p027_loss_large,loss_large,lama,full_image,589824,0.0,0.0,768.0,768.0,73593,15.9441,12.4771,3383.830322265625,96.39690399169922,3287.433418273926,19.605321884155273,2.508309841156006,17.097012042999268,12.836717830822653,28.290172751073293,15.453454920250639,0.9055683887476436,0.927750615838407,0.02218222709076345,ok,
p027_loss_large,p027,architecture_structured,,p027_loss_large,loss_large,lama,content_region,461568,0.0,83.0,768.0,684.0,73593,15.9441,12.4771,4324.09521484375,123.18275451660156,4200.912460327148,25.05306625366211,3.205294370651245,21.847771883010864,11.771851124909015,27.22530449650895,15.453453371599936,0.8790640541608474,0.9074722172585984,0.02840816309775096,ok,
p027_loss_large,p027,architecture_structured,,p027_loss_large,loss_large,lama,masked_region,73593,,,,,73593,15.9441,12.4771,27120.30078125,772.5902099609375,26347.710571289062,157.13031005859375,20.103288650512695,137.02702140808105,3.797858590463079,19.251311602779552,15.453453012316473,,,,ok,
p027_loss_large,p027,architecture_structured,,p027_loss_large,loss_large,lama,mask_bbox_crop,127795,170.0,201.0,475.0,620.0,73593,15.9441,12.4771,15617.7021484375,444.9095458984375,15172.792602539062,90.48625946044922,11.57683277130127,78.90942668914795,6.194632249031078,21.648086368763483,15.453454119732406,0.5559763498666638,0.6602786413377539,0.10430229147109016,ok,
p027_loss_small,p027,architecture_structured,,p027_loss_small,loss_small,lama,full_image,589824,0.0,0.0,768.0,768.0,15848,3.4335,2.6869,842.1422119140625,11.966265678405762,830.1759462356567,4.573031902313232,0.36202043294906616,4.211011469364166,18.87694924196757,37.35121719926257,18.474267957295,0.9711897183752952,0.9856349445280906,0.01444522615279542,ok,
p027_loss_small,p027,architecture_structured,,p027_loss_small,loss_small,lama,content_region,461568,0.0,83.0,768.0,684.0,15848,3.4335,2.6869,1076.1485595703125,15.291338920593262,1060.8572206497192,5.843741416931152,0.46261510252952576,5.381126314401627,17.812081321508288,36.286348466546116,18.474267145037828,0.9631034712638233,0.9816030718158072,0.018499600551983852,ok,
p027_loss_small,p027,architecture_structured,,p027_loss_small,loss_small,lama,masked_region,15848,,,,,15848,3.4335,2.6869,31342.484375,445.3553466796875,30897.129028320312,170.19712829589844,13.473519325256348,156.7236089706421,3.1694694283902045,21.643736902955688,18.474267474565483,,,,ok,
p027_loss_small,p027,architecture_structured,,p027_loss_small,loss_small,lama,mask_bbox_crop,163155,200.0,215.0,565.0,662.0,15848,3.4335,2.6869,3044.440673828125,43.25941848754883,3001.181255340576,16.532033920288086,1.308745265007019,15.223288655281067,13.295728453711494,31.769996837062642,18.47426838335115,0.8943366420726789,0.9473153363182494,0.052978694245570446,ok,
p027_mixed_damage,p027,architecture_structured,,p027_mixed_damage,mixed_damage,lama,full_image,589824,0.0,0.0,768.0,768.0,44664,9.6766,7.5724,1812.7352294921875,42.33937454223633,1770.3958549499512,11.095619201660156,1.1658172607421875,9.929801940917969,15.54745985767317,31.863359227457302,16.315899369784134,0.8988931568015587,0.9583878553097818,0.05949469850822309,ok,
p027_mixed_damage,p027,architecture_structured,,p027_mixed_damage,mixed_damage,lama,content_region,461568,0.0,83.0,768.0,684.0,44664,9.6766,7.5724,2316.440185546875,54.10422897338867,2262.3359565734863,14.17875862121582,1.4897631406784058,12.688995480537415,14.48259270411324,30.79849148478038,16.31589878066714,0.8725912625215729,0.947444117587818,0.07485285506624506,ok,
p027_mixed_damage,p027,architecture_structured,,p027_mixed_damage,mixed_damage,lama,masked_region,44664,,,,,44664,9.6766,7.5724,23938.625,559.1255493164062,23379.499450683594,146.5265655517578,15.395553588867188,131.13101196289062,4.33981159328101,20.65571023011647,16.31589863683546,,,,ok,
p027_mixed_damage,p027,architecture_structured,,p027_mixed_damage,mixed_damage,lama,mask_bbox_crop,439304,0.0,75.0,712.0,692.0,44664,9.6766,7.5724,2433.837646484375,56.846248626708984,2376.991397857666,14.897343635559082,1.5652645826339722,13.33207905292511,14.267887564018116,30.583785506739794,16.315897942721676,0.8639042440477093,0.9439876064838049,0.0800833624360956,ok,
p027_scratch_thin,p027,architecture_structured,,p027_scratch_thin,scratch_thin,lama,full_image,589824,0.0,0.0,768.0,768.0,9175,1.9878,1.5555,484.014404296875,4.840776443481445,479.17362785339355,2.6641671657562256,0.17498214542865753,2.489185020327568,21.282220744020876,41.2816533433201,19.999432599299226,0.954243498012142,0.9924341146334646,0.038190616621322615,ok,
p027_scratch_thin,p027,architecture_structured,,p027_scratch_thin,scratch_thin,lama,content_region,461568,0.0,83.0,768.0,684.0,9175,1.9878,1.5555,618.5076293945312,6.18588399887085,612.3217453956604,3.4044597148895264,0.2236044704914093,3.180855244398117,20.21735299775027,40.21678589255494,19.999432894804666,0.9453103104401138,0.9918700789257976,0.04655976848568377,ok,
p027_scratch_thin,p027,architecture_structured,,p027_scratch_thin,scratch_thin,lama,masked_region,9175,,,,,9175,1.9878,1.5555,31115.349609375,311.1941223144531,30804.155487060547,171.2686309814453,11.2489013671875,160.0197296142578,3.201056758247989,23.200489752189796,19.999432993941806,,,,ok,
p027_scratch_thin,p027,architecture_structured,,p027_scratch_thin,scratch_thin,lama,mask_bbox_crop,473856,0.0,75.0,768.0,692.0,9175,1.9878,1.5555,602.4685668945312,6.0254716873168945,596.4430952072144,3.3161754608154297,0.21780596673488617,3.0983694940805435,20.33145967845679,40.33089310752855,19.999433429071765,0.9429354263261084,0.9905643131762685,0.04762888685016009,ok,
p027_zero_control,p027,architecture_structured,,p027_zero_control,zero_control,lama,full_image,589824,0.0,0.0,768.0,768.0,0,0.0,0.0,0.0,0.0,0.0,0.0,0.0,0.0,inf,inf,,1.0,1.0,0.0,ok,
p027_zero_control,p027,architecture_structured,,p027_zero_control,zero_control,lama,content_region,461568,0.0,83.0,768.0,684.0,0,0.0,0.0,0.0,0.0,0.0,0.0,0.0,0.0,inf,inf,,1.0,1.0,0.0,ok,
p028_loss_large,p028,architecture_structured,,p028_loss_large,loss_large,lama,full_image,589824,0.0,0.0,768.0,768.0,60196,14.7609,10.2058,1881.3055419921875,28.084640502929688,1853.2209014892578,13.13686752319336,1.2348226308822632,11.902044892311096,15.386210260165589,33.646114918009566,18.259904657843975,0.9294758695003376,0.9466172706950697,0.017141401194732175,ok,
p028_loss_large,p028,architecture_structured,,p028_loss_large,loss_large,lama,content_region,407808,0.0,118.0,768.0,649.0,60196,14.7609,10.2058,2720.984619140625,40.61961364746094,2680.365005493164,19.000215530395508,1.7859580516815186,17.21425747871399,13.783542740095907,32.04344572561647,18.259902985520565,0.8976392620176324,0.9225187814659871,0.024879519448354648,ok,
p028_loss_large,p028,architecture_structured,,p028_loss_large,loss_large,lama,masked_region,60196,,,,,60196,14.7609,10.2058,18433.771484375,275.18438720703125,18158.58709716797,128.7201690673828,12.099275588989258,116.62089347839355,5.474661614446379,23.734565706292173,18.259904091845794,,,,ok,
p028_loss_large,p028,architecture_structured,,p028_loss_large,loss_large,lama,mask_bbox_crop,108675,237.0,269.0,582.0,584.0,60196,14.7609,10.2058,10210.619140625,152.42697143554688,10058.192169189453,71.29918670654297,6.70189094543457,64.5972957611084,8.040282836973095,26.30018540129225,18.259902564319155,0.6090785459819142,0.7040948394332048,0.09501629345129059,ok,
p028_loss_small,p028,architecture_structured,,p028_loss_small,loss_small,lama,full_image,589824,0.0,0.0,768.0,768.0,19573,4.7996,3.3184,437.60638427734375,3.254796266555786,434.35158801078796,3.495303153991699,0.21375924348831177,3.2815439105033875,21.71996711536604,43.00556551705558,21.28559840168954,0.9738099341268157,0.9908727640374497,0.017062829910634014,ok,
p028_loss_small,p028,architecture_structured,,p028_loss_small,loss_small,lama,content_region,407808,0.0,118.0,768.0,649.0,19573,4.7996,3.3184,632.922119140625,4.7075018882751465,628.2146172523499,5.05535364151001,0.30916592478752136,4.746187716722488,20.117300873566464,41.40289857974786,21.2855977061814,0.9619869901040641,0.9867524689457842,0.02476547884172009,ok,
p028_loss_small,p028,architecture_structured,,p028_loss_small,loss_small,lama,masked_region,19573,,,,,19573,4.7996,3.3184,13187.0810546875,98.08190155029297,13088.999153137207,105.3294677734375,6.4415435791015625,98.88792419433594,6.929316852708861,28.214914837833554,21.285597985124692,,,,ok,
p028_loss_small,p028,architecture_structured,,p028_loss_small,loss_small,lama,mask_bbox_crop,310097,82.0,126.0,711.0,619.0,19573,4.7996,3.3184,832.354736328125,6.190827369689941,826.1639089584351,6.64828634262085,0.4065835177898407,6.241702824831009,18.927719057355933,40.21331666923872,21.28559761188279,0.949877869193347,0.9825324412304552,0.0326545720371082,ok,
p028_mixed_damage,p028,architecture_structured,,p028_mixed_damage,mixed_damage,lama,full_image,589824,0.0,0.0,768.0,768.0,41078,10.0729,6.9645,1720.744384765625,19.05978775024414,1701.6845970153809,10.566290855407715,0.8222972750663757,9.743993580341339,15.77363999855147,35.32962300841101,19.555983009859542,0.9164216372787348,0.9622021424494697,0.04578050517073484,ok,
p028_mixed_damage,p028,architecture_structured,,p028_mixed_damage,mixed_damage,lama,content_region,407808,0.0,118.0,768.0,649.0,41078,10.0729,6.9645,2488.76025390625,27.566701889038086,2461.193552017212,15.282316207885742,1.1893112659454346,14.093004941940308,14.170972984981487,33.72695551130367,19.555982526322182,0.8795619593090978,0.9453261995391306,0.0657642402300328,ok,
p028_mixed_damage,p028,architecture_structured,,p028_mixed_damage,mixed_damage,lama,masked_region,41078,,,,,41078,10.0729,6.9645,24707.541015625,273.67254638671875,24433.86846923828,151.71751403808594,11.807065963745117,139.91044807434082,4.20250835882067,23.758491277645646,19.555982918824977,,,,ok,
p028_mixed_damage,p028,architecture_structured,,p028_mixed_damage,mixed_damage,lama,mask_bbox_crop,420096,0.0,110.0,768.0,657.0,41078,10.0729,6.9645,2415.963134765625,26.76036262512207,2389.202772140503,14.835307121276855,1.1545233726501465,13.680783748626709,14.299900577772656,33.855883666815984,19.55598308904333,0.8822796443741144,0.9467616128401034,0.06448196846598897,ok,
p028_scratch_thin,p028,architecture_structured,,p028_scratch_thin,scratch_thin,lama,full_image,589824,0.0,0.0,768.0,768.0,9493,2.3278,1.6095,399.02642822265625,2.9097352027893066,396.11669301986694,2.4217166900634766,0.13168618083000183,2.2900305092334747,22.120787001406462,43.49226892569285,21.371481924286385,0.9502245048246282,0.9942866126929801,0.04406210786835196,ok,
p028_scratch_thin,p028,architecture_structured,,p028_scratch_thin,scratch_thin,lama,content_region,407808,0.0,118.0,768.0,649.0,9493,2.3278,1.6095,577.123046875,4.208430767059326,572.9146161079407,3.502595901489258,0.19046136736869812,3.3121345341205597,20.518119430645633,41.88960173880507,21.371482308159436,0.9326288673223896,0.9925875364880202,0.05995866916563064,ok,
p028_scratch_thin,p028,architecture_structured,,p028_scratch_thin,scratch_thin,lama,masked_region,9493,,,,,9493,2.3278,1.6095,24792.517578125,180.7891845703125,24611.728393554688,150.4673614501953,8.18199348449707,142.28536796569824,4.187597310435362,25.55907914938343,21.371481838948068,,,,ok,
p028_scratch_thin,p028,architecture_structured,,p028_scratch_thin,scratch_thin,lama,mask_bbox_crop,420096,0.0,110.0,768.0,657.0,9493,2.3278,1.6095,560.2418212890625,4.085331916809082,556.1564893722534,3.4001433849334717,0.1848902851343155,3.215253099799156,20.647048356785817,42.01853013883763,21.371481782051816,0.9298910770357981,0.991952678136878,0.062061601101079944,ok,
p028_zero_control,p028,architecture_structured,,p028_zero_control,zero_control,lama,full_image,589824,0.0,0.0,768.0,768.0,0,0.0,0.0,0.0,0.0,0.0,0.0,0.0,0.0,inf,inf,,1.0,1.0,0.0,ok,
p028_zero_control,p028,architecture_structured,,p028_zero_control,zero_control,lama,content_region,407808,0.0,118.0,768.0,649.0,0,0.0,0.0,0.0,0.0,0.0,0.0,0.0,0.0,inf,inf,,1.0,1.0,0.0,ok,
p029_loss_large,p029,architecture_structured,,p029_loss_large,loss_large,lama,full_image,589824,0.0,0.0,768.0,768.0,39135,10.2118,6.635,1689.669677734375,33.21852493286133,1656.4511528015137,10.428810119628906,1.0869948863983154,9.34181523323059,15.852785504310924,32.91700017151745,17.064214667206528,0.9423210514929578,0.9575167171330273,0.015195665640069578,ok,
p029_loss_large,p029,architecture_structured,,p029_loss_large,loss_large,lama,content_region,383232,0.0,134.0,768.0,633.0,39135,10.2118,6.635,2600.533447265625,51.12588119506836,2549.4075660705566,16.05075454711914,1.6729700565338135,14.377784490585327,13.980179169583742,31.04439554378525,17.064216374201507,0.9108491708674116,0.9343361834794456,0.02348701261203401,ok,
p029_loss_large,p029,architecture_structured,,p029_loss_large,loss_large,lama,masked_region,39135,,,,,39135,10.2118,6.635,25465.892578125,500.6535949707031,24965.238983154297,157.1780548095703,16.382667541503906,140.7953872680664,4.071214580913952,21.135430218798813,17.06421563788486,,,,ok,
p029_loss_large,p029,architecture_structured,,p029_loss_large,loss_large,lama,mask_bbox_crop,78624,355.0,264.0,628.0,552.0,39135,10.2118,6.635,12675.62109375,249.19970703125,12426.42138671875,78.23518371582031,8.154452323913574,70.08073139190674,7.101111123118611,24.16532833453757,17.06421721141896,0.5551978195218327,0.6723820849335854,0.11718426541175275,ok,
p029_loss_small,p029,architecture_structured,,p029_loss_small,loss_small,lama,full_image,589824,0.0,0.0,768.0,768.0,15394,4.0169,2.6099,633.8110961914062,8.658875465393066,625.1522207260132,3.9691500663757324,0.3294999897480011,3.6396500766277313,20.11120522712092,38.75618867336269,18.644983446241774,0.9725009803634813,0.987295368768423,0.014794388404941738,ok,
p029_loss_small,p029,architecture_structured,,p029_loss_small,loss_small,lama,content_region,383232,0.0,134.0,768.0,633.0,15394,4.0169,2.6099,975.484619140625,13.326685905456543,962.1579332351685,6.108832359313965,0.5071262121200562,5.601706147193909,18.238599347796235,36.88358198844925,18.644982640653016,0.9574964442940624,0.9803632271836477,0.022866782889585213,ok,
p029_loss_small,p029,architecture_structured,,p029_loss_small,loss_small,lama,masked_region,15394,,,,,15394,4.0169,2.6099,24284.58984375,331.76641845703125,23952.82342529297,152.0787353515625,12.62485408782959,139.4538812637329,4.277495880434278,22.922479364336183,18.644983483901903,,,,ok,
p029_loss_small,p029,architecture_structured,,p029_loss_small,loss_small,lama,mask_bbox_crop,145211,117.0,275.0,590.0,582.0,15394,4.0169,2.6099,2574.439697265625,35.17097473144531,2539.2687225341797,16.12205696105957,1.338376522064209,14.783680438995361,14.023976373407036,32.66895956309227,18.644983189685234,0.8864090379831199,0.9475206279082006,0.0611115899250807,ok,
p029_mixed_damage,p029,architecture_structured,,p029_mixed_damage,mixed_damage,lama,full_image,589824,0.0,0.0,768.0,768.0,41221,10.7561,6.9887,1547.4342041015625,32.794124603271484,1514.640079498291,10.111202239990234,1.0006775856018066,9.110524654388428,16.23468168702802,32.972843184044514,16.738161497016495,0.9186765124913636,0.9637516125877168,0.04507510009635318,ok,
p029_mixed_damage,p029,architecture_structured,,p029_mixed_damage,mixed_damage,lama,content_region,383232,0.0,134.0,768.0,633.0,41221,10.7561,6.9887,2381.62158203125,50.47273254394531,2331.1488494873047,15.561941146850586,1.540121078491211,14.021820068359375,14.362076036755758,31.100235432229454,16.738159395473694,0.8757569792795334,0.9448719766407138,0.06911499736118032,ok,
p029_mixed_damage,p029,architecture_structured,,p029_mixed_damage,mixed_damage,lama,masked_region,41221,,,,,41221,10.7561,6.9887,22141.958984375,469.24542236328125,21672.71356201172,144.67945861816406,14.31851863861084,130.36093997955322,4.678643189201762,21.416803162331604,16.738159973129843,,,,ok,
p029_mixed_damage,p029,architecture_structured,,p029_mixed_damage,mixed_damage,lama,mask_bbox_crop,329770,0.0,126.0,673.0,616.0,41221,10.7561,6.9887,2767.728271484375,58.65533447265625,2709.0729370117188,18.084827423095703,1.7898039817810059,16.295023441314697,13.709569109168939,30.447728452401233,16.738159343232294,0.8537301749508569,0.9348030261916015,0.08107285124074459,ok,
p029_scratch_thin,p029,architecture_structured,,p029_scratch_thin,scratch_thin,lama,full_image,589824,0.0,0.0,768.0,768.0,9847,2.5695,1.6695,344.2734375,3.34033203125,340.93310546875,2.3249969482421875,0.1549343466758728,2.1700626015663147,22.761768449660064,42.89290722747154,20.131138777811476,0.9498146263625048,0.9927349805937267,0.04292035423122187,ok,
p029_scratch_thin,p029,architecture_structured,,p029_scratch_thin,scratch_thin,lama,content_region,383232,0.0,134.0,768.0,633.0,9847,2.5695,1.6695,529.8637084960938,5.1410322189331055,524.7226762771606,3.5783519744873047,0.23845608532428741,3.3398958891630173,20.8891618609718,41.020300352617184,20.131138491645384,0.9284434077807443,0.9906689833046984,0.062225575523954135,ok,
p029_scratch_thin,p029,architecture_structured,,p029_scratch_thin,scratch_thin,lama,masked_region,9847,,,,,9847,2.5695,1.6695,20621.583984375,200.08206176757812,20421.501922607422,139.2646484375,9.280389785766602,129.9842586517334,4.987583396268756,25.11872206887224,20.131138672603484,,,,ok,
p029_scratch_thin,p029,architecture_structured,,p029_scratch_thin,scratch_thin,lama,mask_bbox_crop,321024,0.0,126.0,768.0,544.0,9847,2.5695,1.6695,632.5406494140625,6.137260913848877,626.4033885002136,4.271764755249023,0.2846640646457672,3.9871006906032562,20.119919207450224,40.25105773996536,20.131138532515138,0.9071814206024967,0.9865632408068437,0.07938182020434692,ok,
p029_zero_control,p029,architecture_structured,,p029_zero_control,zero_control,lama,full_image,589824,0.0,0.0,768.0,768.0,0,0.0,0.0,0.0,0.0,0.0,0.0,0.0,0.0,inf,inf,,1.0,1.0,0.0,ok,
p029_zero_control,p029,architecture_structured,,p029_zero_control,zero_control,lama,content_region,383232,0.0,134.0,768.0,633.0,0,0.0,0.0,0.0,0.0,0.0,0.0,0.0,0.0,inf,inf,,1.0,1.0,0.0,ok,
p030_loss_large,p030,architecture_structured,,p030_loss_large,loss_large,lama,full_image,589824,0.0,0.0,768.0,768.0,49329,12.7189,8.3633,2583.24853515625,46.590274810791016,2536.658260345459,14.502615928649902,1.3053091764450073,13.197306752204895,14.00914169075389,31.447850887442627,17.438709196688738,0.9329499367240638,0.9610147490078272,0.02806481228376345,ok,
p030_loss_large,p030,architecture_structured,,p030_loss_large,loss_large,lama,content_region,387840,0.0,131.0,768.0,636.0,49329,12.7189,8.3633,3928.58349609375,70.8541259765625,3857.7293701171875,22.055461883544922,1.9851038455963135,20.07035803794861,12.188443730172814,29.62715215717319,17.438708427000375,0.8976109254183097,0.9404674123125538,0.04285648689424415,ok,
p030_loss_large,p030,architecture_structured,,p030_loss_large,loss_large,lama,masked_region,49329,,,,,49329,12.7189,8.3633,30887.75390625,557.0771484375,30330.6767578125,173.4069061279297,15.607505798339844,157.79940032958984,3.2329403241714108,20.671650170037708,17.4387098458663,,,,ok,
p030_loss_large,p030,architecture_structured,,p030_loss_large,loss_large,lama,mask_bbox_crop,93016,245.0,208.0,547.0,516.0,49329,12.7189,8.3633,16380.64453125,295.4337463378906,16085.21078491211,91.96256256103516,8.277099609375,83.68546295166016,5.9874937486852495,23.426202591565158,17.438708842879908,0.564477616108911,0.7467720592771284,0.1822944431682174,ok,
p030_loss_small,p030,architecture_structured,,p030_loss_small,loss_small,lama,full_image,589824,0.0,0.0,768.0,768.0,14901,3.842,2.5263,799.87646484375,19.308170318603516,780.5682945251465,4.406664848327637,0.3775804340839386,4.029084414243698,19.10057442350272,35.27339239764998,16.172817974147257,0.971661219892383,0.9892938118868404,0.017632591994457436,ok,
p030_loss_small,p030,architecture_structured,,p030_loss_small,loss_small,lama,content_region,387840,0.0,131.0,768.0,636.0,14901,3.842,2.5263,1216.4456787109375,29.36371421813965,1187.0819644927979,6.701621055603027,0.5742213129997253,6.127399742603302,17.279876409120703,33.452693722117516,16.172817312996813,0.9567251494148211,0.9836510714584613,0.026925922043640194,ok,
p030_loss_small,p030,architecture_structured,,p030_loss_small,loss_small,lama,masked_region,14901,,,,,14901,3.842,2.5263,31661.390625,764.2722778320312,30897.11834716797,174.4283447265625,14.945708274841309,159.4826364517212,3.125503749309408,19.298322540016677,16.172818790707268,,,,ok,
p030_loss_small,p030,architecture_structured,,p030_loss_small,loss_small,lama,mask_bbox_crop,152000,139.0,231.0,639.0,535.0,14901,3.842,2.5263,3103.857666015625,74.92381286621094,3028.933853149414,17.099714279174805,1.4651710987091064,15.634543180465698,13.2117856332084,29.384604903945494,16.172819270737094,0.8882241757682312,0.95777189433757,0.06954771856933883,ok,
p030_mixed_damage,p030,architecture_structured,,p030_mixed_damage,mixed_damage,lama,full_image,589824,0.0,0.0,768.0,768.0,46497,11.9887,7.8832,2486.15625,23.351350784301758,2462.8048992156982,13.795950889587402,0.8626918196678162,12.933259069919586,14.175519411558621,34.44768353002147,20.27216411846285,0.9025743690525531,0.9728892313748503,0.07031486232229722,ok,
p030_mixed_damage,p030,architecture_structured,,p030_mixed_damage,mixed_damage,lama,content_region,387840,0.0,131.0,768.0,636.0,46497,11.9887,7.8832,3780.927734375,35.512542724609375,3745.4151916503906,20.98076820373535,1.3119748830795288,19.668793320655823,12.35481984182999,32.62698591643404,20.272166074604048,0.8534266273043736,0.959308159136696,0.1058815318323224,ok,
p030_mixed_damage,p030,architecture_structured,,p030_mixed_damage,mixed_damage,lama,masked_region,46497,,,,,46497,11.9887,7.8832,31537.41796875,296.2166442871094,31241.20132446289,175.0044403076172,10.9434232711792,164.061017036438,3.1425422697416354,23.41470903175093,20.272166762009295,,,,ok,
p030_mixed_damage,p030,architecture_structured,,p030_mixed_damage,mixed_damage,lama,mask_bbox_crop,400128,0.0,123.0,768.0,644.0,46497,11.9887,7.8832,3664.81591796875,34.42193603515625,3630.3939819335938,20.336441040039062,1.271683931350708,19.064757108688354,12.49028195756569,32.76245067632344,20.272168718757747,0.855847901394263,0.9598865908886136,0.10403868949435058,ok,
p030_scratch_thin,p030,architecture_structured,,p030_scratch_thin,scratch_thin,lama,full_image,589824,0.0,0.0,768.0,768.0,11225,2.8942,1.9031,676.5897827148438,1.7538853883743286,674.8358973264694,3.541877508163452,0.12792685627937317,3.413950651884079,19.827549257134176,45.69079150870324,25.863242251569066,0.9269296941031971,0.9930616497020175,0.06613195559882035,ok,
p030_scratch_thin,p030,architecture_structured,,p030_scratch_thin,scratch_thin,lama,content_region,387840,0.0,131.0,768.0,636.0,11225,2.8942,1.9031,1028.952392578125,2.667294979095459,1026.2850975990295,5.3864593505859375,0.19455015659332275,5.191909193992615,18.00685079515506,43.870093134159866,25.863242339004806,0.8957657046303561,0.991014160441304,0.09524845581094787,ok,
p030_scratch_thin,p030,architecture_structured,,p030_scratch_thin,scratch_thin,lama,masked_region,11225,,,,,11225,2.8942,1.9031,35551.796875,92.15890502929688,35459.6379699707,186.10997009277344,6.721989631652832,179.3879804611206,2.622188049392319,28.48543054755779,25.86324249816547,,,,ok,
p030_scratch_thin,p030,architecture_structured,,p030_scratch_thin,scratch_thin,lama,mask_bbox_crop,391271,15.0,123.0,766.0,644.0,11225,2.8942,1.9031,1019.9300537109375,2.6439058780670166,1017.2861478328705,5.339226245880127,0.1928441822528839,5.146382063627243,18.045099717814587,43.908343704793104,25.863243986978517,0.8894172549758436,0.9894996768868909,0.10008242191104733,ok,
p030_zero_control,p030,architecture_structured,,p030_zero_control,zero_control,lama,full_image,589824,0.0,0.0,768.0,768.0,0,0.0,0.0,0.0,0.0,0.0,0.0,0.0,0.0,inf,inf,,1.0,1.0,0.0,ok,
p030_zero_control,p030,architecture_structured,,p030_zero_control,zero_control,lama,content_region,387840,0.0,131.0,768.0,636.0,0,0.0,0.0,0.0,0.0,0.0,0.0,0.0,0.0,inf,inf,,1.0,1.0,0.0,ok,
p031_loss_large,p031,abstraction_surrealism,,p031_loss_large,loss_large,lama,full_image,589824,0.0,0.0,768.0,768.0,83367,14.1896,14.1342,2503.502197265625,141.6477813720703,2361.8544158935547,17.821826934814453,3.2508347034454346,14.570992231369019,14.145323839626538,26.618705843087586,12.473382003461047,0.8998541047535493,0.9196511614734634,0.019797056719914052,ok,
p031_loss_large,p031,abstraction_surrealism,,p031_loss_large,loss_large,lama,content_region,587520,1.0,0.0,766.0,768.0,83367,14.1896,14.1342,2513.3203125,142.2033233642578,2371.116989135742,17.89171600341797,3.263583183288574,14.628132820129395,14.128325196743162,26.60170614671822,12.47338094997506,0.8994582711755,0.9193335771314608,0.019875305955960765,ok,
p031_loss_large,p031,abstraction_surrealism,,p031_loss_large,loss_large,lama,masked_region,83367,,,,,83367,14.1896,14.1342,17712.3515625,1002.1624755859375,16710.189086914062,126.08995819091797,22.999752044677734,103.09020614624023,5.648041371809062,18.121422236379257,12.473380864570196,,,,ok,
p031_loss_large,p031,abstraction_surrealism,,p031_loss_large,loss_large,lama,mask_bbox_crop,140304,416.0,247.0,732.0,691.0,83367,14.1896,14.1342,10524.4736328125,595.4732055664062,9929.000427246094,74.92117309570312,13.666184425354004,61.25498867034912,7.90879976462951,20.38218136504124,12.47338160041173,0.5717402180035341,0.6563995360332688,0.0846593180297347,ok,
p031_loss_small,p031,abstraction_surrealism,,p031_loss_small,loss_small,lama,full_image,589824,0.0,0.0,768.0,768.0,22150,3.7701,3.7554,708.4453125,24.064205169677734,684.3811073303223,4.952733993530273,0.6251757740974426,4.327558219432831,19.627740297793483,34.31708839177146,14.68934809397798,0.9618246021375537,0.9816052089510047,0.01978060681345095,ok,
p031_loss_small,p031,abstraction_surrealism,,p031_loss_small,loss_small,lama,content_region,587520,1.0,0.0,766.0,768.0,22150,3.7701,3.7554,711.2235107421875,24.158573150634766,687.0649375915527,4.972156524658203,0.627627432346344,4.344529092311859,19.610742563016597,34.300090803850814,14.689348240834217,0.9616737112369115,0.9815325022670165,0.019858791030105016,ok,
p031_loss_small,p031,abstraction_surrealism,,p031_loss_small,loss_small,lama,masked_region,22150,,,,,22150,3.7701,3.7554,18864.923828125,640.796630859375,18224.127197265625,131.88449096679688,16.64756965637207,115.2369213104248,5.374253049005634,20.063601411922107,14.689348362916473,,,,ok,
p031_loss_small,p031,abstraction_surrealism,,p031_loss_small,loss_small,lama,mask_bbox_crop,354492,59.0,184.0,746.0,700.0,22150,3.7701,3.7554,1178.7518310546875,40.039390563964844,1138.7124404907227,8.240640640258789,1.0402030944824219,7.200437545776367,17.41657980495735,32.10592902368357,14.689349218726221,0.9361771451543515,0.969246998203758,0.03306985304940657,ok,
p031_mixed_damage,p031,abstraction_surrealism,,p031_mixed_damage,mixed_damage,lama,full_image,589824,0.0,0.0,768.0,768.0,48010,8.1716,8.1397,1465.7318115234375,38.54526901245117,1427.1865425109863,10.438675880432129,1.1352680921554565,9.303407788276672,16.470258472002385,32.27109279852479,15.800834326522406,0.908166824705506,0.9613885273397588,0.05322170263425274,ok,
p031_mixed_damage,p031,abstraction_surrealism,,p031_mixed_damage,mixed_damage,lama,content_region,587520,1.0,0.0,766.0,768.0,48010,8.1716,8.1397,1471.479736328125,38.69641876220703,1432.783317565918,10.479609489440918,1.13972008228302,9.339889407157898,16.453260750381066,32.254095866443315,15.800835116062249,0.908466679333381,0.961315086432949,0.05284840709956806,ok,
p031_mixed_damage,p031,abstraction_surrealism,,p031_mixed_damage,mixed_damage,lama,masked_region,48010,,,,,48010,8.1716,8.1397,18007.162109375,473.5455017089844,17533.616607666016,128.24371337890625,13.947267532348633,114.29644584655762,5.576350865465292,21.37718645339175,15.800835587926459,,,,ok,
p031_mixed_damage,p031,abstraction_surrealism,,p031_mixed_damage,mixed_damage,lama,mask_bbox_crop,585216,6.0,0.0,768.0,768.0,48010,8.1716,8.1397,1477.2728271484375,38.848758697509766,1438.4240684509277,10.520870208740234,1.1442071199417114,9.376663088798523,16.43619651349387,32.23703214164294,15.800835628149073,0.9074379899809469,0.9610820870805495,0.053644097099602606,ok,
p031_scratch_thin,p031,abstraction_surrealism,,p031_scratch_thin,scratch_thin,lama,full_image,589824,0.0,0.0,768.0,768.0,15636,2.6614,2.651,532.9571533203125,3.5822222232818604,529.3749310970306,3.5837860107421875,0.21062327921390533,3.373162731528282,20.863880652081804,42.589278370457166,21.725397718375362,0.928574230373031,0.9912106095075304,0.06263637913449938,ok,
p031_scratch_thin,p031,abstraction_surrealism,,p031_scratch_thin,scratch_thin,lama,content_region,587520,1.0,0.0,766.0,768.0,15636,2.6614,2.651,535.04736328125,3.5962700843811035,531.4510931968689,3.5978400707244873,0.2114492505788803,3.386390820145607,20.84688132676146,42.572280605231526,21.725399278470068,0.9287585710608925,0.9912628123658312,0.0625042413049387,ok,
p031_scratch_thin,p031,abstraction_surrealism,,p031_scratch_thin,scratch_thin,lama,masked_region,15636,,,,,15636,2.6614,2.651,20104.31640625,135.1292266845703,19969.18717956543,135.18821716308594,7.945169448852539,127.2430477142334,5.097910502054416,26.823310694693397,21.72540019263898,,,,ok,
p031_scratch_thin,p031,abstraction_surrealism,,p031_scratch_thin,scratch_thin,lama,mask_bbox_crop,584448,0.0,0.0,768.0,761.0,15636,2.6614,2.651,537.8594970703125,3.615173101425171,534.2443239688873,3.616751194000244,0.21256068348884583,3.4041905105113983,20.824115194326037,42.54951263886345,21.72539744453741,0.9279120046943704,0.991129118469852,0.06321711377548156,ok,
p031_zero_control,p031,abstraction_surrealism,,p031_zero_control,zero_control,lama,full_image,589824,0.0,0.0,768.0,768.0,0,0.0,0.0,0.0,0.0,0.0,0.0,0.0,0.0,inf,inf,,1.0,1.0,0.0,ok,
p031_zero_control,p031,abstraction_surrealism,,p031_zero_control,zero_control,lama,content_region,587520,1.0,0.0,766.0,768.0,0,0.0,0.0,0.0,0.0,0.0,0.0,0.0,0.0,inf,inf,,1.0,1.0,0.0,ok,
p032_loss_large,p032,abstraction_surrealism,,p032_loss_large,loss_large,lama,full_image,589824,0.0,0.0,768.0,768.0,88089,15.3959,14.9348,1098.4320068359375,8.676668167114258,1089.7553386688232,9.137642860412598,0.7782315611839294,8.359411299228668,17.72307181695922,38.74727372376218,21.024201906802958,0.943260959550367,0.9727616003892475,0.029500640838880487,ok,
p032_loss_large,p032,abstraction_surrealism,,p032_loss_large,loss_large,lama,content_region,572160,11.0,0.0,756.0,768.0,88089,15.3959,14.9348,1132.3436279296875,8.944538116455078,1123.3990898132324,9.419745445251465,0.8022575378417969,8.617487907409668,17.591021203518693,38.615224417503136,21.024203213984443,0.9414950624863051,0.971913855881741,0.03041879339543585,ok,
p032_loss_large,p032,abstraction_surrealism,,p032_loss_large,loss_large,lama,masked_region,88089,,,,,88089,15.3959,14.9348,7354.853515625,58.09700393676758,7296.756511688232,61.183589935302734,5.210862636566162,55.97272729873657,9.465063334290068,30.48926624472063,21.02420291043056,,,,ok,
p032_loss_large,p032,abstraction_surrealism,,p032_loss_large,loss_large,lama,mask_bbox_crop,257300,165.0,71.0,580.0,691.0,88089,15.3959,14.9348,2518.001220703125,19.890039443969727,2498.1111812591553,20.946760177612305,1.783986210823059,19.162773966789246,14.12024424554167,35.14444716492524,21.02420291938357,0.86881014549335,0.9370204068730926,0.06821026137974262,ok,
p032_loss_small,p032,abstraction_surrealism,,p032_loss_small,loss_small,lama,full_image,589824,0.0,0.0,768.0,768.0,24362,4.2579,4.1304,344.8882141113281,1.5611436367034912,343.32707047462463,2.786548137664795,0.16128313541412354,2.6252650022506714,22.754020074221543,46.19637497678716,23.44235490256562,0.9731131874294475,0.9936472503773364,0.020534062947888843,ok,
p032_loss_small,p032,abstraction_surrealism,,p032_loss_small,loss_small,lama,content_region,572160,11.0,0.0,756.0,768.0,24362,4.2579,4.1304,355.53570556640625,1.6093400716781616,353.9263654947281,2.8725757598876953,0.16626234352588654,2.7063134163618088,22.62197138497523,46.06432535757218,23.44235397259695,0.9722763854143973,0.9934495328653988,0.021173147451001517,ok,
p032_loss_small,p032,abstraction_surrealism,,p032_loss_small,loss_small,lama,masked_region,24362,,,,,24362,4.2579,4.1304,8350.02734375,37.79656982421875,8312.230773925781,67.46461486816406,3.904797077178955,63.55981779098511,8.913924632022368,32.356279730415274,23.442355098392905,,,,ok,
p032_loss_small,p032,abstraction_surrealism,,p032_loss_small,loss_small,lama,mask_bbox_crop,434275,56.0,25.0,655.0,750.0,24362,4.2579,4.1304,468.42041015625,2.1203155517578125,466.3000946044922,3.7846364974975586,0.21905167400836945,3.565584823489189,21.4244455084436,44.866798621140944,23.442353112697344,0.9633844401695821,0.9913485660196449,0.027964125850062804,ok,
p032_mixed_damage,p032,abstraction_surrealism,,p032_mixed_damage,mixed_damage,lama,full_image,589824,0.0,0.0,768.0,768.0,51647,9.0267,8.7563,241.99761962890625,2.588197946548462,239.4094216823578,3.56558895111084,0.32422327995300293,3.241365671157837,24.292692667350625,44.00082872562815,19.70813605827753,0.9395198311843108,0.9807627914362538,0.04124296025194296,ok,
p032_mixed_damage,p032,abstraction_surrealism,,p032_mixed_damage,mixed_damage,lama,content_region,572160,11.0,0.0,756.0,768.0,51647,9.0267,8.7563,249.46856689453125,2.668102264404297,246.80046463012695,3.6756677627563477,0.3342328369617462,3.3414349257946014,24.160645286810343,43.86877889440741,19.70813360759707,0.9402972668309589,0.9808735194955652,0.040576252664606294,ok,
p032_mixed_damage,p032,abstraction_surrealism,,p032_mixed_damage,mixed_damage,lama,masked_region,51647,,,,,51647,9.0267,8.7563,2763.684326171875,29.557987213134766,2734.1263389587402,40.7200813293457,3.702725648880005,37.0173556804657,13.71591925360757,33.42405503945901,19.708135785851443,,,,ok,
p032_mixed_damage,p032,abstraction_surrealism,,p032_mixed_damage,mixed_damage,lama,mask_bbox_crop,584448,3.0,0.0,764.0,768.0,51647,9.0267,8.7563,244.22369384765625,2.6120054721832275,241.61168837547302,3.598386764526367,0.327205628156662,3.271181136369705,24.252925652716655,43.961062784117004,19.70813713140035,0.9389590878972781,0.9805844332111593,0.04162534531388118,ok,
p032_scratch_thin,p032,abstraction_surrealism,,p032_scratch_thin,scratch_thin,lama,full_image,589824,0.0,0.0,768.0,768.0,14929,2.6092,2.5311,149.05728149414062,2.0711042881011963,146.98617720603943,1.4413423538208008,0.1296844482421875,1.3116579055786133,26.39727164561763,44.968783930190966,18.571512284573338,0.9390071466762394,0.9921685289288446,0.05316138225260514,ok,
p032_scratch_thin,p032,abstraction_surrealism,,p032_scratch_thin,scratch_thin,lama,content_region,572160,11.0,0.0,756.0,768.0,14929,2.6092,2.5311,153.65907287597656,2.1350443363189697,151.5240285396576,1.4858402013778687,0.13368812203407288,1.3521520793437958,26.265221523858884,44.83673462856399,18.571513104705105,0.942085855655708,0.9928069899830915,0.050721134327383455,ok,
p032_scratch_thin,p032,abstraction_surrealism,,p032_scratch_thin,scratch_thin,lama,masked_region,14929,,,,,14929,2.6092,2.5311,5889.0458984375,81.82644653320312,5807.219451904297,56.945430755615234,5.12365198135376,51.821778774261475,10.43035421701841,29.001866693341242,18.57151247632283,,,,ok,
p032_scratch_thin,p032,abstraction_surrealism,,p032_scratch_thin,scratch_thin,lama,mask_bbox_crop,584448,3.0,0.0,764.0,768.0,14929,2.6092,2.5311,150.42835998535156,2.0901551246643066,148.33820486068726,1.45460045337677,0.13087734580039978,1.3237231075763702,26.357506401438005,44.9290184160582,18.571512014620193,0.9384416500229067,0.9920959192632837,0.05365426924037697,ok,
p032_zero_control,p032,abstraction_surrealism,,p032_zero_control,zero_control,lama,full_image,589824,0.0,0.0,768.0,768.0,0,0.0,0.0,0.0,0.0,0.0,0.0,0.0,0.0,inf,inf,,1.0,1.0,0.0,ok,
p032_zero_control,p032,abstraction_surrealism,,p032_zero_control,zero_control,lama,content_region,572160,11.0,0.0,756.0,768.0,0,0.0,0.0,0.0,0.0,0.0,0.0,0.0,0.0,inf,inf,,1.0,1.0,0.0,ok,
p033_loss_large,p033,abstraction_surrealism,,p033_loss_large,loss_large,lama,full_image,589824,0.0,0.0,768.0,768.0,87686,14.9639,14.8665,3893.052734375,683.7894897460938,3209.2632446289062,21.558128356933594,6.8660101890563965,14.692118167877197,12.227900742591872,19.781579397222725,7.553678654630852,0.8738965410028535,0.896178292872058,0.022281751869204447,ok,
p033_loss_large,p033,abstraction_surrealism,,p033_loss_large,loss_large,lama,content_region,585984,2.0,0.0,765.0,768.0,87686,14.9639,14.8665,3918.56396484375,688.2704467773438,3230.2935180664062,21.699398040771484,6.911003589630127,14.788394451141357,12.199534204818603,19.753212388182753,7.55367818336415,0.8730636251574299,0.8954925484392442,0.02242892328181434,ok,
p033_loss_large,p033,abstraction_surrealism,,p033_loss_large,loss_large,lama,masked_region,87686,,,,,87686,14.9639,14.8665,26186.8046875,4599.54248046875,21587.26220703125,145.01168823242188,46.184539794921875,98.8271484375,3.9499785179919615,11.503657265971576,7.553678747979614,,,,ok,
p033_loss_large,p033,abstraction_surrealism,,p033_loss_large,loss_large,lama,mask_bbox_crop,169554,119.0,26.0,581.0,393.0,87686,14.9639,14.8665,13542.6806640625,2378.68408203125,11163.99658203125,74.99378967285156,23.8846492767334,51.109140396118164,6.81375722930836,14.367435945520237,7.553678716211877,0.5551998782260598,0.6337934871847438,0.07859360895868406,ok,
p033_loss_small,p033,abstraction_surrealism,,p033_loss_small,loss_small,lama,full_image,589824,0.0,0.0,768.0,768.0,20720,3.5359,3.5129,825.4893188476562,69.60633850097656,755.8829803466797,4.828165054321289,0.9421273469924927,3.8860377073287964,18.963689026458805,29.704315716789424,10.740626690330618,0.9625117371476813,0.9799964708845792,0.01748473373689785,ok,
p033_loss_small,p033,abstraction_surrealism,,p033_loss_small,loss_small,lama,content_region,585984,2.0,0.0,765.0,768.0,20720,3.5359,3.5129,830.8986206054688,70.06246185302734,760.8361587524414,4.859804630279541,0.9483011960983276,3.9115034341812134,18.935323228810464,29.67594967389511,10.740626445084647,0.9622641264287101,0.9798643471784003,0.017600220749690254,ok,
p033_loss_small,p033,abstraction_surrealism,,p033_loss_small,loss_small,lama,masked_region,20720,,,,,20720,3.5359,3.5129,23498.716796875,1981.4423828125,21517.2744140625,137.44052124023438,26.81898307800293,110.62153816223145,4.420362136281778,15.160989126056768,10.74062698977499,,,,ok,
p033_loss_small,p033,abstraction_surrealism,,p033_loss_small,loss_small,lama,mask_bbox_crop,284280,3.0,64.0,518.0,616.0,20720,3.5359,3.5129,1712.7244873046875,144.419189453125,1568.3052978515625,10.017474174499512,1.9547253847122192,8.062748789787292,15.793928538665734,26.534554576626572,10.740626037960839,0.9216760044631762,0.9582067504346871,0.03653074597151085,ok,
p033_mixed_damage,p033,abstraction_surrealism,,p033_mixed_damage,mixed_damage,lama,full_image,589824,0.0,0.0,768.0,768.0,49843,8.5059,8.4505,2322.30126953125,131.8560791015625,2190.4451904296875,12.846369743347168,1.9984617233276367,10.847908020019531,14.471618012759592,26.929802035347983,12.45818402258839,0.9016134954626023,0.9524922777871746,0.050878782324572325,ok,
p033_mixed_damage,p033,abstraction_surrealism,,p033_mixed_damage,mixed_damage,lama,content_region,585984,2.0,0.0,765.0,768.0,49843,8.5059,8.4505,2337.51904296875,132.72012329101562,2204.7989196777344,12.930560111999512,2.0115578174591064,10.919002294540405,14.443252032602278,26.901435844114093,12.458183811511816,0.9020392161372888,0.9525718393283301,0.05053262319104135,ok,
p033_mixed_damage,p033,abstraction_surrealism,,p033_mixed_damage,mixed_damage,lama,masked_region,49843,,,,,49843,8.5059,8.4505,27481.279296875,1560.3370361328125,25920.942260742188,152.01930236816406,23.649070739746094,128.37023162841797,3.7404341491702437,16.198619438447878,12.458185289277633,,,,ok,
p033_mixed_damage,p033,abstraction_surrealism,,p033_mixed_damage,mixed_damage,lama,mask_bbox_crop,582912,9.0,0.0,768.0,768.0,49843,8.5059,8.4505,2349.8388671875,133.41957092285156,2216.4192962646484,12.998696327209473,2.0221588611602783,10.976537466049194,14.420422779538615,26.8786082123953,12.458185432856684,0.9004375611454222,0.9519244564061445,0.051486895260722365,ok,
p033_scratch_thin,p033,abstraction_surrealism,,p033_scratch_thin,scratch_thin,lama,full_image,589824,0.0,0.0,768.0,768.0,13276,2.2656,2.2508,629.0853881835938,4.510677814483643,624.5747103691101,3.468480348587036,0.2227851003408432,3.245695248246193,20.143707629582703,41.58838553142614,21.444677901843438,0.9397218525807007,0.991968781747571,0.05224692916687024,ok,
p033_scratch_thin,p033,abstraction_surrealism,,p033_scratch_thin,scratch_thin,lama,content_region,585984,2.0,0.0,765.0,768.0,13276,2.2656,2.2508,633.2077026367188,4.540236473083496,628.6674661636353,3.4912097454071045,0.22424502670764923,3.2669647186994553,20.115341716828404,41.56001887684649,21.444677160018088,0.9401284711450862,0.9920101979784798,0.05188172683339354,ok,
p033_scratch_thin,p033,abstraction_surrealism,,p033_scratch_thin,scratch_thin,lama,masked_region,13276,,,,,13276,2.2656,2.2508,27948.896484375,200.39967346191406,27748.496810913086,154.0970916748047,9.897860527038574,144.1992311477661,3.667156957012005,25.111833513264166,21.444676556252162,,,,ok,
p033_scratch_thin,p033,abstraction_surrealism,,p033_scratch_thin,scratch_thin,lama,mask_bbox_crop,589824,0.0,0.0,768.0,768.0,13276,2.2656,2.2508,629.0853881835938,4.510677814483643,624.5747103691101,3.468480348587036,0.2227851003408432,3.245695248246193,20.143707629582703,41.58838553142614,21.444677901843438,0.9397218525807007,0.991968781747571,0.05224692916687024,ok,
p033_zero_control,p033,abstraction_surrealism,,p033_zero_control,zero_control,lama,full_image,589824,0.0,0.0,768.0,768.0,0,0.0,0.0,0.0,0.0,0.0,0.0,0.0,0.0,inf,inf,,1.0,1.0,0.0,ok,
p033_zero_control,p033,abstraction_surrealism,,p033_zero_control,zero_control,lama,content_region,585984,2.0,0.0,765.0,768.0,0,0.0,0.0,0.0,0.0,0.0,0.0,0.0,0.0,inf,inf,,1.0,1.0,0.0,ok,
p034_loss_large,p034,abstraction_surrealism,,p034_loss_large,loss_large,lama,full_image,589824,0.0,0.0,768.0,768.0,82337,14.9944,13.9596,3744.74658203125,293.6539611816406,3451.0926208496094,21.664731979370117,4.557864665985107,17.10686731338501,12.396579278175608,23.45244497327874,11.055865695103133,0.8917815507843297,0.9204186412938538,0.02863709050952401,ok,
p034_loss_large,p034,abstraction_surrealism,,p034_loss_large,loss_large,lama,content_region,549120,0.0,26.0,768.0,741.0,82337,14.9944,13.9596,4022.3291015625,315.42132568359375,3706.9077758789062,23.270641326904297,4.895720481872559,18.37492084503174,12.086027597624899,23.141893081666858,11.05586548404196,0.8836918782759652,0.914469682180418,0.03077780390445284,ok,
p034_loss_large,p034,abstraction_surrealism,,p034_loss_large,loss_large,lama,masked_region,82337,,,,,82337,14.9944,13.9596,26825.619140625,2103.60107421875,24722.01806640625,155.19602966308594,32.65042495727539,122.54560470581055,3.8453060651122914,14.901169769508886,11.055863704396595,,,,ok,
p034_loss_large,p034,abstraction_surrealism,,p034_loss_large,loss_large,lama,mask_bbox_crop,183017,170.0,141.0,567.0,602.0,82337,14.9944,13.9596,12068.501953125,946.3828735351562,11122.119079589844,69.8207015991211,14.689006805419922,55.13169479370117,7.314269958135124,18.370134885004422,11.055864926869297,0.6467980482483159,0.7402634077481126,0.09346535949979673,ok,
p034_loss_small,p034,abstraction_surrealism,,p034_loss_small,loss_small,lama,full_image,589824,0.0,0.0,768.0,768.0,18146,3.3046,3.0765,693.359375,26.488292694091797,666.8710823059082,4.3159918785095215,0.5036287903785706,3.812363088130951,19.72121968788647,33.90026394168649,14.179044253800019,0.9680747298809621,0.9854645725828873,0.01738984270192523,ok,
p034_loss_small,p034,abstraction_surrealism,,p034_loss_small,loss_small,lama,content_region,549120,0.0,26.0,768.0,741.0,18146,3.3046,3.0765,744.7553100585938,28.451763153076172,716.3035469055176,4.635918617248535,0.5409606695175171,4.094957947731018,19.41066752477406,33.58971176114845,14.179044236374391,0.9656882146252371,0.9843780032555149,0.018689788630277815,ok,
p034_loss_small,p034,abstraction_surrealism,,p034_loss_small,loss_small,lama,masked_region,18146,,,,,18146,3.3046,3.0765,22537.1953125,860.9849243164062,21676.210388183594,140.2885284423828,16.370126724243164,123.91840171813965,4.601804924627727,18.78084813762126,14.179043212993532,,,,ok,
p034_loss_small,p034,abstraction_surrealism,,p034_loss_small,loss_small,lama,mask_bbox_crop,278375,230.0,86.0,655.0,741.0,18146,3.3046,3.0765,1469.09716796875,56.12368392944336,1412.9734840393066,9.144771575927734,1.0670942068099976,8.077677369117737,16.46029839334257,30.639341907118876,14.179043513776307,0.9318311757651802,0.9689630504900801,0.03713187472489998,ok,
p034_mixed_damage,p034,abstraction_surrealism,,p034_mixed_damage,mixed_damage,lama,full_image,589824,0.0,0.0,768.0,768.0,44266,8.0613,7.505,1858.9033203125,60.63774490356445,1798.2655754089355,11.013673782348633,1.4085122346878052,9.605161547660828,15.43823557726801,30.30337319202838,14.865137614760371,0.9064069550928272,0.9616974849692735,0.05529052987644634,ok,
p034_mixed_damage,p034,abstraction_surrealism,,p034_mixed_damage,mixed_damage,lama,content_region,549120,0.0,26.0,768.0,741.0,44266,8.0613,7.505,1996.696533203125,65.132568359375,1931.56396484375,11.830072402954102,1.5129194259643555,10.317152976989746,15.127682969837533,29.992821569098318,14.865138599260785,0.9062021996179098,0.9611655086438574,0.05496330902594759,ok,
p034_mixed_damage,p034,abstraction_surrealism,,p034_mixed_damage,mixed_damage,lama,masked_region,44266,,,,,44266,8.0613,7.505,24769.029296875,807.969970703125,23961.059326171875,146.75213623046875,18.76777458190918,127.98436164855957,4.191713740346518,19.056851409352536,14.865137669006018,,,,ok,
p034_mixed_damage,p034,abstraction_surrealism,,p034_mixed_damage,mixed_damage,lama,mask_bbox_crop,486912,0.0,18.0,768.0,652.0,44266,8.0613,7.505,2251.794189453125,73.45391082763672,2178.3402786254883,13.341485023498535,1.7062103748321533,11.635274648666382,14.60551666726527,29.470654374516812,14.865137707251542,0.8864364646190036,0.9535246553289592,0.06708819070995564,ok,
p034_scratch_thin,p034,abstraction_surrealism,,p034_scratch_thin,scratch_thin,lama,full_image,589824,0.0,0.0,768.0,768.0,14836,2.7018,2.5153,597.0125732421875,3.2429211139678955,593.7696521282196,3.614179849624634,0.20068359375,3.413496255874634,20.370968832859422,43.02143976544347,22.650470932584046,0.9380226630618363,0.991812596296238,0.05378993323440162,ok,
p034_scratch_thin,p034,abstraction_surrealism,,p034_scratch_thin,scratch_thin,lama,content_region,549120,0.0,26.0,768.0,741.0,14836,2.7018,2.5153,641.2666015625,3.4833054542541504,637.7832961082458,3.8820841312408447,0.2155594378709793,3.6665246933698654,20.060417392803487,42.7108880105783,22.650470617774815,0.9333896604416353,0.9912005618867887,0.05781090144515344,ok,
p034_scratch_thin,p034,abstraction_surrealism,,p034_scratch_thin,scratch_thin,lama,masked_region,14836,,,,,14836,2.7018,2.5153,23734.986328125,128.9264373779297,23606.05989074707,143.68630981445312,7.97843074798584,135.70787906646729,4.376913749766485,27.027383788901975,22.65047003913549,,,,ok,
p034_scratch_thin,p034,abstraction_surrealism,,p034_scratch_thin,scratch_thin,lama,mask_bbox_crop,474624,0.0,60.0,768.0,678.0,14836,2.7018,2.5153,741.918701171875,4.030037879943848,737.8886632919312,4.491407871246338,0.24939320981502533,4.242014661431313,19.42724042606214,42.077712325994376,22.650471899932235,0.9228321393024826,0.9898058797021786,0.06697374039969595,ok,
p034_zero_control,p034,abstraction_surrealism,,p034_zero_control,zero_control,lama,full_image,589824,0.0,0.0,768.0,768.0,0,0.0,0.0,0.0,0.0,0.0,0.0,0.0,0.0,inf,inf,,1.0,1.0,0.0,ok,
p034_zero_control,p034,abstraction_surrealism,,p034_zero_control,zero_control,lama,content_region,549120,0.0,26.0,768.0,741.0,0,0.0,0.0,0.0,0.0,0.0,0.0,0.0,0.0,inf,inf,,1.0,1.0,0.0,ok,
p035_loss_large,p035,abstraction_surrealism,,p035_loss_large,loss_large,lama,full_image,589824,0.0,0.0,768.0,768.0,44445,10.9191,7.5353,949.1615600585938,151.80606079101562,797.3554992675781,7.176956653594971,2.225830078125,4.951126575469971,18.35740219388856,26.31791249943829,7.960510305549729,0.9405289195323997,0.9526624827491444,0.012133563216744747,ok,
p035_loss_large,p035,abstraction_surrealism,,p035_loss_large,loss_large,lama,content_region,407040,119.0,0.0,649.0,768.0,44445,10.9191,7.5353,1375.3883056640625,219.97557067871094,1155.4127349853516,10.399816513061523,3.225353717803955,7.174462795257568,16.74655033465628,24.70705907811746,7.96050874346118,0.9135172455795572,0.9311618546848192,0.017644609105262,ok,
p035_loss_large,p035,abstraction_surrealism,,p035_loss_large,loss_large,lama,masked_region,44445,,,,,44445,10.9191,7.5353,12596.2021484375,2014.59912109375,10581.60302734375,95.24449157714844,29.538711547851562,65.70578002929688,7.128407391315345,15.088917207220526,7.960509815905181,,,,ok,
p035_loss_large,p035,abstraction_surrealism,,p035_loss_large,loss_large,lama,mask_bbox_crop,86010,277.0,109.0,582.0,391.0,44445,10.9191,7.5353,6508.9892578125,1041.0283203125,5467.9609375,49.21685028076172,15.263899803161621,33.9529504776001,9.995668060684768,17.956178165752934,7.960510105068167,0.5815577765616075,0.666930282504381,0.08537250594277357,ok,
p035_loss_small,p035,abstraction_surrealism,,p035_loss_small,loss_small,lama,full_image,589824,0.0,0.0,768.0,768.0,13591,3.339,2.3042,589.6494750976562,11.18643569946289,578.4630393981934,3.401252508163452,0.3235575258731842,3.077694982290268,20.4248644459825,37.64388630250126,17.219021856518758,0.9756243680827765,0.9901248455327609,0.014500477449984395,ok,
p035_loss_small,p035,abstraction_surrealism,,p035_loss_small,loss_small,lama,content_region,407040,119.0,0.0,649.0,768.0,13591,3.339,2.3042,854.435302734375,16.209774017333984,838.225528717041,4.92860746383667,0.4688531756401062,4.459754288196564,18.81401177051876,36.0330340053568,17.219022234838036,0.9645529932806781,0.9856395654503111,0.021086572169632944,ok,
p035_loss_small,p035,abstraction_surrealism,,p035_loss_small,loss_small,lama,masked_region,13591,,,,,13591,3.339,2.3042,25589.68359375,485.4703369140625,25104.213256835938,147.60800170898438,14.041791915893555,133.56620979309082,4.050154448258966,21.269176619649844,17.21902217139088,,,,ok,
p035_loss_small,p035,abstraction_surrealism,,p035_loss_small,loss_small,lama,mask_bbox_crop,248245,251.0,93.0,630.0,748.0,13591,3.339,2.3042,1400.99267578125,26.578689575195312,1374.4139862060547,8.081292152404785,0.7687647342681885,7.312527418136597,16.666444960147565,33.885467960102936,17.21902299995537,0.9415327998159904,0.9763135316842321,0.03478073186824171,ok,
p035_mixed_damage,p035,abstraction_surrealism,,p035_mixed_damage,mixed_damage,lama,full_image,589824,0.0,0.0,768.0,768.0,50210,12.3354,8.5127,1686.1376953125,170.48855590820312,1515.6491394042969,10.641913414001465,2.4508790969848633,8.191034317016602,15.861873232763426,25.813851286990648,9.951978054227222,0.8995711795309308,0.9531907991505401,0.05361961961960926,ok,
p035_mixed_damage,p035,abstraction_surrealism,,p035_mixed_damage,mixed_damage,lama,content_region,407040,119.0,0.0,649.0,768.0,50210,12.3354,8.5127,2443.309814453125,247.0475616455078,2196.262252807617,15.420738220214844,3.5514626502990723,11.869275569915771,14.251018213703418,24.202997890991714,9.951979677288296,0.8569499263184309,0.9327504728508735,0.07580054653244261,ok,
p035_mixed_damage,p035,abstraction_surrealism,,p035_mixed_damage,mixed_damage,lama,masked_region,50210,,,,,50210,12.3354,8.5127,19807.30078125,2002.7532958984375,17804.547485351562,125.0121078491211,28.79082489013672,96.22128295898438,5.162550643136591,15.11452905747436,9.95197841433777,,,,ok,
p035_mixed_damage,p035,abstraction_surrealism,,p035_mixed_damage,mixed_damage,lama,mask_bbox_crop,419328,111.0,0.0,657.0,768.0,50210,12.3354,8.5127,2371.71044921875,239.80804443359375,2131.9024047851562,14.96884822845459,3.44739031791687,11.52145791053772,14.380186938748176,24.33216613320588,9.951979194457705,0.8582837755603108,0.9339470165790947,0.07566324101878397,ok,
p035_scratch_thin,p035,abstraction_surrealism,,p035_scratch_thin,scratch_thin,lama,full_image,589824,0.0,0.0,768.0,768.0,6576,1.6156,1.1149,219.80433654785156,2.519312620162964,217.2850239276886,1.4065405130386353,0.1206105574965477,1.2859299555420876,24.710441044445695,44.117982986545954,19.40754194210026,0.9701473452542938,0.9956791734870979,0.025531828232804088,ok,
p035_scratch_thin,p035,abstraction_surrealism,,p035_scratch_thin,scratch_thin,lama,content_region,407040,119.0,0.0,649.0,768.0,6576,1.6156,1.1149,318.5088195800781,3.6506264209747314,314.8581931591034,2.038156747817993,0.1747715175151825,1.8633852303028107,23.09958898319212,42.50712968238741,19.407540699195287,0.9604581274562496,0.9944624803960332,0.034004352939783655,ok,
p035_scratch_thin,p035,abstraction_surrealism,,p035_scratch_thin,scratch_thin,lama,masked_region,6576,,,,,6576,1.6156,1.1149,19715.00390625,225.96578979492188,19489.038116455078,126.15744018554688,10.817974090576172,115.3394660949707,5.182834934093328,24.590376669766947,19.407541735673618,,,,ok,
p035_scratch_thin,p035,abstraction_surrealism,,p035_scratch_thin,scratch_thin,lama,mask_bbox_crop,419328,111.0,0.0,657.0,768.0,6576,1.6156,1.1149,309.1753234863281,3.5436484813690186,305.6316750049591,1.9784305095672607,0.16965001821517944,1.8087804913520813,23.22875537010326,42.63629726144232,19.40754189133906,0.9578745871921703,0.9939028336984578,0.03602824650628744,ok,
p035_zero_control,p035,abstraction_surrealism,,p035_zero_control,zero_control,lama,full_image,589824,0.0,0.0,768.0,768.0,0,0.0,0.0,0.0,0.0,0.0,0.0,0.0,0.0,inf,inf,,1.0,1.0,0.0,ok,
p035_zero_control,p035,abstraction_surrealism,,p035_zero_control,zero_control,lama,content_region,407040,119.0,0.0,649.0,768.0,0,0.0,0.0,0.0,0.0,0.0,0.0,0.0,0.0,inf,inf,,1.0,1.0,0.0,ok,
p036_loss_large,p036,abstraction_surrealism,,p036_loss_large,loss_large,lama,full_image,589824,0.0,0.0,768.0,768.0,92174,15.6274,15.6274,822.473876953125,559.2706298828125,263.2032470703125,7.244571685791016,3.527872085571289,3.7166996002197266,18.979582478936493,20.65458347931122,1.6750010003747278,0.9575971781321524,0.9782691377014349,0.020671959569282472,ok,
p036_loss_large,p036,abstraction_surrealism,,p036_loss_large,loss_large,lama,content_region,589824,0.0,0.0,768.0,768.0,92174,15.6274,15.6274,822.473876953125,559.2706298828125,263.2032470703125,7.244571685791016,3.527872085571289,3.7166996002197266,18.979582478936493,20.65458347931122,1.6750010003747278,0.9575971781321524,0.9782691377014349,0.020671959569282472,ok,
p036_loss_large,p036,abstraction_surrealism,,p036_loss_large,loss_large,lama,masked_region,92174,,,,,92174,15.6274,15.6274,5263.03271484375,3578.788330078125,1684.244384765625,46.358219146728516,22.574953079223633,23.783266067504883,10.918442912815733,12.59344348367134,1.675000570855607,,,,ok,
p036_loss_large,p036,abstraction_surrealism,,p036_loss_large,loss_large,lama,mask_bbox_crop,341400,79.0,126.0,648.0,726.0,92174,15.6274,15.6274,1420.9569091796875,966.2308959960938,454.72601318359375,12.516175270080566,6.094972610473633,6.421202659606934,16.604994528132305,18.279994405862883,1.6749998777305777,0.926377618396424,0.9622695432463009,0.03589192484987691,ok,
p036_loss_small,p036,abstraction_surrealism,,p036_loss_small,loss_small,lama,full_image,589824,0.0,0.0,768.0,768.0,18062,3.0623,3.0623,100.77754211425781,0.23900124430656433,100.53854086995125,1.1337370872497559,0.0631205216050148,1.070616565644741,28.09716598823076,54.346801988567265,26.249636000336505,0.9880874136263228,0.9992449664041662,0.01115755277784336,ok,
p036_loss_small,p036,abstraction_surrealism,,p036_loss_small,loss_small,lama,content_region,589824,0.0,0.0,768.0,768.0,18062,3.0623,3.0623,100.77754211425781,0.23900124430656433,100.53854086995125,1.1337370872497559,0.0631205216050148,1.070616565644741,28.09716598823076,54.346801988567265,26.249636000336505,0.9880874136263228,0.9992449664041662,0.01115755277784336,ok,
p036_loss_small,p036,abstraction_surrealism,,p036_loss_small,loss_small,lama,masked_region,18062,,,,,18062,3.0623,3.0623,3290.943359375,7.8047099113464355,3283.1386494636536,37.02277374267578,2.0612335205078125,34.96154022216797,12.957599531777825,39.20723595204616,26.249636420268338,,,,ok,
p036_loss_small,p036,abstraction_surrealism,,p036_loss_small,loss_small,lama,mask_bbox_crop,191080,40.0,18.0,321.0,698.0,18062,3.0623,3.0623,311.0791931152344,0.7377468347549438,310.34144628047943,3.4996092319488525,0.19483986496925354,3.304769366979599,23.202093970669363,49.451730059984015,26.249636089314652,0.9626815656738517,0.9976347141773845,0.034953148503532816,ok,
p036_mixed_damage,p036,abstraction_surrealism,,p036_mixed_damage,mixed_damage,lama,full_image,589824,0.0,0.0,768.0,768.0,47780,8.1007,8.1007,380.85943603515625,51.93562698364258,328.9238090515137,3.4369845390319824,0.4756232500076294,2.961361289024353,22.323156408827536,30.976149819363336,8.6529934105358,0.9535371845625705,0.9934623562251903,0.039925171662619774,ok,
p036_mixed_damage,p036,abstraction_surrealism,,p036_mixed_damage,mixed_damage,lama,content_region,589824,0.0,0.0,768.0,768.0,47780,8.1007,8.1007,380.85943603515625,51.93562698364258,328.9238090515137,3.4369845390319824,0.4756232500076294,2.961361289024353,22.323156408827536,30.976149819363336,8.6529934105358,0.9535371845625705,0.9934623562251903,0.039925171662619774,ok,
p036_mixed_damage,p036,abstraction_surrealism,,p036_mixed_damage,mixed_damage,lama,masked_region,47780,,,,,47780,8.1007,8.1007,4701.5478515625,641.12353515625,4060.42431640625,42.42812728881836,5.871368885040283,36.556758403778076,11.408395002247481,20.061386410721806,8.652991408474325,,,,ok,
p036_mixed_damage,p036,abstraction_surrealism,,p036_mixed_damage,mixed_damage,lama,mask_bbox_crop,589824,0.0,0.0,768.0,768.0,47780,8.1007,8.1007,380.85943603515625,51.93562698364258,328.9238090515137,3.4369845390319824,0.4756232500076294,2.961361289024353,22.323156408827536,30.976149819363336,8.6529934105358,0.9535371845625705,0.9934623562251903,0.039925171662619774,ok,
p036_scratch_thin,p036,abstraction_surrealism,,p036_scratch_thin,scratch_thin,lama,full_image,589824,0.0,0.0,768.0,768.0,13905,2.3575,2.3575,47.38410949707031,0.5443358421325684,46.839773654937744,0.6917645335197449,0.056168731302022934,0.6355958022177219,31.37447637649035,50.77213429218658,19.39765791569623,0.9627576452357401,0.9984242051597425,0.03566655992400236,ok,
p036_scratch_thin,p036,abstraction_surrealism,,p036_scratch_thin,scratch_thin,lama,content_region,589824,0.0,0.0,768.0,768.0,13905,2.3575,2.3575,47.38410949707031,0.5443358421325684,46.839773654937744,0.6917645335197449,0.056168731302022934,0.6355958022177219,31.37447637649035,50.77213429218658,19.39765791569623,0.9627576452357401,0.9984242051597425,0.03566655992400236,ok,
p036_scratch_thin,p036,abstraction_surrealism,,p036_scratch_thin,scratch_thin,lama,masked_region,13905,,,,,13905,2.3575,2.3575,2009.9451904296875,23.089704513549805,1986.8554859161377,29.343353271484375,2.3825721740722656,26.96078109741211,15.098961461431877,34.49661985722753,19.397658395795652,,,,ok,
p036_scratch_thin,p036,abstraction_surrealism,,p036_scratch_thin,scratch_thin,lama,mask_bbox_crop,589824,0.0,0.0,768.0,768.0,13905,2.3575,2.3575,47.38410949707031,0.5443358421325684,46.839773654937744,0.6917645335197449,0.056168731302022934,0.6355958022177219,31.37447637649035,50.77213429218658,19.39765791569623,0.9627576452357401,0.9984242051597425,0.03566655992400236,ok,
p036_zero_control,p036,abstraction_surrealism,,p036_zero_control,zero_control,lama,full_image,589824,0.0,0.0,768.0,768.0,0,0.0,0.0,0.0,0.0,0.0,0.0,0.0,0.0,inf,inf,,1.0,1.0,0.0,ok,
p036_zero_control,p036,abstraction_surrealism,,p036_zero_control,zero_control,lama,content_region,589824,0.0,0.0,768.0,768.0,0,0.0,0.0,0.0,0.0,0.0,0.0,0.0,0.0,inf,inf,,1.0,1.0,0.0,ok,
p037_loss_large,p037,abstraction_surrealism,,p037_loss_large,loss_large,lama,full_image,589824,0.0,0.0,768.0,768.0,47216,10.6182,8.0051,2681.2734375,165.57603454589844,2515.6974029541016,14.214848518371582,2.31343412399292,11.901414394378662,13.847392550752666,25.94082883598199,12.093436285229323,0.93491063860005,0.9621402767159245,0.027229638115874533,ok,
p037_loss_large,p037,abstraction_surrealism,,p037_loss_large,loss_large,lama,content_region,444672,0.0,94.0,768.0,673.0,47216,10.6182,8.0051,3556.508056640625,219.62411499023438,3336.8839416503906,18.85492515563965,3.068596601486206,15.786328554153442,12.620565640155107,24.714003364186606,12.0934377240315,0.9134413727979723,0.9496525145855749,0.03621114178760254,ok,
p037_loss_large,p037,abstraction_surrealism,,p037_loss_large,loss_large,lama,masked_region,47216,,,,,47216,10.6182,8.0051,33494.56640625,2068.38134765625,31426.18505859375,177.57241821289062,28.899503707885742,148.67291450500488,2.881060007318896,14.974497481508264,12.093437474189368,,,,ok,
p037_loss_large,p037,abstraction_surrealism,,p037_loss_large,loss_large,lama,mask_bbox_crop,88350,145.0,162.0,430.0,472.0,47216,10.6182,8.0051,17900.1640625,1105.38427734375,16794.77978515625,94.89822387695312,15.444470405578613,79.45375347137451,5.602233493789718,17.69567077853393,12.093437284744212,0.5544030942190994,0.740815162627816,0.1864120684087166,ok,
p037_loss_small,p037,abstraction_surrealism,,p037_loss_small,loss_small,lama,full_image,589824,0.0,0.0,768.0,768.0,22216,4.996,3.7665,1009.0493774414062,16.679847717285156,992.3695297241211,5.841292858123779,0.4485117495059967,5.392781108617783,18.091679420783347,35.90888279544886,17.817203374665514,0.9635940208919118,0.9855316460871671,0.021937625195255328,ok,
p037_loss_small,p037,abstraction_surrealism,,p037_loss_small,loss_small,lama,content_region,444672,0.0,94.0,768.0,673.0,22216,4.996,3.7665,1338.427978515625,22.12455940246582,1316.3034191131592,7.748035907745361,0.5949171781539917,7.15311872959137,16.86485354321264,34.682057301300524,17.817203758087885,0.9515857660028563,0.980759361812254,0.029173595809397712,ok,
p037_loss_small,p037,abstraction_surrealism,,p037_loss_small,loss_small,lama,masked_region,22216,,,,,22216,4.996,3.7665,26789.767578125,442.841796875,26346.92578125,155.08348083496094,11.907769203186035,143.1757116317749,3.851114150826074,21.668317565755967,17.817203414929892,,,,ok,
p037_loss_small,p037,abstraction_surrealism,,p037_loss_small,loss_small,lama,mask_bbox_crop,272979,139.0,156.0,758.0,597.0,22216,4.996,3.7665,2180.24609375,36.0400390625,2144.2060546875,12.621244430541992,0.9690965414047241,11.652147889137268,14.745748438112013,32.56295107844486,17.817202640332848,0.9207256067456574,0.9684950108216138,0.04776940407595642,ok,
p037_mixed_damage,p037,abstraction_surrealism,,p037_mixed_damage,mixed_damage,lama,full_image,589824,0.0,0.0,768.0,768.0,48626,10.9353,8.2442,1972.5618896484375,63.49095916748047,1909.070930480957,11.948491096496582,1.4869322776794434,10.461558818817139,15.180497226690171,30.103684727918658,14.923187501228487,0.9011944113510165,0.9647733346363307,0.06357892328531423,ok,
p037_mixed_damage,p037,abstraction_surrealism,,p037_mixed_damage,mixed_damage,lama,content_region,444672,0.0,94.0,768.0,673.0,48626,10.9353,8.2442,2616.455078125,84.21603393554688,2532.239044189453,15.848773956298828,1.9723039865493774,13.87646996974945,13.953670781231668,28.87685575938312,14.92318497815145,0.8702672240867523,0.9536963164556965,0.08342909236894425,ok,
p037_mixed_damage,p037,abstraction_surrealism,,p037_mixed_damage,mixed_damage,lama,masked_region,48626,,,,,48626,10.9353,8.2442,23926.79296875,770.1332397460938,23156.659729003906,144.93292236328125,18.03620147705078,126.89672088623047,4.341958690790783,19.265144924738557,14.923186233947774,,,,ok,
p037_mixed_damage,p037,abstraction_surrealism,,p037_mixed_damage,mixed_damage,lama,mask_bbox_crop,456960,0.0,86.0,768.0,681.0,48626,10.9353,8.2442,2546.097412109375,81.95138549804688,2464.146026611328,15.42260456085205,1.919267177581787,13.503337383270264,14.072053453946296,28.99524060568836,14.923187151742063,0.8721734150245748,0.9544266230779015,0.0822532080533267,ok,
p037_scratch_thin,p037,abstraction_surrealism,,p037_scratch_thin,scratch_thin,lama,full_image,589824,0.0,0.0,768.0,768.0,12338,2.7746,2.0918,438.5658874511719,4.452125072479248,434.1137623786926,2.832261800765991,0.18126820027828217,2.650993600487709,21.710455125229203,41.64513004503399,19.934674919804785,0.9372437011157198,0.9913921332353289,0.05414843211960918,ok,
p037_scratch_thin,p037,abstraction_surrealism,,p037_scratch_thin,scratch_thin,lama,content_region,444672,0.0,94.0,768.0,673.0,12338,2.7746,2.0918,581.7247924804688,5.905409812927246,575.8193826675415,3.7567825317382812,0.24043864011764526,3.516343891620636,20.48362787514767,40.41830319491243,19.934675319764764,0.9212973348847472,0.991571663065717,0.07027432818096979,ok,
p037_scratch_thin,p037,abstraction_surrealism,,p037_scratch_thin,scratch_thin,lama,masked_region,12338,,,,,12338,2.7746,2.0918,20965.85546875,212.8359832763672,20753.019485473633,135.3976287841797,8.665613174438477,126.73201560974121,4.915677732708085,24.850353067126218,19.93467533441813,,,,ok,
p037_scratch_thin,p037,abstraction_surrealism,,p037_scratch_thin,scratch_thin,lama,mask_bbox_crop,456960,0.0,86.0,768.0,681.0,12338,2.7746,2.0918,566.081787109375,5.746608734130859,560.3351783752441,3.655759811401367,0.23397307097911835,3.421786740422249,20.602011785767438,40.53668732273028,19.934675536962843,0.9188110360784014,0.9888638463927343,0.07005281031433286,ok,
p037_zero_control,p037,abstraction_surrealism,,p037_zero_control,zero_control,lama,full_image,589824,0.0,0.0,768.0,768.0,0,0.0,0.0,0.0,0.0,0.0,0.0,0.0,0.0,inf,inf,,1.0,1.0,0.0,ok,
p037_zero_control,p037,abstraction_surrealism,,p037_zero_control,zero_control,lama,content_region,444672,0.0,94.0,768.0,673.0,0,0.0,0.0,0.0,0.0,0.0,0.0,0.0,0.0,inf,inf,,1.0,1.0,0.0,ok,
p038_loss_large,p038,abstraction_surrealism,,p038_loss_large,loss_large,lama,full_image,589824,0.0,0.0,768.0,768.0,44431,10.0965,7.5329,1982.524169921875,110.76321411132812,1871.7609558105469,11.825475692749023,2.0107364654541016,9.814739227294922,15.158618701495365,27.686848113154888,12.528229411659522,0.9414488195234858,0.9575897633698996,0.016140943846413847,ok,
p038_loss_large,p038,abstraction_surrealism,,p038_loss_large,loss_large,lama,content_region,440064,0.0,97.0,768.0,670.0,44431,10.0965,7.5329,2657.205322265625,148.45750427246094,2508.747817993164,15.849852561950684,2.6950185298919678,13.154834032058716,13.88655247224743,26.41478205539087,12.528229583143439,0.9213121701532563,0.9430042322537279,0.021692062100471587,ok,
p038_loss_large,p038,abstraction_surrealism,,p038_loss_large,loss_large,lama,masked_region,44431,,,,,44431,10.0965,7.5329,26318.12109375,1470.387939453125,24847.733154296875,156.9838409423828,26.69264030456543,130.29120063781738,3.928254800195954,16.456484290201324,12.52822949000537,,,,ok,
p038_loss_large,p038,abstraction_surrealism,,p038_loss_large,loss_large,lama,mask_bbox_crop,82476,342.0,145.0,603.0,461.0,44431,10.0965,7.5329,14177.947265625,792.1188354492188,13385.828430175781,84.56944274902344,14.379706382751465,70.18973636627197,6.6146700419190765,19.142900205557353,12.528230163638277,0.5699254694926602,0.6884851431012265,0.11855967360856634,ok,
p038_loss_small,p038,abstraction_surrealism,,p038_loss_small,loss_small,lama,full_image,589824,0.0,0.0,768.0,768.0,19642,4.4634,3.3301,841.1270141601562,10.90640640258789,830.2206077575684,5.068959712982178,0.34330806136131287,4.725651651620865,18.882187795957503,37.75398684213155,18.87179904617405,0.967418695333504,0.9876831609505757,0.020264465617071736,ok,
p038_loss_small,p038,abstraction_surrealism,,p038_loss_small,loss_small,lama,content_region,440064,0.0,97.0,768.0,670.0,19642,4.4634,3.3301,1127.374267578125,14.618008613586426,1112.7562589645386,6.7939982414245605,0.4601406455039978,6.333857595920563,17.610122430823093,36.481921474140904,18.87179904331781,0.9562134847339153,0.9834472110129434,0.027233726279028092,ok,
p038_loss_small,p038,abstraction_surrealism,,p038_loss_small,loss_small,lama,masked_region,19642,,,,,19642,4.4634,3.3301,25257.9609375,327.5053405761719,24930.455596923828,152.21434020996094,10.309099197387695,141.90524101257324,4.106820736088594,22.978619745130835,18.871799009042242,,,,ok,
p038_loss_small,p038,abstraction_surrealism,,p038_loss_small,loss_small,lama,mask_bbox_crop,271388,117.0,129.0,731.0,571.0,19642,4.4634,3.3301,1828.072021484375,23.703554153442383,1804.3684673309326,11.016676902770996,0.7461322546005249,10.270544648170471,15.51087059012173,34.38266891081401,18.87179832069228,0.9286344947082736,0.9730214166879899,0.044386921979716276,ok,
p038_mixed_damage,p038,abstraction_surrealism,,p038_mixed_damage,mixed_damage,lama,full_image,589824,0.0,0.0,768.0,768.0,45786,10.4044,7.7627,1981.7779541015625,75.56096649169922,1906.2169876098633,11.86037826538086,1.5692291259765625,10.291149139404297,15.16025367989388,29.347828565714316,14.187574885820435,0.9107144152879316,0.9588038231962775,0.04808940790834593,ok,
p038_mixed_damage,p038,abstraction_surrealism,,p038_mixed_damage,mixed_damage,lama,content_region,440064,0.0,97.0,768.0,670.0,45786,10.4044,7.7627,2656.20654296875,101.27540588378906,2554.931137084961,15.896637916564941,2.103260040283203,13.793377876281738,13.888185187171032,28.07576368476746,14.187578497596427,0.8809770621234755,0.9448009149449731,0.0638238528214976,ok,
p038_mixed_damage,p038,abstraction_surrealism,,p038_mixed_damage,mixed_damage,lama,masked_region,45786,,,,,45786,10.4044,7.7627,25529.650390625,973.3905639648438,24556.259826660156,152.78768920898438,20.21510887145996,132.5725803375244,4.060354933594689,18.24793228984937,14.187577356254682,,,,ok,
p038_mixed_damage,p038,abstraction_surrealism,,p038_mixed_damage,mixed_damage,lama,mask_bbox_crop,441161,19.0,89.0,768.0,678.0,45786,10.4044,7.7627,2649.60107421875,101.02356719970703,2548.577507019043,15.857107162475586,2.098029851913452,13.759077310562134,13.89899869688554,28.086576612352694,14.187577915467154,0.8803165991805627,0.9447783362059127,0.06446173702534996,ok,
p038_scratch_thin,p038,abstraction_surrealism,,p038_scratch_thin,scratch_thin,lama,full_image,589824,0.0,0.0,768.0,768.0,7989,1.8154,1.3545,366.9606628417969,2.80291748046875,364.1577453613281,2.135922431945801,0.1311306357383728,2.004791796207428,22.484608492762636,43.65470048803168,21.170091995269043,0.9626813795044481,0.9951958616163717,0.03251448211192365,ok,
p038_scratch_thin,p038,abstraction_surrealism,,p038_scratch_thin,scratch_thin,lama,content_region,440064,0.0,97.0,768.0,670.0,7989,1.8154,1.3545,491.8427734375,3.7567899227142334,488.08598351478577,2.862807035446167,0.17575626075267792,2.687050774693489,21.212540661111937,42.38263450594743,21.170093844835492,0.9537224746399019,0.9945107696490733,0.04078829500917136,ok,
p038_scratch_thin,p038,abstraction_surrealism,,p038_scratch_thin,scratch_thin,lama,masked_region,7989,,,,,7989,1.8154,1.3545,27092.533203125,206.9380340576172,26885.595169067383,157.69412231445312,9.68131160736084,148.01281070709229,3.8023074658026506,24.97240041960039,21.17009295379774,,,,ok,
p038_scratch_thin,p038,abstraction_surrealism,,p038_scratch_thin,scratch_thin,lama,mask_bbox_crop,393984,0.0,89.0,768.0,602.0,7989,1.8154,1.3545,549.3679809570312,4.19618034362793,545.1718006134033,3.1976382732391357,0.1963125467300415,3.0013257265090942,20.732170172120256,41.902262158174665,21.17009198605441,0.9439116591368628,0.9927795789973874,0.04886791986052463,ok,
p038_zero_control,p038,abstraction_surrealism,,p038_zero_control,zero_control,lama,full_image,589824,0.0,0.0,768.0,768.0,0,0.0,0.0,0.0,0.0,0.0,0.0,0.0,0.0,inf,inf,,1.0,1.0,0.0,ok,
p038_zero_control,p038,abstraction_surrealism,,p038_zero_control,zero_control,lama,content_region,440064,0.0,97.0,768.0,670.0,0,0.0,0.0,0.0,0.0,0.0,0.0,0.0,0.0,inf,inf,,1.0,1.0,0.0,ok,
p039_loss_large,p039,abstraction_surrealism,,p039_loss_large,loss_large,lama,full_image,589824,0.0,0.0,768.0,768.0,45190,10.4328,7.6616,1059.4830322265625,57.46780014038086,1002.0152320861816,8.304465293884277,1.368884563446045,6.935580730438232,17.87986355054114,30.536557881500705,12.656694330959567,0.9523380461507855,0.9629922902831316,0.010654244132346058,ok,
p039_loss_large,p039,abstraction_surrealism,,p039_loss_large,loss_large,lama,content_region,433152,0.0,102.0,768.0,666.0,45190,10.4328,7.6616,1442.700439453125,78.25402069091797,1364.446418762207,11.308207511901855,1.8640130758285522,9.444194436073303,16.539041967863433,29.19573700029368,12.656695032430246,0.9349132458188146,0.9494625899565347,0.014549344137720022,ok,
p039_loss_large,p039,abstraction_surrealism,,p039_loss_large,loss_large,lama,masked_region,45190,,,,,45190,10.4328,7.6616,13828.470703125,750.0748291015625,13078.395874023438,108.39063262939453,17.866806030273438,90.5238265991211,6.723062069276392,19.37975769149795,12.656695622221559,,,,ok,
p039_loss_large,p039,abstraction_surrealism,,p039_loss_large,loss_large,lama,mask_bbox_crop,78300,288.0,161.0,549.0,461.0,45190,10.4328,7.6616,7980.953125,432.89764404296875,7548.055480957031,62.55648422241211,10.31163501739502,52.24484920501709,9.110256008192009,21.76695138607358,12.65669537788157,0.6308573091793791,0.7133746218375153,0.08251731265813622,ok,
p039_loss_small,p039,abstraction_surrealism,,p039_loss_small,loss_small,lama,full_image,589824,0.0,0.0,768.0,768.0,18244,4.2119,3.0931,591.3614501953125,21.012691497802734,570.3487586975098,3.937849760055542,0.46925750374794006,3.468592256307602,20.412273506425258,34.90598676487721,14.493713258451955,0.9704100609474317,0.9855134720282802,0.015103411080848561,ok,
p039_loss_small,p039,abstraction_surrealism,,p039_loss_small,loss_small,lama,content_region,433152,0.0,102.0,768.0,666.0,18244,4.2119,3.0931,805.2578735351562,28.613025665283203,776.644847869873,5.362178325653076,0.6389889121055603,4.723189413547516,19.07145380973009,33.5651657645452,14.493711954815108,0.9595922337669228,0.980217322017114,0.02062508825019116,ok,
p039_loss_small,p039,abstraction_surrealism,,p039_loss_small,loss_small,lama,masked_region,18244,,,,,18244,4.2119,3.0931,19118.564453125,679.3350219726562,18439.229431152344,127.30970764160156,15.170978546142578,112.13872909545898,5.316250813740685,19.80996356379636,14.493712750055675,,,,ok,
p039_loss_small,p039,abstraction_surrealism,,p039_loss_small,loss_small,lama,mask_bbox_crop,302904,24.0,111.0,625.0,615.0,18244,4.2119,3.0931,1151.5167236328125,40.91655731201172,1110.6001663208008,7.66790246963501,0.9137526750564575,6.754149794578552,17.51810111204476,32.0118127549774,14.493711642932638,0.9420160623291808,0.9716124479510917,0.029596385621910914,ok,
p039_mixed_damage,p039,abstraction_surrealism,,p039_mixed_damage,mixed_damage,lama,full_image,589824,0.0,0.0,768.0,768.0,40658,9.3865,6.8932,2201.361328125,46.03178787231445,2155.3295402526855,11.868010520935059,1.1529489755630493,10.71506154537201,14.703890280230574,31.500225176706248,16.796334896475674,0.9226449688089846,0.9657850406527828,0.0431400718437982,ok,
p039_mixed_damage,p039,abstraction_surrealism,,p039_mixed_damage,mixed_damage,lama,content_region,433152,0.0,102.0,768.0,666.0,40658,9.3865,6.8932,2997.598388671875,62.68161392211914,2934.916774749756,16.160694122314453,1.569973111152649,14.590721011161804,13.363069142326296,30.15940190741318,16.796332765086884,0.8958856973388123,0.9534831121117421,0.05759741477292979,ok,
p039_mixed_damage,p039,abstraction_surrealism,,p039_mixed_damage,mixed_damage,lama,masked_region,40658,,,,,40658,9.3865,6.8932,31935.0625,667.7813720703125,31267.281127929688,172.1687469482422,16.725786209106445,155.44296073913574,3.088125904168514,19.884460607346256,16.79633470317774,,,,ok,
p039_mixed_damage,p039,abstraction_surrealism,,p039_mixed_damage,mixed_damage,lama,mask_bbox_crop,319580,30.0,94.0,581.0,674.0,40658,9.3865,6.8932,4062.88134765625,84.95732116699219,3977.924026489258,21.90386962890625,2.12790846824646,19.77596116065979,12.042462214877428,28.83879550877397,16.79633329389654,0.8564212680021894,0.936493588034378,0.08007232003218856,ok,
p039_scratch_thin,p039,abstraction_surrealism,,p039_scratch_thin,scratch_thin,lama,full_image,589824,0.0,0.0,768.0,768.0,9456,2.1831,1.6032,397.65936279296875,2.4386234283447266,395.220739364624,2.374739408493042,0.13606545329093933,2.2386739552021027,22.135691486008202,44.25935619028313,22.123664704274926,0.9506580238385932,0.9935592285528186,0.04290120471422543,ok,
p039_scratch_thin,p039,abstraction_surrealism,,p039_scratch_thin,scratch_thin,lama,content_region,433152,0.0,102.0,768.0,666.0,9456,2.1831,1.6032,541.4935913085938,3.3206787109375,538.1729125976562,3.2336878776550293,0.18528060615062714,3.048407271504402,20.79487039843384,42.91853502980143,22.123664631367593,0.9331530087544819,0.9913551646765376,0.05820215592205569,ok,
p039_scratch_thin,p039,abstraction_surrealism,,p039_scratch_thin,scratch_thin,lama,masked_region,9456,,,,,9456,2.1831,1.6032,24804.26171875,152.11068725585938,24652.15103149414,148.12588500976562,8.487168312072754,139.63871669769287,4.185540557704331,26.309206323297687,22.123665765593355,,,,ok,
p039_scratch_thin,p039,abstraction_surrealism,,p039_scratch_thin,scratch_thin,lama,mask_bbox_crop,445440,0.0,94.0,768.0,674.0,9456,2.1831,1.6032,526.5559692382812,3.2290737628936768,523.3268954753876,3.1444826126098633,0.18016941845417023,2.964313194155693,20.916358204091658,43.04002394992341,22.12366574583175,0.9344972372212682,0.9914497075910242,0.056952470369756036,ok,
p039_zero_control,p039,abstraction_surrealism,,p039_zero_control,zero_control,lama,full_image,589824,0.0,0.0,768.0,768.0,0,0.0,0.0,0.0,0.0,0.0,0.0,0.0,0.0,inf,inf,,1.0,1.0,0.0,ok,
p039_zero_control,p039,abstraction_surrealism,,p039_zero_control,zero_control,lama,content_region,433152,0.0,102.0,768.0,666.0,0,0.0,0.0,0.0,0.0,0.0,0.0,0.0,0.0,inf,inf,,1.0,1.0,0.0,ok,
p040_loss_large,p040,abstraction_surrealism,,p040_loss_large,loss_large,lama,full_image,589824,0.0,0.0,768.0,768.0,47500,10.4475,8.0532,2576.736083984375,257.2459716796875,2319.4901123046875,13.641753196716309,3.0273380279541016,10.614415168762207,14.020104216102812,24.027317781758338,10.007213565655526,0.9268889325219822,0.9437883051134138,0.016899372591431594,ok,
p040_loss_large,p040,abstraction_surrealism,,p040_loss_large,loss_large,lama,content_region,454656,0.0,88.0,768.0,680.0,47500,10.4475,8.0532,3342.79345703125,333.72454833984375,3009.0689086914062,17.697410583496094,3.9273574352264404,13.770053148269653,12.889708174320072,22.89692206905919,10.007213894739118,0.90493065969582,0.9269056117686368,0.021974952072816856,ok,
p040_loss_large,p040,abstraction_surrealism,,p040_loss_large,loss_large,lama,masked_region,47500,,,,,47500,10.4475,8.0532,31996.23046875,3194.313232421875,28801.917236328125,169.3944091796875,37.59150695800781,131.8029022216797,3.079815445183623,13.087028603233062,10.007213158049439,,,,ok,
p040_loss_large,p040,abstraction_surrealism,,p040_loss_large,loss_large,lama,mask_bbox_crop,94863,10.0,268.0,319.0,575.0,47500,10.4475,8.0532,16021.2197265625,1599.46337890625,14421.75634765625,84.81952667236328,18.822898864746094,65.99662780761719,6.083847841789494,16.09106059880737,10.007212757017877,0.5345383083373667,0.6421281825627848,0.1075898742254181,ok,
p040_loss_small,p040,abstraction_surrealism,,p040_loss_small,loss_small,lama,full_image,589824,0.0,0.0,768.0,768.0,23305,5.1259,3.9512,1171.34228515625,22.09218978881836,1149.2500953674316,6.408724308013916,0.6108850836753845,5.7978392243385315,17.44396539379543,34.688415953782616,17.244450559987186,0.9577423819369818,0.977471331551921,0.019728949614939206,ok,
p040_loss_small,p040,abstraction_surrealism,,p040_loss_small,loss_small,lama,content_region,454656,0.0,88.0,768.0,680.0,23305,5.1259,3.9512,1519.5789794921875,28.66013526916504,1490.9188442230225,8.314020156860352,0.7924995422363281,7.521520614624023,16.31357083588341,33.55802125032917,17.244450414445758,0.945050674122833,0.9707050420521565,0.02565436792932352,ok,
p040_loss_small,p040,abstraction_surrealism,,p040_loss_small,loss_small,lama,masked_region,23305,,,,,23305,5.1259,3.9512,29645.38671875,559.1290893554688,29086.25762939453,162.19778442382812,15.460830688476562,146.73695373535156,3.411232408563922,20.65568273334825,17.244450324784328,,,,ok,
p040_loss_small,p040,abstraction_surrealism,,p040_loss_small,loss_small,lama,mask_bbox_crop,369520,2.0,158.0,747.0,654.0,23305,5.1259,3.9512,1869.6837158203125,35.2633171081543,1834.4203987121582,10.229538917541504,0.9750884175300598,9.254450500011444,15.413122153429393,32.65757198281557,17.244449829386177,0.9322398376665016,0.9638752418812895,0.03163540421478783,ok,
p040_mixed_damage,p040,abstraction_surrealism,,p040_mixed_damage,mixed_damage,lama,full_image,589824,0.0,0.0,768.0,768.0,47749,10.5022,8.0955,2596.60302734375,93.75829315185547,2502.8447341918945,13.773767471313477,1.7210512161254883,12.052716255187988,13.986748017707695,28.410706683530023,14.423958665822328,0.9059049315883717,0.9510393139333368,0.04513438234496514,ok,
p040_mixed_damage,p040,abstraction_surrealism,,p040_mixed_damage,mixed_damage,lama,content_region,454656,0.0,88.0,768.0,680.0,47749,10.5022,8.0955,3368.563720703125,121.63237762451172,3246.9313430786133,17.868667602539062,2.232715129852295,15.635952472686768,12.856355938643823,27.2803116461562,14.423955707512377,0.87865312009544,0.9365212776283592,0.057868157532919184,ok,
p040_mixed_damage,p040,abstraction_surrealism,,p040_mixed_damage,mixed_damage,lama,masked_region,47749,,,,,47749,10.5022,8.0955,32074.767578125,1158.158447265625,30916.609130859375,170.14166259765625,21.25944709777832,148.88221549987793,3.0691684281715625,17.493123817305577,14.423955389134015,,,,ok,
p040_mixed_damage,p040,abstraction_surrealism,,p040_mixed_damage,mixed_damage,lama,mask_bbox_crop,389331,0.0,80.0,717.0,623.0,47749,10.5022,8.0955,3933.76953125,142.04087829589844,3791.7286529541016,20.866796493530273,2.607337474822998,18.259459018707275,12.182714486598735,26.60667011812517,14.423955631526434,0.8569022126288898,0.925541625479649,0.06863941285075925,ok,
p040_scratch_thin,p040,abstraction_surrealism,,p040_scratch_thin,scratch_thin,lama,full_image,589824,0.0,0.0,768.0,768.0,12885,2.834,2.1845,637.8098754882812,6.388078689575195,631.421796798706,3.495199680328369,0.2586568295955658,3.2365428507328033,20.083891215381676,40.077101036460164,19.993209821078487,0.9394631382343307,0.9875834136343066,0.048120275399975876,ok,
p040_scratch_thin,p040,abstraction_surrealism,,p040_scratch_thin,scratch_thin,lama,content_region,454656,0.0,88.0,768.0,680.0,12885,2.834,2.1845,827.4291381835938,8.287237167358398,819.1419010162354,4.534313201904297,0.3355547785758972,4.1987584233284,18.953495502190673,38.946705930389115,19.99321042819844,0.9265598739505053,0.9856730724445262,0.05911319849402086,ok,
p040_scratch_thin,p040,abstraction_surrealism,,p040_scratch_thin,scratch_thin,lama,masked_region,12885,,,,,12885,2.834,2.1845,29196.3984375,292.4208068847656,28903.977630615234,159.99632263183594,11.840279579162598,148.15604305267334,3.477510791177547,23.47072089730695,19.993210106129403,,,,ok,
p040_scratch_thin,p040,abstraction_surrealism,,p040_scratch_thin,scratch_thin,lama,mask_bbox_crop,466944,0.0,80.0,768.0,688.0,12885,2.834,2.1845,805.6546020507812,8.069151878356934,797.5854501724243,4.414988994598389,0.32672441005706787,4.088264584541321,19.069314686577915,39.06252470991701,19.993210023339092,0.9233736068680402,0.9842833242347869,0.060909717366746774,ok,
p040_zero_control,p040,abstraction_surrealism,,p040_zero_control,zero_control,lama,full_image,589824,0.0,0.0,768.0,768.0,0,0.0,0.0,0.0,0.0,0.0,0.0,0.0,0.0,inf,inf,,1.0,1.0,0.0,ok,
p040_zero_control,p040,abstraction_surrealism,,p040_zero_control,zero_control,lama,content_region,454656,0.0,88.0,768.0,680.0,0,0.0,0.0,0.0,0.0,0.0,0.0,0.0,0.0,inf,inf,,1.0,1.0,0.0,ok,
p041_loss_large,p041,high_texture_brushwork,,p041_loss_large,loss_large,lama,full_image,589824,0.0,0.0,768.0,768.0,67806,14.4499,11.496,2239.109130859375,131.71432495117188,2107.394805908203,15.442622184753418,2.9170854091644287,12.52553677558899,14.630050999038717,26.934473504548674,12.304422505509956,0.8962426178969946,0.9021409224073288,0.00589830451033424,ok,
p041_loss_large,p041,high_texture_brushwork,,p041_loss_large,loss_large,lama,content_region,469248,0.0,78.0,768.0,689.0,67806,14.4499,11.496,2814.4619140625,165.55909729003906,2648.902816772461,19.410696029663086,3.666647434234619,15.744048595428467,13.63684984803439,25.941273111207266,12.304423263172877,0.8693171484917519,0.876746087395677,0.007428938903925153,ok,
p041_loss_large,p041,high_texture_brushwork,,p041_loss_large,loss_large,lama,masked_region,67806,,,,,67806,14.4499,11.496,19477.33984375,1145.7435302734375,18331.596313476562,134.33074951171875,25.374849319458008,108.95590019226074,5.235507189038493,17.539929472962562,12.304422283924069,,,,ok,
p041_loss_large,p041,high_texture_brushwork,,p041_loss_large,loss_large,lama,mask_bbox_crop,123836,7.0,234.0,339.0,607.0,67806,14.4499,11.496,10664.7548828125,627.3480834960938,10037.406799316406,73.55237579345703,13.893916130065918,59.65845966339111,7.851294827294662,20.155717852758475,12.304423025463812,0.4964468884353483,0.5250724139539704,0.02862552551862213,ok,
p041_loss_small,p041,high_texture_brushwork,,p041_loss_small,loss_small,lama,full_image,589824,0.0,0.0,768.0,768.0,19064,4.0627,3.2322,519.9415893554688,20.99235725402832,498.94923210144043,3.90956974029541,0.6048301458358765,3.3047395944595337,20.97125803474359,34.91019152159915,13.93893348685556,0.9639466673792653,0.9750254460148643,0.01107877863559903,ok,
p041_loss_small,p041,high_texture_brushwork,,p041_loss_small,loss_small,lama,content_region,469248,0.0,78.0,768.0,689.0,19064,4.0627,3.2322,653.543701171875,26.386457443237305,627.1572437286377,4.914156436920166,0.7602447867393494,4.153911650180817,19.978057275691988,33.91699273646232,13.938935460770331,0.9545906785834712,0.9685444460550854,0.013953767471614142,ok,
p041_loss_small,p041,high_texture_brushwork,,p041_loss_small,loss_small,lama,masked_region,19064,,,,,19064,4.0627,3.2322,16086.5517578125,649.485595703125,15437.066162109375,120.95877075195312,18.712932586669922,102.2458381652832,6.066174002398073,20.005108371386445,13.938934368988372,,,,ok,
p041_loss_small,p041,high_texture_brushwork,,p041_loss_small,loss_small,lama,mask_bbox_crop,169100,58.0,128.0,503.0,508.0,19064,4.0627,3.2322,1813.566162109375,73.22171783447266,1740.3444442749023,13.636652946472168,2.10965895652771,11.526993989944458,15.54546956829662,29.484404473401415,13.938934905104796,0.8724973428536319,0.9116774577360705,0.039180114882438555,ok,
p041_mixed_damage,p041,high_texture_brushwork,,p041_mixed_damage,mixed_damage,lama,full_image,589824,0.0,0.0,768.0,768.0,41902,8.9296,7.1042,1802.793212890625,81.07872772216797,1721.714485168457,10.846076011657715,1.7365106344223022,9.109565377235413,15.571344464865533,29.04173435691255,13.470389892047017,0.9150479393913074,0.9426309566341057,0.027583017242798324,ok,
p041_mixed_damage,p041,high_texture_brushwork,,p041_mixed_damage,mixed_damage,lama,content_region,469248,0.0,78.0,768.0,689.0,41902,8.9296,7.1042,2266.031494140625,101.91238403320312,2164.119110107422,13.633047103881836,2.1827170848846436,11.450330018997192,14.57814419313861,28.048533997221952,13.470389804083341,0.8935610823199426,0.9278329514319544,0.034271869112011855,ok,
p041_mixed_damage,p041,high_texture_brushwork,,p041_mixed_damage,mixed_damage,lama,masked_region,41902,,,,,41902,8.9296,7.1042,25376.609375,1141.2864990234375,24235.322875976562,152.67239379882812,24.4435977935791,128.22879600524902,4.086467662809069,17.556856811067128,13.470389148258059,,,,ok,
p041_mixed_damage,p041,high_texture_brushwork,,p041_mixed_damage,mixed_damage,lama,mask_bbox_crop,413909,77.0,98.0,768.0,697.0,41902,8.9296,7.1042,2568.99609375,115.53791046142578,2453.458183288574,15.455758094787598,2.4745430946350098,12.981215000152588,14.033169169612798,27.50355851940502,13.470389349792221,0.8785664768280214,0.9179946312424848,0.03942815441446346,ok,
p041_scratch_thin,p041,high_texture_brushwork,,p041_scratch_thin,scratch_thin,lama,full_image,589824,0.0,0.0,768.0,768.0,11793,2.5132,1.9994,533.1347045898438,11.65327262878418,521.4814319610596,3.0385630130767822,0.31634974479675293,2.7222132682800293,20.86243406871747,37.46632453958107,16.603890470863604,0.9401873131396111,0.9879461953674561,0.04775888222784497,ok,
p041_scratch_thin,p041,high_texture_brushwork,,p041_scratch_thin,scratch_thin,lama,content_region,469248,0.0,78.0,768.0,689.0,11793,2.5132,1.9994,670.1268310546875,14.647648811340332,655.4791822433472,3.8193392753601074,0.39763763546943665,3.4217016398906708,19.869233539665967,36.4731244199408,16.603890880274836,0.9309692729727068,0.9860512480007174,0.0550819750280106,ok,
p041_scratch_thin,p041,high_texture_brushwork,,p041_scratch_thin,scratch_thin,lama,masked_region,11793,,,,,11793,2.5132,1.9994,26664.6015625,582.8355712890625,26081.765991210938,151.9729766845703,15.82215404510498,136.15082263946533,3.8714526227337083,20.475343113472995,16.603890490739285,,,,ok,
p041_scratch_thin,p041,high_texture_brushwork,,p041_scratch_thin,scratch_thin,lama,mask_bbox_crop,481536,0.0,70.0,768.0,697.0,11793,2.5132,1.9994,653.026123046875,14.273870468139648,638.7522525787354,3.7218761444091797,0.3874906003475189,3.3343855440616608,19.98149806134665,36.585386095446204,16.603888034099555,0.9266066547703439,0.9852093411755258,0.05860268640518196,ok,
p041_zero_control,p041,high_texture_brushwork,,p041_zero_control,zero_control,lama,full_image,589824,0.0,0.0,768.0,768.0,0,0.0,0.0,0.0,0.0,0.0,0.0,0.0,0.0,inf,inf,,1.0,1.0,0.0,ok,
p041_zero_control,p041,high_texture_brushwork,,p041_zero_control,zero_control,lama,content_region,469248,0.0,78.0,768.0,689.0,0,0.0,0.0,0.0,0.0,0.0,0.0,0.0,0.0,inf,inf,,1.0,1.0,0.0,ok,
p042_loss_large,p042,high_texture_brushwork,,p042_loss_large,loss_large,lama,full_image,589824,0.0,0.0,768.0,768.0,44565,11.7464,7.5556,394.41314697265625,0.7014256119728088,393.71172136068344,5.303832530975342,0.17874202132225037,5.125090509653091,22.171289780203463,49.67098741131119,27.499697631107725,0.9830628997372717,0.9933666787861463,0.010303779048874584,ok,
p042_loss_large,p042,high_texture_brushwork,,p042_loss_large,loss_large,lama,content_region,379392,0.0,137.0,768.0,631.0,44565,11.7464,7.5556,613.1766967773438,1.0904754400253296,612.0862213373184,8.245634078979492,0.27788233757019043,7.967751741409302,20.254947193387316,47.75464472137592,27.4996975279886,0.9735531344258216,0.9896422320390235,0.016089097613201875,ok,
p042_loss_large,p042,high_texture_brushwork,,p042_loss_large,loss_large,lama,masked_region,44565,,,,,44565,11.7464,7.5556,5220.11279296875,9.283466339111328,5210.829326629639,70.19696044921875,2.365675687789917,67.83128476142883,10.95400473797698,38.45370193823428,27.4996972002573,,,,ok,
p042_loss_large,p042,high_texture_brushwork,,p042_loss_large,loss_large,lama,mask_bbox_crop,72884,402.0,162.0,676.0,428.0,44565,11.7464,7.5556,3191.84326171875,5.676385402679443,3186.1668763160706,42.9220085144043,1.4464949369430542,41.47551357746124,13.090388040795556,40.59008486313847,27.499696822342916,0.8588630073916259,0.9447244810146772,0.0858614736230513,ok,
p042_loss_small,p042,high_texture_brushwork,,p042_loss_small,loss_small,lama,full_image,589824,0.0,0.0,768.0,768.0,22038,5.8088,3.7364,681.2460327148438,16.66626739501953,664.5797653198242,4.676217555999756,0.49665719270706177,4.179560363292694,19.797763747209267,35.91242015464565,16.114656407436385,0.966862399356522,0.9820613138557418,0.01519891449921984,ok,
p042_loss_small,p042,high_texture_brushwork,,p042_loss_small,loss_small,lama,content_region,379392,0.0,137.0,768.0,631.0,22038,5.8088,3.7364,1059.10302734375,25.910308837890625,1033.1927185058594,7.269908905029297,0.7721310257911682,6.497777879238129,17.88142151439846,33.99607771278753,16.11465619838907,0.9482564514542412,0.9719891827009737,0.023732731246732475,ok,
p042_loss_small,p042,high_texture_brushwork,,p042_loss_small,loss_small,lama,masked_region,22038,,,,,22038,5.8088,3.7364,18232.833984375,446.0552062988281,17786.778778076172,125.15406799316406,13.292510032653809,111.86155796051025,5.522261832651178,21.636917481037578,16.1146556483864,,,,ok,
p042_loss_small,p042,high_texture_brushwork,,p042_loss_small,loss_small,lama,mask_bbox_crop,287105,42.0,169.0,673.0,624.0,22038,5.8088,3.7364,1399.5411376953125,34.23891830444336,1365.3022193908691,9.6067476272583,1.02032470703125,8.58642292022705,16.67094692355477,32.78560325126578,16.114656327711014,0.9314346583945423,0.9628828847125278,0.031448226317985495,ok,
p042_mixed_damage,p042,high_texture_brushwork,,p042_mixed_damage,mixed_damage,lama,full_image,589824,0.0,0.0,768.0,768.0,39707,10.466,6.732,895.0679931640625,20.694393157958984,874.3736000061035,6.858849048614502,0.5601015686988831,6.298747479915619,18.612243334465738,34.97227665188581,16.36003331742007,0.950236238909356,0.9806336521217109,0.030397413212354896,ok,
p042_mixed_damage,p042,high_texture_brushwork,,p042_mixed_damage,mixed_damage,lama,content_region,379392,0.0,137.0,768.0,631.0,39707,10.466,6.732,1391.52294921875,32.17265701293945,1359.3502922058105,10.6631498336792,0.8707651495933533,9.792384684085846,16.69589987684819,33.05593431815255,16.36003444130436,0.9260690269204092,0.9707561677762516,0.04468714085584247,ok,
p042_mixed_damage,p042,high_texture_brushwork,,p042_mixed_damage,mixed_damage,lama,masked_region,39707,,,,,39707,10.466,6.732,13295.70703125,307.4029541015625,12988.304077148438,101.88414001464844,8.319976806640625,93.56416320800781,6.893689239309795,23.253723241718383,16.36003400240859,,,,ok,
p042_mixed_damage,p042,high_texture_brushwork,,p042_mixed_damage,mixed_damage,lama,mask_bbox_crop,308040,164.0,129.0,768.0,639.0,39707,10.466,6.732,1713.84423828125,39.62488555908203,1674.219352722168,13.133078575134277,1.0724624395370483,12.060616135597229,15.791090120840305,32.15112339929319,16.360033278452885,0.9041280813866477,0.9626899396883749,0.05856185830172722,ok,
p042_scratch_thin,p042,high_texture_brushwork,,p042_scratch_thin,scratch_thin,lama,full_image,589824,0.0,0.0,768.0,768.0,7950,2.0955,1.3479,323.986572265625,9.852410316467285,314.1341619491577,1.8988438844680786,0.1960839182138443,1.7027599662542343,23.025533497717554,38.195378705645396,15.169845207927843,0.9608336136187917,0.9937231914321613,0.03288957781336954,ok,
p042_scratch_thin,p042,high_texture_brushwork,,p042_scratch_thin,scratch_thin,lama,content_region,379392,0.0,137.0,768.0,631.0,7950,2.0955,1.3479,503.6875915527344,15.317107200622559,488.3704843521118,2.9520487785339355,0.304843008518219,2.6472057700157166,21.109191088121733,36.27903608980906,15.169845001687328,0.943927972823117,0.991250455296962,0.04732248247384496,ok,
p042_scratch_thin,p042,high_texture_brushwork,,p042_scratch_thin,scratch_thin,lama,masked_region,7950,,,,,7950,2.0955,1.3479,24037.111328125,730.967041015625,23306.144287109375,140.87844848632812,14.547799110412598,126.33064937591553,4.3219808595794325,19.491825656169475,15.169844796590041,,,,ok,
p042_scratch_thin,p042,high_texture_brushwork,,p042_scratch_thin,scratch_thin,lama,mask_bbox_crop,387840,0.0,134.0,768.0,639.0,7950,2.0955,1.3479,492.71612548828125,14.983467102050781,477.73265838623047,2.887746572494507,0.29820287227630615,2.5895437002182007,21.204835848808482,36.37468042226456,15.169844573456079,0.9401908087725838,0.9904149736899935,0.050224164917409775,ok,
p042_zero_control,p042,high_texture_brushwork,,p042_zero_control,zero_control,lama,full_image,589824,0.0,0.0,768.0,768.0,0,0.0,0.0,0.0,0.0,0.0,0.0,0.0,0.0,inf,inf,,1.0,1.0,0.0,ok,
p042_zero_control,p042,high_texture_brushwork,,p042_zero_control,zero_control,lama,content_region,379392,0.0,137.0,768.0,631.0,0,0.0,0.0,0.0,0.0,0.0,0.0,0.0,0.0,inf,inf,,1.0,1.0,0.0,ok,
p043_loss_large,p043,high_texture_brushwork,,p043_loss_large,loss_large,lama,full_image,589824,0.0,0.0,768.0,768.0,55790,11.8892,9.4588,2448.871826171875,154.3542938232422,2294.517532348633,14.627177238464355,2.80515718460083,11.822020053863525,14.241143060996723,26.24561645690529,12.004473395908565,0.919624037500633,0.9406933415700505,0.021069304069417427,ok,
p043_loss_large,p043,high_texture_brushwork,,p043_loss_large,loss_large,lama,content_region,469248,0.0,78.0,768.0,689.0,55790,11.8892,9.4588,3078.1240234375,194.01646423339844,2884.1075592041016,18.38571548461914,3.52595853805542,14.85975694656372,13.247942464740088,25.252417751525456,12.004475286785368,0.8987661430999708,0.9253030186386422,0.026536875538671345,ok,
p043_loss_large,p043,high_texture_brushwork,,p043_loss_large,loss_large,lama,masked_region,55790,,,,,55790,11.8892,9.4588,25890.0078125,1631.8665771484375,24258.141235351562,154.64169311523438,29.65673065185547,124.9849624633789,3.99948179381469,16.00395713298682,12.00447533917213,,,,ok,
p043_loss_large,p043,high_texture_brushwork,,p043_loss_large,loss_large,lama,mask_bbox_crop,94815,187.0,316.0,502.0,617.0,55790,11.8892,9.4588,15233.912109375,960.2049560546875,14273.707153320312,90.9925765991211,17.450286865234375,73.54228973388672,6.302689152245369,18.307164176375462,12.004475024130093,0.48801689024758016,0.6222252714892281,0.13420838124164797,ok,
p043_loss_small,p043,high_texture_brushwork,,p043_loss_small,loss_small,lama,full_image,589824,0.0,0.0,768.0,768.0,26756,5.7019,4.5363,1231.7415771484375,15.853569984436035,1215.8880071640015,7.2173848152160645,0.538909912109375,6.6784749031066895,17.225607596879314,36.12953286745569,18.903925270576373,0.9538369708824925,0.9811647440552709,0.027327773172778347,ok,
p043_loss_small,p043,high_texture_brushwork,,p043_loss_small,loss_small,lama,content_region,469248,0.0,78.0,768.0,689.0,26756,5.7019,4.5363,1548.2440185546875,19.927236557006836,1528.3167819976807,9.07193374633789,0.6773859262466431,8.394547820091248,16.232409500249652,35.136332845083864,18.90392334483421,0.9418574740701809,0.9762769173059777,0.03441944323579671,ok,
p043_loss_small,p043,high_texture_brushwork,,p043_loss_small,loss_small,lama,masked_region,26756,,,,,26756,5.7019,4.5363,27153.181640625,349.4847717285156,26803.696868896484,159.10400390625,11.880026817321777,147.22397708892822,3.7925963604027717,22.696521041005457,18.903924680602685,,,,ok,
p043_loss_small,p043,high_texture_brushwork,,p043_loss_small,loss_small,lama,mask_bbox_crop,318987,52.0,118.0,655.0,647.0,26756,5.7019,4.5363,2277.55517578125,29.3140926361084,2248.2410831451416,13.345329284667969,0.9964731931686401,12.348856091499329,14.556114539288798,33.46003904926998,18.90392450998118,0.914152387562714,0.9649727978555265,0.05082041029281248,ok,
p043_mixed_damage,p043,high_texture_brushwork,,p043_mixed_damage,mixed_damage,lama,full_image,589824,0.0,0.0,768.0,768.0,46214,9.8485,7.8352,1983.8740234375,71.28329467773438,1912.5907287597656,11.940089225769043,1.5281693935394287,10.411919832229614,15.1556626999682,29.60092596504463,14.44526326507643,0.8990512267297442,0.9596344424832152,0.06058321575347092,ok,
p043_mixed_damage,p043,high_texture_brushwork,,p043_mixed_damage,mixed_damage,lama,content_region,469248,0.0,78.0,768.0,689.0,46214,9.8485,7.8352,2493.640625,89.59999084472656,2404.0406341552734,15.008169174194336,1.9208414554595947,13.087327718734741,14.162464962584107,28.60772395581733,14.445258993233224,0.8770406872197481,0.9512514971282622,0.07421080990851403,ok,
p043_mixed_damage,p043,high_texture_brushwork,,p043_mixed_damage,mixed_damage,lama,masked_region,46214,,,,,46214,9.8485,7.8352,25319.95703125,909.7805786132812,24410.17645263672,152.39002990722656,19.50385093688965,132.8861789703369,4.096173965331321,18.541436993028707,14.445263027697386,,,,ok,
p043_mixed_damage,p043,high_texture_brushwork,,p043_mixed_damage,mixed_damage,lama,mask_bbox_crop,481536,0.0,70.0,768.0,697.0,46214,9.8485,7.8352,2430.008056640625,87.31352233886719,2342.694534301758,14.62518310546875,1.8718247413635254,12.753358364105225,14.274726473729869,28.719988523012287,14.445262049282418,0.8761304907698317,0.9504693158972785,0.07433882512744672,ok,
p043_scratch_thin,p043,high_texture_brushwork,,p043_scratch_thin,scratch_thin,lama,full_image,589824,0.0,0.0,768.0,768.0,9357,1.994,1.5864,474.3210144042969,3.511986017227173,470.8090283870697,2.6466715335845947,0.14481665194034576,2.501854881644249,21.370079947282594,42.67527582749213,21.305195880209535,0.9480696085074616,0.9935706047775876,0.04550099627012605,ok,
p043_scratch_thin,p043,high_texture_brushwork,,p043_scratch_thin,scratch_thin,lama,content_region,469248,0.0,78.0,768.0,689.0,9357,1.994,1.5864,596.200439453125,4.4144110679626465,591.7860283851624,3.326749086380005,0.182028129696846,3.144720956683159,20.37688069057248,41.682075888534335,21.305195197961854,0.9388628158064461,0.9940126852903522,0.0551498694839061,ok,
p043_scratch_thin,p043,high_texture_brushwork,,p043_scratch_thin,scratch_thin,lama,masked_region,9357,,,,,9357,1.994,1.5864,29899.095703125,221.38011169433594,29677.715591430664,166.83448791503906,9.128602027893066,157.705885887146,3.3742230756293976,24.679417586403574,21.305194510774175,,,,ok,
p043_scratch_thin,p043,high_texture_brushwork,,p043_scratch_thin,scratch_thin,lama,mask_bbox_crop,481536,0.0,70.0,768.0,697.0,9357,1.994,1.5864,580.9865112304688,4.30176305770874,576.68474817276,3.2418558597564697,0.17738306522369385,3.064472794532776,20.4891431137978,41.794338752171,21.3051956383732,0.9362786500526341,0.9921107904034168,0.055832140350782655,ok,
p043_zero_control,p043,high_texture_brushwork,,p043_zero_control,zero_control,lama,full_image,589824,0.0,0.0,768.0,768.0,0,0.0,0.0,0.0,0.0,0.0,0.0,0.0,0.0,inf,inf,,1.0,1.0,0.0,ok,
p043_zero_control,p043,high_texture_brushwork,,p043_zero_control,zero_control,lama,content_region,469248,0.0,78.0,768.0,689.0,0,0.0,0.0,0.0,0.0,0.0,0.0,0.0,0.0,inf,inf,,1.0,1.0,0.0,ok,
p044_loss_large,p044,high_texture_brushwork,,p044_loss_large,loss_large,lama,full_image,589824,0.0,0.0,768.0,768.0,49735,10.1028,8.4322,1369.7130126953125,24.072622299194336,1345.6403903961182,10.294282913208008,1.0147196054458618,9.279563307762146,16.76450779156096,34.31556959083173,17.55106179927077,0.949484204187678,0.9629380783938485,0.013453874206170502,ok,
p044_loss_large,p044,high_texture_brushwork,,p044_loss_large,loss_large,lama,content_region,492288,0.0,63.0,768.0,704.0,49735,10.1028,8.4322,1641.0916748046875,28.842092514038086,1612.2495822906494,12.333864212036133,1.2157639265060425,11.11810028553009,15.979475185413607,33.530535953082655,17.55106076766905,0.9393810450252135,0.9555256940726182,0.016144649047404758,ok,
p044_loss_large,p044,high_texture_brushwork,,p044_loss_large,loss_large,lama,masked_region,49735,,,,,49735,10.1028,8.4322,16243.8837890625,285.4853515625,15958.3984375,122.08330535888672,12.033899307250977,110.04940605163574,6.023904870401491,23.574965316443077,17.551060446041586,,,,ok,
p044_loss_large,p044,high_texture_brushwork,,p044_loss_large,loss_large,lama,mask_bbox_crop,100368,427.0,123.0,755.0,429.0,49735,10.1028,8.4322,8049.2734375,141.4655303955078,7907.807907104492,60.49551010131836,5.963115692138672,54.53239440917969,9.073236800435426,26.62429728658996,17.551060486154533,0.6963592780160436,0.7772279253718191,0.08086864735577548,ok,
p044_loss_small,p044,high_texture_brushwork,,p044_loss_small,loss_small,lama,full_image,589824,0.0,0.0,768.0,768.0,21050,4.276,3.5689,791.9390869140625,4.631882667541504,787.307204246521,5.004306316375732,0.29094046354293823,4.713365852832794,19.14388582352222,41.47322811332614,22.329342289803918,0.9669647705856345,0.9843785607957845,0.017413790210149993,ok,
p044_loss_small,p044,high_texture_brushwork,,p044_loss_small,loss_small,lama,content_region,492288,0.0,63.0,768.0,704.0,21050,4.276,3.5689,948.8440551757812,5.549588203430176,943.2944669723511,5.9957990646362305,0.3485838770866394,5.647215187549591,18.35885519928288,40.68819602540379,22.329340826120912,0.9603577247027612,0.9812542729549412,0.020896548252180014,ok,
p044_loss_small,p044,high_texture_brushwork,,p044_loss_small,loss_small,lama,masked_region,21050,,,,,21050,4.276,3.5689,22190.244140625,129.7860107421875,22060.458129882812,140.22137451171875,8.152193069458008,132.06918144226074,4.669182804320729,26.99852477223977,22.32934196791904,,,,ok,
p044_loss_small,p044,high_texture_brushwork,,p044_loss_small,loss_small,lama,mask_bbox_crop,302894,89.0,159.0,652.0,697.0,21050,4.276,3.5689,1542.138671875,9.01964282989502,1533.119029045105,9.744861602783203,0.5665469169616699,9.178314685821533,16.249569328583664,38.578910206737405,22.32934087815374,0.9352677888119939,0.9693899416000981,0.034122152788104154,ok,
p044_mixed_damage,p044,high_texture_brushwork,,p044_mixed_damage,mixed_damage,lama,full_image,589824,0.0,0.0,768.0,768.0,49669,10.0894,8.421,2143.872802734375,19.514310836791992,2124.358491897583,12.801214218139648,0.8302505016326904,11.970963716506958,14.8188134603621,35.22727142430418,20.408457963942077,0.902287881900806,0.9600673376991389,0.05777945579833288,ok,
p044_mixed_damage,p044,high_texture_brushwork,,p044_mixed_damage,mixed_damage,lama,content_region,492288,0.0,63.0,768.0,704.0,49669,10.0894,8.421,2568.633544921875,23.38063621520996,2545.252908706665,15.337493896484375,0.9947463274002075,14.342747569084167,14.033782109691435,34.44224036206518,20.40845825237374,0.8894562465184569,0.9533409038766217,0.06388465735816484,ok,
p044_mixed_damage,p044,high_texture_brushwork,,p044_mixed_damage,mixed_damage,lama,masked_region,49669,,,,,49669,10.0894,8.421,25458.681640625,231.73426818847656,25226.947372436523,152.015625,9.859301567077637,142.15632343292236,4.072444505929357,24.480901001262012,20.408456495332654,,,,ok,
p044_mixed_damage,p044,high_texture_brushwork,,p044_mixed_damage,mixed_damage,lama,mask_bbox_crop,492093,19.0,55.0,768.0,712.0,49669,10.0894,8.421,2569.650390625,23.3898983001709,2546.260492324829,15.343568801879883,0.9951404929161072,14.348428308963776,14.032063207080688,34.440520273772954,20.408457066692264,0.8827025507882307,0.952063269948043,0.06936071915981235,ok,
p044_scratch_thin,p044,high_texture_brushwork,,p044_scratch_thin,scratch_thin,lama,full_image,589824,0.0,0.0,768.0,768.0,10331,2.0986,1.7515,367.48089599609375,1.1784029006958008,366.30249309539795,2.373471975326538,0.09993772208690643,2.2735342532396317,22.478455942616677,47.41786557995123,24.939409637334556,0.9477772317030629,0.9940886206427079,0.046311388939644926,ok,
p044_scratch_thin,p044,high_texture_brushwork,,p044_scratch_thin,scratch_thin,lama,content_region,492288,0.0,63.0,768.0,704.0,10331,2.0986,1.7515,440.2893981933594,1.4118775129318237,438.87752068042755,2.8437228202819824,0.11973817646503448,2.723984643816948,21.693421327364693,46.632833396232485,24.939412068867792,0.938110552989519,0.9929442314191976,0.05483367842967868,ok,
p044_scratch_thin,p044,high_texture_brushwork,,p044_scratch_thin,scratch_thin,lama,masked_region,10331,,,,,10331,2.0986,1.7515,20980.46484375,67.27812957763672,20913.186714172363,135.5077667236328,5.705707550048828,129.80205917358398,4.912652546634152,29.85206451880118,24.939411972167026,,,,ok,
p044_scratch_thin,p044,high_texture_brushwork,,p044_scratch_thin,scratch_thin,lama,mask_bbox_crop,504576,0.0,55.0,768.0,712.0,10331,2.0986,1.7515,429.5669860839844,1.3774938583374023,428.189492225647,2.7744693756103516,0.11682217568159103,2.6576471999287605,21.80049464136593,46.73990689675211,24.93941225538618,0.9388728887215575,0.9930806896002204,0.05420780087866295,ok,
p044_zero_control,p044,high_texture_brushwork,,p044_zero_control,zero_control,lama,full_image,589824,0.0,0.0,768.0,768.0,0,0.0,0.0,0.0,0.0,0.0,0.0,0.0,0.0,inf,inf,,1.0,1.0,0.0,ok,
p044_zero_control,p044,high_texture_brushwork,,p044_zero_control,zero_control,lama,content_region,492288,0.0,63.0,768.0,704.0,0,0.0,0.0,0.0,0.0,0.0,0.0,0.0,0.0,inf,inf,,1.0,1.0,0.0,ok,
p045_loss_large,p045,high_texture_brushwork,,p045_loss_large,loss_large,lama,full_image,589824,0.0,0.0,768.0,768.0,84613,17.1877,14.3455,3758.856689453125,212.95993041992188,3545.896759033203,22.521570205688477,3.754141330718994,18.767428874969482,12.38024592793405,24.847824646336708,12.467578718402658,0.8815991367845135,0.9087583570525958,0.027159220268082263,ok,
p045_loss_large,p045,high_texture_brushwork,,p045_loss_large,loss_large,lama,content_region,492288,63.0,0.0,704.0,768.0,84613,17.1877,14.3455,4503.59130859375,255.15322875976562,4248.438079833984,26.98373794555664,4.497941493988037,22.485796451568604,11.595213885441193,24.062792925160327,12.467579039719134,0.8579189641414167,0.8905100284631149,0.03259106432169823,ok,
p045_loss_large,p045,high_texture_brushwork,,p045_loss_large,loss_large,lama,masked_region,84613,,,,,84613,17.1877,14.3455,26202.400390625,1484.510498046875,24717.889892578125,156.994384765625,26.169532775878906,130.8248519897461,3.9473928219507393,16.41497087714757,12.467578055196832,,,,ok,
p045_loss_large,p045,high_texture_brushwork,,p045_loss_large,loss_large,lama,mask_bbox_crop,130851,89.0,212.0,558.0,491.0,84613,17.1877,14.3455,16943.42578125,959.9384765625,15983.4873046875,101.51826477050781,16.922168731689453,84.59609603881836,5.840791362501729,18.30836961313372,12.467578250631991,0.4560973518707226,0.5808597178177618,0.12476236594703921,ok,
p045_loss_small,p045,high_texture_brushwork,,p045_loss_small,loss_small,lama,full_image,589824,0.0,0.0,768.0,768.0,19430,3.9469,3.2942,995.9473876953125,8.429004669189453,987.518383026123,5.619274616241455,0.36693263053894043,5.252341985702515,18.148439640477424,38.87304066456641,20.724601024088987,0.9645405734235396,0.9846632556056263,0.020122682182086682,ok,
p045_loss_small,p045,high_texture_brushwork,,p045_loss_small,loss_small,lama,content_region,492288,63.0,0.0,704.0,768.0,19430,3.9469,3.2942,1193.2723388671875,10.09902572631836,1183.1733131408691,6.732609748840332,0.43963220715522766,6.292977541685104,17.363407874663853,38.088008823419855,20.724600948756002,0.9574486881082479,0.9815959067267515,0.024147218618503552,ok,
p045_loss_small,p045,high_texture_brushwork,,p045_loss_small,loss_small,lama,masked_region,19430,,,,,19430,3.9469,3.2942,30233.328125,255.8738555908203,29977.45426940918,170.58070373535156,11.138737678527832,159.44196605682373,3.3259440334392583,24.050544475977517,20.72460044253826,,,,ok,
p045_loss_small,p045,high_texture_brushwork,,p045_loss_small,loss_small,lama,mask_bbox_crop,329508,142.0,43.0,628.0,721.0,19430,3.9469,3.2942,1782.760009765625,15.088037490844727,1767.6719722747803,10.058581352233887,0.6568145751953125,9.401766777038574,15.619874772828656,36.344476063358215,20.72460129052956,0.9361690746370844,0.9723921483999046,0.03622307376282019,ok,
p045_mixed_damage,p045,high_texture_brushwork,,p045_mixed_damage,mixed_damage,lama,full_image,589824,0.0,0.0,768.0,768.0,41772,8.4853,7.0821,1747.76513671875,38.44437026977539,1709.3207664489746,10.83847427368164,1.1047459840774536,9.733728289604187,15.70597288793822,32.282476094425654,16.576503206487434,0.9053422118953192,0.9655376893914053,0.060195477496086114,ok,
p045_mixed_damage,p045,high_texture_brushwork,,p045_mixed_damage,mixed_damage,lama,content_region,492288,63.0,0.0,704.0,768.0,41772,8.4853,7.0821,2094.04638671875,46.061275482177734,2047.9851112365723,12.98587703704834,1.32362699508667,11.66225004196167,14.920940630509435,31.497444010303628,16.576503379794193,0.8903348802149801,0.9594802301406528,0.06914534992567267,ok,
p045_mixed_damage,p045,high_texture_brushwork,,p045_mixed_damage,mixed_damage,lama,masked_region,41772,,,,,41772,8.4853,7.0821,24678.587890625,542.8375244140625,24135.750366210938,153.0400848388672,15.599101066589355,137.44098377227783,4.207600551361541,20.78410499620287,16.57650444484133,,,,ok,
p045_mixed_damage,p045,high_texture_brushwork,,p045_mixed_damage,mixed_damage,lama,mask_bbox_crop,504576,55.0,0.0,712.0,768.0,41772,8.4853,7.0821,2043.0499267578125,44.93952941894531,1998.1103973388672,12.669629096984863,1.2913925647735596,11.378236532211304,15.02801381092791,31.604518404444658,16.57650459351675,0.8892024047069639,0.9596616272139035,0.07045922250693959,ok,
p045_scratch_thin,p045,high_texture_brushwork,,p045_scratch_thin,scratch_thin,lama,full_image,589824,0.0,0.0,768.0,768.0,11123,2.2594,1.8858,599.5684814453125,14.11568832397461,585.4527931213379,3.252135753631592,0.27852603793144226,2.9736097157001495,20.35241566401744,36.633783003463385,16.281367339445946,0.9381837637971661,0.9922847505523089,0.054100986755142855,ok,
p045_scratch_thin,p045,high_texture_brushwork,,p045_scratch_thin,scratch_thin,lama,content_region,492288,63.0,0.0,704.0,768.0,11123,2.2594,1.8858,718.359619140625,16.91240119934082,701.4472179412842,3.896474599838257,0.33370980620384216,3.5627647936344147,19.56738449342985,35.84875088362389,16.281366390194044,0.9339703822426259,0.992480697373162,0.05851031513053617,ok,
p045_scratch_thin,p045,high_texture_brushwork,,p045_scratch_thin,scratch_thin,lama,masked_region,11123,,,,,11123,2.2594,1.8858,31793.564453125,748.5185546875,31045.0458984375,172.45236206054688,14.769516944885254,157.68284511566162,3.1074114042266587,19.38877790526156,16.2813665010349,,,,ok,
p045_scratch_thin,p045,high_texture_brushwork,,p045_scratch_thin,scratch_thin,lama,mask_bbox_crop,504576,55.0,0.0,712.0,768.0,11123,2.2594,1.8858,700.8653564453125,16.500530242919922,684.3648262023926,3.8015832901000977,0.32558292150497437,3.4760003685951233,19.67445767393819,35.955824604192095,16.281366930253906,0.9276436682234114,0.9909692471902597,0.06332557896684832,ok,
p045_zero_control,p045,high_texture_brushwork,,p045_zero_control,zero_control,lama,full_image,589824,0.0,0.0,768.0,768.0,0,0.0,0.0,0.0,0.0,0.0,0.0,0.0,0.0,inf,inf,,1.0,1.0,0.0,ok,
p045_zero_control,p045,high_texture_brushwork,,p045_zero_control,zero_control,lama,content_region,492288,63.0,0.0,704.0,768.0,0,0.0,0.0,0.0,0.0,0.0,0.0,0.0,0.0,inf,inf,,1.0,1.0,0.0,ok,
p046_loss_large,p046,high_texture_brushwork,,p046_loss_large,loss_large,lama,full_image,589824,0.0,0.0,768.0,768.0,46619,10.3587,7.9039,1580.0252685546875,76.83696746826172,1503.1883010864258,10.740659713745117,1.8366925716400146,8.903967142105103,16.144163284032885,29.275101446807152,13.130938162774267,0.9419656659527192,0.9532211899970472,0.011255524044327947,ok,
p046_loss_large,p046,high_texture_brushwork,,p046_loss_large,loss_large,lama,content_region,450048,0.0,91.0,768.0,677.0,46619,10.3587,7.9039,2070.75048828125,100.70103454589844,1970.0494537353516,14.076494216918945,2.407132863998413,11.669361352920532,14.96952588430656,28.10046428593666,13.1309384016301,0.9237548921654692,0.9385423220306034,0.01478742986513415,ok,
p046_loss_large,p046,high_texture_brushwork,,p046_loss_large,loss_large,lama,masked_region,46619,,,,,46619,10.3587,7.9039,19990.498046875,972.14208984375,19018.35595703125,135.8909149169922,23.237850189208984,112.6530647277832,5.122567465239274,18.25350614125664,13.130938676017365,,,,ok,
p046_loss_large,p046,high_texture_brushwork,,p046_loss_large,loss_large,lama,mask_bbox_crop,78120,107.0,284.0,386.0,564.0,46619,10.3587,7.9039,11929.55859375,580.1369018554688,11349.421691894531,81.09444427490234,13.867451667785645,67.2269926071167,7.364559862541624,20.495498695384192,13.130938832842569,0.5495135443096282,0.6368835678811551,0.0873700235715269,ok,
p046_loss_small,p046,high_texture_brushwork,,p046_loss_small,loss_small,lama,full_image,589824,0.0,0.0,768.0,768.0,25992,5.7754,4.4067,1091.2841796875,6.8619256019592285,1084.4222540855408,6.638949394226074,0.39193782210350037,6.247011572122574,17.751425015726486,39.76634355809039,22.014918542363905,0.9561952849478977,0.9822688742522732,0.026073589304375422,ok,
p046_loss_small,p046,high_texture_brushwork,,p046_loss_small,loss_small,lama,content_region,450048,0.0,91.0,768.0,677.0,25992,5.7754,4.4067,1430.2156982421875,8.993103981018066,1421.2225942611694,8.700875282287598,0.5136659741401672,8.18720930814743,16.57678820261548,38.59170745979826,22.01491925718278,0.9424496674660313,0.9767049692762622,0.03425530181023084,ok,
p046_loss_small,p046,high_texture_brushwork,,p046_loss_small,loss_small,lama,masked_region,25992,,,,,25992,5.7754,4.4067,24763.9921875,155.71438598632812,24608.277801513672,150.6544952392578,8.894057273864746,141.76043796539307,4.192597025374685,26.207516232781813,22.01491920740713,,,,ok,
p046_loss_small,p046,high_texture_brushwork,,p046_loss_small,loss_small,lama,mask_bbox_crop,245813,138.0,131.0,751.0,532.0,25992,5.7754,4.4067,2618.517333984375,16.465070724487305,2602.0522632598877,15.93004322052002,0.9404479265213013,14.989595293998718,13.950249076909952,35.96516760336315,22.014918526453197,0.8939171898871302,0.9570601556579862,0.06314296577085599,ok,
p046_mixed_damage,p046,high_texture_brushwork,,p046_mixed_damage,mixed_damage,lama,full_image,589824,0.0,0.0,768.0,768.0,47037,10.4516,7.9748,2686.60986328125,21.200422286987305,2665.4094409942627,14.207892417907715,0.8504582047462463,13.357434213161469,13.838757560371842,34.86735849227752,21.028600931905675,0.9059499906437449,0.9658051756542229,0.05985518501047793,ok,
p046_mixed_damage,p046,high_texture_brushwork,,p046_mixed_damage,mixed_damage,lama,content_region,450048,0.0,91.0,768.0,677.0,47037,10.4516,7.9748,3521.017822265625,27.784849166870117,3493.232973098755,18.620588302612305,1.114593744277954,17.50599455833435,12.664121375324529,33.69272317355791,21.02860179823338,0.8796010556608113,0.9557737826977788,0.07617272703696754,ok,
p046_mixed_damage,p046,high_texture_brushwork,,p046_mixed_damage,mixed_damage,lama,masked_region,47037,,,,,47037,10.4516,7.9748,33688.9453125,265.8442077636719,33423.10110473633,178.1609649658203,10.664384841918945,167.49658012390137,2.8559294597260876,23.884531585599337,21.02860212587325,,,,ok,
p046_mixed_damage,p046,high_texture_brushwork,,p046_mixed_damage,mixed_damage,lama,mask_bbox_crop,444672,0.0,83.0,768.0,662.0,47037,10.4516,7.9748,3563.58544921875,28.120758056640625,3535.4646911621094,18.8457088470459,1.1280689239501953,17.717639923095703,12.611931839060446,33.640533370031065,21.02860153097062,0.8749282598089593,0.9545262545349352,0.07959799472597595,ok,
p046_scratch_thin,p046,high_texture_brushwork,,p046_scratch_thin,scratch_thin,lama,full_image,589824,0.0,0.0,768.0,768.0,13388,2.9748,2.2698,738.270263671875,4.30164098739624,733.9686226844788,3.940938949584961,0.17778579890727997,3.763153150677681,19.448649847701066,41.79446199283912,22.34581214513805,0.9301384612158414,0.9926678871327458,0.06252942591690436,ok,
p046_scratch_thin,p046,high_texture_brushwork,,p046_scratch_thin,scratch_thin,lama,content_region,450048,0.0,91.0,768.0,677.0,13388,2.9748,2.2698,967.5623779296875,5.637645244598389,961.9247326850891,5.164916515350342,0.23300255835056305,4.931913956999779,18.274013876757834,40.619826169592706,22.34581229283487,0.9141826230574198,0.9912786062987361,0.07709598324131628,ok,
p046_scratch_thin,p046,high_texture_brushwork,,p046_scratch_thin,scratch_thin,lama,masked_region,13388,,,,,13388,2.9748,2.2698,32525.365234375,189.51382446289062,32335.85140991211,173.62266540527344,7.832561492919922,165.79010391235352,3.0085817882004893,25.354394649334203,22.345812861133716,,,,ok,
p046_scratch_thin,p046,high_texture_brushwork,,p046_scratch_thin,scratch_thin,lama,mask_bbox_crop,462336,0.0,83.0,768.0,685.0,13388,2.9748,2.2698,941.8465576171875,5.487807750701904,936.3587498664856,5.027642726898193,0.2268097996711731,4.80083292722702,18.391002060667137,40.736814721400165,22.345812660733028,0.9106803816215959,0.9906257214683762,0.07994533984678032,ok,
p046_zero_control,p046,high_texture_brushwork,,p046_zero_control,zero_control,lama,full_image,589824,0.0,0.0,768.0,768.0,0,0.0,0.0,0.0,0.0,0.0,0.0,0.0,0.0,inf,inf,,1.0,1.0,0.0,ok,
p046_zero_control,p046,high_texture_brushwork,,p046_zero_control,zero_control,lama,content_region,450048,0.0,91.0,768.0,677.0,0,0.0,0.0,0.0,0.0,0.0,0.0,0.0,0.0,inf,inf,,1.0,1.0,0.0,ok,
p047_loss_large,p047,high_texture_brushwork,,p047_loss_large,loss_large,lama,full_image,589824,0.0,0.0,768.0,768.0,93278,17.0584,15.8145,4997.3310546875,106.36550903320312,4890.965545654297,27.67394256591797,2.244011878967285,25.429930686950684,11.143422400701912,27.86279538030488,16.71937297960297,0.8874653225150423,0.9455981465188569,0.05813282400381459,ok,
p047_loss_large,p047,high_texture_brushwork,,p047_loss_large,loss_large,lama,content_region,546816,28.0,0.0,740.0,768.0,93278,17.0584,15.8145,5390.376953125,114.73133850097656,5275.645614624023,29.85053825378418,2.4205071926116943,27.430031061172485,10.814612240786012,27.53398300603147,16.719370765245458,0.8785390591451302,0.9412829853362167,0.06274392619108649,ok,
p047_loss_large,p047,high_texture_brushwork,,p047_loss_large,loss_large,lama,masked_region,93278,,,,,93278,17.0584,15.8145,31599.578125,672.5802001953125,30926.997924804688,174.99037170410156,14.18954086303711,160.80083084106445,3.1339907632569606,19.85336282713093,16.71937206387397,,,,ok,
p047_loss_large,p047,high_texture_brushwork,,p047_loss_large,loss_large,lama,mask_bbox_crop,291040,110.0,78.0,538.0,758.0,93278,17.0584,15.8145,10127.630859375,215.5613555908203,9912.06950378418,56.084232330322266,4.547732353210449,51.536499977111816,8.07572497446024,24.79509454807525,16.719369573615012,0.7702666921907265,0.8889416308777461,0.11867493868701962,ok,
p047_loss_small,p047,high_texture_brushwork,,p047_loss_small,loss_small,lama,full_image,589824,0.0,0.0,768.0,768.0,26508,4.8477,4.4942,1405.33251953125,7.025784969329834,1398.3067345619202,7.858713626861572,0.33306884765625,7.525644779205322,16.653012648749158,39.66385507194222,23.010842423193065,0.9558760510230134,0.9877198157418773,0.031843764718863854,ok,
p047_loss_small,p047,high_texture_brushwork,,p047_loss_small,loss_small,lama,content_region,546816,28.0,0.0,740.0,768.0,26508,4.8477,4.4942,1515.8643798828125,7.578374862670898,1508.2860050201416,8.476815223693848,0.3592652678489685,8.11754995584488,16.324200129381143,39.33504277115143,23.010842641770285,0.9523761343902777,0.9867457501350009,0.03436961574472319,ok,
p047_loss_small,p047,high_texture_brushwork,,p047_loss_small,loss_small,lama,masked_region,26508,,,,,26508,4.8477,4.4942,31269.763671875,156.32928466796875,31113.43438720703,174.86260986328125,7.411045551300049,167.4515643119812,3.1795576188875883,26.19040020222993,23.010842583342342,,,,ok,
p047_loss_small,p047,high_texture_brushwork,,p047_loss_small,loss_small,lama,mask_bbox_crop,436912,57.0,110.0,721.0,768.0,26508,4.8477,4.4942,1897.1756591796875,9.484694480895996,1887.6909646987915,10.60913372039795,0.44963744282722473,10.159496277570724,15.34972816863493,38.36057014825936,23.01084197962443,0.9402812337306918,0.9833796051700329,0.04309837143934103,ok,
p047_mixed_damage,p047,high_texture_brushwork,,p047_mixed_damage,mixed_damage,lama,full_image,589824,0.0,0.0,768.0,768.0,48087,8.794,8.1528,2559.817626953125,9.81178092956543,2550.0058460235596,14.257672309875488,0.48140576481819153,13.776266545057297,14.04871335567487,38.213325178422245,24.164611822747375,0.905282203734009,0.9829145172406278,0.07763231350661881,ok,
p047_mixed_damage,p047,high_texture_brushwork,,p047_mixed_damage,mixed_damage,lama,content_region,546816,28.0,0.0,740.0,768.0,48087,8.794,8.1528,2761.152587890625,10.583497047424316,2750.5690908432007,15.37905502319336,0.5192691087722778,14.859785914421082,13.719899534145206,37.88451167889367,24.164612144748467,0.9017391545196493,0.9822183143081827,0.08047915978853348,ok,
p047_mixed_damage,p047,high_texture_brushwork,,p047_mixed_damage,mixed_damage,lama,masked_region,48087,,,,,48087,8.794,8.1528,31398.134765625,120.34904479980469,31277.785720825195,174.8812713623047,5.904811382293701,168.976459980011,3.161765116818687,27.32637713201774,24.164612015199054,,,,ok,
p047_mixed_damage,p047,high_texture_brushwork,,p047_mixed_damage,mixed_damage,lama,mask_bbox_crop,559104,20.0,0.0,748.0,768.0,48087,8.794,8.1528,2700.467041015625,10.350889205932617,2690.1161518096924,15.041056632995605,0.5078566074371338,14.533200025558472,13.816414797477885,37.98102700868035,24.164612211202467,0.9000346803951724,0.9819679530988342,0.0819332727036618,ok,
p047_scratch_thin,p047,high_texture_brushwork,,p047_scratch_thin,scratch_thin,lama,full_image,589824,0.0,0.0,768.0,768.0,11055,2.0217,1.8743,671.4758911132812,2.169621706008911,669.3062694072723,3.472978353500366,0.10204343497753143,3.3709349185228348,19.860499366322454,44.766963437543474,24.90646407122102,0.9439775352199443,0.995633602843797,0.051656067623852664,ok,
p047_scratch_thin,p047,high_texture_brushwork,,p047_scratch_thin,scratch_thin,lama,content_region,546816,28.0,0.0,740.0,768.0,11055,2.0217,1.8743,724.2883911132812,2.340266227722168,721.9481248855591,3.746134042739868,0.11006931960582733,3.636064723134041,19.531688364788014,44.43815095486013,24.906462590072113,0.9426661928548165,0.9958486606697886,0.053182467814972156,ok,
p047_scratch_thin,p047,high_texture_brushwork,,p047_scratch_thin,scratch_thin,lama,masked_region,11055,,,,,11055,2.0217,1.8743,35825.6484375,115.75712585449219,35709.89131164551,185.29588317871094,5.4443840980529785,179.85149908065796,2.588863010789323,27.49532625765138,24.90646324686206,,,,ok,
p047_scratch_thin,p047,high_texture_brushwork,,p047_scratch_thin,scratch_thin,lama,mask_bbox_crop,559104,20.0,0.0,748.0,768.0,11055,2.0217,1.8743,708.3700561523438,2.2888317108154297,706.0812244415283,3.663801431655884,0.10765021294355392,3.55615121871233,19.628201662305322,44.5346649905884,24.906463328283074,0.9408737975589996,0.9953916971841733,0.05451789962517373,ok,
p047_zero_control,p047,high_texture_brushwork,,p047_zero_control,zero_control,lama,full_image,589824,0.0,0.0,768.0,768.0,0,0.0,0.0,0.0,0.0,0.0,0.0,0.0,0.0,inf,inf,,1.0,1.0,0.0,ok,
p047_zero_control,p047,high_texture_brushwork,,p047_zero_control,zero_control,lama,content_region,546816,28.0,0.0,740.0,768.0,0,0.0,0.0,0.0,0.0,0.0,0.0,0.0,0.0,inf,inf,,1.0,1.0,0.0,ok,
p048_loss_large,p048,high_texture_brushwork,,p048_loss_large,loss_large,lama,full_image,589824,0.0,0.0,768.0,768.0,63467,13.4811,10.7603,3093.742431640625,50.25307083129883,3043.489360809326,17.920949935913086,1.7279798984527588,16.192970037460327,13.22596207022827,31.119177553855458,17.893215483627188,0.9151045993403812,0.9421643673513981,0.027059768011016838,ok,
p048_loss_large,p048,high_texture_brushwork,,p048_loss_large,loss_large,lama,content_region,470784,0.0,77.0,768.0,690.0,63467,13.4811,10.7603,3876.010986328125,62.95978927612305,3813.051197052002,22.452350616455078,2.164907932281494,20.287442684173584,12.246953615049414,30.140170950805953,17.89321733575654,0.8934262021373484,0.9273957955877515,0.03396959345040318,ok,
p048_loss_large,p048,high_texture_brushwork,,p048_loss_large,loss_large,lama,masked_region,63467,,,,,63467,13.4811,10.7603,28751.380859375,467.0216369628906,28284.35922241211,166.54649353027344,16.058801651000977,150.48769187927246,3.544216532264157,21.437433591114136,17.893217058849977,,,,ok,
p048_loss_large,p048,high_texture_brushwork,,p048_loss_large,loss_large,lama,mask_bbox_crop,108678,105.0,201.0,412.0,555.0,63467,13.4811,10.7603,16790.552734375,272.7364807128906,16517.81625366211,97.2616958618164,9.378199577331543,87.88349628448486,5.8801536779490995,23.77337128637071,17.89321760842161,0.52940385476951,0.6794028231220198,0.1499989683525098,ok,
p048_loss_small,p048,high_texture_brushwork,,p048_loss_small,loss_small,lama,full_image,589824,0.0,0.0,768.0,768.0,24841,5.2765,4.2116,1051.7918701171875,9.097115516662598,1042.694754600525,6.299431324005127,0.41909563541412354,5.880335688591003,17.9115055128046,38.54176651379672,20.630261000992125,0.9603653447088168,0.9818584340456176,0.02149308933680072,ok,
p048_loss_small,p048,high_texture_brushwork,,p048_loss_small,loss_small,lama,content_region,470784,0.0,77.0,768.0,690.0,24841,5.2765,4.2116,1317.7423095703125,11.39736557006836,1306.3449440002441,7.892272472381592,0.5250660181045532,7.367206454277039,16.93249870544317,37.56275882391087,20.6302601184677,0.9502444689754835,0.9772259089666567,0.026981439991173195,ok,
p048_loss_small,p048,high_texture_brushwork,,p048_loss_small,loss_small,lama,masked_region,24841,,,,,24841,5.2765,4.2116,24973.712890625,216.0016632080078,24757.711227416992,149.57351684570312,9.950995445251465,139.62252140045166,4.155972463083709,24.78623265646243,20.63026019337872,,,,ok,
p048_loss_small,p048,high_texture_brushwork,,p048_loss_small,loss_small,lama,mask_bbox_crop,221697,124.0,126.0,583.0,609.0,24841,5.2765,4.2116,2798.288330078125,24.20284080505371,2774.0854892730713,16.759611129760742,1.1150022745132446,15.644608855247498,13.661878995646903,34.29214016641579,20.63026117076889,0.8934953800339089,0.9512507280972592,0.057755348063350254,ok,
p048_mixed_damage,p048,high_texture_brushwork,,p048_mixed_damage,mixed_damage,lama,full_image,589824,0.0,0.0,768.0,768.0,52192,11.0862,8.8487,2800.058349609375,28.854772567749023,2771.203577041626,15.479355812072754,1.0278269052505493,14.451528906822205,13.659132792937857,33.52862705302795,19.86949426009009,0.8876361248026908,0.9601899984477448,0.07255387364505395,ok,
p048_mixed_damage,p048,high_texture_brushwork,,p048_mixed_damage,mixed_damage,lama,content_region,470784,0.0,77.0,768.0,690.0,52192,11.0862,8.8487,3508.0673828125,36.15084457397461,3471.9165382385254,19.39339256286621,1.2877179384231567,18.105674624443054,12.680124341834311,32.54961912915588,19.869494787321567,0.8609900764214968,0.9500984924197272,0.08910841599823038,ok,
p048_mixed_damage,p048,high_texture_brushwork,,p048_mixed_damage,mixed_damage,lama,masked_region,52192,,,,,52192,11.0862,8.8487,31643.56640625,326.0890197753906,31317.47738647461,174.93289184570312,11.61551570892334,163.31737613677979,3.127949358757685,22.99744185586158,19.869492497103895,,,,ok,
p048_mixed_damage,p048,high_texture_brushwork,,p048_mixed_damage,mixed_damage,lama,mask_bbox_crop,483072,0.0,69.0,768.0,698.0,52192,11.0862,8.8487,3418.83056640625,35.23125457763672,3383.5993118286133,18.90007781982422,1.2549619674682617,17.645115852355957,12.792027827089754,32.661522522752705,19.86949469566295,0.8625661751198245,0.951307831167226,0.08874165604740147,ok,
p048_scratch_thin,p048,high_texture_brushwork,,p048_scratch_thin,scratch_thin,lama,full_image,589824,0.0,0.0,768.0,768.0,9067,1.9259,1.5372,540.7545776367188,1.6073874235153198,539.1471902132034,2.815366506576538,0.10759763419628143,2.7077688723802567,20.80080156318589,46.06959794859924,25.26879638541335,0.9553820729776711,0.9951270945062447,0.03974502152857362,ok,
p048_scratch_thin,p048,high_texture_brushwork,,p048_scratch_thin,scratch_thin,lama,content_region,470784,0.0,77.0,768.0,690.0,9067,1.9259,1.5372,677.4868774414062,2.0138230323791504,675.4730544090271,3.527245283126831,0.13480421900749207,3.392441064119339,19.82179473291916,45.09059057231259,25.268795839393434,0.9479938519032712,0.9940500345631751,0.046056182659903855,ok,
p048_scratch_thin,p048,high_texture_brushwork,,p048_scratch_thin,scratch_thin,lama,masked_region,9067,,,,,9067,1.9259,1.5372,35177.015625,104.56332397460938,35072.45230102539,183.14443969726562,6.999411582946777,176.14502811431885,2.6682136919651174,27.93700980242577,25.268796110460652,,,,ok,
p048_scratch_thin,p048,high_texture_brushwork,,p048_scratch_thin,scratch_thin,lama,mask_bbox_crop,413253,0.0,69.0,657.0,698.0,9067,1.9259,1.5372,771.8033447265625,2.294177293777466,769.509167432785,4.0182905197143555,0.1535709798336029,3.8647195398807526,19.255737045476113,44.52453383774341,25.2687967922673,0.9361221491126056,0.9930236397947696,0.05690149068216399,ok,
p048_zero_control,p048,high_texture_brushwork,,p048_zero_control,zero_control,lama,full_image,589824,0.0,0.0,768.0,768.0,0,0.0,0.0,0.0,0.0,0.0,0.0,0.0,0.0,inf,inf,,1.0,1.0,0.0,ok,
p048_zero_control,p048,high_texture_brushwork,,p048_zero_control,zero_control,lama,content_region,470784,0.0,77.0,768.0,690.0,0,0.0,0.0,0.0,0.0,0.0,0.0,0.0,0.0,inf,inf,,1.0,1.0,0.0,ok,
p049_loss_large,p049,high_texture_brushwork,,p049_loss_large,loss_large,lama,full_image,589824,0.0,0.0,768.0,768.0,48472,13.0672,8.218,2177.626220703125,37.235809326171875,2140.390411376953,13.057354927062988,1.2359105348587036,11.821444392204285,14.750970236560974,32.4211956312707,17.670225394709725,0.9462284359893226,0.9693790401998849,0.023150604210562253,ok,
p049_loss_large,p049,high_texture_brushwork,,p049_loss_large,loss_large,lama,content_region,370944,142.0,0.0,625.0,768.0,48472,13.0672,8.218,3462.561279296875,59.20724868774414,3403.354030609131,20.762001037597656,1.9651744365692139,18.796826601028442,12.736828927232061,30.407054806251743,17.670225879019682,0.9141007719577864,0.9510834981809481,0.03698272622316168,ok,
p049_loss_large,p049,high_texture_brushwork,,p049_loss_large,loss_large,lama,masked_region,48472,,,,,48472,13.0672,8.218,26498.111328125,453.0981750488281,26045.013153076172,158.88636779785156,15.038984298706055,143.8473834991455,3.898654404784358,21.568880479004214,17.670226074219855,,,,ok,
p049_loss_large,p049,high_texture_brushwork,,p049_loss_large,loss_large,lama,mask_bbox_crop,81378,178.0,321.0,475.0,595.0,48472,13.0672,8.218,15783.3369140625,269.8834228515625,15513.453491210938,94.63909149169922,8.957822799682617,85.6812686920166,6.14881533720884,23.819041513213683,17.670226176004842,0.599654613358264,0.7720177901449189,0.17236317678665491,ok,
p049_loss_small,p049,high_texture_brushwork,,p049_loss_small,loss_small,lama,full_image,589824,0.0,0.0,768.0,768.0,17470,4.7096,2.9619,978.8014526367188,14.747169494628906,964.0542831420898,5.23187780380249,0.3958638608455658,4.836013942956924,18.22385755652357,36.443716890843504,18.219859334319935,0.968535252461575,0.9861354018507044,0.01760014938912935,ok,
p049_loss_small,p049,high_texture_brushwork,,p049_loss_small,loss_small,lama,content_region,370944,142.0,0.0,625.0,768.0,17470,4.7096,2.9619,1556.3555908203125,23.448923110961914,1532.9066677093506,8.319010734558105,0.6294481158256531,7.689562618732452,16.209715307542247,34.4295745828188,18.219859275276555,0.9497355605361039,0.9778515224533276,0.028115961917223764,ok,
p049_loss_small,p049,high_texture_brushwork,,p049_loss_small,loss_small,lama,masked_region,17470,,,,,17470,4.7096,2.9619,33046.40625,497.8956604003906,32548.51058959961,176.6392059326172,13.36519718170166,163.27400875091553,2.9395612338984334,21.15942019835225,18.219858964453817,,,,ok,
p049_loss_small,p049,high_texture_brushwork,,p049_loss_small,loss_small,lama,mask_bbox_crop,232356,207.0,39.0,609.0,617.0,17470,4.7096,2.9619,2484.638427734375,37.434959411621094,2447.203468322754,13.280858039855957,1.004880428314209,12.275977611541748,14.17817163076176,32.39802994281869,18.219858312056928,0.919342830094212,0.9644592969564566,0.045116466862244575,ok,
p049_mixed_damage,p049,high_texture_brushwork,,p049_mixed_damage,mixed_damage,lama,full_image,589824,0.0,0.0,768.0,768.0,46861,12.6329,7.9449,2495.1015625,32.19979476928711,2462.901767730713,13.767008781433105,0.9861924648284912,12.780816316604614,14.159921326978393,33.05227257210905,18.892351245130655,0.9104444651068592,0.968489283120027,0.058044818013167854,ok,
p049_mixed_damage,p049,high_texture_brushwork,,p049_mixed_damage,mixed_damage,lama,content_region,370944,142.0,0.0,625.0,768.0,46861,12.6329,7.9449,3967.366455078125,51.19966125488281,3916.166793823242,21.890398025512695,1.5681073665618896,20.322290658950806,12.145780439158255,31.038132732440683,18.89235229328243,0.8600468189947912,0.9502062715134955,0.09015945251870428,ok,
p049_mixed_damage,p049,high_texture_brushwork,,p049_mixed_damage,mixed_damage,lama,masked_region,46861,,,,,46861,12.6329,7.9449,31405.0234375,405.28814697265625,30999.735290527344,173.28077697753906,12.412880897521973,160.8678960800171,3.1608123901467984,22.053164582849718,18.89235219270292,,,,ok,
p049_mixed_damage,p049,high_texture_brushwork,,p049_mixed_damage,mixed_damage,lama,mask_bbox_crop,375705,138.0,0.0,633.0,759.0,46861,12.6329,7.9449,3917.09130859375,50.550846099853516,3866.5404624938965,21.612998962402344,1.5482360124588013,20.064762949943542,12.201166656651479,31.093519318326347,18.89235266167487,0.8587792415817472,0.9503105269662863,0.09153128538453903,ok,
p049_scratch_thin,p049,high_texture_brushwork,,p049_scratch_thin,scratch_thin,lama,full_image,589824,0.0,0.0,768.0,768.0,6498,1.7517,1.1017,410.5528869628906,1.120034098625183,409.43285286426544,2.086578845977783,0.07222776114940643,2.0143510848283768,21.997112504801848,47.63849116216181,25.641378657359965,0.9622682345714352,0.9961973780750203,0.03392914350358511,ok,
p049_scratch_thin,p049,high_texture_brushwork,,p049_scratch_thin,scratch_thin,lama,content_region,370944,142.0,0.0,625.0,768.0,6498,1.7517,1.1017,652.8042602539062,1.780923843383789,651.0233364105225,3.3177900314331055,0.1148466244339943,3.202943406999111,19.982973808716068,45.62435012491327,25.641376316197203,0.94811872724966,0.9953661820310494,0.047247454781389475,ok,
p049_scratch_thin,p049,high_texture_brushwork,,p049_scratch_thin,scratch_thin,lama,masked_region,6498,,,,,6498,1.7517,1.1017,37265.9140625,101.66558837890625,37164.248474121094,189.39894104003906,6.556119918823242,182.84282112121582,2.4176858274746587,28.059063824398788,25.641377996924128,,,,ok,
p049_scratch_thin,p049,high_texture_brushwork,,p049_scratch_thin,scratch_thin,lama,mask_bbox_crop,383232,134.0,0.0,633.0,768.0,6498,1.7517,1.1017,631.8728637695312,1.7238200902938843,630.1490436792374,3.2114081382751465,0.1111641675233841,3.1002439707517624,20.124506561894876,45.765884229695615,25.64137766780074,0.9416803138812053,0.9941225194587542,0.05244220557754886,ok,
p049_zero_control,p049,high_texture_brushwork,,p049_zero_control,zero_control,lama,full_image,589824,0.0,0.0,768.0,768.0,0,0.0,0.0,0.0,0.0,0.0,0.0,0.0,0.0,inf,inf,,1.0,1.0,0.0,ok,
p049_zero_control,p049,high_texture_brushwork,,p049_zero_control,zero_control,lama,content_region,370944,142.0,0.0,625.0,768.0,0,0.0,0.0,0.0,0.0,0.0,0.0,0.0,0.0,inf,inf,,1.0,1.0,0.0,ok,
p050_loss_large,p050,high_texture_brushwork,,p050_loss_large,loss_large,lama,full_image,589824,0.0,0.0,768.0,768.0,51958,11.6243,8.8091,3259.8203125,60.661842346191406,3199.1584701538086,16.700712203979492,1.7166731357574463,14.984039068222046,12.998866992786397,30.301647648399452,17.302780655613056,0.921318821023795,0.9365418854498276,0.015223064426032606,ok,
p050_loss_large,p050,high_texture_brushwork,,p050_loss_large,loss_large,lama,content_region,446976,93.0,0.0,675.0,768.0,51958,11.6243,8.8091,4301.6181640625,80.048583984375,4221.569580078125,22.038055419921875,2.2653005123138428,19.772754907608032,11.794485035380847,29.097267069762573,17.30278203438173,0.8959113569793953,0.9160502026263345,0.02013884564693924,ok,
p050_loss_large,p050,high_texture_brushwork,,p050_loss_large,loss_large,lama,masked_region,51958,,,,,51958,11.6243,8.8091,37005.2734375,688.6293334960938,36316.644104003906,189.58547973632812,19.487565994262695,170.09791374206543,2.448167432437562,19.75094842493221,17.30278099249465,,,,ok,
p050_loss_large,p050,high_texture_brushwork,,p050_loss_large,loss_large,lama,mask_bbox_crop,87188,300.0,230.0,607.0,514.0,51958,11.6243,8.8091,22052.576171875,410.3753356933594,21642.20083618164,112.97979736328125,11.613238334655762,101.36655902862549,4.696210300174615,21.998991098707783,17.30278079853317,0.45402908189177876,0.5596623549216017,0.1056332730298229,ok,
p050_loss_small,p050,high_texture_brushwork,,p050_loss_small,loss_small,lama,full_image,589824,0.0,0.0,768.0,768.0,14760,3.3022,2.5024,871.4052124023438,11.129817008972168,860.2753953933716,4.587161540985107,0.38678601384162903,4.200375527143478,18.72860207482078,37.66592336932747,18.93732129450669,0.9707043544672432,0.9824612142425212,0.011756859775277961,ok,
p050_loss_small,p050,high_texture_brushwork,,p050_loss_small,loss_small,lama,content_region,446976,93.0,0.0,675.0,768.0,14760,3.3022,2.5024,1149.8956298828125,14.68677043914795,1135.2088594436646,6.05316162109375,0.5103980302810669,5.542763590812683,17.524219374038413,36.461540541625126,18.937321167586713,0.9612443022639562,0.9767976480083357,0.015553345744379499,ok,
p050_loss_small,p050,high_texture_brushwork,,p050_loss_small,loss_small,lama,masked_region,14760,,,,,14760,3.3022,2.5024,34822.203125,444.75836181640625,34377.444763183594,183.3074493408203,15.456345558166504,167.8511037826538,2.712241163507473,21.649562389481787,18.937321225974316,,,,ok,
p050_loss_small,p050,high_texture_brushwork,,p050_loss_small,loss_small,lama,mask_bbox_crop,170929,157.0,129.0,536.0,580.0,14760,3.3022,2.5024,3006.95458984375,38.40561294555664,2968.5489768981934,15.828899383544922,1.3346809148788452,14.494218468666077,13.349534913071981,32.286856601164715,18.937321688092734,0.8975188070926726,0.9386463191410949,0.04112751204842224,ok,
p050_mixed_damage,p050,high_texture_brushwork,,p050_mixed_damage,mixed_damage,lama,full_image,589824,0.0,0.0,768.0,768.0,39368,8.8076,6.6745,2530.4453125,38.71196746826172,2491.7333450317383,12.798150062561035,1.0763521194458008,11.721797943115234,14.098834050109412,32.25235116728088,18.153517117171468,0.9132452689768206,0.9577354902776705,0.0444902213008499,ok,
p050_mixed_damage,p050,high_texture_brushwork,,p050_mixed_damage,mixed_damage,lama,content_region,446976,93.0,0.0,675.0,768.0,39368,8.8076,6.6745,3339.1455078125,51.08381652832031,3288.0616912841797,16.888275146484375,1.4203410148620605,15.467934131622314,12.894450164277485,31.047970244442837,18.15352008016535,0.88599457139461,0.944232921223326,0.05823834982871601,ok,
p050_mixed_damage,p050,high_texture_brushwork,,p050_mixed_damage,mixed_damage,lama,masked_region,39368,,,,,39368,8.8076,6.6745,37911.9375,579.9951782226562,37331.942321777344,191.74598693847656,16.126253128051758,175.6197338104248,2.3430438113529877,20.49655977787728,18.153515966524292,,,,ok,
p050_mixed_damage,p050,high_texture_brushwork,,p050_mixed_damage,mixed_damage,lama,mask_bbox_crop,404420,85.0,0.0,639.0,730.0,39368,8.8076,6.6745,3690.512939453125,56.459232330322266,3634.0537071228027,18.665388107299805,1.569799542427063,17.09558856487274,12.459936285049753,30.61345392068904,18.153517635639286,0.8730350091739361,0.9381461618764065,0.06511115270247048,ok,
p050_scratch_thin,p050,high_texture_brushwork,,p050_scratch_thin,scratch_thin,lama,full_image,589824,0.0,0.0,768.0,768.0,11991,2.6827,2.033,872.2691040039062,3.3557541370391846,868.9133498668671,4.15394401550293,0.17465266585350037,3.9792913496494293,18.724298709419468,42.87290226601193,24.14860355659246,0.9390496487995875,0.9914711227937215,0.052421473994133994,ok,
p050_scratch_thin,p050,high_texture_brushwork,,p050_scratch_thin,scratch_thin,lama,content_region,446976,93.0,0.0,675.0,768.0,11991,2.6827,2.033,1151.0352783203125,4.428211688995361,1146.6070666313171,5.4814934730529785,0.2304694950580597,5.251023977994919,17.51991726251977,41.66851986880498,24.14860260628521,0.9223227284232415,0.9896000579193142,0.06727732949607268,ok,
p050_scratch_thin,p050,high_texture_brushwork,,p050_scratch_thin,scratch_thin,lama,masked_region,11991,,,,,11991,2.6827,2.033,42905.9453125,165.06582641601562,42740.879486083984,204.32791137695312,8.590970993041992,195.73694038391113,1.8056288599056103,25.954231903013792,24.14860304310818,,,,ok,
p050_scratch_thin,p050,high_texture_brushwork,,p050_scratch_thin,scratch_thin,lama,mask_bbox_crop,459264,85.0,0.0,683.0,768.0,11991,2.6827,2.033,1120.2384033203125,4.3097310066223145,1115.9286723136902,5.334831237792969,0.22430308163166046,5.110528156161308,17.63769904065079,41.78630196504226,24.148602924391472,0.9215470141643348,0.9890219519743509,0.06747493781001612,ok,
p050_zero_control,p050,high_texture_brushwork,,p050_zero_control,zero_control,lama,full_image,589824,0.0,0.0,768.0,768.0,0,0.0,0.0,0.0,0.0,0.0,0.0,0.0,0.0,inf,inf,,1.0,1.0,0.0,ok,
p050_zero_control,p050,high_texture_brushwork,,p050_zero_control,zero_control,lama,content_region,446976,93.0,0.0,675.0,768.0,0,0.0,0.0,0.0,0.0,0.0,0.0,0.0,0.0,inf,inf,,1.0,1.0,0.0,ok,
