case_id,painting_id,mask_id,mask_type,category,title,artist,date,style_or_period,medium,source,source_url,license,filename,damaged_mse_opencv,damaged_mse_lama,restored_mse_opencv,restored_mse_lama,restored_mse_delta_lama_minus_opencv,mse_improvement_opencv,mse_improvement_lama,mse_improvement_delta_lama_minus_opencv,winner_mse_improvement,damaged_mae_opencv,damaged_mae_lama,restored_mae_opencv,restored_mae_lama,restored_mae_delta_lama_minus_opencv,mae_improvement_opencv,mae_improvement_lama,mae_improvement_delta_lama_minus_opencv,winner_mae_improvement,damaged_psnr_opencv,damaged_psnr_lama,restored_psnr_opencv,restored_psnr_lama,restored_psnr_delta_lama_minus_opencv,psnr_improvement_opencv,psnr_improvement_lama,psnr_improvement_delta_lama_minus_opencv,winner_psnr_improvement,damaged_lpips_opencv,damaged_lpips_lama,restored_lpips_opencv,restored_lpips_lama,restored_lpips_delta_lama_minus_opencv,lpips_improvement_opencv,lpips_improvement_lama,lpips_improvement_delta_lama_minus_opencv,winner_lpips_improvement,clip_damaged_similarity_opencv,clip_damaged_similarity_lama,clip_restored_similarity_opencv,clip_restored_similarity_lama,clip_restored_similarity_delta_lama_minus_opencv,clip_similarity_improvement_opencv,clip_similarity_improvement_lama,clip_similarity_improvement_delta_lama_minus_opencv,winner_clip_similarity_improvement,dinov2_damaged_similarity_opencv,dinov2_damaged_similarity_lama,dinov2_restored_similarity_opencv,dinov2_restored_similarity_lama,dinov2_restored_similarity_delta_lama_minus_opencv,dinov2_similarity_improvement_opencv,dinov2_similarity_improvement_lama,dinov2_similarity_improvement_delta_lama_minus_opencv,winner_dinov2_similarity_improvement,clean_path,damaged_path,mask_path,restored_path_opencv,restored_path_lama,lama_metric_wins,opencv_metric_wins,metric_ties,overall_metric_vote,clean_path_resolved,damaged_path_resolved,mask_path_resolved,restored_path_opencv_resolved,restored_path_lama_resolved,lama_mse_win_but_dinov2_loss,lama_lpips_win_but_dinov2_loss,opencv_mse_loss_but_dinov2_win,opencv_lpips_loss_but_dinov2_win,lama_all_main_metrics_win,opencv_all_main_metrics_win,mixed_metric_outcome
p039_scratch_thin,p039,p039_scratch_thin,scratch_thin,abstraction_surrealism,Painting with Troika,Wassily Kandinsky,,,,Art Institute of Chicago,https://www.artic.edu/artworks/8983/painting-with-troika,CC0 Public Domain Designation,p039.jpg,24804.263671875,24804.26171875,163.3673858642578,152.11068725585938,-11.256698608398438,24640.896286010742,24652.15103149414,11.254745483398438,lama,148.12588500976562,148.12588500976562,7.056824684143066,8.487168312072754,1.4303436279296875,141.06906032562256,139.63871669769287,-1.4303436279296875,opencv,4.185540215734315,4.185540557704331,25.999150011619182,26.309206323297687,0.31005631167850467,21.813609795884872,22.123665765593355,0.3100559697084826,lama,0.1894590407609939,0.1894590407609939,0.0010588932782411,0.0005932805943302,-0.00046561268391090004,0.1884001474827528,0.1888657601666636,0.00046561268391079325,lama,0.9405330419540404,0.9405329823493958,0.9997389316558838,0.9996257424354552,-0.00011318922042857782,0.0592058897018432,0.0590927600860595,-0.00011312961578369835,opencv,0.8804906606674194,0.8804906606674194,0.9995622634887696,0.9980205297470092,-0.001541733741760476,0.1190716028213501,0.1175298690795898,-0.0015417337417602955,opencv,D:\Masters\FH\Thesis\painting-restoration-eval\data\processed\clean\p039_clean.png,D:\Masters\FH\Thesis\painting-restoration-eval\data\processed\masked\p039_scratch_thin_damaged.png,D:\Masters\FH\Thesis\painting-restoration-eval\data\processed\masks\p039_scratch_thin_mask.png,D:\Masters\FH\Thesis\painting-restoration-eval\data\processed\restored\opencv_telea\p039_scratch_thin_restored_opencv_telea.png,data/processed/restored/lama/p039_scratch_thin_restored_lama.png,2,2,0,mixed_tie,D:\Masters\FH\Thesis\painting-restoration-eval\data\processed\clean\p039_clean.png,D:\Masters\FH\Thesis\painting-restoration-eval\data\processed\masked\p039_scratch_thin_damaged.png,D:\Masters\FH\Thesis\painting-restoration-eval\data\processed\masks\p039_scratch_thin_mask.png,D:\Masters\FH\Thesis\painting-restoration-eval\data\processed\restored\opencv_telea\p039_scratch_thin_restored_opencv_telea.png,D:\Masters\FH\Thesis\painting-restoration-eval\data\processed\restored\lama\p039_scratch_thin_restored_lama.png,True,True,True,True,False,False,True
p042_scratch_thin,p042,p042_scratch_thin,scratch_thin,high_texture_brushwork,View of Beirut,Jules Coignet,,,,The Metropolitan Museum of Art,https://www.metmuseum.org/art/collection/search/438634,Public Domain / Open Access,p042.jpg,24037.111328125,24037.111328125,1451.43896484375,730.967041015625,-720.471923828125,22585.67236328125,23306.14428710937,720.4719238281214,lama,140.87844848632812,140.87844848632812,17.56171989440918,14.547799110412598,-3.013920783996582,123.31672859191896,126.33064937591551,3.0139207839965536,lama,4.3219808595794325,4.3219808595794325,16.51281583041856,19.491825656169475,2.9790098257509143,12.190834970839129,15.16984479659004,2.979009825750911,lama,0.1966279447078704,0.1966279447078704,0.0099083967506885,0.0049727666191756,-0.004935630131512901,0.1867195479571819,0.1916551780886948,0.004935630131512908,lama,0.8784406781196594,0.8784406185150146,0.9988328218460084,0.9982349872589112,-0.000597834587097168,0.1203921437263488,0.1197943687438964,-0.0005977749824523926,opencv,0.7998681664466858,0.7998681664466858,0.9973955154418944,0.995954692363739,-0.0014408230781554066,0.1975273489952087,0.1960865259170532,-0.0014408230781555176,opencv,D:\Masters\FH\Thesis\painting-restoration-eval\data\processed\clean\p042_clean.png,D:\Masters\FH\Thesis\painting-restoration-eval\data\processed\masked\p042_scratch_thin_damaged.png,D:\Masters\FH\Thesis\painting-restoration-eval\data\processed\masks\p042_scratch_thin_mask.png,D:\Masters\FH\Thesis\painting-restoration-eval\data\processed\restored\opencv_telea\p042_scratch_thin_restored_opencv_telea.png,data/processed/restored/lama/p042_scratch_thin_restored_lama.png,2,2,0,mixed_tie,D:\Masters\FH\Thesis\painting-restoration-eval\data\processed\clean\p042_clean.png,D:\Masters\FH\Thesis\painting-restoration-eval\data\processed\masked\p042_scratch_thin_damaged.png,D:\Masters\FH\Thesis\painting-restoration-eval\data\processed\masks\p042_scratch_thin_mask.png,D:\Masters\FH\Thesis\painting-restoration-eval\data\processed\restored\opencv_telea\p042_scratch_thin_restored_opencv_telea.png,D:\Masters\FH\Thesis\painting-restoration-eval\data\processed\restored\lama\p042_scratch_thin_restored_lama.png,True,True,True,True,False,False,True
p048_scratch_thin,p048,p048_scratch_thin,scratch_thin,high_texture_brushwork,A Farm in Brittany,Paul Gauguin,1894,Post-Impressionism,Oil on canvas,The Metropolitan Museum of Art,https://www.metmuseum.org/art/collection/search/436448,Public Domain / Open Access,p048.jpg,35177.01953125,35177.015625,356.1049194335937,104.56332397460938,-251.54159545898432,34820.914611816406,35072.45230102539,251.53768920898438,lama,183.1444396972656,183.1444396972656,9.26237964630127,6.999411582946777,-2.262968063354492,173.88206005096436,176.14502811431885,2.262968063354492,lama,2.668213209700577,2.6682136919651174,22.6150238756404,27.93700980242577,5.32198592678537,19.94681066593982,25.26879611046065,5.321985444520827,lama,0.3053283989429474,0.3053283989429474,0.0076609579846262,0.0010751992231234,-0.006585758761502801,0.2976674409583211,0.3042531997198239,0.006585758761502802,lama,0.9116736054420472,0.9116735458374025,0.9988649487495422,0.99978905916214,0.0009241104125977673,0.0871913433074951,0.0881155133247375,0.00092417001724239,lama,0.7975946664810181,0.7975946664810181,0.9995534420013428,0.9994210600852966,-0.00013238191604614258,0.2019587755203247,0.2018263936042785,-0.0001323819160461981,opencv,D:\Masters\FH\Thesis\painting-restoration-eval\data\processed\clean\p048_clean.png,D:\Masters\FH\Thesis\painting-restoration-eval\data\processed\masked\p048_scratch_thin_damaged.png,D:\Masters\FH\Thesis\painting-restoration-eval\data\processed\masks\p048_scratch_thin_mask.png,D:\Masters\FH\Thesis\painting-restoration-eval\data\processed\restored\opencv_telea\p048_scratch_thin_restored_opencv_telea.png,data/processed/restored/lama/p048_scratch_thin_restored_lama.png,3,1,0,lama,D:\Masters\FH\Thesis\painting-restoration-eval\data\processed\clean\p048_clean.png,D:\Masters\FH\Thesis\painting-restoration-eval\data\processed\masked\p048_scratch_thin_damaged.png,D:\Masters\FH\Thesis\painting-restoration-eval\data\processed\masks\p048_scratch_thin_mask.png,D:\Masters\FH\Thesis\painting-restoration-eval\data\processed\restored\opencv_telea\p048_scratch_thin_restored_opencv_telea.png,D:\Masters\FH\Thesis\painting-restoration-eval\data\processed\restored\lama\p048_scratch_thin_restored_lama.png,True,True,True,True,False,False,True
p049_scratch_thin,p049,p049_scratch_thin,scratch_thin,high_texture_brushwork,Peonies,Édouard Manet,1864-65,Modern French painting,Oil on canvas,The Metropolitan Museum of Art,https://www.metmuseum.org/art/collection/search/436961,Public Domain / Open Access,p049.jpg,37265.9140625,37265.9140625,140.28182983398438,101.66558837890624,-38.61624145507814,37125.632232666016,37164.24847412109,38.61624145507085,lama,189.39894104003903,189.39894104003903,6.619678020477295,6.556119918823242,-0.06355810165405273,182.77926301956177,182.84282112121585,0.06355810165408116,lama,2.4176858274746587,2.4176858274746587,26.660789386911,28.059063824398788,1.398274437487789,24.24310355943634,25.641377996924128,1.398274437487789,lama,0.2127646803855896,0.2127646803855896,0.0017554900841787,0.0008147057378664,-0.0009407843463123,0.2110091903014108,0.2119499746477231,0.0009407843463123122,lama,0.8956949710845947,0.8956949710845947,0.9998419284820556,0.9997805953025818,-6.133317947376593e-05,0.1041469573974609,0.104085624217987,-6.133317947389083e-05,opencv,0.9298093318939208,0.9298093318939208,0.9997642040252686,0.999499261379242,-0.0002649426460265003,0.0699548721313476,0.069689929485321,-0.00026494264602659745,opencv,D:\Masters\FH\Thesis\painting-restoration-eval\data\processed\clean\p049_clean.png,D:\Masters\FH\Thesis\painting-restoration-eval\data\processed\masked\p049_scratch_thin_damaged.png,D:\Masters\FH\Thesis\painting-restoration-eval\data\processed\masks\p049_scratch_thin_mask.png,D:\Masters\FH\Thesis\painting-restoration-eval\data\processed\restored\opencv_telea\p049_scratch_thin_restored_opencv_telea.png,data/processed/restored/lama/p049_scratch_thin_restored_lama.png,2,2,0,mixed_tie,D:\Masters\FH\Thesis\painting-restoration-eval\data\processed\clean\p049_clean.png,D:\Masters\FH\Thesis\painting-restoration-eval\data\processed\masked\p049_scratch_thin_damaged.png,D:\Masters\FH\Thesis\painting-restoration-eval\data\processed\masks\p049_scratch_thin_mask.png,D:\Masters\FH\Thesis\painting-restoration-eval\data\processed\restored\opencv_telea\p049_scratch_thin_restored_opencv_telea.png,D:\Masters\FH\Thesis\painting-restoration-eval\data\processed\restored\lama\p049_scratch_thin_restored_lama.png,True,True,True,True,False,False,True
p012_scratch_thin,p012,p012_scratch_thin,scratch_thin,landscape_natural,An Extensive Wooded Landscape,Philips Koninck,,,,The Metropolitan Museum of Art,https://www.metmuseum.org/art/collection/search/436831,Public Domain / Open Access,p012.jpg,25677.9140625,25677.9140625,1689.7664794921875,441.9673767089844,-1247.7991027832031,23988.14758300781,25235.946685791016,1247.7991027832068,lama,150.1058349609375,150.1058349609375,17.91612434387207,10.989399909973145,-6.926724433898926,132.18971061706543,139.11643505096436,6.926724433898926,lama,4.035206198176896,4.035206198176896,15.852536702633294,21.67690147261257,5.824364769979276,11.8173305044564,17.641695274435676,5.824364769979276,lama,0.2969414293766022,0.2969414293766022,0.0197278056293725,0.0040489938110113,-0.0156788118183612,0.2772136237472296,0.2928924355655908,0.015678811818361227,lama,0.8494353294372559,0.8494352102279663,0.99751615524292,0.9995059370994568,0.001989781856536754,0.148080825805664,0.1500707268714904,0.0019899010658263883,lama,0.7762019038200378,0.7762019038200378,0.9979480504989624,0.9917161464691162,-0.006231904029846191,0.2217461466789245,0.2155142426490783,-0.006231904029846191,opencv,D:\Masters\FH\Thesis\painting-restoration-eval\data\processed\clean\p012_clean.png,D:\Masters\FH\Thesis\painting-restoration-eval\data\processed\masked\p012_scratch_thin_damaged.png,D:\Masters\FH\Thesis\painting-restoration-eval\data\processed\masks\p012_scratch_thin_mask.png,D:\Masters\FH\Thesis\painting-restoration-eval\data\processed\restored\opencv_telea\p012_scratch_thin_restored_opencv_telea.png,data/processed/restored/lama/p012_scratch_thin_restored_lama.png,3,1,0,lama,D:\Masters\FH\Thesis\painting-restoration-eval\data\processed\clean\p012_clean.png,D:\Masters\FH\Thesis\painting-restoration-eval\data\processed\masked\p012_scratch_thin_damaged.png,D:\Masters\FH\Thesis\painting-restoration-eval\data\processed\masks\p012_scratch_thin_mask.png,D:\Masters\FH\Thesis\painting-restoration-eval\data\processed\restored\opencv_telea\p012_scratch_thin_restored_opencv_telea.png,D:\Masters\FH\Thesis\painting-restoration-eval\data\processed\restored\lama\p012_scratch_thin_restored_lama.png,True,True,True,True,False,False,True
p016_scratch_thin,p016,p016_scratch_thin,scratch_thin,landscape_natural,Wooded Landscape with a House beside a River,Thomas Gainsborough,,,,The Metropolitan Museum of Art,https://www.metmuseum.org/art/collection/search/343423,Public Domain / Open Access,p016.jpg,10559.564453125,10559.5654296875,797.1715087890625,756.7005615234375,-40.470947265625,9762.392944335938,9802.864868164062,40.471923828125,lama,89.07135772705078,89.07135772705078,20.085678100585938,19.10987663269043,-0.9758014678955078,68.98567962646484,69.96148109436035,0.9758014678955078,lama,7.894343555020665,7.894343153379397,19.11528592410971,19.341563046240918,0.22627712213120788,11.220942369089045,11.447219892861517,0.22627752377247212,lama,0.101435512304306,0.101435512304306,0.0072240596637129,0.0049910238012671,-0.0022330358624458,0.094211452640593,0.0964444885030388,0.0022330358624458035,lama,0.9618637561798096,0.9618636965751648,0.9997665882110596,0.9997355341911316,-3.1054019927978516e-05,0.03790283203125,0.0378718376159668,-3.0994415283203125e-05,opencv,0.9370157122612,0.9370157122612,0.9994939565658568,0.9994914531707764,-2.503395080455384e-06,0.0624782443046569,0.0624757409095764,-2.5033950804970173e-06,opencv,D:\Masters\FH\Thesis\painting-restoration-eval\data\processed\clean\p016_clean.png,D:\Masters\FH\Thesis\painting-restoration-eval\data\processed\masked\p016_scratch_thin_damaged.png,D:\Masters\FH\Thesis\painting-restoration-eval\data\processed\masks\p016_scratch_thin_mask.png,D:\Masters\FH\Thesis\painting-restoration-eval\data\processed\restored\opencv_telea\p016_scratch_thin_restored_opencv_telea.png,data/processed/restored/lama/p016_scratch_thin_restored_lama.png,2,2,0,mixed_tie,D:\Masters\FH\Thesis\painting-restoration-eval\data\processed\clean\p016_clean.png,D:\Masters\FH\Thesis\painting-restoration-eval\data\processed\masked\p016_scratch_thin_damaged.png,D:\Masters\FH\Thesis\painting-restoration-eval\data\processed\masks\p016_scratch_thin_mask.png,D:\Masters\FH\Thesis\painting-restoration-eval\data\processed\restored\opencv_telea\p016_scratch_thin_restored_opencv_telea.png,D:\Masters\FH\Thesis\painting-restoration-eval\data\processed\restored\lama\p016_scratch_thin_restored_lama.png,True,True,True,True,False,False,True
p004_scratch_thin,p004,p004_scratch_thin,scratch_thin,portrait_figure,Madame Georges Charpentier and Her Children,Pierre-Auguste Renoir,1878,Impressionism,Oil on canvas,The Metropolitan Museum of Art,https://www.metmuseum.org/art/collection/search/438815,Public Domain / Open Access,p004.jpg,32720.734375,32720.734375,145.4011688232422,142.3269805908203,-3.074188232421875,32575.33320617676,32578.40739440918,3.074188232418237,lama,171.96234130859375,171.96234130859375,7.144155502319336,7.306874275207519,0.1627187728881827,164.8181858062744,164.65546703338623,-0.1627187728881836,opencv,2.982573185754991,2.982573185754991,26.505124632070363,26.597931247962045,0.09280661589168204,23.52255144631537,23.61535806220705,0.09280661589168204,lama,0.2398073375225067,0.2398073375225067,0.0021340337116271,0.0010124891996383,-0.0011215445119888002,0.2376733038108796,0.2387948483228683,0.0011215445119887035,lama,0.8961696028709412,0.8961695432662964,0.9998584985733032,0.9998037815093994,-5.4717063903808594e-05,0.103688895702362,0.103634238243103,-5.465745925900545e-05,opencv,0.8411367535591125,0.8411367535591125,0.9967936277389526,0.995986819267273,-0.0008068084716796875,0.1556568741798401,0.1548500657081604,-0.0008068084716796875,opencv,D:\Masters\FH\Thesis\painting-restoration-eval\data\processed\clean\p004_clean.png,D:\Masters\FH\Thesis\painting-restoration-eval\data\processed\masked\p004_scratch_thin_damaged.png,D:\Masters\FH\Thesis\painting-restoration-eval\data\processed\masks\p004_scratch_thin_mask.png,D:\Masters\FH\Thesis\painting-restoration-eval\data\processed\restored\opencv_telea\p004_scratch_thin_restored_opencv_telea.png,data/processed/restored/lama/p004_scratch_thin_restored_lama.png,2,2,0,mixed_tie,D:\Masters\FH\Thesis\painting-restoration-eval\data\processed\clean\p004_clean.png,D:\Masters\FH\Thesis\painting-restoration-eval\data\processed\masked\p004_scratch_thin_damaged.png,D:\Masters\FH\Thesis\painting-restoration-eval\data\processed\masks\p004_scratch_thin_mask.png,D:\Masters\FH\Thesis\painting-restoration-eval\data\processed\restored\opencv_telea\p004_scratch_thin_restored_opencv_telea.png,D:\Masters\FH\Thesis\painting-restoration-eval\data\processed\restored\lama\p004_scratch_thin_restored_lama.png,True,True,True,True,False,False,True
p008_scratch_thin,p008,p008_scratch_thin,scratch_thin,portrait_figure,Manuel Osorio Manrique de Zuñiga,Francisco de Goya y Lucientes,1787-88,Spanish portraiture,Oil on canvas,The Metropolitan Museum of Art,https://www.metmuseum.org/art/collection/search/436545,Public Domain / Open Access,p008.jpg,39698.91796875,39698.921875,264.2908020019531,231.95639038085935,-32.33441162109378,39434.62716674805,39466.96548461914,32.33831787109375,lama,196.8914031982422,196.8914031982422,8.419856071472168,8.560349464416504,0.14049339294433594,188.47154712677,188.33105373382568,-0.14049339294430752,opencv,2.143016910469897,2.143016483137662,23.909983120355086,24.47674019068469,0.5667570703296043,21.76696620988519,22.333723707547037,0.5667574976618468,lama,0.3146711587905884,0.3146711587905884,0.0038933381438255,0.0025945268571376,-0.0012988112866879004,0.3107778206467628,0.3120766319334507,0.0012988112866879065,lama,0.9066472053527832,0.9066471457481384,0.999341368675232,0.9995136857032776,0.00017231702804554327,0.0926941633224487,0.0928665399551391,0.00017237663269040193,lama,0.7918055653572083,0.7918055653572083,0.9984346628189088,0.9973803758621216,-0.0010542869567872204,0.2066290974617004,0.2055748105049133,-0.0010542869567871094,opencv,D:\Masters\FH\Thesis\painting-restoration-eval\data\processed\clean\p008_clean.png,D:\Masters\FH\Thesis\painting-restoration-eval\data\processed\masked\p008_scratch_thin_damaged.png,D:\Masters\FH\Thesis\painting-restoration-eval\data\processed\masks\p008_scratch_thin_mask.png,D:\Masters\FH\Thesis\painting-restoration-eval\data\processed\restored\opencv_telea\p008_scratch_thin_restored_opencv_telea.png,data/processed/restored/lama/p008_scratch_thin_restored_lama.png,3,1,0,lama,D:\Masters\FH\Thesis\painting-restoration-eval\data\processed\clean\p008_clean.png,D:\Masters\FH\Thesis\painting-restoration-eval\data\processed\masked\p008_scratch_thin_damaged.png,D:\Masters\FH\Thesis\painting-restoration-eval\data\processed\masks\p008_scratch_thin_mask.png,D:\Masters\FH\Thesis\painting-restoration-eval\data\processed\restored\opencv_telea\p008_scratch_thin_restored_opencv_telea.png,D:\Masters\FH\Thesis\painting-restoration-eval\data\processed\restored\lama\p008_scratch_thin_restored_lama.png,True,True,True,True,False,False,True
p036_scratch_thin,p036,p036_scratch_thin,scratch_thin,abstraction_surrealism,"Lozenge Composition with Yellow, Black, Blue, Red, and Gray",Piet Mondrian,,,,Art Institute of Chicago,https://www.artic.edu/artworks/109819/lozenge-composition-with-yellow-black-blue-red-and-gray,CC0 Public Domain Designation,p036.jpg,2009.9451904296875,2009.9451904296875,38.38523483276367,23.089704513549805,-15.295530319213867,1971.559955596924,1986.8554859161377,15.29553031921364,lama,29.34335327148437,29.34335327148437,1.6090614795684814,2.3825721740722656,0.7735106945037842,27.734291791915894,26.96078109741211,-0.7735106945037842,opencv,15.098961461431877,15.098961461431877,32.28916158994954,34.49661985722753,2.2074582672779854,17.190200128517667,19.39765839579565,2.207458267277982,lama,0.1054271608591079,0.1054271608591079,0.000719440751709,0.0008030412718653,8.360052015630006e-05,0.1047077201073989,0.1046241195872426,-8.360052015629615e-05,opencv,0.9261479377746582,0.9261481761932372,0.9998781681060792,0.9989223480224608,-0.0009558200836183861,0.0737302303314209,0.0727741718292236,-0.0009560585021972934,opencv,0.9730130434036256,0.9730130434036256,0.9911391735076904,0.9795359373092652,-0.011603236198425182,0.0181261301040649,0.0065228939056396,-0.0116032361984253,opencv,D:\Masters\FH\Thesis\painting-restoration-eval\data\processed\clean\p036_clean.png,D:\Masters\FH\Thesis\painting-restoration-eval\data\processed\masked\p036_scratch_thin_damaged.png,D:\Masters\FH\Thesis\painting-restoration-eval\data\processed\masks\p036_scratch_thin_mask.png,D:\Masters\FH\Thesis\painting-restoration-eval\data\processed\restored\opencv_telea\p036_scratch_thin_restored_opencv_telea.png,data/processed/restored/lama/p036_scratch_thin_restored_lama.png,1,3,0,opencv,D:\Masters\FH\Thesis\painting-restoration-eval\data\processed\clean\p036_clean.png,D:\Masters\FH\Thesis\painting-restoration-eval\data\processed\masked\p036_scratch_thin_damaged.png,D:\Masters\FH\Thesis\painting-restoration-eval\data\processed\masks\p036_scratch_thin_mask.png,D:\Masters\FH\Thesis\painting-restoration-eval\data\processed\restored\opencv_telea\p036_scratch_thin_restored_opencv_telea.png,D:\Masters\FH\Thesis\painting-restoration-eval\data\processed\restored\lama\p036_scratch_thin_restored_lama.png,True,False,True,False,False,False,True
p023_scratch_thin,p023,p023_scratch_thin,scratch_thin,architecture_structured,Church Interior,Johannes Bosboom,,,,Rijksmuseum,https://www.rijksmuseum.nl/en/collection/object/Church-Interior--03aa0ac29d0083c4a571318a84e8f945,Public domain,p023.jpg,20128.052734375,20128.056640625,111.3160629272461,103.49212646484376,-7.8239364624023295,20016.736671447758,20024.56451416016,7.827842712402344,lama,130.18775939941406,130.18775939941406,6.172101020812988,6.933867454528809,0.7617664337158203,124.01565837860107,123.25389194488524,-0.7617664337158345,opencv,5.092785992739363,5.092785149904403,27.665225232419168,27.98173050330442,0.3165052708852514,22.57243923967981,22.88894535340002,0.31650611372020876,lama,0.2335698455572128,0.2335698455572128,0.0009437572443857,0.0009538771118968,1.0119867511100013e-05,0.232626088312827,0.2326159684453159,-1.0119867511093616e-05,opencv,0.8796381950378418,0.8796383142471313,0.9997831583023072,0.9997480511665344,-3.51071357728161e-05,0.1201449632644653,0.120109736919403,-3.522634506229749e-05,opencv,0.9634913206100464,0.9634913206100464,0.9993592500686646,0.999014139175415,-0.0003451108932495117,0.0358679294586181,0.0355228185653686,-0.0003451108932495048,opencv,D:\Masters\FH\Thesis\painting-restoration-eval\data\processed\clean\p023_clean.png,D:\Masters\FH\Thesis\painting-restoration-eval\data\processed\masked\p023_scratch_thin_damaged.png,D:\Masters\FH\Thesis\painting-restoration-eval\data\processed\masks\p023_scratch_thin_mask.png,D:\Masters\FH\Thesis\painting-restoration-eval\data\processed\restored\opencv_telea\p023_scratch_thin_restored_opencv_telea.png,data/processed/restored/lama/p023_scratch_thin_restored_lama.png,1,3,0,opencv,D:\Masters\FH\Thesis\painting-restoration-eval\data\processed\clean\p023_clean.png,D:\Masters\FH\Thesis\painting-restoration-eval\data\processed\masked\p023_scratch_thin_damaged.png,D:\Masters\FH\Thesis\painting-restoration-eval\data\processed\masks\p023_scratch_thin_mask.png,D:\Masters\FH\Thesis\painting-restoration-eval\data\processed\restored\opencv_telea\p023_scratch_thin_restored_opencv_telea.png,D:\Masters\FH\Thesis\painting-restoration-eval\data\processed\restored\lama\p023_scratch_thin_restored_lama.png,True,False,True,False,False,False,True
p017_scratch_thin,p017,p017_scratch_thin,scratch_thin,landscape_natural,Picturesque Landscape,"Anonymous, British, 18th century",,,,The Metropolitan Museum of Art,https://www.metmuseum.org/art/collection/search/364452,Public Domain / Open Access,p017.jpg,12100.0712890625,12100.0712890625,524.1697387695312,506.61956787109375,-17.5501708984375,11575.901550292969,11593.451721191406,17.5501708984375,lama,100.52464294433594,100.52464294433594,14.811744689941406,15.457110404968262,0.6453657150268555,85.71289825439453,85.06753253936768,-0.6453657150268555,opencv,7.3029243184441395,7.3029243184441395,20.936084161092253,21.0839840073056,0.1478998462133454,13.633159842648114,13.781059688861465,0.14789984621335073,lama,0.093231976032257,0.093231976032257,0.0017884789267554,0.0025247412268072,0.0007362623000517997,0.0914434971055015,0.0907072348054498,-0.0007362623000516932,opencv,0.9738470315933228,0.9738470315933228,0.9998577237129213,0.9995875954627992,-0.0002701282501220703,0.0260106921195983,0.0257405638694763,-0.00027012825012199745,opencv,0.914686679840088,0.914686679840088,0.999579131603241,0.9982463121414183,-0.0013328194618226208,0.084892451763153,0.0835596323013305,-0.0013328194618225098,opencv,D:\Masters\FH\Thesis\painting-restoration-eval\data\processed\clean\p017_clean.png,D:\Masters\FH\Thesis\painting-restoration-eval\data\processed\masked\p017_scratch_thin_damaged.png,D:\Masters\FH\Thesis\painting-restoration-eval\data\processed\masks\p017_scratch_thin_mask.png,D:\Masters\FH\Thesis\painting-restoration-eval\data\processed\restored\opencv_telea\p017_scratch_thin_restored_opencv_telea.png,data/processed/restored/lama/p017_scratch_thin_restored_lama.png,1,3,0,opencv,D:\Masters\FH\Thesis\painting-restoration-eval\data\processed\clean\p017_clean.png,D:\Masters\FH\Thesis\painting-restoration-eval\data\processed\masked\p017_scratch_thin_damaged.png,D:\Masters\FH\Thesis\painting-restoration-eval\data\processed\masks\p017_scratch_thin_mask.png,D:\Masters\FH\Thesis\painting-restoration-eval\data\processed\restored\opencv_telea\p017_scratch_thin_restored_opencv_telea.png,D:\Masters\FH\Thesis\painting-restoration-eval\data\processed\restored\lama\p017_scratch_thin_restored_lama.png,True,False,True,False,False,False,True
p031_scratch_thin,p031,p031_scratch_thin,scratch_thin,abstraction_surrealism,Improvisation No. 30 (Cannons),Wassily Kandinsky,,,,Art Institute of Chicago,https://www.artic.edu/artworks/8991/improvisation-no-30-cannons,CC0 Public Domain Designation,p031.jpg,20104.31640625,20104.31640625,126.1112823486328,135.1292266845703,9.017944335937514,19978.205123901367,19969.18717956543,-9.0179443359375,opencv,135.18821716308594,135.18821716308594,6.607870578765869,7.945169448852539,1.33729887008667,128.58034658432007,127.2430477142334,-1.33729887008667,opencv,5.097910502054416,5.097910502054416,27.123264190801702,26.8233106946934,-0.29995349610830147,22.025353688747288,21.72540019263898,-0.29995349610830857,opencv,0.2021039873361587,0.2021039873361587,0.0008884386043064,0.000712331442628,-0.00017610716167840005,0.2012155487318523,0.2013916558935307,0.00017610716167840157,lama,0.9450992345809937,0.9450992941856384,0.9998363256454468,0.9996901750564576,-0.0001461505889891468,0.0547370910644531,0.054590880870819,-0.00014621019363409565,opencv,0.8918136358261108,0.8918136358261108,0.9993340969085692,0.9975120425224304,-0.001822054386138805,0.1075204610824585,0.1056984066963195,-0.0018220543861389993,opencv,D:\Masters\FH\Thesis\painting-restoration-eval\data\processed\clean\p031_clean.png,D:\Masters\FH\Thesis\painting-restoration-eval\data\processed\masked\p031_scratch_thin_damaged.png,D:\Masters\FH\Thesis\painting-restoration-eval\data\processed\masks\p031_scratch_thin_mask.png,D:\Masters\FH\Thesis\painting-restoration-eval\data\processed\restored\opencv_telea\p031_scratch_thin_restored_opencv_telea.png,data/processed/restored/lama/p031_scratch_thin_restored_lama.png,1,3,0,opencv,D:\Masters\FH\Thesis\painting-restoration-eval\data\processed\clean\p031_clean.png,D:\Masters\FH\Thesis\painting-restoration-eval\data\processed\masked\p031_scratch_thin_damaged.png,D:\Masters\FH\Thesis\painting-restoration-eval\data\processed\masks\p031_scratch_thin_mask.png,D:\Masters\FH\Thesis\painting-restoration-eval\data\processed\restored\opencv_telea\p031_scratch_thin_restored_opencv_telea.png,D:\Masters\FH\Thesis\painting-restoration-eval\data\processed\restored\lama\p031_scratch_thin_restored_lama.png,False,True,False,True,False,False,True
p033_scratch_thin,p033,p033_scratch_thin,scratch_thin,abstraction_surrealism,Movement,Marsden Hartley,,,,Art Institute of Chicago,https://www.artic.edu/artworks/65916/movement,CC0 Public Domain Designation,p033.jpg,27948.900390625,27948.896484375,197.5687255859375,200.3996734619141,2.830947875976591,27751.331665039062,27748.49681091309,-2.8348541259729245,opencv,154.0970916748047,154.0970916748047,8.93504524230957,9.897860527038574,0.9628152847290039,145.16204643249512,144.1992311477661,-0.9628152847290039,opencv,3.66715635002464,3.667156957012005,25.173621624199967,25.11183351326417,-0.06178811093579739,21.506465274175326,21.44467655625216,-0.06178871792316798,opencv,0.1229975521564483,0.1229975521564483,0.000601838750299,0.0004048311675433,-0.00019700758275569994,0.1223957134061493,0.122592720988905,0.00019700758275570385,lama,0.9614169597625732,0.9614170789718628,0.9998898506164552,0.9998363256454468,-5.3524971008411804e-05,0.0384728908538818,0.0384192466735839,-5.3644180297900135e-05,opencv,0.935650110244751,0.935650110244751,0.9995347261428832,0.9994844794273376,-5.0246715545543275e-05,0.0638846158981323,0.0638343691825866,-5.024671554569593e-05,opencv,D:\Masters\FH\Thesis\painting-restoration-eval\data\processed\clean\p033_clean.png,D:\Masters\FH\Thesis\painting-restoration-eval\data\processed\masked\p033_scratch_thin_damaged.png,D:\Masters\FH\Thesis\painting-restoration-eval\data\processed\masks\p033_scratch_thin_mask.png,D:\Masters\FH\Thesis\painting-restoration-eval\data\processed\restored\opencv_telea\p033_scratch_thin_restored_opencv_telea.png,data/processed/restored/lama/p033_scratch_thin_restored_lama.png,1,3,0,opencv,D:\Masters\FH\Thesis\painting-restoration-eval\data\processed\clean\p033_clean.png,D:\Masters\FH\Thesis\painting-restoration-eval\data\processed\masked\p033_scratch_thin_damaged.png,D:\Masters\FH\Thesis\painting-restoration-eval\data\processed\masks\p033_scratch_thin_mask.png,D:\Masters\FH\Thesis\painting-restoration-eval\data\processed\restored\opencv_telea\p033_scratch_thin_restored_opencv_telea.png,D:\Masters\FH\Thesis\painting-restoration-eval\data\processed\restored\lama\p033_scratch_thin_restored_lama.png,False,True,False,True,False,False,True
p035_scratch_thin,p035,p035_scratch_thin,scratch_thin,abstraction_surrealism,The Bewitched Mill,Franz Marc,,,,Art Institute of Chicago,https://www.artic.edu/artworks/9021/the-bewitched-mill,CC0 Public Domain Designation,p035.jpg,19715.00390625,19715.00390625,222.3334808349609,225.96578979492188,3.632308959960966,19492.67042541504,19489.03811645508,-3.6323089599572995,opencv,126.15744018554688,126.15744018554688,9.635391235351562,10.817974090576172,1.1825828552246094,116.52204895019533,115.3394660949707,-1.1825828552246236,opencv,5.182834934093328,5.182834934093328,24.66075493549037,24.590376669766947,-0.07037826572342354,19.477920001397045,19.407541735673615,-0.07037826572343064,opencv,0.0727216377854347,0.0727216377854347,0.0008786413818597,0.0004558698274195,-0.0004227715544402,0.0718429964035749,0.0722657679580152,0.00042277155444030157,lama,0.9843804240226746,0.9843804836273192,0.9998897314071656,0.999808669090271,-8.106231689464227e-05,0.0155093073844909,0.0154281854629516,-8.11219215392997e-05,opencv,0.9660708904266356,0.9660708904266356,0.999363124370575,0.9988794922828674,-0.00048363208770751953,0.0332922339439392,0.0328086018562316,-0.0004836320877076028,opencv,D:\Masters\FH\Thesis\painting-restoration-eval\data\processed\clean\p035_clean.png,D:\Masters\FH\Thesis\painting-restoration-eval\data\processed\masked\p035_scratch_thin_damaged.png,D:\Masters\FH\Thesis\painting-restoration-eval\data\processed\masks\p035_scratch_thin_mask.png,D:\Masters\FH\Thesis\painting-restoration-eval\data\processed\restored\opencv_telea\p035_scratch_thin_restored_opencv_telea.png,data/processed/restored/lama/p035_scratch_thin_restored_lama.png,1,3,0,opencv,D:\Masters\FH\Thesis\painting-restoration-eval\data\processed\clean\p035_clean.png,D:\Masters\FH\Thesis\painting-restoration-eval\data\processed\masked\p035_scratch_thin_damaged.png,D:\Masters\FH\Thesis\painting-restoration-eval\data\processed\masks\p035_scratch_thin_mask.png,D:\Masters\FH\Thesis\painting-restoration-eval\data\processed\restored\opencv_telea\p035_scratch_thin_restored_opencv_telea.png,D:\Masters\FH\Thesis\painting-restoration-eval\data\processed\restored\lama\p035_scratch_thin_restored_lama.png,False,True,False,True,False,False,True
p041_scratch_thin,p041,p041_scratch_thin,scratch_thin,high_texture_brushwork,Wheat Field with Cypresses,Vincent van Gogh,1889,Post-Impressionism,Oil on canvas,The Metropolitan Museum of Art,https://www.metmuseum.org/art/collection/search/436535,Public Domain / Open Access,p041.jpg,26664.6015625,26664.6015625,544.6475830078125,582.8355712890625,38.18798828125,26119.953979492188,26081.765991210938,-38.18798828125,opencv,151.9729766845703,151.9729766845703,14.703354835510254,15.82215404510498,1.1187992095947266,137.26962184906006,136.15082263946533,-1.1187992095947266,opencv,3.871452622733708,3.871452622733708,20.769647801713443,20.475343113472995,-0.2943046882404481,16.898195178979734,16.603890490739285,-0.2943046882404481,opencv,0.259859174489975,0.259859174489975,0.0032628853805363,0.002581390319392,-0.0006814950611443,0.2565962891094386,0.2572777841705829,0.0006814950611442883,lama,0.89035964012146,0.8903596997261047,0.9993387460708618,0.9995986223220824,0.0002598762512205921,0.1089791059494018,0.1092389225959777,0.0002598166465759,lama,0.6784182786941528,0.6784182786941528,0.9975597858428956,0.9972342252731324,-0.0003255605697631836,0.3191415071487427,0.3188159465789795,-0.0003255605697631836,opencv,D:\Masters\FH\Thesis\painting-restoration-eval\data\processed\clean\p041_clean.png,D:\Masters\FH\Thesis\painting-restoration-eval\data\processed\masked\p041_scratch_thin_damaged.png,D:\Masters\FH\Thesis\painting-restoration-eval\data\processed\masks\p041_scratch_thin_mask.png,D:\Masters\FH\Thesis\painting-restoration-eval\data\processed\restored\opencv_telea\p041_scratch_thin_restored_opencv_telea.png,data/processed/restored/lama/p041_scratch_thin_restored_lama.png,2,2,0,mixed_tie,D:\Masters\FH\Thesis\painting-restoration-eval\data\processed\clean\p041_clean.png,D:\Masters\FH\Thesis\painting-restoration-eval\data\processed\masked\p041_scratch_thin_damaged.png,D:\Masters\FH\Thesis\painting-restoration-eval\data\processed\masks\p041_scratch_thin_mask.png,D:\Masters\FH\Thesis\painting-restoration-eval\data\processed\restored\opencv_telea\p041_scratch_thin_restored_opencv_telea.png,D:\Masters\FH\Thesis\painting-restoration-eval\data\processed\restored\lama\p041_scratch_thin_restored_lama.png,False,True,False,True,False,False,True
p050_scratch_thin,p050,p050_scratch_thin,scratch_thin,high_texture_brushwork,Landscape with a Sunlit Stream,Charles-François Daubigny,,,,The Metropolitan Museum of Art,https://www.metmuseum.org/art/collection/search/436090,Public Domain / Open Access,p050.jpg,42905.94140625,42905.9453125,145.34359741210938,165.06582641601562,19.72222900390625,42760.59780883789,42740.879486083984,-19.71832275390625,opencv,204.32791137695312,204.32791137695312,7.831457138061523,8.590970993041992,0.7595138549804688,196.4964542388916,195.73694038391116,-0.7595138549804403,opencv,1.8056292552967128,1.8056288599056105,26.5068445561688,25.954231903013792,-0.5526126531550091,24.70121530087209,24.14860304310818,-0.5526122577639079,opencv,0.4201236367225647,0.4201236367225647,0.0038842856884002,0.0030327262356877,-0.0008515594527124999,0.4162393510341644,0.4170909104868769,0.0008515594527125359,lama,0.820162296295166,0.8201620578765869,0.9991500377655028,0.998692274093628,-0.00045776367187477796,0.1789877414703369,0.178530216217041,-0.00045752525329589844,opencv,0.6756763458251953,0.6756763458251953,0.997313916683197,0.9967409372329712,-0.0005729794502258301,0.3216375708580017,0.3210645914077759,-0.0005729794502258301,opencv,D:\Masters\FH\Thesis\painting-restoration-eval\data\processed\clean\p050_clean.png,D:\Masters\FH\Thesis\painting-restoration-eval\data\processed\masked\p050_scratch_thin_damaged.png,D:\Masters\FH\Thesis\painting-restoration-eval\data\processed\masks\p050_scratch_thin_mask.png,D:\Masters\FH\Thesis\painting-restoration-eval\data\processed\restored\opencv_telea\p050_scratch_thin_restored_opencv_telea.png,data/processed/restored/lama/p050_scratch_thin_restored_lama.png,1,3,0,opencv,D:\Masters\FH\Thesis\painting-restoration-eval\data\processed\clean\p050_clean.png,D:\Masters\FH\Thesis\painting-restoration-eval\data\processed\masked\p050_scratch_thin_damaged.png,D:\Masters\FH\Thesis\painting-restoration-eval\data\processed\masks\p050_scratch_thin_mask.png,D:\Masters\FH\Thesis\painting-restoration-eval\data\processed\restored\opencv_telea\p050_scratch_thin_restored_opencv_telea.png,D:\Masters\FH\Thesis\painting-restoration-eval\data\processed\restored\lama\p050_scratch_thin_restored_lama.png,False,True,False,True,False,False,True
p014_scratch_thin,p014,p014_scratch_thin,scratch_thin,landscape_natural,Landscape on a River,Charles-François Daubigny,,,,The Metropolitan Museum of Art,https://www.metmuseum.org/art/collection/search/436081,Public Domain / Open Access,p014.jpg,40471.265625,40471.265625,421.6278381347656,552.8161010742188,131.18826293945312,40049.637786865234,39918.44952392578,-131.18826293945312,opencv,193.12417602539065,193.12417602539065,10.307018280029297,11.08893585205078,0.7819175720214826,182.81715774536133,182.03524017333984,-0.7819175720214844,opencv,2.059335749255868,2.059335749255868,21.88151083262128,20.704996772509485,-1.1765140601117956,19.82217508336541,18.645661023253616,-1.176514060111792,opencv,0.421140193939209,0.421140193939209,0.0056628882884979,0.0042066248133778,-0.0014562634751200997,0.415477305650711,0.4169335691258311,0.001456263475120123,lama,0.8565492630004883,0.8565492630004883,0.9974125623703004,0.9912582635879515,-0.006154298782348855,0.140863299369812,0.1347090005874633,-0.006154298782348716,opencv,0.6256421804428101,0.6256421804428101,0.9983271956443788,0.976017951965332,-0.022309243679046742,0.3726850152015686,0.350375771522522,-0.02230924367904663,opencv,D:\Masters\FH\Thesis\painting-restoration-eval\data\processed\clean\p014_clean.png,D:\Masters\FH\Thesis\painting-restoration-eval\data\processed\masked\p014_scratch_thin_damaged.png,D:\Masters\FH\Thesis\painting-restoration-eval\data\processed\masks\p014_scratch_thin_mask.png,D:\Masters\FH\Thesis\painting-restoration-eval\data\processed\restored\opencv_telea\p014_scratch_thin_restored_opencv_telea.png,data/processed/restored/lama/p014_scratch_thin_restored_lama.png,1,3,0,opencv,D:\Masters\FH\Thesis\painting-restoration-eval\data\processed\clean\p014_clean.png,D:\Masters\FH\Thesis\painting-restoration-eval\data\processed\masked\p014_scratch_thin_damaged.png,D:\Masters\FH\Thesis\painting-restoration-eval\data\processed\masks\p014_scratch_thin_mask.png,D:\Masters\FH\Thesis\painting-restoration-eval\data\processed\restored\opencv_telea\p014_scratch_thin_restored_opencv_telea.png,D:\Masters\FH\Thesis\painting-restoration-eval\data\processed\restored\lama\p014_scratch_thin_restored_lama.png,False,True,False,True,False,False,True
p015_scratch_thin,p015,p015_scratch_thin,scratch_thin,landscape_natural,Landscape,Henri-Joseph Harpignies,,,,The Metropolitan Museum of Art,https://www.metmuseum.org/art/collection/search/337306,Public Domain / Open Access,p015.jpg,11595.3330078125,11595.3330078125,187.24124145507807,197.3235015869141,10.082260131836023,11408.091766357422,11398.009506225586,-10.082260131835938,opencv,100.4369659423828,100.4369659423828,8.89826774597168,9.831632614135742,0.9333648681640625,91.53869819641112,90.60533332824708,-0.9333648681640341,opencv,7.487971351574963,7.487971351574963,25.40678848924669,25.179015472747373,-0.22777301649931658,17.918817137671727,17.69104412117241,-0.22777301649931658,opencv,0.1582717597484588,0.1582717597484588,0.0014840950025245,0.0010069911368191,-0.00047710386570540015,0.1567876647459343,0.1572647686116397,0.00047710386570540275,lama,0.919958233833313,0.919958233833313,0.9998044967651368,0.9998576045036316,5.3107738494762025e-05,0.0798462629318237,0.0798993706703186,5.31077384949008e-05,lama,0.665026843547821,0.665026843547821,0.9994256496429444,0.9993881583213806,-3.7491321563831725e-05,0.3343988060951233,0.3343613147735595,-3.7491321563776214e-05,opencv,D:\Masters\FH\Thesis\painting-restoration-eval\data\processed\clean\p015_clean.png,D:\Masters\FH\Thesis\painting-restoration-eval\data\processed\masked\p015_scratch_thin_damaged.png,D:\Masters\FH\Thesis\painting-restoration-eval\data\processed\masks\p015_scratch_thin_mask.png,D:\Masters\FH\Thesis\painting-restoration-eval\data\processed\restored\opencv_telea\p015_scratch_thin_restored_opencv_telea.png,data/processed/restored/lama/p015_scratch_thin_restored_lama.png,2,2,0,mixed_tie,D:\Masters\FH\Thesis\painting-restoration-eval\data\processed\clean\p015_clean.png,D:\Masters\FH\Thesis\painting-restoration-eval\data\processed\masked\p015_scratch_thin_damaged.png,D:\Masters\FH\Thesis\painting-restoration-eval\data\processed\masks\p015_scratch_thin_mask.png,D:\Masters\FH\Thesis\painting-restoration-eval\data\processed\restored\opencv_telea\p015_scratch_thin_restored_opencv_telea.png,D:\Masters\FH\Thesis\painting-restoration-eval\data\processed\restored\lama\p015_scratch_thin_restored_lama.png,False,True,False,True,False,False,True
p009_scratch_thin,p009,p009_scratch_thin,scratch_thin,portrait_figure,Madame Roulin and Her Baby,Vincent van Gogh,1888,Post-Impressionism,Oil on canvas,The Metropolitan Museum of Art,https://www.metmuseum.org/art/collection/search/459123,Public Domain / Open Access,p009.jpg,22220.63671875,22220.63671875,842.8877563476562,844.0307006835938,1.1429443359375,21377.748962402344,21376.606018066406,-1.1429443359375,opencv,127.12538146972656,127.12538146972656,14.08490753173828,16.457597732543945,2.372690200805666,113.04047393798828,110.66778373718262,-2.372690200805664,opencv,4.663238616420983,4.663238616420983,18.873106154773268,18.86722116973317,-0.00588498504009749,14.209867538352285,14.20398255331219,-0.005884985040093937,opencv,0.1729621440172195,0.1729621440172195,0.004283879417926,0.0039944695308804,-0.0002894098870456002,0.1686782645992934,0.1689676744863391,0.00028940988704570514,lama,0.9370008707046508,0.937000811100006,0.998644232749939,0.9989992380142212,0.00035500526428222656,0.061643362045288,0.061998426914215,0.000355064868926995,lama,0.916939616203308,0.916939616203308,0.9996866583824158,0.9994683265686036,-0.00021833181381214484,0.0827470421791076,0.0825287103652954,-0.00021833181381220035,opencv,D:\Masters\FH\Thesis\painting-restoration-eval\data\processed\clean\p009_clean.png,D:\Masters\FH\Thesis\painting-restoration-eval\data\processed\masked\p009_scratch_thin_damaged.png,D:\Masters\FH\Thesis\painting-restoration-eval\data\processed\masks\p009_scratch_thin_mask.png,D:\Masters\FH\Thesis\painting-restoration-eval\data\processed\restored\opencv_telea\p009_scratch_thin_restored_opencv_telea.png,data/processed/restored/lama/p009_scratch_thin_restored_lama.png,2,2,0,mixed_tie,D:\Masters\FH\Thesis\painting-restoration-eval\data\processed\clean\p009_clean.png,D:\Masters\FH\Thesis\painting-restoration-eval\data\processed\masked\p009_scratch_thin_damaged.png,D:\Masters\FH\Thesis\painting-restoration-eval\data\processed\masks\p009_scratch_thin_mask.png,D:\Masters\FH\Thesis\painting-restoration-eval\data\processed\restored\opencv_telea\p009_scratch_thin_restored_opencv_telea.png,D:\Masters\FH\Thesis\painting-restoration-eval\data\processed\restored\lama\p009_scratch_thin_restored_lama.png,False,True,False,True,False,False,True
p037_loss_large,p037,p037_loss_large,loss_large,abstraction_surrealism,In the Sea,Arnold Böcklin,,,,Art Institute of Chicago,https://www.artic.edu/artworks/110507/in-the-sea,CC0 Public Domain Designation,p037.jpg,33494.56640625,33494.56640625,1451.81298828125,2068.38134765625,616.568359375,32042.75341796875,31426.18505859375,-616.568359375,opencv,177.57240295410156,177.57241821289062,26.10465431213379,28.899503707885746,2.7948493957519567,151.46774864196777,148.67291450500488,-2.7948341369628906,opencv,2.881060007318896,2.881060007318896,16.511696834764514,14.974497481508264,-1.5371993532562502,13.63063682744562,12.093437474189368,-1.537199353256252,opencv,0.5041353106498718,0.5041353106498718,0.2631968557834625,0.2052419930696487,-0.05795486271381384,0.2409384548664093,0.2988933175802231,0.05795486271381378,lama,0.7857884168624878,0.7857882976531982,0.848861575126648,0.9505763649940492,0.10171478986740123,0.0630731582641601,0.1647880673408508,0.1017149090766907,lama,0.844184398651123,0.844184398651123,0.7548383474349976,0.9246702194213868,0.16983187198638927,-0.0893460512161254,0.0804858207702636,0.169831871986389,lama,D:\Masters\FH\Thesis\painting-restoration-eval\data\processed\clean\p037_clean.png,D:\Masters\FH\Thesis\painting-restoration-eval\data\processed\masked\p037_loss_large_damaged.png,D:\Masters\FH\Thesis\painting-restoration-eval\data\processed\masks\p037_loss_large_mask.png,D:\Masters\FH\Thesis\painting-restoration-eval\data\processed\restored\opencv_telea\p037_loss_large_restored_opencv_telea.png,data/processed/restored/lama/p037_loss_large_restored_lama.png,3,1,0,lama,D:\Masters\FH\Thesis\painting-restoration-eval\data\processed\clean\p037_clean.png,D:\Masters\FH\Thesis\painting-restoration-eval\data\processed\masked\p037_loss_large_damaged.png,D:\Masters\FH\Thesis\painting-restoration-eval\data\processed\masks\p037_loss_large_mask.png,D:\Masters\FH\Thesis\painting-restoration-eval\data\processed\restored\opencv_telea\p037_loss_large_restored_opencv_telea.png,D:\Masters\FH\Thesis\painting-restoration-eval\data\processed\restored\lama\p037_loss_large_restored_lama.png,False,False,False,False,False,False,True
p040_loss_large,p040,p040_loss_large,loss_large,abstraction_surrealism,Houses at Murnau,Wassily Kandinsky,,,,Art Institute of Chicago,https://www.artic.edu/artworks/129849/houses-at-murnau,CC0 Public Domain Designation,p040.jpg,31996.23046875,31996.23046875,2334.951416015625,3194.313232421875,859.36181640625,29661.27905273437,28801.917236328125,-859.3618164062464,opencv,169.3944091796875,169.3944091796875,34.092140197753906,37.59150695800781,3.4993667602539062,135.3022689819336,131.8029022216797,-3.4993667602539062,opencv,3.079815445183623,3.079815445183623,14.448025123580004,13.087028603233062,-1.3609965203469425,11.36820967839638,10.00721315804944,-1.360996520346939,opencv,0.4651392102241516,0.4651392102241516,0.3185393512248993,0.2828479707241058,-0.03569138050079351,0.1465998589992523,0.1822912395000457,0.0356913805007934,lama,0.7848982214927673,0.784898042678833,0.8428553342819214,0.9280757904052734,0.08522045612335205,0.057957112789154,0.1431777477264404,0.0852206349372864,lama,0.6292569637298584,0.6292569637298584,0.4560596942901611,0.7181358337402344,0.2620761394500733,-0.1731972694396972,0.0888788700103759,0.26207613945007313,lama,D:\Masters\FH\Thesis\painting-restoration-eval\data\processed\clean\p040_clean.png,D:\Masters\FH\Thesis\painting-restoration-eval\data\processed\masked\p040_loss_large_damaged.png,D:\Masters\FH\Thesis\painting-restoration-eval\data\processed\masks\p040_loss_large_mask.png,D:\Masters\FH\Thesis\painting-restoration-eval\data\processed\restored\opencv_telea\p040_loss_large_restored_opencv_telea.png,data/processed/restored/lama/p040_loss_large_restored_lama.png,3,1,0,lama,D:\Masters\FH\Thesis\painting-restoration-eval\data\processed\clean\p040_clean.png,D:\Masters\FH\Thesis\painting-restoration-eval\data\processed\masked\p040_loss_large_damaged.png,D:\Masters\FH\Thesis\painting-restoration-eval\data\processed\masks\p040_loss_large_mask.png,D:\Masters\FH\Thesis\painting-restoration-eval\data\processed\restored\opencv_telea\p040_loss_large_restored_opencv_telea.png,D:\Masters\FH\Thesis\painting-restoration-eval\data\processed\restored\lama\p040_loss_large_restored_lama.png,False,False,False,False,False,False,True
p036_loss_small,p036,p036_loss_small,loss_small,abstraction_surrealism,"Lozenge Composition with Yellow, Black, Blue, Red, and Gray",Piet Mondrian,,,,Art Institute of Chicago,https://www.artic.edu/artworks/109819/lozenge-composition-with-yellow-black-blue-red-and-gray,CC0 Public Domain Designation,p036.jpg,3290.943115234375,3290.943359375,847.4501953125,7.8047099113464355,-839.6454854011536,2443.492919921875,3283.1386494636536,839.6457295417786,lama,37.02277374267578,37.02277374267578,7.999778747558594,2.0612335205078125,-5.938545227050781,29.022994995117188,34.96154022216797,5.938545227050781,lama,12.957599853961828,12.957599531777824,18.849661767497665,39.20723595204616,20.357574184548497,5.892061913535837,26.249636420268335,20.357574506732497,lama,0.0601251721382141,0.0601251721382141,0.018700847402215,0.0002323462977074,-0.018468501104507602,0.0414243247359991,0.0598928258405067,0.018468501104507602,lama,0.9223778247833252,0.9223775267601012,0.9972133040428162,0.9915118217468262,-0.00570148229598999,0.0748354792594909,0.0691342949867248,-0.005701184272766099,opencv,0.9736409783363342,0.9736409783363342,0.9803600311279296,0.9970611333847046,0.016701102256775013,0.0067190527915954,0.0234201550483703,0.0167011022567749,lama,D:\Masters\FH\Thesis\painting-restoration-eval\data\processed\clean\p036_clean.png,D:\Masters\FH\Thesis\painting-restoration-eval\data\processed\masked\p036_loss_small_damaged.png,D:\Masters\FH\Thesis\painting-restoration-eval\data\processed\masks\p036_loss_small_mask.png,D:\Masters\FH\Thesis\painting-restoration-eval\data\processed\restored\opencv_telea\p036_loss_small_restored_opencv_telea.png,data/processed/restored/lama/p036_loss_small_restored_lama.png,3,1,0,lama,D:\Masters\FH\Thesis\painting-restoration-eval\data\processed\clean\p036_clean.png,D:\Masters\FH\Thesis\painting-restoration-eval\data\processed\masked\p036_loss_small_damaged.png,D:\Masters\FH\Thesis\painting-restoration-eval\data\processed\masks\p036_loss_small_mask.png,D:\Masters\FH\Thesis\painting-restoration-eval\data\processed\restored\opencv_telea\p036_loss_small_restored_opencv_telea.png,D:\Masters\FH\Thesis\painting-restoration-eval\data\processed\restored\lama\p036_loss_small_restored_lama.png,False,False,False,False,False,False,True
p026_loss_small,p026,p026_loss_small,loss_small,architecture_structured,View of a Village along a River,attributed to Jan Brueghel I,,,,Rijksmuseum,https://www.rijksmuseum.nl/en/collection/object/View-of-a-Village-along-a-River--c8cdc4675af3869fd7e7c95e32ddb396,Public domain,p026.jpg,20696.4609375,20696.4609375,112.2207260131836,138.42340087890625,26.202674865722656,20584.240211486816,20558.037536621094,-26.202674865722656,opencv,139.09109497070312,139.09109497070312,7.308732509613037,7.964835166931152,0.6561026573181152,131.7823624610901,131.12625980377197,-0.6561026573181152,opencv,4.971842727404258,4.971842727404258,27.63007286818602,26.71870845794132,-0.9113644102446976,22.65823014078176,21.74686573053706,-0.9113644102447012,opencv,0.2362229079008102,0.2362229079008102,0.0204912368208169,0.0099665457382798,-0.0105246910825371,0.2157316710799932,0.2262563621625304,0.010524691082537202,lama,0.8205560445785522,0.8205560445785522,0.9965874552726746,0.9993448257446288,0.0027573704719542347,0.1760314106941223,0.1787887811660766,0.002757370471954318,lama,0.9594663977622986,0.9594663977622986,0.9601134657859802,0.9937219619750975,0.03360849618911732,0.0006470680236816,0.034255564212799,0.033608496189117404,lama,D:\Masters\FH\Thesis\painting-restoration-eval\data\processed\clean\p026_clean.png,D:\Masters\FH\Thesis\painting-restoration-eval\data\processed\masked\p026_loss_small_damaged.png,D:\Masters\FH\Thesis\painting-restoration-eval\data\processed\masks\p026_loss_small_mask.png,D:\Masters\FH\Thesis\painting-restoration-eval\data\processed\restored\opencv_telea\p026_loss_small_restored_opencv_telea.png,data/processed/restored/lama/p026_loss_small_restored_lama.png,3,1,0,lama,D:\Masters\FH\Thesis\painting-restoration-eval\data\processed\clean\p026_clean.png,D:\Masters\FH\Thesis\painting-restoration-eval\data\processed\masked\p026_loss_small_damaged.png,D:\Masters\FH\Thesis\painting-restoration-eval\data\processed\masks\p026_loss_small_mask.png,D:\Masters\FH\Thesis\painting-restoration-eval\data\processed\restored\opencv_telea\p026_loss_small_restored_opencv_telea.png,D:\Masters\FH\Thesis\painting-restoration-eval\data\processed\restored\lama\p026_loss_small_restored_lama.png,False,False,False,False,False,False,True
p027_loss_small,p027,p027_loss_small,loss_small,architecture_structured,Italian Landscape with the Ponte Lucano over the Aniene River,Jan Both,,,,Rijksmuseum,https://www.rijksmuseum.nl/en/collection/object/Italian-Landscape-with-the-Ponte-Lucano-over-the-Aniene-River--18a22d96a256250a8d2a00d7e5f38d05,Public domain,p027.jpg,31342.484375,31342.484375,438.3687133789063,445.3553466796875,6.986633300781193,30904.115661621094,30897.129028320312,-6.98663330078125,opencv,170.19712829589844,170.19712829589844,13.666414260864258,13.473519325256348,-0.19289493560791016,156.53071403503418,156.7236089706421,0.19289493560791016,lama,3.1694694283902045,3.1694694283902045,21.71240810126462,21.643736902955688,-0.06867119830893387,18.542938672874417,18.474267474565483,-0.06867119830893387,opencv,0.2883341908454895,0.2883341908454895,0.0462939254939556,0.0206599067896604,-0.0256340187042952,0.2420402653515339,0.267674284055829,0.025634018704295103,lama,0.8345528841018677,0.8345528244972229,0.9962007403373718,0.9987982511520386,0.002597510814666748,0.1616478562355041,0.1642454266548156,0.0025975704193114957,lama,0.8958815336227417,0.8958815336227417,0.9578423500061036,0.9972361326217652,0.03939378261566162,0.0619608163833618,0.1013545989990234,0.03939378261566159,lama,D:\Masters\FH\Thesis\painting-restoration-eval\data\processed\clean\p027_clean.png,D:\Masters\FH\Thesis\painting-restoration-eval\data\processed\masked\p027_loss_small_damaged.png,D:\Masters\FH\Thesis\painting-restoration-eval\data\processed\masks\p027_loss_small_mask.png,D:\Masters\FH\Thesis\painting-restoration-eval\data\processed\restored\opencv_telea\p027_loss_small_restored_opencv_telea.png,data/processed/restored/lama/p027_loss_small_restored_lama.png,3,1,0,lama,D:\Masters\FH\Thesis\painting-restoration-eval\data\processed\clean\p027_clean.png,D:\Masters\FH\Thesis\painting-restoration-eval\data\processed\masked\p027_loss_small_damaged.png,D:\Masters\FH\Thesis\painting-restoration-eval\data\processed\masks\p027_loss_small_mask.png,D:\Masters\FH\Thesis\painting-restoration-eval\data\processed\restored\opencv_telea\p027_loss_small_restored_opencv_telea.png,D:\Masters\FH\Thesis\painting-restoration-eval\data\processed\restored\lama\p027_loss_small_restored_lama.png,False,False,False,False,False,False,True
p030_loss_small,p030,p030_loss_small,loss_small,architecture_structured,Interior with Five Women,attributed to Dirck van Delen,,,,Rijksmuseum,https://www.rijksmuseum.nl/en/collection/object/Interior-with-Five-Women--63cf18ae6e46b04ce56858f17cb88a40,Public domain,p030.jpg,31661.390625,31661.390625,672.68505859375,764.2722778320312,91.58721923828125,30988.70556640625,30897.11834716797,-91.58721923828125,opencv,174.4283447265625,174.4283447265625,15.884750366210938,14.945708274841309,-0.9390420913696289,158.54359436035156,159.4826364517212,0.9390420913696289,lama,3.125503749309408,3.125503749309408,19.852685794499376,19.29832254001668,-0.5543632544826949,16.727182045189966,16.172818790707268,-0.5543632544826984,opencv,0.1563668251037597,0.1563668251037597,0.0329261943697929,0.021022604778409,-0.011903589591383896,0.1234406307339668,0.1353442203253507,0.011903589591383906,lama,0.8722994923591614,0.8722997307777405,0.98768150806427,0.985108494758606,-0.0025730133056640625,0.1153820157051086,0.1128087639808654,-0.0025732517242432057,opencv,0.9726945161819458,0.9726945161819458,0.9883501529693604,0.9923377633094788,0.003987610340118408,0.0156556367874145,0.0196432471275329,0.003987610340118401,lama,D:\Masters\FH\Thesis\painting-restoration-eval\data\processed\clean\p030_clean.png,D:\Masters\FH\Thesis\painting-restoration-eval\data\processed\masked\p030_loss_small_damaged.png,D:\Masters\FH\Thesis\painting-restoration-eval\data\processed\masks\p030_loss_small_mask.png,D:\Masters\FH\Thesis\painting-restoration-eval\data\processed\restored\opencv_telea\p030_loss_small_restored_opencv_telea.png,data/processed/restored/lama/p030_loss_small_restored_lama.png,2,2,0,mixed_tie,D:\Masters\FH\Thesis\painting-restoration-eval\data\processed\clean\p030_clean.png,D:\Masters\FH\Thesis\painting-restoration-eval\data\processed\masked\p030_loss_small_damaged.png,D:\Masters\FH\Thesis\painting-restoration-eval\data\processed\masks\p030_loss_small_mask.png,D:\Masters\FH\Thesis\painting-restoration-eval\data\processed\restored\opencv_telea\p030_loss_small_restored_opencv_telea.png,D:\Masters\FH\Thesis\painting-restoration-eval\data\processed\restored\lama\p030_loss_small_restored_lama.png,False,False,False,False,False,False,True
p025_scratch_thin,p025,p025_scratch_thin,scratch_thin,architecture_structured,The Quay de Paris in Rouen,Johannes Bosboom,,,,Rijksmuseum,https://www.rijksmuseum.nl/en/collection/object/The-Quay-de-Paris-in-Rouen--8daf5b303aefa1b66277fe8526c0a25e,Public domain,p025.jpg,16153.4345703125,16153.4345703125,473.0514221191406,380.3694152832031,-92.6820068359375,15680.38314819336,15773.065155029297,92.6820068359375,lama,113.97146606445312,113.97146606445312,9.56906795501709,10.02330493927002,0.4542369842529297,104.40239810943604,103.9481611251831,-0.4542369842529297,opencv,6.048154839625005,6.048154839625005,21.3817200844141,22.328747719183628,0.9470276347695297,15.333565244789092,16.280592879558622,0.9470276347695297,lama,0.2114047706127166,0.2114047706127166,0.0103567792102694,0.0045122844167053,-0.005844494793564101,0.2010479914024472,0.2068924861960113,0.005844494793564109,lama,0.9054344892501832,0.9054343700408936,0.9989880323410034,0.9987446069717408,-0.0002434253692625843,0.0935535430908203,0.0933102369308471,-0.00024330615997320004,opencv,0.9467087388038636,0.9467087388038636,0.998336911201477,0.998466730117798,0.0001298189163209118,0.0516281723976135,0.0517579913139343,0.00012981891632080078,lama,D:\Masters\FH\Thesis\painting-restoration-eval\data\processed\clean\p025_clean.png,D:\Masters\FH\Thesis\painting-restoration-eval\data\processed\masked\p025_scratch_thin_damaged.png,D:\Masters\FH\Thesis\painting-restoration-eval\data\processed\masks\p025_scratch_thin_mask.png,D:\Masters\FH\Thesis\painting-restoration-eval\data\processed\restored\opencv_telea\p025_scratch_thin_restored_opencv_telea.png,data/processed/restored/lama/p025_scratch_thin_restored_lama.png,3,1,0,lama,D:\Masters\FH\Thesis\painting-restoration-eval\data\processed\clean\p025_clean.png,D:\Masters\FH\Thesis\painting-restoration-eval\data\processed\masked\p025_scratch_thin_damaged.png,D:\Masters\FH\Thesis\painting-restoration-eval\data\processed\masks\p025_scratch_thin_mask.png,D:\Masters\FH\Thesis\painting-restoration-eval\data\processed\restored\opencv_telea\p025_scratch_thin_restored_opencv_telea.png,D:\Masters\FH\Thesis\painting-restoration-eval\data\processed\restored\lama\p025_scratch_thin_restored_lama.png,False,False,False,False,False,False,True
p026_scratch_thin,p026,p026_scratch_thin,scratch_thin,architecture_structured,View of a Village along a River,attributed to Jan Brueghel I,,,,Rijksmuseum,https://www.rijksmuseum.nl/en/collection/object/View-of-a-Village-along-a-River--c8cdc4675af3869fd7e7c95e32ddb396,Public domain,p026.jpg,21100.6484375,21100.646484375,163.0841827392578,198.9805145263672,35.896331787109375,20937.564254760742,20901.665969848636,-35.89828491210574,opencv,137.52960205078125,137.52960205078125,7.896690845489502,9.485340118408203,1.5886492729187012,129.63291120529175,128.04426193237305,-1.5886492729187012,opencv,4.887845591957633,4.887845993950705,26.006685192768785,25.142698113326304,-0.8639870794424809,21.118839600811157,20.2548521193756,-0.8639874814355579,opencv,0.2837904095649719,0.2837904095649719,0.0014231037348508,0.0025148163549602,0.0010917126201094001,0.282367305830121,0.2812755932100117,-0.0010917126201092642,opencv,0.8981180787086487,0.8981181979179382,0.9990495443344116,0.9994940161705016,0.00044447183608997687,0.1009314656257629,0.1013758182525634,0.0004443526268004955,lama,0.8507537841796875,0.8507537841796875,0.999609351158142,0.9990281462669371,-0.000581204891204834,0.1488555669784546,0.1482743620872497,-0.0005812048912048895,opencv,D:\Masters\FH\Thesis\painting-restoration-eval\data\processed\clean\p026_clean.png,D:\Masters\FH\Thesis\painting-restoration-eval\data\processed\masked\p026_scratch_thin_damaged.png,D:\Masters\FH\Thesis\painting-restoration-eval\data\processed\masks\p026_scratch_thin_mask.png,D:\Masters\FH\Thesis\painting-restoration-eval\data\processed\restored\opencv_telea\p026_scratch_thin_restored_opencv_telea.png,data/processed/restored/lama/p026_scratch_thin_restored_lama.png,1,3,0,opencv,D:\Masters\FH\Thesis\painting-restoration-eval\data\processed\clean\p026_clean.png,D:\Masters\FH\Thesis\painting-restoration-eval\data\processed\masked\p026_scratch_thin_damaged.png,D:\Masters\FH\Thesis\painting-restoration-eval\data\processed\masks\p026_scratch_thin_mask.png,D:\Masters\FH\Thesis\painting-restoration-eval\data\processed\restored\opencv_telea\p026_scratch_thin_restored_opencv_telea.png,D:\Masters\FH\Thesis\painting-restoration-eval\data\processed\restored\lama\p026_scratch_thin_restored_lama.png,False,False,False,False,False,False,True
p027_scratch_thin,p027,p027_scratch_thin,scratch_thin,architecture_structured,Italian Landscape with the Ponte Lucano over the Aniene River,Jan Both,,,,Rijksmuseum,https://www.rijksmuseum.nl/en/collection/object/Italian-Landscape-with-the-Ponte-Lucano-over-the-Aniene-River--18a22d96a256250a8d2a00d7e5f38d05,Public domain,p027.jpg,31115.349609375,31115.349609375,274.4358825683594,311.1941223144531,36.75823974609375,30840.91372680664,30804.155487060547,-36.75823974609375,opencv,171.2686309814453,171.2686309814453,9.798219680786133,11.2489013671875,1.4506816864013672,161.47041130065918,160.0197296142578,-1.4506816864013672,opencv,3.201056758247989,3.201056758247989,23.746394659956948,23.2004897521898,-0.5459049077671487,20.54533790170896,19.99943299394181,-0.5459049077671523,opencv,0.3966956734657287,0.3966956734657287,0.0019267483148723,0.002649730304256,0.0007229819893837001,0.3947689251508564,0.3940459431614727,-0.0007229819893836975,opencv,0.8972568511962891,0.8972569108009338,0.997628688812256,0.9981213212013244,0.0004926323890683815,0.1003718376159668,0.1008644104003906,0.0004925727844238004,lama,0.7529802322387695,0.7529802322387695,0.9995019435882568,0.9975911378860474,-0.0019108057022094727,0.2465217113494873,0.2446109056472778,-0.0019108057022095004,opencv,D:\Masters\FH\Thesis\painting-restoration-eval\data\processed\clean\p027_clean.png,D:\Masters\FH\Thesis\painting-restoration-eval\data\processed\masked\p027_scratch_thin_damaged.png,D:\Masters\FH\Thesis\painting-restoration-eval\data\processed\masks\p027_scratch_thin_mask.png,D:\Masters\FH\Thesis\painting-restoration-eval\data\processed\restored\opencv_telea\p027_scratch_thin_restored_opencv_telea.png,data/processed/restored/lama/p027_scratch_thin_restored_lama.png,1,3,0,opencv,D:\Masters\FH\Thesis\painting-restoration-eval\data\processed\clean\p027_clean.png,D:\Masters\FH\Thesis\painting-restoration-eval\data\processed\masked\p027_scratch_thin_damaged.png,D:\Masters\FH\Thesis\painting-restoration-eval\data\processed\masks\p027_scratch_thin_mask.png,D:\Masters\FH\Thesis\painting-restoration-eval\data\processed\restored\opencv_telea\p027_scratch_thin_restored_opencv_telea.png,D:\Masters\FH\Thesis\painting-restoration-eval\data\processed\restored\lama\p027_scratch_thin_restored_lama.png,False,False,False,False,False,False,True
p028_scratch_thin,p028,p028_scratch_thin,scratch_thin,architecture_structured,Trading posts of the Dutch East India Company (VOC),workshop of Johannes Vinckboons,,,,Rijksmuseum,https://www.rijksmuseum.nl/en/collection/object/Trading-posts-of-the-Dutch-East-India-Company-VOC--10844c1f956e0846a1ea5e635e444377,Public domain,p028.jpg,24792.515625,24792.517578125,113.20829010009766,180.7891845703125,67.58089447021484,24679.307334899902,24611.728393554688,-67.57894134521484,opencv,150.4673614501953,150.4673614501953,6.677306175231934,8.18199348449707,1.5046873092651367,143.79005527496338,142.28536796569824,-1.5046873092651367,opencv,4.187597652567395,4.187597310435362,27.59202130014781,25.55907914938343,-2.032942150764381,23.404423647580412,21.371481838948068,-2.0329418086323443,opencv,0.324027419090271,0.324027419090271,0.0011095271911472,0.0016278454568237,0.0005183182656764999,0.3229178918991238,0.3223995736334473,-0.0005183182656764984,opencv,0.8868165016174316,0.886816680431366,0.9990389347076416,0.9991291761398317,9.024143219005243e-05,0.1122224330902099,0.1123124957084655,9.006261825560136e-05,lama,0.7584649920463562,0.7584649920463562,0.9985140562057496,0.998412311077118,-0.0001017451286315918,0.2400490641593933,0.2399473190307617,-0.00010174512863161955,opencv,D:\Masters\FH\Thesis\painting-restoration-eval\data\processed\clean\p028_clean.png,D:\Masters\FH\Thesis\painting-restoration-eval\data\processed\masked\p028_scratch_thin_damaged.png,D:\Masters\FH\Thesis\painting-restoration-eval\data\processed\masks\p028_scratch_thin_mask.png,D:\Masters\FH\Thesis\painting-restoration-eval\data\processed\restored\opencv_telea\p028_scratch_thin_restored_opencv_telea.png,data/processed/restored/lama/p028_scratch_thin_restored_lama.png,1,3,0,opencv,D:\Masters\FH\Thesis\painting-restoration-eval\data\processed\clean\p028_clean.png,D:\Masters\FH\Thesis\painting-restoration-eval\data\processed\masked\p028_scratch_thin_damaged.png,D:\Masters\FH\Thesis\painting-restoration-eval\data\processed\masks\p028_scratch_thin_mask.png,D:\Masters\FH\Thesis\painting-restoration-eval\data\processed\restored\opencv_telea\p028_scratch_thin_restored_opencv_telea.png,D:\Masters\FH\Thesis\painting-restoration-eval\data\processed\restored\lama\p028_scratch_thin_restored_lama.png,False,False,False,False,False,False,True
p029_scratch_thin,p029,p029_scratch_thin,scratch_thin,architecture_structured,"The Trading Post of the Dutch East India Company in Hooghly, Bengal",workshop of Johannes Vinckboons,,,,Rijksmuseum,https://www.rijksmuseum.nl/en/collection/object/The-Trading-Post-of-the-Dutch-East-India-Company-in-Hooghly-Bengal--d17e986c21eff4ae7608c35080d128e1,Public domain,p029.jpg,20621.58203125,20621.583984375,168.12802124023438,200.08206176757807,31.954040527343693,20453.45401000977,20421.501922607426,-31.95208740234375,opencv,139.2646484375,139.2646484375,8.15273666381836,9.280389785766602,1.1276531219482422,131.11191177368164,129.9842586517334,-1.1276531219482422,opencv,4.987583807600618,4.987583396268756,25.87440259231922,25.11872206887224,-0.7556805234469799,20.886818784718603,20.131138672603484,-0.7556801121151189,opencv,0.2481532245874405,0.2481532245874405,0.0021404060535132,0.0026169430930167,0.00047653703950349983,0.2460128185339272,0.2455362814944237,-0.0004765370395035107,opencv,0.9080119132995604,0.9080118536949158,0.9996195435523988,0.9995284080505372,-9.113550186157227e-05,0.0916076302528381,0.0915165543556213,-9.107589721679688e-05,opencv,0.9199484586715698,0.9199484586715698,0.998827338218689,0.9990630745887756,0.00023573637008666992,0.0788788795471191,0.0791146159172058,0.00023573637008669768,lama,D:\Masters\FH\Thesis\painting-restoration-eval\data\processed\clean\p029_clean.png,D:\Masters\FH\Thesis\painting-restoration-eval\data\processed\masked\p029_scratch_thin_damaged.png,D:\Masters\FH\Thesis\painting-restoration-eval\data\processed\masks\p029_scratch_thin_mask.png,D:\Masters\FH\Thesis\painting-restoration-eval\data\processed\restored\opencv_telea\p029_scratch_thin_restored_opencv_telea.png,data/processed/restored/lama/p029_scratch_thin_restored_lama.png,1,3,0,opencv,D:\Masters\FH\Thesis\painting-restoration-eval\data\processed\clean\p029_clean.png,D:\Masters\FH\Thesis\painting-restoration-eval\data\processed\masked\p029_scratch_thin_damaged.png,D:\Masters\FH\Thesis\painting-restoration-eval\data\processed\masks\p029_scratch_thin_mask.png,D:\Masters\FH\Thesis\painting-restoration-eval\data\processed\restored\opencv_telea\p029_scratch_thin_restored_opencv_telea.png,D:\Masters\FH\Thesis\painting-restoration-eval\data\processed\restored\lama\p029_scratch_thin_restored_lama.png,False,False,False,False,False,False,True
p041_loss_large,p041,p041_loss_large,loss_large,high_texture_brushwork,Wheat Field with Cypresses,Vincent van Gogh,1889,Post-Impressionism,Oil on canvas,The Metropolitan Museum of Art,https://www.metmuseum.org/art/collection/search/436535,Public Domain / Open Access,p041.jpg,19477.33984375,19477.33984375,1067.980224609375,1145.7435302734375,77.7633056640625,18409.359619140625,18331.59631347656,-77.76330566406614,opencv,134.33074951171875,134.33074951171875,24.407480239868164,25.374849319458008,0.9673690795898438,109.9232692718506,108.95590019226074,-0.967369079589858,opencv,5.235507189038493,5.235507189038493,17.845171497695105,17.539929472962562,-0.3052420247325429,12.609664308656612,12.304422283924067,-0.3052420247325447,opencv,0.4961539506912231,0.4961539506912231,0.3905580937862396,0.2099342346191406,-0.18062385916709903,0.1055958569049835,0.2862197160720825,0.180623859167099,lama,0.8152316808700562,0.8152316808700562,0.815380871295929,0.9732699990272522,0.15788912773132324,0.0001491904258728,0.158038318157196,0.1578891277313232,lama,0.6883238554000854,0.6883238554000854,0.6099897027015686,0.9211331605911256,0.311143457889557,-0.0783341526985168,0.23280930519104,0.31114345788955683,lama,D:\Masters\FH\Thesis\painting-restoration-eval\data\processed\clean\p041_clean.png,D:\Masters\FH\Thesis\painting-restoration-eval\data\processed\masked\p041_loss_large_damaged.png,D:\Masters\FH\Thesis\painting-restoration-eval\data\processed\masks\p041_loss_large_mask.png,D:\Masters\FH\Thesis\painting-restoration-eval\data\processed\restored\opencv_telea\p041_loss_large_restored_opencv_telea.png,data/processed/restored/lama/p041_loss_large_restored_lama.png,3,1,0,lama,D:\Masters\FH\Thesis\painting-restoration-eval\data\processed\clean\p041_clean.png,D:\Masters\FH\Thesis\painting-restoration-eval\data\processed\masked\p041_loss_large_damaged.png,D:\Masters\FH\Thesis\painting-restoration-eval\data\processed\masks\p041_loss_large_mask.png,D:\Masters\FH\Thesis\painting-restoration-eval\data\processed\restored\opencv_telea\p041_loss_large_restored_opencv_telea.png,D:\Masters\FH\Thesis\painting-restoration-eval\data\processed\restored\lama\p041_loss_large_restored_lama.png,False,False,False,False,False,False,True
p041_loss_small,p041,p041_loss_small,loss_small,high_texture_brushwork,Wheat Field with Cypresses,Vincent van Gogh,1889,Post-Impressionism,Oil on canvas,The Metropolitan Museum of Art,https://www.metmuseum.org/art/collection/search/436535,Public Domain / Open Access,p041.jpg,16086.5517578125,16086.5517578125,645.3058471679688,649.485595703125,4.17974853515625,15441.245910644531,15437.066162109377,-4.179748535154431,opencv,120.95877075195312,120.95877075195312,17.878969192504883,18.71293258666992,0.8339633941650355,103.07980155944824,102.2458381652832,-0.8339633941650391,opencv,6.066174002398073,6.066174002398073,20.033147605658705,20.005108371386445,-0.02803923427225996,13.966973603260632,13.938934368988372,-0.02803923427225996,opencv,0.2127606719732284,0.2127606719732284,0.0473658703267574,0.0214522369205951,-0.025913633406162304,0.165394801646471,0.1913084350526332,0.025913633406162206,lama,0.8759735226631165,0.8759737014770508,0.9894884824752808,0.9986330270767212,0.00914454460144043,0.1135149598121643,0.1226593255996704,0.00914436578750609,lama,0.8491208553314209,0.8491208553314209,0.9367794394493104,0.99367356300354,0.056894123554229625,0.0876585841178894,0.1445527076721191,0.05689412355422971,lama,D:\Masters\FH\Thesis\painting-restoration-eval\data\processed\clean\p041_clean.png,D:\Masters\FH\Thesis\painting-restoration-eval\data\processed\masked\p041_loss_small_damaged.png,D:\Masters\FH\Thesis\painting-restoration-eval\data\processed\masks\p041_loss_small_mask.png,D:\Masters\FH\Thesis\painting-restoration-eval\data\processed\restored\opencv_telea\p041_loss_small_restored_opencv_telea.png,data/processed/restored/lama/p041_loss_small_restored_lama.png,3,1,0,lama,D:\Masters\FH\Thesis\painting-restoration-eval\data\processed\clean\p041_clean.png,D:\Masters\FH\Thesis\painting-restoration-eval\data\processed\masked\p041_loss_small_damaged.png,D:\Masters\FH\Thesis\painting-restoration-eval\data\processed\masks\p041_loss_small_mask.png,D:\Masters\FH\Thesis\painting-restoration-eval\data\processed\restored\opencv_telea\p041_loss_small_restored_opencv_telea.png,D:\Masters\FH\Thesis\painting-restoration-eval\data\processed\restored\lama\p041_loss_small_restored_lama.png,False,False,False,False,False,False,True
p049_loss_small,p049,p049_loss_small,loss_small,high_texture_brushwork,Peonies,Édouard Manet,1864-65,Modern French painting,Oil on canvas,The Metropolitan Museum of Art,https://www.metmuseum.org/art/collection/search/436961,Public Domain / Open Access,p049.jpg,33046.40625,33046.40625,347.22930908203125,497.8956604003906,150.66635131835938,32699.17694091797,32548.51058959961,-150.66635131835938,opencv,176.6392059326172,176.6392059326172,11.984277725219728,13.36519718170166,1.3809194564819318,164.65492820739746,163.27400875091553,-1.3809194564819336,opencv,2.9395612338984334,2.9395612338984334,22.72463984699364,21.15942019835225,-1.5652196486413885,19.785078613095205,18.219858964453817,-1.5652196486413885,opencv,0.1548371315002441,0.1548371315002441,0.0194603726267814,0.0126517377793788,-0.0068086348474026,0.1353767588734626,0.1421853937208652,0.0068086348474026,lama,0.9529114365577698,0.9529114961624146,0.9985024333000184,0.9985459446907043,4.3511390685924134e-05,0.0455909967422485,0.0456344485282897,4.3451786041197316e-05,lama,0.9476319551467896,0.9476319551467896,0.976630926132202,0.9879066944122314,0.011275768280029408,0.0289989709854125,0.0402747392654418,0.011275768280029297,lama,D:\Masters\FH\Thesis\painting-restoration-eval\data\processed\clean\p049_clean.png,D:\Masters\FH\Thesis\painting-restoration-eval\data\processed\masked\p049_loss_small_damaged.png,D:\Masters\FH\Thesis\painting-restoration-eval\data\processed\masks\p049_loss_small_mask.png,D:\Masters\FH\Thesis\painting-restoration-eval\data\processed\restored\opencv_telea\p049_loss_small_restored_opencv_telea.png,data/processed/restored/lama/p049_loss_small_restored_lama.png,3,1,0,lama,D:\Masters\FH\Thesis\painting-restoration-eval\data\processed\clean\p049_clean.png,D:\Masters\FH\Thesis\painting-restoration-eval\data\processed\masked\p049_loss_small_damaged.png,D:\Masters\FH\Thesis\painting-restoration-eval\data\processed\masks\p049_loss_small_mask.png,D:\Masters\FH\Thesis\painting-restoration-eval\data\processed\restored\opencv_telea\p049_loss_small_restored_opencv_telea.png,D:\Masters\FH\Thesis\painting-restoration-eval\data\processed\restored\lama\p049_loss_small_restored_lama.png,False,False,False,False,False,False,True
p050_loss_small,p050,p050_loss_small,loss_small,high_texture_brushwork,Landscape with a Sunlit Stream,Charles-François Daubigny,,,,The Metropolitan Museum of Art,https://www.metmuseum.org/art/collection/search/436090,Public Domain / Open Access,p050.jpg,34822.19921875,34822.203125,349.17779541015625,444.7583618164063,95.58056640625006,34473.021423339844,34377.444763183594,-95.57666015625,opencv,183.3074493408203,183.3074493408203,13.253410339355469,15.456345558166504,2.202935218811035,170.05403900146484,167.8511037826538,-2.202935218811035,opencv,2.7122416506859874,2.712241163507473,22.700337422073748,21.649562389481787,-1.050775032591961,19.98809577138776,18.93732122597432,-1.0507745454134394,opencv,0.3761578798294067,0.3761578798294067,0.072556272149086,0.0224649850279092,-0.0500912871211768,0.3036016076803207,0.3536928948014974,0.05009128712117672,lama,0.8075281381607056,0.8075283169746399,0.9609273076057434,0.9977270364761353,0.036799728870391846,0.1533991694450378,0.1901987195014953,0.03679955005645752,lama,0.6462240219116211,0.6462240219116211,0.8823762536048889,0.9907057285308838,0.10832947492599487,0.2361522316932678,0.3444817066192627,0.1083294749259949,lama,D:\Masters\FH\Thesis\painting-restoration-eval\data\processed\clean\p050_clean.png,D:\Masters\FH\Thesis\painting-restoration-eval\data\processed\masked\p050_loss_small_damaged.png,D:\Masters\FH\Thesis\painting-restoration-eval\data\processed\masks\p050_loss_small_mask.png,D:\Masters\FH\Thesis\painting-restoration-eval\data\processed\restored\opencv_telea\p050_loss_small_restored_opencv_telea.png,data/processed/restored/lama/p050_loss_small_restored_lama.png,3,1,0,lama,D:\Masters\FH\Thesis\painting-restoration-eval\data\processed\clean\p050_clean.png,D:\Masters\FH\Thesis\painting-restoration-eval\data\processed\masked\p050_loss_small_damaged.png,D:\Masters\FH\Thesis\painting-restoration-eval\data\processed\masks\p050_loss_small_mask.png,D:\Masters\FH\Thesis\painting-restoration-eval\data\processed\restored\opencv_telea\p050_loss_small_restored_opencv_telea.png,D:\Masters\FH\Thesis\painting-restoration-eval\data\processed\restored\lama\p050_loss_small_restored_lama.png,False,False,False,False,False,False,True
p041_mixed_damage,p041,p041_mixed_damage,mixed_damage,high_texture_brushwork,Wheat Field with Cypresses,Vincent van Gogh,1889,Post-Impressionism,Oil on canvas,The Metropolitan Museum of Art,https://www.metmuseum.org/art/collection/search/436535,Public Domain / Open Access,p041.jpg,25376.609375,25376.609375,1027.1597900390625,1141.2864990234375,114.126708984375,24349.449584960938,24235.32287597656,-114.12670898437864,opencv,152.67239379882812,152.67239379882812,23.1430721282959,24.4435977935791,1.3005256652832031,129.52932167053223,128.22879600524902,-1.3005256652832031,opencv,4.086467662809069,4.086467662809069,18.014423510251,17.556856811067128,-0.4575666991838716,13.92795584744193,13.47038914825806,-0.45756669918386983,opencv,0.2936883568763733,0.2936883568763733,0.0741645246744155,0.03288409486413,-0.041280429810285506,0.2195238322019577,0.2608042620122432,0.04128042981028551,lama,0.879773736000061,0.8797738552093506,0.980348825454712,0.9975978136062622,0.017248988151550182,0.1005750894546508,0.1178239583969116,0.017248868942260798,lama,0.6722637414932251,0.6722637414932251,0.9150322079658508,0.9852724671363832,0.07024025917053234,0.2427684664726257,0.3130087256431579,0.0702402591705322,lama,D:\Masters\FH\Thesis\painting-restoration-eval\data\processed\clean\p041_clean.png,D:\Masters\FH\Thesis\painting-restoration-eval\data\processed\masked\p041_mixed_damage_damaged.png,D:\Masters\FH\Thesis\painting-restoration-eval\data\processed\masks\p041_mixed_damage_mask.png,D:\Masters\FH\Thesis\painting-restoration-eval\data\processed\restored\opencv_telea\p041_mixed_damage_restored_opencv_telea.png,data/processed/restored/lama/p041_mixed_damage_restored_lama.png,3,1,0,lama,D:\Masters\FH\Thesis\painting-restoration-eval\data\processed\clean\p041_clean.png,D:\Masters\FH\Thesis\painting-restoration-eval\data\processed\masked\p041_mixed_damage_damaged.png,D:\Masters\FH\Thesis\painting-restoration-eval\data\processed\masks\p041_mixed_damage_mask.png,D:\Masters\FH\Thesis\painting-restoration-eval\data\processed\restored\opencv_telea\p041_mixed_damage_restored_opencv_telea.png,D:\Masters\FH\Thesis\painting-restoration-eval\data\processed\restored\lama\p041_mixed_damage_restored_lama.png,False,False,False,False,False,False,True
p050_mixed_damage,p050,p050_mixed_damage,mixed_damage,high_texture_brushwork,Landscape with a Sunlit Stream,Charles-François Daubigny,,,,The Metropolitan Museum of Art,https://www.metmuseum.org/art/collection/search/436090,Public Domain / Open Access,p050.jpg,37911.94140625,37911.9375,470.197509765625,579.9951782226562,109.79766845703125,37441.743896484375,37331.942321777344,-109.80157470703125,opencv,191.74598693847656,191.74598693847656,14.15985107421875,16.126253128051758,1.9664020538330078,177.5861358642578,175.6197338104248,-1.9664020538330078,opencv,2.3430433638784347,2.343043811352988,21.408000361596184,20.49655977787728,-0.9114405837189032,19.06495699771775,18.15351596652429,-0.911441031193462,opencv,0.4347229897975921,0.4347229897975921,0.0787099674344062,0.0349857807159423,-0.0437241867184639,0.3560130223631859,0.3997372090816498,0.0437241867184639,lama,0.8037471771240234,0.803747296333313,0.9670178890228271,0.9944785237312316,0.02746063470840443,0.1632707118988037,0.1907312273979187,0.02746051549911499,lama,0.3954562842845917,0.3954562842845917,0.9045246839523317,0.973585844039917,0.06906116008758534,0.5090683996677399,0.5781295597553253,0.06906116008758545,lama,D:\Masters\FH\Thesis\painting-restoration-eval\data\processed\clean\p050_clean.png,D:\Masters\FH\Thesis\painting-restoration-eval\data\processed\masked\p050_mixed_damage_damaged.png,D:\Masters\FH\Thesis\painting-restoration-eval\data\processed\masks\p050_mixed_damage_mask.png,D:\Masters\FH\Thesis\painting-restoration-eval\data\processed\restored\opencv_telea\p050_mixed_damage_restored_opencv_telea.png,data/processed/restored/lama/p050_mixed_damage_restored_lama.png,3,1,0,lama,D:\Masters\FH\Thesis\painting-restoration-eval\data\processed\clean\p050_clean.png,D:\Masters\FH\Thesis\painting-restoration-eval\data\processed\masked\p050_mixed_damage_damaged.png,D:\Masters\FH\Thesis\painting-restoration-eval\data\processed\masks\p050_mixed_damage_mask.png,D:\Masters\FH\Thesis\painting-restoration-eval\data\processed\restored\opencv_telea\p050_mixed_damage_restored_opencv_telea.png,D:\Masters\FH\Thesis\painting-restoration-eval\data\processed\restored\lama\p050_mixed_damage_restored_lama.png,False,False,False,False,False,False,True
p046_scratch_thin,p046,p046_scratch_thin,scratch_thin,high_texture_brushwork,Boating,Édouard Manet,1874,Impressionism / modern French painting,Oil on canvas,The Metropolitan Museum of Art,https://www.metmuseum.org/art/collection/search/436947,Public Domain / Open Access,p046.jpg,32525.36328125,32525.365234375,230.62954711914065,189.51382446289065,-41.11572265625,32294.73373413086,32335.85140991211,41.11767578125,lama,173.62266540527344,173.62266540527344,8.139701843261719,7.832561492919922,-0.3071403503417969,165.48296356201172,165.79010391235352,0.3071403503417969,lama,3.0085820489912383,3.0085817882004893,24.50165414679534,25.354394649334203,0.8527405025388646,21.493072097804102,22.34581286113372,0.8527407633296171,lama,0.2820442318916321,0.2820442318916321,0.0012738989898934,0.0009448779164813,-0.00032902107341209995,0.2807703329017386,0.2810993539751507,0.00032902107341209463,lama,0.9196054935455322,0.9196056723594666,0.9993518590927124,0.9992247819900512,-0.00012707710266124383,0.0797463655471801,0.0796191096305847,-0.00012725591659540347,opencv,0.9171726107597352,0.9171726107597352,0.9991394281387328,0.9993046522140504,0.00016522407531760486,0.0819668173789978,0.0821320414543151,0.00016522407531729955,lama,D:\Masters\FH\Thesis\painting-restoration-eval\data\processed\clean\p046_clean.png,D:\Masters\FH\Thesis\painting-restoration-eval\data\processed\masked\p046_scratch_thin_damaged.png,D:\Masters\FH\Thesis\painting-restoration-eval\data\processed\masks\p046_scratch_thin_mask.png,D:\Masters\FH\Thesis\painting-restoration-eval\data\processed\restored\opencv_telea\p046_scratch_thin_restored_opencv_telea.png,data/processed/restored/lama/p046_scratch_thin_restored_lama.png,3,1,0,lama,D:\Masters\FH\Thesis\painting-restoration-eval\data\processed\clean\p046_clean.png,D:\Masters\FH\Thesis\painting-restoration-eval\data\processed\masked\p046_scratch_thin_damaged.png,D:\Masters\FH\Thesis\painting-restoration-eval\data\processed\masks\p046_scratch_thin_mask.png,D:\Masters\FH\Thesis\painting-restoration-eval\data\processed\restored\opencv_telea\p046_scratch_thin_restored_opencv_telea.png,D:\Masters\FH\Thesis\painting-restoration-eval\data\processed\restored\lama\p046_scratch_thin_restored_lama.png,False,False,False,False,False,False,True
p047_scratch_thin,p047,p047_scratch_thin,scratch_thin,high_texture_brushwork,The Dance Class,Edgar Degas,1874,Impressionism,Oil on canvas,The Metropolitan Museum of Art,https://www.metmuseum.org/art/collection/search/438817,Public Domain / Open Access,p047.jpg,35825.65234375,35825.6484375,153.55972290039062,115.7571258544922,-37.80259704589842,35672.09262084961,35709.89131164551,37.79869079589844,lama,185.2958831787109,185.2958831787109,6.081772804260254,5.4443840980529785,-0.6373887062072754,179.21411037445068,179.85149908065796,0.6373887062072754,lama,2.588862537256309,2.588863010789323,26.268030411093093,27.49532625765138,1.2272958465582882,23.679167873836786,24.90646324686206,1.2272953730252745,lama,0.3377709090709686,0.3377709090709686,0.0009440237772651,0.0006478572031483,-0.00029616657411680005,0.3368268852937035,0.3371230518678203,0.00029616657411679626,lama,0.8696154952049255,0.8696153163909912,0.9998258352279664,0.9998215436935424,-4.29153442405017e-06,0.1302103400230407,0.1302062273025512,-4.112720489501953e-06,opencv,0.952226996421814,0.952226996421814,0.9993946552276612,0.9997133016586304,0.00031864643096912726,0.0471676588058471,0.0474863052368164,0.00031864643096930073,lama,D:\Masters\FH\Thesis\painting-restoration-eval\data\processed\clean\p047_clean.png,D:\Masters\FH\Thesis\painting-restoration-eval\data\processed\masked\p047_scratch_thin_damaged.png,D:\Masters\FH\Thesis\painting-restoration-eval\data\processed\masks\p047_scratch_thin_mask.png,D:\Masters\FH\Thesis\painting-restoration-eval\data\processed\restored\opencv_telea\p047_scratch_thin_restored_opencv_telea.png,data/processed/restored/lama/p047_scratch_thin_restored_lama.png,3,1,0,lama,D:\Masters\FH\Thesis\painting-restoration-eval\data\processed\clean\p047_clean.png,D:\Masters\FH\Thesis\painting-restoration-eval\data\processed\masked\p047_scratch_thin_damaged.png,D:\Masters\FH\Thesis\painting-restoration-eval\data\processed\masks\p047_scratch_thin_mask.png,D:\Masters\FH\Thesis\painting-restoration-eval\data\processed\restored\opencv_telea\p047_scratch_thin_restored_opencv_telea.png,D:\Masters\FH\Thesis\painting-restoration-eval\data\processed\restored\lama\p047_scratch_thin_restored_lama.png,False,False,False,False,False,False,True
p015_loss_large,p015,p015_loss_large,loss_large,landscape_natural,Landscape,Henri-Joseph Harpignies,,,,The Metropolitan Museum of Art,https://www.metmuseum.org/art/collection/search/337306,Public Domain / Open Access,p015.jpg,21676.654296875,21676.65234375,746.0596313476562,873.4074096679688,127.3477783203125,20930.594665527344,20803.24493408203,-127.3497314453125,opencv,142.95252990722656,142.95252990722656,20.29224395751953,22.026811599731445,1.734567642211914,122.66028594970705,120.92571830749512,-1.7345676422119283,opencv,4.770881094099279,4.770881485410333,19.403068195477445,18.718634888719397,-0.6844333067580486,14.632187101378166,13.94775340330906,-0.6844336980691068,opencv,0.6520757675170898,0.6520757675170898,0.4836895167827606,0.2306113094091415,-0.2530782073736191,0.1683862507343292,0.4214644581079483,0.2530782073736191,lama,0.7769405245780945,0.7769404649734497,0.730167031288147,0.9411978721618652,0.21103084087371826,-0.0467734932899475,0.1642574071884155,0.211030900478363,lama,0.5043560266494751,0.5043560266494751,0.3069872856140136,0.8478283882141113,0.5408411026000977,-0.1973687410354614,0.3434723615646362,0.5408411026000975,lama,D:\Masters\FH\Thesis\painting-restoration-eval\data\processed\clean\p015_clean.png,D:\Masters\FH\Thesis\painting-restoration-eval\data\processed\masked\p015_loss_large_damaged.png,D:\Masters\FH\Thesis\painting-restoration-eval\data\processed\masks\p015_loss_large_mask.png,D:\Masters\FH\Thesis\painting-restoration-eval\data\processed\restored\opencv_telea\p015_loss_large_restored_opencv_telea.png,data/processed/restored/lama/p015_loss_large_restored_lama.png,3,1,0,lama,D:\Masters\FH\Thesis\painting-restoration-eval\data\processed\clean\p015_clean.png,D:\Masters\FH\Thesis\painting-restoration-eval\data\processed\masked\p015_loss_large_damaged.png,D:\Masters\FH\Thesis\painting-restoration-eval\data\processed\masks\p015_loss_large_mask.png,D:\Masters\FH\Thesis\painting-restoration-eval\data\processed\restored\opencv_telea\p015_loss_large_restored_opencv_telea.png,D:\Masters\FH\Thesis\painting-restoration-eval\data\processed\restored\lama\p015_loss_large_restored_lama.png,False,False,False,False,False,False,True
p017_loss_large,p017,p017_loss_large,loss_large,landscape_natural,Picturesque Landscape,"Anonymous, British, 18th century",,,,The Metropolitan Museum of Art,https://www.metmuseum.org/art/collection/search/364452,Public Domain / Open Access,p017.jpg,10403.873046875,10403.873046875,1484.4287109375,1535.9765625,51.5478515625,8919.4443359375,8867.896484375,-51.5478515625,opencv,93.99626922607422,93.99626922607422,29.74857521057129,30.66206359863281,0.9134883880615199,64.24769401550293,63.334205627441406,-0.9134883880615234,opencv,7.958853167844865,7.958853167844865,16.415210152442896,16.266957720308667,-0.14825243213422823,8.456356984598031,8.308104552463803,-0.14825243213422823,opencv,0.3723841607570648,0.3723841607570648,0.3394825458526611,0.1648992151021957,-0.17458333075046537,0.0329016149044036,0.207484945654869,0.1745833307504654,lama,0.8738003969192505,0.8738003969192505,0.842863917350769,0.9610255360603333,0.11816161870956421,-0.0309364795684814,0.0872251391410827,0.1181616187095641,lama,0.7864407300949097,0.7864407300949097,0.4994490146636963,0.9657050371170044,0.4662560224533081,-0.2869917154312134,0.1792643070220947,0.4662560224533081,lama,D:\Masters\FH\Thesis\painting-restoration-eval\data\processed\clean\p017_clean.png,D:\Masters\FH\Thesis\painting-restoration-eval\data\processed\masked\p017_loss_large_damaged.png,D:\Masters\FH\Thesis\painting-restoration-eval\data\processed\masks\p017_loss_large_mask.png,D:\Masters\FH\Thesis\painting-restoration-eval\data\processed\restored\opencv_telea\p017_loss_large_restored_opencv_telea.png,data/processed/restored/lama/p017_loss_large_restored_lama.png,3,1,0,lama,D:\Masters\FH\Thesis\painting-restoration-eval\data\processed\clean\p017_clean.png,D:\Masters\FH\Thesis\painting-restoration-eval\data\processed\masked\p017_loss_large_damaged.png,D:\Masters\FH\Thesis\painting-restoration-eval\data\processed\masks\p017_loss_large_mask.png,D:\Masters\FH\Thesis\painting-restoration-eval\data\processed\restored\opencv_telea\p017_loss_large_restored_opencv_telea.png,D:\Masters\FH\Thesis\painting-restoration-eval\data\processed\restored\lama\p017_loss_large_restored_lama.png,False,False,False,False,False,False,True
p020_loss_large,p020,p020_loss_large,loss_large,landscape_natural,Mediterranean landscape (recto); Mountains (verso),Unknown,,,,The Metropolitan Museum of Art,https://www.metmuseum.org/art/collection/search/335335,Public Domain / Open Access,p020.jpg,6440.32666015625,6440.3271484375,1214.7965087890625,1232.7796630859375,17.983154296875,5225.530151367188,5207.5474853515625,-17.98266601562591,opencv,72.3664779663086,72.3664779663086,25.514083862304688,26.04185676574707,0.5277729034423828,46.85239410400391,46.32462120056152,-0.5277729034423899,opencv,10.041724650755764,10.041724321490095,17.285768257413928,17.2219489956573,-0.06381926175662755,7.244043606658163,7.180224674167205,-0.0638189324909586,opencv,0.4251325726509094,0.4251325726509094,0.3839724063873291,0.2288852035999298,-0.1550872027873993,0.0411601662635803,0.1962473690509796,0.1550872027873993,lama,0.7383415102958679,0.7383416295051575,0.7352237701416016,0.924335479736328,0.18911170959472645,-0.0031177401542663,0.1859938502311706,0.1891115903854369,lama,0.6712355613708496,0.6712355613708496,0.3072132766246795,0.8303509950637817,0.5231377184391022,-0.36402228474617,0.1591154336929321,0.5231377184391021,lama,D:\Masters\FH\Thesis\painting-restoration-eval\data\processed\clean\p020_clean.png,D:\Masters\FH\Thesis\painting-restoration-eval\data\processed\masked\p020_loss_large_damaged.png,D:\Masters\FH\Thesis\painting-restoration-eval\data\processed\masks\p020_loss_large_mask.png,D:\Masters\FH\Thesis\painting-restoration-eval\data\processed\restored\opencv_telea\p020_loss_large_restored_opencv_telea.png,data/processed/restored/lama/p020_loss_large_restored_lama.png,3,1,0,lama,D:\Masters\FH\Thesis\painting-restoration-eval\data\processed\clean\p020_clean.png,D:\Masters\FH\Thesis\painting-restoration-eval\data\processed\masked\p020_loss_large_damaged.png,D:\Masters\FH\Thesis\painting-restoration-eval\data\processed\masks\p020_loss_large_mask.png,D:\Masters\FH\Thesis\painting-restoration-eval\data\processed\restored\opencv_telea\p020_loss_large_restored_opencv_telea.png,D:\Masters\FH\Thesis\painting-restoration-eval\data\processed\restored\lama\p020_loss_large_restored_lama.png,False,False,False,False,False,False,True
p013_loss_small,p013,p013_loss_small,loss_small,landscape_natural,Landscape with a Village in the Distance,Jacob van Ruisdael,,,,The Metropolitan Museum of Art,https://www.metmuseum.org/art/collection/search/437545,Public Domain / Open Access,p013.jpg,29717.30859375,29717.306640625,347.9971008300781,431.8097229003906,83.8126220703125,29369.31149291992,29285.49691772461,-83.81457519530886,opencv,164.70909118652344,164.70909118652344,11.554350852966309,11.866893768310549,0.31254291534424006,153.15474033355713,152.8421974182129,-0.3125429153442383,opencv,3.400708867286161,3.400709152719626,22.71504735021168,21.777879439108094,-0.937167911103586,19.31433848292552,18.377170286388477,-0.9371681965370442,opencv,0.2383146733045578,0.2383146733045578,0.0237976219505071,0.0108738532289862,-0.0129237687215209,0.2145170513540506,0.2274408200755715,0.0129237687215209,lama,0.8359829187393188,0.8359827995300293,0.9980990290641784,0.9992841482162476,0.0011851191520692028,0.1621161103248596,0.1633013486862182,0.0011852383613586148,lama,0.8433330059051514,0.8433330059051514,0.9625312685966492,0.9964047074317932,0.03387343883514404,0.1191982626914978,0.1530717015266418,0.03387343883514399,lama,D:\Masters\FH\Thesis\painting-restoration-eval\data\processed\clean\p013_clean.png,D:\Masters\FH\Thesis\painting-restoration-eval\data\processed\masked\p013_loss_small_damaged.png,D:\Masters\FH\Thesis\painting-restoration-eval\data\processed\masks\p013_loss_small_mask.png,D:\Masters\FH\Thesis\painting-restoration-eval\data\processed\restored\opencv_telea\p013_loss_small_restored_opencv_telea.png,data/processed/restored/lama/p013_loss_small_restored_lama.png,3,1,0,lama,D:\Masters\FH\Thesis\painting-restoration-eval\data\processed\clean\p013_clean.png,D:\Masters\FH\Thesis\painting-restoration-eval\data\processed\masked\p013_loss_small_damaged.png,D:\Masters\FH\Thesis\painting-restoration-eval\data\processed\masks\p013_loss_small_mask.png,D:\Masters\FH\Thesis\painting-restoration-eval\data\processed\restored\opencv_telea\p013_loss_small_restored_opencv_telea.png,D:\Masters\FH\Thesis\painting-restoration-eval\data\processed\restored\lama\p013_loss_small_restored_lama.png,False,False,False,False,False,False,True
p015_loss_small,p015,p015_loss_small,loss_small,landscape_natural,Landscape,Henri-Joseph Harpignies,,,,The Metropolitan Museum of Art,https://www.metmuseum.org/art/collection/search/337306,Public Domain / Open Access,p015.jpg,16489.0,16489.001953125,322.8081970214844,410.8293762207031,88.02117919921875,16166.191802978516,16078.172576904297,-88.01922607421875,opencv,124.00707244873048,124.00707244873048,11.791407585144045,13.913456916809082,2.1220493316650373,112.21566486358644,110.0936155319214,-2.122049331665039,opencv,5.958860428614059,5.958859914191498,23.041358067013967,21.99418870746921,-1.0471693595447569,17.082497638399907,16.035328793277706,-1.0471688451222008,opencv,0.1291110068559646,0.1291110068559646,0.0102440193295478,0.0060984496958553,-0.0041455696336925,0.1188669875264167,0.1230125571601092,0.004145569633692503,lama,0.9532792568206788,0.9532793164253236,0.9979544281959534,0.9986874461174012,0.0007330179214478649,0.0446751713752746,0.0454081296920776,0.0007329583168029993,lama,0.9081407785415648,0.9081407785415648,0.9848164319992064,0.9972435235977172,0.012427091598510742,0.0766756534576416,0.0891027450561523,0.0124270915985107,lama,D:\Masters\FH\Thesis\painting-restoration-eval\data\processed\clean\p015_clean.png,D:\Masters\FH\Thesis\painting-restoration-eval\data\processed\masked\p015_loss_small_damaged.png,D:\Masters\FH\Thesis\painting-restoration-eval\data\processed\masks\p015_loss_small_mask.png,D:\Masters\FH\Thesis\painting-restoration-eval\data\processed\restored\opencv_telea\p015_loss_small_restored_opencv_telea.png,data/processed/restored/lama/p015_loss_small_restored_lama.png,3,1,0,lama,D:\Masters\FH\Thesis\painting-restoration-eval\data\processed\clean\p015_clean.png,D:\Masters\FH\Thesis\painting-restoration-eval\data\processed\masked\p015_loss_small_damaged.png,D:\Masters\FH\Thesis\painting-restoration-eval\data\processed\masks\p015_loss_small_mask.png,D:\Masters\FH\Thesis\painting-restoration-eval\data\processed\restored\opencv_telea\p015_loss_small_restored_opencv_telea.png,D:\Masters\FH\Thesis\painting-restoration-eval\data\processed\restored\lama\p015_loss_small_restored_lama.png,False,False,False,False,False,False,True
p016_loss_small,p016,p016_loss_small,loss_small,landscape_natural,Wooded Landscape with a House beside a River,Thomas Gainsborough,,,,The Metropolitan Museum of Art,https://www.metmuseum.org/art/collection/search/343423,Public Domain / Open Access,p016.jpg,15710.10546875,15710.10546875,915.2042236328124,1229.2598876953125,314.0556640625001,14794.901245117188,14480.845581054688,-314.0556640625,opencv,119.6669464111328,119.6669464111328,22.75592994689941,25.880369186401367,3.1244392395019567,96.9110164642334,93.78657722473145,-3.124439239501953,opencv,6.169012602109804,6.169012602109804,18.515623451617596,17.234366505933316,-1.2812569456842802,12.346610849507789,11.065353903823512,-1.2812569456842766,opencv,0.1403160691261291,0.1403160691261291,0.0277415849268436,0.0127031560987234,-0.015038428828120202,0.1125744841992855,0.1276129130274057,0.015038428828120218,lama,0.8750277161598206,0.8750278353691101,0.993648648262024,0.999147653579712,0.005499005317687988,0.1186209321022033,0.1241198182106018,0.005498886108398507,lama,0.8974999785423279,0.8974999785423279,0.9679962396621704,0.9934588074684144,0.025462567806244008,0.0704962611198425,0.0959588289260864,0.025462567806243896,lama,D:\Masters\FH\Thesis\painting-restoration-eval\data\processed\clean\p016_clean.png,D:\Masters\FH\Thesis\painting-restoration-eval\data\processed\masked\p016_loss_small_damaged.png,D:\Masters\FH\Thesis\painting-restoration-eval\data\processed\masks\p016_loss_small_mask.png,D:\Masters\FH\Thesis\painting-restoration-eval\data\processed\restored\opencv_telea\p016_loss_small_restored_opencv_telea.png,data/processed/restored/lama/p016_loss_small_restored_lama.png,3,1,0,lama,D:\Masters\FH\Thesis\painting-restoration-eval\data\processed\clean\p016_clean.png,D:\Masters\FH\Thesis\painting-restoration-eval\data\processed\masked\p016_loss_small_damaged.png,D:\Masters\FH\Thesis\painting-restoration-eval\data\processed\masks\p016_loss_small_mask.png,D:\Masters\FH\Thesis\painting-restoration-eval\data\processed\restored\opencv_telea\p016_loss_small_restored_opencv_telea.png,D:\Masters\FH\Thesis\painting-restoration-eval\data\processed\restored\lama\p016_loss_small_restored_lama.png,False,False,False,False,False,False,True
p016_mixed_damage,p016,p016_mixed_damage,mixed_damage,landscape_natural,Wooded Landscape with a House beside a River,Thomas Gainsborough,,,,The Metropolitan Museum of Art,https://www.metmuseum.org/art/collection/search/343423,Public Domain / Open Access,p016.jpg,12125.62890625,12125.6298828125,913.8508911132812,930.6239624023438,16.7730712890625,11211.77801513672,11195.005920410156,-16.77209472656432,opencv,99.59054565429688,99.59054565429688,21.705638885498047,22.253324508666992,0.5476856231689453,77.88490676879883,77.33722114562988,-0.5476856231689453,opencv,7.293760879498309,7.293760529730315,18.52205021205724,18.443061299873072,-0.07898891218416892,11.22828933255893,11.149300770142755,-0.0789885624161748,opencv,0.198218435049057,0.198218435049057,0.0671999454498291,0.0290807858109474,-0.0381191596388817,0.1310184895992279,0.1691376492381096,0.03811915963888168,lama,0.8152158856391907,0.8152161836624146,0.9820144176483154,0.9971539974212646,0.015139579772949219,0.1667985320091247,0.1819378137588501,0.015139281749725397,lama,0.6812602877616882,0.6812602877616882,0.8688318133354187,0.9890480041503906,0.12021619081497192,0.1875715255737304,0.3077877163887024,0.12021619081497198,lama,D:\Masters\FH\Thesis\painting-restoration-eval\data\processed\clean\p016_clean.png,D:\Masters\FH\Thesis\painting-restoration-eval\data\processed\masked\p016_mixed_damage_damaged.png,D:\Masters\FH\Thesis\painting-restoration-eval\data\processed\masks\p016_mixed_damage_mask.png,D:\Masters\FH\Thesis\painting-restoration-eval\data\processed\restored\opencv_telea\p016_mixed_damage_restored_opencv_telea.png,data/processed/restored/lama/p016_mixed_damage_restored_lama.png,3,1,0,lama,D:\Masters\FH\Thesis\painting-restoration-eval\data\processed\clean\p016_clean.png,D:\Masters\FH\Thesis\painting-restoration-eval\data\processed\masked\p016_mixed_damage_damaged.png,D:\Masters\FH\Thesis\painting-restoration-eval\data\processed\masks\p016_mixed_damage_mask.png,D:\Masters\FH\Thesis\painting-restoration-eval\data\processed\restored\opencv_telea\p016_mixed_damage_restored_opencv_telea.png,D:\Masters\FH\Thesis\painting-restoration-eval\data\processed\restored\lama\p016_mixed_damage_restored_lama.png,False,False,False,False,False,False,True
p018_mixed_damage,p018,p018_mixed_damage,mixed_damage,landscape_natural,Classical Landscape with Figures,Henri Mauperché,,,,The Metropolitan Museum of Art,https://www.metmuseum.org/art/collection/search/437039,Public Domain / Open Access,p018.jpg,25778.947265625,25778.947265625,486.5032348632813,644.4542236328125,157.9509887695312,25292.44403076172,25134.493041992188,-157.95098876953125,opencv,148.3855743408203,148.38558959960938,11.930147171020508,11.681218147277832,-0.24892902374267578,136.4554271697998,136.70437145233154,0.24894428253173828,lama,4.018151827638354,4.018151827638354,21.25994628537739,20.03888286548108,-1.221063419896307,17.241794457739033,16.02073103784273,-1.2210634198963035,opencv,0.3198767006397247,0.3198767006397247,0.0355604253709316,0.0156403593719005,-0.019920065999031098,0.2843162752687931,0.3042363412678242,0.019920065999031067,lama,0.8171550631523132,0.8171550631523132,0.983364462852478,0.9974381923675536,0.014073729515075573,0.1662093997001648,0.1802831292152404,0.0140737295150756,lama,0.8492283821105957,0.8492283821105957,0.9440875053405762,0.9925156831741332,0.04842817783355702,0.0948591232299804,0.1432873010635376,0.0484281778335572,lama,D:\Masters\FH\Thesis\painting-restoration-eval\data\processed\clean\p018_clean.png,D:\Masters\FH\Thesis\painting-restoration-eval\data\processed\masked\p018_mixed_damage_damaged.png,D:\Masters\FH\Thesis\painting-restoration-eval\data\processed\masks\p018_mixed_damage_mask.png,D:\Masters\FH\Thesis\painting-restoration-eval\data\processed\restored\opencv_telea\p018_mixed_damage_restored_opencv_telea.png,data/processed/restored/lama/p018_mixed_damage_restored_lama.png,3,1,0,lama,D:\Masters\FH\Thesis\painting-restoration-eval\data\processed\clean\p018_clean.png,D:\Masters\FH\Thesis\painting-restoration-eval\data\processed\masked\p018_mixed_damage_damaged.png,D:\Masters\FH\Thesis\painting-restoration-eval\data\processed\masks\p018_mixed_damage_mask.png,D:\Masters\FH\Thesis\painting-restoration-eval\data\processed\restored\opencv_telea\p018_mixed_damage_restored_opencv_telea.png,D:\Masters\FH\Thesis\painting-restoration-eval\data\processed\restored\lama\p018_mixed_damage_restored_lama.png,False,False,False,False,False,False,True
p019_scratch_thin,p019,p019_scratch_thin,scratch_thin,landscape_natural,Evening: Landscape with an Aqueduct,Théodore Géricault,,,,The Metropolitan Museum of Art,https://www.metmuseum.org/art/collection/search/436455,Public Domain / Open Access,p019.jpg,31162.3984375,31162.3984375,192.8344268798828,212.7097320556641,19.87530517578128,30969.56401062012,30949.688705444336,-19.875305175784888,opencv,160.35458374023438,160.35458374023438,7.662284374237059,8.843119621276855,1.1808352470397967,152.69229936599731,151.51146411895752,-1.180835247039795,opencv,3.1944948477863,3.1944948477863,25.27895789448194,24.85293000342792,-0.4260278910540194,22.08446304669564,21.658435155641623,-0.42602789105401584,opencv,0.232696533203125,0.232696533203125,0.0008889652672223,0.0017651523230597,0.0008761870558374,0.2318075679359026,0.2309313808800652,-0.0008761870558373908,opencv,0.8819652795791626,0.8819652795791626,0.9990091919898988,0.9996671676635742,0.0006579756736754261,0.117043912410736,0.1177018880844116,0.0006579756736755926,lama,0.9189552068710328,0.9189552068710328,0.9988629817962646,0.9796494841575624,-0.01921349763870228,0.0799077749252319,0.0606942772865295,-0.019213497638702406,opencv,D:\Masters\FH\Thesis\painting-restoration-eval\data\processed\clean\p019_clean.png,D:\Masters\FH\Thesis\painting-restoration-eval\data\processed\masked\p019_scratch_thin_damaged.png,D:\Masters\FH\Thesis\painting-restoration-eval\data\processed\masks\p019_scratch_thin_mask.png,D:\Masters\FH\Thesis\painting-restoration-eval\data\processed\restored\opencv_telea\p019_scratch_thin_restored_opencv_telea.png,data/processed/restored/lama/p019_scratch_thin_restored_lama.png,1,3,0,opencv,D:\Masters\FH\Thesis\painting-restoration-eval\data\processed\clean\p019_clean.png,D:\Masters\FH\Thesis\painting-restoration-eval\data\processed\masked\p019_scratch_thin_damaged.png,D:\Masters\FH\Thesis\painting-restoration-eval\data\processed\masks\p019_scratch_thin_mask.png,D:\Masters\FH\Thesis\painting-restoration-eval\data\processed\restored\opencv_telea\p019_scratch_thin_restored_opencv_telea.png,D:\Masters\FH\Thesis\painting-restoration-eval\data\processed\restored\lama\p019_scratch_thin_restored_lama.png,False,False,False,False,False,False,True
p005_loss_large,p005,p005_loss_large,loss_large,portrait_figure,Self-Portrait with Two Pupils,Adélaïde Labille-Guiard,1785,18th century portraiture,Oil on canvas,The Metropolitan Museum of Art,https://www.metmuseum.org/art/collection/search/436840,Public Domain / Open Access,p005.jpg,36366.3515625,36366.34375,1329.151123046875,1817.072509765625,487.92138671875,35037.200439453125,34549.271240234375,-487.92919921875,opencv,186.7893829345703,186.7893829345703,26.117977142333984,28.83320426940918,2.7152271270751953,160.67140579223633,157.95617866516113,-2.7152271270751953,opencv,2.52380628021972,2.523807213204705,16.89505998304361,15.537081028153656,-1.357978954889953,14.37125370282389,13.01327381494895,-1.3579798878749383,opencv,0.433108925819397,0.433108925819397,0.2737326622009277,0.1669480800628662,-0.10678458213806147,0.1593762636184692,0.2661608457565307,0.1067845821380615,lama,0.8789923191070557,0.8789922595024109,0.9145702123641968,0.9792510271072388,0.06468081474304199,0.0355778932571411,0.1002587676048278,0.0646808743476867,lama,0.8305362462997437,0.8305362462997437,0.8700402975082397,0.935752272605896,0.06571197509765625,0.039504051208496,0.1052160263061523,0.0657119750976563,lama,D:\Masters\FH\Thesis\painting-restoration-eval\data\processed\clean\p005_clean.png,D:\Masters\FH\Thesis\painting-restoration-eval\data\processed\masked\p005_loss_large_damaged.png,D:\Masters\FH\Thesis\painting-restoration-eval\data\processed\masks\p005_loss_large_mask.png,D:\Masters\FH\Thesis\painting-restoration-eval\data\processed\restored\opencv_telea\p005_loss_large_restored_opencv_telea.png,data/processed/restored/lama/p005_loss_large_restored_lama.png,3,1,0,lama,D:\Masters\FH\Thesis\painting-restoration-eval\data\processed\clean\p005_clean.png,D:\Masters\FH\Thesis\painting-restoration-eval\data\processed\masked\p005_loss_large_damaged.png,D:\Masters\FH\Thesis\painting-restoration-eval\data\processed\masks\p005_loss_large_mask.png,D:\Masters\FH\Thesis\painting-restoration-eval\data\processed\restored\opencv_telea\p005_loss_large_restored_opencv_telea.png,D:\Masters\FH\Thesis\painting-restoration-eval\data\processed\restored\lama\p005_loss_large_restored_lama.png,False,False,False,False,False,False,True
p010_loss_large,p010,p010_loss_large,loss_large,portrait_figure,Joan of Arc,Jules Bastien-Lepage,1879,19th century French painting,Oil on canvas,The Metropolitan Museum of Art,https://www.metmuseum.org/art/collection/search/435621,Public Domain / Open Access,p010.jpg,38570.05859375,38570.0625,446.9234313964844,474.3353576660156,27.41192626953125,38123.13516235352,38095.727142333984,-27.408020019538526,opencv,194.60337829589844,194.60337829589844,15.888731956481934,16.31846809387207,0.4297361373901367,178.7146463394165,178.28491020202637,-0.4297361373901367,opencv,2.26830062242393,2.268300182584636,21.628472363274128,21.36994862050082,-0.25852374277330625,19.3601717408502,19.101648437916182,-0.25852330293401593,opencv,0.5043120980262756,0.5043120980262756,0.3046157360076904,0.1370738595724105,-0.16754187643527987,0.1996963620185852,0.367238238453865,0.1675418764352798,lama,0.7887466549873352,0.7887468338012695,0.8430076837539673,0.9786511659622192,0.13564348220825195,0.054261028766632,0.1899043321609497,0.1356433033943177,lama,0.6321842670440674,0.6321842670440674,0.5878798961639404,0.9452803134918212,0.35740041732788075,-0.0443043708801269,0.3130960464477539,0.3574004173278808,lama,D:\Masters\FH\Thesis\painting-restoration-eval\data\processed\clean\p010_clean.png,D:\Masters\FH\Thesis\painting-restoration-eval\data\processed\masked\p010_loss_large_damaged.png,D:\Masters\FH\Thesis\painting-restoration-eval\data\processed\masks\p010_loss_large_mask.png,D:\Masters\FH\Thesis\painting-restoration-eval\data\processed\restored\opencv_telea\p010_loss_large_restored_opencv_telea.png,data/processed/restored/lama/p010_loss_large_restored_lama.png,3,1,0,lama,D:\Masters\FH\Thesis\painting-restoration-eval\data\processed\clean\p010_clean.png,D:\Masters\FH\Thesis\painting-restoration-eval\data\processed\masked\p010_loss_large_damaged.png,D:\Masters\FH\Thesis\painting-restoration-eval\data\processed\masks\p010_loss_large_mask.png,D:\Masters\FH\Thesis\painting-restoration-eval\data\processed\restored\opencv_telea\p010_loss_large_restored_opencv_telea.png,D:\Masters\FH\Thesis\painting-restoration-eval\data\processed\restored\lama\p010_loss_large_restored_lama.png,False,False,False,False,False,False,True
p010_loss_small,p010,p010_loss_small,loss_small,portrait_figure,Joan of Arc,Jules Bastien-Lepage,1879,19th century French painting,Oil on canvas,The Metropolitan Museum of Art,https://www.metmuseum.org/art/collection/search/435621,Public Domain / Open Access,p010.jpg,43583.0078125,43583.0078125,290.3744201660156,306.3359680175781,15.9615478515625,43292.633392333984,43276.67184448242,-15.9615478515625,opencv,207.9271545410156,207.9271545410156,12.142794609069824,12.551295280456545,0.4085006713867205,195.7843599319458,195.37585926055908,-0.40850067138671875,opencv,1.7376316177513542,1.7376316177513542,23.501220052794245,23.26882368976516,-0.2323963630290855,21.76358843504289,21.5311920720138,-0.2323963630290926,opencv,0.2532385885715484,0.2532385885715484,0.0170476920902729,0.0082653909921646,-0.0087823010981083,0.2361908964812755,0.2449731975793838,0.008782301098108292,lama,0.8779041767120361,0.877903938293457,0.997844099998474,0.9991717338562012,0.0013276338577271618,0.1199399232864379,0.1212677955627441,0.001327872276306194,lama,0.9487009048461914,0.9487009048461914,0.9786458015441896,0.9987770318984984,0.02013123035430886,0.029944896697998,0.0500761270523071,0.020131230354309103,lama,D:\Masters\FH\Thesis\painting-restoration-eval\data\processed\clean\p010_clean.png,D:\Masters\FH\Thesis\painting-restoration-eval\data\processed\masked\p010_loss_small_damaged.png,D:\Masters\FH\Thesis\painting-restoration-eval\data\processed\masks\p010_loss_small_mask.png,D:\Masters\FH\Thesis\painting-restoration-eval\data\processed\restored\opencv_telea\p010_loss_small_restored_opencv_telea.png,data/processed/restored/lama/p010_loss_small_restored_lama.png,3,1,0,lama,D:\Masters\FH\Thesis\painting-restoration-eval\data\processed\clean\p010_clean.png,D:\Masters\FH\Thesis\painting-restoration-eval\data\processed\masked\p010_loss_small_damaged.png,D:\Masters\FH\Thesis\painting-restoration-eval\data\processed\masks\p010_loss_small_mask.png,D:\Masters\FH\Thesis\painting-restoration-eval\data\processed\restored\opencv_telea\p010_loss_small_restored_opencv_telea.png,D:\Masters\FH\Thesis\painting-restoration-eval\data\processed\restored\lama\p010_loss_small_restored_lama.png,False,False,False,False,False,False,True
p001_mixed_damage,p001,p001_mixed_damage,mixed_damage,portrait_figure,Juan de Pareja,Diego Velázquez,1650,Baroque,Oil on canvas,The Metropolitan Museum of Art,https://www.metmuseum.org/art/collection/search/437869,Public Domain / Open Access,p001.jpg,50740.69921875,50740.69921875,219.76803588867188,296.2032775878906,76.43524169921875,50520.93118286133,50444.49594116211,-76.43524169921875,opencv,224.4674072265625,224.4673767089844,7.844874382019043,8.57044792175293,0.7255735397338867,216.62253284454343,215.89692878723145,-0.7256040573119833,opencv,1.0772391326102264,1.0772391326102264,24.71115834048137,23.41490501043087,-1.2962533300504973,23.63391920787114,22.337665877820644,-1.2962533300504973,opencv,0.4163284003734588,0.4163284003734588,0.0304844602942466,0.0245583187788724,-0.005926141515374201,0.3858439400792122,0.3917700815945864,0.005926141515374184,lama,0.8958069682121277,0.8958069086074829,0.9943641424179076,0.9981958270072936,0.0038316845893859863,0.09855717420578,0.1023889183998107,0.0038317441940306923,lama,0.7951979041099548,0.7951979041099548,0.9748541116714478,0.9924310445785522,0.017576932907104492,0.1796562075614929,0.1972331404685974,0.01757693290710452,lama,D:\Masters\FH\Thesis\painting-restoration-eval\data\processed\clean\p001_clean.png,D:\Masters\FH\Thesis\painting-restoration-eval\data\processed\masked\p001_mixed_damage_damaged.png,D:\Masters\FH\Thesis\painting-restoration-eval\data\processed\masks\p001_mixed_damage_mask.png,D:\Masters\FH\Thesis\painting-restoration-eval\data\processed\restored\opencv_telea\p001_mixed_damage_restored_opencv_telea.png,data/processed/restored/lama/p001_mixed_damage_restored_lama.png,3,1,0,lama,D:\Masters\FH\Thesis\painting-restoration-eval\data\processed\clean\p001_clean.png,D:\Masters\FH\Thesis\painting-restoration-eval\data\processed\masked\p001_mixed_damage_damaged.png,D:\Masters\FH\Thesis\painting-restoration-eval\data\processed\masks\p001_mixed_damage_mask.png,D:\Masters\FH\Thesis\painting-restoration-eval\data\processed\restored\opencv_telea\p001_mixed_damage_restored_opencv_telea.png,D:\Masters\FH\Thesis\painting-restoration-eval\data\processed\restored\lama\p001_mixed_damage_restored_lama.png,False,False,False,False,False,False,True
p002_scratch_thin,p002,p002_scratch_thin,scratch_thin,portrait_figure,Madame X (Madame Pierre Gautreau),John Singer Sargent,1883-84,19th century portraiture,Oil on canvas,The Metropolitan Museum of Art,https://www.metmuseum.org/art/collection/search/12127,Public Domain / Open Access,p002.jpg,50183.65625,50183.65625,69.27576446533203,20.0655517578125,-49.21021270751953,50114.38048553467,50163.59069824219,49.21021270751953,lama,222.0612030029297,222.0612030029297,3.182985544204712,2.4319188594818115,-0.7510666847229004,218.87821745872495,219.62928414344788,0.7510666847229288,lama,1.1251806117602,1.1251806117602,29.72499033902007,35.10629254506565,5.381302206045579,28.59980972725987,33.98111193330545,5.381302206045579,lama,0.285620242357254,0.285620242357254,0.0016085176030173,0.0003634991589933,-0.001245018444024,0.2840117247542366,0.2852567431982606,0.0012450184440240264,lama,0.8899277448654175,0.889927864074707,0.999643087387085,0.9995718002319336,-7.128715515136719e-05,0.1097153425216674,0.1096439361572265,-7.140636444090409e-05,opencv,0.874204158782959,0.874204158782959,0.999354362487793,0.9995041489601136,0.00014978647232066766,0.1251502037048339,0.1252999901771545,0.00014978647232061215,lama,D:\Masters\FH\Thesis\painting-restoration-eval\data\processed\clean\p002_clean.png,D:\Masters\FH\Thesis\painting-restoration-eval\data\processed\masked\p002_scratch_thin_damaged.png,D:\Masters\FH\Thesis\painting-restoration-eval\data\processed\masks\p002_scratch_thin_mask.png,D:\Masters\FH\Thesis\painting-restoration-eval\data\processed\restored\opencv_telea\p002_scratch_thin_restored_opencv_telea.png,data/processed/restored/lama/p002_scratch_thin_restored_lama.png,3,1,0,lama,D:\Masters\FH\Thesis\painting-restoration-eval\data\processed\clean\p002_clean.png,D:\Masters\FH\Thesis\painting-restoration-eval\data\processed\masked\p002_scratch_thin_damaged.png,D:\Masters\FH\Thesis\painting-restoration-eval\data\processed\masks\p002_scratch_thin_mask.png,D:\Masters\FH\Thesis\painting-restoration-eval\data\processed\restored\opencv_telea\p002_scratch_thin_restored_opencv_telea.png,D:\Masters\FH\Thesis\painting-restoration-eval\data\processed\restored\lama\p002_scratch_thin_restored_lama.png,False,False,False,False,False,False,True
p007_scratch_thin,p007,p007_scratch_thin,scratch_thin,portrait_figure,Princesse de Broglie,Jean-Auguste-Dominique Ingres,1851-53,Neoclassical,Oil on canvas,The Metropolitan Museum of Art,https://www.metmuseum.org/art/collection/search/459106,Public Domain / Open Access,p007.jpg,36895.00390625,36895.0,167.9197540283203,144.0534210205078,-23.8663330078125,36727.08415222168,36750.94657897949,23.8624267578125,lama,185.76412963867188,185.76412963867188,7.268712520599365,7.230885505676269,-0.03782701492309659,178.4954171180725,178.5332441329956,0.0378270149230957,lama,2.461128002061101,2.4611284618694027,25.87978571454961,26.545567843834665,0.6657821292850556,23.41865771248851,24.08443938196526,0.6657816694767504,lama,0.3229203522205353,0.3229203522205353,0.0023112199269235,0.000935626681894,-0.0013755932450295,0.3206091322936117,0.3219847255386412,0.001375593245029505,lama,0.8492648601531982,0.8492648005485535,0.9996665716171264,0.9994252920150756,-0.00024127960205078125,0.1504017114639282,0.1501604914665222,-0.00024121999740600586,opencv,0.9090062379837036,0.9090062379837036,0.999409317970276,0.9994226694107056,1.3351440429576478e-05,0.0904030799865722,0.0904164314270019,1.3351440429701378e-05,lama,D:\Masters\FH\Thesis\painting-restoration-eval\data\processed\clean\p007_clean.png,D:\Masters\FH\Thesis\painting-restoration-eval\data\processed\masked\p007_scratch_thin_damaged.png,D:\Masters\FH\Thesis\painting-restoration-eval\data\processed\masks\p007_scratch_thin_mask.png,D:\Masters\FH\Thesis\painting-restoration-eval\data\processed\restored\opencv_telea\p007_scratch_thin_restored_opencv_telea.png,data/processed/restored/lama/p007_scratch_thin_restored_lama.png,3,1,0,lama,D:\Masters\FH\Thesis\painting-restoration-eval\data\processed\clean\p007_clean.png,D:\Masters\FH\Thesis\painting-restoration-eval\data\processed\masked\p007_scratch_thin_damaged.png,D:\Masters\FH\Thesis\painting-restoration-eval\data\processed\masks\p007_scratch_thin_mask.png,D:\Masters\FH\Thesis\painting-restoration-eval\data\processed\restored\opencv_telea\p007_scratch_thin_restored_opencv_telea.png,D:\Masters\FH\Thesis\painting-restoration-eval\data\processed\restored\lama\p007_scratch_thin_restored_lama.png,False,False,False,False,False,False,True
p010_scratch_thin,p010,p010_scratch_thin,scratch_thin,portrait_figure,Joan of Arc,Jules Bastien-Lepage,1879,19th century French painting,Oil on canvas,The Metropolitan Museum of Art,https://www.metmuseum.org/art/collection/search/435621,Public Domain / Open Access,p010.jpg,42933.53515625,42933.53515625,111.5390853881836,116.05067443847656,4.511589050292969,42821.99607086182,42817.48448181152,-4.511589050292969,opencv,205.01126098632807,205.01126098632807,6.918824195861816,7.441725730895996,0.5229015350341797,198.0924367904663,197.56953525543213,-0.5229015350341797,opencv,1.8028371101782417,1.8028371101782417,27.656532818787078,27.484326921289025,-0.1722058974980527,25.853695708608832,25.681489811110783,-0.17220589749804915,opencv,0.3639232516288757,0.3639232516288757,0.0018421905115246,0.0014777220785617,-0.0003644684329629001,0.362081061117351,0.3624455295503139,0.00036446843296289444,lama,0.8697965145111084,0.869796633720398,0.9994890689849854,0.999521553516388,3.248453140269891e-05,0.1296925544738769,0.12972491979599,3.236532211309262e-05,lama,0.8214116096496582,0.8214116096496582,0.9992303252220154,0.9994221925735474,0.00019186735153198242,0.1778187155723571,0.1780105829238891,0.00019186735153201018,lama,D:\Masters\FH\Thesis\painting-restoration-eval\data\processed\clean\p010_clean.png,D:\Masters\FH\Thesis\painting-restoration-eval\data\processed\masked\p010_scratch_thin_damaged.png,D:\Masters\FH\Thesis\painting-restoration-eval\data\processed\masks\p010_scratch_thin_mask.png,D:\Masters\FH\Thesis\painting-restoration-eval\data\processed\restored\opencv_telea\p010_scratch_thin_restored_opencv_telea.png,data/processed/restored/lama/p010_scratch_thin_restored_lama.png,3,1,0,lama,D:\Masters\FH\Thesis\painting-restoration-eval\data\processed\clean\p010_clean.png,D:\Masters\FH\Thesis\painting-restoration-eval\data\processed\masked\p010_scratch_thin_damaged.png,D:\Masters\FH\Thesis\painting-restoration-eval\data\processed\masks\p010_scratch_thin_mask.png,D:\Masters\FH\Thesis\painting-restoration-eval\data\processed\restored\opencv_telea\p010_scratch_thin_restored_opencv_telea.png,D:\Masters\FH\Thesis\painting-restoration-eval\data\processed\restored\lama\p010_scratch_thin_restored_lama.png,False,False,False,False,False,False,True
