case_id,painting_id,category,title,mask_id,mask_type,model_name,selection_group,figure_filename,figure_path,full_pixel_count,masked_pixel_count,damaged_error_mean_full,restored_error_mean_full,improvement_mean_full,damaged_error_max_full,restored_error_max_full,improvement_min_full,improvement_max_full,damaged_error_mean_masked,restored_error_mean_masked,improvement_mean_masked,negative_improvement_pixels_masked,positive_improvement_pixels_masked,zero_improvement_pixels_masked,negative_improvement_percentage_masked,positive_improvement_percentage_masked,status,issue
p001_loss_large,p001,portrait_figure,Juan de Pareja,p001_loss_large,loss_large,opencv_telea,all_opencv_cases,p001_loss_large_opencv_telea_error_maps.png,D:\Masters\FH\Thesis\painting-restoration-eval\outputs\figures\error_maps\opencv_telea\all_cases\all_opencv_cases\p001_loss_large_opencv_telea_error_maps.png,589824,67242,25.058494567871094,2.166396379470825,22.89209747314453,251.0,150.0,-65.33333587646484,245.6666717529297,219.8046112060547,19.00289535522461,200.80169677734375,99,67140,3,0.14722941019005978,99.84830909253145,ok,
p001_loss_small,p001,portrait_figure,Juan de Pareja,p001_loss_small,loss_small,opencv_telea,all_opencv_cases,p001_loss_small_opencv_telea_error_maps.png,D:\Masters\FH\Thesis\painting-restoration-eval\outputs\figures\error_maps\opencv_telea\all_cases\all_opencv_cases\p001_loss_small_opencv_telea_error_maps.png,589824,24198,8.864421844482422,0.14584462344646454,8.71857738494873,247.0,57.33333206176758,0.0,244.3333282470703,216.06947326660156,3.5549492835998535,212.51451110839844,0,24198,0,0.0,100.0,ok,
p001_mixed_damage,p001,portrait_figure,Juan de Pareja,p001_mixed_damage,mixed_damage,opencv_telea,all_opencv_cases,p001_mixed_damage_opencv_telea_error_maps.png,D:\Masters\FH\Thesis\painting-restoration-eval\outputs\figures\error_maps\opencv_telea\all_cases\all_opencv_cases\p001_mixed_damage_opencv_telea_error_maps.png,589824,44392,16.894119262695312,0.5904297828674316,16.30368995666504,255.0,96.66666412353516,0.0,255.0,224.4674072265625,7.844874382019043,216.62254333496094,0,44392,0,0.0,100.0,ok,
p001_scratch_thin,p001,portrait_figure,Juan de Pareja,p001_scratch_thin,scratch_thin,opencv_telea,all_opencv_cases,p001_scratch_thin_opencv_telea_error_maps.png,D:\Masters\FH\Thesis\painting-restoration-eval\outputs\figures\error_maps\opencv_telea\all_cases\all_opencv_cases\p001_scratch_thin_opencv_telea_error_maps.png,589824,8012,2.9604082107543945,0.0890858992934227,2.871321678161621,255.0,85.0,0.0,255.0,217.9380645751953,6.558287143707275,211.37977600097656,0,8012,0,0.0,100.0,ok,
p001_zero_control,p001,portrait_figure,Juan de Pareja,p001_zero_control,zero_control,opencv_telea,all_opencv_cases,p001_zero_control_opencv_telea_error_maps.png,D:\Masters\FH\Thesis\painting-restoration-eval\outputs\figures\error_maps\opencv_telea\all_cases\all_opencv_cases\p001_zero_control_opencv_telea_error_maps.png,589824,0,0.0,0.0,0.0,0.0,0.0,0.0,0.0,,,,0,0,0,,,ok,
p002_loss_large,p002,portrait_figure,Madame X (Madame Pierre Gautreau),p002_loss_large,loss_large,opencv_telea,all_opencv_cases,p002_loss_large_opencv_telea_error_maps.png,D:\Masters\FH\Thesis\painting-restoration-eval\outputs\figures\error_maps\opencv_telea\all_cases\all_opencv_cases\p002_loss_large_opencv_telea_error_maps.png,589824,49705,19.01308822631836,1.0010874271392822,18.012001037597656,255.0,100.0,0.0,255.0,225.61866760253906,11.879395484924316,213.73928833007812,0,49705,0,0.0,100.0,ok,
p002_loss_small,p002,portrait_figure,Madame X (Madame Pierre Gautreau),p002_loss_small,loss_small,opencv_telea,all_opencv_cases,p002_loss_small_opencv_telea_error_maps.png,D:\Masters\FH\Thesis\painting-restoration-eval\outputs\figures\error_maps\opencv_telea\all_cases\all_opencv_cases\p002_loss_small_opencv_telea_error_maps.png,589824,19520,7.000389575958252,0.1689063161611557,6.831483364105225,255.0,56.66666793823242,0.0,254.0,211.52650451660156,5.1037397384643555,206.42279052734375,0,19520,0,0.0,100.0,ok,
p002_mixed_damage,p002,portrait_figure,Madame X (Madame Pierre Gautreau),p002_mixed_damage,mixed_damage,opencv_telea,all_opencv_cases,p002_mixed_damage_opencv_telea_error_maps.png,D:\Masters\FH\Thesis\painting-restoration-eval\outputs\figures\error_maps\opencv_telea\all_cases\all_opencv_cases\p002_mixed_damage_opencv_telea_error_maps.png,589824,42027,15.125452995300293,0.6668051481246948,14.458646774291992,255.0,151.3333282470703,-66.66666412353516,255.0,212.2767333984375,9.358214378356934,202.91854858398438,37,41990,0,0.08803864182549313,99.91196135817451,ok,
p002_scratch_thin,p002,portrait_figure,Madame X (Madame Pierre Gautreau),p002_scratch_thin,scratch_thin,opencv_telea,all_opencv_cases,p002_scratch_thin_opencv_telea_error_maps.png,D:\Masters\FH\Thesis\painting-restoration-eval\outputs\figures\error_maps\opencv_telea\all_cases\all_opencv_cases\p002_scratch_thin_opencv_telea_error_maps.png,589824,8436,3.176046133041382,0.04552488029003143,3.130521297454834,255.0,93.33333587646484,0.0,255.0,222.0612030029297,3.182985544204712,218.87823486328125,0,8436,0,0.0,100.0,ok,
p002_zero_control,p002,portrait_figure,Madame X (Madame Pierre Gautreau),p002_zero_control,zero_control,opencv_telea,all_opencv_cases,p002_zero_control_opencv_telea_error_maps.png,D:\Masters\FH\Thesis\painting-restoration-eval\outputs\figures\error_maps\opencv_telea\all_cases\all_opencv_cases\p002_zero_control_opencv_telea_error_maps.png,589824,0,0.0,0.0,0.0,0.0,0.0,0.0,0.0,,,,0,0,0,,,ok,
p003_loss_large,p003,portrait_figure,Marie Joséphine Charlotte du Val d'Ognes,p003_loss_large,loss_large,opencv_telea,all_opencv_cases,p003_loss_large_opencv_telea_error_maps.png,D:\Masters\FH\Thesis\painting-restoration-eval\outputs\figures\error_maps\opencv_telea\all_cases\all_opencv_cases\p003_loss_large_opencv_telea_error_maps.png,589824,48196,14.352445602416992,1.6324514150619507,12.719995498657227,233.6666717529297,122.66666412353516,-33.33332824707031,226.3333282470703,175.64566040039062,19.977985382080078,155.66766357421875,32,48164,0,0.06639555149804963,99.93360444850195,ok,
p003_loss_small,p003,portrait_figure,Marie Joséphine Charlotte du Val d'Ognes,p003_loss_small,loss_small,opencv_telea,all_opencv_cases,p003_loss_small_opencv_telea_error_maps.png,D:\Masters\FH\Thesis\painting-restoration-eval\outputs\figures\error_maps\opencv_telea\all_cases\all_opencv_cases\p003_loss_small_opencv_telea_error_maps.png,589824,20912,6.563358783721924,0.4320322573184967,6.131326675415039,240.3333282470703,101.66666412353516,0.0,229.3333282470703,185.11985778808594,12.185491561889648,172.9343719482422,0,20912,0,0.0,100.0,ok,
p003_mixed_damage,p003,portrait_figure,Marie Joséphine Charlotte du Val d'Ognes,p003_mixed_damage,mixed_damage,opencv_telea,all_opencv_cases,p003_mixed_damage_opencv_telea_error_maps.png,D:\Masters\FH\Thesis\painting-restoration-eval\outputs\figures\error_maps\opencv_telea\all_cases\all_opencv_cases\p003_mixed_damage_opencv_telea_error_maps.png,589824,48680,14.923136711120605,1.2129584550857544,13.71017837524414,255.0,133.6666717529297,-60.66667175292969,249.0,180.81396484375,14.69663143157959,166.11734008789062,66,48612,2,0.13557929334428925,99.86031224322105,ok,
p003_scratch_thin,p003,portrait_figure,Marie Joséphine Charlotte du Val d'Ognes,p003_scratch_thin,scratch_thin,opencv_telea,all_opencv_cases,p003_scratch_thin_opencv_telea_error_maps.png,D:\Masters\FH\Thesis\painting-restoration-eval\outputs\figures\error_maps\opencv_telea\all_cases\all_opencv_cases\p003_scratch_thin_opencv_telea_error_maps.png,589824,10496,3.3610823154449463,0.11575938761234283,3.2453229427337646,255.0,122.0,-66.0,232.0,188.87643432617188,6.505112648010254,182.37132263183594,21,10474,1,0.20007621951219512,99.79039634146342,ok,
p003_zero_control,p003,portrait_figure,Marie Joséphine Charlotte du Val d'Ognes,p003_zero_control,zero_control,opencv_telea,all_opencv_cases,p003_zero_control_opencv_telea_error_maps.png,D:\Masters\FH\Thesis\painting-restoration-eval\outputs\figures\error_maps\opencv_telea\all_cases\all_opencv_cases\p003_zero_control_opencv_telea_error_maps.png,589824,0,0.0,0.0,0.0,0.0,0.0,0.0,0.0,,,,0,0,0,,,ok,
p004_loss_large,p004,portrait_figure,Madame Georges Charpentier and Her Children,p004_loss_large,loss_large,opencv_telea,all_opencv_cases,p004_loss_large_opencv_telea_error_maps.png,D:\Masters\FH\Thesis\painting-restoration-eval\outputs\figures\error_maps\opencv_telea\all_cases\all_opencv_cases\p004_loss_large_opencv_telea_error_maps.png,589824,56801,17.957366943359375,3.2103569507598877,14.74700927734375,240.6666717529297,177.0,-62.33333206176758,235.33334350585938,186.47006225585938,33.33648681640625,153.13357543945312,122,56676,3,0.2147849509691731,99.77993345187585,ok,
p004_loss_small,p004,portrait_figure,Madame Georges Charpentier and Her Children,p004_loss_small,loss_small,opencv_telea,all_opencv_cases,p004_loss_small_opencv_telea_error_maps.png,D:\Masters\FH\Thesis\painting-restoration-eval\outputs\figures\error_maps\opencv_telea\all_cases\all_opencv_cases\p004_loss_small_opencv_telea_error_maps.png,589824,16444,4.599307537078857,0.4034632444381714,4.195844650268555,228.0,113.66666412353516,-40.666664123535156,217.6666717529297,164.97093200683594,14.47168254852295,150.49923706054688,13,16430,1,0.07905619070785697,99.91486256385308,ok,
p004_mixed_damage,p004,portrait_figure,Madame Georges Charpentier and Her Children,p004_mixed_damage,mixed_damage,opencv_telea,all_opencv_cases,p004_mixed_damage_opencv_telea_error_maps.png,D:\Masters\FH\Thesis\painting-restoration-eval\outputs\figures\error_maps\opencv_telea\all_cases\all_opencv_cases\p004_mixed_damage_opencv_telea_error_maps.png,589824,47183,14.046245574951172,1.2028944492340088,12.84334945678711,255.0,150.6666717529297,-61.66667175292969,255.0,175.5889129638672,15.037111282348633,160.5518035888672,379,46800,4,0.8032554097874234,99.18826696055783,ok,
p004_scratch_thin,p004,portrait_figure,Madame Georges Charpentier and Her Children,p004_scratch_thin,scratch_thin,opencv_telea,all_opencv_cases,p004_scratch_thin_opencv_telea_error_maps.png,D:\Masters\FH\Thesis\painting-restoration-eval\outputs\figures\error_maps\opencv_telea\all_cases\all_opencv_cases\p004_scratch_thin_opencv_telea_error_maps.png,589824,9499,2.7694196701049805,0.11505523324012756,2.654364585876465,255.0,117.0,-46.666664123535156,255.0,171.96234130859375,7.144155025482178,164.8181915283203,8,9491,0,0.08421939151489631,99.91578060848511,ok,
p004_zero_control,p004,portrait_figure,Madame Georges Charpentier and Her Children,p004_zero_control,zero_control,opencv_telea,all_opencv_cases,p004_zero_control_opencv_telea_error_maps.png,D:\Masters\FH\Thesis\painting-restoration-eval\outputs\figures\error_maps\opencv_telea\all_cases\all_opencv_cases\p004_zero_control_opencv_telea_error_maps.png,589824,0,0.0,0.0,0.0,0.0,0.0,0.0,0.0,,,,0,0,0,,,ok,
p005_loss_large,p005,portrait_figure,Self-Portrait with Two Pupils,p005_loss_large,loss_large,opencv_telea,all_opencv_cases,p005_loss_large_opencv_telea_error_maps.png,D:\Masters\FH\Thesis\painting-restoration-eval\outputs\figures\error_maps\opencv_telea\all_cases\all_opencv_cases\p005_loss_large_opencv_telea_error_maps.png,589824,43712,13.84300708770752,1.9356095790863037,11.907398223876953,241.0,144.0,-72.66667175292969,235.0,186.7893829345703,26.117977142333984,160.67141723632812,302,43406,4,0.6908857979502196,99.2999633967789,ok,
p005_loss_small,p005,portrait_figure,Self-Portrait with Two Pupils,p005_loss_small,loss_small,opencv_telea,all_opencv_cases,p005_loss_small_opencv_telea_error_maps.png,D:\Masters\FH\Thesis\painting-restoration-eval\outputs\figures\error_maps\opencv_telea\all_cases\all_opencv_cases\p005_loss_small_opencv_telea_error_maps.png,589824,21814,7.457037925720215,0.6004514694213867,6.856586456298828,253.6666717529297,129.3333282470703,-68.0,243.6666717529297,201.6292266845703,16.235475540161133,185.3937530517578,271,21538,5,1.2423214449436142,98.73475749518657,ok,
p005_mixed_damage,p005,portrait_figure,Self-Portrait with Two Pupils,p005_mixed_damage,mixed_damage,opencv_telea,all_opencv_cases,p005_mixed_damage_opencv_telea_error_maps.png,D:\Masters\FH\Thesis\painting-restoration-eval\outputs\figures\error_maps\opencv_telea\all_cases\all_opencv_cases\p005_mixed_damage_opencv_telea_error_maps.png,589824,38316,12.318342208862305,1.4543043375015259,10.86403751373291,255.0,158.6666717529297,-118.66667175292969,238.66665649414062,189.62454223632812,22.387086868286133,167.23744201660156,237,38076,3,0.6185405574694645,99.3736298152208,ok,
p005_scratch_thin,p005,portrait_figure,Self-Portrait with Two Pupils,p005_scratch_thin,scratch_thin,opencv_telea,all_opencv_cases,p005_scratch_thin_opencv_telea_error_maps.png,D:\Masters\FH\Thesis\painting-restoration-eval\outputs\figures\error_maps\opencv_telea\all_cases\all_opencv_cases\p005_scratch_thin_opencv_telea_error_maps.png,589824,5805,1.7021174430847168,0.1352861225605011,1.566831111907959,255.0,111.0,-58.0,242.3333282470703,172.9456787109375,13.745908737182617,159.19976806640625,6,5799,0,0.10335917312661498,99.89664082687338,ok,
p005_zero_control,p005,portrait_figure,Self-Portrait with Two Pupils,p005_zero_control,zero_control,opencv_telea,all_opencv_cases,p005_zero_control_opencv_telea_error_maps.png,D:\Masters\FH\Thesis\painting-restoration-eval\outputs\figures\error_maps\opencv_telea\all_cases\all_opencv_cases\p005_zero_control_opencv_telea_error_maps.png,589824,0,0.0,0.0,0.0,0.0,0.0,0.0,0.0,,,,0,0,0,,,ok,
p006_loss_large,p006,portrait_figure,Boy with a Sword,p006_loss_large,loss_large,opencv_telea,all_opencv_cases,p006_loss_large_opencv_telea_error_maps.png,D:\Masters\FH\Thesis\painting-restoration-eval\outputs\figures\error_maps\opencv_telea\all_cases\all_opencv_cases\p006_loss_large_opencv_telea_error_maps.png,589824,51891,20.052406311035156,1.0384441614151,19.013961791992188,253.6666717529297,91.0,0.0,239.33334350585938,227.92758178710938,11.803576469421387,216.12399291992188,0,51891,0,0.0,100.0,ok,
p006_loss_small,p006,portrait_figure,Boy with a Sword,p006_loss_small,loss_small,opencv_telea,all_opencv_cases,p006_loss_small_opencv_telea_error_maps.png,D:\Masters\FH\Thesis\painting-restoration-eval\outputs\figures\error_maps\opencv_telea\all_cases\all_opencv_cases\p006_loss_small_opencv_telea_error_maps.png,589824,22150,8.362913131713867,0.12566345930099487,8.237249374389648,255.0,134.6666717529297,-39.00000762939453,255.0,222.69287109375,3.346245050430298,219.34661865234375,13,22137,0,0.05869074492099323,99.941309255079,ok,
p006_mixed_damage,p006,portrait_figure,Boy with a Sword,p006_mixed_damage,mixed_damage,opencv_telea,all_opencv_cases,p006_mixed_damage_opencv_telea_error_maps.png,D:\Masters\FH\Thesis\painting-restoration-eval\outputs\figures\error_maps\opencv_telea\all_cases\all_opencv_cases\p006_mixed_damage_opencv_telea_error_maps.png,589824,44236,17.033329010009766,0.4039040803909302,16.629423141479492,255.0,155.0,-58.0,255.0,227.11512756347656,5.385485649108887,221.72962951660156,10,44226,0,0.02260602224432589,99.97739397775567,ok,
p006_scratch_thin,p006,portrait_figure,Boy with a Sword,p006_scratch_thin,scratch_thin,opencv_telea,all_opencv_cases,p006_scratch_thin_opencv_telea_error_maps.png,D:\Masters\FH\Thesis\painting-restoration-eval\outputs\figures\error_maps\opencv_telea\all_cases\all_opencv_cases\p006_scratch_thin_opencv_telea_error_maps.png,589824,13053,4.960737228393555,0.07977069169282913,4.880967140197754,255.0,97.0,0.0,255.0,224.1601104736328,3.604586124420166,220.55552673339844,0,13053,0,0.0,100.0,ok,
p006_zero_control,p006,portrait_figure,Boy with a Sword,p006_zero_control,zero_control,opencv_telea,all_opencv_cases,p006_zero_control_opencv_telea_error_maps.png,D:\Masters\FH\Thesis\painting-restoration-eval\outputs\figures\error_maps\opencv_telea\all_cases\all_opencv_cases\p006_zero_control_opencv_telea_error_maps.png,589824,0,0.0,0.0,0.0,0.0,0.0,0.0,0.0,,,,0,0,0,,,ok,
p007_loss_large,p007,portrait_figure,Princesse de Broglie,p007_loss_large,loss_large,opencv_telea,all_opencv_cases,p007_loss_large_opencv_telea_error_maps.png,D:\Masters\FH\Thesis\painting-restoration-eval\outputs\figures\error_maps\opencv_telea\all_cases\all_opencv_cases\p007_loss_large_opencv_telea_error_maps.png,589824,47676,13.60853385925293,2.073509454727173,11.53502368927002,244.6666717529297,107.0,-26.333328247070312,241.6666717529297,168.3580780029297,25.652441024780273,142.7056427001953,64,47605,7,0.13423944961825657,99.85107811057975,ok,
p007_loss_small,p007,portrait_figure,Princesse de Broglie,p007_loss_small,loss_small,opencv_telea,all_opencv_cases,p007_loss_small_opencv_telea_error_maps.png,D:\Masters\FH\Thesis\painting-restoration-eval\outputs\figures\error_maps\opencv_telea\all_cases\all_opencv_cases\p007_loss_small_opencv_telea_error_maps.png,589824,23575,6.71978759765625,0.6154610514640808,6.104326248168945,239.3333282470703,95.66666412353516,0.0,232.0,168.12265014648438,15.398247718811035,152.72442626953125,0,23575,0,0.0,100.0,ok,
p007_mixed_damage,p007,portrait_figure,Princesse de Broglie,p007_mixed_damage,mixed_damage,opencv_telea,all_opencv_cases,p007_mixed_damage_opencv_telea_error_maps.png,D:\Masters\FH\Thesis\painting-restoration-eval\outputs\figures\error_maps\opencv_telea\all_cases\all_opencv_cases\p007_mixed_damage_opencv_telea_error_maps.png,589824,42099,12.161702156066895,1.8880577087402344,10.27364444732666,255.0,152.3333282470703,-70.66666412353516,255.0,170.39036560058594,26.45244789123535,143.9379119873047,161,41934,4,0.38243188674315304,99.60806669992162,ok,
p007_scratch_thin,p007,portrait_figure,Princesse de Broglie,p007_scratch_thin,scratch_thin,opencv_telea,all_opencv_cases,p007_scratch_thin_opencv_telea_error_maps.png,D:\Masters\FH\Thesis\painting-restoration-eval\outputs\figures\error_maps\opencv_telea\all_cases\all_opencv_cases\p007_scratch_thin_opencv_telea_error_maps.png,589824,10363,3.263810157775879,0.12770871818065643,3.136101722717285,255.0,87.33333587646484,0.0,255.0,185.7641143798828,7.268712043762207,178.49542236328125,0,10363,0,0.0,100.0,ok,
p007_zero_control,p007,portrait_figure,Princesse de Broglie,p007_zero_control,zero_control,opencv_telea,all_opencv_cases,p007_zero_control_opencv_telea_error_maps.png,D:\Masters\FH\Thesis\painting-restoration-eval\outputs\figures\error_maps\opencv_telea\all_cases\all_opencv_cases\p007_zero_control_opencv_telea_error_maps.png,589824,0,0.0,0.0,0.0,0.0,0.0,0.0,0.0,,,,0,0,0,,,ok,
p008_loss_large,p008,portrait_figure,Manuel Osorio Manrique de Zuñiga,p008_loss_large,loss_large,opencv_telea,all_opencv_cases,p008_loss_large_opencv_telea_error_maps.png,D:\Masters\FH\Thesis\painting-restoration-eval\outputs\figures\error_maps\opencv_telea\all_cases\all_opencv_cases\p008_loss_large_opencv_telea_error_maps.png,589824,48511,16.91254425048828,1.7329134941101074,15.179631233215332,243.6666717529297,86.0,0.0,240.0,205.6322021484375,21.06973648071289,184.56246948242188,0,48511,0,0.0,100.0,ok,
p008_loss_small,p008,portrait_figure,Manuel Osorio Manrique de Zuñiga,p008_loss_small,loss_small,opencv_telea,all_opencv_cases,p008_loss_small_opencv_telea_error_maps.png,D:\Masters\FH\Thesis\painting-restoration-eval\outputs\figures\error_maps\opencv_telea\all_cases\all_opencv_cases\p008_loss_small_opencv_telea_error_maps.png,589824,23310,6.781615734100342,0.4912855327129364,6.290329933166504,241.0,112.0,0.0,232.33334350585938,171.5984344482422,12.431231498718262,159.16720581054688,0,23310,0,0.0,100.0,ok,
p008_mixed_damage,p008,portrait_figure,Manuel Osorio Manrique de Zuñiga,p008_mixed_damage,mixed_damage,opencv_telea,all_opencv_cases,p008_mixed_damage_opencv_telea_error_maps.png,D:\Masters\FH\Thesis\painting-restoration-eval\outputs\figures\error_maps\opencv_telea\all_cases\all_opencv_cases\p008_mixed_damage_opencv_telea_error_maps.png,589824,38912,11.774823188781738,0.46630069613456726,11.308521270751953,255.0,82.66666412353516,0.0,236.6666717529297,178.4815216064453,7.068136692047119,171.41339111328125,0,38912,0,0.0,100.0,ok,
p008_scratch_thin,p008,portrait_figure,Manuel Osorio Manrique de Zuñiga,p008_scratch_thin,scratch_thin,opencv_telea,all_opencv_cases,p008_scratch_thin_opencv_telea_error_maps.png,D:\Masters\FH\Thesis\painting-restoration-eval\outputs\figures\error_maps\opencv_telea\all_cases\all_opencv_cases\p008_scratch_thin_opencv_telea_error_maps.png,589824,8622,2.878142833709717,0.1230807825922966,2.7550621032714844,255.0,93.0,0.0,252.66665649414062,196.8914031982422,8.419856071472168,188.47154235839844,0,8622,0,0.0,100.0,ok,
p008_zero_control,p008,portrait_figure,Manuel Osorio Manrique de Zuñiga,p008_zero_control,zero_control,opencv_telea,all_opencv_cases,p008_zero_control_opencv_telea_error_maps.png,D:\Masters\FH\Thesis\painting-restoration-eval\outputs\figures\error_maps\opencv_telea\all_cases\all_opencv_cases\p008_zero_control_opencv_telea_error_maps.png,589824,0,0.0,0.0,0.0,0.0,0.0,0.0,0.0,,,,0,0,0,,,ok,
p009_loss_large,p009,portrait_figure,Madame Roulin and Her Baby,p009_loss_large,loss_large,opencv_telea,all_opencv_cases,p009_loss_large_opencv_telea_error_maps.png,D:\Masters\FH\Thesis\painting-restoration-eval\outputs\figures\error_maps\opencv_telea\all_cases\all_opencv_cases\p009_loss_large_opencv_telea_error_maps.png,589824,58251,11.853754997253418,2.56782865524292,9.28592586517334,255.0,207.3333282470703,-89.33333587646484,230.33334350585938,120.0259017944336,26.000703811645508,94.02519989013672,2577,55646,28,4.423958386980481,95.52797376869067,ok,
p009_loss_small,p009,portrait_figure,Madame Roulin and Her Baby,p009_loss_small,loss_small,opencv_telea,all_opencv_cases,p009_loss_small_opencv_telea_error_maps.png,D:\Masters\FH\Thesis\painting-restoration-eval\outputs\figures\error_maps\opencv_telea\all_cases\all_opencv_cases\p009_loss_small_opencv_telea_error_maps.png,589824,20955,4.859646320343018,0.4710721969604492,4.388574600219727,245.0,133.0,-60.99999237060547,226.6666717529297,136.78530883789062,13.259350776672363,123.52596282958984,119,20836,0,0.5678835600095442,99.43211643999047,ok,
p009_mixed_damage,p009,portrait_figure,Madame Roulin and Her Baby,p009_mixed_damage,mixed_damage,opencv_telea,all_opencv_cases,p009_mixed_damage_opencv_telea_error_maps.png,D:\Masters\FH\Thesis\painting-restoration-eval\outputs\figures\error_maps\opencv_telea\all_cases\all_opencv_cases\p009_mixed_damage_opencv_telea_error_maps.png,589824,47792,12.36821174621582,1.56821870803833,10.799992561340332,255.0,146.0,-58.666664123535156,229.6666717529297,152.64202880859375,19.35413932800293,133.2878875732422,140,47651,1,0.2929360562437228,99.70497154335453,ok,
p009_scratch_thin,p009,portrait_figure,Madame Roulin and Her Baby,p009_scratch_thin,scratch_thin,opencv_telea,all_opencv_cases,p009_scratch_thin_opencv_telea_error_maps.png,D:\Masters\FH\Thesis\painting-restoration-eval\outputs\figures\error_maps\opencv_telea\all_cases\all_opencv_cases\p009_scratch_thin_opencv_telea_error_maps.png,589824,9528,2.0535800457000732,0.2275272011756897,1.8260527849197388,255.0,118.66666412353516,-31.666667938232422,242.66665649414062,127.12539672851562,14.084907531738281,113.04048919677734,22,9505,1,0.23089840470193115,99.75860621326616,ok,
p009_zero_control,p009,portrait_figure,Madame Roulin and Her Baby,p009_zero_control,zero_control,opencv_telea,all_opencv_cases,p009_zero_control_opencv_telea_error_maps.png,D:\Masters\FH\Thesis\painting-restoration-eval\outputs\figures\error_maps\opencv_telea\all_cases\all_opencv_cases\p009_zero_control_opencv_telea_error_maps.png,589824,0,0.0,0.0,0.0,0.0,0.0,0.0,0.0,,,,0,0,0,,,ok,
p010_loss_large,p010,portrait_figure,Joan of Arc,p010_loss_large,loss_large,opencv_telea,all_opencv_cases,p010_loss_large_opencv_telea_error_maps.png,D:\Masters\FH\Thesis\painting-restoration-eval\outputs\figures\error_maps\opencv_telea\all_cases\all_opencv_cases\p010_loss_large_opencv_telea_error_maps.png,589824,92273,30.44405746459961,2.4856584072113037,27.958398818969727,245.6666717529297,119.66666412353516,-47.66667175292969,236.6666717529297,194.60336303710938,15.888731956481934,178.7146453857422,28,92245,0,0.03034473789732641,99.96965526210268,ok,
p010_loss_small,p010,portrait_figure,Joan of Arc,p010_loss_small,loss_small,opencv_telea,all_opencv_cases,p010_loss_small_opencv_telea_error_maps.png,D:\Masters\FH\Thesis\painting-restoration-eval\outputs\figures\error_maps\opencv_telea\all_cases\all_opencv_cases\p010_loss_small_opencv_telea_error_maps.png,589824,19716,6.950364112854004,0.40589624643325806,6.544467926025391,246.0,82.66666412353516,0.0,235.33334350585938,207.92713928222656,12.142794609069824,195.78436279296875,0,19716,0,0.0,100.0,ok,
p010_mixed_damage,p010,portrait_figure,Joan of Arc,p010_mixed_damage,mixed_damage,opencv_telea,all_opencv_cases,p010_mixed_damage_opencv_telea_error_maps.png,D:\Masters\FH\Thesis\painting-restoration-eval\outputs\figures\error_maps\opencv_telea\all_cases\all_opencv_cases\p010_mixed_damage_opencv_telea_error_maps.png,589824,48195,16.249557495117188,1.1532396078109741,15.096317291259766,255.0,172.3333282470703,-89.66666412353516,255.0,198.8666534423828,14.11367130279541,184.7529754638672,56,48137,2,0.11619462599854757,99.87965556593008,ok,
p010_scratch_thin,p010,portrait_figure,Joan of Arc,p010_scratch_thin,scratch_thin,opencv_telea,all_opencv_cases,p010_scratch_thin_opencv_telea_error_maps.png,D:\Masters\FH\Thesis\painting-restoration-eval\outputs\figures\error_maps\opencv_telea\all_cases\all_opencv_cases\p010_scratch_thin_opencv_telea_error_maps.png,589824,10545,3.6652348041534424,0.1236962229013443,3.541538953781128,255.0,95.33333587646484,0.0,255.0,205.01123046875,6.918824195861816,198.09242248535156,0,10545,0,0.0,100.0,ok,
p010_zero_control,p010,portrait_figure,Joan of Arc,p010_zero_control,zero_control,opencv_telea,all_opencv_cases,p010_zero_control_opencv_telea_error_maps.png,D:\Masters\FH\Thesis\painting-restoration-eval\outputs\figures\error_maps\opencv_telea\all_cases\all_opencv_cases\p010_zero_control_opencv_telea_error_maps.png,589824,0,0.0,0.0,0.0,0.0,0.0,0.0,0.0,,,,0,0,0,,,ok,
p011_loss_large,p011,landscape_natural,View of Haarlem and the Haarlemmer Meer,p011_loss_large,loss_large,opencv_telea,all_opencv_cases,p011_loss_large_opencv_telea_error_maps.png,D:\Masters\FH\Thesis\painting-restoration-eval\outputs\figures\error_maps\opencv_telea\all_cases\all_opencv_cases\p011_loss_large_opencv_telea_error_maps.png,589824,49885,11.684001922607422,1.0527806282043457,10.631221771240234,175.0,64.66666412353516,0.0,153.3333282470703,138.14785766601562,12.447735786437988,125.70011138916016,0,49885,0,0.0,100.0,ok,
p011_loss_small,p011,landscape_natural,View of Haarlem and the Haarlemmer Meer,p011_loss_small,loss_small,opencv_telea,all_opencv_cases,p011_loss_small_opencv_telea_error_maps.png,D:\Masters\FH\Thesis\painting-restoration-eval\outputs\figures\error_maps\opencv_telea\all_cases\all_opencv_cases\p011_loss_small_opencv_telea_error_maps.png,589824,24080,6.062037944793701,0.33815112709999084,5.723886489868164,231.6666717529297,104.0,0.0,219.6666717529297,148.48568725585938,8.282793998718262,140.202880859375,0,24080,0,0.0,100.0,ok,
p011_mixed_damage,p011,landscape_natural,View of Haarlem and the Haarlemmer Meer,p011_mixed_damage,mixed_damage,opencv_telea,all_opencv_cases,p011_mixed_damage_opencv_telea_error_maps.png,D:\Masters\FH\Thesis\painting-restoration-eval\outputs\figures\error_maps\opencv_telea\all_cases\all_opencv_cases\p011_mixed_damage_opencv_telea_error_maps.png,589824,44361,11.319889068603516,0.8116285800933838,10.508259773254395,255.0,120.33333587646484,0.0,253.0,150.50927734375,10.79141616821289,139.71786499023438,0,44361,0,0.0,100.0,ok,
p011_scratch_thin,p011,landscape_natural,View of Haarlem and the Haarlemmer Meer,p011_scratch_thin,scratch_thin,opencv_telea,all_opencv_cases,p011_scratch_thin_opencv_telea_error_maps.png,D:\Masters\FH\Thesis\painting-restoration-eval\outputs\figures\error_maps\opencv_telea\all_cases\all_opencv_cases\p011_scratch_thin_opencv_telea_error_maps.png,589824,10323,2.82080078125,0.1891784518957138,2.631622314453125,255.0,155.6666717529297,0.0,253.0,161.1717529296875,10.809066772460938,150.36268615722656,0,10323,0,0.0,100.0,ok,
p011_zero_control,p011,landscape_natural,View of Haarlem and the Haarlemmer Meer,p011_zero_control,zero_control,opencv_telea,all_opencv_cases,p011_zero_control_opencv_telea_error_maps.png,D:\Masters\FH\Thesis\painting-restoration-eval\outputs\figures\error_maps\opencv_telea\all_cases\all_opencv_cases\p011_zero_control_opencv_telea_error_maps.png,589824,0,0.0,0.0,0.0,0.0,0.0,0.0,0.0,,,,0,0,0,,,ok,
p012_loss_large,p012,landscape_natural,An Extensive Wooded Landscape,p012_loss_large,loss_large,opencv_telea,all_opencv_cases,p012_loss_large_opencv_telea_error_maps.png,D:\Masters\FH\Thesis\painting-restoration-eval\outputs\figures\error_maps\opencv_telea\all_cases\all_opencv_cases\p012_loss_large_opencv_telea_error_maps.png,589824,45575,8.87260627746582,1.6602697372436523,7.21233606338501,235.3333282470703,125.0,-70.66667175292969,222.3333282470703,114.8277816772461,21.4869327545166,93.3408432006836,1681,43872,22,3.6884256719692816,96.26330224904004,ok,
p012_loss_small,p012,landscape_natural,An Extensive Wooded Landscape,p012_loss_small,loss_small,opencv_telea,all_opencv_cases,p012_loss_small_opencv_telea_error_maps.png,D:\Masters\FH\Thesis\painting-restoration-eval\outputs\figures\error_maps\opencv_telea\all_cases\all_opencv_cases\p012_loss_small_opencv_telea_error_maps.png,589824,20574,4.304967880249023,0.31384217739105225,3.99112606048584,235.3333282470703,132.3333282470703,-44.666664123535156,226.3333282470703,123.41661834716797,8.997359275817871,114.41926574707031,3,20571,0,0.014581510644502771,99.9854184893555,ok,
p012_mixed_damage,p012,landscape_natural,An Extensive Wooded Landscape,p012_mixed_damage,mixed_damage,opencv_telea,all_opencv_cases,p012_mixed_damage_opencv_telea_error_maps.png,D:\Masters\FH\Thesis\painting-restoration-eval\outputs\figures\error_maps\opencv_telea\all_cases\all_opencv_cases\p012_mixed_damage_opencv_telea_error_maps.png,589824,42618,8.750107765197754,1.133286714553833,7.6168212890625,255.0,205.3333282470703,-172.33334350585938,253.0,121.09961700439453,15.68444538116455,105.41516876220703,196,42418,4,0.4598995729503966,99.53071472147919,ok,
p012_scratch_thin,p012,landscape_natural,An Extensive Wooded Landscape,p012_scratch_thin,scratch_thin,opencv_telea,all_opencv_cases,p012_scratch_thin_opencv_telea_error_maps.png,D:\Masters\FH\Thesis\painting-restoration-eval\outputs\figures\error_maps\opencv_telea\all_cases\all_opencv_cases\p012_scratch_thin_opencv_telea_error_maps.png,589824,12296,3.1292409896850586,0.3734956383705139,2.7557451725006104,255.0,194.0,-179.6666717529297,254.6666717529297,150.10581970214844,17.91612434387207,132.18971252441406,69,12226,1,0.5611581001951854,99.43070917371503,ok,
p012_zero_control,p012,landscape_natural,An Extensive Wooded Landscape,p012_zero_control,zero_control,opencv_telea,all_opencv_cases,p012_zero_control_opencv_telea_error_maps.png,D:\Masters\FH\Thesis\painting-restoration-eval\outputs\figures\error_maps\opencv_telea\all_cases\all_opencv_cases\p012_zero_control_opencv_telea_error_maps.png,589824,0,0.0,0.0,0.0,0.0,0.0,0.0,0.0,,,,0,0,0,,,ok,
p013_loss_large,p013,landscape_natural,Landscape with a Village in the Distance,p013_loss_large,loss_large,opencv_telea,all_opencv_cases,p013_loss_large_opencv_telea_error_maps.png,D:\Masters\FH\Thesis\painting-restoration-eval\outputs\figures\error_maps\opencv_telea\all_cases\all_opencv_cases\p013_loss_large_opencv_telea_error_maps.png,589824,44375,15.96738338470459,1.886505126953125,14.080877304077148,245.6666717529297,153.0,-83.33333587646484,236.3333282470703,212.2353973388672,25.07506561279297,187.16033935546875,253,44121,1,0.5701408450704225,99.42760563380281,ok,
p013_loss_small,p013,landscape_natural,Landscape with a Village in the Distance,p013_loss_small,loss_small,opencv_telea,all_opencv_cases,p013_loss_small_opencv_telea_error_maps.png,D:\Masters\FH\Thesis\painting-restoration-eval\outputs\figures\error_maps\opencv_telea\all_cases\all_opencv_cases\p013_loss_small_opencv_telea_error_maps.png,589824,17893,4.996642589569092,0.3505147397518158,4.646127700805664,247.0,102.33333587646484,-0.6666717529296875,236.6666717529297,164.70907592773438,11.554350852966309,153.15472412109375,1,17892,0,0.005588777734309507,99.99441122226568,ok,
p013_mixed_damage,p013,landscape_natural,Landscape with a Village in the Distance,p013_mixed_damage,mixed_damage,opencv_telea,all_opencv_cases,p013_mixed_damage_opencv_telea_error_maps.png,D:\Masters\FH\Thesis\painting-restoration-eval\outputs\figures\error_maps\opencv_telea\all_cases\all_opencv_cases\p013_mixed_damage_opencv_telea_error_maps.png,589824,42332,13.866586685180664,1.1012877225875854,12.765298843383789,255.0,141.0,-30.333335876464844,255.0,193.2071533203125,15.344561576843262,177.8625946044922,44,42287,1,0.10394028158367191,99.89369743928943,ok,
p013_scratch_thin,p013,landscape_natural,Landscape with a Village in the Distance,p013_scratch_thin,scratch_thin,opencv_telea,all_opencv_cases,p013_scratch_thin_opencv_telea_error_maps.png,D:\Masters\FH\Thesis\painting-restoration-eval\outputs\figures\error_maps\opencv_telea\all_cases\all_opencv_cases\p013_scratch_thin_opencv_telea_error_maps.png,589824,7041,2.322537899017334,0.13344942033290863,2.1890885829925537,255.0,135.6666717529297,0.0,255.0,194.55882263183594,11.179046630859375,183.37977600097656,0,7041,0,0.0,100.0,ok,
p013_zero_control,p013,landscape_natural,Landscape with a Village in the Distance,p013_zero_control,zero_control,opencv_telea,all_opencv_cases,p013_zero_control_opencv_telea_error_maps.png,D:\Masters\FH\Thesis\painting-restoration-eval\outputs\figures\error_maps\opencv_telea\all_cases\all_opencv_cases\p013_zero_control_opencv_telea_error_maps.png,589824,0,0.0,0.0,0.0,0.0,0.0,0.0,0.0,,,,0,0,0,,,ok,
p014_loss_large,p014,landscape_natural,Landscape on a River,p014_loss_large,loss_large,opencv_telea,all_opencv_cases,p014_loss_large_opencv_telea_error_maps.png,D:\Masters\FH\Thesis\painting-restoration-eval\outputs\figures\error_maps\opencv_telea\all_cases\all_opencv_cases\p014_loss_large_opencv_telea_error_maps.png,589824,57683,15.8592529296875,2.2345025539398193,13.624751091003418,242.3333282470703,125.0,0.0,228.0,162.16506958007812,22.8483829498291,139.3166961669922,0,57683,0,0.0,100.0,ok,
p014_loss_small,p014,landscape_natural,Landscape on a River,p014_loss_small,loss_small,opencv_telea,all_opencv_cases,p014_loss_small_opencv_telea_error_maps.png,D:\Masters\FH\Thesis\painting-restoration-eval\outputs\figures\error_maps\opencv_telea\all_cases\all_opencv_cases\p014_loss_small_opencv_telea_error_maps.png,589824,18677,4.77017879486084,0.22682923078536987,4.5433502197265625,236.0,69.66666412353516,0.0,229.3333282470703,150.6433868408203,7.163320064544678,143.4800567626953,0,18677,0,0.0,100.0,ok,
p014_mixed_damage,p014,landscape_natural,Landscape on a River,p014_mixed_damage,mixed_damage,opencv_telea,all_opencv_cases,p014_mixed_damage_opencv_telea_error_maps.png,D:\Masters\FH\Thesis\painting-restoration-eval\outputs\figures\error_maps\opencv_telea\all_cases\all_opencv_cases\p014_mixed_damage_opencv_telea_error_maps.png,589824,45810,11.673506736755371,0.9579196572303772,10.715587615966797,255.0,110.66666412353516,0.0,255.0,150.30154418945312,12.333639144897461,137.96792602539062,0,45810,0,0.0,100.0,ok,
p014_scratch_thin,p014,landscape_natural,Landscape on a River,p014_scratch_thin,scratch_thin,opencv_telea,all_opencv_cases,p014_scratch_thin_opencv_telea_error_maps.png,D:\Masters\FH\Thesis\painting-restoration-eval\outputs\figures\error_maps\opencv_telea\all_cases\all_opencv_cases\p014_scratch_thin_opencv_telea_error_maps.png,589824,8107,2.654448986053467,0.1416676938533783,2.5127811431884766,255.0,98.0,0.0,255.0,193.12417602539062,10.307018280029297,182.81716918945312,0,8107,0,0.0,100.0,ok,
p014_zero_control,p014,landscape_natural,Landscape on a River,p014_zero_control,zero_control,opencv_telea,all_opencv_cases,p014_zero_control_opencv_telea_error_maps.png,D:\Masters\FH\Thesis\painting-restoration-eval\outputs\figures\error_maps\opencv_telea\all_cases\all_opencv_cases\p014_zero_control_opencv_telea_error_maps.png,589824,0,0.0,0.0,0.0,0.0,0.0,0.0,0.0,,,,0,0,0,,,ok,
p015_loss_large,p015,landscape_natural,Landscape,p015_loss_large,loss_large,opencv_telea,all_opencv_cases,p015_loss_large_opencv_telea_error_maps.png,D:\Masters\FH\Thesis\painting-restoration-eval\outputs\figures\error_maps\opencv_telea\all_cases\all_opencv_cases\p015_loss_large_opencv_telea_error_maps.png,589824,53971,13.080665588378906,1.856812596321106,11.22385311126709,218.6666717529297,123.0,-65.33332824707031,193.6666717529297,142.9525146484375,20.2922420501709,122.6602783203125,539,53425,7,0.998684478701525,98.98834559300364,ok,
p015_loss_small,p015,landscape_natural,Landscape,p015_loss_small,loss_small,opencv_telea,all_opencv_cases,p015_loss_small_opencv_telea_error_maps.png,D:\Masters\FH\Thesis\painting-restoration-eval\outputs\figures\error_maps\opencv_telea\all_cases\all_opencv_cases\p015_loss_small_opencv_telea_error_maps.png,589824,15734,3.3079824447631836,0.314544677734375,2.9934375286102295,208.0,115.33333587646484,-72.33332824707031,190.6666717529297,124.007080078125,11.791407585144043,112.21566772460938,45,15688,1,0.2860048303038007,99.70763950680056,ok,
p015_mixed_damage,p015,landscape_natural,Landscape,p015_mixed_damage,mixed_damage,opencv_telea,all_opencv_cases,p015_mixed_damage_opencv_telea_error_maps.png,D:\Masters\FH\Thesis\painting-restoration-eval\outputs\figures\error_maps\opencv_telea\all_cases\all_opencv_cases\p015_mixed_damage_opencv_telea_error_maps.png,589824,45768,9.125581741333008,1.702023983001709,7.423556804656982,218.6666717529297,158.0,-69.0,189.0,117.60372161865234,21.934425354003906,95.6692886352539,2232,43514,22,4.876769795490299,95.0751616850201,ok,
p015_scratch_thin,p015,landscape_natural,Landscape,p015_scratch_thin,scratch_thin,opencv_telea,all_opencv_cases,p015_scratch_thin_opencv_telea_error_maps.png,D:\Masters\FH\Thesis\painting-restoration-eval\outputs\figures\error_maps\opencv_telea\all_cases\all_opencv_cases\p015_scratch_thin_opencv_telea_error_maps.png,589824,8234,1.4021097421646118,0.12422067672014236,1.2778890132904053,200.3333282470703,90.0,-28.66666603088379,184.3333282470703,100.43696594238281,8.898266792297363,91.5386962890625,109,8122,3,1.3237794510565946,98.63978625212533,ok,
p015_zero_control,p015,landscape_natural,Landscape,p015_zero_control,zero_control,opencv_telea,all_opencv_cases,p015_zero_control_opencv_telea_error_maps.png,D:\Masters\FH\Thesis\painting-restoration-eval\outputs\figures\error_maps\opencv_telea\all_cases\all_opencv_cases\p015_zero_control_opencv_telea_error_maps.png,589824,0,0.0,0.0,0.0,0.0,0.0,0.0,0.0,,,,0,0,0,,,ok,
p016_loss_large,p016,landscape_natural,Wooded Landscape with a House beside a River,p016_loss_large,loss_large,opencv_telea,all_opencv_cases,p016_loss_large_opencv_telea_error_maps.png,D:\Masters\FH\Thesis\painting-restoration-eval\outputs\figures\error_maps\opencv_telea\all_cases\all_opencv_cases\p016_loss_large_opencv_telea_error_maps.png,589824,47151,8.411846160888672,2.42818021774292,5.98366641998291,199.6666717529297,148.0,-73.33332824707031,184.66665649414062,105.2259521484375,30.374732971191406,74.8512191772461,1621,45503,27,3.43789103094314,96.5048461326377,ok,
p016_loss_small,p016,landscape_natural,Wooded Landscape with a House beside a River,p016_loss_small,loss_small,opencv_telea,all_opencv_cases,p016_loss_small_opencv_telea_error_maps.png,D:\Masters\FH\Thesis\painting-restoration-eval\outputs\figures\error_maps\opencv_telea\all_cases\all_opencv_cases\p016_loss_small_opencv_telea_error_maps.png,589824,20307,4.1200032234191895,0.7834619283676147,3.336541175842285,199.3333282470703,146.3333282470703,-36.333335876464844,179.0,119.66693878173828,22.755929946899414,96.91101837158203,185,20114,8,0.9110159058452751,99.0495888117398,ok,
p016_mixed_damage,p016,landscape_natural,Wooded Landscape with a House beside a River,p016_mixed_damage,mixed_damage,opencv_telea,all_opencv_cases,p016_mixed_damage_opencv_telea_error_maps.png,D:\Masters\FH\Thesis\painting-restoration-eval\outputs\figures\error_maps\opencv_telea\all_cases\all_opencv_cases\p016_mixed_damage_opencv_telea_error_maps.png,589824,46836,7.90816068649292,1.723574161529541,6.184586048126221,199.3333282470703,127.33333587646484,-83.66667175292969,183.0,99.5905532836914,21.70564079284668,77.8849105834961,2668,44125,43,5.696472798701854,94.21171748227859,ok,
p016_scratch_thin,p016,landscape_natural,Wooded Landscape with a House beside a River,p016_scratch_thin,scratch_thin,opencv_telea,all_opencv_cases,p016_scratch_thin_opencv_telea_error_maps.png,D:\Masters\FH\Thesis\painting-restoration-eval\outputs\figures\error_maps\opencv_telea\all_cases\all_opencv_cases\p016_scratch_thin_opencv_telea_error_maps.png,589824,5937,0.8965669274330139,0.20217670500278473,0.6943901777267456,197.6666717529297,98.33333587646484,-69.66666412353516,183.0,89.07136535644531,20.085676193237305,68.98567962646484,913,5023,1,15.378137106282635,84.60501937005222,ok,
p016_zero_control,p016,landscape_natural,Wooded Landscape with a House beside a River,p016_zero_control,zero_control,opencv_telea,all_opencv_cases,p016_zero_control_opencv_telea_error_maps.png,D:\Masters\FH\Thesis\painting-restoration-eval\outputs\figures\error_maps\opencv_telea\all_cases\all_opencv_cases\p016_zero_control_opencv_telea_error_maps.png,589824,0,0.0,0.0,0.0,0.0,0.0,0.0,0.0,,,,0,0,0,,,ok,
p017_loss_large,p017,landscape_natural,Picturesque Landscape,p017_loss_large,loss_large,opencv_telea,all_opencv_cases,p017_loss_large_opencv_telea_error_maps.png,D:\Masters\FH\Thesis\painting-restoration-eval\outputs\figures\error_maps\opencv_telea\all_cases\all_opencv_cases\p017_loss_large_opencv_telea_error_maps.png,589824,45832,7.30393648147583,2.311599016189575,4.992337226867676,186.6666717529297,128.0,-86.33333587646484,178.6666717529297,93.99626922607422,29.748577117919922,64.24769592285156,2267,43531,34,4.94632571129342,94.97949031244546,ok,
p017_loss_small,p017,landscape_natural,Picturesque Landscape,p017_loss_small,loss_small,opencv_telea,all_opencv_cases,p017_loss_small_opencv_telea_error_maps.png,D:\Masters\FH\Thesis\painting-restoration-eval\outputs\figures\error_maps\opencv_telea\all_cases\all_opencv_cases\p017_loss_small_opencv_telea_error_maps.png,589824,20288,3.2518157958984375,0.8759008646011353,2.375915050506592,188.3333282470703,129.0,-88.0,171.3333282470703,94.5385971069336,25.46467399597168,69.07392120361328,453,19825,10,2.232847003154574,97.71786277602523,ok,
p017_mixed_damage,p017,landscape_natural,Picturesque Landscape,p017_mixed_damage,mixed_damage,opencv_telea,all_opencv_cases,p017_mixed_damage_opencv_telea_error_maps.png,D:\Masters\FH\Thesis\painting-restoration-eval\outputs\figures\error_maps\opencv_telea\all_cases\all_opencv_cases\p017_mixed_damage_opencv_telea_error_maps.png,589824,39263,6.47307014465332,1.592202067375183,4.880868434906006,188.6666717529297,128.6666717529297,-91.0,180.6666717529297,97.24097442626953,23.918676376342773,73.32229614257812,1978,37270,15,5.037821867916358,94.92397422509742,ok,
p017_scratch_thin,p017,landscape_natural,Picturesque Landscape,p017_scratch_thin,scratch_thin,opencv_telea,all_opencv_cases,p017_scratch_thin_opencv_telea_error_maps.png,D:\Masters\FH\Thesis\painting-restoration-eval\outputs\figures\error_maps\opencv_telea\all_cases\all_opencv_cases\p017_scratch_thin_opencv_telea_error_maps.png,589824,5790,0.9867989420890808,0.1453993022441864,0.8413995504379272,192.0,116.33333587646484,-84.33333587646484,184.0,100.52464294433594,14.811744689941406,85.712890625,257,5525,8,4.438687392055267,95.42314335060449,ok,
p017_zero_control,p017,landscape_natural,Picturesque Landscape,p017_zero_control,zero_control,opencv_telea,all_opencv_cases,p017_zero_control_opencv_telea_error_maps.png,D:\Masters\FH\Thesis\painting-restoration-eval\outputs\figures\error_maps\opencv_telea\all_cases\all_opencv_cases\p017_zero_control_opencv_telea_error_maps.png,589824,0,0.0,0.0,0.0,0.0,0.0,0.0,0.0,,,,0,0,0,,,ok,
p018_loss_large,p018,landscape_natural,Classical Landscape with Figures,p018_loss_large,loss_large,opencv_telea,all_opencv_cases,p018_loss_large_opencv_telea_error_maps.png,D:\Masters\FH\Thesis\painting-restoration-eval\outputs\figures\error_maps\opencv_telea\all_cases\all_opencv_cases\p018_loss_large_opencv_telea_error_maps.png,589824,55845,12.94268798828125,2.533511161804199,10.409177780151367,226.0,132.0,-39.0,214.33334350585938,136.6981658935547,26.75844955444336,109.93970489501953,849,54992,4,1.5202793446145582,98.47255797296087,ok,
p018_loss_small,p018,landscape_natural,Classical Landscape with Figures,p018_loss_small,loss_small,opencv_telea,all_opencv_cases,p018_loss_small_opencv_telea_error_maps.png,D:\Masters\FH\Thesis\painting-restoration-eval\outputs\figures\error_maps\opencv_telea\all_cases\all_opencv_cases\p018_loss_small_opencv_telea_error_maps.png,589824,21734,6.32625150680542,0.44936397671699524,5.876887321472168,255.0,96.66666412353516,0.0,253.3333282470703,171.6837615966797,12.194977760314941,159.48880004882812,0,21734,0,0.0,100.0,ok,
p018_mixed_damage,p018,landscape_natural,Classical Landscape with Figures,p018_mixed_damage,mixed_damage,opencv_telea,all_opencv_cases,p018_mixed_damage_opencv_telea_error_maps.png,D:\Masters\FH\Thesis\painting-restoration-eval\outputs\figures\error_maps\opencv_telea\all_cases\all_opencv_cases\p018_mixed_damage_opencv_telea_error_maps.png,589824,44279,11.139534950256348,0.8956146240234375,10.243919372558594,255.0,138.6666717529297,-28.333335876464844,255.0,148.3855743408203,11.930147171020508,136.45542907714844,49,44227,3,0.1106619390681813,99.88256284017254,ok,
p018_scratch_thin,p018,landscape_natural,Classical Landscape with Figures,p018_scratch_thin,scratch_thin,opencv_telea,all_opencv_cases,p018_scratch_thin_opencv_telea_error_maps.png,D:\Masters\FH\Thesis\painting-restoration-eval\outputs\figures\error_maps\opencv_telea\all_cases\all_opencv_cases\p018_scratch_thin_opencv_telea_error_maps.png,589824,11250,3.704902172088623,0.1190558522939682,3.5858469009399414,255.0,95.66666412353516,0.0,255.0,194.2436065673828,6.241955757141113,188.00164794921875,0,11250,0,0.0,100.0,ok,
p018_zero_control,p018,landscape_natural,Classical Landscape with Figures,p018_zero_control,zero_control,opencv_telea,all_opencv_cases,p018_zero_control_opencv_telea_error_maps.png,D:\Masters\FH\Thesis\painting-restoration-eval\outputs\figures\error_maps\opencv_telea\all_cases\all_opencv_cases\p018_zero_control_opencv_telea_error_maps.png,589824,0,0.0,0.0,0.0,0.0,0.0,0.0,0.0,,,,0,0,0,,,ok,
p019_loss_large,p019,landscape_natural,Evening: Landscape with an Aqueduct,p019_loss_large,loss_large,opencv_telea,all_opencv_cases,p019_loss_large_opencv_telea_error_maps.png,D:\Masters\FH\Thesis\painting-restoration-eval\outputs\figures\error_maps\opencv_telea\all_cases\all_opencv_cases\p019_loss_large_opencv_telea_error_maps.png,589824,92634,23.27546501159668,5.171080589294434,18.10438346862793,242.3333282470703,200.0,-193.6666717529297,235.6666717529297,148.2007293701172,32.925575256347656,115.2751693725586,6520,86090,24,7.038452404084894,92.93563918215774,ok,
p019_loss_small,p019,landscape_natural,Evening: Landscape with an Aqueduct,p019_loss_small,loss_small,opencv_telea,all_opencv_cases,p019_loss_small_opencv_telea_error_maps.png,D:\Masters\FH\Thesis\painting-restoration-eval\outputs\figures\error_maps\opencv_telea\all_cases\all_opencv_cases\p019_loss_small_opencv_telea_error_maps.png,589824,15653,5.574728012084961,0.23287850618362427,5.341849327087402,244.3333282470703,71.33333587646484,0.0,241.3333282470703,210.0625,8.775144577026367,201.287353515625,0,15653,0,0.0,100.0,ok,
p019_mixed_damage,p019,landscape_natural,Evening: Landscape with an Aqueduct,p019_mixed_damage,mixed_damage,opencv_telea,all_opencv_cases,p019_mixed_damage_opencv_telea_error_maps.png,D:\Masters\FH\Thesis\painting-restoration-eval\outputs\figures\error_maps\opencv_telea\all_cases\all_opencv_cases\p019_mixed_damage_opencv_telea_error_maps.png,589824,41705,14.517032623291016,1.2480988502502441,13.268932342529297,255.0,185.0,-164.3333282470703,255.0,205.31097412109375,17.651567459106445,187.65939331054688,379,41322,4,0.9087639371777965,99.08164488670424,ok,
p019_scratch_thin,p019,landscape_natural,Evening: Landscape with an Aqueduct,p019_scratch_thin,scratch_thin,opencv_telea,all_opencv_cases,p019_scratch_thin_opencv_telea_error_maps.png,D:\Masters\FH\Thesis\painting-restoration-eval\outputs\figures\error_maps\opencv_telea\all_cases\all_opencv_cases\p019_scratch_thin_opencv_telea_error_maps.png,589824,10116,2.7502219676971436,0.13141490519046783,2.618807315826416,255.0,122.0,-104.0,235.6666717529297,160.35458374023438,7.662284851074219,152.69229125976562,33,10082,1,0.3262158956109134,99.66389877421906,ok,
p019_zero_control,p019,landscape_natural,Evening: Landscape with an Aqueduct,p019_zero_control,zero_control,opencv_telea,all_opencv_cases,p019_zero_control_opencv_telea_error_maps.png,D:\Masters\FH\Thesis\painting-restoration-eval\outputs\figures\error_maps\opencv_telea\all_cases\all_opencv_cases\p019_zero_control_opencv_telea_error_maps.png,589824,0,0.0,0.0,0.0,0.0,0.0,0.0,0.0,,,,0,0,0,,,ok,
p020_loss_large,p020,landscape_natural,Mediterranean landscape (recto); Mountains (verso),p020_loss_large,loss_large,opencv_telea,all_opencv_cases,p020_loss_large_opencv_telea_error_maps.png,D:\Masters\FH\Thesis\painting-restoration-eval\outputs\figures\error_maps\opencv_telea\all_cases\all_opencv_cases\p020_loss_large_opencv_telea_error_maps.png,589824,51159,6.276782512664795,2.2129907608032227,4.063791275024414,178.0,134.0,-62.666664123535156,147.6666717529297,72.3664779663086,25.514083862304688,46.85239028930664,3702,47407,50,7.236263414062042,92.6660020719717,ok,
p020_loss_small,p020,landscape_natural,Mediterranean landscape (recto); Mountains (verso),p020_loss_small,loss_small,opencv_telea,all_opencv_cases,p020_loss_small_opencv_telea_error_maps.png,D:\Masters\FH\Thesis\painting-restoration-eval\outputs\figures\error_maps\opencv_telea\all_cases\all_opencv_cases\p020_loss_small_opencv_telea_error_maps.png,589824,13227,1.3968042135238647,0.20416316390037537,1.192641019821167,178.0,103.33333587646484,-51.999996185302734,125.66666412353516,62.286888122558594,9.104131698608398,53.182762145996094,74,13145,8,0.559461707114236,99.38005594617071,ok,
p020_mixed_damage,p020,landscape_natural,Mediterranean landscape (recto); Mountains (verso),p020_mixed_damage,mixed_damage,opencv_telea,all_opencv_cases,p020_mixed_damage_opencv_telea_error_maps.png,D:\Masters\FH\Thesis\painting-restoration-eval\outputs\figures\error_maps\opencv_telea\all_cases\all_opencv_cases\p020_mixed_damage_opencv_telea_error_maps.png,589824,54098,5.755861759185791,1.100341796875,4.655519962310791,205.0,132.3333282470703,-51.33333206176758,194.6666717529297,62.755470275878906,11.996894836425781,50.758583068847656,280,53808,10,0.5175792081038115,99.4639358201782,ok,
p020_scratch_thin,p020,landscape_natural,Mediterranean landscape (recto); Mountains (verso),p020_scratch_thin,scratch_thin,opencv_telea,all_opencv_cases,p020_scratch_thin_opencv_telea_error_maps.png,D:\Masters\FH\Thesis\painting-restoration-eval\outputs\figures\error_maps\opencv_telea\all_cases\all_opencv_cases\p020_scratch_thin_opencv_telea_error_maps.png,589824,11485,1.6261484622955322,0.23638691008090973,1.3897614479064941,207.0,131.0,-34.666664123535156,193.0,83.51251983642578,12.139891624450684,71.37262725830078,60,11423,2,0.5224205485415759,99.46016543317371,ok,
p020_zero_control,p020,landscape_natural,Mediterranean landscape (recto); Mountains (verso),p020_zero_control,zero_control,opencv_telea,all_opencv_cases,p020_zero_control_opencv_telea_error_maps.png,D:\Masters\FH\Thesis\painting-restoration-eval\outputs\figures\error_maps\opencv_telea\all_cases\all_opencv_cases\p020_zero_control_opencv_telea_error_maps.png,589824,0,0.0,0.0,0.0,0.0,0.0,0.0,0.0,,,,0,0,0,,,ok,
p021_loss_large,p021,architecture_structured,Interior of the Oude Kerk in Delft,p021_loss_large,loss_large,opencv_telea,all_opencv_cases,p021_loss_large_opencv_telea_error_maps.png,D:\Masters\FH\Thesis\painting-restoration-eval\outputs\figures\error_maps\opencv_telea\all_cases\all_opencv_cases\p021_loss_large_opencv_telea_error_maps.png,589824,49986,13.213359832763672,2.273097276687622,10.940261840820312,249.3333282470703,138.0,-73.00000762939453,244.3333282470703,155.91477966308594,26.82205581665039,129.0927276611328,1036,48946,4,2.072580322490297,97.91941743688233,ok,
p021_loss_small,p021,architecture_structured,Interior of the Oude Kerk in Delft,p021_loss_small,loss_small,opencv_telea,all_opencv_cases,p021_loss_small_opencv_telea_error_maps.png,D:\Masters\FH\Thesis\painting-restoration-eval\outputs\figures\error_maps\opencv_telea\all_cases\all_opencv_cases\p021_loss_small_opencv_telea_error_maps.png,589824,17382,5.5203046798706055,0.4750235974788666,5.045281887054443,249.3333282470703,142.0,-54.333335876464844,244.0,187.32070922851562,16.11899185180664,171.2017059326172,65,17316,1,0.3739500632838569,99.62029685881947,ok,
p021_mixed_damage,p021,architecture_structured,Interior of the Oude Kerk in Delft,p021_mixed_damage,mixed_damage,opencv_telea,all_opencv_cases,p021_mixed_damage_opencv_telea_error_maps.png,D:\Masters\FH\Thesis\painting-restoration-eval\outputs\figures\error_maps\opencv_telea\all_cases\all_opencv_cases\p021_mixed_damage_opencv_telea_error_maps.png,589824,50041,12.726652145385742,1.1816061735153198,11.545047760009766,248.3333282470703,156.6666717529297,-95.33332824707031,246.0,150.00669860839844,13.927371978759766,136.07933044433594,114,49926,1,0.2278131931815911,99.7701884454747,ok,
p021_scratch_thin,p021,architecture_structured,Interior of the Oude Kerk in Delft,p021_scratch_thin,scratch_thin,opencv_telea,all_opencv_cases,p021_scratch_thin_opencv_telea_error_maps.png,D:\Masters\FH\Thesis\painting-restoration-eval\outputs\figures\error_maps\opencv_telea\all_cases\all_opencv_cases\p021_scratch_thin_opencv_telea_error_maps.png,589824,7395,2.192474842071533,0.14903540909290314,2.0434396266937256,248.3333282470703,191.0,-174.0,247.0,174.87142944335938,11.887040138244629,162.9844207763672,79,7316,0,1.068289384719405,98.9317106152806,ok,
p021_zero_control,p021,architecture_structured,Interior of the Oude Kerk in Delft,p021_zero_control,zero_control,opencv_telea,all_opencv_cases,p021_zero_control_opencv_telea_error_maps.png,D:\Masters\FH\Thesis\painting-restoration-eval\outputs\figures\error_maps\opencv_telea\all_cases\all_opencv_cases\p021_zero_control_opencv_telea_error_maps.png,589824,0,0.0,0.0,0.0,0.0,0.0,0.0,0.0,,,,0,0,0,,,ok,
p022_loss_large,p022,architecture_structured,"Interior of a Protestant, Gothic Church, with a Gravedigger in the Choir",p022_loss_large,loss_large,opencv_telea,all_opencv_cases,p022_loss_large_opencv_telea_error_maps.png,D:\Masters\FH\Thesis\painting-restoration-eval\outputs\figures\error_maps\opencv_telea\all_cases\all_opencv_cases\p022_loss_large_opencv_telea_error_maps.png,589824,72675,22.49310302734375,4.00572395324707,18.48737907409668,244.3333282470703,137.3333282470703,-14.0,232.0,182.5520782470703,32.51010513305664,150.04196166992188,15,72658,2,0.02063983488132095,99.9766081871345,ok,
p022_loss_small,p022,architecture_structured,"Interior of a Protestant, Gothic Church, with a Gravedigger in the Choir",p022_loss_small,loss_small,opencv_telea,all_opencv_cases,p022_loss_small_opencv_telea_error_maps.png,D:\Masters\FH\Thesis\painting-restoration-eval\outputs\figures\error_maps\opencv_telea\all_cases\all_opencv_cases\p022_loss_small_opencv_telea_error_maps.png,589824,24273,7.805392742156982,0.6134546995162964,7.1919379234313965,246.0,164.6666717529297,-106.66665649414062,242.6666717529297,189.66786193847656,14.906699180603027,174.7611541748047,117,24156,0,0.482017055988135,99.51798294401186,ok,
p022_mixed_damage,p022,architecture_structured,"Interior of a Protestant, Gothic Church, with a Gravedigger in the Choir",p022_mixed_damage,mixed_damage,opencv_telea,all_opencv_cases,p022_mixed_damage_opencv_telea_error_maps.png,D:\Masters\FH\Thesis\painting-restoration-eval\outputs\figures\error_maps\opencv_telea\all_cases\all_opencv_cases\p022_mixed_damage_opencv_telea_error_maps.png,589824,49658,15.572416305541992,1.770632028579712,13.80178451538086,245.3333282470703,142.3333282470703,-62.99999237060547,243.33334350585938,184.96485900878906,21.03108024597168,163.9337921142578,21,49637,0,0.042289258528333803,99.95771074147166,ok,
p022_scratch_thin,p022,architecture_structured,"Interior of a Protestant, Gothic Church, with a Gravedigger in the Choir",p022_scratch_thin,scratch_thin,opencv_telea,all_opencv_cases,p022_scratch_thin_opencv_telea_error_maps.png,D:\Masters\FH\Thesis\painting-restoration-eval\outputs\figures\error_maps\opencv_telea\all_cases\all_opencv_cases\p022_scratch_thin_opencv_telea_error_maps.png,589824,11554,3.455390453338623,0.1584184467792511,3.2969720363616943,242.3333282470703,81.66666412353516,-2.0,240.0,176.3953857421875,8.087156295776367,168.30824279785156,1,11553,0,0.008655011251514626,99.9913449887485,ok,
p022_zero_control,p022,architecture_structured,"Interior of a Protestant, Gothic Church, with a Gravedigger in the Choir",p022_zero_control,zero_control,opencv_telea,all_opencv_cases,p022_zero_control_opencv_telea_error_maps.png,D:\Masters\FH\Thesis\painting-restoration-eval\outputs\figures\error_maps\opencv_telea\all_cases\all_opencv_cases\p022_zero_control_opencv_telea_error_maps.png,589824,0,0.0,0.0,0.0,0.0,0.0,0.0,0.0,,,,0,0,0,,,ok,
p023_loss_large,p023,architecture_structured,Church Interior,p023_loss_large,loss_large,opencv_telea,all_opencv_cases,p023_loss_large_opencv_telea_error_maps.png,D:\Masters\FH\Thesis\painting-restoration-eval\outputs\figures\error_maps\opencv_telea\all_cases\all_opencv_cases\p023_loss_large_opencv_telea_error_maps.png,589824,45016,8.551889419555664,2.5204954147338867,6.031394004821777,225.3333282470703,156.3333282470703,-104.0,221.0,112.05148315429688,33.024898529052734,79.0265884399414,3839,41148,29,8.528078905278123,91.40749955571353,ok,
p023_loss_small,p023,architecture_structured,Church Interior,p023_loss_small,loss_small,opencv_telea,all_opencv_cases,p023_loss_small_opencv_telea_error_maps.png,D:\Masters\FH\Thesis\painting-restoration-eval\outputs\figures\error_maps\opencv_telea\all_cases\all_opencv_cases\p023_loss_small_opencv_telea_error_maps.png,589824,20722,4.415341854095459,0.5093265175819397,3.906015634536743,203.6666717529297,133.3333282470703,-89.33332824707031,197.33334350585938,125.67679595947266,14.497297286987305,111.17949676513672,431,20289,2,2.0799150661133097,97.91043335585368,ok,
p023_mixed_damage,p023,architecture_structured,Church Interior,p023_mixed_damage,mixed_damage,opencv_telea,all_opencv_cases,p023_mixed_damage_opencv_telea_error_maps.png,D:\Masters\FH\Thesis\painting-restoration-eval\outputs\figures\error_maps\opencv_telea\all_cases\all_opencv_cases\p023_mixed_damage_opencv_telea_error_maps.png,589824,42565,8.917797088623047,1.4572347402572632,7.460561752319336,234.0,144.3333282470703,-47.999996185302734,227.6666717529297,123.57408905029297,20.192928314208984,103.38115692138672,595,41967,3,1.397862093269118,98.59508986256313,ok,
p023_scratch_thin,p023,architecture_structured,Church Interior,p023_scratch_thin,scratch_thin,opencv_telea,all_opencv_cases,p023_scratch_thin_opencv_telea_error_maps.png,D:\Masters\FH\Thesis\painting-restoration-eval\outputs\figures\error_maps\opencv_telea\all_cases\all_opencv_cases\p023_scratch_thin_opencv_telea_error_maps.png,589824,7238,1.5975935459136963,0.07574067264795303,1.521852970123291,222.0,82.33333587646484,0.0,215.66665649414062,130.18775939941406,6.172101020812988,124.01566314697266,0,7238,0,0.0,100.0,ok,
p023_zero_control,p023,architecture_structured,Church Interior,p023_zero_control,zero_control,opencv_telea,all_opencv_cases,p023_zero_control_opencv_telea_error_maps.png,D:\Masters\FH\Thesis\painting-restoration-eval\outputs\figures\error_maps\opencv_telea\all_cases\all_opencv_cases\p023_zero_control_opencv_telea_error_maps.png,589824,0,0.0,0.0,0.0,0.0,0.0,0.0,0.0,,,,0,0,0,,,ok,
p024_loss_large,p024,architecture_structured,Interior of the Church of St Bavo in Haarlem,p024_loss_large,loss_large,opencv_telea,all_opencv_cases,p024_loss_large_opencv_telea_error_maps.png,D:\Masters\FH\Thesis\painting-restoration-eval\outputs\figures\error_maps\opencv_telea\all_cases\all_opencv_cases\p024_loss_large_opencv_telea_error_maps.png,589824,74607,20.424924850463867,3.0347306728363037,17.390193939208984,240.6666717529297,150.3333282470703,-88.66665649414062,223.6666717529297,161.47425842285156,23.991809844970703,137.4824676513672,3984,70602,21,5.339981503076119,94.63187100406128,ok,
p024_loss_small,p024,architecture_structured,Interior of the Church of St Bavo in Haarlem,p024_loss_small,loss_small,opencv_telea,all_opencv_cases,p024_loss_small_opencv_telea_error_maps.png,D:\Masters\FH\Thesis\painting-restoration-eval\outputs\figures\error_maps\opencv_telea\all_cases\all_opencv_cases\p024_loss_small_opencv_telea_error_maps.png,589824,14413,4.521747589111328,0.2967936098575592,4.224954128265381,247.0,100.33333587646484,0.0,237.0,185.04373168945312,12.14570140838623,172.8980255126953,0,14413,0,0.0,100.0,ok,
p024_mixed_damage,p024,architecture_structured,Interior of the Church of St Bavo in Haarlem,p024_mixed_damage,mixed_damage,opencv_telea,all_opencv_cases,p024_mixed_damage_opencv_telea_error_maps.png,D:\Masters\FH\Thesis\painting-restoration-eval\outputs\figures\error_maps\opencv_telea\all_cases\all_opencv_cases\p024_mixed_damage_opencv_telea_error_maps.png,589824,50443,15.92428207397461,1.6005215644836426,14.323760986328125,248.6666717529297,148.3333282470703,-51.999996185302734,239.6666717529297,186.20074462890625,18.71470832824707,167.4860382080078,16,50427,0,0.031718969926451644,99.96828103007354,ok,
p024_scratch_thin,p024,architecture_structured,Interior of the Church of St Bavo in Haarlem,p024_scratch_thin,scratch_thin,opencv_telea,all_opencv_cases,p024_scratch_thin_opencv_telea_error_maps.png,D:\Masters\FH\Thesis\painting-restoration-eval\outputs\figures\error_maps\opencv_telea\all_cases\all_opencv_cases\p024_scratch_thin_opencv_telea_error_maps.png,589824,8821,2.7447690963745117,0.0827874094247818,2.6619815826416016,247.0,89.0,0.0,243.3333282470703,183.5314178466797,5.535653591156006,177.99575805664062,0,8821,0,0.0,100.0,ok,
p024_zero_control,p024,architecture_structured,Interior of the Church of St Bavo in Haarlem,p024_zero_control,zero_control,opencv_telea,all_opencv_cases,p024_zero_control_opencv_telea_error_maps.png,D:\Masters\FH\Thesis\painting-restoration-eval\outputs\figures\error_maps\opencv_telea\all_cases\all_opencv_cases\p024_zero_control_opencv_telea_error_maps.png,589824,0,0.0,0.0,0.0,0.0,0.0,0.0,0.0,,,,0,0,0,,,ok,
p025_loss_large,p025,architecture_structured,The Quay de Paris in Rouen,p025_loss_large,loss_large,opencv_telea,all_opencv_cases,p025_loss_large_opencv_telea_error_maps.png,D:\Masters\FH\Thesis\painting-restoration-eval\outputs\figures\error_maps\opencv_telea\all_cases\all_opencv_cases\p025_loss_large_opencv_telea_error_maps.png,589824,52108,9.692585945129395,2.3314707279205322,7.361114501953125,230.6666717529297,117.66666412353516,-36.666664123535156,219.66665649414062,109.712890625,26.390520095825195,83.32237243652344,255,51835,18,0.48936823520380746,99.47608812466416,ok,
p025_loss_small,p025,architecture_structured,The Quay de Paris in Rouen,p025_loss_small,loss_small,opencv_telea,all_opencv_cases,p025_loss_small_opencv_telea_error_maps.png,D:\Masters\FH\Thesis\painting-restoration-eval\outputs\figures\error_maps\opencv_telea\all_cases\all_opencv_cases\p025_loss_small_opencv_telea_error_maps.png,589824,22347,4.137267589569092,0.4869537353515625,3.650313377380371,243.6666717529297,110.66666412353516,-46.999996185302734,222.0,109.19852447509766,12.8525972366333,96.34593963623047,65,22280,2,0.29086678301337987,99.70018346981698,ok,
p025_mixed_damage,p025,architecture_structured,The Quay de Paris in Rouen,p025_mixed_damage,mixed_damage,opencv_telea,all_opencv_cases,p025_mixed_damage_opencv_telea_error_maps.png,D:\Masters\FH\Thesis\painting-restoration-eval\outputs\figures\error_maps\opencv_telea\all_cases\all_opencv_cases\p025_mixed_damage_opencv_telea_error_maps.png,589824,48712,9.835853576660156,1.0486196279525757,8.78723430633545,255.0,152.6666717529297,-84.66666412353516,247.3333282470703,119.09638214111328,12.697096824645996,106.39927673339844,328,48373,11,0.6733453769091804,99.3040729183774,ok,
p025_scratch_thin,p025,architecture_structured,The Quay de Paris in Rouen,p025_scratch_thin,scratch_thin,opencv_telea,all_opencv_cases,p025_scratch_thin_opencv_telea_error_maps.png,D:\Masters\FH\Thesis\painting-restoration-eval\outputs\figures\error_maps\opencv_telea\all_cases\all_opencv_cases\p025_scratch_thin_opencv_telea_error_maps.png,589824,9440,1.8240877389907837,0.1531507521867752,1.6709368228912354,254.0,138.0,0.0,243.6666717529297,113.97148132324219,9.56906795501709,104.40239715576172,0,9440,0,0.0,100.0,ok,
p025_zero_control,p025,architecture_structured,The Quay de Paris in Rouen,p025_zero_control,zero_control,opencv_telea,all_opencv_cases,p025_zero_control_opencv_telea_error_maps.png,D:\Masters\FH\Thesis\painting-restoration-eval\outputs\figures\error_maps\opencv_telea\all_cases\all_opencv_cases\p025_zero_control_opencv_telea_error_maps.png,589824,0,0.0,0.0,0.0,0.0,0.0,0.0,0.0,,,,0,0,0,,,ok,
p026_loss_large,p026,architecture_structured,View of a Village along a River,p026_loss_large,loss_large,opencv_telea,all_opencv_cases,p026_loss_large_opencv_telea_error_maps.png,D:\Masters\FH\Thesis\painting-restoration-eval\outputs\figures\error_maps\opencv_telea\all_cases\all_opencv_cases\p026_loss_large_opencv_telea_error_maps.png,589824,44723,9.43425178527832,1.544599175453186,7.889651775360107,223.6666717529297,105.0,-31.0,203.66665649414062,124.42250061035156,20.370765686035156,104.05174255371094,1312,43385,26,2.9336135769067373,97.00825078818505,ok,
p026_loss_small,p026,architecture_structured,View of a Village along a River,p026_loss_small,loss_small,opencv_telea,all_opencv_cases,p026_loss_small_opencv_telea_error_maps.png,D:\Masters\FH\Thesis\painting-restoration-eval\outputs\figures\error_maps\opencv_telea\all_cases\all_opencv_cases\p026_loss_small_opencv_telea_error_maps.png,589824,13631,3.2144346237182617,0.16890686750411987,3.045527696609497,225.0,59.33333206176758,0.0,201.0,139.09109497070312,7.308732032775879,131.7823486328125,0,13631,0,0.0,100.0,ok,
p026_mixed_damage,p026,architecture_structured,View of a Village along a River,p026_mixed_damage,mixed_damage,opencv_telea,all_opencv_cases,p026_mixed_damage_opencv_telea_error_maps.png,D:\Masters\FH\Thesis\painting-restoration-eval\outputs\figures\error_maps\opencv_telea\all_cases\all_opencv_cases\p026_mixed_damage_opencv_telea_error_maps.png,589824,41381,11.854569435119629,1.5328984260559082,10.321671485900879,234.3333282470703,144.6666717529297,-16.333328247070312,226.0,168.96908569335938,21.849164962768555,147.11990356445312,2,41379,0,0.004833135980280805,99.99516686401972,ok,
p026_scratch_thin,p026,architecture_structured,View of a Village along a River,p026_scratch_thin,scratch_thin,opencv_telea,all_opencv_cases,p026_scratch_thin_opencv_telea_error_maps.png,D:\Masters\FH\Thesis\painting-restoration-eval\outputs\figures\error_maps\opencv_telea\all_cases\all_opencv_cases\p026_scratch_thin_opencv_telea_error_maps.png,589824,6537,1.5242362022399902,0.08751875907182693,1.43671715259552,230.0,67.33333587646484,0.0,213.6666717529297,137.52960205078125,7.896690368652344,129.63290405273438,0,6537,0,0.0,100.0,ok,
p026_zero_control,p026,architecture_structured,View of a Village along a River,p026_zero_control,zero_control,opencv_telea,all_opencv_cases,p026_zero_control_opencv_telea_error_maps.png,D:\Masters\FH\Thesis\painting-restoration-eval\outputs\figures\error_maps\opencv_telea\all_cases\all_opencv_cases\p026_zero_control_opencv_telea_error_maps.png,589824,0,0.0,0.0,0.0,0.0,0.0,0.0,0.0,,,,0,0,0,,,ok,
p027_loss_large,p027,architecture_structured,Italian Landscape with the Ponte Lucano over the Aniene River,p027_loss_large,loss_large,opencv_telea,all_opencv_cases,p027_loss_large_opencv_telea_error_maps.png,D:\Masters\FH\Thesis\painting-restoration-eval\outputs\figures\error_maps\opencv_telea\all_cases\all_opencv_cases\p027_loss_large_opencv_telea_error_maps.png,589824,73593,19.605323791503906,3.1012651920318604,16.504058837890625,236.6666717529297,96.0,-0.6666641235351562,229.6666717529297,157.1302947998047,24.855632781982422,132.27467346191406,1,73592,0,0.0013588248882366529,99.99864117511177,ok,
p027_loss_small,p027,architecture_structured,Italian Landscape with the Ponte Lucano over the Aniene River,p027_loss_small,loss_small,opencv_telea,all_opencv_cases,p027_loss_small_opencv_telea_error_maps.png,D:\Masters\FH\Thesis\painting-restoration-eval\outputs\figures\error_maps\opencv_telea\all_cases\all_opencv_cases\p027_loss_small_opencv_telea_error_maps.png,589824,15848,4.573031902313232,0.36720332503318787,4.205828666687012,240.0,80.0,0.0,235.0,170.19712829589844,13.666414260864258,156.53070068359375,0,15848,0,0.0,100.0,ok,
p027_mixed_damage,p027,architecture_structured,Italian Landscape with the Ponte Lucano over the Aniene River,p027_mixed_damage,mixed_damage,opencv_telea,all_opencv_cases,p027_mixed_damage_opencv_telea_error_maps.png,D:\Masters\FH\Thesis\painting-restoration-eval\outputs\figures\error_maps\opencv_telea\all_cases\all_opencv_cases\p027_mixed_damage_opencv_telea_error_maps.png,589824,44664,11.095620155334473,1.266187310218811,9.829432487487793,238.6666717529297,98.0,0.0,232.0,146.5265655517578,16.72102165222168,129.8055419921875,0,44664,0,0.0,100.0,ok,
p027_scratch_thin,p027,architecture_structured,Italian Landscape with the Ponte Lucano over the Aniene River,p027_scratch_thin,scratch_thin,opencv_telea,all_opencv_cases,p027_scratch_thin_opencv_telea_error_maps.png,D:\Masters\FH\Thesis\painting-restoration-eval\outputs\figures\error_maps\opencv_telea\all_cases\all_opencv_cases\p027_scratch_thin_opencv_telea_error_maps.png,589824,9175,2.6641671657562256,0.15241609513759613,2.5117509365081787,235.0,76.33333587646484,0.0,230.66665649414062,171.2686309814453,9.79822063446045,161.4704132080078,0,9175,0,0.0,100.0,ok,
p027_zero_control,p027,architecture_structured,Italian Landscape with the Ponte Lucano over the Aniene River,p027_zero_control,zero_control,opencv_telea,all_opencv_cases,p027_zero_control_opencv_telea_error_maps.png,D:\Masters\FH\Thesis\painting-restoration-eval\outputs\figures\error_maps\opencv_telea\all_cases\all_opencv_cases\p027_zero_control_opencv_telea_error_maps.png,589824,0,0.0,0.0,0.0,0.0,0.0,0.0,0.0,,,,0,0,0,,,ok,
p028_loss_large,p028,architecture_structured,Trading posts of the Dutch East India Company (VOC),p028_loss_large,loss_large,opencv_telea,all_opencv_cases,p028_loss_large_opencv_telea_error_maps.png,D:\Masters\FH\Thesis\painting-restoration-eval\outputs\figures\error_maps\opencv_telea\all_cases\all_opencv_cases\p028_loss_large_opencv_telea_error_maps.png,589824,60196,13.13686752319336,1.9970266819000244,11.139841079711914,203.0,123.66666412353516,0.0,193.6666717529297,128.7201690673828,19.567651748657227,109.15251922607422,0,60196,0,0.0,100.0,ok,
p028_loss_small,p028,architecture_structured,Trading posts of the Dutch East India Company (VOC),p028_loss_small,loss_small,opencv_telea,all_opencv_cases,p028_loss_small_opencv_telea_error_maps.png,D:\Masters\FH\Thesis\painting-restoration-eval\outputs\figures\error_maps\opencv_telea\all_cases\all_opencv_cases\p028_loss_small_opencv_telea_error_maps.png,589824,19573,3.495303153991699,0.2253672331571579,3.2699360847473145,220.0,70.0,0.0,204.6666717529297,105.32947540283203,6.791345119476318,98.53811645507812,0,19573,0,0.0,100.0,ok,
p028_mixed_damage,p028,architecture_structured,Trading posts of the Dutch East India Company (VOC),p028_mixed_damage,mixed_damage,opencv_telea,all_opencv_cases,p028_mixed_damage_opencv_telea_error_maps.png,D:\Masters\FH\Thesis\painting-restoration-eval\outputs\figures\error_maps\opencv_telea\all_cases\all_opencv_cases\p028_mixed_damage_opencv_telea_error_maps.png,589824,41078,10.566291809082031,0.8459111452102661,9.720380783081055,223.6666717529297,76.66666412353516,0.0,211.0,151.717529296875,12.14612865447998,139.57139587402344,0,41078,0,0.0,100.0,ok,
p028_scratch_thin,p028,architecture_structured,Trading posts of the Dutch East India Company (VOC),p028_scratch_thin,scratch_thin,opencv_telea,all_opencv_cases,p028_scratch_thin_opencv_telea_error_maps.png,D:\Masters\FH\Thesis\painting-restoration-eval\outputs\figures\error_maps\opencv_telea\all_cases\all_opencv_cases\p028_scratch_thin_opencv_telea_error_maps.png,589824,9493,2.4217169284820557,0.10746878385543823,2.3142480850219727,223.6666717529297,82.0,0.0,216.0,150.4673614501953,6.677305698394775,143.79005432128906,0,9493,0,0.0,100.0,ok,
p028_zero_control,p028,architecture_structured,Trading posts of the Dutch East India Company (VOC),p028_zero_control,zero_control,opencv_telea,all_opencv_cases,p028_zero_control_opencv_telea_error_maps.png,D:\Masters\FH\Thesis\painting-restoration-eval\outputs\figures\error_maps\opencv_telea\all_cases\all_opencv_cases\p028_zero_control_opencv_telea_error_maps.png,589824,0,0.0,0.0,0.0,0.0,0.0,0.0,0.0,,,,0,0,0,,,ok,
p029_loss_large,p029,architecture_structured,"The Trading Post of the Dutch East India Company in Hooghly, Bengal",p029_loss_large,loss_large,opencv_telea,all_opencv_cases,p029_loss_large_opencv_telea_error_maps.png,D:\Masters\FH\Thesis\painting-restoration-eval\outputs\figures\error_maps\opencv_telea\all_cases\all_opencv_cases\p029_loss_large_opencv_telea_error_maps.png,589824,39135,10.428811073303223,1.4373602867126465,8.991451263427734,226.3333282470703,107.0,-56.33333206176758,190.0,157.1780548095703,21.663209915161133,135.5148468017578,106,39027,2,0.27085728887185384,99.72403219624377,ok,
p029_loss_small,p029,architecture_structured,"The Trading Post of the Dutch East India Company in Hooghly, Bengal",p029_loss_small,loss_small,opencv_telea,all_opencv_cases,p029_loss_small_opencv_telea_error_maps.png,D:\Masters\FH\Thesis\painting-restoration-eval\outputs\figures\error_maps\opencv_telea\all_cases\all_opencv_cases\p029_loss_small_opencv_telea_error_maps.png,589824,15394,3.9691500663757324,0.4333711266517639,3.5357789993286133,214.3333282470703,125.0,-57.0,202.6666717529297,152.0787353515625,16.604694366455078,135.4740447998047,296,15092,6,1.9228270754839547,98.03819670001299,ok,
p029_mixed_damage,p029,architecture_structured,"The Trading Post of the Dutch East India Company in Hooghly, Bengal",p029_mixed_damage,mixed_damage,opencv_telea,all_opencv_cases,p029_mixed_damage_opencv_telea_error_maps.png,D:\Masters\FH\Thesis\painting-restoration-eval\outputs\figures\error_maps\opencv_telea\all_cases\all_opencv_cases\p029_mixed_damage_opencv_telea_error_maps.png,589824,41221,10.111205101013184,1.128300428390503,8.982906341552734,234.3333282470703,113.66666412353516,-66.66666412353516,210.0,144.67945861816406,16.144651412963867,128.53480529785156,341,40875,5,0.8272482472526139,99.16062201305161,ok,
p029_scratch_thin,p029,architecture_structured,"The Trading Post of the Dutch East India Company in Hooghly, Bengal",p029_scratch_thin,scratch_thin,opencv_telea,all_opencv_cases,p029_scratch_thin_opencv_telea_error_maps.png,D:\Masters\FH\Thesis\painting-restoration-eval\outputs\figures\error_maps\opencv_telea\all_cases\all_opencv_cases\p029_scratch_thin_opencv_telea_error_maps.png,589824,9847,2.3249971866607666,0.1361083984375,2.1888885498046875,213.0,88.66666412353516,-31.666664123535156,203.6666717529297,139.2646484375,8.15273666381836,131.11190795898438,5,9841,1,0.05077688636132832,99.93906773636641,ok,
p029_zero_control,p029,architecture_structured,"The Trading Post of the Dutch East India Company in Hooghly, Bengal",p029_zero_control,zero_control,opencv_telea,all_opencv_cases,p029_zero_control_opencv_telea_error_maps.png,D:\Masters\FH\Thesis\painting-restoration-eval\outputs\figures\error_maps\opencv_telea\all_cases\all_opencv_cases\p029_zero_control_opencv_telea_error_maps.png,589824,0,0.0,0.0,0.0,0.0,0.0,0.0,0.0,,,,0,0,0,,,ok,
p030_loss_large,p030,architecture_structured,Interior with Five Women,p030_loss_large,loss_large,opencv_telea,all_opencv_cases,p030_loss_large_opencv_telea_error_maps.png,D:\Masters\FH\Thesis\painting-restoration-eval\outputs\figures\error_maps\opencv_telea\all_cases\all_opencv_cases\p030_loss_large_opencv_telea_error_maps.png,589824,49329,14.50261402130127,1.9657189846038818,12.536895751953125,235.3333282470703,135.6666717529297,-61.333335876464844,227.0,173.40692138671875,23.50398826599121,149.90293884277344,134,49194,1,0.2716454823734517,99.72632731253421,ok,
p030_loss_small,p030,architecture_structured,Interior with Five Women,p030_loss_small,loss_small,opencv_telea,all_opencv_cases,p030_loss_small_opencv_telea_error_maps.png,D:\Masters\FH\Thesis\painting-restoration-eval\outputs\figures\error_maps\opencv_telea\all_cases\all_opencv_cases\p030_loss_small_opencv_telea_error_maps.png,589824,14901,4.406664848327637,0.40130388736724854,4.005361080169678,230.0,127.33333587646484,-44.66667175292969,224.0,174.42832946777344,15.884749412536621,158.54359436035156,73,14828,0,0.489900006710959,99.51009999328903,ok,
p030_mixed_damage,p030,architecture_structured,Interior with Five Women,p030_mixed_damage,mixed_damage,opencv_telea,all_opencv_cases,p030_mixed_damage_opencv_telea_error_maps.png,D:\Masters\FH\Thesis\painting-restoration-eval\outputs\figures\error_maps\opencv_telea\all_cases\all_opencv_cases\p030_mixed_damage_opencv_telea_error_maps.png,589824,46497,13.795948028564453,0.9541547298431396,12.841793060302734,237.3333282470703,103.33333587646484,-36.66667175292969,233.3333282470703,175.00442504882812,12.10364818572998,162.90078735351562,31,46466,0,0.06667096801944211,99.93332903198055,ok,
p030_scratch_thin,p030,architecture_structured,Interior with Five Women,p030_scratch_thin,scratch_thin,opencv_telea,all_opencv_cases,p030_scratch_thin_opencv_telea_error_maps.png,D:\Masters\FH\Thesis\painting-restoration-eval\outputs\figures\error_maps\opencv_telea\all_cases\all_opencv_cases\p030_scratch_thin_opencv_telea_error_maps.png,589824,11225,3.541877269744873,0.10044577717781067,3.441431760787964,231.6666717529297,57.0,0.0,228.0,186.10995483398438,5.277980804443359,180.8319854736328,0,11225,0,0.0,100.0,ok,
p030_zero_control,p030,architecture_structured,Interior with Five Women,p030_zero_control,zero_control,opencv_telea,all_opencv_cases,p030_zero_control_opencv_telea_error_maps.png,D:\Masters\FH\Thesis\painting-restoration-eval\outputs\figures\error_maps\opencv_telea\all_cases\all_opencv_cases\p030_zero_control_opencv_telea_error_maps.png,589824,0,0.0,0.0,0.0,0.0,0.0,0.0,0.0,,,,0,0,0,,,ok,
p031_loss_large,p031,abstraction_surrealism,Improvisation No. 30 (Cannons),p031_loss_large,loss_large,opencv_telea,all_opencv_cases,p031_loss_large_opencv_telea_error_maps.png,D:\Masters\FH\Thesis\painting-restoration-eval\outputs\figures\error_maps\opencv_telea\all_cases\all_opencv_cases\p031_loss_large_opencv_telea_error_maps.png,589824,83367,17.821826934814453,4.00402307510376,13.817803382873535,212.3333282470703,125.66666412353516,-66.66667175292969,204.3333282470703,126.0899658203125,28.328582763671875,97.76136779785156,523,82838,6,0.6273465519929948,99.36545635563232,ok,
p031_loss_small,p031,abstraction_surrealism,Improvisation No. 30 (Cannons),p031_loss_small,loss_small,opencv_telea,all_opencv_cases,p031_loss_small_opencv_telea_error_maps.png,D:\Masters\FH\Thesis\painting-restoration-eval\outputs\figures\error_maps\opencv_telea\all_cases\all_opencv_cases\p031_loss_small_opencv_telea_error_maps.png,589824,22150,4.952733516693115,0.8377668261528015,4.114967346191406,212.3333282470703,116.66666412353516,-29.333335876464844,199.0,131.8844757080078,22.308578491210938,109.57591247558594,109,22040,1,0.49209932279909707,99.50338600451467,ok,
p031_mixed_damage,p031,abstraction_surrealism,Improvisation No. 30 (Cannons),p031_mixed_damage,mixed_damage,opencv_telea,all_opencv_cases,p031_mixed_damage_opencv_telea_error_maps.png,D:\Masters\FH\Thesis\painting-restoration-eval\outputs\figures\error_maps\opencv_telea\all_cases\all_opencv_cases\p031_mixed_damage_opencv_telea_error_maps.png,589824,48010,10.43867301940918,1.313175916671753,9.12549877166748,212.3333282470703,115.0,-4.666664123535156,201.33334350585938,128.24371337890625,16.132944107055664,112.11075592041016,1,48009,0,0.002082899395959175,99.99791710060404,ok,
p031_scratch_thin,p031,abstraction_surrealism,Improvisation No. 30 (Cannons),p031_scratch_thin,scratch_thin,opencv_telea,all_opencv_cases,p031_scratch_thin_opencv_telea_error_maps.png,D:\Masters\FH\Thesis\painting-restoration-eval\outputs\figures\error_maps\opencv_telea\all_cases\all_opencv_cases\p031_scratch_thin_opencv_telea_error_maps.png,589824,15636,3.5837860107421875,0.17517203092575073,3.408614158630371,209.0,77.66666412353516,0.0,203.3333282470703,135.18821716308594,6.607870578765869,128.58033752441406,0,15636,0,0.0,100.0,ok,
p031_zero_control,p031,abstraction_surrealism,Improvisation No. 30 (Cannons),p031_zero_control,zero_control,opencv_telea,all_opencv_cases,p031_zero_control_opencv_telea_error_maps.png,D:\Masters\FH\Thesis\painting-restoration-eval\outputs\figures\error_maps\opencv_telea\all_cases\all_opencv_cases\p031_zero_control_opencv_telea_error_maps.png,589824,0,0.0,0.0,0.0,0.0,0.0,0.0,0.0,,,,0,0,0,,,ok,
p032_loss_large,p032,abstraction_surrealism,Composition (No. 1) Gray-Red,p032_loss_large,loss_large,opencv_telea,all_opencv_cases,p032_loss_large_opencv_telea_error_maps.png,D:\Masters\FH\Thesis\painting-restoration-eval\outputs\figures\error_maps\opencv_telea\all_cases\all_opencv_cases\p032_loss_large_opencv_telea_error_maps.png,589824,88089,9.137642860412598,4.901853561401367,4.2357892990112305,241.6666717529297,221.6666717529297,-166.66665649414062,234.6666717529297,61.18358612060547,32.82170486450195,28.361888885498047,9640,78408,41,10.943477619226009,89.00997854442666,ok,
p032_loss_small,p032,abstraction_surrealism,Composition (No. 1) Gray-Red,p032_loss_small,loss_small,opencv_telea,all_opencv_cases,p032_loss_small_opencv_telea_error_maps.png,D:\Masters\FH\Thesis\painting-restoration-eval\outputs\figures\error_maps\opencv_telea\all_cases\all_opencv_cases\p032_loss_small_opencv_telea_error_maps.png,589824,24362,2.786548137664795,0.8871533870697021,1.8993947505950928,241.0,214.3333282470703,-197.3333282470703,235.0,67.46461486816406,21.478710174560547,45.985904693603516,1417,22937,8,5.816435432230524,94.15072654133486,ok,
p032_mixed_damage,p032,abstraction_surrealism,Composition (No. 1) Gray-Red,p032_mixed_damage,mixed_damage,opencv_telea,all_opencv_cases,p032_mixed_damage_opencv_telea_error_maps.png,D:\Masters\FH\Thesis\painting-restoration-eval\outputs\figures\error_maps\opencv_telea\all_cases\all_opencv_cases\p032_mixed_damage_opencv_telea_error_maps.png,589824,51647,3.56558895111084,0.6507529020309448,2.9148359298706055,244.0,214.3333282470703,-196.3333282470703,234.3333282470703,40.7200813293457,7.431790351867676,33.28828811645508,915,50730,2,1.7716421089317869,98.22448544930006,ok,
p032_scratch_thin,p032,abstraction_surrealism,Composition (No. 1) Gray-Red,p032_scratch_thin,scratch_thin,opencv_telea,all_opencv_cases,p032_scratch_thin_opencv_telea_error_maps.png,D:\Masters\FH\Thesis\painting-restoration-eval\outputs\figures\error_maps\opencv_telea\all_cases\all_opencv_cases\p032_scratch_thin_opencv_telea_error_maps.png,589824,14929,1.4413423538208008,0.1523708701133728,1.2889715433120728,242.3333282470703,196.6666717529297,-166.33334350585938,237.3333282470703,56.9454345703125,6.019961357116699,50.925472259521484,161,14766,2,1.078437939580682,98.90816531582826,ok,
p032_zero_control,p032,abstraction_surrealism,Composition (No. 1) Gray-Red,p032_zero_control,zero_control,opencv_telea,all_opencv_cases,p032_zero_control_opencv_telea_error_maps.png,D:\Masters\FH\Thesis\painting-restoration-eval\outputs\figures\error_maps\opencv_telea\all_cases\all_opencv_cases\p032_zero_control_opencv_telea_error_maps.png,589824,0,0.0,0.0,0.0,0.0,0.0,0.0,0.0,,,,0,0,0,,,ok,
p033_loss_large,p033,abstraction_surrealism,Movement,p033_loss_large,loss_large,opencv_telea,all_opencv_cases,p033_loss_large_opencv_telea_error_maps.png,D:\Masters\FH\Thesis\painting-restoration-eval\outputs\figures\error_maps\opencv_telea\all_cases\all_opencv_cases\p033_loss_large_opencv_telea_error_maps.png,589824,87686,21.55811882019043,7.763906478881836,13.79421329498291,244.0,229.6666717529297,-192.3333282470703,219.3333282470703,145.01170349121094,52.22428894042969,92.78742218017578,12179,75457,50,13.889332390575463,86.05364596400794,ok,
p033_loss_small,p033,abstraction_surrealism,Movement,p033_loss_small,loss_small,opencv_telea,all_opencv_cases,p033_loss_small_opencv_telea_error_maps.png,D:\Masters\FH\Thesis\painting-restoration-eval\outputs\figures\error_maps\opencv_telea\all_cases\all_opencv_cases\p033_loss_small_opencv_telea_error_maps.png,589824,20720,4.828165054321289,1.4103608131408691,3.41780424118042,236.0,191.3333282470703,-186.66665649414062,220.0,137.44052124023438,40.147911071777344,97.29261779785156,2536,18168,16,12.23938223938224,87.68339768339769,ok,
p033_mixed_damage,p033,abstraction_surrealism,Movement,p033_mixed_damage,mixed_damage,opencv_telea,all_opencv_cases,p033_mixed_damage_opencv_telea_error_maps.png,D:\Masters\FH\Thesis\painting-restoration-eval\outputs\figures\error_maps\opencv_telea\all_cases\all_opencv_cases\p033_mixed_damage_opencv_telea_error_maps.png,589824,49843,12.846370697021484,2.594024658203125,10.25234603881836,230.0,191.3333282470703,-180.3333282470703,217.6666717529297,152.01930236816406,30.696748733520508,121.32255554199219,3434,46395,14,6.8896334490299544,93.08227835403166,ok,
p033_scratch_thin,p033,abstraction_surrealism,Movement,p033_scratch_thin,scratch_thin,opencv_telea,all_opencv_cases,p033_scratch_thin_opencv_telea_error_maps.png,D:\Masters\FH\Thesis\painting-restoration-eval\outputs\figures\error_maps\opencv_telea\all_cases\all_opencv_cases\p033_scratch_thin_opencv_telea_error_maps.png,589824,13276,3.468480348587036,0.20111365616321564,3.267366647720337,241.6666717529297,84.33333587646484,-73.0,235.6666717529297,154.09710693359375,8.935046195983887,145.16204833984375,89,13182,5,0.6703826453751129,99.29195540825549,ok,
p033_zero_control,p033,abstraction_surrealism,Movement,p033_zero_control,zero_control,opencv_telea,all_opencv_cases,p033_zero_control_opencv_telea_error_maps.png,D:\Masters\FH\Thesis\painting-restoration-eval\outputs\figures\error_maps\opencv_telea\all_cases\all_opencv_cases\p033_zero_control_opencv_telea_error_maps.png,589824,0,0.0,0.0,0.0,0.0,0.0,0.0,0.0,,,,0,0,0,,,ok,
p034_loss_large,p034,abstraction_surrealism,Painting with Green Center,p034_loss_large,loss_large,opencv_telea,all_opencv_cases,p034_loss_large_opencv_telea_error_maps.png,D:\Masters\FH\Thesis\painting-restoration-eval\outputs\figures\error_maps\opencv_telea\all_cases\all_opencv_cases\p034_loss_large_opencv_telea_error_maps.png,589824,82337,21.66472625732422,5.161224842071533,16.503501892089844,228.6666717529297,178.6666717529297,-122.66666412353516,221.33334350585938,155.196044921875,36.972618103027344,118.22343444824219,1892,80436,9,2.2978733740602646,97.69119593864241,ok,
p034_loss_small,p034,abstraction_surrealism,Painting with Green Center,p034_loss_small,loss_small,opencv_telea,all_opencv_cases,p034_loss_small_opencv_telea_error_maps.png,D:\Masters\FH\Thesis\painting-restoration-eval\outputs\figures\error_maps\opencv_telea\all_cases\all_opencv_cases\p034_loss_small_opencv_telea_error_maps.png,589824,18146,4.31599235534668,0.6690226793289185,3.6469693183898926,230.3333282470703,140.3333282470703,-80.0,223.33334350585938,140.2885284423828,21.746152877807617,118.5423812866211,366,17773,7,2.016973437672214,97.94445056761822,ok,
p034_mixed_damage,p034,abstraction_surrealism,Painting with Green Center,p034_mixed_damage,mixed_damage,opencv_telea,all_opencv_cases,p034_mixed_damage_opencv_telea_error_maps.png,D:\Masters\FH\Thesis\painting-restoration-eval\outputs\figures\error_maps\opencv_telea\all_cases\all_opencv_cases\p034_mixed_damage_opencv_telea_error_maps.png,589824,44266,11.013677597045898,1.796435832977295,9.217241287231445,234.3333282470703,161.6666717529297,-121.0,222.6666717529297,146.7521514892578,23.936677932739258,122.81547546386719,899,43359,8,2.030904079880721,97.95102335878553,ok,
p034_scratch_thin,p034,abstraction_surrealism,Painting with Green Center,p034_scratch_thin,scratch_thin,opencv_telea,all_opencv_cases,p034_scratch_thin_opencv_telea_error_maps.png,D:\Masters\FH\Thesis\painting-restoration-eval\outputs\figures\error_maps\opencv_telea\all_cases\all_opencv_cases\p034_scratch_thin_opencv_telea_error_maps.png,589824,14836,3.614179849624634,0.1808844655752182,3.433295249938965,228.6666717529297,115.66666412353516,-54.999996185302734,219.6666717529297,143.68630981445312,7.191291332244873,136.49501037597656,19,14817,0,0.12806686438393097,99.87193313561606,ok,
p034_zero_control,p034,abstraction_surrealism,Painting with Green Center,p034_zero_control,zero_control,opencv_telea,all_opencv_cases,p034_zero_control_opencv_telea_error_maps.png,D:\Masters\FH\Thesis\painting-restoration-eval\outputs\figures\error_maps\opencv_telea\all_cases\all_opencv_cases\p034_zero_control_opencv_telea_error_maps.png,589824,0,0.0,0.0,0.0,0.0,0.0,0.0,0.0,,,,0,0,0,,,ok,
p035_loss_large,p035,abstraction_surrealism,The Bewitched Mill,p035_loss_large,loss_large,opencv_telea,all_opencv_cases,p035_loss_large_opencv_telea_error_maps.png,D:\Masters\FH\Thesis\painting-restoration-eval\outputs\figures\error_maps\opencv_telea\all_cases\all_opencv_cases\p035_loss_large_opencv_telea_error_maps.png,589824,44445,7.1769561767578125,2.7545413970947266,4.422415256500244,224.3333282470703,186.3333282470703,-102.33332824707031,212.3333282470703,95.2444839477539,36.55517578125,58.68931198120117,3100,41324,21,6.97491281358983,92.97783777702779,ok,
p035_loss_small,p035,abstraction_surrealism,The Bewitched Mill,p035_loss_small,loss_small,opencv_telea,all_opencv_cases,p035_loss_small_opencv_telea_error_maps.png,D:\Masters\FH\Thesis\painting-restoration-eval\outputs\figures\error_maps\opencv_telea\all_cases\all_opencv_cases\p035_loss_small_opencv_telea_error_maps.png,589824,13591,3.401252269744873,0.46443796157836914,2.936814546585083,225.0,134.0,-102.0,219.6666717529297,147.60800170898438,20.155738830566406,127.45225524902344,236,13355,0,1.7364432344934146,98.26355676550659,ok,
p035_mixed_damage,p035,abstraction_surrealism,The Bewitched Mill,p035_mixed_damage,mixed_damage,opencv_telea,all_opencv_cases,p035_mixed_damage_opencv_telea_error_maps.png,D:\Masters\FH\Thesis\painting-restoration-eval\outputs\figures\error_maps\opencv_telea\all_cases\all_opencv_cases\p035_mixed_damage_opencv_telea_error_maps.png,589824,50210,10.641916275024414,2.7381396293640137,7.903775691986084,227.0,169.3333282470703,-102.33333587646484,223.0,125.01210021972656,32.165321350097656,92.84678649902344,3115,47071,24,6.203943437562239,93.74825731925911,ok,
p035_scratch_thin,p035,abstraction_surrealism,The Bewitched Mill,p035_scratch_thin,scratch_thin,opencv_telea,all_opencv_cases,p035_scratch_thin_opencv_telea_error_maps.png,D:\Masters\FH\Thesis\painting-restoration-eval\outputs\figures\error_maps\opencv_telea\all_cases\all_opencv_cases\p035_scratch_thin_opencv_telea_error_maps.png,589824,6576,1.4065405130386353,0.10742583125829697,1.29911470413208,228.3333282470703,80.0,-7.333332061767578,226.3333282470703,126.15744018554688,9.635391235351562,116.52204895019531,2,6574,0,0.030413625304136254,99.96958637469587,ok,
p035_zero_control,p035,abstraction_surrealism,The Bewitched Mill,p035_zero_control,zero_control,opencv_telea,all_opencv_cases,p035_zero_control_opencv_telea_error_maps.png,D:\Masters\FH\Thesis\painting-restoration-eval\outputs\figures\error_maps\opencv_telea\all_cases\all_opencv_cases\p035_zero_control_opencv_telea_error_maps.png,589824,0,0.0,0.0,0.0,0.0,0.0,0.0,0.0,,,,0,0,0,,,ok,
p036_loss_large,p036,abstraction_surrealism,"Lozenge Composition with Yellow, Black, Blue, Red, and Gray",p036_loss_large,loss_large,opencv_telea,all_opencv_cases,p036_loss_large_opencv_telea_error_maps.png,D:\Masters\FH\Thesis\painting-restoration-eval\outputs\figures\error_maps\opencv_telea\all_cases\all_opencv_cases\p036_loss_large_opencv_telea_error_maps.png,589824,92174,7.244572162628174,4.726073741912842,2.518498182296753,255.0,235.0,-187.0,255.0,46.358219146728516,30.24227523803711,16.115938186645508,8958,83198,18,9.7185757371927,90.26189597934342,ok,
p036_loss_small,p036,abstraction_surrealism,"Lozenge Composition with Yellow, Black, Blue, Red, and Gray",p036_loss_small,loss_small,opencv_telea,all_opencv_cases,p036_loss_small_opencv_telea_error_maps.png,D:\Masters\FH\Thesis\painting-restoration-eval\outputs\figures\error_maps\opencv_telea\all_cases\all_opencv_cases\p036_loss_small_opencv_telea_error_maps.png,589824,18062,1.1337370872497559,0.2449747771024704,0.8887622952461243,255.0,223.6666717529297,-75.66666412353516,251.6666717529297,37.02277755737305,7.999778747558594,29.022993087768555,254,17806,2,1.406267301516997,98.58265972760492,ok,
p036_mixed_damage,p036,abstraction_surrealism,"Lozenge Composition with Yellow, Black, Blue, Red, and Gray",p036_mixed_damage,mixed_damage,opencv_telea,all_opencv_cases,p036_mixed_damage_opencv_telea_error_maps.png,D:\Masters\FH\Thesis\painting-restoration-eval\outputs\figures\error_maps\opencv_telea\all_cases\all_opencv_cases\p036_mixed_damage_opencv_telea_error_maps.png,589824,47780,3.4369845390319824,0.8827916383743286,2.5541930198669434,255.0,232.6666717529297,-103.66667175292969,255.0,42.42812728881836,10.897690773010254,31.53043556213379,192,47585,3,0.401841774801172,99.59187944746756,ok,
p036_scratch_thin,p036,abstraction_surrealism,"Lozenge Composition with Yellow, Black, Blue, Red, and Gray",p036_scratch_thin,scratch_thin,opencv_telea,all_opencv_cases,p036_scratch_thin_opencv_telea_error_maps.png,D:\Masters\FH\Thesis\painting-restoration-eval\outputs\figures\error_maps\opencv_telea\all_cases\all_opencv_cases\p036_scratch_thin_opencv_telea_error_maps.png,589824,13905,0.6917645335197449,0.037933349609375,0.6538312435150146,255.0,132.3333282470703,-84.66667175292969,255.0,29.343351364135742,1.6090614795684814,27.734291076660156,44,13861,0,0.3164329377921611,99.68356706220783,ok,
p036_zero_control,p036,abstraction_surrealism,"Lozenge Composition with Yellow, Black, Blue, Red, and Gray",p036_zero_control,zero_control,opencv_telea,all_opencv_cases,p036_zero_control_opencv_telea_error_maps.png,D:\Masters\FH\Thesis\painting-restoration-eval\outputs\figures\error_maps\opencv_telea\all_cases\all_opencv_cases\p036_zero_control_opencv_telea_error_maps.png,589824,0,0.0,0.0,0.0,0.0,0.0,0.0,0.0,,,,0,0,0,,,ok,
p037_loss_large,p037,abstraction_surrealism,In the Sea,p037_loss_large,loss_large,opencv_telea,all_opencv_cases,p037_loss_large_opencv_telea_error_maps.png,D:\Masters\FH\Thesis\painting-restoration-eval\outputs\figures\error_maps\opencv_telea\all_cases\all_opencv_cases\p037_loss_large_opencv_telea_error_maps.png,589824,47216,14.214847564697266,2.0897035598754883,12.125144004821777,246.0,127.33333587646484,-47.0,235.6666717529297,177.57240295410156,26.10465431213379,151.46774291992188,1089,46084,43,2.3064215520162654,97.60250762453406,ok,
p037_loss_small,p037,abstraction_surrealism,In the Sea,p037_loss_small,loss_small,opencv_telea,all_opencv_cases,p037_loss_small_opencv_telea_error_maps.png,D:\Masters\FH\Thesis\painting-restoration-eval\outputs\figures\error_maps\opencv_telea\all_cases\all_opencv_cases\p037_loss_small_opencv_telea_error_maps.png,589824,22216,5.841292858123779,0.5715399980545044,5.2697529792785645,244.0,163.0,-90.66667175292969,238.0,155.08348083496094,15.174108505249023,139.9093780517578,452,21762,2,2.034569679510263,97.95642779978394,ok,
p037_mixed_damage,p037,abstraction_surrealism,In the Sea,p037_mixed_damage,mixed_damage,opencv_telea,all_opencv_cases,p037_mixed_damage_opencv_telea_error_maps.png,D:\Masters\FH\Thesis\painting-restoration-eval\outputs\figures\error_maps\opencv_telea\all_cases\all_opencv_cases\p037_mixed_damage_opencv_telea_error_maps.png,589824,48626,11.948493003845215,2.3061037063598633,9.642390251159668,237.6666717529297,160.0,-102.33332824707031,235.33334350585938,144.9329376220703,27.97259521484375,116.9603271484375,1018,47591,17,2.093530210175626,97.87150906922223,ok,
p037_scratch_thin,p037,abstraction_surrealism,In the Sea,p037_scratch_thin,scratch_thin,opencv_telea,all_opencv_cases,p037_scratch_thin_opencv_telea_error_maps.png,D:\Masters\FH\Thesis\painting-restoration-eval\outputs\figures\error_maps\opencv_telea\all_cases\all_opencv_cases\p037_scratch_thin_opencv_telea_error_maps.png,589824,12338,2.832261800765991,0.1580047607421875,2.6742570400238037,245.3333282470703,91.0,0.0,237.66665649414062,135.3976287841797,7.553493499755859,127.8441390991211,0,12338,0,0.0,100.0,ok,
p037_zero_control,p037,abstraction_surrealism,In the Sea,p037_zero_control,zero_control,opencv_telea,all_opencv_cases,p037_zero_control_opencv_telea_error_maps.png,D:\Masters\FH\Thesis\painting-restoration-eval\outputs\figures\error_maps\opencv_telea\all_cases\all_opencv_cases\p037_zero_control_opencv_telea_error_maps.png,589824,0,0.0,0.0,0.0,0.0,0.0,0.0,0.0,,,,0,0,0,,,ok,
p038_loss_large,p038,abstraction_surrealism,Mahana no atua (Day of the God),p038_loss_large,loss_large,opencv_telea,all_opencv_cases,p038_loss_large_opencv_telea_error_maps.png,D:\Masters\FH\Thesis\painting-restoration-eval\outputs\figures\error_maps\opencv_telea\all_cases\all_opencv_cases\p038_loss_large_opencv_telea_error_maps.png,589824,44431,11.82547378540039,2.678098201751709,9.14737606048584,223.3333282470703,136.3333282470703,-62.666664123535156,217.0,156.9838409423828,35.551902770996094,121.43193817138672,957,43462,12,2.153901555220454,97.81909027480813,ok,
p038_loss_small,p038,abstraction_surrealism,Mahana no atua (Day of the God),p038_loss_small,loss_small,opencv_telea,all_opencv_cases,p038_loss_small_opencv_telea_error_maps.png,D:\Masters\FH\Thesis\painting-restoration-eval\outputs\figures\error_maps\opencv_telea\all_cases\all_opencv_cases\p038_loss_small_opencv_telea_error_maps.png,589824,19642,5.068959712982178,0.5125071406364441,4.556452751159668,221.6666717529297,111.33333587646484,-53.333335876464844,218.0,152.21434020996094,15.38992977142334,136.82440185546875,36,19606,0,0.18328072497708991,99.81671927502292,ok,
p038_mixed_damage,p038,abstraction_surrealism,Mahana no atua (Day of the God),p038_mixed_damage,mixed_damage,opencv_telea,all_opencv_cases,p038_mixed_damage_opencv_telea_error_maps.png,D:\Masters\FH\Thesis\painting-restoration-eval\outputs\figures\error_maps\opencv_telea\all_cases\all_opencv_cases\p038_mixed_damage_opencv_telea_error_maps.png,589824,45786,11.860381126403809,2.001713752746582,9.85866641998291,230.3333282470703,132.0,-63.99999237060547,227.6666717529297,152.78768920898438,25.786457061767578,127.00123596191406,224,45555,7,0.48923251648975674,99.49547896736995,ok,
p038_scratch_thin,p038,abstraction_surrealism,Mahana no atua (Day of the God),p038_scratch_thin,scratch_thin,opencv_telea,all_opencv_cases,p038_scratch_thin_opencv_telea_error_maps.png,D:\Masters\FH\Thesis\painting-restoration-eval\outputs\figures\error_maps\opencv_telea\all_cases\all_opencv_cases\p038_scratch_thin_opencv_telea_error_maps.png,589824,7989,2.135922431945801,0.14141111075878143,1.9945114850997925,224.3333282470703,89.66666412353516,0.0,221.0,157.69410705566406,10.440313339233398,147.25381469726562,0,7989,0,0.0,100.0,ok,
p038_zero_control,p038,abstraction_surrealism,Mahana no atua (Day of the God),p038_zero_control,zero_control,opencv_telea,all_opencv_cases,p038_zero_control_opencv_telea_error_maps.png,D:\Masters\FH\Thesis\painting-restoration-eval\outputs\figures\error_maps\opencv_telea\all_cases\all_opencv_cases\p038_zero_control_opencv_telea_error_maps.png,589824,0,0.0,0.0,0.0,0.0,0.0,0.0,0.0,,,,0,0,0,,,ok,
p039_loss_large,p039,abstraction_surrealism,Painting with Troika,p039_loss_large,loss_large,opencv_telea,all_opencv_cases,p039_loss_large_opencv_telea_error_maps.png,D:\Masters\FH\Thesis\painting-restoration-eval\outputs\figures\error_maps\opencv_telea\all_cases\all_opencv_cases\p039_loss_large_opencv_telea_error_maps.png,589824,45190,8.304464340209961,2.028265953063965,6.2761993408203125,217.0,146.6666717529297,-94.0,212.6666717529297,108.390625,26.473114013671875,81.91752624511719,2009,43164,17,4.445673821641956,95.51670723611419,ok,
p039_loss_small,p039,abstraction_surrealism,Painting with Troika,p039_loss_small,loss_small,opencv_telea,all_opencv_cases,p039_loss_small_opencv_telea_error_maps.png,D:\Masters\FH\Thesis\painting-restoration-eval\outputs\figures\error_maps\opencv_telea\all_cases\all_opencv_cases\p039_loss_small_opencv_telea_error_maps.png,589824,18244,3.937849760055542,0.5811445713043213,3.3567051887512207,223.3333282470703,125.66666412353516,-71.66666412353516,206.3333282470703,127.30970764160156,18.788259506225586,108.52144622802734,418,17824,2,2.2911642183731638,97.69787327340495,ok,
p039_mixed_damage,p039,abstraction_surrealism,Painting with Troika,p039_mixed_damage,mixed_damage,opencv_telea,all_opencv_cases,p039_mixed_damage_opencv_telea_error_maps.png,D:\Masters\FH\Thesis\painting-restoration-eval\outputs\figures\error_maps\opencv_telea\all_cases\all_opencv_cases\p039_mixed_damage_opencv_telea_error_maps.png,589824,40658,11.868008613586426,1.6630300283432007,10.204978942871094,226.6666717529297,136.0,-22.666664123535156,216.0,172.1687469482422,24.125511169433594,148.04322814941406,9,40648,1,0.022135865020414185,99.97540459442176,ok,
p039_scratch_thin,p039,abstraction_surrealism,Painting with Troika,p039_scratch_thin,scratch_thin,opencv_telea,all_opencv_cases,p039_scratch_thin_opencv_telea_error_maps.png,D:\Masters\FH\Thesis\painting-restoration-eval\outputs\figures\error_maps\opencv_telea\all_cases\all_opencv_cases\p039_scratch_thin_opencv_telea_error_maps.png,589824,9456,2.374739408493042,0.11313430219888687,2.2616052627563477,223.3333282470703,87.0,0.0,219.0,148.12586975097656,7.056824684143066,141.06906127929688,0,9456,0,0.0,100.0,ok,
p039_zero_control,p039,abstraction_surrealism,Painting with Troika,p039_zero_control,zero_control,opencv_telea,all_opencv_cases,p039_zero_control_opencv_telea_error_maps.png,D:\Masters\FH\Thesis\painting-restoration-eval\outputs\figures\error_maps\opencv_telea\all_cases\all_opencv_cases\p039_zero_control_opencv_telea_error_maps.png,589824,0,0.0,0.0,0.0,0.0,0.0,0.0,0.0,,,,0,0,0,,,ok,
p040_loss_large,p040,abstraction_surrealism,Houses at Murnau,p040_loss_large,loss_large,opencv_telea,all_opencv_cases,p040_loss_large_opencv_telea_error_maps.png,D:\Masters\FH\Thesis\painting-restoration-eval\outputs\figures\error_maps\opencv_telea\all_cases\all_opencv_cases\p040_loss_large_opencv_telea_error_maps.png,589824,47500,13.641754150390625,2.745525360107422,10.896228790283203,225.0,127.33333587646484,-54.66667175292969,214.33334350585938,169.39439392089844,34.09214401245117,135.30227661132812,290,47206,4,0.6105263157894737,99.38105263157895,ok,
p040_loss_small,p040,abstraction_surrealism,Houses at Murnau,p040_loss_small,loss_small,opencv_telea,all_opencv_cases,p040_loss_small_opencv_telea_error_maps.png,D:\Masters\FH\Thesis\painting-restoration-eval\outputs\figures\error_maps\opencv_telea\all_cases\all_opencv_cases\p040_loss_small_opencv_telea_error_maps.png,589824,23305,6.408724308013916,0.6941499710083008,5.714574337005615,220.6666717529297,129.6666717529297,-62.333335876464844,214.6666717529297,162.19778442382812,17.56817626953125,144.62960815429688,84,23220,1,0.36043767431881574,99.63527140098691,ok,
p040_mixed_damage,p040,abstraction_surrealism,Houses at Murnau,p040_mixed_damage,mixed_damage,opencv_telea,all_opencv_cases,p040_mixed_damage_opencv_telea_error_maps.png,D:\Masters\FH\Thesis\painting-restoration-eval\outputs\figures\error_maps\opencv_telea\all_cases\all_opencv_cases\p040_mixed_damage_opencv_telea_error_maps.png,589824,47749,13.773759841918945,1.8827033042907715,11.891056060791016,223.3333282470703,133.3333282470703,-38.000003814697266,218.3333282470703,170.14166259765625,23.25627326965332,146.8853759765625,40,47707,2,0.08377138788246874,99.9120400427234,ok,
p040_scratch_thin,p040,abstraction_surrealism,Houses at Murnau,p040_scratch_thin,scratch_thin,opencv_telea,all_opencv_cases,p040_scratch_thin_opencv_telea_error_maps.png,D:\Masters\FH\Thesis\painting-restoration-eval\outputs\figures\error_maps\opencv_telea\all_cases\all_opencv_cases\p040_scratch_thin_opencv_telea_error_maps.png,589824,12885,3.4951999187469482,0.17204339802265167,3.3231561183929443,217.6666717529297,97.66666412353516,-18.333328247070312,214.6666717529297,159.99632263183594,7.875462055206299,152.12086486816406,2,12883,0,0.015521924718665115,99.98447807528133,ok,
p040_zero_control,p040,abstraction_surrealism,Houses at Murnau,p040_zero_control,zero_control,opencv_telea,all_opencv_cases,p040_zero_control_opencv_telea_error_maps.png,D:\Masters\FH\Thesis\painting-restoration-eval\outputs\figures\error_maps\opencv_telea\all_cases\all_opencv_cases\p040_zero_control_opencv_telea_error_maps.png,589824,0,0.0,0.0,0.0,0.0,0.0,0.0,0.0,,,,0,0,0,,,ok,
p041_loss_large,p041,high_texture_brushwork,Wheat Field with Cypresses,p041_loss_large,loss_large,opencv_telea,all_opencv_cases,p041_loss_large_opencv_telea_error_maps.png,D:\Masters\FH\Thesis\painting-restoration-eval\outputs\figures\error_maps\opencv_telea\all_cases\all_opencv_cases\p041_loss_large_opencv_telea_error_maps.png,589824,67806,15.442625045776367,2.805877208709717,12.636747360229492,254.0,146.6666717529297,-141.0,253.33334350585938,134.3307647705078,24.407480239868164,109.92327117919922,352,67449,5,0.519128100758045,99.473497920538,ok,
p041_loss_small,p041,high_texture_brushwork,Wheat Field with Cypresses,p041_loss_small,loss_small,opencv_telea,all_opencv_cases,p041_loss_small_opencv_telea_error_maps.png,D:\Masters\FH\Thesis\painting-restoration-eval\outputs\figures\error_maps\opencv_telea\all_cases\all_opencv_cases\p041_loss_small_opencv_telea_error_maps.png,589824,19064,3.90956974029541,0.5778751969337463,3.3316946029663086,230.3333282470703,133.0,-87.0,211.66665649414062,120.95877075195312,17.878971099853516,103.07979583740234,70,18993,1,0.3671842215694503,99.62757028955099,ok,
p041_mixed_damage,p041,high_texture_brushwork,Wheat Field with Cypresses,p041_mixed_damage,mixed_damage,opencv_telea,all_opencv_cases,p041_mixed_damage_opencv_telea_error_maps.png,D:\Masters\FH\Thesis\painting-restoration-eval\outputs\figures\error_maps\opencv_telea\all_cases\all_opencv_cases\p041_mixed_damage_opencv_telea_error_maps.png,589824,41902,10.846080780029297,1.6441192626953125,9.201961517333984,255.0,154.3333282470703,-141.3333282470703,254.0,152.67237854003906,23.1430721282959,129.52931213378906,259,41641,2,0.6181089208152355,99.37711803732519,ok,
p041_scratch_thin,p041,high_texture_brushwork,Wheat Field with Cypresses,p041_scratch_thin,scratch_thin,opencv_telea,all_opencv_cases,p041_scratch_thin_opencv_telea_error_maps.png,D:\Masters\FH\Thesis\painting-restoration-eval\outputs\figures\error_maps\opencv_telea\all_cases\all_opencv_cases\p041_scratch_thin_opencv_telea_error_maps.png,589824,11793,3.038562774658203,0.29398036003112793,2.744582414627075,255.0,103.33333587646484,-43.66666793823242,254.0,151.9729766845703,14.703353881835938,137.26962280273438,30,11762,1,0.2543881963876876,99.73713219706606,ok,
p041_zero_control,p041,high_texture_brushwork,Wheat Field with Cypresses,p041_zero_control,zero_control,opencv_telea,all_opencv_cases,p041_zero_control_opencv_telea_error_maps.png,D:\Masters\FH\Thesis\painting-restoration-eval\outputs\figures\error_maps\opencv_telea\all_cases\all_opencv_cases\p041_zero_control_opencv_telea_error_maps.png,589824,0,0.0,0.0,0.0,0.0,0.0,0.0,0.0,,,,0,0,0,,,ok,
p042_loss_large,p042,high_texture_brushwork,View of Beirut,p042_loss_large,loss_large,opencv_telea,all_opencv_cases,p042_loss_large_opencv_telea_error_maps.png,D:\Masters\FH\Thesis\painting-restoration-eval\outputs\figures\error_maps\opencv_telea\all_cases\all_opencv_cases\p042_loss_large_opencv_telea_error_maps.png,589824,44565,5.303832530975342,0.34581896662712097,4.958013534545898,91.66666412353516,19.66666603088379,0.0,87.66667175292969,70.19696807861328,4.576962947845459,65.62000274658203,0,44565,0,0.0,100.0,ok,
p042_loss_small,p042,high_texture_brushwork,View of Beirut,p042_loss_small,loss_small,opencv_telea,all_opencv_cases,p042_loss_small_opencv_telea_error_maps.png,D:\Masters\FH\Thesis\painting-restoration-eval\outputs\figures\error_maps\opencv_telea\all_cases\all_opencv_cases\p042_loss_small_opencv_telea_error_maps.png,589824,22038,4.676217555999756,0.5324864983558655,4.143731117248535,219.3333282470703,102.33333587646484,-29.333332061767578,201.0,125.15406036376953,14.251444816589355,110.90262603759766,4,22034,0,0.018150467374534896,99.98184953262546,ok,
p042_mixed_damage,p042,high_texture_brushwork,View of Beirut,p042_mixed_damage,mixed_damage,opencv_telea,all_opencv_cases,p042_mixed_damage_opencv_telea_error_maps.png,D:\Masters\FH\Thesis\painting-restoration-eval\outputs\figures\error_maps\opencv_telea\all_cases\all_opencv_cases\p042_mixed_damage_opencv_telea_error_maps.png,589824,39707,6.858848571777344,0.75628262758255,6.102566242218018,255.0,165.3333282470703,-33.66666793823242,248.0,101.88414001464844,11.234131813049316,90.65000915527344,8,39699,0,0.02014758103105246,99.97985241896895,ok,
p042_scratch_thin,p042,high_texture_brushwork,View of Beirut,p042_scratch_thin,scratch_thin,opencv_telea,all_opencv_cases,p042_scratch_thin_opencv_telea_error_maps.png,D:\Masters\FH\Thesis\painting-restoration-eval\outputs\figures\error_maps\opencv_telea\all_cases\all_opencv_cases\p042_scratch_thin_opencv_telea_error_maps.png,589824,7950,1.8988440036773682,0.23670731484889984,1.6621365547180176,255.0,161.0,-8.666671752929688,247.0,140.8784637451172,17.561717987060547,123.31673431396484,2,7948,0,0.025157232704402514,99.9748427672956,ok,
p042_zero_control,p042,high_texture_brushwork,View of Beirut,p042_zero_control,zero_control,opencv_telea,all_opencv_cases,p042_zero_control_opencv_telea_error_maps.png,D:\Masters\FH\Thesis\painting-restoration-eval\outputs\figures\error_maps\opencv_telea\all_cases\all_opencv_cases\p042_zero_control_opencv_telea_error_maps.png,589824,0,0.0,0.0,0.0,0.0,0.0,0.0,0.0,,,,0,0,0,,,ok,
p043_loss_large,p043,high_texture_brushwork,The Card Players,p043_loss_large,loss_large,opencv_telea,all_opencv_cases,p043_loss_large_opencv_telea_error_maps.png,D:\Masters\FH\Thesis\painting-restoration-eval\outputs\figures\error_maps\opencv_telea\all_cases\all_opencv_cases\p043_loss_large_opencv_telea_error_maps.png,589824,55790,14.627177238464355,3.5356364250183105,11.091541290283203,235.3333282470703,139.0,-72.33333587646484,227.33334350585938,154.64169311523438,37.379520416259766,117.26217651367188,2588,53185,17,4.638824162036207,95.33070442731673,ok,
p043_loss_small,p043,high_texture_brushwork,The Card Players,p043_loss_small,loss_small,opencv_telea,all_opencv_cases,p043_loss_small_opencv_telea_error_maps.png,D:\Masters\FH\Thesis\painting-restoration-eval\outputs\figures\error_maps\opencv_telea\all_cases\all_opencv_cases\p043_loss_small_opencv_telea_error_maps.png,589824,26756,7.217384338378906,0.6835270524024963,6.533857345581055,234.3333282470703,114.66666412353516,-46.66666793823242,228.3333282470703,159.10398864746094,15.068046569824219,144.0359649658203,143,26609,4,0.5344595604724174,99.45059052175213,ok,
p043_mixed_damage,p043,high_texture_brushwork,The Card Players,p043_mixed_damage,mixed_damage,opencv_telea,all_opencv_cases,p043_mixed_damage_opencv_telea_error_maps.png,D:\Masters\FH\Thesis\painting-restoration-eval\outputs\figures\error_maps\opencv_telea\all_cases\all_opencv_cases\p043_mixed_damage_opencv_telea_error_maps.png,589824,46214,11.940091133117676,1.6976641416549683,10.242427825927734,255.0,118.33333587646484,-39.33333206176758,254.6666717529297,152.39002990722656,21.66709327697754,130.7229461669922,251,45958,5,0.5431254598173714,99.44605530791534,ok,
p043_scratch_thin,p043,high_texture_brushwork,The Card Players,p043_scratch_thin,scratch_thin,opencv_telea,all_opencv_cases,p043_scratch_thin_opencv_telea_error_maps.png,D:\Masters\FH\Thesis\painting-restoration-eval\outputs\figures\error_maps\opencv_telea\all_cases\all_opencv_cases\p043_scratch_thin_opencv_telea_error_maps.png,589824,9357,2.6466712951660156,0.14094260334968567,2.5057287216186523,255.0,87.33333587646484,0.0,230.0,166.83450317382812,8.884400367736816,157.95008850097656,0,9357,0,0.0,100.0,ok,
p043_zero_control,p043,high_texture_brushwork,The Card Players,p043_zero_control,zero_control,opencv_telea,all_opencv_cases,p043_zero_control_opencv_telea_error_maps.png,D:\Masters\FH\Thesis\painting-restoration-eval\outputs\figures\error_maps\opencv_telea\all_cases\all_opencv_cases\p043_zero_control_opencv_telea_error_maps.png,589824,0,0.0,0.0,0.0,0.0,0.0,0.0,0.0,,,,0,0,0,,,ok,
p044_loss_large,p044,high_texture_brushwork,Versailles,p044_loss_large,loss_large,opencv_telea,all_opencv_cases,p044_loss_large_opencv_telea_error_maps.png,D:\Masters\FH\Thesis\painting-restoration-eval\outputs\figures\error_maps\opencv_telea\all_cases\all_opencv_cases\p044_loss_large_opencv_telea_error_maps.png,589824,49735,10.294280052185059,1.2088961601257324,9.085384368896484,219.3333282470703,105.0,-5.666664123535156,187.0,122.08331298828125,14.33670425415039,107.7466049194336,1,49734,0,0.0020106564793405048,99.99798934352066,ok,
p044_loss_small,p044,high_texture_brushwork,Versailles,p044_loss_small,loss_small,opencv_telea,all_opencv_cases,p044_loss_small_opencv_telea_error_maps.png,D:\Masters\FH\Thesis\painting-restoration-eval\outputs\figures\error_maps\opencv_telea\all_cases\all_opencv_cases\p044_loss_small_opencv_telea_error_maps.png,589824,21050,5.004306316375732,0.2775364816188812,4.72676944732666,223.6666717529297,66.0,0.0,217.0,140.22137451171875,7.776610851287842,132.44476318359375,0,21050,0,0.0,100.0,ok,
p044_mixed_damage,p044,high_texture_brushwork,Versailles,p044_mixed_damage,mixed_damage,opencv_telea,all_opencv_cases,p044_mixed_damage_opencv_telea_error_maps.png,D:\Masters\FH\Thesis\painting-restoration-eval\outputs\figures\error_maps\opencv_telea\all_cases\all_opencv_cases\p044_mixed_damage_opencv_telea_error_maps.png,589824,49669,12.801217079162598,0.9788371324539185,11.822379112243652,255.0,161.3333282470703,-82.99999237060547,255.0,152.01564025878906,11.623783111572266,140.39186096191406,29,49640,0,0.05838651875415249,99.94161348124585,ok,
p044_scratch_thin,p044,high_texture_brushwork,Versailles,p044_scratch_thin,scratch_thin,opencv_telea,all_opencv_cases,p044_scratch_thin_opencv_telea_error_maps.png,D:\Masters\FH\Thesis\painting-restoration-eval\outputs\figures\error_maps\opencv_telea\all_cases\all_opencv_cases\p044_scratch_thin_opencv_telea_error_maps.png,589824,10331,2.373471975326538,0.08768264204263687,2.2857892513275146,255.0,116.0,0.0,255.0,135.5077667236328,5.006033897399902,130.50172424316406,0,10331,0,0.0,100.0,ok,
p044_zero_control,p044,high_texture_brushwork,Versailles,p044_zero_control,zero_control,opencv_telea,all_opencv_cases,p044_zero_control_opencv_telea_error_maps.png,D:\Masters\FH\Thesis\painting-restoration-eval\outputs\figures\error_maps\opencv_telea\all_cases\all_opencv_cases\p044_zero_control_opencv_telea_error_maps.png,589824,0,0.0,0.0,0.0,0.0,0.0,0.0,0.0,,,,0,0,0,,,ok,
p045_loss_large,p045,high_texture_brushwork,Two Girls with Parasols,p045_loss_large,loss_large,opencv_telea,all_opencv_cases,p045_loss_large_opencv_telea_error_maps.png,D:\Masters\FH\Thesis\painting-restoration-eval\outputs\figures\error_maps\opencv_telea\all_cases\all_opencv_cases\p045_loss_large_opencv_telea_error_maps.png,589824,84613,22.521575927734375,4.1011152267456055,18.420461654663086,224.0,129.0,-58.0,208.3333282470703,156.994384765625,28.588237762451172,128.40615844726562,402,84205,6,0.47510429839386387,99.51780459267489,ok,
p045_loss_small,p045,high_texture_brushwork,Two Girls with Parasols,p045_loss_small,loss_small,opencv_telea,all_opencv_cases,p045_loss_small_opencv_telea_error_maps.png,D:\Masters\FH\Thesis\painting-restoration-eval\outputs\figures\error_maps\opencv_telea\all_cases\all_opencv_cases\p045_loss_small_opencv_telea_error_maps.png,589824,19430,5.619274616241455,0.4921015501022339,5.127172470092773,225.0,117.33333587646484,0.0,220.3333282470703,170.58070373535156,14.938410758972168,155.64227294921875,0,19430,0,0.0,100.0,ok,
p045_mixed_damage,p045,high_texture_brushwork,Two Girls with Parasols,p045_mixed_damage,mixed_damage,opencv_telea,all_opencv_cases,p045_mixed_damage_opencv_telea_error_maps.png,D:\Masters\FH\Thesis\painting-restoration-eval\outputs\figures\error_maps\opencv_telea\all_cases\all_opencv_cases\p045_mixed_damage_opencv_telea_error_maps.png,589824,41772,10.838472366333008,1.1400552988052368,9.698416709899902,255.0,131.6666717529297,-86.0,253.3333282470703,153.0401153564453,16.097673416137695,136.9424285888672,198,41573,1,0.47400172364263143,99.52360432825816,ok,
p045_scratch_thin,p045,high_texture_brushwork,Two Girls with Parasols,p045_scratch_thin,scratch_thin,opencv_telea,all_opencv_cases,p045_scratch_thin_opencv_telea_error_maps.png,D:\Masters\FH\Thesis\painting-restoration-eval\outputs\figures\error_maps\opencv_telea\all_cases\all_opencv_cases\p045_scratch_thin_opencv_telea_error_maps.png,589824,11123,3.2521355152130127,0.31150591373443604,2.940629720687866,255.0,148.6666717529297,0.0,250.0,172.45237731933594,16.518356323242188,155.9340057373047,0,11123,0,0.0,100.0,ok,
p045_zero_control,p045,high_texture_brushwork,Two Girls with Parasols,p045_zero_control,zero_control,opencv_telea,all_opencv_cases,p045_zero_control_opencv_telea_error_maps.png,D:\Masters\FH\Thesis\painting-restoration-eval\outputs\figures\error_maps\opencv_telea\all_cases\all_opencv_cases\p045_zero_control_opencv_telea_error_maps.png,589824,0,0.0,0.0,0.0,0.0,0.0,0.0,0.0,,,,0,0,0,,,ok,
p046_loss_large,p046,high_texture_brushwork,Boating,p046_loss_large,loss_large,opencv_telea,all_opencv_cases,p046_loss_large_opencv_telea_error_maps.png,D:\Masters\FH\Thesis\painting-restoration-eval\outputs\figures\error_maps\opencv_telea\all_cases\all_opencv_cases\p046_loss_large_opencv_telea_error_maps.png,589824,46619,10.740659713745117,2.117095947265625,8.623563766479492,241.3333282470703,133.6666717529297,-56.66666793823242,233.6666717529297,135.89093017578125,26.7855167388916,109.10540771484375,544,46061,14,1.1669061970441237,98.80306312876725,ok,
p046_loss_small,p046,high_texture_brushwork,Boating,p046_loss_small,loss_small,opencv_telea,all_opencv_cases,p046_loss_small_opencv_telea_error_maps.png,D:\Masters\FH\Thesis\painting-restoration-eval\outputs\figures\error_maps\opencv_telea\all_cases\all_opencv_cases\p046_loss_small_opencv_telea_error_maps.png,589824,25992,6.638949394226074,0.5011975765228271,6.137751579284668,236.6666717529297,84.66666412353516,-32.666664123535156,226.3333282470703,150.6544952392578,11.373435020446777,139.28106689453125,23,25968,1,0.08848876577408434,99.90766389658357,ok,
p046_mixed_damage,p046,high_texture_brushwork,Boating,p046_mixed_damage,mixed_damage,opencv_telea,all_opencv_cases,p046_mixed_damage_opencv_telea_error_maps.png,D:\Masters\FH\Thesis\painting-restoration-eval\outputs\figures\error_maps\opencv_telea\all_cases\all_opencv_cases\p046_mixed_damage_opencv_telea_error_maps.png,589824,47037,14.207894325256348,1.4167518615722656,12.791141510009766,255.0,181.0,-108.33333587646484,255.0,178.1609649658203,17.76546859741211,160.39547729492188,58,46979,0,0.12330718370644386,99.87669281629356,ok,
p046_scratch_thin,p046,high_texture_brushwork,Boating,p046_scratch_thin,scratch_thin,opencv_telea,all_opencv_cases,p046_scratch_thin_opencv_telea_error_maps.png,D:\Masters\FH\Thesis\painting-restoration-eval\outputs\figures\error_maps\opencv_telea\all_cases\all_opencv_cases\p046_scratch_thin_opencv_telea_error_maps.png,589824,13388,3.94093918800354,0.18475736677646637,3.756181478500366,255.0,125.66666412353516,-40.33332824707031,255.0,173.6226806640625,8.139701843261719,165.48297119140625,4,13384,0,0.029877502240812665,99.97012249775918,ok,
p046_zero_control,p046,high_texture_brushwork,Boating,p046_zero_control,zero_control,opencv_telea,all_opencv_cases,p046_zero_control_opencv_telea_error_maps.png,D:\Masters\FH\Thesis\painting-restoration-eval\outputs\figures\error_maps\opencv_telea\all_cases\all_opencv_cases\p046_zero_control_opencv_telea_error_maps.png,589824,0,0.0,0.0,0.0,0.0,0.0,0.0,0.0,,,,0,0,0,,,ok,
p047_loss_large,p047,high_texture_brushwork,The Dance Class,p047_loss_large,loss_large,opencv_telea,all_opencv_cases,p047_loss_large_opencv_telea_error_maps.png,D:\Masters\FH\Thesis\painting-restoration-eval\outputs\figures\error_maps\opencv_telea\all_cases\all_opencv_cases\p047_loss_large_opencv_telea_error_maps.png,589824,93278,27.673938751220703,2.750552177429199,24.92338752746582,251.0,166.6666717529297,-125.66667175292969,236.6666717529297,174.99038696289062,17.39254379272461,157.5978546142578,1816,91457,5,1.9468685006110764,98.04777117862733,ok,
p047_loss_small,p047,high_texture_brushwork,The Dance Class,p047_loss_small,loss_small,opencv_telea,all_opencv_cases,p047_loss_small_opencv_telea_error_maps.png,D:\Masters\FH\Thesis\painting-restoration-eval\outputs\figures\error_maps\opencv_telea\all_cases\all_opencv_cases\p047_loss_small_opencv_telea_error_maps.png,589824,26508,7.858713626861572,0.42282330989837646,7.435891151428223,255.0,93.33333587646484,-8.666667938232422,255.0,174.86260986328125,9.408153533935547,165.45445251464844,1,26507,0,0.0037724460540214276,99.99622755394599,ok,
p047_mixed_damage,p047,high_texture_brushwork,The Dance Class,p047_mixed_damage,mixed_damage,opencv_telea,all_opencv_cases,p047_mixed_damage_opencv_telea_error_maps.png,D:\Masters\FH\Thesis\painting-restoration-eval\outputs\figures\error_maps\opencv_telea\all_cases\all_opencv_cases\p047_mixed_damage_opencv_telea_error_maps.png,589824,48087,14.257670402526855,0.6372374892234802,13.620433807373047,255.0,115.0,-31.333335876464844,255.0,174.8812713623047,7.8162078857421875,167.0650634765625,6,48081,0,0.012477384740158462,99.98752261525983,ok,
p047_scratch_thin,p047,high_texture_brushwork,The Dance Class,p047_scratch_thin,scratch_thin,opencv_telea,all_opencv_cases,p047_scratch_thin_opencv_telea_error_maps.png,D:\Masters\FH\Thesis\painting-restoration-eval\outputs\figures\error_maps\opencv_telea\all_cases\all_opencv_cases\p047_scratch_thin_opencv_telea_error_maps.png,589824,11055,3.472978353500366,0.1139899343252182,3.3589885234832764,255.0,86.0,-11.666664123535156,255.0,185.29588317871094,6.081772804260254,179.214111328125,2,11053,0,0.018091361374943465,99.98190863862506,ok,
p047_zero_control,p047,high_texture_brushwork,The Dance Class,p047_zero_control,zero_control,opencv_telea,all_opencv_cases,p047_zero_control_opencv_telea_error_maps.png,D:\Masters\FH\Thesis\painting-restoration-eval\outputs\figures\error_maps\opencv_telea\all_cases\all_opencv_cases\p047_zero_control_opencv_telea_error_maps.png,589824,0,0.0,0.0,0.0,0.0,0.0,0.0,0.0,,,,0,0,0,,,ok,
p048_loss_large,p048,high_texture_brushwork,A Farm in Brittany,p048_loss_large,loss_large,opencv_telea,all_opencv_cases,p048_loss_large_opencv_telea_error_maps.png,D:\Masters\FH\Thesis\painting-restoration-eval\outputs\figures\error_maps\opencv_telea\all_cases\all_opencv_cases\p048_loss_large_opencv_telea_error_maps.png,589824,63467,17.920949935913086,2.5377156734466553,15.383233070373535,212.0,115.66666412353516,-33.333335876464844,207.33334350585938,166.54649353027344,23.58399772644043,142.9624786376953,2,63465,0,0.0031512439535506644,99.99684875604645,ok,
p048_loss_small,p048,high_texture_brushwork,A Farm in Brittany,p048_loss_small,loss_small,opencv_telea,all_opencv_cases,p048_loss_small_opencv_telea_error_maps.png,D:\Masters\FH\Thesis\painting-restoration-eval\outputs\figures\error_maps\opencv_telea\all_cases\all_opencv_cases\p048_loss_small_opencv_telea_error_maps.png,589824,24841,6.299431324005127,0.4808219373226166,5.818609237670898,220.0,73.66666412353516,0.0,210.6666717529297,149.57351684570312,11.41662311553955,138.15689086914062,0,24841,0,0.0,100.0,ok,
p048_mixed_damage,p048,high_texture_brushwork,A Farm in Brittany,p048_mixed_damage,mixed_damage,opencv_telea,all_opencv_cases,p048_mixed_damage_opencv_telea_error_maps.png,D:\Masters\FH\Thesis\painting-restoration-eval\outputs\figures\error_maps\opencv_telea\all_cases\all_opencv_cases\p048_mixed_damage_opencv_telea_error_maps.png,589824,52192,15.47935962677002,1.1901594400405884,14.289199829101562,255.0,122.66666412353516,-4.333335876464844,254.3333282470703,174.9329071044922,13.450042724609375,161.48284912109375,2,52190,0,0.003832004904966278,99.99616799509504,ok,
p048_scratch_thin,p048,high_texture_brushwork,A Farm in Brittany,p048_scratch_thin,scratch_thin,opencv_telea,all_opencv_cases,p048_scratch_thin_opencv_telea_error_maps.png,D:\Masters\FH\Thesis\painting-restoration-eval\outputs\figures\error_maps\opencv_telea\all_cases\all_opencv_cases\p048_scratch_thin_opencv_telea_error_maps.png,589824,9067,2.815366506576538,0.1423848420381546,2.6729815006256104,255.0,142.6666717529297,-79.0,255.0,183.1444549560547,9.26237964630127,173.88206481933594,10,9057,0,0.11029006286533583,99.88970993713467,ok,
p048_zero_control,p048,high_texture_brushwork,A Farm in Brittany,p048_zero_control,zero_control,opencv_telea,all_opencv_cases,p048_zero_control_opencv_telea_error_maps.png,D:\Masters\FH\Thesis\painting-restoration-eval\outputs\figures\error_maps\opencv_telea\all_cases\all_opencv_cases\p048_zero_control_opencv_telea_error_maps.png,589824,0,0.0,0.0,0.0,0.0,0.0,0.0,0.0,,,,0,0,0,,,ok,
p049_loss_large,p049,high_texture_brushwork,Peonies,p049_loss_large,loss_large,opencv_telea,all_opencv_cases,p049_loss_large_opencv_telea_error_maps.png,D:\Masters\FH\Thesis\painting-restoration-eval\outputs\figures\error_maps\opencv_telea\all_cases\all_opencv_cases\p049_loss_large_opencv_telea_error_maps.png,589824,48472,13.057353019714355,2.0116305351257324,11.045722007751465,238.0,135.3333282470703,-53.666664123535156,234.0,158.88636779785156,24.478214263916016,134.4081573486328,92,48380,0,0.18980029707872587,99.81019970292128,ok,
p049_loss_small,p049,high_texture_brushwork,Peonies,p049_loss_small,loss_small,opencv_telea,all_opencv_cases,p049_loss_small_opencv_telea_error_maps.png,D:\Masters\FH\Thesis\painting-restoration-eval\outputs\figures\error_maps\opencv_telea\all_cases\all_opencv_cases\p049_loss_small_opencv_telea_error_maps.png,589824,17470,5.23187780380249,0.35496237874031067,4.876914978027344,234.6666717529297,118.0,-36.666664123535156,228.33334350585938,176.6392059326172,11.984278678894043,164.65493774414062,12,17458,0,0.06868918145392101,99.93131081854608,ok,
p049_mixed_damage,p049,high_texture_brushwork,Peonies,p049_mixed_damage,mixed_damage,opencv_telea,all_opencv_cases,p049_mixed_damage_opencv_telea_error_maps.png,D:\Masters\FH\Thesis\painting-restoration-eval\outputs\figures\error_maps\opencv_telea\all_cases\all_opencv_cases\p049_mixed_damage_opencv_telea_error_maps.png,589824,46861,13.767007827758789,1.1024293899536133,12.664576530456543,251.0,112.66666412353516,-64.0,248.33334350585938,173.28079223632812,13.875916481018066,159.4048614501953,60,46801,0,0.12803824075457204,99.87196175924544,ok,
p049_scratch_thin,p049,high_texture_brushwork,Peonies,p049_scratch_thin,scratch_thin,opencv_telea,all_opencv_cases,p049_scratch_thin_opencv_telea_error_maps.png,D:\Masters\FH\Thesis\painting-restoration-eval\outputs\figures\error_maps\opencv_telea\all_cases\all_opencv_cases\p049_scratch_thin_opencv_telea_error_maps.png,589824,6498,2.0865790843963623,0.07292797416448593,2.013651132583618,253.0,94.66666412353516,0.0,250.6666717529297,189.39892578125,6.619677543640137,182.77926635742188,0,6498,0,0.0,100.0,ok,
p049_zero_control,p049,high_texture_brushwork,Peonies,p049_zero_control,zero_control,opencv_telea,all_opencv_cases,p049_zero_control_opencv_telea_error_maps.png,D:\Masters\FH\Thesis\painting-restoration-eval\outputs\figures\error_maps\opencv_telea\all_cases\all_opencv_cases\p049_zero_control_opencv_telea_error_maps.png,589824,0,0.0,0.0,0.0,0.0,0.0,0.0,0.0,,,,0,0,0,,,ok,
p050_loss_large,p050,high_texture_brushwork,Landscape with a Sunlit Stream,p050_loss_large,loss_large,opencv_telea,all_opencv_cases,p050_loss_large_opencv_telea_error_maps.png,D:\Masters\FH\Thesis\painting-restoration-eval\outputs\figures\error_maps\opencv_telea\all_cases\all_opencv_cases\p050_loss_large_opencv_telea_error_maps.png,589824,51958,16.700714111328125,1.9391553401947021,14.76155948638916,236.3333282470703,96.33333587646484,0.0,225.0,189.58547973632812,22.01317024230957,167.5723114013672,0,51958,0,0.0,100.0,ok,
p050_loss_small,p050,high_texture_brushwork,Landscape with a Sunlit Stream,p050_loss_small,loss_small,opencv_telea,all_opencv_cases,p050_loss_small_opencv_telea_error_maps.png,D:\Masters\FH\Thesis\painting-restoration-eval\outputs\figures\error_maps\opencv_telea\all_cases\all_opencv_cases\p050_loss_small_opencv_telea_error_maps.png,589824,14760,4.587161540985107,0.33165884017944336,4.255502700805664,234.6666717529297,85.66666412353516,0.0,226.3333282470703,183.3074493408203,13.253409385681152,170.0540313720703,0,14760,0,0.0,100.0,ok,
p050_mixed_damage,p050,high_texture_brushwork,Landscape with a Sunlit Stream,p050_mixed_damage,mixed_damage,opencv_telea,all_opencv_cases,p050_mixed_damage_opencv_telea_error_maps.png,D:\Masters\FH\Thesis\painting-restoration-eval\outputs\figures\error_maps\opencv_telea\all_cases\all_opencv_cases\p050_mixed_damage_opencv_telea_error_maps.png,589824,39368,12.798150062561035,0.9451039433479309,11.853046417236328,255.0,131.6666717529297,-10.333335876464844,255.0,191.74598693847656,14.15985107421875,177.5861358642578,2,39366,0,0.005080268238162975,99.99491973176184,ok,
p050_scratch_thin,p050,high_texture_brushwork,Landscape with a Sunlit Stream,p050_scratch_thin,scratch_thin,opencv_telea,all_opencv_cases,p050_scratch_thin_opencv_telea_error_maps.png,D:\Masters\FH\Thesis\painting-restoration-eval\outputs\figures\error_maps\opencv_telea\all_cases\all_opencv_cases\p050_scratch_thin_opencv_telea_error_maps.png,589824,11991,4.15394401550293,0.1592119038105011,3.99473237991333,255.0,84.66666412353516,0.0,255.0,204.32791137695312,7.831457138061523,196.4964599609375,0,11991,0,0.0,100.0,ok,
p050_zero_control,p050,high_texture_brushwork,Landscape with a Sunlit Stream,p050_zero_control,zero_control,opencv_telea,all_opencv_cases,p050_zero_control_opencv_telea_error_maps.png,D:\Masters\FH\Thesis\painting-restoration-eval\outputs\figures\error_maps\opencv_telea\all_cases\all_opencv_cases\p050_zero_control_opencv_telea_error_maps.png,589824,0,0.0,0.0,0.0,0.0,0.0,0.0,0.0,,,,0,0,0,,,ok,
