lpips_row_id,lpips_case_id,restoration_case_id,source_case_id,case_id,dataset_name,painting_id,category,title,artist,style,model_name,mask_type,mask_id,is_zero_control,evaluation_region,region_pixel_count,mask_area_pixels,damaged_lpips,restored_lpips,lpips_improvement,lpips_net,lpips_input_size,status,issue
lama__canonical__canonical__p001_loss_large__content_region__lpips,lama__canonical__canonical__p001_loss_large,lama__canonical__canonical__p001_loss_large,canonical__p001_loss_large,canonical__p001_loss_large,canonical,p001,portrait_figure,Juan de Pareja,Diego Velázquez,Baroque,lama,loss_large,p001_loss_large,False,content_region,509184,69018,0.330649,0.079538,0.251112,alex,256,ok,
lama__canonical__canonical__p001_loss_large__full_image__lpips,lama__canonical__canonical__p001_loss_large,lama__canonical__canonical__p001_loss_large,canonical__p001_loss_large,canonical__p001_loss_large,canonical,p001,portrait_figure,Juan de Pareja,Diego Velázquez,Baroque,lama,loss_large,p001_loss_large,False,full_image,589824,69018,0.301122,0.069938,0.231184,alex,256,ok,
lama__canonical__canonical__p001_loss_large__mask_bbox_crop__lpips,lama__canonical__canonical__p001_loss_large,lama__canonical__canonical__p001_loss_large,canonical__p001_loss_large,canonical__p001_loss_large,canonical,p001,portrait_figure,Juan de Pareja,Diego Velázquez,Baroque,lama,loss_large,p001_loss_large,False,mask_bbox_crop,198025,69018,0.637281,0.186008,0.451273,alex,256,ok,
lama__canonical__canonical__p001_loss_small__content_region__lpips,lama__canonical__canonical__p001_loss_small,lama__canonical__canonical__p001_loss_small,canonical__p001_loss_small,canonical__p001_loss_small,canonical,p001,portrait_figure,Juan de Pareja,Diego Velázquez,Baroque,lama,loss_small,p001_loss_small,False,content_region,509184,18239,0.319489,0.003472,0.316017,alex,256,ok,
lama__canonical__canonical__p001_loss_small__full_image__lpips,lama__canonical__canonical__p001_loss_small,lama__canonical__canonical__p001_loss_small,canonical__p001_loss_small,canonical__p001_loss_small,canonical,p001,portrait_figure,Juan de Pareja,Diego Velázquez,Baroque,lama,loss_small,p001_loss_small,False,full_image,589824,18239,0.307002,0.003348,0.303654,alex,256,ok,
lama__canonical__canonical__p001_loss_small__mask_bbox_crop__lpips,lama__canonical__canonical__p001_loss_small,lama__canonical__canonical__p001_loss_small,canonical__p001_loss_small,canonical__p001_loss_small,canonical,p001,portrait_figure,Juan de Pareja,Diego Velázquez,Baroque,lama,loss_small,p001_loss_small,False,mask_bbox_crop,525625,18239,0.303323,0.003733,0.29959,alex,256,ok,
lama__canonical__canonical__p001_mixed_damage__content_region__lpips,lama__canonical__canonical__p001_mixed_damage,lama__canonical__canonical__p001_mixed_damage,canonical__p001_mixed_damage,canonical__p001_mixed_damage,canonical,p001,portrait_figure,Juan de Pareja,Diego Velázquez,Baroque,lama,mixed_damage,p001_mixed_damage,False,content_region,509184,45733,0.53522,0.028422,0.506798,alex,256,ok,
lama__canonical__canonical__p001_mixed_damage__full_image__lpips,lama__canonical__canonical__p001_mixed_damage,lama__canonical__canonical__p001_mixed_damage,canonical__p001_mixed_damage,canonical__p001_mixed_damage,canonical,p001,portrait_figure,Juan de Pareja,Diego Velázquez,Baroque,lama,mixed_damage,p001_mixed_damage,False,full_image,589824,45733,0.504022,0.024102,0.479921,alex,256,ok,
lama__canonical__canonical__p001_mixed_damage__mask_bbox_crop__lpips,lama__canonical__canonical__p001_mixed_damage,lama__canonical__canonical__p001_mixed_damage,canonical__p001_mixed_damage,canonical__p001_mixed_damage,canonical,p001,portrait_figure,Juan de Pareja,Diego Velázquez,Baroque,lama,mixed_damage,p001_mixed_damage,False,mask_bbox_crop,589824,45733,0.504022,0.024102,0.479921,alex,256,ok,
lama__canonical__canonical__p001_scratch_thin__content_region__lpips,lama__canonical__canonical__p001_scratch_thin,lama__canonical__canonical__p001_scratch_thin,canonical__p001_scratch_thin,canonical__p001_scratch_thin,canonical,p001,portrait_figure,Juan de Pareja,Diego Velázquez,Baroque,lama,scratch_thin,p001_scratch_thin,False,content_region,509184,12058,0.558222,0.001904,0.556318,alex,256,ok,
lama__canonical__canonical__p001_scratch_thin__full_image__lpips,lama__canonical__canonical__p001_scratch_thin,lama__canonical__canonical__p001_scratch_thin,canonical__p001_scratch_thin,canonical__p001_scratch_thin,canonical,p001,portrait_figure,Juan de Pareja,Diego Velázquez,Baroque,lama,scratch_thin,p001_scratch_thin,False,full_image,589824,12058,0.524122,0.001695,0.522427,alex,256,ok,
lama__canonical__canonical__p001_scratch_thin__mask_bbox_crop__lpips,lama__canonical__canonical__p001_scratch_thin,lama__canonical__canonical__p001_scratch_thin,canonical__p001_scratch_thin,canonical__p001_scratch_thin,canonical,p001,portrait_figure,Juan de Pareja,Diego Velázquez,Baroque,lama,scratch_thin,p001_scratch_thin,False,mask_bbox_crop,589824,12058,0.524122,0.001695,0.522427,alex,256,ok,
lama__canonical__canonical__p001_zero_control__content_region__lpips,lama__canonical__canonical__p001_zero_control,lama__canonical__canonical__p001_zero_control,canonical__p001_zero_control,canonical__p001_zero_control,canonical,p001,portrait_figure,Juan de Pareja,Diego Velázquez,Baroque,lama,zero_control,p001_zero_control,True,content_region,509184,0,0.0,0.0,0.0,alex,256,ok,
lama__canonical__canonical__p001_zero_control__full_image__lpips,lama__canonical__canonical__p001_zero_control,lama__canonical__canonical__p001_zero_control,canonical__p001_zero_control,canonical__p001_zero_control,canonical,p001,portrait_figure,Juan de Pareja,Diego Velázquez,Baroque,lama,zero_control,p001_zero_control,True,full_image,589824,0,0.0,0.0,0.0,alex,256,ok,
lama__canonical__canonical__p002_loss_large__content_region__lpips,lama__canonical__canonical__p002_loss_large,lama__canonical__canonical__p002_loss_large,canonical__p002_loss_large,canonical__p002_loss_large,canonical,p002,portrait_figure,Madame X (Madame Pierre Gautreau),John Singer Sargent,19th century portraiture,lama,loss_large,p002_loss_large,False,content_region,344832,37439,0.212222,0.063826,0.148396,alex,256,ok,
lama__canonical__canonical__p002_loss_large__full_image__lpips,lama__canonical__canonical__p002_loss_large,lama__canonical__canonical__p002_loss_large,canonical__p002_loss_large,canonical__p002_loss_large,canonical,p002,portrait_figure,Madame X (Madame Pierre Gautreau),John Singer Sargent,19th century portraiture,lama,loss_large,p002_loss_large,False,full_image,589824,37439,0.13714,0.041103,0.096037,alex,256,ok,
lama__canonical__canonical__p002_loss_large__mask_bbox_crop__lpips,lama__canonical__canonical__p002_loss_large,lama__canonical__canonical__p002_loss_large,canonical__p002_loss_large,canonical__p002_loss_large,canonical,p002,portrait_figure,Madame X (Madame Pierre Gautreau),John Singer Sargent,19th century portraiture,lama,loss_large,p002_loss_large,False,mask_bbox_crop,91204,37439,0.578941,0.213202,0.365739,alex,256,ok,
lama__canonical__canonical__p002_loss_small__content_region__lpips,lama__canonical__canonical__p002_loss_small,lama__canonical__canonical__p002_loss_small,canonical__p002_loss_small,canonical__p002_loss_small,canonical,p002,portrait_figure,Madame X (Madame Pierre Gautreau),John Singer Sargent,19th century portraiture,lama,loss_small,p002_loss_small,False,content_region,344832,18776,0.316159,0.004666,0.311493,alex,256,ok,
lama__canonical__canonical__p002_loss_small__full_image__lpips,lama__canonical__canonical__p002_loss_small,lama__canonical__canonical__p002_loss_small,canonical__p002_loss_small,canonical__p002_loss_small,canonical,p002,portrait_figure,Madame X (Madame Pierre Gautreau),John Singer Sargent,19th century portraiture,lama,loss_small,p002_loss_small,False,full_image,589824,18776,0.219618,0.002513,0.217105,alex,256,ok,
lama__canonical__canonical__p002_loss_small__mask_bbox_crop__lpips,lama__canonical__canonical__p002_loss_small,lama__canonical__canonical__p002_loss_small,canonical__p002_loss_small,canonical__p002_loss_small,canonical,p002,portrait_figure,Madame X (Madame Pierre Gautreau),John Singer Sargent,19th century portraiture,lama,loss_small,p002_loss_small,False,mask_bbox_crop,343396,18776,0.28518,0.004214,0.280966,alex,256,ok,
lama__canonical__canonical__p002_mixed_damage__content_region__lpips,lama__canonical__canonical__p002_mixed_damage,lama__canonical__canonical__p002_mixed_damage,canonical__p002_mixed_damage,canonical__p002_mixed_damage,canonical,p002,portrait_figure,Madame X (Madame Pierre Gautreau),John Singer Sargent,19th century portraiture,lama,mixed_damage,p002_mixed_damage,False,content_region,344832,34546,0.510235,0.004394,0.505841,alex,256,ok,
lama__canonical__canonical__p002_mixed_damage__full_image__lpips,lama__canonical__canonical__p002_mixed_damage,lama__canonical__canonical__p002_mixed_damage,canonical__p002_mixed_damage,canonical__p002_mixed_damage,canonical,p002,portrait_figure,Madame X (Madame Pierre Gautreau),John Singer Sargent,19th century portraiture,lama,mixed_damage,p002_mixed_damage,False,full_image,589824,34546,0.425053,0.004024,0.421029,alex,256,ok,
lama__canonical__canonical__p002_mixed_damage__mask_bbox_crop__lpips,lama__canonical__canonical__p002_mixed_damage,lama__canonical__canonical__p002_mixed_damage,canonical__p002_mixed_damage,canonical__p002_mixed_damage,canonical,p002,portrait_figure,Madame X (Madame Pierre Gautreau),John Singer Sargent,19th century portraiture,lama,mixed_damage,p002_mixed_damage,False,mask_bbox_crop,589824,34546,0.425053,0.004024,0.421029,alex,256,ok,
lama__canonical__canonical__p002_scratch_thin__content_region__lpips,lama__canonical__canonical__p002_scratch_thin,lama__canonical__canonical__p002_scratch_thin,canonical__p002_scratch_thin,canonical__p002_scratch_thin,canonical,p002,portrait_figure,Madame X (Madame Pierre Gautreau),John Singer Sargent,19th century portraiture,lama,scratch_thin,p002_scratch_thin,False,content_region,344832,9599,0.422609,0.001352,0.421257,alex,256,ok,
lama__canonical__canonical__p002_scratch_thin__full_image__lpips,lama__canonical__canonical__p002_scratch_thin,lama__canonical__canonical__p002_scratch_thin,canonical__p002_scratch_thin,canonical__p002_scratch_thin,canonical,p002,portrait_figure,Madame X (Madame Pierre Gautreau),John Singer Sargent,19th century portraiture,lama,scratch_thin,p002_scratch_thin,False,full_image,589824,9599,0.353801,0.001026,0.352775,alex,256,ok,
lama__canonical__canonical__p002_scratch_thin__mask_bbox_crop__lpips,lama__canonical__canonical__p002_scratch_thin,lama__canonical__canonical__p002_scratch_thin,canonical__p002_scratch_thin,canonical__p002_scratch_thin,canonical,p002,portrait_figure,Madame X (Madame Pierre Gautreau),John Singer Sargent,19th century portraiture,lama,scratch_thin,p002_scratch_thin,False,mask_bbox_crop,561001,9599,0.365692,0.001358,0.364334,alex,256,ok,
lama__canonical__canonical__p002_zero_control__content_region__lpips,lama__canonical__canonical__p002_zero_control,lama__canonical__canonical__p002_zero_control,canonical__p002_zero_control,canonical__p002_zero_control,canonical,p002,portrait_figure,Madame X (Madame Pierre Gautreau),John Singer Sargent,19th century portraiture,lama,zero_control,p002_zero_control,True,content_region,344832,0,0.0,0.0,0.0,alex,256,ok,
lama__canonical__canonical__p002_zero_control__full_image__lpips,lama__canonical__canonical__p002_zero_control,lama__canonical__canonical__p002_zero_control,canonical__p002_zero_control,canonical__p002_zero_control,canonical,p002,portrait_figure,Madame X (Madame Pierre Gautreau),John Singer Sargent,19th century portraiture,lama,zero_control,p002_zero_control,True,full_image,589824,0,0.0,0.0,0.0,alex,256,ok,
lama__canonical__canonical__p003_loss_large__content_region__lpips,lama__canonical__canonical__p003_loss_large,lama__canonical__canonical__p003_loss_large,canonical__p003_loss_large,canonical__p003_loss_large,canonical,p003,portrait_figure,Marie Joséphine Charlotte du Val d'Ognes,Marie-Denise Villers,Neoclassical / early 19th century,lama,loss_large,p003_loss_large,False,content_region,471552,61056,0.222703,0.069895,0.152808,alex,256,ok,
lama__canonical__canonical__p003_loss_large__full_image__lpips,lama__canonical__canonical__p003_loss_large,lama__canonical__canonical__p003_loss_large,canonical__p003_loss_large,canonical__p003_loss_large,canonical,p003,portrait_figure,Marie Joséphine Charlotte du Val d'Ognes,Marie-Denise Villers,Neoclassical / early 19th century,lama,loss_large,p003_loss_large,False,full_image,589824,61056,0.186056,0.054689,0.131367,alex,256,ok,
lama__canonical__canonical__p003_loss_large__mask_bbox_crop__lpips,lama__canonical__canonical__p003_loss_large,lama__canonical__canonical__p003_loss_large,canonical__p003_loss_large,canonical__p003_loss_large,canonical,p003,portrait_figure,Marie Joséphine Charlotte du Val d'Ognes,Marie-Denise Villers,Neoclassical / early 19th century,lama,loss_large,p003_loss_large,False,mask_bbox_crop,181476,61056,0.474229,0.183207,0.291022,alex,256,ok,
lama__canonical__canonical__p003_loss_small__content_region__lpips,lama__canonical__canonical__p003_loss_small,lama__canonical__canonical__p003_loss_small,canonical__p003_loss_small,canonical__p003_loss_small,canonical,p003,portrait_figure,Marie Joséphine Charlotte du Val d'Ognes,Marie-Denise Villers,Neoclassical / early 19th century,lama,loss_small,p003_loss_small,False,content_region,471552,21602,0.228176,0.010337,0.217839,alex,256,ok,
lama__canonical__canonical__p003_loss_small__full_image__lpips,lama__canonical__canonical__p003_loss_small,lama__canonical__canonical__p003_loss_small,canonical__p003_loss_small,canonical__p003_loss_small,canonical,p003,portrait_figure,Marie Joséphine Charlotte du Val d'Ognes,Marie-Denise Villers,Neoclassical / early 19th century,lama,loss_small,p003_loss_small,False,full_image,589824,21602,0.213202,0.007219,0.205983,alex,256,ok,
lama__canonical__canonical__p003_loss_small__mask_bbox_crop__lpips,lama__canonical__canonical__p003_loss_small,lama__canonical__canonical__p003_loss_small,canonical__p003_loss_small,canonical__p003_loss_small,canonical,p003,portrait_figure,Marie Joséphine Charlotte du Val d'Ognes,Marie-Denise Villers,Neoclassical / early 19th century,lama,loss_small,p003_loss_small,False,mask_bbox_crop,336400,21602,0.281731,0.013951,0.26778,alex,256,ok,
lama__canonical__canonical__p003_mixed_damage__content_region__lpips,lama__canonical__canonical__p003_mixed_damage,lama__canonical__canonical__p003_mixed_damage,canonical__p003_mixed_damage,canonical__p003_mixed_damage,canonical,p003,portrait_figure,Marie Joséphine Charlotte du Val d'Ognes,Marie-Denise Villers,Neoclassical / early 19th century,lama,mixed_damage,p003_mixed_damage,False,content_region,471552,43486,0.34562,0.022546,0.323074,alex,256,ok,
lama__canonical__canonical__p003_mixed_damage__full_image__lpips,lama__canonical__canonical__p003_mixed_damage,lama__canonical__canonical__p003_mixed_damage,canonical__p003_mixed_damage,canonical__p003_mixed_damage,canonical,p003,portrait_figure,Marie Joséphine Charlotte du Val d'Ognes,Marie-Denise Villers,Neoclassical / early 19th century,lama,mixed_damage,p003_mixed_damage,False,full_image,589824,43486,0.321236,0.017393,0.303843,alex,256,ok,
lama__canonical__canonical__p003_mixed_damage__mask_bbox_crop__lpips,lama__canonical__canonical__p003_mixed_damage,lama__canonical__canonical__p003_mixed_damage,canonical__p003_mixed_damage,canonical__p003_mixed_damage,canonical,p003,portrait_figure,Marie Joséphine Charlotte du Val d'Ognes,Marie-Denise Villers,Neoclassical / early 19th century,lama,mixed_damage,p003_mixed_damage,False,mask_bbox_crop,547600,43486,0.345592,0.022872,0.32272,alex,256,ok,
lama__canonical__canonical__p003_scratch_thin__content_region__lpips,lama__canonical__canonical__p003_scratch_thin,lama__canonical__canonical__p003_scratch_thin,canonical__p003_scratch_thin,canonical__p003_scratch_thin,canonical,p003,portrait_figure,Marie Joséphine Charlotte du Val d'Ognes,Marie-Denise Villers,Neoclassical / early 19th century,lama,scratch_thin,p003_scratch_thin,False,content_region,471552,7403,0.318015,0.000605,0.31741,alex,256,ok,
lama__canonical__canonical__p003_scratch_thin__full_image__lpips,lama__canonical__canonical__p003_scratch_thin,lama__canonical__canonical__p003_scratch_thin,canonical__p003_scratch_thin,canonical__p003_scratch_thin,canonical,p003,portrait_figure,Marie Joséphine Charlotte du Val d'Ognes,Marie-Denise Villers,Neoclassical / early 19th century,lama,scratch_thin,p003_scratch_thin,False,full_image,589824,7403,0.279726,0.000656,0.27907,alex,256,ok,
lama__canonical__canonical__p003_scratch_thin__mask_bbox_crop__lpips,lama__canonical__canonical__p003_scratch_thin,lama__canonical__canonical__p003_scratch_thin,canonical__p003_scratch_thin,canonical__p003_scratch_thin,canonical,p003,portrait_figure,Marie Joséphine Charlotte du Val d'Ognes,Marie-Denise Villers,Neoclassical / early 19th century,lama,scratch_thin,p003_scratch_thin,False,mask_bbox_crop,527076,7403,0.290884,0.000681,0.290203,alex,256,ok,
lama__canonical__canonical__p003_zero_control__content_region__lpips,lama__canonical__canonical__p003_zero_control,lama__canonical__canonical__p003_zero_control,canonical__p003_zero_control,canonical__p003_zero_control,canonical,p003,portrait_figure,Marie Joséphine Charlotte du Val d'Ognes,Marie-Denise Villers,Neoclassical / early 19th century,lama,zero_control,p003_zero_control,True,content_region,471552,0,0.0,0.0,0.0,alex,256,ok,
lama__canonical__canonical__p003_zero_control__full_image__lpips,lama__canonical__canonical__p003_zero_control,lama__canonical__canonical__p003_zero_control,canonical__p003_zero_control,canonical__p003_zero_control,canonical,p003,portrait_figure,Marie Joséphine Charlotte du Val d'Ognes,Marie-Denise Villers,Neoclassical / early 19th century,lama,zero_control,p003_zero_control,True,full_image,589824,0,0.0,0.0,0.0,alex,256,ok,
lama__canonical__canonical__p004_loss_large__content_region__lpips,lama__canonical__canonical__p004_loss_large,lama__canonical__canonical__p004_loss_large,canonical__p004_loss_large,canonical__p004_loss_large,canonical,p004,portrait_figure,Madame Georges Charpentier and Her Children,Pierre-Auguste Renoir,Impressionism,lama,loss_large,p004_loss_large,False,content_region,480000,64390,0.207645,0.069268,0.138377,alex,256,ok,
lama__canonical__canonical__p004_loss_large__full_image__lpips,lama__canonical__canonical__p004_loss_large,lama__canonical__canonical__p004_loss_large,canonical__p004_loss_large,canonical__p004_loss_large,canonical,p004,portrait_figure,Madame Georges Charpentier and Her Children,Pierre-Auguste Renoir,Impressionism,lama,loss_large,p004_loss_large,False,full_image,589824,64390,0.172127,0.056973,0.115154,alex,256,ok,
lama__canonical__canonical__p004_loss_large__mask_bbox_crop__lpips,lama__canonical__canonical__p004_loss_large,lama__canonical__canonical__p004_loss_large,canonical__p004_loss_large,canonical__p004_loss_large,canonical,p004,portrait_figure,Madame Georges Charpentier and Her Children,Pierre-Auguste Renoir,Impressionism,lama,loss_large,p004_loss_large,False,mask_bbox_crop,147456,64390,0.523278,0.228175,0.295103,alex,256,ok,
lama__canonical__canonical__p004_loss_small__content_region__lpips,lama__canonical__canonical__p004_loss_small,lama__canonical__canonical__p004_loss_small,canonical__p004_loss_small,canonical__p004_loss_small,canonical,p004,portrait_figure,Madame Georges Charpentier and Her Children,Pierre-Auguste Renoir,Impressionism,lama,loss_small,p004_loss_small,False,content_region,480000,20406,0.182163,0.009853,0.17231,alex,256,ok,
lama__canonical__canonical__p004_loss_small__full_image__lpips,lama__canonical__canonical__p004_loss_small,lama__canonical__canonical__p004_loss_small,canonical__p004_loss_small,canonical__p004_loss_small,canonical,p004,portrait_figure,Madame Georges Charpentier and Her Children,Pierre-Auguste Renoir,Impressionism,lama,loss_small,p004_loss_small,False,full_image,589824,20406,0.158253,0.007815,0.150438,alex,256,ok,
lama__canonical__canonical__p004_loss_small__mask_bbox_crop__lpips,lama__canonical__canonical__p004_loss_small,lama__canonical__canonical__p004_loss_small,canonical__p004_loss_small,canonical__p004_loss_small,canonical,p004,portrait_figure,Madame Georges Charpentier and Her Children,Pierre-Auguste Renoir,Impressionism,lama,loss_small,p004_loss_small,False,mask_bbox_crop,372100,20406,0.212747,0.016022,0.196725,alex,256,ok,
lama__canonical__canonical__p004_mixed_damage__content_region__lpips,lama__canonical__canonical__p004_mixed_damage,lama__canonical__canonical__p004_mixed_damage,canonical__p004_mixed_damage,canonical__p004_mixed_damage,canonical,p004,portrait_figure,Madame Georges Charpentier and Her Children,Pierre-Auguste Renoir,Impressionism,lama,mixed_damage,p004_mixed_damage,False,content_region,480000,49686,0.374994,0.030067,0.344928,alex,256,ok,
lama__canonical__canonical__p004_mixed_damage__full_image__lpips,lama__canonical__canonical__p004_mixed_damage,lama__canonical__canonical__p004_mixed_damage,canonical__p004_mixed_damage,canonical__p004_mixed_damage,canonical,p004,portrait_figure,Madame Georges Charpentier and Her Children,Pierre-Auguste Renoir,Impressionism,lama,mixed_damage,p004_mixed_damage,False,full_image,589824,49686,0.357995,0.025562,0.332433,alex,256,ok,
lama__canonical__canonical__p004_mixed_damage__mask_bbox_crop__lpips,lama__canonical__canonical__p004_mixed_damage,lama__canonical__canonical__p004_mixed_damage,canonical__p004_mixed_damage,canonical__p004_mixed_damage,canonical,p004,portrait_figure,Madame Georges Charpentier and Her Children,Pierre-Auguste Renoir,Impressionism,lama,mixed_damage,p004_mixed_damage,False,mask_bbox_crop,589824,49686,0.357995,0.025562,0.332433,alex,256,ok,
lama__canonical__canonical__p004_scratch_thin__content_region__lpips,lama__canonical__canonical__p004_scratch_thin,lama__canonical__canonical__p004_scratch_thin,canonical__p004_scratch_thin,canonical__p004_scratch_thin,canonical,p004,portrait_figure,Madame Georges Charpentier and Her Children,Pierre-Auguste Renoir,Impressionism,lama,scratch_thin,p004_scratch_thin,False,content_region,480000,7733,0.217236,0.000698,0.216538,alex,256,ok,
lama__canonical__canonical__p004_scratch_thin__full_image__lpips,lama__canonical__canonical__p004_scratch_thin,lama__canonical__canonical__p004_scratch_thin,canonical__p004_scratch_thin,canonical__p004_scratch_thin,canonical,p004,portrait_figure,Madame Georges Charpentier and Her Children,Pierre-Auguste Renoir,Impressionism,lama,scratch_thin,p004_scratch_thin,False,full_image,589824,7733,0.203481,0.00061,0.202871,alex,256,ok,
lama__canonical__canonical__p004_scratch_thin__mask_bbox_crop__lpips,lama__canonical__canonical__p004_scratch_thin,lama__canonical__canonical__p004_scratch_thin,canonical__p004_scratch_thin,canonical__p004_scratch_thin,canonical,p004,portrait_figure,Madame Georges Charpentier and Her Children,Pierre-Auguste Renoir,Impressionism,lama,scratch_thin,p004_scratch_thin,False,mask_bbox_crop,589824,7733,0.203481,0.00061,0.202871,alex,256,ok,
lama__canonical__canonical__p004_zero_control__content_region__lpips,lama__canonical__canonical__p004_zero_control,lama__canonical__canonical__p004_zero_control,canonical__p004_zero_control,canonical__p004_zero_control,canonical,p004,portrait_figure,Madame Georges Charpentier and Her Children,Pierre-Auguste Renoir,Impressionism,lama,zero_control,p004_zero_control,True,content_region,480000,0,0.0,0.0,0.0,alex,256,ok,
lama__canonical__canonical__p004_zero_control__full_image__lpips,lama__canonical__canonical__p004_zero_control,lama__canonical__canonical__p004_zero_control,canonical__p004_zero_control,canonical__p004_zero_control,canonical,p004,portrait_figure,Madame Georges Charpentier and Her Children,Pierre-Auguste Renoir,Impressionism,lama,zero_control,p004_zero_control,True,full_image,589824,0,0.0,0.0,0.0,alex,256,ok,
lama__canonical__canonical__p005_loss_large__content_region__lpips,lama__canonical__canonical__p005_loss_large,lama__canonical__canonical__p005_loss_large,canonical__p005_loss_large,canonical__p005_loss_large,canonical,p005,portrait_figure,Self-Portrait with Two Pupils,Adélaïde Labille-Guiard,18th century portraiture,lama,loss_large,p005_loss_large,False,content_region,436992,55771,0.21024,0.102559,0.107681,alex,256,ok,
lama__canonical__canonical__p005_loss_large__full_image__lpips,lama__canonical__canonical__p005_loss_large,lama__canonical__canonical__p005_loss_large,canonical__p005_loss_large,canonical__p005_loss_large,canonical,p005,portrait_figure,Self-Portrait with Two Pupils,Adélaïde Labille-Guiard,18th century portraiture,lama,loss_large,p005_loss_large,False,full_image,589824,55771,0.154103,0.074581,0.079522,alex,256,ok,
lama__canonical__canonical__p005_loss_large__mask_bbox_crop__lpips,lama__canonical__canonical__p005_loss_large,lama__canonical__canonical__p005_loss_large,canonical__p005_loss_large,canonical__p005_loss_large,canonical,p005,portrait_figure,Self-Portrait with Two Pupils,Adélaïde Labille-Guiard,18th century portraiture,lama,loss_large,p005_loss_large,False,mask_bbox_crop,109561,55771,0.655348,0.370383,0.284965,alex,256,ok,
lama__canonical__canonical__p005_loss_small__content_region__lpips,lama__canonical__canonical__p005_loss_small,lama__canonical__canonical__p005_loss_small,canonical__p005_loss_small,canonical__p005_loss_small,canonical,p005,portrait_figure,Self-Portrait with Two Pupils,Adélaïde Labille-Guiard,18th century portraiture,lama,loss_small,p005_loss_small,False,content_region,436992,16173,0.186609,0.004602,0.182007,alex,256,ok,
lama__canonical__canonical__p005_loss_small__full_image__lpips,lama__canonical__canonical__p005_loss_small,lama__canonical__canonical__p005_loss_small,canonical__p005_loss_small,canonical__p005_loss_small,canonical,p005,portrait_figure,Self-Portrait with Two Pupils,Adélaïde Labille-Guiard,18th century portraiture,lama,loss_small,p005_loss_small,False,full_image,589824,16173,0.152798,0.0033,0.149498,alex,256,ok,
lama__canonical__canonical__p005_loss_small__mask_bbox_crop__lpips,lama__canonical__canonical__p005_loss_small,lama__canonical__canonical__p005_loss_small,canonical__p005_loss_small,canonical__p005_loss_small,canonical,p005,portrait_figure,Self-Portrait with Two Pupils,Adélaïde Labille-Guiard,18th century portraiture,lama,loss_small,p005_loss_small,False,mask_bbox_crop,224676,16173,0.247492,0.011107,0.236385,alex,256,ok,
lama__canonical__canonical__p005_mixed_damage__content_region__lpips,lama__canonical__canonical__p005_mixed_damage,lama__canonical__canonical__p005_mixed_damage,canonical__p005_mixed_damage,canonical__p005_mixed_damage,canonical,p005,portrait_figure,Self-Portrait with Two Pupils,Adélaïde Labille-Guiard,18th century portraiture,lama,mixed_damage,p005_mixed_damage,False,content_region,436992,35823,0.394662,0.015359,0.379304,alex,256,ok,
lama__canonical__canonical__p005_mixed_damage__full_image__lpips,lama__canonical__canonical__p005_mixed_damage,lama__canonical__canonical__p005_mixed_damage,canonical__p005_mixed_damage,canonical__p005_mixed_damage,canonical,p005,portrait_figure,Self-Portrait with Two Pupils,Adélaïde Labille-Guiard,18th century portraiture,lama,mixed_damage,p005_mixed_damage,False,full_image,589824,35823,0.326123,0.010078,0.316045,alex,256,ok,
lama__canonical__canonical__p005_mixed_damage__mask_bbox_crop__lpips,lama__canonical__canonical__p005_mixed_damage,lama__canonical__canonical__p005_mixed_damage,canonical__p005_mixed_damage,canonical__p005_mixed_damage,canonical,p005,portrait_figure,Self-Portrait with Two Pupils,Adélaïde Labille-Guiard,18th century portraiture,lama,mixed_damage,p005_mixed_damage,False,mask_bbox_crop,589824,35823,0.326123,0.010078,0.316045,alex,256,ok,
lama__canonical__canonical__p005_scratch_thin__content_region__lpips,lama__canonical__canonical__p005_scratch_thin,lama__canonical__canonical__p005_scratch_thin,canonical__p005_scratch_thin,canonical__p005_scratch_thin,canonical,p005,portrait_figure,Self-Portrait with Two Pupils,Adélaïde Labille-Guiard,18th century portraiture,lama,scratch_thin,p005_scratch_thin,False,content_region,436992,10708,0.331233,0.00125,0.329983,alex,256,ok,
lama__canonical__canonical__p005_scratch_thin__full_image__lpips,lama__canonical__canonical__p005_scratch_thin,lama__canonical__canonical__p005_scratch_thin,canonical__p005_scratch_thin,canonical__p005_scratch_thin,canonical,p005,portrait_figure,Self-Portrait with Two Pupils,Adélaïde Labille-Guiard,18th century portraiture,lama,scratch_thin,p005_scratch_thin,False,full_image,589824,10708,0.277284,0.00101,0.276274,alex,256,ok,
lama__canonical__canonical__p005_scratch_thin__mask_bbox_crop__lpips,lama__canonical__canonical__p005_scratch_thin,lama__canonical__canonical__p005_scratch_thin,canonical__p005_scratch_thin,canonical__p005_scratch_thin,canonical,p005,portrait_figure,Self-Portrait with Two Pupils,Adélaïde Labille-Guiard,18th century portraiture,lama,scratch_thin,p005_scratch_thin,False,mask_bbox_crop,436921,10708,0.341843,0.001388,0.340455,alex,256,ok,
lama__canonical__canonical__p005_zero_control__content_region__lpips,lama__canonical__canonical__p005_zero_control,lama__canonical__canonical__p005_zero_control,canonical__p005_zero_control,canonical__p005_zero_control,canonical,p005,portrait_figure,Self-Portrait with Two Pupils,Adélaïde Labille-Guiard,18th century portraiture,lama,zero_control,p005_zero_control,True,content_region,436992,0,0.0,0.0,0.0,alex,256,ok,
lama__canonical__canonical__p005_zero_control__full_image__lpips,lama__canonical__canonical__p005_zero_control,lama__canonical__canonical__p005_zero_control,canonical__p005_zero_control,canonical__p005_zero_control,canonical,p005,portrait_figure,Self-Portrait with Two Pupils,Adélaïde Labille-Guiard,18th century portraiture,lama,zero_control,p005_zero_control,True,full_image,589824,0,0.0,0.0,0.0,alex,256,ok,
lama__canonical__canonical__p006_loss_large__content_region__lpips,lama__canonical__canonical__p006_loss_large,lama__canonical__canonical__p006_loss_large,canonical__p006_loss_large,canonical__p006_loss_large,canonical,p006,portrait_figure,Boy with a Sword,Édouard Manet,Realism / early modern French painting,lama,loss_large,p006_loss_large,False,content_region,442368,60137,0.261374,0.060794,0.20058,alex,256,ok,
lama__canonical__canonical__p006_loss_large__full_image__lpips,lama__canonical__canonical__p006_loss_large,lama__canonical__canonical__p006_loss_large,canonical__p006_loss_large,canonical__p006_loss_large,canonical,p006,portrait_figure,Boy with a Sword,Édouard Manet,Realism / early modern French painting,lama,loss_large,p006_loss_large,False,full_image,589824,60137,0.21719,0.041573,0.175617,alex,256,ok,
lama__canonical__canonical__p006_loss_large__mask_bbox_crop__lpips,lama__canonical__canonical__p006_loss_large,lama__canonical__canonical__p006_loss_large,canonical__p006_loss_large,canonical__p006_loss_large,canonical,p006,portrait_figure,Boy with a Sword,Édouard Manet,Realism / early modern French painting,lama,loss_large,p006_loss_large,False,mask_bbox_crop,128881,60137,0.622926,0.204314,0.418611,alex,256,ok,
lama__canonical__canonical__p006_loss_small__content_region__lpips,lama__canonical__canonical__p006_loss_small,lama__canonical__canonical__p006_loss_small,canonical__p006_loss_small,canonical__p006_loss_small,canonical,p006,portrait_figure,Boy with a Sword,Édouard Manet,Realism / early modern French painting,lama,loss_small,p006_loss_small,False,content_region,442368,17979,0.336303,0.004284,0.332019,alex,256,ok,
lama__canonical__canonical__p006_loss_small__full_image__lpips,lama__canonical__canonical__p006_loss_small,lama__canonical__canonical__p006_loss_small,canonical__p006_loss_small,canonical__p006_loss_small,canonical,p006,portrait_figure,Boy with a Sword,Édouard Manet,Realism / early modern French painting,lama,loss_small,p006_loss_small,False,full_image,589824,17979,0.258542,0.002488,0.256054,alex,256,ok,
lama__canonical__canonical__p006_loss_small__mask_bbox_crop__lpips,lama__canonical__canonical__p006_loss_small,lama__canonical__canonical__p006_loss_small,canonical__p006_loss_small,canonical__p006_loss_small,canonical,p006,portrait_figure,Boy with a Sword,Édouard Manet,Realism / early modern French painting,lama,loss_small,p006_loss_small,False,mask_bbox_crop,419904,17979,0.311419,0.005081,0.306337,alex,256,ok,
lama__canonical__canonical__p006_mixed_damage__content_region__lpips,lama__canonical__canonical__p006_mixed_damage,lama__canonical__canonical__p006_mixed_damage,canonical__p006_mixed_damage,canonical__p006_mixed_damage,canonical,p006,portrait_figure,Boy with a Sword,Édouard Manet,Realism / early modern French painting,lama,mixed_damage,p006_mixed_damage,False,content_region,442368,42916,0.568613,0.019427,0.549186,alex,256,ok,
lama__canonical__canonical__p006_mixed_damage__full_image__lpips,lama__canonical__canonical__p006_mixed_damage,lama__canonical__canonical__p006_mixed_damage,canonical__p006_mixed_damage,canonical__p006_mixed_damage,canonical,p006,portrait_figure,Boy with a Sword,Édouard Manet,Realism / early modern French painting,lama,mixed_damage,p006_mixed_damage,False,full_image,589824,42916,0.494518,0.016288,0.47823,alex,256,ok,
lama__canonical__canonical__p006_mixed_damage__mask_bbox_crop__lpips,lama__canonical__canonical__p006_mixed_damage,lama__canonical__canonical__p006_mixed_damage,canonical__p006_mixed_damage,canonical__p006_mixed_damage,canonical,p006,portrait_figure,Boy with a Sword,Édouard Manet,Realism / early modern French painting,lama,mixed_damage,p006_mixed_damage,False,mask_bbox_crop,589824,42916,0.494518,0.016288,0.47823,alex,256,ok,
lama__canonical__canonical__p006_scratch_thin__content_region__lpips,lama__canonical__canonical__p006_scratch_thin,lama__canonical__canonical__p006_scratch_thin,canonical__p006_scratch_thin,canonical__p006_scratch_thin,canonical,p006,portrait_figure,Boy with a Sword,Édouard Manet,Realism / early modern French painting,lama,scratch_thin,p006_scratch_thin,False,content_region,442368,12613,0.491287,0.001267,0.490019,alex,256,ok,
lama__canonical__canonical__p006_scratch_thin__full_image__lpips,lama__canonical__canonical__p006_scratch_thin,lama__canonical__canonical__p006_scratch_thin,canonical__p006_scratch_thin,canonical__p006_scratch_thin,canonical,p006,portrait_figure,Boy with a Sword,Édouard Manet,Realism / early modern French painting,lama,scratch_thin,p006_scratch_thin,False,full_image,589824,12613,0.416684,0.001023,0.415661,alex,256,ok,
lama__canonical__canonical__p006_scratch_thin__mask_bbox_crop__lpips,lama__canonical__canonical__p006_scratch_thin,lama__canonical__canonical__p006_scratch_thin,canonical__p006_scratch_thin,canonical__p006_scratch_thin,canonical,p006,portrait_figure,Boy with a Sword,Édouard Manet,Realism / early modern French painting,lama,scratch_thin,p006_scratch_thin,False,mask_bbox_crop,589824,12613,0.416684,0.001023,0.415661,alex,256,ok,
lama__canonical__canonical__p006_zero_control__content_region__lpips,lama__canonical__canonical__p006_zero_control,lama__canonical__canonical__p006_zero_control,canonical__p006_zero_control,canonical__p006_zero_control,canonical,p006,portrait_figure,Boy with a Sword,Édouard Manet,Realism / early modern French painting,lama,zero_control,p006_zero_control,True,content_region,442368,0,0.0,0.0,0.0,alex,256,ok,
lama__canonical__canonical__p006_zero_control__full_image__lpips,lama__canonical__canonical__p006_zero_control,lama__canonical__canonical__p006_zero_control,canonical__p006_zero_control,canonical__p006_zero_control,canonical,p006,portrait_figure,Boy with a Sword,Édouard Manet,Realism / early modern French painting,lama,zero_control,p006_zero_control,True,full_image,589824,0,0.0,0.0,0.0,alex,256,ok,
lama__canonical__canonical__p007_loss_large__content_region__lpips,lama__canonical__canonical__p007_loss_large,lama__canonical__canonical__p007_loss_large,canonical__p007_loss_large,canonical__p007_loss_large,canonical,p007,portrait_figure,Princesse de Broglie,Jean-Auguste-Dominique Ingres,Neoclassical,lama,loss_large,p007_loss_large,False,content_region,445440,45215,0.182569,0.067061,0.115508,alex,256,ok,
lama__canonical__canonical__p007_loss_large__full_image__lpips,lama__canonical__canonical__p007_loss_large,lama__canonical__canonical__p007_loss_large,canonical__p007_loss_large,canonical__p007_loss_large,canonical,p007,portrait_figure,Princesse de Broglie,Jean-Auguste-Dominique Ingres,Neoclassical,lama,loss_large,p007_loss_large,False,full_image,589824,45215,0.154233,0.051536,0.102697,alex,256,ok,
lama__canonical__canonical__p007_loss_large__mask_bbox_crop__lpips,lama__canonical__canonical__p007_loss_large,lama__canonical__canonical__p007_loss_large,canonical__p007_loss_large,canonical__p007_loss_large,canonical,p007,portrait_figure,Princesse de Broglie,Jean-Auguste-Dominique Ingres,Neoclassical,lama,loss_large,p007_loss_large,False,mask_bbox_crop,95481,45215,0.587301,0.26947,0.317832,alex,256,ok,
lama__canonical__canonical__p007_loss_small__content_region__lpips,lama__canonical__canonical__p007_loss_small,lama__canonical__canonical__p007_loss_small,canonical__p007_loss_small,canonical__p007_loss_small,canonical,p007,portrait_figure,Princesse de Broglie,Jean-Auguste-Dominique Ingres,Neoclassical,lama,loss_small,p007_loss_small,False,content_region,445440,19342,0.190268,0.010358,0.17991,alex,256,ok,
lama__canonical__canonical__p007_loss_small__full_image__lpips,lama__canonical__canonical__p007_loss_small,lama__canonical__canonical__p007_loss_small,canonical__p007_loss_small,canonical__p007_loss_small,canonical,p007,portrait_figure,Princesse de Broglie,Jean-Auguste-Dominique Ingres,Neoclassical,lama,loss_small,p007_loss_small,False,full_image,589824,19342,0.163386,0.006385,0.157001,alex,256,ok,
lama__canonical__canonical__p007_loss_small__mask_bbox_crop__lpips,lama__canonical__canonical__p007_loss_small,lama__canonical__canonical__p007_loss_small,canonical__p007_loss_small,canonical__p007_loss_small,canonical,p007,portrait_figure,Princesse de Broglie,Jean-Auguste-Dominique Ingres,Neoclassical,lama,loss_small,p007_loss_small,False,mask_bbox_crop,264196,19342,0.21805,0.010562,0.207488,alex,256,ok,
lama__canonical__canonical__p007_mixed_damage__content_region__lpips,lama__canonical__canonical__p007_mixed_damage,lama__canonical__canonical__p007_mixed_damage,canonical__p007_mixed_damage,canonical__p007_mixed_damage,canonical,p007,portrait_figure,Princesse de Broglie,Jean-Auguste-Dominique Ingres,Neoclassical,lama,mixed_damage,p007_mixed_damage,False,content_region,445440,37452,0.327722,0.019698,0.308024,alex,256,ok,
lama__canonical__canonical__p007_mixed_damage__full_image__lpips,lama__canonical__canonical__p007_mixed_damage,lama__canonical__canonical__p007_mixed_damage,canonical__p007_mixed_damage,canonical__p007_mixed_damage,canonical,p007,portrait_figure,Princesse de Broglie,Jean-Auguste-Dominique Ingres,Neoclassical,lama,mixed_damage,p007_mixed_damage,False,full_image,589824,37452,0.292219,0.014035,0.278184,alex,256,ok,
lama__canonical__canonical__p007_mixed_damage__mask_bbox_crop__lpips,lama__canonical__canonical__p007_mixed_damage,lama__canonical__canonical__p007_mixed_damage,canonical__p007_mixed_damage,canonical__p007_mixed_damage,canonical,p007,portrait_figure,Princesse de Broglie,Jean-Auguste-Dominique Ingres,Neoclassical,lama,mixed_damage,p007_mixed_damage,False,mask_bbox_crop,589824,37452,0.292219,0.014035,0.278184,alex,256,ok,
lama__canonical__canonical__p007_scratch_thin__content_region__lpips,lama__canonical__canonical__p007_scratch_thin,lama__canonical__canonical__p007_scratch_thin,canonical__p007_scratch_thin,canonical__p007_scratch_thin,canonical,p007,portrait_figure,Princesse de Broglie,Jean-Auguste-Dominique Ingres,Neoclassical,lama,scratch_thin,p007_scratch_thin,False,content_region,445440,10223,0.371581,0.000586,0.370994,alex,256,ok,
lama__canonical__canonical__p007_scratch_thin__full_image__lpips,lama__canonical__canonical__p007_scratch_thin,lama__canonical__canonical__p007_scratch_thin,canonical__p007_scratch_thin,canonical__p007_scratch_thin,canonical,p007,portrait_figure,Princesse de Broglie,Jean-Auguste-Dominique Ingres,Neoclassical,lama,scratch_thin,p007_scratch_thin,False,full_image,589824,10223,0.329386,0.000871,0.328514,alex,256,ok,
lama__canonical__canonical__p007_scratch_thin__mask_bbox_crop__lpips,lama__canonical__canonical__p007_scratch_thin,lama__canonical__canonical__p007_scratch_thin,canonical__p007_scratch_thin,canonical__p007_scratch_thin,canonical,p007,portrait_figure,Princesse de Broglie,Jean-Auguste-Dominique Ingres,Neoclassical,lama,scratch_thin,p007_scratch_thin,False,mask_bbox_crop,589824,10223,0.329386,0.000871,0.328514,alex,256,ok,
lama__canonical__canonical__p007_zero_control__content_region__lpips,lama__canonical__canonical__p007_zero_control,lama__canonical__canonical__p007_zero_control,canonical__p007_zero_control,canonical__p007_zero_control,canonical,p007,portrait_figure,Princesse de Broglie,Jean-Auguste-Dominique Ingres,Neoclassical,lama,zero_control,p007_zero_control,True,content_region,445440,0,0.0,0.0,0.0,alex,256,ok,
lama__canonical__canonical__p007_zero_control__full_image__lpips,lama__canonical__canonical__p007_zero_control,lama__canonical__canonical__p007_zero_control,canonical__p007_zero_control,canonical__p007_zero_control,canonical,p007,portrait_figure,Princesse de Broglie,Jean-Auguste-Dominique Ingres,Neoclassical,lama,zero_control,p007_zero_control,True,full_image,589824,0,0.0,0.0,0.0,alex,256,ok,
lama__canonical__canonical__p008_loss_large__content_region__lpips,lama__canonical__canonical__p008_loss_large,lama__canonical__canonical__p008_loss_large,canonical__p008_loss_large,canonical__p008_loss_large,canonical,p008,portrait_figure,Manuel Osorio Manrique de Zuñiga,Francisco de Goya y Lucientes,Spanish portraiture,lama,loss_large,p008_loss_large,False,content_region,434688,45900,0.165665,0.055146,0.110519,alex,256,ok,
lama__canonical__canonical__p008_loss_large__full_image__lpips,lama__canonical__canonical__p008_loss_large,lama__canonical__canonical__p008_loss_large,canonical__p008_loss_large,canonical__p008_loss_large,canonical,p008,portrait_figure,Manuel Osorio Manrique de Zuñiga,Francisco de Goya y Lucientes,Spanish portraiture,lama,loss_large,p008_loss_large,False,full_image,589824,45900,0.142753,0.041415,0.101337,alex,256,ok,
lama__canonical__canonical__p008_loss_large__mask_bbox_crop__lpips,lama__canonical__canonical__p008_loss_large,lama__canonical__canonical__p008_loss_large,canonical__p008_loss_large,canonical__p008_loss_large,canonical,p008,portrait_figure,Manuel Osorio Manrique de Zuñiga,Francisco de Goya y Lucientes,Spanish portraiture,lama,loss_large,p008_loss_large,False,mask_bbox_crop,104976,45900,0.608452,0.243618,0.364833,alex,256,ok,
lama__canonical__canonical__p008_loss_small__content_region__lpips,lama__canonical__canonical__p008_loss_small,lama__canonical__canonical__p008_loss_small,canonical__p008_loss_small,canonical__p008_loss_small,canonical,p008,portrait_figure,Manuel Osorio Manrique de Zuñiga,Francisco de Goya y Lucientes,Spanish portraiture,lama,loss_small,p008_loss_small,False,content_region,434688,23917,0.254407,0.007467,0.24694,alex,256,ok,
lama__canonical__canonical__p008_loss_small__full_image__lpips,lama__canonical__canonical__p008_loss_small,lama__canonical__canonical__p008_loss_small,canonical__p008_loss_small,canonical__p008_loss_small,canonical,p008,portrait_figure,Manuel Osorio Manrique de Zuñiga,Francisco de Goya y Lucientes,Spanish portraiture,lama,loss_small,p008_loss_small,False,full_image,589824,23917,0.21445,0.004456,0.209993,alex,256,ok,
lama__canonical__canonical__p008_loss_small__mask_bbox_crop__lpips,lama__canonical__canonical__p008_loss_small,lama__canonical__canonical__p008_loss_small,canonical__p008_loss_small,canonical__p008_loss_small,canonical,p008,portrait_figure,Manuel Osorio Manrique de Zuñiga,Francisco de Goya y Lucientes,Spanish portraiture,lama,loss_small,p008_loss_small,False,mask_bbox_crop,385641,23917,0.242251,0.006843,0.235408,alex,256,ok,
lama__canonical__canonical__p008_mixed_damage__content_region__lpips,lama__canonical__canonical__p008_mixed_damage,lama__canonical__canonical__p008_mixed_damage,canonical__p008_mixed_damage,canonical__p008_mixed_damage,canonical,p008,portrait_figure,Manuel Osorio Manrique de Zuñiga,Francisco de Goya y Lucientes,Spanish portraiture,lama,mixed_damage,p008_mixed_damage,False,content_region,434688,39423,0.451077,0.012156,0.43892,alex,256,ok,
lama__canonical__canonical__p008_mixed_damage__full_image__lpips,lama__canonical__canonical__p008_mixed_damage,lama__canonical__canonical__p008_mixed_damage,canonical__p008_mixed_damage,canonical__p008_mixed_damage,canonical,p008,portrait_figure,Manuel Osorio Manrique de Zuñiga,Francisco de Goya y Lucientes,Spanish portraiture,lama,mixed_damage,p008_mixed_damage,False,full_image,589824,39423,0.415663,0.011998,0.403664,alex,256,ok,
lama__canonical__canonical__p008_mixed_damage__mask_bbox_crop__lpips,lama__canonical__canonical__p008_mixed_damage,lama__canonical__canonical__p008_mixed_damage,canonical__p008_mixed_damage,canonical__p008_mixed_damage,canonical,p008,portrait_figure,Manuel Osorio Manrique de Zuñiga,Francisco de Goya y Lucientes,Spanish portraiture,lama,mixed_damage,p008_mixed_damage,False,mask_bbox_crop,583696,39423,0.413497,0.011012,0.402485,alex,256,ok,
lama__canonical__canonical__p008_scratch_thin__content_region__lpips,lama__canonical__canonical__p008_scratch_thin,lama__canonical__canonical__p008_scratch_thin,canonical__p008_scratch_thin,canonical__p008_scratch_thin,canonical,p008,portrait_figure,Manuel Osorio Manrique de Zuñiga,Francisco de Goya y Lucientes,Spanish portraiture,lama,scratch_thin,p008_scratch_thin,False,content_region,434688,10439,0.456476,0.003265,0.453211,alex,256,ok,
lama__canonical__canonical__p008_scratch_thin__full_image__lpips,lama__canonical__canonical__p008_scratch_thin,lama__canonical__canonical__p008_scratch_thin,canonical__p008_scratch_thin,canonical__p008_scratch_thin,canonical,p008,portrait_figure,Manuel Osorio Manrique de Zuñiga,Francisco de Goya y Lucientes,Spanish portraiture,lama,scratch_thin,p008_scratch_thin,False,full_image,589824,10439,0.424839,0.003792,0.421047,alex,256,ok,
lama__canonical__canonical__p008_scratch_thin__mask_bbox_crop__lpips,lama__canonical__canonical__p008_scratch_thin,lama__canonical__canonical__p008_scratch_thin,canonical__p008_scratch_thin,canonical__p008_scratch_thin,canonical,p008,portrait_figure,Manuel Osorio Manrique de Zuñiga,Francisco de Goya y Lucientes,Spanish portraiture,lama,scratch_thin,p008_scratch_thin,False,mask_bbox_crop,589824,10439,0.424839,0.003792,0.421047,alex,256,ok,
lama__canonical__canonical__p008_zero_control__content_region__lpips,lama__canonical__canonical__p008_zero_control,lama__canonical__canonical__p008_zero_control,canonical__p008_zero_control,canonical__p008_zero_control,canonical,p008,portrait_figure,Manuel Osorio Manrique de Zuñiga,Francisco de Goya y Lucientes,Spanish portraiture,lama,zero_control,p008_zero_control,True,content_region,434688,0,0.0,0.0,0.0,alex,256,ok,
lama__canonical__canonical__p008_zero_control__full_image__lpips,lama__canonical__canonical__p008_zero_control,lama__canonical__canonical__p008_zero_control,canonical__p008_zero_control,canonical__p008_zero_control,canonical,p008,portrait_figure,Manuel Osorio Manrique de Zuñiga,Francisco de Goya y Lucientes,Spanish portraiture,lama,zero_control,p008_zero_control,True,full_image,589824,0,0.0,0.0,0.0,alex,256,ok,
lama__canonical__canonical__p009_loss_large__content_region__lpips,lama__canonical__canonical__p009_loss_large,lama__canonical__canonical__p009_loss_large,canonical__p009_loss_large,canonical__p009_loss_large,canonical,p009,portrait_figure,Madame Roulin and Her Baby,Vincent van Gogh,Post-Impressionism,lama,loss_large,p009_loss_large,False,content_region,473856,54933,0.180137,0.111168,0.06897,alex,256,ok,
lama__canonical__canonical__p009_loss_large__full_image__lpips,lama__canonical__canonical__p009_loss_large,lama__canonical__canonical__p009_loss_large,canonical__p009_loss_large,canonical__p009_loss_large,canonical,p009,portrait_figure,Madame Roulin and Her Baby,Vincent van Gogh,Post-Impressionism,lama,loss_large,p009_loss_large,False,full_image,589824,54933,0.147879,0.093841,0.054038,alex,256,ok,
lama__canonical__canonical__p009_loss_large__mask_bbox_crop__lpips,lama__canonical__canonical__p009_loss_large,lama__canonical__canonical__p009_loss_large,canonical__p009_loss_large,canonical__p009_loss_large,canonical,p009,portrait_figure,Madame Roulin and Her Baby,Vincent van Gogh,Post-Impressionism,lama,loss_large,p009_loss_large,False,mask_bbox_crop,121104,54933,0.556499,0.332141,0.224358,alex,256,ok,
lama__canonical__canonical__p009_loss_small__content_region__lpips,lama__canonical__canonical__p009_loss_small,lama__canonical__canonical__p009_loss_small,canonical__p009_loss_small,canonical__p009_loss_small,canonical,p009,portrait_figure,Madame Roulin and Her Baby,Vincent van Gogh,Post-Impressionism,lama,loss_small,p009_loss_small,False,content_region,473856,18061,0.102109,0.005773,0.096337,alex,256,ok,
lama__canonical__canonical__p009_loss_small__full_image__lpips,lama__canonical__canonical__p009_loss_small,lama__canonical__canonical__p009_loss_small,canonical__p009_loss_small,canonical__p009_loss_small,canonical,p009,portrait_figure,Madame Roulin and Her Baby,Vincent van Gogh,Post-Impressionism,lama,loss_small,p009_loss_small,False,full_image,589824,18061,0.08377,0.003749,0.080021,alex,256,ok,
lama__canonical__canonical__p009_loss_small__mask_bbox_crop__lpips,lama__canonical__canonical__p009_loss_small,lama__canonical__canonical__p009_loss_small,canonical__p009_loss_small,canonical__p009_loss_small,canonical,p009,portrait_figure,Madame Roulin and Her Baby,Vincent van Gogh,Post-Impressionism,lama,loss_small,p009_loss_small,False,mask_bbox_crop,455625,18061,0.098082,0.00411,0.093971,alex,256,ok,
lama__canonical__canonical__p009_mixed_damage__content_region__lpips,lama__canonical__canonical__p009_mixed_damage,lama__canonical__canonical__p009_mixed_damage,canonical__p009_mixed_damage,canonical__p009_mixed_damage,canonical,p009,portrait_figure,Madame Roulin and Her Baby,Vincent van Gogh,Post-Impressionism,lama,mixed_damage,p009_mixed_damage,False,content_region,473856,40422,0.255704,0.030236,0.225469,alex,256,ok,
lama__canonical__canonical__p009_mixed_damage__full_image__lpips,lama__canonical__canonical__p009_mixed_damage,lama__canonical__canonical__p009_mixed_damage,canonical__p009_mixed_damage,canonical__p009_mixed_damage,canonical,p009,portrait_figure,Madame Roulin and Her Baby,Vincent van Gogh,Post-Impressionism,lama,mixed_damage,p009_mixed_damage,False,full_image,589824,40422,0.243441,0.033338,0.210103,alex,256,ok,
lama__canonical__canonical__p009_mixed_damage__mask_bbox_crop__lpips,lama__canonical__canonical__p009_mixed_damage,lama__canonical__canonical__p009_mixed_damage,canonical__p009_mixed_damage,canonical__p009_mixed_damage,canonical,p009,portrait_figure,Madame Roulin and Her Baby,Vincent van Gogh,Post-Impressionism,lama,mixed_damage,p009_mixed_damage,False,mask_bbox_crop,498436,40422,0.258015,0.032812,0.225204,alex,256,ok,
lama__canonical__canonical__p009_scratch_thin__content_region__lpips,lama__canonical__canonical__p009_scratch_thin,lama__canonical__canonical__p009_scratch_thin,canonical__p009_scratch_thin,canonical__p009_scratch_thin,canonical,p009,portrait_figure,Madame Roulin and Her Baby,Vincent van Gogh,Post-Impressionism,lama,scratch_thin,p009_scratch_thin,False,content_region,473856,12074,0.191485,0.002809,0.188676,alex,256,ok,
lama__canonical__canonical__p009_scratch_thin__full_image__lpips,lama__canonical__canonical__p009_scratch_thin,lama__canonical__canonical__p009_scratch_thin,canonical__p009_scratch_thin,canonical__p009_scratch_thin,canonical,p009,portrait_figure,Madame Roulin and Her Baby,Vincent van Gogh,Post-Impressionism,lama,scratch_thin,p009_scratch_thin,False,full_image,589824,12074,0.180258,0.00466,0.175598,alex,256,ok,
lama__canonical__canonical__p009_scratch_thin__mask_bbox_crop__lpips,lama__canonical__canonical__p009_scratch_thin,lama__canonical__canonical__p009_scratch_thin,canonical__p009_scratch_thin,canonical__p009_scratch_thin,canonical,p009,portrait_figure,Madame Roulin and Her Baby,Vincent van Gogh,Post-Impressionism,lama,scratch_thin,p009_scratch_thin,False,mask_bbox_crop,579121,12074,0.185533,0.004535,0.180998,alex,256,ok,
lama__canonical__canonical__p009_zero_control__content_region__lpips,lama__canonical__canonical__p009_zero_control,lama__canonical__canonical__p009_zero_control,canonical__p009_zero_control,canonical__p009_zero_control,canonical,p009,portrait_figure,Madame Roulin and Her Baby,Vincent van Gogh,Post-Impressionism,lama,zero_control,p009_zero_control,True,content_region,473856,0,0.0,0.0,0.0,alex,256,ok,
lama__canonical__canonical__p009_zero_control__full_image__lpips,lama__canonical__canonical__p009_zero_control,lama__canonical__canonical__p009_zero_control,canonical__p009_zero_control,canonical__p009_zero_control,canonical,p009,portrait_figure,Madame Roulin and Her Baby,Vincent van Gogh,Post-Impressionism,lama,zero_control,p009_zero_control,True,full_image,589824,0,0.0,0.0,0.0,alex,256,ok,
lama__canonical__canonical__p010_loss_large__content_region__lpips,lama__canonical__canonical__p010_loss_large,lama__canonical__canonical__p010_loss_large,canonical__p010_loss_large,canonical__p010_loss_large,canonical,p010,portrait_figure,Joan of Arc,Jules Bastien-Lepage,19th century French painting,lama,loss_large,p010_loss_large,False,content_region,533760,73017,0.305812,0.058444,0.247369,alex,256,ok,
lama__canonical__canonical__p010_loss_large__full_image__lpips,lama__canonical__canonical__p010_loss_large,lama__canonical__canonical__p010_loss_large,canonical__p010_loss_large,canonical__p010_loss_large,canonical,p010,portrait_figure,Joan of Arc,Jules Bastien-Lepage,19th century French painting,lama,loss_large,p010_loss_large,False,full_image,589824,73017,0.280721,0.053253,0.227468,alex,256,ok,
lama__canonical__canonical__p010_loss_large__mask_bbox_crop__lpips,lama__canonical__canonical__p010_loss_large,lama__canonical__canonical__p010_loss_large,canonical__p010_loss_large,canonical__p010_loss_large,canonical,p010,portrait_figure,Joan of Arc,Jules Bastien-Lepage,19th century French painting,lama,loss_large,p010_loss_large,False,mask_bbox_crop,527076,73017,0.323268,0.065468,0.257799,alex,256,ok,
lama__canonical__canonical__p010_loss_small__content_region__lpips,lama__canonical__canonical__p010_loss_small,lama__canonical__canonical__p010_loss_small,canonical__p010_loss_small,canonical__p010_loss_small,canonical,p010,portrait_figure,Joan of Arc,Jules Bastien-Lepage,19th century French painting,lama,loss_small,p010_loss_small,False,content_region,533760,19717,0.288577,0.007997,0.28058,alex,256,ok,
lama__canonical__canonical__p010_loss_small__full_image__lpips,lama__canonical__canonical__p010_loss_small,lama__canonical__canonical__p010_loss_small,canonical__p010_loss_small,canonical__p010_loss_small,canonical,p010,portrait_figure,Joan of Arc,Jules Bastien-Lepage,19th century French painting,lama,loss_small,p010_loss_small,False,full_image,589824,19717,0.281263,0.008719,0.272543,alex,256,ok,
lama__canonical__canonical__p010_loss_small__mask_bbox_crop__lpips,lama__canonical__canonical__p010_loss_small,lama__canonical__canonical__p010_loss_small,canonical__p010_loss_small,canonical__p010_loss_small,canonical,p010,portrait_figure,Joan of Arc,Jules Bastien-Lepage,19th century French painting,lama,loss_small,p010_loss_small,False,mask_bbox_crop,423801,19717,0.32999,0.012376,0.317615,alex,256,ok,
lama__canonical__canonical__p010_mixed_damage__content_region__lpips,lama__canonical__canonical__p010_mixed_damage,lama__canonical__canonical__p010_mixed_damage,canonical__p010_mixed_damage,canonical__p010_mixed_damage,canonical,p010,portrait_figure,Joan of Arc,Jules Bastien-Lepage,19th century French painting,lama,mixed_damage,p010_mixed_damage,False,content_region,533760,43214,0.421153,0.022134,0.39902,alex,256,ok,
lama__canonical__canonical__p010_mixed_damage__full_image__lpips,lama__canonical__canonical__p010_mixed_damage,lama__canonical__canonical__p010_mixed_damage,canonical__p010_mixed_damage,canonical__p010_mixed_damage,canonical,p010,portrait_figure,Joan of Arc,Jules Bastien-Lepage,19th century French painting,lama,mixed_damage,p010_mixed_damage,False,full_image,589824,43214,0.42494,0.023604,0.401336,alex,256,ok,
lama__canonical__canonical__p010_mixed_damage__mask_bbox_crop__lpips,lama__canonical__canonical__p010_mixed_damage,lama__canonical__canonical__p010_mixed_damage,canonical__p010_mixed_damage,canonical__p010_mixed_damage,canonical,p010,portrait_figure,Joan of Arc,Jules Bastien-Lepage,19th century French painting,lama,mixed_damage,p010_mixed_damage,False,mask_bbox_crop,521284,43214,0.449904,0.026656,0.423248,alex,256,ok,
lama__canonical__canonical__p010_scratch_thin__content_region__lpips,lama__canonical__canonical__p010_scratch_thin,lama__canonical__canonical__p010_scratch_thin,canonical__p010_scratch_thin,canonical__p010_scratch_thin,canonical,p010,portrait_figure,Joan of Arc,Jules Bastien-Lepage,19th century French painting,lama,scratch_thin,p010_scratch_thin,False,content_region,533760,13544,0.416672,0.001859,0.414813,alex,256,ok,
lama__canonical__canonical__p010_scratch_thin__full_image__lpips,lama__canonical__canonical__p010_scratch_thin,lama__canonical__canonical__p010_scratch_thin,canonical__p010_scratch_thin,canonical__p010_scratch_thin,canonical,p010,portrait_figure,Joan of Arc,Jules Bastien-Lepage,19th century French painting,lama,scratch_thin,p010_scratch_thin,False,full_image,589824,13544,0.433097,0.001752,0.431344,alex,256,ok,
lama__canonical__canonical__p010_scratch_thin__mask_bbox_crop__lpips,lama__canonical__canonical__p010_scratch_thin,lama__canonical__canonical__p010_scratch_thin,canonical__p010_scratch_thin,canonical__p010_scratch_thin,canonical,p010,portrait_figure,Joan of Arc,Jules Bastien-Lepage,19th century French painting,lama,scratch_thin,p010_scratch_thin,False,mask_bbox_crop,589824,13544,0.433097,0.001752,0.431344,alex,256,ok,
lama__canonical__canonical__p010_zero_control__content_region__lpips,lama__canonical__canonical__p010_zero_control,lama__canonical__canonical__p010_zero_control,canonical__p010_zero_control,canonical__p010_zero_control,canonical,p010,portrait_figure,Joan of Arc,Jules Bastien-Lepage,19th century French painting,lama,zero_control,p010_zero_control,True,content_region,533760,0,0.0,0.0,0.0,alex,256,ok,
lama__canonical__canonical__p010_zero_control__full_image__lpips,lama__canonical__canonical__p010_zero_control,lama__canonical__canonical__p010_zero_control,canonical__p010_zero_control,canonical__p010_zero_control,canonical,p010,portrait_figure,Joan of Arc,Jules Bastien-Lepage,19th century French painting,lama,zero_control,p010_zero_control,True,full_image,589824,0,0.0,0.0,0.0,alex,256,ok,
lama__canonical__canonical__p011_loss_large__content_region__lpips,lama__canonical__canonical__p011_loss_large,lama__canonical__canonical__p011_loss_large,canonical__p011_loss_large,canonical__p011_loss_large,canonical,p011,landscape_natural,View of Haarlem and the Haarlemmer Meer,Jan van Goyen,,lama,loss_large,p011_loss_large,False,content_region,405504,42824,0.24336,0.025825,0.217535,alex,256,ok,
lama__canonical__canonical__p011_loss_large__full_image__lpips,lama__canonical__canonical__p011_loss_large,lama__canonical__canonical__p011_loss_large,canonical__p011_loss_large,canonical__p011_loss_large,canonical,p011,landscape_natural,View of Haarlem and the Haarlemmer Meer,Jan van Goyen,,lama,loss_large,p011_loss_large,False,full_image,589824,42824,0.168848,0.014005,0.154843,alex,256,ok,
lama__canonical__canonical__p011_loss_large__mask_bbox_crop__lpips,lama__canonical__canonical__p011_loss_large,lama__canonical__canonical__p011_loss_large,canonical__p011_loss_large,canonical__p011_loss_large,canonical,p011,landscape_natural,View of Haarlem and the Haarlemmer Meer,Jan van Goyen,,lama,loss_large,p011_loss_large,False,mask_bbox_crop,92416,42824,0.688783,0.12798,0.560803,alex,256,ok,
lama__canonical__canonical__p011_loss_small__content_region__lpips,lama__canonical__canonical__p011_loss_small,lama__canonical__canonical__p011_loss_small,canonical__p011_loss_small,canonical__p011_loss_small,canonical,p011,landscape_natural,View of Haarlem and the Haarlemmer Meer,Jan van Goyen,,lama,loss_small,p011_loss_small,False,content_region,405504,19318,0.300377,0.007213,0.293164,alex,256,ok,
lama__canonical__canonical__p011_loss_small__full_image__lpips,lama__canonical__canonical__p011_loss_small,lama__canonical__canonical__p011_loss_small,canonical__p011_loss_small,canonical__p011_loss_small,canonical,p011,landscape_natural,View of Haarlem and the Haarlemmer Meer,Jan van Goyen,,lama,loss_small,p011_loss_small,False,full_image,589824,19318,0.218707,0.00282,0.215887,alex,256,ok,
lama__canonical__canonical__p011_loss_small__mask_bbox_crop__lpips,lama__canonical__canonical__p011_loss_small,lama__canonical__canonical__p011_loss_small,canonical__p011_loss_small,canonical__p011_loss_small,canonical,p011,landscape_natural,View of Haarlem and the Haarlemmer Meer,Jan van Goyen,,lama,loss_small,p011_loss_small,False,mask_bbox_crop,309136,19318,0.322658,0.008466,0.314192,alex,256,ok,
lama__canonical__canonical__p011_mixed_damage__content_region__lpips,lama__canonical__canonical__p011_mixed_damage,lama__canonical__canonical__p011_mixed_damage,canonical__p011_mixed_damage,canonical__p011_mixed_damage,canonical,p011,landscape_natural,View of Haarlem and the Haarlemmer Meer,Jan van Goyen,,lama,mixed_damage,p011_mixed_damage,False,content_region,405504,36991,0.458588,0.024662,0.433926,alex,256,ok,
lama__canonical__canonical__p011_mixed_damage__full_image__lpips,lama__canonical__canonical__p011_mixed_damage,lama__canonical__canonical__p011_mixed_damage,canonical__p011_mixed_damage,canonical__p011_mixed_damage,canonical,p011,landscape_natural,View of Haarlem and the Haarlemmer Meer,Jan van Goyen,,lama,mixed_damage,p011_mixed_damage,False,full_image,589824,36991,0.356135,0.011947,0.344188,alex,256,ok,
lama__canonical__canonical__p011_mixed_damage__mask_bbox_crop__lpips,lama__canonical__canonical__p011_mixed_damage,lama__canonical__canonical__p011_mixed_damage,canonical__p011_mixed_damage,canonical__p011_mixed_damage,canonical,p011,landscape_natural,View of Haarlem and the Haarlemmer Meer,Jan van Goyen,,lama,mixed_damage,p011_mixed_damage,False,mask_bbox_crop,589824,36991,0.356135,0.011947,0.344188,alex,256,ok,
lama__canonical__canonical__p011_scratch_thin__content_region__lpips,lama__canonical__canonical__p011_scratch_thin,lama__canonical__canonical__p011_scratch_thin,canonical__p011_scratch_thin,canonical__p011_scratch_thin,canonical,p011,landscape_natural,View of Haarlem and the Haarlemmer Meer,Jan van Goyen,,lama,scratch_thin,p011_scratch_thin,False,content_region,405504,7275,0.376714,0.001333,0.375382,alex,256,ok,
lama__canonical__canonical__p011_scratch_thin__full_image__lpips,lama__canonical__canonical__p011_scratch_thin,lama__canonical__canonical__p011_scratch_thin,canonical__p011_scratch_thin,canonical__p011_scratch_thin,canonical,p011,landscape_natural,View of Haarlem and the Haarlemmer Meer,Jan van Goyen,,lama,scratch_thin,p011_scratch_thin,False,full_image,589824,7275,0.26294,0.000489,0.262451,alex,256,ok,
lama__canonical__canonical__p011_scratch_thin__mask_bbox_crop__lpips,lama__canonical__canonical__p011_scratch_thin,lama__canonical__canonical__p011_scratch_thin,canonical__p011_scratch_thin,canonical__p011_scratch_thin,canonical,p011,landscape_natural,View of Haarlem and the Haarlemmer Meer,Jan van Goyen,,lama,scratch_thin,p011_scratch_thin,False,mask_bbox_crop,589824,7275,0.26294,0.000489,0.262451,alex,256,ok,
lama__canonical__canonical__p011_zero_control__content_region__lpips,lama__canonical__canonical__p011_zero_control,lama__canonical__canonical__p011_zero_control,canonical__p011_zero_control,canonical__p011_zero_control,canonical,p011,landscape_natural,View of Haarlem and the Haarlemmer Meer,Jan van Goyen,,lama,zero_control,p011_zero_control,True,content_region,405504,0,0.0,0.0,0.0,alex,256,ok,
lama__canonical__canonical__p011_zero_control__full_image__lpips,lama__canonical__canonical__p011_zero_control,lama__canonical__canonical__p011_zero_control,canonical__p011_zero_control,canonical__p011_zero_control,canonical,p011,landscape_natural,View of Haarlem and the Haarlemmer Meer,Jan van Goyen,,lama,zero_control,p011_zero_control,True,full_image,589824,0,0.0,0.0,0.0,alex,256,ok,
lama__canonical__canonical__p012_loss_large__content_region__lpips,lama__canonical__canonical__p012_loss_large,lama__canonical__canonical__p012_loss_large,canonical__p012_loss_large,canonical__p012_loss_large,canonical,p012,landscape_natural,An Extensive Wooded Landscape,Philips Koninck,,lama,loss_large,p012_loss_large,False,content_region,436992,46029,0.194644,0.047955,0.146689,alex,256,ok,
lama__canonical__canonical__p012_loss_large__full_image__lpips,lama__canonical__canonical__p012_loss_large,lama__canonical__canonical__p012_loss_large,canonical__p012_loss_large,canonical__p012_loss_large,canonical,p012,landscape_natural,An Extensive Wooded Landscape,Philips Koninck,,lama,loss_large,p012_loss_large,False,full_image,589824,46029,0.158271,0.026613,0.131658,alex,256,ok,
lama__canonical__canonical__p012_loss_large__mask_bbox_crop__lpips,lama__canonical__canonical__p012_loss_large,lama__canonical__canonical__p012_loss_large,canonical__p012_loss_large,canonical__p012_loss_large,canonical,p012,landscape_natural,An Extensive Wooded Landscape,Philips Koninck,,lama,loss_large,p012_loss_large,False,mask_bbox_crop,103684,46029,0.631697,0.190123,0.441574,alex,256,ok,
lama__canonical__canonical__p012_loss_small__content_region__lpips,lama__canonical__canonical__p012_loss_small,lama__canonical__canonical__p012_loss_small,canonical__p012_loss_small,canonical__p012_loss_small,canonical,p012,landscape_natural,An Extensive Wooded Landscape,Philips Koninck,,lama,loss_small,p012_loss_small,False,content_region,436992,22276,0.235898,0.009911,0.225987,alex,256,ok,
lama__canonical__canonical__p012_loss_small__full_image__lpips,lama__canonical__canonical__p012_loss_small,lama__canonical__canonical__p012_loss_small,canonical__p012_loss_small,canonical__p012_loss_small,canonical,p012,landscape_natural,An Extensive Wooded Landscape,Philips Koninck,,lama,loss_small,p012_loss_small,False,full_image,589824,22276,0.207014,0.004015,0.202999,alex,256,ok,
lama__canonical__canonical__p012_loss_small__mask_bbox_crop__lpips,lama__canonical__canonical__p012_loss_small,lama__canonical__canonical__p012_loss_small,canonical__p012_loss_small,canonical__p012_loss_small,canonical,p012,landscape_natural,An Extensive Wooded Landscape,Philips Koninck,,lama,loss_small,p012_loss_small,False,mask_bbox_crop,419904,22276,0.226785,0.007239,0.219546,alex,256,ok,
lama__canonical__canonical__p012_mixed_damage__content_region__lpips,lama__canonical__canonical__p012_mixed_damage,lama__canonical__canonical__p012_mixed_damage,canonical__p012_mixed_damage,canonical__p012_mixed_damage,canonical,p012,landscape_natural,An Extensive Wooded Landscape,Philips Koninck,,lama,mixed_damage,p012_mixed_damage,False,content_region,436992,41283,0.394647,0.013307,0.38134,alex,256,ok,
lama__canonical__canonical__p012_mixed_damage__full_image__lpips,lama__canonical__canonical__p012_mixed_damage,lama__canonical__canonical__p012_mixed_damage,canonical__p012_mixed_damage,canonical__p012_mixed_damage,canonical,p012,landscape_natural,An Extensive Wooded Landscape,Philips Koninck,,lama,mixed_damage,p012_mixed_damage,False,full_image,589824,41283,0.325101,0.007506,0.317595,alex,256,ok,
lama__canonical__canonical__p012_mixed_damage__mask_bbox_crop__lpips,lama__canonical__canonical__p012_mixed_damage,lama__canonical__canonical__p012_mixed_damage,canonical__p012_mixed_damage,canonical__p012_mixed_damage,canonical,p012,landscape_natural,An Extensive Wooded Landscape,Philips Koninck,,lama,mixed_damage,p012_mixed_damage,False,mask_bbox_crop,589824,41283,0.325101,0.007506,0.317595,alex,256,ok,
lama__canonical__canonical__p012_scratch_thin__content_region__lpips,lama__canonical__canonical__p012_scratch_thin,lama__canonical__canonical__p012_scratch_thin,canonical__p012_scratch_thin,canonical__p012_scratch_thin,canonical,p012,landscape_natural,An Extensive Wooded Landscape,Philips Koninck,,lama,scratch_thin,p012_scratch_thin,False,content_region,436992,9579,0.353431,0.001629,0.351802,alex,256,ok,
lama__canonical__canonical__p012_scratch_thin__full_image__lpips,lama__canonical__canonical__p012_scratch_thin,lama__canonical__canonical__p012_scratch_thin,canonical__p012_scratch_thin,canonical__p012_scratch_thin,canonical,p012,landscape_natural,An Extensive Wooded Landscape,Philips Koninck,,lama,scratch_thin,p012_scratch_thin,False,full_image,589824,9579,0.275558,0.001935,0.273622,alex,256,ok,
lama__canonical__canonical__p012_scratch_thin__mask_bbox_crop__lpips,lama__canonical__canonical__p012_scratch_thin,lama__canonical__canonical__p012_scratch_thin,canonical__p012_scratch_thin,canonical__p012_scratch_thin,canonical,p012,landscape_natural,An Extensive Wooded Landscape,Philips Koninck,,lama,scratch_thin,p012_scratch_thin,False,mask_bbox_crop,508369,9579,0.31888,0.002362,0.316518,alex,256,ok,
lama__canonical__canonical__p012_zero_control__content_region__lpips,lama__canonical__canonical__p012_zero_control,lama__canonical__canonical__p012_zero_control,canonical__p012_zero_control,canonical__p012_zero_control,canonical,p012,landscape_natural,An Extensive Wooded Landscape,Philips Koninck,,lama,zero_control,p012_zero_control,True,content_region,436992,0,0.0,0.0,0.0,alex,256,ok,
lama__canonical__canonical__p012_zero_control__full_image__lpips,lama__canonical__canonical__p012_zero_control,lama__canonical__canonical__p012_zero_control,canonical__p012_zero_control,canonical__p012_zero_control,canonical,p012,landscape_natural,An Extensive Wooded Landscape,Philips Koninck,,lama,zero_control,p012_zero_control,True,full_image,589824,0,0.0,0.0,0.0,alex,256,ok,
lama__canonical__canonical__p013_loss_large__content_region__lpips,lama__canonical__canonical__p013_loss_large,lama__canonical__canonical__p013_loss_large,canonical__p013_loss_large,canonical__p013_loss_large,canonical,p013,landscape_natural,Landscape with a Village in the Distance,Jacob van Ruisdael,,lama,loss_large,p013_loss_large,False,content_region,410112,48212,0.242875,0.048859,0.194017,alex,256,ok,
lama__canonical__canonical__p013_loss_large__full_image__lpips,lama__canonical__canonical__p013_loss_large,lama__canonical__canonical__p013_loss_large,canonical__p013_loss_large,canonical__p013_loss_large,canonical,p013,landscape_natural,Landscape with a Village in the Distance,Jacob van Ruisdael,,lama,loss_large,p013_loss_large,False,full_image,589824,48212,0.173894,0.033705,0.140189,alex,256,ok,
lama__canonical__canonical__p013_loss_large__mask_bbox_crop__lpips,lama__canonical__canonical__p013_loss_large,lama__canonical__canonical__p013_loss_large,canonical__p013_loss_large,canonical__p013_loss_large,canonical,p013,landscape_natural,Landscape with a Village in the Distance,Jacob van Ruisdael,,lama,loss_large,p013_loss_large,False,mask_bbox_crop,94864,48212,0.707907,0.205829,0.502079,alex,256,ok,
lama__canonical__canonical__p013_loss_small__content_region__lpips,lama__canonical__canonical__p013_loss_small,lama__canonical__canonical__p013_loss_small,canonical__p013_loss_small,canonical__p013_loss_small,canonical,p013,landscape_natural,Landscape with a Village in the Distance,Jacob van Ruisdael,,lama,loss_small,p013_loss_small,False,content_region,410112,18639,0.302603,0.01272,0.289882,alex,256,ok,
lama__canonical__canonical__p013_loss_small__full_image__lpips,lama__canonical__canonical__p013_loss_small,lama__canonical__canonical__p013_loss_small,canonical__p013_loss_small,canonical__p013_loss_small,canonical,p013,landscape_natural,Landscape with a Village in the Distance,Jacob van Ruisdael,,lama,loss_small,p013_loss_small,False,full_image,589824,18639,0.211422,0.008734,0.202688,alex,256,ok,
lama__canonical__canonical__p013_loss_small__mask_bbox_crop__lpips,lama__canonical__canonical__p013_loss_small,lama__canonical__canonical__p013_loss_small,canonical__p013_loss_small,canonical__p013_loss_small,canonical,p013,landscape_natural,Landscape with a Village in the Distance,Jacob van Ruisdael,,lama,loss_small,p013_loss_small,False,mask_bbox_crop,541696,18639,0.230178,0.011434,0.218744,alex,256,ok,
lama__canonical__canonical__p013_mixed_damage__content_region__lpips,lama__canonical__canonical__p013_mixed_damage,lama__canonical__canonical__p013_mixed_damage,canonical__p013_mixed_damage,canonical__p013_mixed_damage,canonical,p013,landscape_natural,Landscape with a Village in the Distance,Jacob van Ruisdael,,lama,mixed_damage,p013_mixed_damage,False,content_region,410112,35229,0.503429,0.030949,0.47248,alex,256,ok,
lama__canonical__canonical__p013_mixed_damage__full_image__lpips,lama__canonical__canonical__p013_mixed_damage,lama__canonical__canonical__p013_mixed_damage,canonical__p013_mixed_damage,canonical__p013_mixed_damage,canonical,p013,landscape_natural,Landscape with a Village in the Distance,Jacob van Ruisdael,,lama,mixed_damage,p013_mixed_damage,False,full_image,589824,35229,0.386919,0.016643,0.370276,alex,256,ok,
lama__canonical__canonical__p013_mixed_damage__mask_bbox_crop__lpips,lama__canonical__canonical__p013_mixed_damage,lama__canonical__canonical__p013_mixed_damage,canonical__p013_mixed_damage,canonical__p013_mixed_damage,canonical,p013,landscape_natural,Landscape with a Village in the Distance,Jacob van Ruisdael,,lama,mixed_damage,p013_mixed_damage,False,mask_bbox_crop,589824,35229,0.386919,0.016643,0.370276,alex,256,ok,
lama__canonical__canonical__p013_scratch_thin__content_region__lpips,lama__canonical__canonical__p013_scratch_thin,lama__canonical__canonical__p013_scratch_thin,canonical__p013_scratch_thin,canonical__p013_scratch_thin,canonical,p013,landscape_natural,Landscape with a Village in the Distance,Jacob van Ruisdael,,lama,scratch_thin,p013_scratch_thin,False,content_region,410112,8069,0.420935,0.001792,0.419142,alex,256,ok,
lama__canonical__canonical__p013_scratch_thin__full_image__lpips,lama__canonical__canonical__p013_scratch_thin,lama__canonical__canonical__p013_scratch_thin,canonical__p013_scratch_thin,canonical__p013_scratch_thin,canonical,p013,landscape_natural,Landscape with a Village in the Distance,Jacob van Ruisdael,,lama,scratch_thin,p013_scratch_thin,False,full_image,589824,8069,0.333375,0.001637,0.331738,alex,256,ok,
lama__canonical__canonical__p013_scratch_thin__mask_bbox_crop__lpips,lama__canonical__canonical__p013_scratch_thin,lama__canonical__canonical__p013_scratch_thin,canonical__p013_scratch_thin,canonical__p013_scratch_thin,canonical,p013,landscape_natural,Landscape with a Village in the Distance,Jacob van Ruisdael,,lama,scratch_thin,p013_scratch_thin,False,mask_bbox_crop,589824,8069,0.333375,0.001637,0.331738,alex,256,ok,
lama__canonical__canonical__p013_zero_control__content_region__lpips,lama__canonical__canonical__p013_zero_control,lama__canonical__canonical__p013_zero_control,canonical__p013_zero_control,canonical__p013_zero_control,canonical,p013,landscape_natural,Landscape with a Village in the Distance,Jacob van Ruisdael,,lama,zero_control,p013_zero_control,True,content_region,410112,0,0.0,0.0,0.0,alex,256,ok,
lama__canonical__canonical__p013_zero_control__full_image__lpips,lama__canonical__canonical__p013_zero_control,lama__canonical__canonical__p013_zero_control,canonical__p013_zero_control,canonical__p013_zero_control,canonical,p013,landscape_natural,Landscape with a Village in the Distance,Jacob van Ruisdael,,lama,zero_control,p013_zero_control,True,full_image,589824,0,0.0,0.0,0.0,alex,256,ok,
lama__canonical__canonical__p014_loss_large__content_region__lpips,lama__canonical__canonical__p014_loss_large,lama__canonical__canonical__p014_loss_large,canonical__p014_loss_large,canonical__p014_loss_large,canonical,p014,landscape_natural,Landscape on a River,Charles-François Daubigny,,lama,loss_large,p014_loss_large,False,content_region,334080,48567,0.248368,0.065693,0.182675,alex,256,ok,
lama__canonical__canonical__p014_loss_large__full_image__lpips,lama__canonical__canonical__p014_loss_large,lama__canonical__canonical__p014_loss_large,canonical__p014_loss_large,canonical__p014_loss_large,canonical,p014,landscape_natural,Landscape on a River,Charles-François Daubigny,,lama,loss_large,p014_loss_large,False,full_image,589824,48567,0.176559,0.043938,0.132621,alex,256,ok,
lama__canonical__canonical__p014_loss_large__mask_bbox_crop__lpips,lama__canonical__canonical__p014_loss_large,lama__canonical__canonical__p014_loss_large,canonical__p014_loss_large,canonical__p014_loss_large,canonical,p014,landscape_natural,Landscape on a River,Charles-François Daubigny,,lama,loss_large,p014_loss_large,False,mask_bbox_crop,99856,48567,0.646015,0.209833,0.436181,alex,256,ok,
lama__canonical__canonical__p014_loss_small__content_region__lpips,lama__canonical__canonical__p014_loss_small,lama__canonical__canonical__p014_loss_small,canonical__p014_loss_small,canonical__p014_loss_small,canonical,p014,landscape_natural,Landscape on a River,Charles-François Daubigny,,lama,loss_small,p014_loss_small,False,content_region,334080,16029,0.274309,0.006923,0.267386,alex,256,ok,
lama__canonical__canonical__p014_loss_small__full_image__lpips,lama__canonical__canonical__p014_loss_small,lama__canonical__canonical__p014_loss_small,canonical__p014_loss_small,canonical__p014_loss_small,canonical,p014,landscape_natural,Landscape on a River,Charles-François Daubigny,,lama,loss_small,p014_loss_small,False,full_image,589824,16029,0.17548,0.00255,0.172931,alex,256,ok,
lama__canonical__canonical__p014_loss_small__mask_bbox_crop__lpips,lama__canonical__canonical__p014_loss_small,lama__canonical__canonical__p014_loss_small,canonical__p014_loss_small,canonical__p014_loss_small,canonical,p014,landscape_natural,Landscape on a River,Charles-François Daubigny,,lama,loss_small,p014_loss_small,False,mask_bbox_crop,342225,16029,0.243048,0.00684,0.236208,alex,256,ok,
lama__canonical__canonical__p014_mixed_damage__content_region__lpips,lama__canonical__canonical__p014_mixed_damage,lama__canonical__canonical__p014_mixed_damage,canonical__p014_mixed_damage,canonical__p014_mixed_damage,canonical,p014,landscape_natural,Landscape on a River,Charles-François Daubigny,,lama,mixed_damage,p014_mixed_damage,False,content_region,334080,41872,0.469035,0.042405,0.42663,alex,256,ok,
lama__canonical__canonical__p014_mixed_damage__full_image__lpips,lama__canonical__canonical__p014_mixed_damage,lama__canonical__canonical__p014_mixed_damage,canonical__p014_mixed_damage,canonical__p014_mixed_damage,canonical,p014,landscape_natural,Landscape on a River,Charles-François Daubigny,,lama,mixed_damage,p014_mixed_damage,False,full_image,589824,41872,0.334254,0.022069,0.312184,alex,256,ok,
lama__canonical__canonical__p014_mixed_damage__mask_bbox_crop__lpips,lama__canonical__canonical__p014_mixed_damage,lama__canonical__canonical__p014_mixed_damage,canonical__p014_mixed_damage,canonical__p014_mixed_damage,canonical,p014,landscape_natural,Landscape on a River,Charles-François Daubigny,,lama,mixed_damage,p014_mixed_damage,False,mask_bbox_crop,589824,41872,0.334254,0.022069,0.312184,alex,256,ok,
lama__canonical__canonical__p014_scratch_thin__content_region__lpips,lama__canonical__canonical__p014_scratch_thin,lama__canonical__canonical__p014_scratch_thin,canonical__p014_scratch_thin,canonical__p014_scratch_thin,canonical,p014,landscape_natural,Landscape on a River,Charles-François Daubigny,,lama,scratch_thin,p014_scratch_thin,False,content_region,334080,9807,0.439618,0.004399,0.435218,alex,256,ok,
lama__canonical__canonical__p014_scratch_thin__full_image__lpips,lama__canonical__canonical__p014_scratch_thin,lama__canonical__canonical__p014_scratch_thin,canonical__p014_scratch_thin,canonical__p014_scratch_thin,canonical,p014,landscape_natural,Landscape on a River,Charles-François Daubigny,,lama,scratch_thin,p014_scratch_thin,False,full_image,589824,9807,0.347339,0.002489,0.34485,alex,256,ok,
lama__canonical__canonical__p014_scratch_thin__mask_bbox_crop__lpips,lama__canonical__canonical__p014_scratch_thin,lama__canonical__canonical__p014_scratch_thin,canonical__p014_scratch_thin,canonical__p014_scratch_thin,canonical,p014,landscape_natural,Landscape on a River,Charles-François Daubigny,,lama,scratch_thin,p014_scratch_thin,False,mask_bbox_crop,589824,9807,0.347339,0.002489,0.34485,alex,256,ok,
lama__canonical__canonical__p014_zero_control__content_region__lpips,lama__canonical__canonical__p014_zero_control,lama__canonical__canonical__p014_zero_control,canonical__p014_zero_control,canonical__p014_zero_control,canonical,p014,landscape_natural,Landscape on a River,Charles-François Daubigny,,lama,zero_control,p014_zero_control,True,content_region,334080,0,0.0,0.0,0.0,alex,256,ok,
lama__canonical__canonical__p014_zero_control__full_image__lpips,lama__canonical__canonical__p014_zero_control,lama__canonical__canonical__p014_zero_control,canonical__p014_zero_control,canonical__p014_zero_control,canonical,p014,landscape_natural,Landscape on a River,Charles-François Daubigny,,lama,zero_control,p014_zero_control,True,full_image,589824,0,0.0,0.0,0.0,alex,256,ok,
lama__canonical__canonical__p015_loss_large__content_region__lpips,lama__canonical__canonical__p015_loss_large,lama__canonical__canonical__p015_loss_large,canonical__p015_loss_large,canonical__p015_loss_large,canonical,p015,landscape_natural,Landscape,Henri-Joseph Harpignies,,lama,loss_large,p015_loss_large,False,content_region,423936,63227,0.229503,0.085658,0.143846,alex,256,ok,
lama__canonical__canonical__p015_loss_large__full_image__lpips,lama__canonical__canonical__p015_loss_large,lama__canonical__canonical__p015_loss_large,canonical__p015_loss_large,canonical__p015_loss_large,canonical,p015,landscape_natural,Landscape,Henri-Joseph Harpignies,,lama,loss_large,p015_loss_large,False,full_image,589824,63227,0.167043,0.062462,0.104581,alex,256,ok,
lama__canonical__canonical__p015_loss_large__mask_bbox_crop__lpips,lama__canonical__canonical__p015_loss_large,lama__canonical__canonical__p015_loss_large,canonical__p015_loss_large,canonical__p015_loss_large,canonical,p015,landscape_natural,Landscape,Henri-Joseph Harpignies,,lama,loss_large,p015_loss_large,False,mask_bbox_crop,153664,63227,0.520778,0.244439,0.276339,alex,256,ok,
lama__canonical__canonical__p015_loss_small__content_region__lpips,lama__canonical__canonical__p015_loss_small,lama__canonical__canonical__p015_loss_small,canonical__p015_loss_small,canonical__p015_loss_small,canonical,p015,landscape_natural,Landscape,Henri-Joseph Harpignies,,lama,loss_small,p015_loss_small,False,content_region,423936,21482,0.21765,0.019817,0.197833,alex,256,ok,
lama__canonical__canonical__p015_loss_small__full_image__lpips,lama__canonical__canonical__p015_loss_small,lama__canonical__canonical__p015_loss_small,canonical__p015_loss_small,canonical__p015_loss_small,canonical,p015,landscape_natural,Landscape,Henri-Joseph Harpignies,,lama,loss_small,p015_loss_small,False,full_image,589824,21482,0.178663,0.012988,0.165675,alex,256,ok,
lama__canonical__canonical__p015_loss_small__mask_bbox_crop__lpips,lama__canonical__canonical__p015_loss_small,lama__canonical__canonical__p015_loss_small,canonical__p015_loss_small,canonical__p015_loss_small,canonical,p015,landscape_natural,Landscape,Henri-Joseph Harpignies,,lama,loss_small,p015_loss_small,False,mask_bbox_crop,448900,21482,0.199454,0.018183,0.181272,alex,256,ok,
lama__canonical__canonical__p015_mixed_damage__content_region__lpips,lama__canonical__canonical__p015_mixed_damage,lama__canonical__canonical__p015_mixed_damage,canonical__p015_mixed_damage,canonical__p015_mixed_damage,canonical,p015,landscape_natural,Landscape,Henri-Joseph Harpignies,,lama,mixed_damage,p015_mixed_damage,False,content_region,423936,40213,0.35761,0.046346,0.311265,alex,256,ok,
lama__canonical__canonical__p015_mixed_damage__full_image__lpips,lama__canonical__canonical__p015_mixed_damage,lama__canonical__canonical__p015_mixed_damage,canonical__p015_mixed_damage,canonical__p015_mixed_damage,canonical,p015,landscape_natural,Landscape,Henri-Joseph Harpignies,,lama,mixed_damage,p015_mixed_damage,False,full_image,589824,40213,0.284159,0.035462,0.248697,alex,256,ok,
lama__canonical__canonical__p015_mixed_damage__mask_bbox_crop__lpips,lama__canonical__canonical__p015_mixed_damage,lama__canonical__canonical__p015_mixed_damage,canonical__p015_mixed_damage,canonical__p015_mixed_damage,canonical,p015,landscape_natural,Landscape,Henri-Joseph Harpignies,,lama,mixed_damage,p015_mixed_damage,False,mask_bbox_crop,553536,40213,0.289985,0.035765,0.25422,alex,256,ok,
lama__canonical__canonical__p015_scratch_thin__content_region__lpips,lama__canonical__canonical__p015_scratch_thin,lama__canonical__canonical__p015_scratch_thin,canonical__p015_scratch_thin,canonical__p015_scratch_thin,canonical,p015,landscape_natural,Landscape,Henri-Joseph Harpignies,,lama,scratch_thin,p015_scratch_thin,False,content_region,423936,8459,0.243777,0.002866,0.240911,alex,256,ok,
lama__canonical__canonical__p015_scratch_thin__full_image__lpips,lama__canonical__canonical__p015_scratch_thin,lama__canonical__canonical__p015_scratch_thin,canonical__p015_scratch_thin,canonical__p015_scratch_thin,canonical,p015,landscape_natural,Landscape,Henri-Joseph Harpignies,,lama,scratch_thin,p015_scratch_thin,False,full_image,589824,8459,0.168463,0.002145,0.166317,alex,256,ok,
lama__canonical__canonical__p015_scratch_thin__mask_bbox_crop__lpips,lama__canonical__canonical__p015_scratch_thin,lama__canonical__canonical__p015_scratch_thin,canonical__p015_scratch_thin,canonical__p015_scratch_thin,canonical,p015,landscape_natural,Landscape,Henri-Joseph Harpignies,,lama,scratch_thin,p015_scratch_thin,False,mask_bbox_crop,355216,8459,0.25471,0.00548,0.24923,alex,256,ok,
lama__canonical__canonical__p015_zero_control__content_region__lpips,lama__canonical__canonical__p015_zero_control,lama__canonical__canonical__p015_zero_control,canonical__p015_zero_control,canonical__p015_zero_control,canonical,p015,landscape_natural,Landscape,Henri-Joseph Harpignies,,lama,zero_control,p015_zero_control,True,content_region,423936,0,0.0,0.0,0.0,alex,256,ok,
lama__canonical__canonical__p015_zero_control__full_image__lpips,lama__canonical__canonical__p015_zero_control,lama__canonical__canonical__p015_zero_control,canonical__p015_zero_control,canonical__p015_zero_control,canonical,p015,landscape_natural,Landscape,Henri-Joseph Harpignies,,lama,zero_control,p015_zero_control,True,full_image,589824,0,0.0,0.0,0.0,alex,256,ok,
lama__canonical__canonical__p016_loss_large__content_region__lpips,lama__canonical__canonical__p016_loss_large,lama__canonical__canonical__p016_loss_large,canonical__p016_loss_large,canonical__p016_loss_large,canonical,p016,landscape_natural,Wooded Landscape with a House beside a River,Thomas Gainsborough,,lama,loss_large,p016_loss_large,False,content_region,372480,44564,0.189758,0.067407,0.122352,alex,256,ok,
lama__canonical__canonical__p016_loss_large__full_image__lpips,lama__canonical__canonical__p016_loss_large,lama__canonical__canonical__p016_loss_large,canonical__p016_loss_large,canonical__p016_loss_large,canonical,p016,landscape_natural,Wooded Landscape with a House beside a River,Thomas Gainsborough,,lama,loss_large,p016_loss_large,False,full_image,589824,44564,0.125933,0.038415,0.087518,alex,256,ok,
lama__canonical__canonical__p016_loss_large__mask_bbox_crop__lpips,lama__canonical__canonical__p016_loss_large,lama__canonical__canonical__p016_loss_large,canonical__p016_loss_large,canonical__p016_loss_large,canonical,p016,landscape_natural,Wooded Landscape with a House beside a River,Thomas Gainsborough,,lama,loss_large,p016_loss_large,False,mask_bbox_crop,109561,44564,0.502469,0.252105,0.250365,alex,256,ok,
lama__canonical__canonical__p016_loss_small__content_region__lpips,lama__canonical__canonical__p016_loss_small,lama__canonical__canonical__p016_loss_small,canonical__p016_loss_small,canonical__p016_loss_small,canonical,p016,landscape_natural,Wooded Landscape with a House beside a River,Thomas Gainsborough,,lama,loss_small,p016_loss_small,False,content_region,372480,12394,0.124641,0.01483,0.109811,alex,256,ok,
lama__canonical__canonical__p016_loss_small__full_image__lpips,lama__canonical__canonical__p016_loss_small,lama__canonical__canonical__p016_loss_small,canonical__p016_loss_small,canonical__p016_loss_small,canonical,p016,landscape_natural,Wooded Landscape with a House beside a River,Thomas Gainsborough,,lama,loss_small,p016_loss_small,False,full_image,589824,12394,0.082534,0.006842,0.075692,alex,256,ok,
lama__canonical__canonical__p016_loss_small__mask_bbox_crop__lpips,lama__canonical__canonical__p016_loss_small,lama__canonical__canonical__p016_loss_small,canonical__p016_loss_small,canonical__p016_loss_small,canonical,p016,landscape_natural,Wooded Landscape with a House beside a River,Thomas Gainsborough,,lama,loss_small,p016_loss_small,False,mask_bbox_crop,196249,12394,0.156507,0.028007,0.1285,alex,256,ok,
lama__canonical__canonical__p016_mixed_damage__content_region__lpips,lama__canonical__canonical__p016_mixed_damage,lama__canonical__canonical__p016_mixed_damage,canonical__p016_mixed_damage,canonical__p016_mixed_damage,canonical,p016,landscape_natural,Wooded Landscape with a House beside a River,Thomas Gainsborough,,lama,mixed_damage,p016_mixed_damage,False,content_region,372480,42648,0.353158,0.031818,0.32134,alex,256,ok,
lama__canonical__canonical__p016_mixed_damage__full_image__lpips,lama__canonical__canonical__p016_mixed_damage,lama__canonical__canonical__p016_mixed_damage,canonical__p016_mixed_damage,canonical__p016_mixed_damage,canonical,p016,landscape_natural,Wooded Landscape with a House beside a River,Thomas Gainsborough,,lama,mixed_damage,p016_mixed_damage,False,full_image,589824,42648,0.248172,0.025714,0.222458,alex,256,ok,
lama__canonical__canonical__p016_mixed_damage__mask_bbox_crop__lpips,lama__canonical__canonical__p016_mixed_damage,lama__canonical__canonical__p016_mixed_damage,canonical__p016_mixed_damage,canonical__p016_mixed_damage,canonical,p016,landscape_natural,Wooded Landscape with a House beside a River,Thomas Gainsborough,,lama,mixed_damage,p016_mixed_damage,False,mask_bbox_crop,559504,42648,0.25501,0.027312,0.227698,alex,256,ok,
lama__canonical__canonical__p016_scratch_thin__content_region__lpips,lama__canonical__canonical__p016_scratch_thin,lama__canonical__canonical__p016_scratch_thin,canonical__p016_scratch_thin,canonical__p016_scratch_thin,canonical,p016,landscape_natural,Wooded Landscape with a House beside a River,Thomas Gainsborough,,lama,scratch_thin,p016_scratch_thin,False,content_region,372480,11050,0.290692,0.005316,0.285376,alex,256,ok,
lama__canonical__canonical__p016_scratch_thin__full_image__lpips,lama__canonical__canonical__p016_scratch_thin,lama__canonical__canonical__p016_scratch_thin,canonical__p016_scratch_thin,canonical__p016_scratch_thin,canonical,p016,landscape_natural,Wooded Landscape with a House beside a River,Thomas Gainsborough,,lama,scratch_thin,p016_scratch_thin,False,full_image,589824,11050,0.221334,0.004138,0.217195,alex,256,ok,
lama__canonical__canonical__p016_scratch_thin__mask_bbox_crop__lpips,lama__canonical__canonical__p016_scratch_thin,lama__canonical__canonical__p016_scratch_thin,canonical__p016_scratch_thin,canonical__p016_scratch_thin,canonical,p016,landscape_natural,Wooded Landscape with a House beside a River,Thomas Gainsborough,,lama,scratch_thin,p016_scratch_thin,False,mask_bbox_crop,589824,11050,0.221334,0.004138,0.217195,alex,256,ok,
lama__canonical__canonical__p016_zero_control__content_region__lpips,lama__canonical__canonical__p016_zero_control,lama__canonical__canonical__p016_zero_control,canonical__p016_zero_control,canonical__p016_zero_control,canonical,p016,landscape_natural,Wooded Landscape with a House beside a River,Thomas Gainsborough,,lama,zero_control,p016_zero_control,True,content_region,372480,0,0.0,0.0,0.0,alex,256,ok,
lama__canonical__canonical__p016_zero_control__full_image__lpips,lama__canonical__canonical__p016_zero_control,lama__canonical__canonical__p016_zero_control,canonical__p016_zero_control,canonical__p016_zero_control,canonical,p016,landscape_natural,Wooded Landscape with a House beside a River,Thomas Gainsborough,,lama,zero_control,p016_zero_control,True,full_image,589824,0,0.0,0.0,0.0,alex,256,ok,
lama__canonical__canonical__p017_loss_large__content_region__lpips,lama__canonical__canonical__p017_loss_large,lama__canonical__canonical__p017_loss_large,canonical__p017_loss_large,canonical__p017_loss_large,canonical,p017,landscape_natural,Picturesque Landscape,"Anonymous, British, 18th century",,lama,loss_large,p017_loss_large,False,content_region,434688,46260,0.18685,0.074073,0.112778,alex,256,ok,
lama__canonical__canonical__p017_loss_large__full_image__lpips,lama__canonical__canonical__p017_loss_large,lama__canonical__canonical__p017_loss_large,canonical__p017_loss_large,canonical__p017_loss_large,canonical,p017,landscape_natural,Picturesque Landscape,"Anonymous, British, 18th century",,lama,loss_large,p017_loss_large,False,full_image,589824,46260,0.15087,0.057641,0.093229,alex,256,ok,
lama__canonical__canonical__p017_loss_large__mask_bbox_crop__lpips,lama__canonical__canonical__p017_loss_large,lama__canonical__canonical__p017_loss_large,canonical__p017_loss_large,canonical__p017_loss_large,canonical,p017,landscape_natural,Picturesque Landscape,"Anonymous, British, 18th century",,lama,loss_large,p017_loss_large,False,mask_bbox_crop,108241,46260,0.465241,0.198866,0.266376,alex,256,ok,
lama__canonical__canonical__p017_loss_small__content_region__lpips,lama__canonical__canonical__p017_loss_small,lama__canonical__canonical__p017_loss_small,canonical__p017_loss_small,canonical__p017_loss_small,canonical,p017,landscape_natural,Picturesque Landscape,"Anonymous, British, 18th century",,lama,loss_small,p017_loss_small,False,content_region,434688,19853,0.166608,0.021003,0.145605,alex,256,ok,
lama__canonical__canonical__p017_loss_small__full_image__lpips,lama__canonical__canonical__p017_loss_small,lama__canonical__canonical__p017_loss_small,canonical__p017_loss_small,canonical__p017_loss_small,canonical,p017,landscape_natural,Picturesque Landscape,"Anonymous, British, 18th century",,lama,loss_small,p017_loss_small,False,full_image,589824,19853,0.139706,0.016573,0.123133,alex,256,ok,
lama__canonical__canonical__p017_loss_small__mask_bbox_crop__lpips,lama__canonical__canonical__p017_loss_small,lama__canonical__canonical__p017_loss_small,canonical__p017_loss_small,canonical__p017_loss_small,canonical,p017,landscape_natural,Picturesque Landscape,"Anonymous, British, 18th century",,lama,loss_small,p017_loss_small,False,mask_bbox_crop,477481,19853,0.152186,0.02047,0.131716,alex,256,ok,
lama__canonical__canonical__p017_mixed_damage__content_region__lpips,lama__canonical__canonical__p017_mixed_damage,lama__canonical__canonical__p017_mixed_damage,canonical__p017_mixed_damage,canonical__p017_mixed_damage,canonical,p017,landscape_natural,Picturesque Landscape,"Anonymous, British, 18th century",,lama,mixed_damage,p017_mixed_damage,False,content_region,434688,45115,0.26349,0.037682,0.225808,alex,256,ok,
lama__canonical__canonical__p017_mixed_damage__full_image__lpips,lama__canonical__canonical__p017_mixed_damage,lama__canonical__canonical__p017_mixed_damage,canonical__p017_mixed_damage,canonical__p017_mixed_damage,canonical,p017,landscape_natural,Picturesque Landscape,"Anonymous, British, 18th century",,lama,mixed_damage,p017_mixed_damage,False,full_image,589824,45115,0.225743,0.029967,0.195777,alex,256,ok,
lama__canonical__canonical__p017_mixed_damage__mask_bbox_crop__lpips,lama__canonical__canonical__p017_mixed_damage,lama__canonical__canonical__p017_mixed_damage,canonical__p017_mixed_damage,canonical__p017_mixed_damage,canonical,p017,landscape_natural,Picturesque Landscape,"Anonymous, British, 18th century",,lama,mixed_damage,p017_mixed_damage,False,mask_bbox_crop,423801,45115,0.273829,0.038346,0.235483,alex,256,ok,
lama__canonical__canonical__p017_scratch_thin__content_region__lpips,lama__canonical__canonical__p017_scratch_thin,lama__canonical__canonical__p017_scratch_thin,canonical__p017_scratch_thin,canonical__p017_scratch_thin,canonical,p017,landscape_natural,Picturesque Landscape,"Anonymous, British, 18th century",,lama,scratch_thin,p017_scratch_thin,False,content_region,434688,12946,0.21627,0.005148,0.211122,alex,256,ok,
lama__canonical__canonical__p017_scratch_thin__full_image__lpips,lama__canonical__canonical__p017_scratch_thin,lama__canonical__canonical__p017_scratch_thin,canonical__p017_scratch_thin,canonical__p017_scratch_thin,canonical,p017,landscape_natural,Picturesque Landscape,"Anonymous, British, 18th century",,lama,scratch_thin,p017_scratch_thin,False,full_image,589824,12946,0.187666,0.004621,0.183045,alex,256,ok,
lama__canonical__canonical__p017_scratch_thin__mask_bbox_crop__lpips,lama__canonical__canonical__p017_scratch_thin,lama__canonical__canonical__p017_scratch_thin,canonical__p017_scratch_thin,canonical__p017_scratch_thin,canonical,p017,landscape_natural,Picturesque Landscape,"Anonymous, British, 18th century",,lama,scratch_thin,p017_scratch_thin,False,mask_bbox_crop,589824,12946,0.187666,0.004621,0.183045,alex,256,ok,
lama__canonical__canonical__p017_zero_control__content_region__lpips,lama__canonical__canonical__p017_zero_control,lama__canonical__canonical__p017_zero_control,canonical__p017_zero_control,canonical__p017_zero_control,canonical,p017,landscape_natural,Picturesque Landscape,"Anonymous, British, 18th century",,lama,zero_control,p017_zero_control,True,content_region,434688,0,0.0,0.0,0.0,alex,256,ok,
lama__canonical__canonical__p017_zero_control__full_image__lpips,lama__canonical__canonical__p017_zero_control,lama__canonical__canonical__p017_zero_control,canonical__p017_zero_control,canonical__p017_zero_control,canonical,p017,landscape_natural,Picturesque Landscape,"Anonymous, British, 18th century",,lama,zero_control,p017_zero_control,True,full_image,589824,0,0.0,0.0,0.0,alex,256,ok,
lama__canonical__canonical__p018_loss_large__content_region__lpips,lama__canonical__canonical__p018_loss_large,lama__canonical__canonical__p018_loss_large,canonical__p018_loss_large,canonical__p018_loss_large,canonical,p018,landscape_natural,Classical Landscape with Figures,Henri Mauperché,,lama,loss_large,p018_loss_large,False,content_region,389376,42285,0.176745,0.049781,0.126964,alex,256,ok,
lama__canonical__canonical__p018_loss_large__full_image__lpips,lama__canonical__canonical__p018_loss_large,lama__canonical__canonical__p018_loss_large,canonical__p018_loss_large,canonical__p018_loss_large,canonical,p018,landscape_natural,Classical Landscape with Figures,Henri Mauperché,,lama,loss_large,p018_loss_large,False,full_image,589824,42285,0.119859,0.030325,0.089534,alex,256,ok,
lama__canonical__canonical__p018_loss_large__mask_bbox_crop__lpips,lama__canonical__canonical__p018_loss_large,lama__canonical__canonical__p018_loss_large,canonical__p018_loss_large,canonical__p018_loss_large,canonical,p018,landscape_natural,Classical Landscape with Figures,Henri Mauperché,,lama,loss_large,p018_loss_large,False,mask_bbox_crop,85264,42285,0.655016,0.226371,0.428645,alex,256,ok,
lama__canonical__canonical__p018_loss_small__content_region__lpips,lama__canonical__canonical__p018_loss_small,lama__canonical__canonical__p018_loss_small,canonical__p018_loss_small,canonical__p018_loss_small,canonical,p018,landscape_natural,Classical Landscape with Figures,Henri Mauperché,,lama,loss_small,p018_loss_small,False,content_region,389376,14239,0.162297,0.008846,0.153451,alex,256,ok,
lama__canonical__canonical__p018_loss_small__full_image__lpips,lama__canonical__canonical__p018_loss_small,lama__canonical__canonical__p018_loss_small,canonical__p018_loss_small,canonical__p018_loss_small,canonical,p018,landscape_natural,Classical Landscape with Figures,Henri Mauperché,,lama,loss_small,p018_loss_small,False,full_image,589824,14239,0.129427,0.00624,0.123187,alex,256,ok,
lama__canonical__canonical__p018_loss_small__mask_bbox_crop__lpips,lama__canonical__canonical__p018_loss_small,lama__canonical__canonical__p018_loss_small,canonical__p018_loss_small,canonical__p018_loss_small,canonical,p018,landscape_natural,Classical Landscape with Figures,Henri Mauperché,,lama,loss_small,p018_loss_small,False,mask_bbox_crop,231361,14239,0.197585,0.012993,0.184592,alex,256,ok,
lama__canonical__canonical__p018_mixed_damage__content_region__lpips,lama__canonical__canonical__p018_mixed_damage,lama__canonical__canonical__p018_mixed_damage,canonical__p018_mixed_damage,canonical__p018_mixed_damage,canonical,p018,landscape_natural,Classical Landscape with Figures,Henri Mauperché,,lama,mixed_damage,p018_mixed_damage,False,content_region,389376,49951,0.492337,0.014774,0.477563,alex,256,ok,
lama__canonical__canonical__p018_mixed_damage__full_image__lpips,lama__canonical__canonical__p018_mixed_damage,lama__canonical__canonical__p018_mixed_damage,canonical__p018_mixed_damage,canonical__p018_mixed_damage,canonical,p018,landscape_natural,Classical Landscape with Figures,Henri Mauperché,,lama,mixed_damage,p018_mixed_damage,False,full_image,589824,49951,0.405996,0.008068,0.397928,alex,256,ok,
lama__canonical__canonical__p018_mixed_damage__mask_bbox_crop__lpips,lama__canonical__canonical__p018_mixed_damage,lama__canonical__canonical__p018_mixed_damage,canonical__p018_mixed_damage,canonical__p018_mixed_damage,canonical,p018,landscape_natural,Classical Landscape with Figures,Henri Mauperché,,lama,mixed_damage,p018_mixed_damage,False,mask_bbox_crop,589824,49951,0.405996,0.008068,0.397928,alex,256,ok,
lama__canonical__canonical__p018_scratch_thin__content_region__lpips,lama__canonical__canonical__p018_scratch_thin,lama__canonical__canonical__p018_scratch_thin,canonical__p018_scratch_thin,canonical__p018_scratch_thin,canonical,p018,landscape_natural,Classical Landscape with Figures,Henri Mauperché,,lama,scratch_thin,p018_scratch_thin,False,content_region,389376,7269,0.251192,0.002362,0.24883,alex,256,ok,
lama__canonical__canonical__p018_scratch_thin__full_image__lpips,lama__canonical__canonical__p018_scratch_thin,lama__canonical__canonical__p018_scratch_thin,canonical__p018_scratch_thin,canonical__p018_scratch_thin,canonical,p018,landscape_natural,Classical Landscape with Figures,Henri Mauperché,,lama,scratch_thin,p018_scratch_thin,False,full_image,589824,7269,0.229308,0.001532,0.227776,alex,256,ok,
lama__canonical__canonical__p018_scratch_thin__mask_bbox_crop__lpips,lama__canonical__canonical__p018_scratch_thin,lama__canonical__canonical__p018_scratch_thin,canonical__p018_scratch_thin,canonical__p018_scratch_thin,canonical,p018,landscape_natural,Classical Landscape with Figures,Henri Mauperché,,lama,scratch_thin,p018_scratch_thin,False,mask_bbox_crop,423801,7269,0.276423,0.00248,0.273943,alex,256,ok,
lama__canonical__canonical__p018_zero_control__content_region__lpips,lama__canonical__canonical__p018_zero_control,lama__canonical__canonical__p018_zero_control,canonical__p018_zero_control,canonical__p018_zero_control,canonical,p018,landscape_natural,Classical Landscape with Figures,Henri Mauperché,,lama,zero_control,p018_zero_control,True,content_region,389376,0,0.0,0.0,0.0,alex,256,ok,
lama__canonical__canonical__p018_zero_control__full_image__lpips,lama__canonical__canonical__p018_zero_control,lama__canonical__canonical__p018_zero_control,canonical__p018_zero_control,canonical__p018_zero_control,canonical,p018,landscape_natural,Classical Landscape with Figures,Henri Mauperché,,lama,zero_control,p018_zero_control,True,full_image,589824,0,0.0,0.0,0.0,alex,256,ok,
lama__canonical__canonical__p019_loss_large__content_region__lpips,lama__canonical__canonical__p019_loss_large,lama__canonical__canonical__p019_loss_large,canonical__p019_loss_large,canonical__p019_loss_large,canonical,p019,landscape_natural,Evening: Landscape with an Aqueduct,Théodore Géricault,,lama,loss_large,p019_loss_large,False,content_region,516864,72887,0.234246,0.061896,0.17235,alex,256,ok,
lama__canonical__canonical__p019_loss_large__full_image__lpips,lama__canonical__canonical__p019_loss_large,lama__canonical__canonical__p019_loss_large,canonical__p019_loss_large,canonical__p019_loss_large,canonical,p019,landscape_natural,Evening: Landscape with an Aqueduct,Théodore Géricault,,lama,loss_large,p019_loss_large,False,full_image,589824,72887,0.212557,0.051235,0.161322,alex,256,ok,
lama__canonical__canonical__p019_loss_large__mask_bbox_crop__lpips,lama__canonical__canonical__p019_loss_large,lama__canonical__canonical__p019_loss_large,canonical__p019_loss_large,canonical__p019_loss_large,canonical,p019,landscape_natural,Evening: Landscape with an Aqueduct,Théodore Géricault,,lama,loss_large,p019_loss_large,False,mask_bbox_crop,403225,72887,0.25716,0.074587,0.182573,alex,256,ok,
lama__canonical__canonical__p019_loss_small__content_region__lpips,lama__canonical__canonical__p019_loss_small,lama__canonical__canonical__p019_loss_small,canonical__p019_loss_small,canonical__p019_loss_small,canonical,p019,landscape_natural,Evening: Landscape with an Aqueduct,Théodore Géricault,,lama,loss_small,p019_loss_small,False,content_region,516864,17075,0.119944,0.010164,0.10978,alex,256,ok,
lama__canonical__canonical__p019_loss_small__full_image__lpips,lama__canonical__canonical__p019_loss_small,lama__canonical__canonical__p019_loss_small,canonical__p019_loss_small,canonical__p019_loss_small,canonical,p019,landscape_natural,Evening: Landscape with an Aqueduct,Théodore Géricault,,lama,loss_small,p019_loss_small,False,full_image,589824,17075,0.112623,0.008213,0.10441,alex,256,ok,
lama__canonical__canonical__p019_loss_small__mask_bbox_crop__lpips,lama__canonical__canonical__p019_loss_small,lama__canonical__canonical__p019_loss_small,canonical__p019_loss_small,canonical__p019_loss_small,canonical,p019,landscape_natural,Evening: Landscape with an Aqueduct,Théodore Géricault,,lama,loss_small,p019_loss_small,False,mask_bbox_crop,251001,17075,0.158661,0.017946,0.140716,alex,256,ok,
lama__canonical__canonical__p019_mixed_damage__content_region__lpips,lama__canonical__canonical__p019_mixed_damage,lama__canonical__canonical__p019_mixed_damage,canonical__p019_mixed_damage,canonical__p019_mixed_damage,canonical,p019,landscape_natural,Evening: Landscape with an Aqueduct,Théodore Géricault,,lama,mixed_damage,p019_mixed_damage,False,content_region,516864,45763,0.332678,0.022421,0.310257,alex,256,ok,
lama__canonical__canonical__p019_mixed_damage__full_image__lpips,lama__canonical__canonical__p019_mixed_damage,lama__canonical__canonical__p019_mixed_damage,canonical__p019_mixed_damage,canonical__p019_mixed_damage,canonical,p019,landscape_natural,Evening: Landscape with an Aqueduct,Théodore Géricault,,lama,mixed_damage,p019_mixed_damage,False,full_image,589824,45763,0.325522,0.018237,0.307286,alex,256,ok,
lama__canonical__canonical__p019_mixed_damage__mask_bbox_crop__lpips,lama__canonical__canonical__p019_mixed_damage,lama__canonical__canonical__p019_mixed_damage,canonical__p019_mixed_damage,canonical__p019_mixed_damage,canonical,p019,landscape_natural,Evening: Landscape with an Aqueduct,Théodore Géricault,,lama,mixed_damage,p019_mixed_damage,False,mask_bbox_crop,589824,45763,0.325522,0.018237,0.307286,alex,256,ok,
lama__canonical__canonical__p019_scratch_thin__content_region__lpips,lama__canonical__canonical__p019_scratch_thin,lama__canonical__canonical__p019_scratch_thin,canonical__p019_scratch_thin,canonical__p019_scratch_thin,canonical,p019,landscape_natural,Evening: Landscape with an Aqueduct,Théodore Géricault,,lama,scratch_thin,p019_scratch_thin,False,content_region,516864,6187,0.200424,0.000527,0.199898,alex,256,ok,
lama__canonical__canonical__p019_scratch_thin__full_image__lpips,lama__canonical__canonical__p019_scratch_thin,lama__canonical__canonical__p019_scratch_thin,canonical__p019_scratch_thin,canonical__p019_scratch_thin,canonical,p019,landscape_natural,Evening: Landscape with an Aqueduct,Théodore Géricault,,lama,scratch_thin,p019_scratch_thin,False,full_image,589824,6187,0.185791,0.000404,0.185387,alex,256,ok,
lama__canonical__canonical__p019_scratch_thin__mask_bbox_crop__lpips,lama__canonical__canonical__p019_scratch_thin,lama__canonical__canonical__p019_scratch_thin,canonical__p019_scratch_thin,canonical__p019_scratch_thin,canonical,p019,landscape_natural,Evening: Landscape with an Aqueduct,Théodore Géricault,,lama,scratch_thin,p019_scratch_thin,False,mask_bbox_crop,589824,6187,0.185791,0.000404,0.185387,alex,256,ok,
lama__canonical__canonical__p019_zero_control__content_region__lpips,lama__canonical__canonical__p019_zero_control,lama__canonical__canonical__p019_zero_control,canonical__p019_zero_control,canonical__p019_zero_control,canonical,p019,landscape_natural,Evening: Landscape with an Aqueduct,Théodore Géricault,,lama,zero_control,p019_zero_control,True,content_region,516864,0,0.0,0.0,0.0,alex,256,ok,
lama__canonical__canonical__p019_zero_control__full_image__lpips,lama__canonical__canonical__p019_zero_control,lama__canonical__canonical__p019_zero_control,canonical__p019_zero_control,canonical__p019_zero_control,canonical,p019,landscape_natural,Evening: Landscape with an Aqueduct,Théodore Géricault,,lama,zero_control,p019_zero_control,True,full_image,589824,0,0.0,0.0,0.0,alex,256,ok,
lama__canonical__canonical__p020_loss_large__content_region__lpips,lama__canonical__canonical__p020_loss_large,lama__canonical__canonical__p020_loss_large,canonical__p020_loss_large,canonical__p020_loss_large,canonical,p020,landscape_natural,Mediterranean landscape (recto); Mountains (verso),Unknown,,lama,loss_large,p020_loss_large,False,content_region,406272,59008,0.175485,0.046749,0.128736,alex,256,ok,
lama__canonical__canonical__p020_loss_large__full_image__lpips,lama__canonical__canonical__p020_loss_large,lama__canonical__canonical__p020_loss_large,canonical__p020_loss_large,canonical__p020_loss_large,canonical,p020,landscape_natural,Mediterranean landscape (recto); Mountains (verso),Unknown,,lama,loss_large,p020_loss_large,False,full_image,589824,59008,0.127186,0.024235,0.102951,alex,256,ok,
lama__canonical__canonical__p020_loss_large__mask_bbox_crop__lpips,lama__canonical__canonical__p020_loss_large,lama__canonical__canonical__p020_loss_large,canonical__p020_loss_large,canonical__p020_loss_large,canonical,p020,landscape_natural,Mediterranean landscape (recto); Mountains (verso),Unknown,,lama,loss_large,p020_loss_large,False,mask_bbox_crop,138384,59008,0.413259,0.159514,0.253745,alex,256,ok,
lama__canonical__canonical__p020_loss_small__content_region__lpips,lama__canonical__canonical__p020_loss_small,lama__canonical__canonical__p020_loss_small,canonical__p020_loss_small,canonical__p020_loss_small,canonical,p020,landscape_natural,Mediterranean landscape (recto); Mountains (verso),Unknown,,lama,loss_small,p020_loss_small,False,content_region,406272,13032,0.081658,0.006227,0.07543,alex,256,ok,
lama__canonical__canonical__p020_loss_small__full_image__lpips,lama__canonical__canonical__p020_loss_small,lama__canonical__canonical__p020_loss_small,canonical__p020_loss_small,canonical__p020_loss_small,canonical,p020,landscape_natural,Mediterranean landscape (recto); Mountains (verso),Unknown,,lama,loss_small,p020_loss_small,False,full_image,589824,13032,0.060256,0.004685,0.055571,alex,256,ok,
lama__canonical__canonical__p020_loss_small__mask_bbox_crop__lpips,lama__canonical__canonical__p020_loss_small,lama__canonical__canonical__p020_loss_small,canonical__p020_loss_small,canonical__p020_loss_small,canonical,p020,landscape_natural,Mediterranean landscape (recto); Mountains (verso),Unknown,,lama,loss_small,p020_loss_small,False,mask_bbox_crop,203401,13032,0.134065,0.015092,0.118974,alex,256,ok,
lama__canonical__canonical__p020_mixed_damage__content_region__lpips,lama__canonical__canonical__p020_mixed_damage,lama__canonical__canonical__p020_mixed_damage,canonical__p020_mixed_damage,canonical__p020_mixed_damage,canonical,p020,landscape_natural,Mediterranean landscape (recto); Mountains (verso),Unknown,,lama,mixed_damage,p020_mixed_damage,False,content_region,406272,34209,0.260089,0.018225,0.241864,alex,256,ok,
lama__canonical__canonical__p020_mixed_damage__full_image__lpips,lama__canonical__canonical__p020_mixed_damage,lama__canonical__canonical__p020_mixed_damage,canonical__p020_mixed_damage,canonical__p020_mixed_damage,canonical,p020,landscape_natural,Mediterranean landscape (recto); Mountains (verso),Unknown,,lama,mixed_damage,p020_mixed_damage,False,full_image,589824,34209,0.21274,0.015461,0.197278,alex,256,ok,
lama__canonical__canonical__p020_mixed_damage__mask_bbox_crop__lpips,lama__canonical__canonical__p020_mixed_damage,lama__canonical__canonical__p020_mixed_damage,canonical__p020_mixed_damage,canonical__p020_mixed_damage,canonical,p020,landscape_natural,Mediterranean landscape (recto); Mountains (verso),Unknown,,lama,mixed_damage,p020_mixed_damage,False,mask_bbox_crop,589824,34209,0.21274,0.015461,0.197278,alex,256,ok,
lama__canonical__canonical__p020_scratch_thin__content_region__lpips,lama__canonical__canonical__p020_scratch_thin,lama__canonical__canonical__p020_scratch_thin,canonical__p020_scratch_thin,canonical__p020_scratch_thin,canonical,p020,landscape_natural,Mediterranean landscape (recto); Mountains (verso),Unknown,,lama,scratch_thin,p020_scratch_thin,False,content_region,406272,8734,0.197925,0.002006,0.195919,alex,256,ok,
lama__canonical__canonical__p020_scratch_thin__full_image__lpips,lama__canonical__canonical__p020_scratch_thin,lama__canonical__canonical__p020_scratch_thin,canonical__p020_scratch_thin,canonical__p020_scratch_thin,canonical,p020,landscape_natural,Mediterranean landscape (recto); Mountains (verso),Unknown,,lama,scratch_thin,p020_scratch_thin,False,full_image,589824,8734,0.161391,0.001752,0.159639,alex,256,ok,
lama__canonical__canonical__p020_scratch_thin__mask_bbox_crop__lpips,lama__canonical__canonical__p020_scratch_thin,lama__canonical__canonical__p020_scratch_thin,canonical__p020_scratch_thin,canonical__p020_scratch_thin,canonical,p020,landscape_natural,Mediterranean landscape (recto); Mountains (verso),Unknown,,lama,scratch_thin,p020_scratch_thin,False,mask_bbox_crop,589824,8734,0.161391,0.001752,0.159639,alex,256,ok,
lama__canonical__canonical__p020_zero_control__content_region__lpips,lama__canonical__canonical__p020_zero_control,lama__canonical__canonical__p020_zero_control,canonical__p020_zero_control,canonical__p020_zero_control,canonical,p020,landscape_natural,Mediterranean landscape (recto); Mountains (verso),Unknown,,lama,zero_control,p020_zero_control,True,content_region,406272,0,0.0,0.0,0.0,alex,256,ok,
lama__canonical__canonical__p020_zero_control__full_image__lpips,lama__canonical__canonical__p020_zero_control,lama__canonical__canonical__p020_zero_control,canonical__p020_zero_control,canonical__p020_zero_control,canonical,p020,landscape_natural,Mediterranean landscape (recto); Mountains (verso),Unknown,,lama,zero_control,p020_zero_control,True,full_image,589824,0,0.0,0.0,0.0,alex,256,ok,
lama__canonical__canonical__p021_loss_large__content_region__lpips,lama__canonical__canonical__p021_loss_large,lama__canonical__canonical__p021_loss_large,canonical__p021_loss_large,canonical__p021_loss_large,canonical,p021,architecture_structured,Interior of the Oude Kerk in Delft,Gerard Houckgeest,,lama,loss_large,p021_loss_large,False,content_region,498432,57771,0.198121,0.067353,0.130769,alex,256,ok,
lama__canonical__canonical__p021_loss_large__full_image__lpips,lama__canonical__canonical__p021_loss_large,lama__canonical__canonical__p021_loss_large,canonical__p021_loss_large,canonical__p021_loss_large,canonical,p021,architecture_structured,Interior of the Oude Kerk in Delft,Gerard Houckgeest,,lama,loss_large,p021_loss_large,False,full_image,589824,57771,0.185924,0.055724,0.130201,alex,256,ok,
lama__canonical__canonical__p021_loss_large__mask_bbox_crop__lpips,lama__canonical__canonical__p021_loss_large,lama__canonical__canonical__p021_loss_large,canonical__p021_loss_large,canonical__p021_loss_large,canonical,p021,architecture_structured,Interior of the Oude Kerk in Delft,Gerard Houckgeest,,lama,loss_large,p021_loss_large,False,mask_bbox_crop,112225,57771,0.655638,0.276177,0.379461,alex,256,ok,
lama__canonical__canonical__p021_loss_small__content_region__lpips,lama__canonical__canonical__p021_loss_small,lama__canonical__canonical__p021_loss_small,canonical__p021_loss_small,canonical__p021_loss_small,canonical,p021,architecture_structured,Interior of the Oude Kerk in Delft,Gerard Houckgeest,,lama,loss_small,p021_loss_small,False,content_region,498432,18677,0.188619,0.008474,0.180145,alex,256,ok,
lama__canonical__canonical__p021_loss_small__full_image__lpips,lama__canonical__canonical__p021_loss_small,lama__canonical__canonical__p021_loss_small,canonical__p021_loss_small,canonical__p021_loss_small,canonical,p021,architecture_structured,Interior of the Oude Kerk in Delft,Gerard Houckgeest,,lama,loss_small,p021_loss_small,False,full_image,589824,18677,0.181113,0.005554,0.175558,alex,256,ok,
lama__canonical__canonical__p021_loss_small__mask_bbox_crop__lpips,lama__canonical__canonical__p021_loss_small,lama__canonical__canonical__p021_loss_small,canonical__p021_loss_small,canonical__p021_loss_small,canonical,p021,architecture_structured,Interior of the Oude Kerk in Delft,Gerard Houckgeest,,lama,loss_small,p021_loss_small,False,mask_bbox_crop,372100,18677,0.189346,0.009652,0.179695,alex,256,ok,
lama__canonical__canonical__p021_mixed_damage__content_region__lpips,lama__canonical__canonical__p021_mixed_damage,lama__canonical__canonical__p021_mixed_damage,canonical__p021_mixed_damage,canonical__p021_mixed_damage,canonical,p021,architecture_structured,Interior of the Oude Kerk in Delft,Gerard Houckgeest,,lama,mixed_damage,p021_mixed_damage,False,content_region,498432,49836,0.380952,0.023029,0.357924,alex,256,ok,
lama__canonical__canonical__p021_mixed_damage__full_image__lpips,lama__canonical__canonical__p021_mixed_damage,lama__canonical__canonical__p021_mixed_damage,canonical__p021_mixed_damage,canonical__p021_mixed_damage,canonical,p021,architecture_structured,Interior of the Oude Kerk in Delft,Gerard Houckgeest,,lama,mixed_damage,p021_mixed_damage,False,full_image,589824,49836,0.368575,0.016039,0.352536,alex,256,ok,
lama__canonical__canonical__p021_mixed_damage__mask_bbox_crop__lpips,lama__canonical__canonical__p021_mixed_damage,lama__canonical__canonical__p021_mixed_damage,canonical__p021_mixed_damage,canonical__p021_mixed_damage,canonical,p021,architecture_structured,Interior of the Oude Kerk in Delft,Gerard Houckgeest,,lama,mixed_damage,p021_mixed_damage,False,mask_bbox_crop,527076,49836,0.395869,0.021182,0.374688,alex,256,ok,
lama__canonical__canonical__p021_scratch_thin__content_region__lpips,lama__canonical__canonical__p021_scratch_thin,lama__canonical__canonical__p021_scratch_thin,canonical__p021_scratch_thin,canonical__p021_scratch_thin,canonical,p021,architecture_structured,Interior of the Oude Kerk in Delft,Gerard Houckgeest,,lama,scratch_thin,p021_scratch_thin,False,content_region,498432,9825,0.300306,0.001545,0.298761,alex,256,ok,
lama__canonical__canonical__p021_scratch_thin__full_image__lpips,lama__canonical__canonical__p021_scratch_thin,lama__canonical__canonical__p021_scratch_thin,canonical__p021_scratch_thin,canonical__p021_scratch_thin,canonical,p021,architecture_structured,Interior of the Oude Kerk in Delft,Gerard Houckgeest,,lama,scratch_thin,p021_scratch_thin,False,full_image,589824,9825,0.290053,0.004789,0.285264,alex,256,ok,
lama__canonical__canonical__p021_scratch_thin__mask_bbox_crop__lpips,lama__canonical__canonical__p021_scratch_thin,lama__canonical__canonical__p021_scratch_thin,canonical__p021_scratch_thin,canonical__p021_scratch_thin,canonical,p021,architecture_structured,Interior of the Oude Kerk in Delft,Gerard Houckgeest,,lama,scratch_thin,p021_scratch_thin,False,mask_bbox_crop,589824,9825,0.290053,0.004789,0.285264,alex,256,ok,
lama__canonical__canonical__p021_zero_control__content_region__lpips,lama__canonical__canonical__p021_zero_control,lama__canonical__canonical__p021_zero_control,canonical__p021_zero_control,canonical__p021_zero_control,canonical,p021,architecture_structured,Interior of the Oude Kerk in Delft,Gerard Houckgeest,,lama,zero_control,p021_zero_control,True,content_region,498432,0,0.0,0.0,0.0,alex,256,ok,
lama__canonical__canonical__p021_zero_control__full_image__lpips,lama__canonical__canonical__p021_zero_control,lama__canonical__canonical__p021_zero_control,canonical__p021_zero_control,canonical__p021_zero_control,canonical,p021,architecture_structured,Interior of the Oude Kerk in Delft,Gerard Houckgeest,,lama,zero_control,p021_zero_control,True,full_image,589824,0,0.0,0.0,0.0,alex,256,ok,
lama__canonical__canonical__p022_loss_large__content_region__lpips,lama__canonical__canonical__p022_loss_large,lama__canonical__canonical__p022_loss_large,canonical__p022_loss_large,canonical__p022_loss_large,canonical,p022,architecture_structured,"Interior of a Protestant, Gothic Church, with a Gravedigger in the Choir",Emanuel de Witte,,lama,loss_large,p022_loss_large,False,content_region,459264,53891,0.214549,0.078209,0.13634,alex,256,ok,
lama__canonical__canonical__p022_loss_large__full_image__lpips,lama__canonical__canonical__p022_loss_large,lama__canonical__canonical__p022_loss_large,canonical__p022_loss_large,canonical__p022_loss_large,canonical,p022,architecture_structured,"Interior of a Protestant, Gothic Church, with a Gravedigger in the Choir",Emanuel de Witte,,lama,loss_large,p022_loss_large,False,full_image,589824,53891,0.171847,0.060635,0.111211,alex,256,ok,
lama__canonical__canonical__p022_loss_large__mask_bbox_crop__lpips,lama__canonical__canonical__p022_loss_large,lama__canonical__canonical__p022_loss_large,canonical__p022_loss_large,canonical__p022_loss_large,canonical,p022,architecture_structured,"Interior of a Protestant, Gothic Church, with a Gravedigger in the Choir",Emanuel de Witte,,lama,loss_large,p022_loss_large,False,mask_bbox_crop,145161,53891,0.505548,0.265551,0.239997,alex,256,ok,
lama__canonical__canonical__p022_loss_small__content_region__lpips,lama__canonical__canonical__p022_loss_small,lama__canonical__canonical__p022_loss_small,canonical__p022_loss_small,canonical__p022_loss_small,canonical,p022,architecture_structured,"Interior of a Protestant, Gothic Church, with a Gravedigger in the Choir",Emanuel de Witte,,lama,loss_small,p022_loss_small,False,content_region,459264,20293,0.239714,0.007171,0.232543,alex,256,ok,
lama__canonical__canonical__p022_loss_small__full_image__lpips,lama__canonical__canonical__p022_loss_small,lama__canonical__canonical__p022_loss_small,canonical__p022_loss_small,canonical__p022_loss_small,canonical,p022,architecture_structured,"Interior of a Protestant, Gothic Church, with a Gravedigger in the Choir",Emanuel de Witte,,lama,loss_small,p022_loss_small,False,full_image,589824,20293,0.207469,0.005955,0.201514,alex,256,ok,
lama__canonical__canonical__p022_loss_small__mask_bbox_crop__lpips,lama__canonical__canonical__p022_loss_small,lama__canonical__canonical__p022_loss_small,canonical__p022_loss_small,canonical__p022_loss_small,canonical,p022,architecture_structured,"Interior of a Protestant, Gothic Church, with a Gravedigger in the Choir",Emanuel de Witte,,lama,loss_small,p022_loss_small,False,mask_bbox_crop,465124,20293,0.217637,0.007754,0.209884,alex,256,ok,
lama__canonical__canonical__p022_mixed_damage__content_region__lpips,lama__canonical__canonical__p022_mixed_damage,lama__canonical__canonical__p022_mixed_damage,canonical__p022_mixed_damage,canonical__p022_mixed_damage,canonical,p022,architecture_structured,"Interior of a Protestant, Gothic Church, with a Gravedigger in the Choir",Emanuel de Witte,,lama,mixed_damage,p022_mixed_damage,False,content_region,459264,44952,0.489156,0.026847,0.462309,alex,256,ok,
lama__canonical__canonical__p022_mixed_damage__full_image__lpips,lama__canonical__canonical__p022_mixed_damage,lama__canonical__canonical__p022_mixed_damage,canonical__p022_mixed_damage,canonical__p022_mixed_damage,canonical,p022,architecture_structured,"Interior of a Protestant, Gothic Church, with a Gravedigger in the Choir",Emanuel de Witte,,lama,mixed_damage,p022_mixed_damage,False,full_image,589824,44952,0.422141,0.022768,0.399372,alex,256,ok,
lama__canonical__canonical__p022_mixed_damage__mask_bbox_crop__lpips,lama__canonical__canonical__p022_mixed_damage,lama__canonical__canonical__p022_mixed_damage,canonical__p022_mixed_damage,canonical__p022_mixed_damage,canonical,p022,architecture_structured,"Interior of a Protestant, Gothic Church, with a Gravedigger in the Choir",Emanuel de Witte,,lama,mixed_damage,p022_mixed_damage,False,mask_bbox_crop,573049,44952,0.424184,0.023383,0.400801,alex,256,ok,
lama__canonical__canonical__p022_scratch_thin__content_region__lpips,lama__canonical__canonical__p022_scratch_thin,lama__canonical__canonical__p022_scratch_thin,canonical__p022_scratch_thin,canonical__p022_scratch_thin,canonical,p022,architecture_structured,"Interior of a Protestant, Gothic Church, with a Gravedigger in the Choir",Emanuel de Witte,,lama,scratch_thin,p022_scratch_thin,False,content_region,459264,8915,0.327012,0.000899,0.326113,alex,256,ok,
lama__canonical__canonical__p022_scratch_thin__full_image__lpips,lama__canonical__canonical__p022_scratch_thin,lama__canonical__canonical__p022_scratch_thin,canonical__p022_scratch_thin,canonical__p022_scratch_thin,canonical,p022,architecture_structured,"Interior of a Protestant, Gothic Church, with a Gravedigger in the Choir",Emanuel de Witte,,lama,scratch_thin,p022_scratch_thin,False,full_image,589824,8915,0.298904,0.000942,0.297962,alex,256,ok,
lama__canonical__canonical__p022_scratch_thin__mask_bbox_crop__lpips,lama__canonical__canonical__p022_scratch_thin,lama__canonical__canonical__p022_scratch_thin,canonical__p022_scratch_thin,canonical__p022_scratch_thin,canonical,p022,architecture_structured,"Interior of a Protestant, Gothic Church, with a Gravedigger in the Choir",Emanuel de Witte,,lama,scratch_thin,p022_scratch_thin,False,mask_bbox_crop,589824,8915,0.298904,0.000942,0.297962,alex,256,ok,
lama__canonical__canonical__p022_zero_control__content_region__lpips,lama__canonical__canonical__p022_zero_control,lama__canonical__canonical__p022_zero_control,canonical__p022_zero_control,canonical__p022_zero_control,canonical,p022,architecture_structured,"Interior of a Protestant, Gothic Church, with a Gravedigger in the Choir",Emanuel de Witte,,lama,zero_control,p022_zero_control,True,content_region,459264,0,0.0,0.0,0.0,alex,256,ok,
lama__canonical__canonical__p022_zero_control__full_image__lpips,lama__canonical__canonical__p022_zero_control,lama__canonical__canonical__p022_zero_control,canonical__p022_zero_control,canonical__p022_zero_control,canonical,p022,architecture_structured,"Interior of a Protestant, Gothic Church, with a Gravedigger in the Choir",Emanuel de Witte,,lama,zero_control,p022_zero_control,True,full_image,589824,0,0.0,0.0,0.0,alex,256,ok,
lama__canonical__canonical__p023_loss_large__content_region__lpips,lama__canonical__canonical__p023_loss_large,lama__canonical__canonical__p023_loss_large,canonical__p023_loss_large,canonical__p023_loss_large,canonical,p023,architecture_structured,Church Interior,Johannes Bosboom,,lama,loss_large,p023_loss_large,False,content_region,422400,44286,0.169791,0.050605,0.119186,alex,256,ok,
lama__canonical__canonical__p023_loss_large__full_image__lpips,lama__canonical__canonical__p023_loss_large,lama__canonical__canonical__p023_loss_large,canonical__p023_loss_large,canonical__p023_loss_large,canonical,p023,architecture_structured,Church Interior,Johannes Bosboom,,lama,loss_large,p023_loss_large,False,full_image,589824,44286,0.132361,0.040536,0.091825,alex,256,ok,
lama__canonical__canonical__p023_loss_large__mask_bbox_crop__lpips,lama__canonical__canonical__p023_loss_large,lama__canonical__canonical__p023_loss_large,canonical__p023_loss_large,canonical__p023_loss_large,canonical,p023,architecture_structured,Church Interior,Johannes Bosboom,,lama,loss_large,p023_loss_large,False,mask_bbox_crop,95481,44286,0.569665,0.231905,0.33776,alex,256,ok,
lama__canonical__canonical__p023_loss_small__content_region__lpips,lama__canonical__canonical__p023_loss_small,lama__canonical__canonical__p023_loss_small,canonical__p023_loss_small,canonical__p023_loss_small,canonical,p023,architecture_structured,Church Interior,Johannes Bosboom,,lama,loss_small,p023_loss_small,False,content_region,422400,18453,0.147512,0.007657,0.139855,alex,256,ok,
lama__canonical__canonical__p023_loss_small__full_image__lpips,lama__canonical__canonical__p023_loss_small,lama__canonical__canonical__p023_loss_small,canonical__p023_loss_small,canonical__p023_loss_small,canonical,p023,architecture_structured,Church Interior,Johannes Bosboom,,lama,loss_small,p023_loss_small,False,full_image,589824,18453,0.114392,0.004353,0.110039,alex,256,ok,
lama__canonical__canonical__p023_loss_small__mask_bbox_crop__lpips,lama__canonical__canonical__p023_loss_small,lama__canonical__canonical__p023_loss_small,canonical__p023_loss_small,canonical__p023_loss_small,canonical,p023,architecture_structured,Church Interior,Johannes Bosboom,,lama,loss_small,p023_loss_small,False,mask_bbox_crop,290521,18453,0.171353,0.009506,0.161847,alex,256,ok,
lama__canonical__canonical__p023_mixed_damage__content_region__lpips,lama__canonical__canonical__p023_mixed_damage,lama__canonical__canonical__p023_mixed_damage,canonical__p023_mixed_damage,canonical__p023_mixed_damage,canonical,p023,architecture_structured,Church Interior,Johannes Bosboom,,lama,mixed_damage,p023_mixed_damage,False,content_region,422400,42254,0.316305,0.01734,0.298965,alex,256,ok,
lama__canonical__canonical__p023_mixed_damage__full_image__lpips,lama__canonical__canonical__p023_mixed_damage,lama__canonical__canonical__p023_mixed_damage,canonical__p023_mixed_damage,canonical__p023_mixed_damage,canonical,p023,architecture_structured,Church Interior,Johannes Bosboom,,lama,mixed_damage,p023_mixed_damage,False,full_image,589824,42254,0.298477,0.014238,0.284238,alex,256,ok,
lama__canonical__canonical__p023_mixed_damage__mask_bbox_crop__lpips,lama__canonical__canonical__p023_mixed_damage,lama__canonical__canonical__p023_mixed_damage,canonical__p023_mixed_damage,canonical__p023_mixed_damage,canonical,p023,architecture_structured,Church Interior,Johannes Bosboom,,lama,mixed_damage,p023_mixed_damage,False,mask_bbox_crop,589824,42254,0.298477,0.014238,0.284238,alex,256,ok,
lama__canonical__canonical__p023_scratch_thin__content_region__lpips,lama__canonical__canonical__p023_scratch_thin,lama__canonical__canonical__p023_scratch_thin,canonical__p023_scratch_thin,canonical__p023_scratch_thin,canonical,p023,architecture_structured,Church Interior,Johannes Bosboom,,lama,scratch_thin,p023_scratch_thin,False,content_region,422400,8131,0.235868,0.001687,0.234181,alex,256,ok,
lama__canonical__canonical__p023_scratch_thin__full_image__lpips,lama__canonical__canonical__p023_scratch_thin,lama__canonical__canonical__p023_scratch_thin,canonical__p023_scratch_thin,canonical__p023_scratch_thin,canonical,p023,architecture_structured,Church Interior,Johannes Bosboom,,lama,scratch_thin,p023_scratch_thin,False,full_image,589824,8131,0.216698,0.001288,0.21541,alex,256,ok,
lama__canonical__canonical__p023_scratch_thin__mask_bbox_crop__lpips,lama__canonical__canonical__p023_scratch_thin,lama__canonical__canonical__p023_scratch_thin,canonical__p023_scratch_thin,canonical__p023_scratch_thin,canonical,p023,architecture_structured,Church Interior,Johannes Bosboom,,lama,scratch_thin,p023_scratch_thin,False,mask_bbox_crop,589824,8131,0.216698,0.001288,0.21541,alex,256,ok,
lama__canonical__canonical__p023_zero_control__content_region__lpips,lama__canonical__canonical__p023_zero_control,lama__canonical__canonical__p023_zero_control,canonical__p023_zero_control,canonical__p023_zero_control,canonical,p023,architecture_structured,Church Interior,Johannes Bosboom,,lama,zero_control,p023_zero_control,True,content_region,422400,0,0.0,0.0,0.0,alex,256,ok,
lama__canonical__canonical__p023_zero_control__full_image__lpips,lama__canonical__canonical__p023_zero_control,lama__canonical__canonical__p023_zero_control,canonical__p023_zero_control,canonical__p023_zero_control,canonical,p023,architecture_structured,Church Interior,Johannes Bosboom,,lama,zero_control,p023_zero_control,True,full_image,589824,0,0.0,0.0,0.0,alex,256,ok,
lama__canonical__canonical__p024_loss_large__content_region__lpips,lama__canonical__canonical__p024_loss_large,lama__canonical__canonical__p024_loss_large,canonical__p024_loss_large,canonical__p024_loss_large,canonical,p024,architecture_structured,Interior of the Church of St Bavo in Haarlem,Johannes Bosboom,,lama,loss_large,p024_loss_large,False,content_region,459264,57578,0.214536,0.066396,0.148141,alex,256,ok,
lama__canonical__canonical__p024_loss_large__full_image__lpips,lama__canonical__canonical__p024_loss_large,lama__canonical__canonical__p024_loss_large,canonical__p024_loss_large,canonical__p024_loss_large,canonical,p024,architecture_structured,Interior of the Church of St Bavo in Haarlem,Johannes Bosboom,,lama,loss_large,p024_loss_large,False,full_image,589824,57578,0.182137,0.050078,0.132059,alex,256,ok,
lama__canonical__canonical__p024_loss_large__mask_bbox_crop__lpips,lama__canonical__canonical__p024_loss_large,lama__canonical__canonical__p024_loss_large,canonical__p024_loss_large,canonical__p024_loss_large,canonical,p024,architecture_structured,Interior of the Church of St Bavo in Haarlem,Johannes Bosboom,,lama,loss_large,p024_loss_large,False,mask_bbox_crop,113569,57578,0.679053,0.239791,0.439262,alex,256,ok,
lama__canonical__canonical__p024_loss_small__content_region__lpips,lama__canonical__canonical__p024_loss_small,lama__canonical__canonical__p024_loss_small,canonical__p024_loss_small,canonical__p024_loss_small,canonical,p024,architecture_structured,Interior of the Church of St Bavo in Haarlem,Johannes Bosboom,,lama,loss_small,p024_loss_small,False,content_region,459264,20530,0.220028,0.00359,0.216438,alex,256,ok,
lama__canonical__canonical__p024_loss_small__full_image__lpips,lama__canonical__canonical__p024_loss_small,lama__canonical__canonical__p024_loss_small,canonical__p024_loss_small,canonical__p024_loss_small,canonical,p024,architecture_structured,Interior of the Church of St Bavo in Haarlem,Johannes Bosboom,,lama,loss_small,p024_loss_small,False,full_image,589824,20530,0.195545,0.002856,0.192689,alex,256,ok,
lama__canonical__canonical__p024_loss_small__mask_bbox_crop__lpips,lama__canonical__canonical__p024_loss_small,lama__canonical__canonical__p024_loss_small,canonical__p024_loss_small,canonical__p024_loss_small,canonical,p024,architecture_structured,Interior of the Church of St Bavo in Haarlem,Johannes Bosboom,,lama,loss_small,p024_loss_small,False,mask_bbox_crop,511225,20530,0.191354,0.002946,0.188408,alex,256,ok,
lama__canonical__canonical__p024_mixed_damage__content_region__lpips,lama__canonical__canonical__p024_mixed_damage,lama__canonical__canonical__p024_mixed_damage,canonical__p024_mixed_damage,canonical__p024_mixed_damage,canonical,p024,architecture_structured,Interior of the Church of St Bavo in Haarlem,Johannes Bosboom,,lama,mixed_damage,p024_mixed_damage,False,content_region,459264,37292,0.358552,0.008571,0.349981,alex,256,ok,
lama__canonical__canonical__p024_mixed_damage__full_image__lpips,lama__canonical__canonical__p024_mixed_damage,lama__canonical__canonical__p024_mixed_damage,canonical__p024_mixed_damage,canonical__p024_mixed_damage,canonical,p024,architecture_structured,Interior of the Church of St Bavo in Haarlem,Johannes Bosboom,,lama,mixed_damage,p024_mixed_damage,False,full_image,589824,37292,0.341373,0.007515,0.333859,alex,256,ok,
lama__canonical__canonical__p024_mixed_damage__mask_bbox_crop__lpips,lama__canonical__canonical__p024_mixed_damage,lama__canonical__canonical__p024_mixed_damage,canonical__p024_mixed_damage,canonical__p024_mixed_damage,canonical,p024,architecture_structured,Interior of the Church of St Bavo in Haarlem,Johannes Bosboom,,lama,mixed_damage,p024_mixed_damage,False,mask_bbox_crop,589824,37292,0.341373,0.007515,0.333859,alex,256,ok,
lama__canonical__canonical__p024_scratch_thin__content_region__lpips,lama__canonical__canonical__p024_scratch_thin,lama__canonical__canonical__p024_scratch_thin,canonical__p024_scratch_thin,canonical__p024_scratch_thin,canonical,p024,architecture_structured,Interior of the Church of St Bavo in Haarlem,Johannes Bosboom,,lama,scratch_thin,p024_scratch_thin,False,content_region,459264,6922,0.286295,0.000976,0.285319,alex,256,ok,
lama__canonical__canonical__p024_scratch_thin__full_image__lpips,lama__canonical__canonical__p024_scratch_thin,lama__canonical__canonical__p024_scratch_thin,canonical__p024_scratch_thin,canonical__p024_scratch_thin,canonical,p024,architecture_structured,Interior of the Church of St Bavo in Haarlem,Johannes Bosboom,,lama,scratch_thin,p024_scratch_thin,False,full_image,589824,6922,0.269574,0.000659,0.268915,alex,256,ok,
lama__canonical__canonical__p024_scratch_thin__mask_bbox_crop__lpips,lama__canonical__canonical__p024_scratch_thin,lama__canonical__canonical__p024_scratch_thin,canonical__p024_scratch_thin,canonical__p024_scratch_thin,canonical,p024,architecture_structured,Interior of the Church of St Bavo in Haarlem,Johannes Bosboom,,lama,scratch_thin,p024_scratch_thin,False,mask_bbox_crop,589824,6922,0.269574,0.000659,0.268915,alex,256,ok,
lama__canonical__canonical__p024_zero_control__content_region__lpips,lama__canonical__canonical__p024_zero_control,lama__canonical__canonical__p024_zero_control,canonical__p024_zero_control,canonical__p024_zero_control,canonical,p024,architecture_structured,Interior of the Church of St Bavo in Haarlem,Johannes Bosboom,,lama,zero_control,p024_zero_control,True,content_region,459264,0,0.0,0.0,0.0,alex,256,ok,
lama__canonical__canonical__p024_zero_control__full_image__lpips,lama__canonical__canonical__p024_zero_control,lama__canonical__canonical__p024_zero_control,canonical__p024_zero_control,canonical__p024_zero_control,canonical,p024,architecture_structured,Interior of the Church of St Bavo in Haarlem,Johannes Bosboom,,lama,zero_control,p024_zero_control,True,full_image,589824,0,0.0,0.0,0.0,alex,256,ok,
lama__canonical__canonical__p025_loss_large__content_region__lpips,lama__canonical__canonical__p025_loss_large,lama__canonical__canonical__p025_loss_large,canonical__p025_loss_large,canonical__p025_loss_large,canonical,p025,architecture_structured,The Quay de Paris in Rouen,Johannes Bosboom,,lama,loss_large,p025_loss_large,False,content_region,491520,60302,0.192625,0.061789,0.130836,alex,256,ok,
lama__canonical__canonical__p025_loss_large__full_image__lpips,lama__canonical__canonical__p025_loss_large,lama__canonical__canonical__p025_loss_large,canonical__p025_loss_large,canonical__p025_loss_large,canonical,p025,architecture_structured,The Quay de Paris in Rouen,Johannes Bosboom,,lama,loss_large,p025_loss_large,False,full_image,589824,60302,0.163566,0.049888,0.113678,alex,256,ok,
lama__canonical__canonical__p025_loss_large__mask_bbox_crop__lpips,lama__canonical__canonical__p025_loss_large,lama__canonical__canonical__p025_loss_large,canonical__p025_loss_large,canonical__p025_loss_large,canonical,p025,architecture_structured,The Quay de Paris in Rouen,Johannes Bosboom,,lama,loss_large,p025_loss_large,False,mask_bbox_crop,92416,60302,0.72066,0.338483,0.382177,alex,256,ok,
lama__canonical__canonical__p025_loss_small__content_region__lpips,lama__canonical__canonical__p025_loss_small,lama__canonical__canonical__p025_loss_small,canonical__p025_loss_small,canonical__p025_loss_small,canonical,p025,architecture_structured,The Quay de Paris in Rouen,Johannes Bosboom,,lama,loss_small,p025_loss_small,False,content_region,491520,15212,0.165938,0.007469,0.158469,alex,256,ok,
lama__canonical__canonical__p025_loss_small__full_image__lpips,lama__canonical__canonical__p025_loss_small,lama__canonical__canonical__p025_loss_small,canonical__p025_loss_small,canonical__p025_loss_small,canonical,p025,architecture_structured,The Quay de Paris in Rouen,Johannes Bosboom,,lama,loss_small,p025_loss_small,False,full_image,589824,15212,0.143408,0.00673,0.136677,alex,256,ok,
lama__canonical__canonical__p025_loss_small__mask_bbox_crop__lpips,lama__canonical__canonical__p025_loss_small,lama__canonical__canonical__p025_loss_small,canonical__p025_loss_small,canonical__p025_loss_small,canonical,p025,architecture_structured,The Quay de Paris in Rouen,Johannes Bosboom,,lama,loss_small,p025_loss_small,False,mask_bbox_crop,260100,15212,0.245894,0.016267,0.229626,alex,256,ok,
lama__canonical__canonical__p025_mixed_damage__content_region__lpips,lama__canonical__canonical__p025_mixed_damage,lama__canonical__canonical__p025_mixed_damage,canonical__p025_mixed_damage,canonical__p025_mixed_damage,canonical,p025,architecture_structured,The Quay de Paris in Rouen,Johannes Bosboom,,lama,mixed_damage,p025_mixed_damage,False,content_region,491520,44548,0.399265,0.033327,0.365938,alex,256,ok,
lama__canonical__canonical__p025_mixed_damage__full_image__lpips,lama__canonical__canonical__p025_mixed_damage,lama__canonical__canonical__p025_mixed_damage,canonical__p025_mixed_damage,canonical__p025_mixed_damage,canonical,p025,architecture_structured,The Quay de Paris in Rouen,Johannes Bosboom,,lama,mixed_damage,p025_mixed_damage,False,full_image,589824,44548,0.362902,0.028768,0.334134,alex,256,ok,
lama__canonical__canonical__p025_mixed_damage__mask_bbox_crop__lpips,lama__canonical__canonical__p025_mixed_damage,lama__canonical__canonical__p025_mixed_damage,canonical__p025_mixed_damage,canonical__p025_mixed_damage,canonical,p025,architecture_structured,The Quay de Paris in Rouen,Johannes Bosboom,,lama,mixed_damage,p025_mixed_damage,False,mask_bbox_crop,589824,44548,0.362902,0.028768,0.334134,alex,256,ok,
lama__canonical__canonical__p025_scratch_thin__content_region__lpips,lama__canonical__canonical__p025_scratch_thin,lama__canonical__canonical__p025_scratch_thin,canonical__p025_scratch_thin,canonical__p025_scratch_thin,canonical,p025,architecture_structured,The Quay de Paris in Rouen,Johannes Bosboom,,lama,scratch_thin,p025_scratch_thin,False,content_region,491520,14613,0.330699,0.004254,0.326445,alex,256,ok,
lama__canonical__canonical__p025_scratch_thin__full_image__lpips,lama__canonical__canonical__p025_scratch_thin,lama__canonical__canonical__p025_scratch_thin,canonical__p025_scratch_thin,canonical__p025_scratch_thin,canonical,p025,architecture_structured,The Quay de Paris in Rouen,Johannes Bosboom,,lama,scratch_thin,p025_scratch_thin,False,full_image,589824,14613,0.312462,0.004352,0.30811,alex,256,ok,
lama__canonical__canonical__p025_scratch_thin__mask_bbox_crop__lpips,lama__canonical__canonical__p025_scratch_thin,lama__canonical__canonical__p025_scratch_thin,canonical__p025_scratch_thin,canonical__p025_scratch_thin,canonical,p025,architecture_structured,The Quay de Paris in Rouen,Johannes Bosboom,,lama,scratch_thin,p025_scratch_thin,False,mask_bbox_crop,483025,14613,0.345663,0.004841,0.340822,alex,256,ok,
lama__canonical__canonical__p025_zero_control__content_region__lpips,lama__canonical__canonical__p025_zero_control,lama__canonical__canonical__p025_zero_control,canonical__p025_zero_control,canonical__p025_zero_control,canonical,p025,architecture_structured,The Quay de Paris in Rouen,Johannes Bosboom,,lama,zero_control,p025_zero_control,True,content_region,491520,0,0.0,0.0,0.0,alex,256,ok,
lama__canonical__canonical__p025_zero_control__full_image__lpips,lama__canonical__canonical__p025_zero_control,lama__canonical__canonical__p025_zero_control,canonical__p025_zero_control,canonical__p025_zero_control,canonical,p025,architecture_structured,The Quay de Paris in Rouen,Johannes Bosboom,,lama,zero_control,p025_zero_control,True,full_image,589824,0,0.0,0.0,0.0,alex,256,ok,
lama__canonical__canonical__p026_loss_large__content_region__lpips,lama__canonical__canonical__p026_loss_large,lama__canonical__canonical__p026_loss_large,canonical__p026_loss_large,canonical__p026_loss_large,canonical,p026,architecture_structured,View of a Village along a River,attributed to Jan Brueghel I,,lama,loss_large,p026_loss_large,False,content_region,406272,52670,0.236573,0.044519,0.192054,alex,256,ok,
lama__canonical__canonical__p026_loss_large__full_image__lpips,lama__canonical__canonical__p026_loss_large,lama__canonical__canonical__p026_loss_large,canonical__p026_loss_large,canonical__p026_loss_large,canonical,p026,architecture_structured,View of a Village along a River,attributed to Jan Brueghel I,,lama,loss_large,p026_loss_large,False,full_image,589824,52670,0.173926,0.029247,0.144679,alex,256,ok,
lama__canonical__canonical__p026_loss_large__mask_bbox_crop__lpips,lama__canonical__canonical__p026_loss_large,lama__canonical__canonical__p026_loss_large,canonical__p026_loss_large,canonical__p026_loss_large,canonical,p026,architecture_structured,View of a Village along a River,attributed to Jan Brueghel I,,lama,loss_large,p026_loss_large,False,mask_bbox_crop,91204,52670,0.674336,0.201508,0.472828,alex,256,ok,
lama__canonical__canonical__p026_loss_small__content_region__lpips,lama__canonical__canonical__p026_loss_small,lama__canonical__canonical__p026_loss_small,canonical__p026_loss_small,canonical__p026_loss_small,canonical,p026,architecture_structured,View of a Village along a River,attributed to Jan Brueghel I,,lama,loss_small,p026_loss_small,False,content_region,406272,15084,0.2412,0.013092,0.228107,alex,256,ok,
lama__canonical__canonical__p026_loss_small__full_image__lpips,lama__canonical__canonical__p026_loss_small,lama__canonical__canonical__p026_loss_small,canonical__p026_loss_small,canonical__p026_loss_small,canonical,p026,architecture_structured,View of a Village along a River,attributed to Jan Brueghel I,,lama,loss_small,p026_loss_small,False,full_image,589824,15084,0.187856,0.007844,0.180011,alex,256,ok,
lama__canonical__canonical__p026_loss_small__mask_bbox_crop__lpips,lama__canonical__canonical__p026_loss_small,lama__canonical__canonical__p026_loss_small,canonical__p026_loss_small,canonical__p026_loss_small,canonical,p026,architecture_structured,View of a Village along a River,attributed to Jan Brueghel I,,lama,loss_small,p026_loss_small,False,mask_bbox_crop,416025,15084,0.20311,0.010771,0.19234,alex,256,ok,
lama__canonical__canonical__p026_mixed_damage__content_region__lpips,lama__canonical__canonical__p026_mixed_damage,lama__canonical__canonical__p026_mixed_damage,canonical__p026_mixed_damage,canonical__p026_mixed_damage,canonical,p026,architecture_structured,View of a Village along a River,attributed to Jan Brueghel I,,lama,mixed_damage,p026_mixed_damage,False,content_region,406272,37951,0.470121,0.031634,0.438487,alex,256,ok,
lama__canonical__canonical__p026_mixed_damage__full_image__lpips,lama__canonical__canonical__p026_mixed_damage,lama__canonical__canonical__p026_mixed_damage,canonical__p026_mixed_damage,canonical__p026_mixed_damage,canonical,p026,architecture_structured,View of a Village along a River,attributed to Jan Brueghel I,,lama,mixed_damage,p026_mixed_damage,False,full_image,589824,37951,0.403724,0.021359,0.382365,alex,256,ok,
lama__canonical__canonical__p026_mixed_damage__mask_bbox_crop__lpips,lama__canonical__canonical__p026_mixed_damage,lama__canonical__canonical__p026_mixed_damage,canonical__p026_mixed_damage,canonical__p026_mixed_damage,canonical,p026,architecture_structured,View of a Village along a River,attributed to Jan Brueghel I,,lama,mixed_damage,p026_mixed_damage,False,mask_bbox_crop,589824,37951,0.403724,0.021359,0.382365,alex,256,ok,
lama__canonical__canonical__p026_scratch_thin__content_region__lpips,lama__canonical__canonical__p026_scratch_thin,lama__canonical__canonical__p026_scratch_thin,canonical__p026_scratch_thin,canonical__p026_scratch_thin,canonical,p026,architecture_structured,View of a Village along a River,attributed to Jan Brueghel I,,lama,scratch_thin,p026_scratch_thin,False,content_region,406272,9911,0.411865,0.003734,0.408131,alex,256,ok,
lama__canonical__canonical__p026_scratch_thin__full_image__lpips,lama__canonical__canonical__p026_scratch_thin,lama__canonical__canonical__p026_scratch_thin,canonical__p026_scratch_thin,canonical__p026_scratch_thin,canonical,p026,architecture_structured,View of a Village along a River,attributed to Jan Brueghel I,,lama,scratch_thin,p026_scratch_thin,False,full_image,589824,9911,0.356673,0.002912,0.353761,alex,256,ok,
lama__canonical__canonical__p026_scratch_thin__mask_bbox_crop__lpips,lama__canonical__canonical__p026_scratch_thin,lama__canonical__canonical__p026_scratch_thin,canonical__p026_scratch_thin,canonical__p026_scratch_thin,canonical,p026,architecture_structured,View of a Village along a River,attributed to Jan Brueghel I,,lama,scratch_thin,p026_scratch_thin,False,mask_bbox_crop,451584,9911,0.400193,0.003743,0.396451,alex,256,ok,
lama__canonical__canonical__p026_zero_control__content_region__lpips,lama__canonical__canonical__p026_zero_control,lama__canonical__canonical__p026_zero_control,canonical__p026_zero_control,canonical__p026_zero_control,canonical,p026,architecture_structured,View of a Village along a River,attributed to Jan Brueghel I,,lama,zero_control,p026_zero_control,True,content_region,406272,0,0.0,0.0,0.0,alex,256,ok,
lama__canonical__canonical__p026_zero_control__full_image__lpips,lama__canonical__canonical__p026_zero_control,lama__canonical__canonical__p026_zero_control,canonical__p026_zero_control,canonical__p026_zero_control,canonical,p026,architecture_structured,View of a Village along a River,attributed to Jan Brueghel I,,lama,zero_control,p026_zero_control,True,full_image,589824,0,0.0,0.0,0.0,alex,256,ok,
lama__canonical__canonical__p027_loss_large__content_region__lpips,lama__canonical__canonical__p027_loss_large,lama__canonical__canonical__p027_loss_large,canonical__p027_loss_large,canonical__p027_loss_large,canonical,p027,architecture_structured,Italian Landscape with the Ponte Lucano over the Aniene River,Jan Both,,lama,loss_large,p027_loss_large,False,content_region,461568,51962,0.26781,0.06781,0.2,alex,256,ok,
lama__canonical__canonical__p027_loss_large__full_image__lpips,lama__canonical__canonical__p027_loss_large,lama__canonical__canonical__p027_loss_large,canonical__p027_loss_large,canonical__p027_loss_large,canonical,p027,architecture_structured,Italian Landscape with the Ponte Lucano over the Aniene River,Jan Both,,lama,loss_large,p027_loss_large,False,full_image,589824,51962,0.215259,0.049956,0.165302,alex,256,ok,
lama__canonical__canonical__p027_loss_large__mask_bbox_crop__lpips,lama__canonical__canonical__p027_loss_large,lama__canonical__canonical__p027_loss_large,canonical__p027_loss_large,canonical__p027_loss_large,canonical,p027,architecture_structured,Italian Landscape with the Ponte Lucano over the Aniene River,Jan Both,,lama,loss_large,p027_loss_large,False,mask_bbox_crop,95481,51962,0.779321,0.263946,0.515375,alex,256,ok,
lama__canonical__canonical__p027_loss_small__content_region__lpips,lama__canonical__canonical__p027_loss_small,lama__canonical__canonical__p027_loss_small,canonical__p027_loss_small,canonical__p027_loss_small,canonical,p027,architecture_structured,Italian Landscape with the Ponte Lucano over the Aniene River,Jan Both,,lama,loss_small,p027_loss_small,False,content_region,461568,24809,0.261997,0.027084,0.234912,alex,256,ok,
lama__canonical__canonical__p027_loss_small__full_image__lpips,lama__canonical__canonical__p027_loss_small,lama__canonical__canonical__p027_loss_small,canonical__p027_loss_small,canonical__p027_loss_small,canonical,p027,architecture_structured,Italian Landscape with the Ponte Lucano over the Aniene River,Jan Both,,lama,loss_small,p027_loss_small,False,full_image,589824,24809,0.220255,0.022134,0.198121,alex,256,ok,
lama__canonical__canonical__p027_loss_small__mask_bbox_crop__lpips,lama__canonical__canonical__p027_loss_small,lama__canonical__canonical__p027_loss_small,canonical__p027_loss_small,canonical__p027_loss_small,canonical,p027,architecture_structured,Italian Landscape with the Ponte Lucano over the Aniene River,Jan Both,,lama,loss_small,p027_loss_small,False,mask_bbox_crop,492804,24809,0.235655,0.02186,0.213795,alex,256,ok,
lama__canonical__canonical__p027_mixed_damage__content_region__lpips,lama__canonical__canonical__p027_mixed_damage,lama__canonical__canonical__p027_mixed_damage,canonical__p027_mixed_damage,canonical__p027_mixed_damage,canonical,p027,architecture_structured,Italian Landscape with the Ponte Lucano over the Aniene River,Jan Both,,lama,mixed_damage,p027_mixed_damage,False,content_region,461568,40932,0.510368,0.024019,0.486349,alex,256,ok,
lama__canonical__canonical__p027_mixed_damage__full_image__lpips,lama__canonical__canonical__p027_mixed_damage,lama__canonical__canonical__p027_mixed_damage,canonical__p027_mixed_damage,canonical__p027_mixed_damage,canonical,p027,architecture_structured,Italian Landscape with the Ponte Lucano over the Aniene River,Jan Both,,lama,mixed_damage,p027_mixed_damage,False,full_image,589824,40932,0.462782,0.017495,0.445286,alex,256,ok,
lama__canonical__canonical__p027_mixed_damage__mask_bbox_crop__lpips,lama__canonical__canonical__p027_mixed_damage,lama__canonical__canonical__p027_mixed_damage,canonical__p027_mixed_damage,canonical__p027_mixed_damage,canonical,p027,architecture_structured,Italian Landscape with the Ponte Lucano over the Aniene River,Jan Both,,lama,mixed_damage,p027_mixed_damage,False,mask_bbox_crop,589824,40932,0.462782,0.017495,0.445286,alex,256,ok,
lama__canonical__canonical__p027_scratch_thin__content_region__lpips,lama__canonical__canonical__p027_scratch_thin,lama__canonical__canonical__p027_scratch_thin,canonical__p027_scratch_thin,canonical__p027_scratch_thin,canonical,p027,architecture_structured,Italian Landscape with the Ponte Lucano over the Aniene River,Jan Both,,lama,scratch_thin,p027_scratch_thin,False,content_region,461568,10362,0.433205,0.002274,0.430931,alex,256,ok,
lama__canonical__canonical__p027_scratch_thin__full_image__lpips,lama__canonical__canonical__p027_scratch_thin,lama__canonical__canonical__p027_scratch_thin,canonical__p027_scratch_thin,canonical__p027_scratch_thin,canonical,p027,architecture_structured,Italian Landscape with the Ponte Lucano over the Aniene River,Jan Both,,lama,scratch_thin,p027_scratch_thin,False,full_image,589824,10362,0.371477,0.002041,0.369436,alex,256,ok,
lama__canonical__canonical__p027_scratch_thin__mask_bbox_crop__lpips,lama__canonical__canonical__p027_scratch_thin,lama__canonical__canonical__p027_scratch_thin,canonical__p027_scratch_thin,canonical__p027_scratch_thin,canonical,p027,architecture_structured,Italian Landscape with the Ponte Lucano over the Aniene River,Jan Both,,lama,scratch_thin,p027_scratch_thin,False,mask_bbox_crop,494209,10362,0.405125,0.002112,0.403012,alex,256,ok,
lama__canonical__canonical__p027_zero_control__content_region__lpips,lama__canonical__canonical__p027_zero_control,lama__canonical__canonical__p027_zero_control,canonical__p027_zero_control,canonical__p027_zero_control,canonical,p027,architecture_structured,Italian Landscape with the Ponte Lucano over the Aniene River,Jan Both,,lama,zero_control,p027_zero_control,True,content_region,461568,0,0.0,0.0,0.0,alex,256,ok,
lama__canonical__canonical__p027_zero_control__full_image__lpips,lama__canonical__canonical__p027_zero_control,lama__canonical__canonical__p027_zero_control,canonical__p027_zero_control,canonical__p027_zero_control,canonical,p027,architecture_structured,Italian Landscape with the Ponte Lucano over the Aniene River,Jan Both,,lama,zero_control,p027_zero_control,True,full_image,589824,0,0.0,0.0,0.0,alex,256,ok,
lama__canonical__canonical__p028_loss_large__content_region__lpips,lama__canonical__canonical__p028_loss_large,lama__canonical__canonical__p028_loss_large,canonical__p028_loss_large,canonical__p028_loss_large,canonical,p028,architecture_structured,Trading posts of the Dutch East India Company (VOC),workshop of Johannes Vinckboons,,lama,loss_large,p028_loss_large,False,content_region,407808,47473,0.198066,0.058032,0.140034,alex,256,ok,
lama__canonical__canonical__p028_loss_large__full_image__lpips,lama__canonical__canonical__p028_loss_large,lama__canonical__canonical__p028_loss_large,canonical__p028_loss_large,canonical__p028_loss_large,canonical,p028,architecture_structured,Trading posts of the Dutch East India Company (VOC),workshop of Johannes Vinckboons,,lama,loss_large,p028_loss_large,False,full_image,589824,47473,0.158166,0.047998,0.110168,alex,256,ok,
lama__canonical__canonical__p028_loss_large__mask_bbox_crop__lpips,lama__canonical__canonical__p028_loss_large,lama__canonical__canonical__p028_loss_large,canonical__p028_loss_large,canonical__p028_loss_large,canonical,p028,architecture_structured,Trading posts of the Dutch East India Company (VOC),workshop of Johannes Vinckboons,,lama,loss_large,p028_loss_large,False,mask_bbox_crop,92416,47473,0.577331,0.19417,0.383161,alex,256,ok,
lama__canonical__canonical__p028_loss_small__content_region__lpips,lama__canonical__canonical__p028_loss_small,lama__canonical__canonical__p028_loss_small,canonical__p028_loss_small,canonical__p028_loss_small,canonical,p028,architecture_structured,Trading posts of the Dutch East India Company (VOC),workshop of Johannes Vinckboons,,lama,loss_small,p028_loss_small,False,content_region,407808,16168,0.180033,0.010063,0.169971,alex,256,ok,
lama__canonical__canonical__p028_loss_small__full_image__lpips,lama__canonical__canonical__p028_loss_small,lama__canonical__canonical__p028_loss_small,canonical__p028_loss_small,canonical__p028_loss_small,canonical,p028,architecture_structured,Trading posts of the Dutch East India Company (VOC),workshop of Johannes Vinckboons,,lama,loss_small,p028_loss_small,False,full_image,589824,16168,0.153163,0.013407,0.139756,alex,256,ok,
lama__canonical__canonical__p028_loss_small__mask_bbox_crop__lpips,lama__canonical__canonical__p028_loss_small,lama__canonical__canonical__p028_loss_small,canonical__p028_loss_small,canonical__p028_loss_small,canonical,p028,architecture_structured,Trading posts of the Dutch East India Company (VOC),workshop of Johannes Vinckboons,,lama,loss_small,p028_loss_small,False,mask_bbox_crop,291600,16168,0.210572,0.018442,0.19213,alex,256,ok,
lama__canonical__canonical__p028_mixed_damage__content_region__lpips,lama__canonical__canonical__p028_mixed_damage,lama__canonical__canonical__p028_mixed_damage,canonical__p028_mixed_damage,canonical__p028_mixed_damage,canonical,p028,architecture_structured,Trading posts of the Dutch East India Company (VOC),workshop of Johannes Vinckboons,,lama,mixed_damage,p028_mixed_damage,False,content_region,407808,42118,0.414889,0.020449,0.39444,alex,256,ok,
lama__canonical__canonical__p028_mixed_damage__full_image__lpips,lama__canonical__canonical__p028_mixed_damage,lama__canonical__canonical__p028_mixed_damage,canonical__p028_mixed_damage,canonical__p028_mixed_damage,canonical,p028,architecture_structured,Trading posts of the Dutch East India Company (VOC),workshop of Johannes Vinckboons,,lama,mixed_damage,p028_mixed_damage,False,full_image,589824,42118,0.346644,0.01268,0.333963,alex,256,ok,
lama__canonical__canonical__p028_mixed_damage__mask_bbox_crop__lpips,lama__canonical__canonical__p028_mixed_damage,lama__canonical__canonical__p028_mixed_damage,canonical__p028_mixed_damage,canonical__p028_mixed_damage,canonical,p028,architecture_structured,Trading posts of the Dutch East India Company (VOC),workshop of Johannes Vinckboons,,lama,mixed_damage,p028_mixed_damage,False,mask_bbox_crop,589824,42118,0.346644,0.01268,0.333963,alex,256,ok,
lama__canonical__canonical__p028_scratch_thin__content_region__lpips,lama__canonical__canonical__p028_scratch_thin,lama__canonical__canonical__p028_scratch_thin,canonical__p028_scratch_thin,canonical__p028_scratch_thin,canonical,p028,architecture_structured,Trading posts of the Dutch East India Company (VOC),workshop of Johannes Vinckboons,,lama,scratch_thin,p028_scratch_thin,False,content_region,407808,6439,0.308837,0.014887,0.29395,alex,256,ok,
lama__canonical__canonical__p028_scratch_thin__full_image__lpips,lama__canonical__canonical__p028_scratch_thin,lama__canonical__canonical__p028_scratch_thin,canonical__p028_scratch_thin,canonical__p028_scratch_thin,canonical,p028,architecture_structured,Trading posts of the Dutch East India Company (VOC),workshop of Johannes Vinckboons,,lama,scratch_thin,p028_scratch_thin,False,full_image,589824,6439,0.275013,0.004755,0.270258,alex,256,ok,
lama__canonical__canonical__p028_scratch_thin__mask_bbox_crop__lpips,lama__canonical__canonical__p028_scratch_thin,lama__canonical__canonical__p028_scratch_thin,canonical__p028_scratch_thin,canonical__p028_scratch_thin,canonical,p028,architecture_structured,Trading posts of the Dutch East India Company (VOC),workshop of Johannes Vinckboons,,lama,scratch_thin,p028_scratch_thin,False,mask_bbox_crop,541696,6439,0.282249,0.005839,0.276409,alex,256,ok,
lama__canonical__canonical__p028_zero_control__content_region__lpips,lama__canonical__canonical__p028_zero_control,lama__canonical__canonical__p028_zero_control,canonical__p028_zero_control,canonical__p028_zero_control,canonical,p028,architecture_structured,Trading posts of the Dutch East India Company (VOC),workshop of Johannes Vinckboons,,lama,zero_control,p028_zero_control,True,content_region,407808,0,0.0,0.0,0.0,alex,256,ok,
lama__canonical__canonical__p028_zero_control__full_image__lpips,lama__canonical__canonical__p028_zero_control,lama__canonical__canonical__p028_zero_control,canonical__p028_zero_control,canonical__p028_zero_control,canonical,p028,architecture_structured,Trading posts of the Dutch East India Company (VOC),workshop of Johannes Vinckboons,,lama,zero_control,p028_zero_control,True,full_image,589824,0,0.0,0.0,0.0,alex,256,ok,
lama__canonical__canonical__p029_loss_large__content_region__lpips,lama__canonical__canonical__p029_loss_large,lama__canonical__canonical__p029_loss_large,canonical__p029_loss_large,canonical__p029_loss_large,canonical,p029,architecture_structured,"The Trading Post of the Dutch East India Company in Hooghly, Bengal",workshop of Johannes Vinckboons,,lama,loss_large,p029_loss_large,False,content_region,383232,48057,0.212123,0.057629,0.154494,alex,256,ok,
lama__canonical__canonical__p029_loss_large__full_image__lpips,lama__canonical__canonical__p029_loss_large,lama__canonical__canonical__p029_loss_large,canonical__p029_loss_large,canonical__p029_loss_large,canonical,p029,architecture_structured,"The Trading Post of the Dutch East India Company in Hooghly, Bengal",workshop of Johannes Vinckboons,,lama,loss_large,p029_loss_large,False,full_image,589824,48057,0.160882,0.042025,0.118857,alex,256,ok,
lama__canonical__canonical__p029_loss_large__mask_bbox_crop__lpips,lama__canonical__canonical__p029_loss_large,lama__canonical__canonical__p029_loss_large,canonical__p029_loss_large,canonical__p029_loss_large,canonical,p029,architecture_structured,"The Trading Post of the Dutch East India Company in Hooghly, Bengal",workshop of Johannes Vinckboons,,lama,loss_large,p029_loss_large,False,mask_bbox_crop,89401,48057,0.652154,0.240895,0.411259,alex,256,ok,
lama__canonical__canonical__p029_loss_small__content_region__lpips,lama__canonical__canonical__p029_loss_small,lama__canonical__canonical__p029_loss_small,canonical__p029_loss_small,canonical__p029_loss_small,canonical,p029,architecture_structured,"The Trading Post of the Dutch East India Company in Hooghly, Bengal",workshop of Johannes Vinckboons,,lama,loss_small,p029_loss_small,False,content_region,383232,14160,0.150116,0.012681,0.137435,alex,256,ok,
lama__canonical__canonical__p029_loss_small__full_image__lpips,lama__canonical__canonical__p029_loss_small,lama__canonical__canonical__p029_loss_small,canonical__p029_loss_small,canonical__p029_loss_small,canonical,p029,architecture_structured,"The Trading Post of the Dutch East India Company in Hooghly, Bengal",workshop of Johannes Vinckboons,,lama,loss_small,p029_loss_small,False,full_image,589824,14160,0.142044,0.005999,0.136045,alex,256,ok,
lama__canonical__canonical__p029_loss_small__mask_bbox_crop__lpips,lama__canonical__canonical__p029_loss_small,lama__canonical__canonical__p029_loss_small,canonical__p029_loss_small,canonical__p029_loss_small,canonical,p029,architecture_structured,"The Trading Post of the Dutch East India Company in Hooghly, Bengal",workshop of Johannes Vinckboons,,lama,loss_small,p029_loss_small,False,mask_bbox_crop,425104,14160,0.153579,0.00852,0.145059,alex,256,ok,
lama__canonical__canonical__p029_mixed_damage__content_region__lpips,lama__canonical__canonical__p029_mixed_damage,lama__canonical__canonical__p029_mixed_damage,canonical__p029_mixed_damage,canonical__p029_mixed_damage,canonical,p029,architecture_structured,"The Trading Post of the Dutch East India Company in Hooghly, Bengal",workshop of Johannes Vinckboons,,lama,mixed_damage,p029_mixed_damage,False,content_region,383232,50750,0.446639,0.035401,0.411238,alex,256,ok,
lama__canonical__canonical__p029_mixed_damage__full_image__lpips,lama__canonical__canonical__p029_mixed_damage,lama__canonical__canonical__p029_mixed_damage,canonical__p029_mixed_damage,canonical__p029_mixed_damage,canonical,p029,architecture_structured,"The Trading Post of the Dutch East India Company in Hooghly, Bengal",workshop of Johannes Vinckboons,,lama,mixed_damage,p029_mixed_damage,False,full_image,589824,50750,0.385031,0.019612,0.365419,alex,256,ok,
lama__canonical__canonical__p029_mixed_damage__mask_bbox_crop__lpips,lama__canonical__canonical__p029_mixed_damage,lama__canonical__canonical__p029_mixed_damage,canonical__p029_mixed_damage,canonical__p029_mixed_damage,canonical,p029,architecture_structured,"The Trading Post of the Dutch East India Company in Hooghly, Bengal",workshop of Johannes Vinckboons,,lama,mixed_damage,p029_mixed_damage,False,mask_bbox_crop,547600,50750,0.393635,0.020503,0.373132,alex,256,ok,
lama__canonical__canonical__p029_scratch_thin__content_region__lpips,lama__canonical__canonical__p029_scratch_thin,lama__canonical__canonical__p029_scratch_thin,canonical__p029_scratch_thin,canonical__p029_scratch_thin,canonical,p029,architecture_structured,"The Trading Post of the Dutch East India Company in Hooghly, Bengal",workshop of Johannes Vinckboons,,lama,scratch_thin,p029_scratch_thin,False,content_region,383232,6849,0.275487,0.003043,0.272444,alex,256,ok,
lama__canonical__canonical__p029_scratch_thin__full_image__lpips,lama__canonical__canonical__p029_scratch_thin,lama__canonical__canonical__p029_scratch_thin,canonical__p029_scratch_thin,canonical__p029_scratch_thin,canonical,p029,architecture_structured,"The Trading Post of the Dutch East India Company in Hooghly, Bengal",workshop of Johannes Vinckboons,,lama,scratch_thin,p029_scratch_thin,False,full_image,589824,6849,0.242268,0.004199,0.238069,alex,256,ok,
lama__canonical__canonical__p029_scratch_thin__mask_bbox_crop__lpips,lama__canonical__canonical__p029_scratch_thin,lama__canonical__canonical__p029_scratch_thin,canonical__p029_scratch_thin,canonical__p029_scratch_thin,canonical,p029,architecture_structured,"The Trading Post of the Dutch East India Company in Hooghly, Bengal",workshop of Johannes Vinckboons,,lama,scratch_thin,p029_scratch_thin,False,mask_bbox_crop,589824,6849,0.242268,0.004199,0.238069,alex,256,ok,
lama__canonical__canonical__p029_zero_control__content_region__lpips,lama__canonical__canonical__p029_zero_control,lama__canonical__canonical__p029_zero_control,canonical__p029_zero_control,canonical__p029_zero_control,canonical,p029,architecture_structured,"The Trading Post of the Dutch East India Company in Hooghly, Bengal",workshop of Johannes Vinckboons,,lama,zero_control,p029_zero_control,True,content_region,383232,0,0.0,0.0,0.0,alex,256,ok,
lama__canonical__canonical__p029_zero_control__full_image__lpips,lama__canonical__canonical__p029_zero_control,lama__canonical__canonical__p029_zero_control,canonical__p029_zero_control,canonical__p029_zero_control,canonical,p029,architecture_structured,"The Trading Post of the Dutch East India Company in Hooghly, Bengal",workshop of Johannes Vinckboons,,lama,zero_control,p029_zero_control,True,full_image,589824,0,0.0,0.0,0.0,alex,256,ok,
lama__canonical__canonical__p030_loss_large__content_region__lpips,lama__canonical__canonical__p030_loss_large,lama__canonical__canonical__p030_loss_large,canonical__p030_loss_large,canonical__p030_loss_large,canonical,p030,architecture_structured,Interior with Five Women,attributed to Dirck van Delen,,lama,loss_large,p030_loss_large,False,content_region,387840,45666,0.199132,0.065949,0.133183,alex,256,ok,
lama__canonical__canonical__p030_loss_large__full_image__lpips,lama__canonical__canonical__p030_loss_large,lama__canonical__canonical__p030_loss_large,canonical__p030_loss_large,canonical__p030_loss_large,canonical,p030,architecture_structured,Interior with Five Women,attributed to Dirck van Delen,,lama,loss_large,p030_loss_large,False,full_image,589824,45666,0.158478,0.042296,0.116183,alex,256,ok,
lama__canonical__canonical__p030_loss_large__mask_bbox_crop__lpips,lama__canonical__canonical__p030_loss_large,lama__canonical__canonical__p030_loss_large,canonical__p030_loss_large,canonical__p030_loss_large,canonical,p030,architecture_structured,Interior with Five Women,attributed to Dirck van Delen,,lama,loss_large,p030_loss_large,False,mask_bbox_crop,93025,45666,0.617832,0.262459,0.355373,alex,256,ok,
lama__canonical__canonical__p030_loss_small__content_region__lpips,lama__canonical__canonical__p030_loss_small,lama__canonical__canonical__p030_loss_small,canonical__p030_loss_small,canonical__p030_loss_small,canonical,p030,architecture_structured,Interior with Five Women,attributed to Dirck van Delen,,lama,loss_small,p030_loss_small,False,content_region,387840,14543,0.163132,0.006598,0.156534,alex,256,ok,
lama__canonical__canonical__p030_loss_small__full_image__lpips,lama__canonical__canonical__p030_loss_small,lama__canonical__canonical__p030_loss_small,canonical__p030_loss_small,canonical__p030_loss_small,canonical,p030,architecture_structured,Interior with Five Women,attributed to Dirck van Delen,,lama,loss_small,p030_loss_small,False,full_image,589824,14543,0.138061,0.006577,0.131484,alex,256,ok,
lama__canonical__canonical__p030_loss_small__mask_bbox_crop__lpips,lama__canonical__canonical__p030_loss_small,lama__canonical__canonical__p030_loss_small,canonical__p030_loss_small,canonical__p030_loss_small,canonical,p030,architecture_structured,Interior with Five Women,attributed to Dirck van Delen,,lama,loss_small,p030_loss_small,False,mask_bbox_crop,360000,14543,0.165659,0.008475,0.157184,alex,256,ok,
lama__canonical__canonical__p030_mixed_damage__content_region__lpips,lama__canonical__canonical__p030_mixed_damage,lama__canonical__canonical__p030_mixed_damage,canonical__p030_mixed_damage,canonical__p030_mixed_damage,canonical,p030,architecture_structured,Interior with Five Women,attributed to Dirck van Delen,,lama,mixed_damage,p030_mixed_damage,False,content_region,387840,39519,0.386347,0.032292,0.354055,alex,256,ok,
lama__canonical__canonical__p030_mixed_damage__full_image__lpips,lama__canonical__canonical__p030_mixed_damage,lama__canonical__canonical__p030_mixed_damage,canonical__p030_mixed_damage,canonical__p030_mixed_damage,canonical,p030,architecture_structured,Interior with Five Women,attributed to Dirck van Delen,,lama,mixed_damage,p030_mixed_damage,False,full_image,589824,39519,0.354651,0.026759,0.327893,alex,256,ok,
lama__canonical__canonical__p030_mixed_damage__mask_bbox_crop__lpips,lama__canonical__canonical__p030_mixed_damage,lama__canonical__canonical__p030_mixed_damage,canonical__p030_mixed_damage,canonical__p030_mixed_damage,canonical,p030,architecture_structured,Interior with Five Women,attributed to Dirck van Delen,,lama,mixed_damage,p030_mixed_damage,False,mask_bbox_crop,589824,39519,0.354651,0.026759,0.327893,alex,256,ok,
lama__canonical__canonical__p030_scratch_thin__content_region__lpips,lama__canonical__canonical__p030_scratch_thin,lama__canonical__canonical__p030_scratch_thin,canonical__p030_scratch_thin,canonical__p030_scratch_thin,canonical,p030,architecture_structured,Interior with Five Women,attributed to Dirck van Delen,,lama,scratch_thin,p030_scratch_thin,False,content_region,387840,10227,0.366415,0.001182,0.365233,alex,256,ok,
lama__canonical__canonical__p030_scratch_thin__full_image__lpips,lama__canonical__canonical__p030_scratch_thin,lama__canonical__canonical__p030_scratch_thin,canonical__p030_scratch_thin,canonical__p030_scratch_thin,canonical,p030,architecture_structured,Interior with Five Women,attributed to Dirck van Delen,,lama,scratch_thin,p030_scratch_thin,False,full_image,589824,10227,0.371204,0.001136,0.370068,alex,256,ok,
lama__canonical__canonical__p030_scratch_thin__mask_bbox_crop__lpips,lama__canonical__canonical__p030_scratch_thin,lama__canonical__canonical__p030_scratch_thin,canonical__p030_scratch_thin,canonical__p030_scratch_thin,canonical,p030,architecture_structured,Interior with Five Women,attributed to Dirck van Delen,,lama,scratch_thin,p030_scratch_thin,False,mask_bbox_crop,589824,10227,0.371204,0.001136,0.370068,alex,256,ok,
lama__canonical__canonical__p030_zero_control__content_region__lpips,lama__canonical__canonical__p030_zero_control,lama__canonical__canonical__p030_zero_control,canonical__p030_zero_control,canonical__p030_zero_control,canonical,p030,architecture_structured,Interior with Five Women,attributed to Dirck van Delen,,lama,zero_control,p030_zero_control,True,content_region,387840,0,0.0,0.0,0.0,alex,256,ok,
lama__canonical__canonical__p030_zero_control__full_image__lpips,lama__canonical__canonical__p030_zero_control,lama__canonical__canonical__p030_zero_control,canonical__p030_zero_control,canonical__p030_zero_control,canonical,p030,architecture_structured,Interior with Five Women,attributed to Dirck van Delen,,lama,zero_control,p030_zero_control,True,full_image,589824,0,0.0,0.0,0.0,alex,256,ok,
lama__canonical__canonical__p031_loss_large__content_region__lpips,lama__canonical__canonical__p031_loss_large,lama__canonical__canonical__p031_loss_large,canonical__p031_loss_large,canonical__p031_loss_large,canonical,p031,abstraction_surrealism,Improvisation No. 30 (Cannons),Wassily Kandinsky,,lama,loss_large,p031_loss_large,False,content_region,587520,83018,0.187449,0.08579,0.101659,alex,256,ok,
lama__canonical__canonical__p031_loss_large__full_image__lpips,lama__canonical__canonical__p031_loss_large,lama__canonical__canonical__p031_loss_large,canonical__p031_loss_large,canonical__p031_loss_large,canonical,p031,abstraction_surrealism,Improvisation No. 30 (Cannons),Wassily Kandinsky,,lama,loss_large,p031_loss_large,False,full_image,589824,83018,0.189936,0.086185,0.103751,alex,256,ok,
lama__canonical__canonical__p031_loss_large__mask_bbox_crop__lpips,lama__canonical__canonical__p031_loss_large,lama__canonical__canonical__p031_loss_large,canonical__p031_loss_large,canonical__p031_loss_large,canonical,p031,abstraction_surrealism,Improvisation No. 30 (Cannons),Wassily Kandinsky,,lama,loss_large,p031_loss_large,False,mask_bbox_crop,234256,83018,0.351678,0.184612,0.167065,alex,256,ok,
lama__canonical__canonical__p031_loss_small__content_region__lpips,lama__canonical__canonical__p031_loss_small,lama__canonical__canonical__p031_loss_small,canonical__p031_loss_small,canonical__p031_loss_small,canonical,p031,abstraction_surrealism,Improvisation No. 30 (Cannons),Wassily Kandinsky,,lama,loss_small,p031_loss_small,False,content_region,587520,19540,0.088916,0.004184,0.084733,alex,256,ok,
lama__canonical__canonical__p031_loss_small__full_image__lpips,lama__canonical__canonical__p031_loss_small,lama__canonical__canonical__p031_loss_small,canonical__p031_loss_small,canonical__p031_loss_small,canonical,p031,abstraction_surrealism,Improvisation No. 30 (Cannons),Wassily Kandinsky,,lama,loss_small,p031_loss_small,False,full_image,589824,19540,0.087371,0.003825,0.083546,alex,256,ok,
lama__canonical__canonical__p031_loss_small__mask_bbox_crop__lpips,lama__canonical__canonical__p031_loss_small,lama__canonical__canonical__p031_loss_small,canonical__p031_loss_small,canonical__p031_loss_small,canonical,p031,abstraction_surrealism,Improvisation No. 30 (Cannons),Wassily Kandinsky,,lama,loss_small,p031_loss_small,False,mask_bbox_crop,535824,19540,0.089533,0.004584,0.084949,alex,256,ok,
lama__canonical__canonical__p031_mixed_damage__content_region__lpips,lama__canonical__canonical__p031_mixed_damage,lama__canonical__canonical__p031_mixed_damage,canonical__p031_mixed_damage,canonical__p031_mixed_damage,canonical,p031,abstraction_surrealism,Improvisation No. 30 (Cannons),Wassily Kandinsky,,lama,mixed_damage,p031_mixed_damage,False,content_region,587520,47688,0.217373,0.032534,0.184839,alex,256,ok,
lama__canonical__canonical__p031_mixed_damage__full_image__lpips,lama__canonical__canonical__p031_mixed_damage,lama__canonical__canonical__p031_mixed_damage,canonical__p031_mixed_damage,canonical__p031_mixed_damage,canonical,p031,abstraction_surrealism,Improvisation No. 30 (Cannons),Wassily Kandinsky,,lama,mixed_damage,p031_mixed_damage,False,full_image,589824,47688,0.219695,0.033196,0.186499,alex,256,ok,
lama__canonical__canonical__p031_mixed_damage__mask_bbox_crop__lpips,lama__canonical__canonical__p031_mixed_damage,lama__canonical__canonical__p031_mixed_damage,canonical__p031_mixed_damage,canonical__p031_mixed_damage,canonical,p031,abstraction_surrealism,Improvisation No. 30 (Cannons),Wassily Kandinsky,,lama,mixed_damage,p031_mixed_damage,False,mask_bbox_crop,589824,47688,0.219695,0.033196,0.186499,alex,256,ok,
lama__canonical__canonical__p031_scratch_thin__content_region__lpips,lama__canonical__canonical__p031_scratch_thin,lama__canonical__canonical__p031_scratch_thin,canonical__p031_scratch_thin,canonical__p031_scratch_thin,canonical,p031,abstraction_surrealism,Improvisation No. 30 (Cannons),Wassily Kandinsky,,lama,scratch_thin,p031_scratch_thin,False,content_region,587520,11235,0.172253,0.000432,0.171822,alex,256,ok,
lama__canonical__canonical__p031_scratch_thin__full_image__lpips,lama__canonical__canonical__p031_scratch_thin,lama__canonical__canonical__p031_scratch_thin,canonical__p031_scratch_thin,canonical__p031_scratch_thin,canonical,p031,abstraction_surrealism,Improvisation No. 30 (Cannons),Wassily Kandinsky,,lama,scratch_thin,p031_scratch_thin,False,full_image,589824,11235,0.170732,0.000432,0.170299,alex,256,ok,
lama__canonical__canonical__p031_scratch_thin__mask_bbox_crop__lpips,lama__canonical__canonical__p031_scratch_thin,lama__canonical__canonical__p031_scratch_thin,canonical__p031_scratch_thin,canonical__p031_scratch_thin,canonical,p031,abstraction_surrealism,Improvisation No. 30 (Cannons),Wassily Kandinsky,,lama,scratch_thin,p031_scratch_thin,False,mask_bbox_crop,589824,11235,0.170732,0.000432,0.170299,alex,256,ok,
lama__canonical__canonical__p031_zero_control__content_region__lpips,lama__canonical__canonical__p031_zero_control,lama__canonical__canonical__p031_zero_control,canonical__p031_zero_control,canonical__p031_zero_control,canonical,p031,abstraction_surrealism,Improvisation No. 30 (Cannons),Wassily Kandinsky,,lama,zero_control,p031_zero_control,True,content_region,587520,0,0.0,0.0,0.0,alex,256,ok,
lama__canonical__canonical__p031_zero_control__full_image__lpips,lama__canonical__canonical__p031_zero_control,lama__canonical__canonical__p031_zero_control,canonical__p031_zero_control,canonical__p031_zero_control,canonical,p031,abstraction_surrealism,Improvisation No. 30 (Cannons),Wassily Kandinsky,,lama,zero_control,p031_zero_control,True,full_image,589824,0,0.0,0.0,0.0,alex,256,ok,
lama__canonical__canonical__p032_loss_large__content_region__lpips,lama__canonical__canonical__p032_loss_large,lama__canonical__canonical__p032_loss_large,canonical__p032_loss_large,canonical__p032_loss_large,canonical,p032,abstraction_surrealism,Composition (No. 1) Gray-Red,Piet Mondrian,,lama,loss_large,p032_loss_large,False,content_region,572160,72688,0.173245,0.003788,0.169457,alex,256,ok,
lama__canonical__canonical__p032_loss_large__full_image__lpips,lama__canonical__canonical__p032_loss_large,lama__canonical__canonical__p032_loss_large,canonical__p032_loss_large,canonical__p032_loss_large,canonical,p032,abstraction_surrealism,Composition (No. 1) Gray-Red,Piet Mondrian,,lama,loss_large,p032_loss_large,False,full_image,589824,72688,0.160531,0.003569,0.156962,alex,256,ok,
lama__canonical__canonical__p032_loss_large__mask_bbox_crop__lpips,lama__canonical__canonical__p032_loss_large,lama__canonical__canonical__p032_loss_large,canonical__p032_loss_large,canonical__p032_loss_large,canonical,p032,abstraction_surrealism,Composition (No. 1) Gray-Red,Piet Mondrian,,lama,loss_large,p032_loss_large,False,mask_bbox_crop,148996,72688,0.541988,0.055696,0.486291,alex,256,ok,
lama__canonical__canonical__p032_loss_small__content_region__lpips,lama__canonical__canonical__p032_loss_small,lama__canonical__canonical__p032_loss_small,canonical__p032_loss_small,canonical__p032_loss_small,canonical,p032,abstraction_surrealism,Composition (No. 1) Gray-Red,Piet Mondrian,,lama,loss_small,p032_loss_small,False,content_region,572160,17662,0.087574,0.000117,0.087457,alex,256,ok,
lama__canonical__canonical__p032_loss_small__full_image__lpips,lama__canonical__canonical__p032_loss_small,lama__canonical__canonical__p032_loss_small,canonical__p032_loss_small,canonical__p032_loss_small,canonical,p032,abstraction_surrealism,Composition (No. 1) Gray-Red,Piet Mondrian,,lama,loss_small,p032_loss_small,False,full_image,589824,17662,0.088328,0.000107,0.088221,alex,256,ok,
lama__canonical__canonical__p032_loss_small__mask_bbox_crop__lpips,lama__canonical__canonical__p032_loss_small,lama__canonical__canonical__p032_loss_small,canonical__p032_loss_small,canonical__p032_loss_small,canonical,p032,abstraction_surrealism,Composition (No. 1) Gray-Red,Piet Mondrian,,lama,loss_small,p032_loss_small,False,mask_bbox_crop,281961,17662,0.125039,0.00045,0.124589,alex,256,ok,
lama__canonical__canonical__p032_mixed_damage__content_region__lpips,lama__canonical__canonical__p032_mixed_damage,lama__canonical__canonical__p032_mixed_damage,canonical__p032_mixed_damage,canonical__p032_mixed_damage,canonical,p032,abstraction_surrealism,Composition (No. 1) Gray-Red,Piet Mondrian,,lama,mixed_damage,p032_mixed_damage,False,content_region,572160,47946,0.222558,0.001197,0.22136,alex,256,ok,
lama__canonical__canonical__p032_mixed_damage__full_image__lpips,lama__canonical__canonical__p032_mixed_damage,lama__canonical__canonical__p032_mixed_damage,canonical__p032_mixed_damage,canonical__p032_mixed_damage,canonical,p032,abstraction_surrealism,Composition (No. 1) Gray-Red,Piet Mondrian,,lama,mixed_damage,p032_mixed_damage,False,full_image,589824,47946,0.20696,0.001049,0.205912,alex,256,ok,
lama__canonical__canonical__p032_mixed_damage__mask_bbox_crop__lpips,lama__canonical__canonical__p032_mixed_damage,lama__canonical__canonical__p032_mixed_damage,canonical__p032_mixed_damage,canonical__p032_mixed_damage,canonical,p032,abstraction_surrealism,Composition (No. 1) Gray-Red,Piet Mondrian,,lama,mixed_damage,p032_mixed_damage,False,mask_bbox_crop,589824,47946,0.20696,0.001049,0.205912,alex,256,ok,
lama__canonical__canonical__p032_scratch_thin__content_region__lpips,lama__canonical__canonical__p032_scratch_thin,lama__canonical__canonical__p032_scratch_thin,canonical__p032_scratch_thin,canonical__p032_scratch_thin,canonical,p032,abstraction_surrealism,Composition (No. 1) Gray-Red,Piet Mondrian,,lama,scratch_thin,p032_scratch_thin,False,content_region,572160,8096,0.101731,0.000418,0.101312,alex,256,ok,
lama__canonical__canonical__p032_scratch_thin__full_image__lpips,lama__canonical__canonical__p032_scratch_thin,lama__canonical__canonical__p032_scratch_thin,canonical__p032_scratch_thin,canonical__p032_scratch_thin,canonical,p032,abstraction_surrealism,Composition (No. 1) Gray-Red,Piet Mondrian,,lama,scratch_thin,p032_scratch_thin,False,full_image,589824,8096,0.099503,0.000457,0.099046,alex,256,ok,
lama__canonical__canonical__p032_scratch_thin__mask_bbox_crop__lpips,lama__canonical__canonical__p032_scratch_thin,lama__canonical__canonical__p032_scratch_thin,canonical__p032_scratch_thin,canonical__p032_scratch_thin,canonical,p032,abstraction_surrealism,Composition (No. 1) Gray-Red,Piet Mondrian,,lama,scratch_thin,p032_scratch_thin,False,mask_bbox_crop,589824,8096,0.099503,0.000457,0.099046,alex,256,ok,
lama__canonical__canonical__p032_zero_control__content_region__lpips,lama__canonical__canonical__p032_zero_control,lama__canonical__canonical__p032_zero_control,canonical__p032_zero_control,canonical__p032_zero_control,canonical,p032,abstraction_surrealism,Composition (No. 1) Gray-Red,Piet Mondrian,,lama,zero_control,p032_zero_control,True,content_region,572160,0,0.0,0.0,0.0,alex,256,ok,
lama__canonical__canonical__p032_zero_control__full_image__lpips,lama__canonical__canonical__p032_zero_control,lama__canonical__canonical__p032_zero_control,canonical__p032_zero_control,canonical__p032_zero_control,canonical,p032,abstraction_surrealism,Composition (No. 1) Gray-Red,Piet Mondrian,,lama,zero_control,p032_zero_control,True,full_image,589824,0,0.0,0.0,0.0,alex,256,ok,
lama__canonical__canonical__p033_loss_large__content_region__lpips,lama__canonical__canonical__p033_loss_large,lama__canonical__canonical__p033_loss_large,canonical__p033_loss_large,canonical__p033_loss_large,canonical,p033,abstraction_surrealism,Movement,Marsden Hartley,,lama,loss_large,p033_loss_large,False,content_region,585984,73172,0.188711,0.050732,0.13798,alex,256,ok,
lama__canonical__canonical__p033_loss_large__full_image__lpips,lama__canonical__canonical__p033_loss_large,lama__canonical__canonical__p033_loss_large,canonical__p033_loss_large,canonical__p033_loss_large,canonical,p033,abstraction_surrealism,Movement,Marsden Hartley,,lama,loss_large,p033_loss_large,False,full_image,589824,73172,0.188842,0.051738,0.137105,alex,256,ok,
lama__canonical__canonical__p033_loss_large__mask_bbox_crop__lpips,lama__canonical__canonical__p033_loss_large,lama__canonical__canonical__p033_loss_large,canonical__p033_loss_large,canonical__p033_loss_large,canonical,p033,abstraction_surrealism,Movement,Marsden Hartley,,lama,loss_large,p033_loss_large,False,mask_bbox_crop,248004,73172,0.36924,0.119848,0.249392,alex,256,ok,
lama__canonical__canonical__p033_loss_small__content_region__lpips,lama__canonical__canonical__p033_loss_small,lama__canonical__canonical__p033_loss_small,canonical__p033_loss_small,canonical__p033_loss_small,canonical,p033,abstraction_surrealism,Movement,Marsden Hartley,,lama,loss_small,p033_loss_small,False,content_region,585984,25311,0.077767,0.006197,0.071569,alex,256,ok,
lama__canonical__canonical__p033_loss_small__full_image__lpips,lama__canonical__canonical__p033_loss_small,lama__canonical__canonical__p033_loss_small,canonical__p033_loss_small,canonical__p033_loss_small,canonical,p033,abstraction_surrealism,Movement,Marsden Hartley,,lama,loss_small,p033_loss_small,False,full_image,589824,25311,0.079245,0.006088,0.073157,alex,256,ok,
lama__canonical__canonical__p033_loss_small__mask_bbox_crop__lpips,lama__canonical__canonical__p033_loss_small,lama__canonical__canonical__p033_loss_small,canonical__p033_loss_small,canonical__p033_loss_small,canonical,p033,abstraction_surrealism,Movement,Marsden Hartley,,lama,loss_small,p033_loss_small,False,mask_bbox_crop,418609,25311,0.106701,0.009624,0.097077,alex,256,ok,
lama__canonical__canonical__p033_mixed_damage__content_region__lpips,lama__canonical__canonical__p033_mixed_damage,lama__canonical__canonical__p033_mixed_damage,canonical__p033_mixed_damage,canonical__p033_mixed_damage,canonical,p033,abstraction_surrealism,Movement,Marsden Hartley,,lama,mixed_damage,p033_mixed_damage,False,content_region,585984,47371,0.211765,0.019889,0.191876,alex,256,ok,
lama__canonical__canonical__p033_mixed_damage__full_image__lpips,lama__canonical__canonical__p033_mixed_damage,lama__canonical__canonical__p033_mixed_damage,canonical__p033_mixed_damage,canonical__p033_mixed_damage,canonical,p033,abstraction_surrealism,Movement,Marsden Hartley,,lama,mixed_damage,p033_mixed_damage,False,full_image,589824,47371,0.207943,0.019286,0.188656,alex,256,ok,
lama__canonical__canonical__p033_mixed_damage__mask_bbox_crop__lpips,lama__canonical__canonical__p033_mixed_damage,lama__canonical__canonical__p033_mixed_damage,canonical__p033_mixed_damage,canonical__p033_mixed_damage,canonical,p033,abstraction_surrealism,Movement,Marsden Hartley,,lama,mixed_damage,p033_mixed_damage,False,mask_bbox_crop,589824,47371,0.207943,0.019286,0.188656,alex,256,ok,
lama__canonical__canonical__p033_scratch_thin__content_region__lpips,lama__canonical__canonical__p033_scratch_thin,lama__canonical__canonical__p033_scratch_thin,canonical__p033_scratch_thin,canonical__p033_scratch_thin,canonical,p033,abstraction_surrealism,Movement,Marsden Hartley,,lama,scratch_thin,p033_scratch_thin,False,content_region,585984,15664,0.17737,0.000515,0.176854,alex,256,ok,
lama__canonical__canonical__p033_scratch_thin__full_image__lpips,lama__canonical__canonical__p033_scratch_thin,lama__canonical__canonical__p033_scratch_thin,canonical__p033_scratch_thin,canonical__p033_scratch_thin,canonical,p033,abstraction_surrealism,Movement,Marsden Hartley,,lama,scratch_thin,p033_scratch_thin,False,full_image,589824,15664,0.174488,0.000555,0.173933,alex,256,ok,
lama__canonical__canonical__p033_scratch_thin__mask_bbox_crop__lpips,lama__canonical__canonical__p033_scratch_thin,lama__canonical__canonical__p033_scratch_thin,canonical__p033_scratch_thin,canonical__p033_scratch_thin,canonical,p033,abstraction_surrealism,Movement,Marsden Hartley,,lama,scratch_thin,p033_scratch_thin,False,mask_bbox_crop,589824,15664,0.174488,0.000555,0.173933,alex,256,ok,
lama__canonical__canonical__p033_zero_control__content_region__lpips,lama__canonical__canonical__p033_zero_control,lama__canonical__canonical__p033_zero_control,canonical__p033_zero_control,canonical__p033_zero_control,canonical,p033,abstraction_surrealism,Movement,Marsden Hartley,,lama,zero_control,p033_zero_control,True,content_region,585984,0,0.0,0.0,0.0,alex,256,ok,
lama__canonical__canonical__p033_zero_control__full_image__lpips,lama__canonical__canonical__p033_zero_control,lama__canonical__canonical__p033_zero_control,canonical__p033_zero_control,canonical__p033_zero_control,canonical,p033,abstraction_surrealism,Movement,Marsden Hartley,,lama,zero_control,p033_zero_control,True,full_image,589824,0,0.0,0.0,0.0,alex,256,ok,
lama__canonical__canonical__p034_loss_large__content_region__lpips,lama__canonical__canonical__p034_loss_large,lama__canonical__canonical__p034_loss_large,canonical__p034_loss_large,canonical__p034_loss_large,canonical,p034,abstraction_surrealism,Painting with Green Center,Wassily Kandinsky,,lama,loss_large,p034_loss_large,False,content_region,549120,67682,0.14595,0.075136,0.070814,alex,256,ok,
lama__canonical__canonical__p034_loss_large__full_image__lpips,lama__canonical__canonical__p034_loss_large,lama__canonical__canonical__p034_loss_large,canonical__p034_loss_large,canonical__p034_loss_large,canonical,p034,abstraction_surrealism,Painting with Green Center,Wassily Kandinsky,,lama,loss_large,p034_loss_large,False,full_image,589824,67682,0.131378,0.07051,0.060868,alex,256,ok,
lama__canonical__canonical__p034_loss_large__mask_bbox_crop__lpips,lama__canonical__canonical__p034_loss_large,lama__canonical__canonical__p034_loss_large,canonical__p034_loss_large,canonical__p034_loss_large,canonical,p034,abstraction_surrealism,Painting with Green Center,Wassily Kandinsky,,lama,loss_large,p034_loss_large,False,mask_bbox_crop,156025,67682,0.482127,0.264384,0.217744,alex,256,ok,
lama__canonical__canonical__p034_loss_small__content_region__lpips,lama__canonical__canonical__p034_loss_small,lama__canonical__canonical__p034_loss_small,canonical__p034_loss_small,canonical__p034_loss_small,canonical,p034,abstraction_surrealism,Painting with Green Center,Wassily Kandinsky,,lama,loss_small,p034_loss_small,False,content_region,549120,17944,0.085632,0.002978,0.082654,alex,256,ok,
lama__canonical__canonical__p034_loss_small__full_image__lpips,lama__canonical__canonical__p034_loss_small,lama__canonical__canonical__p034_loss_small,canonical__p034_loss_small,canonical__p034_loss_small,canonical,p034,abstraction_surrealism,Painting with Green Center,Wassily Kandinsky,,lama,loss_small,p034_loss_small,False,full_image,589824,17944,0.083471,0.003492,0.079979,alex,256,ok,
lama__canonical__canonical__p034_loss_small__mask_bbox_crop__lpips,lama__canonical__canonical__p034_loss_small,lama__canonical__canonical__p034_loss_small,canonical__p034_loss_small,canonical__p034_loss_small,canonical,p034,abstraction_surrealism,Painting with Green Center,Wassily Kandinsky,,lama,loss_small,p034_loss_small,False,mask_bbox_crop,444889,17944,0.083174,0.003392,0.079782,alex,256,ok,
lama__canonical__canonical__p034_mixed_damage__content_region__lpips,lama__canonical__canonical__p034_mixed_damage,lama__canonical__canonical__p034_mixed_damage,canonical__p034_mixed_damage,canonical__p034_mixed_damage,canonical,p034,abstraction_surrealism,Painting with Green Center,Wassily Kandinsky,,lama,mixed_damage,p034_mixed_damage,False,content_region,549120,45233,0.206372,0.028334,0.178037,alex,256,ok,
lama__canonical__canonical__p034_mixed_damage__full_image__lpips,lama__canonical__canonical__p034_mixed_damage,lama__canonical__canonical__p034_mixed_damage,canonical__p034_mixed_damage,canonical__p034_mixed_damage,canonical,p034,abstraction_surrealism,Painting with Green Center,Wassily Kandinsky,,lama,mixed_damage,p034_mixed_damage,False,full_image,589824,45233,0.217138,0.029964,0.187175,alex,256,ok,
lama__canonical__canonical__p034_mixed_damage__mask_bbox_crop__lpips,lama__canonical__canonical__p034_mixed_damage,lama__canonical__canonical__p034_mixed_damage,canonical__p034_mixed_damage,canonical__p034_mixed_damage,canonical,p034,abstraction_surrealism,Painting with Green Center,Wassily Kandinsky,,lama,mixed_damage,p034_mixed_damage,False,mask_bbox_crop,574564,45233,0.208539,0.03306,0.175479,alex,256,ok,
lama__canonical__canonical__p034_scratch_thin__content_region__lpips,lama__canonical__canonical__p034_scratch_thin,lama__canonical__canonical__p034_scratch_thin,canonical__p034_scratch_thin,canonical__p034_scratch_thin,canonical,p034,abstraction_surrealism,Painting with Green Center,Wassily Kandinsky,,lama,scratch_thin,p034_scratch_thin,False,content_region,549120,6085,0.101128,0.000288,0.100839,alex,256,ok,
lama__canonical__canonical__p034_scratch_thin__full_image__lpips,lama__canonical__canonical__p034_scratch_thin,lama__canonical__canonical__p034_scratch_thin,canonical__p034_scratch_thin,canonical__p034_scratch_thin,canonical,p034,abstraction_surrealism,Painting with Green Center,Wassily Kandinsky,,lama,scratch_thin,p034_scratch_thin,False,full_image,589824,6085,0.097592,0.000323,0.097269,alex,256,ok,
lama__canonical__canonical__p034_scratch_thin__mask_bbox_crop__lpips,lama__canonical__canonical__p034_scratch_thin,lama__canonical__canonical__p034_scratch_thin,canonical__p034_scratch_thin,canonical__p034_scratch_thin,canonical,p034,abstraction_surrealism,Painting with Green Center,Wassily Kandinsky,,lama,scratch_thin,p034_scratch_thin,False,mask_bbox_crop,589824,6085,0.097592,0.000323,0.097269,alex,256,ok,
lama__canonical__canonical__p034_zero_control__content_region__lpips,lama__canonical__canonical__p034_zero_control,lama__canonical__canonical__p034_zero_control,canonical__p034_zero_control,canonical__p034_zero_control,canonical,p034,abstraction_surrealism,Painting with Green Center,Wassily Kandinsky,,lama,zero_control,p034_zero_control,True,content_region,549120,0,0.0,0.0,0.0,alex,256,ok,
lama__canonical__canonical__p034_zero_control__full_image__lpips,lama__canonical__canonical__p034_zero_control,lama__canonical__canonical__p034_zero_control,canonical__p034_zero_control,canonical__p034_zero_control,canonical,p034,abstraction_surrealism,Painting with Green Center,Wassily Kandinsky,,lama,zero_control,p034_zero_control,True,full_image,589824,0,0.0,0.0,0.0,alex,256,ok,
lama__canonical__canonical__p035_loss_large__content_region__lpips,lama__canonical__canonical__p035_loss_large,lama__canonical__canonical__p035_loss_large,canonical__p035_loss_large,canonical__p035_loss_large,canonical,p035,abstraction_surrealism,The Bewitched Mill,Franz Marc,,lama,loss_large,p035_loss_large,False,content_region,407040,59478,0.155152,0.073066,0.082087,alex,256,ok,
lama__canonical__canonical__p035_loss_large__full_image__lpips,lama__canonical__canonical__p035_loss_large,lama__canonical__canonical__p035_loss_large,canonical__p035_loss_large,canonical__p035_loss_large,canonical,p035,abstraction_surrealism,The Bewitched Mill,Franz Marc,,lama,loss_large,p035_loss_large,False,full_image,589824,59478,0.112822,0.047712,0.06511,alex,256,ok,
lama__canonical__canonical__p035_loss_large__mask_bbox_crop__lpips,lama__canonical__canonical__p035_loss_large,lama__canonical__canonical__p035_loss_large,canonical__p035_loss_large,canonical__p035_loss_large,canonical,p035,abstraction_surrealism,The Bewitched Mill,Franz Marc,,lama,loss_large,p035_loss_large,False,mask_bbox_crop,156816,59478,0.384121,0.201584,0.182537,alex,256,ok,
lama__canonical__canonical__p035_loss_small__content_region__lpips,lama__canonical__canonical__p035_loss_small,lama__canonical__canonical__p035_loss_small,canonical__p035_loss_small,canonical__p035_loss_small,canonical,p035,abstraction_surrealism,The Bewitched Mill,Franz Marc,,lama,loss_small,p035_loss_small,False,content_region,407040,14406,0.050233,0.006668,0.043566,alex,256,ok,
lama__canonical__canonical__p035_loss_small__full_image__lpips,lama__canonical__canonical__p035_loss_small,lama__canonical__canonical__p035_loss_small,canonical__p035_loss_small,canonical__p035_loss_small,canonical,p035,abstraction_surrealism,The Bewitched Mill,Franz Marc,,lama,loss_small,p035_loss_small,False,full_image,589824,14406,0.0401,0.003868,0.036232,alex,256,ok,
lama__canonical__canonical__p035_loss_small__mask_bbox_crop__lpips,lama__canonical__canonical__p035_loss_small,lama__canonical__canonical__p035_loss_small,canonical__p035_loss_small,canonical__p035_loss_small,canonical,p035,abstraction_surrealism,The Bewitched Mill,Franz Marc,,lama,loss_small,p035_loss_small,False,mask_bbox_crop,184041,14406,0.105528,0.015423,0.090105,alex,256,ok,
lama__canonical__canonical__p035_mixed_damage__content_region__lpips,lama__canonical__canonical__p035_mixed_damage,lama__canonical__canonical__p035_mixed_damage,canonical__p035_mixed_damage,canonical__p035_mixed_damage,canonical,p035,abstraction_surrealism,The Bewitched Mill,Franz Marc,,lama,mixed_damage,p035_mixed_damage,False,content_region,407040,42995,0.224011,0.023786,0.200226,alex,256,ok,
lama__canonical__canonical__p035_mixed_damage__full_image__lpips,lama__canonical__canonical__p035_mixed_damage,lama__canonical__canonical__p035_mixed_damage,canonical__p035_mixed_damage,canonical__p035_mixed_damage,canonical,p035,abstraction_surrealism,The Bewitched Mill,Franz Marc,,lama,mixed_damage,p035_mixed_damage,False,full_image,589824,42995,0.183368,0.0161,0.167268,alex,256,ok,
lama__canonical__canonical__p035_mixed_damage__mask_bbox_crop__lpips,lama__canonical__canonical__p035_mixed_damage,lama__canonical__canonical__p035_mixed_damage,canonical__p035_mixed_damage,canonical__p035_mixed_damage,canonical,p035,abstraction_surrealism,The Bewitched Mill,Franz Marc,,lama,mixed_damage,p035_mixed_damage,False,mask_bbox_crop,555025,42995,0.192389,0.017468,0.174921,alex,256,ok,
lama__canonical__canonical__p035_scratch_thin__content_region__lpips,lama__canonical__canonical__p035_scratch_thin,lama__canonical__canonical__p035_scratch_thin,canonical__p035_scratch_thin,canonical__p035_scratch_thin,canonical,p035,abstraction_surrealism,The Bewitched Mill,Franz Marc,,lama,scratch_thin,p035_scratch_thin,False,content_region,407040,9287,0.1367,0.001118,0.135582,alex,256,ok,
lama__canonical__canonical__p035_scratch_thin__full_image__lpips,lama__canonical__canonical__p035_scratch_thin,lama__canonical__canonical__p035_scratch_thin,canonical__p035_scratch_thin,canonical__p035_scratch_thin,canonical,p035,abstraction_surrealism,The Bewitched Mill,Franz Marc,,lama,scratch_thin,p035_scratch_thin,False,full_image,589824,9287,0.106727,0.001043,0.105684,alex,256,ok,
lama__canonical__canonical__p035_scratch_thin__mask_bbox_crop__lpips,lama__canonical__canonical__p035_scratch_thin,lama__canonical__canonical__p035_scratch_thin,canonical__p035_scratch_thin,canonical__p035_scratch_thin,canonical,p035,abstraction_surrealism,The Bewitched Mill,Franz Marc,,lama,scratch_thin,p035_scratch_thin,False,mask_bbox_crop,589824,9287,0.106727,0.001043,0.105684,alex,256,ok,
lama__canonical__canonical__p035_zero_control__content_region__lpips,lama__canonical__canonical__p035_zero_control,lama__canonical__canonical__p035_zero_control,canonical__p035_zero_control,canonical__p035_zero_control,canonical,p035,abstraction_surrealism,The Bewitched Mill,Franz Marc,,lama,zero_control,p035_zero_control,True,content_region,407040,0,0.0,0.0,0.0,alex,256,ok,
lama__canonical__canonical__p035_zero_control__full_image__lpips,lama__canonical__canonical__p035_zero_control,lama__canonical__canonical__p035_zero_control,canonical__p035_zero_control,canonical__p035_zero_control,canonical,p035,abstraction_surrealism,The Bewitched Mill,Franz Marc,,lama,zero_control,p035_zero_control,True,full_image,589824,0,0.0,0.0,0.0,alex,256,ok,
lama__canonical__canonical__p036_loss_large__content_region__lpips,lama__canonical__canonical__p036_loss_large,lama__canonical__canonical__p036_loss_large,canonical__p036_loss_large,canonical__p036_loss_large,canonical,p036,abstraction_surrealism,"Lozenge Composition with Yellow, Black, Blue, Red, and Gray",Piet Mondrian,,lama,loss_large,p036_loss_large,False,content_region,589824,79110,0.175781,0.057495,0.118286,alex,256,ok,
lama__canonical__canonical__p036_loss_large__full_image__lpips,lama__canonical__canonical__p036_loss_large,lama__canonical__canonical__p036_loss_large,canonical__p036_loss_large,canonical__p036_loss_large,canonical,p036,abstraction_surrealism,"Lozenge Composition with Yellow, Black, Blue, Red, and Gray",Piet Mondrian,,lama,loss_large,p036_loss_large,False,full_image,589824,79110,0.175781,0.057495,0.118286,alex,256,ok,
lama__canonical__canonical__p036_loss_large__mask_bbox_crop__lpips,lama__canonical__canonical__p036_loss_large,lama__canonical__canonical__p036_loss_large,canonical__p036_loss_large,canonical__p036_loss_large,canonical,p036,abstraction_surrealism,"Lozenge Composition with Yellow, Black, Blue, Red, and Gray",Piet Mondrian,,lama,loss_large,p036_loss_large,False,mask_bbox_crop,344569,79110,0.248556,0.073962,0.174594,alex,256,ok,
lama__canonical__canonical__p036_loss_small__content_region__lpips,lama__canonical__canonical__p036_loss_small,lama__canonical__canonical__p036_loss_small,canonical__p036_loss_small,canonical__p036_loss_small,canonical,p036,abstraction_surrealism,"Lozenge Composition with Yellow, Black, Blue, Red, and Gray",Piet Mondrian,,lama,loss_small,p036_loss_small,False,content_region,589824,21381,0.0705,0.000314,0.070186,alex,256,ok,
lama__canonical__canonical__p036_loss_small__full_image__lpips,lama__canonical__canonical__p036_loss_small,lama__canonical__canonical__p036_loss_small,canonical__p036_loss_small,canonical__p036_loss_small,canonical,p036,abstraction_surrealism,"Lozenge Composition with Yellow, Black, Blue, Red, and Gray",Piet Mondrian,,lama,loss_small,p036_loss_small,False,full_image,589824,21381,0.0705,0.000314,0.070186,alex,256,ok,
lama__canonical__canonical__p036_loss_small__mask_bbox_crop__lpips,lama__canonical__canonical__p036_loss_small,lama__canonical__canonical__p036_loss_small,canonical__p036_loss_small,canonical__p036_loss_small,canonical,p036,abstraction_surrealism,"Lozenge Composition with Yellow, Black, Blue, Red, and Gray",Piet Mondrian,,lama,loss_small,p036_loss_small,False,mask_bbox_crop,436921,21381,0.084005,0.000448,0.083557,alex,256,ok,
lama__canonical__canonical__p036_mixed_damage__content_region__lpips,lama__canonical__canonical__p036_mixed_damage,lama__canonical__canonical__p036_mixed_damage,canonical__p036_mixed_damage,canonical__p036_mixed_damage,canonical,p036,abstraction_surrealism,"Lozenge Composition with Yellow, Black, Blue, Red, and Gray",Piet Mondrian,,lama,mixed_damage,p036_mixed_damage,False,content_region,589824,52887,0.192533,0.00227,0.190263,alex,256,ok,
lama__canonical__canonical__p036_mixed_damage__full_image__lpips,lama__canonical__canonical__p036_mixed_damage,lama__canonical__canonical__p036_mixed_damage,canonical__p036_mixed_damage,canonical__p036_mixed_damage,canonical,p036,abstraction_surrealism,"Lozenge Composition with Yellow, Black, Blue, Red, and Gray",Piet Mondrian,,lama,mixed_damage,p036_mixed_damage,False,full_image,589824,52887,0.192533,0.00227,0.190263,alex,256,ok,
lama__canonical__canonical__p036_mixed_damage__mask_bbox_crop__lpips,lama__canonical__canonical__p036_mixed_damage,lama__canonical__canonical__p036_mixed_damage,canonical__p036_mixed_damage,canonical__p036_mixed_damage,canonical,p036,abstraction_surrealism,"Lozenge Composition with Yellow, Black, Blue, Red, and Gray",Piet Mondrian,,lama,mixed_damage,p036_mixed_damage,False,mask_bbox_crop,589824,52887,0.192533,0.00227,0.190263,alex,256,ok,
lama__canonical__canonical__p036_scratch_thin__content_region__lpips,lama__canonical__canonical__p036_scratch_thin,lama__canonical__canonical__p036_scratch_thin,canonical__p036_scratch_thin,canonical__p036_scratch_thin,canonical,p036,abstraction_surrealism,"Lozenge Composition with Yellow, Black, Blue, Red, and Gray",Piet Mondrian,,lama,scratch_thin,p036_scratch_thin,False,content_region,589824,8289,0.116456,0.000444,0.116012,alex,256,ok,
lama__canonical__canonical__p036_scratch_thin__full_image__lpips,lama__canonical__canonical__p036_scratch_thin,lama__canonical__canonical__p036_scratch_thin,canonical__p036_scratch_thin,canonical__p036_scratch_thin,canonical,p036,abstraction_surrealism,"Lozenge Composition with Yellow, Black, Blue, Red, and Gray",Piet Mondrian,,lama,scratch_thin,p036_scratch_thin,False,full_image,589824,8289,0.116456,0.000444,0.116012,alex,256,ok,
lama__canonical__canonical__p036_scratch_thin__mask_bbox_crop__lpips,lama__canonical__canonical__p036_scratch_thin,lama__canonical__canonical__p036_scratch_thin,canonical__p036_scratch_thin,canonical__p036_scratch_thin,canonical,p036,abstraction_surrealism,"Lozenge Composition with Yellow, Black, Blue, Red, and Gray",Piet Mondrian,,lama,scratch_thin,p036_scratch_thin,False,mask_bbox_crop,589824,8289,0.116456,0.000444,0.116012,alex,256,ok,
lama__canonical__canonical__p036_zero_control__content_region__lpips,lama__canonical__canonical__p036_zero_control,lama__canonical__canonical__p036_zero_control,canonical__p036_zero_control,canonical__p036_zero_control,canonical,p036,abstraction_surrealism,"Lozenge Composition with Yellow, Black, Blue, Red, and Gray",Piet Mondrian,,lama,zero_control,p036_zero_control,True,content_region,589824,0,0.0,0.0,0.0,alex,256,ok,
lama__canonical__canonical__p036_zero_control__full_image__lpips,lama__canonical__canonical__p036_zero_control,lama__canonical__canonical__p036_zero_control,canonical__p036_zero_control,canonical__p036_zero_control,canonical,p036,abstraction_surrealism,"Lozenge Composition with Yellow, Black, Blue, Red, and Gray",Piet Mondrian,,lama,zero_control,p036_zero_control,True,full_image,589824,0,0.0,0.0,0.0,alex,256,ok,
lama__canonical__canonical__p037_loss_large__content_region__lpips,lama__canonical__canonical__p037_loss_large,lama__canonical__canonical__p037_loss_large,canonical__p037_loss_large,canonical__p037_loss_large,canonical,p037,abstraction_surrealism,In the Sea,Arnold Böcklin,,lama,loss_large,p037_loss_large,False,content_region,444672,47063,0.158737,0.056249,0.102487,alex,256,ok,
lama__canonical__canonical__p037_loss_large__full_image__lpips,lama__canonical__canonical__p037_loss_large,lama__canonical__canonical__p037_loss_large,canonical__p037_loss_large,canonical__p037_loss_large,canonical,p037,abstraction_surrealism,In the Sea,Arnold Böcklin,,lama,loss_large,p037_loss_large,False,full_image,589824,47063,0.120156,0.038607,0.081549,alex,256,ok,
lama__canonical__canonical__p037_loss_large__mask_bbox_crop__lpips,lama__canonical__canonical__p037_loss_large,lama__canonical__canonical__p037_loss_large,canonical__p037_loss_large,canonical__p037_loss_large,canonical,p037,abstraction_surrealism,In the Sea,Arnold Böcklin,,lama,loss_large,p037_loss_large,False,mask_bbox_crop,106929,47063,0.516753,0.218287,0.298466,alex,256,ok,
lama__canonical__canonical__p037_loss_small__content_region__lpips,lama__canonical__canonical__p037_loss_small,lama__canonical__canonical__p037_loss_small,canonical__p037_loss_small,canonical__p037_loss_small,canonical,p037,abstraction_surrealism,In the Sea,Arnold Böcklin,,lama,loss_small,p037_loss_small,False,content_region,444672,15897,0.131816,0.008594,0.123222,alex,256,ok,
lama__canonical__canonical__p037_loss_small__full_image__lpips,lama__canonical__canonical__p037_loss_small,lama__canonical__canonical__p037_loss_small,canonical__p037_loss_small,canonical__p037_loss_small,canonical,p037,abstraction_surrealism,In the Sea,Arnold Böcklin,,lama,loss_small,p037_loss_small,False,full_image,589824,15897,0.110727,0.005408,0.105319,alex,256,ok,
lama__canonical__canonical__p037_loss_small__mask_bbox_crop__lpips,lama__canonical__canonical__p037_loss_small,lama__canonical__canonical__p037_loss_small,canonical__p037_loss_small,canonical__p037_loss_small,canonical,p037,abstraction_surrealism,In the Sea,Arnold Böcklin,,lama,loss_small,p037_loss_small,False,mask_bbox_crop,414736,15897,0.143806,0.008688,0.135118,alex,256,ok,
lama__canonical__canonical__p037_mixed_damage__content_region__lpips,lama__canonical__canonical__p037_mixed_damage,lama__canonical__canonical__p037_mixed_damage,canonical__p037_mixed_damage,canonical__p037_mixed_damage,canonical,p037,abstraction_surrealism,In the Sea,Arnold Böcklin,,lama,mixed_damage,p037_mixed_damage,False,content_region,444672,44213,0.314297,0.036122,0.278175,alex,256,ok,
lama__canonical__canonical__p037_mixed_damage__full_image__lpips,lama__canonical__canonical__p037_mixed_damage,lama__canonical__canonical__p037_mixed_damage,canonical__p037_mixed_damage,canonical__p037_mixed_damage,canonical,p037,abstraction_surrealism,In the Sea,Arnold Böcklin,,lama,mixed_damage,p037_mixed_damage,False,full_image,589824,44213,0.277203,0.023162,0.254041,alex,256,ok,
lama__canonical__canonical__p037_mixed_damage__mask_bbox_crop__lpips,lama__canonical__canonical__p037_mixed_damage,lama__canonical__canonical__p037_mixed_damage,canonical__p037_mixed_damage,canonical__p037_mixed_damage,canonical,p037,abstraction_surrealism,In the Sea,Arnold Böcklin,,lama,mixed_damage,p037_mixed_damage,False,mask_bbox_crop,589824,44213,0.277203,0.023162,0.254041,alex,256,ok,
lama__canonical__canonical__p037_scratch_thin__content_region__lpips,lama__canonical__canonical__p037_scratch_thin,lama__canonical__canonical__p037_scratch_thin,canonical__p037_scratch_thin,canonical__p037_scratch_thin,canonical,p037,abstraction_surrealism,In the Sea,Arnold Böcklin,,lama,scratch_thin,p037_scratch_thin,False,content_region,444672,7718,0.174821,0.001146,0.173675,alex,256,ok,
lama__canonical__canonical__p037_scratch_thin__full_image__lpips,lama__canonical__canonical__p037_scratch_thin,lama__canonical__canonical__p037_scratch_thin,canonical__p037_scratch_thin,canonical__p037_scratch_thin,canonical,p037,abstraction_surrealism,In the Sea,Arnold Böcklin,,lama,scratch_thin,p037_scratch_thin,False,full_image,589824,7718,0.17783,0.001469,0.176361,alex,256,ok,
lama__canonical__canonical__p037_scratch_thin__mask_bbox_crop__lpips,lama__canonical__canonical__p037_scratch_thin,lama__canonical__canonical__p037_scratch_thin,canonical__p037_scratch_thin,canonical__p037_scratch_thin,canonical,p037,abstraction_surrealism,In the Sea,Arnold Böcklin,,lama,scratch_thin,p037_scratch_thin,False,mask_bbox_crop,589824,7718,0.17783,0.001469,0.176361,alex,256,ok,
lama__canonical__canonical__p037_zero_control__content_region__lpips,lama__canonical__canonical__p037_zero_control,lama__canonical__canonical__p037_zero_control,canonical__p037_zero_control,canonical__p037_zero_control,canonical,p037,abstraction_surrealism,In the Sea,Arnold Böcklin,,lama,zero_control,p037_zero_control,True,content_region,444672,0,0.0,0.0,0.0,alex,256,ok,
lama__canonical__canonical__p037_zero_control__full_image__lpips,lama__canonical__canonical__p037_zero_control,lama__canonical__canonical__p037_zero_control,canonical__p037_zero_control,canonical__p037_zero_control,canonical,p037,abstraction_surrealism,In the Sea,Arnold Böcklin,,lama,zero_control,p037_zero_control,True,full_image,589824,0,0.0,0.0,0.0,alex,256,ok,
lama__canonical__canonical__p038_loss_large__content_region__lpips,lama__canonical__canonical__p038_loss_large,lama__canonical__canonical__p038_loss_large,canonical__p038_loss_large,canonical__p038_loss_large,canonical,p038,abstraction_surrealism,Mahana no atua (Day of the God),Paul Gauguin,,lama,loss_large,p038_loss_large,False,content_region,440064,61070,0.160217,0.081187,0.07903,alex,256,ok,
lama__canonical__canonical__p038_loss_large__full_image__lpips,lama__canonical__canonical__p038_loss_large,lama__canonical__canonical__p038_loss_large,canonical__p038_loss_large,canonical__p038_loss_large,canonical,p038,abstraction_surrealism,Mahana no atua (Day of the God),Paul Gauguin,,lama,loss_large,p038_loss_large,False,full_image,589824,61070,0.125208,0.056777,0.068431,alex,256,ok,
lama__canonical__canonical__p038_loss_large__mask_bbox_crop__lpips,lama__canonical__canonical__p038_loss_large,lama__canonical__canonical__p038_loss_large,canonical__p038_loss_large,canonical__p038_loss_large,canonical,p038,abstraction_surrealism,Mahana no atua (Day of the God),Paul Gauguin,,lama,loss_large,p038_loss_large,False,mask_bbox_crop,163216,61070,0.405225,0.213713,0.191513,alex,256,ok,
lama__canonical__canonical__p038_loss_small__content_region__lpips,lama__canonical__canonical__p038_loss_small,lama__canonical__canonical__p038_loss_small,canonical__p038_loss_small,canonical__p038_loss_small,canonical,p038,abstraction_surrealism,Mahana no atua (Day of the God),Paul Gauguin,,lama,loss_small,p038_loss_small,False,content_region,440064,20821,0.115402,0.010967,0.104435,alex,256,ok,
lama__canonical__canonical__p038_loss_small__full_image__lpips,lama__canonical__canonical__p038_loss_small,lama__canonical__canonical__p038_loss_small,canonical__p038_loss_small,canonical__p038_loss_small,canonical,p038,abstraction_surrealism,Mahana no atua (Day of the God),Paul Gauguin,,lama,loss_small,p038_loss_small,False,full_image,589824,20821,0.106328,0.007013,0.099314,alex,256,ok,
lama__canonical__canonical__p038_loss_small__mask_bbox_crop__lpips,lama__canonical__canonical__p038_loss_small,lama__canonical__canonical__p038_loss_small,canonical__p038_loss_small,canonical__p038_loss_small,canonical,p038,abstraction_surrealism,Mahana no atua (Day of the God),Paul Gauguin,,lama,loss_small,p038_loss_small,False,mask_bbox_crop,518400,20821,0.113967,0.006805,0.107162,alex,256,ok,
lama__canonical__canonical__p038_mixed_damage__content_region__lpips,lama__canonical__canonical__p038_mixed_damage,lama__canonical__canonical__p038_mixed_damage,canonical__p038_mixed_damage,canonical__p038_mixed_damage,canonical,p038,abstraction_surrealism,Mahana no atua (Day of the God),Paul Gauguin,,lama,mixed_damage,p038_mixed_damage,False,content_region,440064,37262,0.191876,0.029525,0.162351,alex,256,ok,
lama__canonical__canonical__p038_mixed_damage__full_image__lpips,lama__canonical__canonical__p038_mixed_damage,lama__canonical__canonical__p038_mixed_damage,canonical__p038_mixed_damage,canonical__p038_mixed_damage,canonical,p038,abstraction_surrealism,Mahana no atua (Day of the God),Paul Gauguin,,lama,mixed_damage,p038_mixed_damage,False,full_image,589824,37262,0.162193,0.019327,0.142865,alex,256,ok,
lama__canonical__canonical__p038_mixed_damage__mask_bbox_crop__lpips,lama__canonical__canonical__p038_mixed_damage,lama__canonical__canonical__p038_mixed_damage,canonical__p038_mixed_damage,canonical__p038_mixed_damage,canonical,p038,abstraction_surrealism,Mahana no atua (Day of the God),Paul Gauguin,,lama,mixed_damage,p038_mixed_damage,False,mask_bbox_crop,589824,37262,0.162193,0.019327,0.142865,alex,256,ok,
lama__canonical__canonical__p038_scratch_thin__content_region__lpips,lama__canonical__canonical__p038_scratch_thin,lama__canonical__canonical__p038_scratch_thin,canonical__p038_scratch_thin,canonical__p038_scratch_thin,canonical,p038,abstraction_surrealism,Mahana no atua (Day of the God),Paul Gauguin,,lama,scratch_thin,p038_scratch_thin,False,content_region,440064,7229,0.192839,0.00071,0.192129,alex,256,ok,
lama__canonical__canonical__p038_scratch_thin__full_image__lpips,lama__canonical__canonical__p038_scratch_thin,lama__canonical__canonical__p038_scratch_thin,canonical__p038_scratch_thin,canonical__p038_scratch_thin,canonical,p038,abstraction_surrealism,Mahana no atua (Day of the God),Paul Gauguin,,lama,scratch_thin,p038_scratch_thin,False,full_image,589824,7229,0.168902,0.00055,0.168351,alex,256,ok,
lama__canonical__canonical__p038_scratch_thin__mask_bbox_crop__lpips,lama__canonical__canonical__p038_scratch_thin,lama__canonical__canonical__p038_scratch_thin,canonical__p038_scratch_thin,canonical__p038_scratch_thin,canonical,p038,abstraction_surrealism,Mahana no atua (Day of the God),Paul Gauguin,,lama,scratch_thin,p038_scratch_thin,False,mask_bbox_crop,589824,7229,0.168902,0.00055,0.168351,alex,256,ok,
lama__canonical__canonical__p038_zero_control__content_region__lpips,lama__canonical__canonical__p038_zero_control,lama__canonical__canonical__p038_zero_control,canonical__p038_zero_control,canonical__p038_zero_control,canonical,p038,abstraction_surrealism,Mahana no atua (Day of the God),Paul Gauguin,,lama,zero_control,p038_zero_control,True,content_region,440064,0,0.0,0.0,0.0,alex,256,ok,
lama__canonical__canonical__p038_zero_control__full_image__lpips,lama__canonical__canonical__p038_zero_control,lama__canonical__canonical__p038_zero_control,canonical__p038_zero_control,canonical__p038_zero_control,canonical,p038,abstraction_surrealism,Mahana no atua (Day of the God),Paul Gauguin,,lama,zero_control,p038_zero_control,True,full_image,589824,0,0.0,0.0,0.0,alex,256,ok,
lama__canonical__canonical__p039_loss_large__content_region__lpips,lama__canonical__canonical__p039_loss_large,lama__canonical__canonical__p039_loss_large,canonical__p039_loss_large,canonical__p039_loss_large,canonical,p039,abstraction_surrealism,Painting with Troika,Wassily Kandinsky,,lama,loss_large,p039_loss_large,False,content_region,433152,47259,0.139867,0.047119,0.092748,alex,256,ok,
lama__canonical__canonical__p039_loss_large__full_image__lpips,lama__canonical__canonical__p039_loss_large,lama__canonical__canonical__p039_loss_large,canonical__p039_loss_large,canonical__p039_loss_large,canonical,p039,abstraction_surrealism,Painting with Troika,Wassily Kandinsky,,lama,loss_large,p039_loss_large,False,full_image,589824,47259,0.111763,0.03325,0.078513,alex,256,ok,
lama__canonical__canonical__p039_loss_large__mask_bbox_crop__lpips,lama__canonical__canonical__p039_loss_large,lama__canonical__canonical__p039_loss_large,canonical__p039_loss_large,canonical__p039_loss_large,canonical,p039,abstraction_surrealism,Painting with Troika,Wassily Kandinsky,,lama,loss_large,p039_loss_large,False,mask_bbox_crop,102400,47259,0.544414,0.207016,0.337398,alex,256,ok,
lama__canonical__canonical__p039_loss_small__content_region__lpips,lama__canonical__canonical__p039_loss_small,lama__canonical__canonical__p039_loss_small,canonical__p039_loss_small,canonical__p039_loss_small,canonical,p039,abstraction_surrealism,Painting with Troika,Wassily Kandinsky,,lama,loss_small,p039_loss_small,False,content_region,433152,13792,0.104555,0.004079,0.100476,alex,256,ok,
lama__canonical__canonical__p039_loss_small__full_image__lpips,lama__canonical__canonical__p039_loss_small,lama__canonical__canonical__p039_loss_small,canonical__p039_loss_small,canonical__p039_loss_small,canonical,p039,abstraction_surrealism,Painting with Troika,Wassily Kandinsky,,lama,loss_small,p039_loss_small,False,full_image,589824,13792,0.08343,0.002321,0.081109,alex,256,ok,
lama__canonical__canonical__p039_loss_small__mask_bbox_crop__lpips,lama__canonical__canonical__p039_loss_small,lama__canonical__canonical__p039_loss_small,canonical__p039_loss_small,canonical__p039_loss_small,canonical,p039,abstraction_surrealism,Painting with Troika,Wassily Kandinsky,,lama,loss_small,p039_loss_small,False,mask_bbox_crop,349281,13792,0.121851,0.003148,0.118704,alex,256,ok,
lama__canonical__canonical__p039_mixed_damage__content_region__lpips,lama__canonical__canonical__p039_mixed_damage,lama__canonical__canonical__p039_mixed_damage,canonical__p039_mixed_damage,canonical__p039_mixed_damage,canonical,p039,abstraction_surrealism,Painting with Troika,Wassily Kandinsky,,lama,mixed_damage,p039_mixed_damage,False,content_region,433152,44799,0.287066,0.026458,0.260608,alex,256,ok,
lama__canonical__canonical__p039_mixed_damage__full_image__lpips,lama__canonical__canonical__p039_mixed_damage,lama__canonical__canonical__p039_mixed_damage,canonical__p039_mixed_damage,canonical__p039_mixed_damage,canonical,p039,abstraction_surrealism,Painting with Troika,Wassily Kandinsky,,lama,mixed_damage,p039_mixed_damage,False,full_image,589824,44799,0.251766,0.02081,0.230956,alex,256,ok,
lama__canonical__canonical__p039_mixed_damage__mask_bbox_crop__lpips,lama__canonical__canonical__p039_mixed_damage,lama__canonical__canonical__p039_mixed_damage,canonical__p039_mixed_damage,canonical__p039_mixed_damage,canonical,p039,abstraction_surrealism,Painting with Troika,Wassily Kandinsky,,lama,mixed_damage,p039_mixed_damage,False,mask_bbox_crop,589824,44799,0.251766,0.02081,0.230956,alex,256,ok,
lama__canonical__canonical__p039_scratch_thin__content_region__lpips,lama__canonical__canonical__p039_scratch_thin,lama__canonical__canonical__p039_scratch_thin,canonical__p039_scratch_thin,canonical__p039_scratch_thin,canonical,p039,abstraction_surrealism,Painting with Troika,Wassily Kandinsky,,lama,scratch_thin,p039_scratch_thin,False,content_region,433152,11005,0.225658,0.001481,0.224177,alex,256,ok,
lama__canonical__canonical__p039_scratch_thin__full_image__lpips,lama__canonical__canonical__p039_scratch_thin,lama__canonical__canonical__p039_scratch_thin,canonical__p039_scratch_thin,canonical__p039_scratch_thin,canonical,p039,abstraction_surrealism,Painting with Troika,Wassily Kandinsky,,lama,scratch_thin,p039_scratch_thin,False,full_image,589824,11005,0.173425,0.000929,0.172496,alex,256,ok,
lama__canonical__canonical__p039_scratch_thin__mask_bbox_crop__lpips,lama__canonical__canonical__p039_scratch_thin,lama__canonical__canonical__p039_scratch_thin,canonical__p039_scratch_thin,canonical__p039_scratch_thin,canonical,p039,abstraction_surrealism,Painting with Troika,Wassily Kandinsky,,lama,scratch_thin,p039_scratch_thin,False,mask_bbox_crop,589824,11005,0.173425,0.000929,0.172496,alex,256,ok,
lama__canonical__canonical__p039_zero_control__content_region__lpips,lama__canonical__canonical__p039_zero_control,lama__canonical__canonical__p039_zero_control,canonical__p039_zero_control,canonical__p039_zero_control,canonical,p039,abstraction_surrealism,Painting with Troika,Wassily Kandinsky,,lama,zero_control,p039_zero_control,True,content_region,433152,0,0.0,0.0,0.0,alex,256,ok,
lama__canonical__canonical__p039_zero_control__full_image__lpips,lama__canonical__canonical__p039_zero_control,lama__canonical__canonical__p039_zero_control,canonical__p039_zero_control,canonical__p039_zero_control,canonical,p039,abstraction_surrealism,Painting with Troika,Wassily Kandinsky,,lama,zero_control,p039_zero_control,True,full_image,589824,0,0.0,0.0,0.0,alex,256,ok,
lama__canonical__canonical__p040_loss_large__content_region__lpips,lama__canonical__canonical__p040_loss_large,lama__canonical__canonical__p040_loss_large,canonical__p040_loss_large,canonical__p040_loss_large,canonical,p040,abstraction_surrealism,Houses at Murnau,Wassily Kandinsky,,lama,loss_large,p040_loss_large,False,content_region,454656,62428,0.18202,0.083801,0.098219,alex,256,ok,
lama__canonical__canonical__p040_loss_large__full_image__lpips,lama__canonical__canonical__p040_loss_large,lama__canonical__canonical__p040_loss_large,canonical__p040_loss_large,canonical__p040_loss_large,canonical,p040,abstraction_surrealism,Houses at Murnau,Wassily Kandinsky,,lama,loss_large,p040_loss_large,False,full_image,589824,62428,0.144042,0.064721,0.07932,alex,256,ok,
lama__canonical__canonical__p040_loss_large__mask_bbox_crop__lpips,lama__canonical__canonical__p040_loss_large,lama__canonical__canonical__p040_loss_large,canonical__p040_loss_large,canonical__p040_loss_large,canonical,p040,abstraction_surrealism,Houses at Murnau,Wassily Kandinsky,,lama,loss_large,p040_loss_large,False,mask_bbox_crop,128881,62428,0.532608,0.294879,0.237728,alex,256,ok,
lama__canonical__canonical__p040_loss_small__content_region__lpips,lama__canonical__canonical__p040_loss_small,lama__canonical__canonical__p040_loss_small,canonical__p040_loss_small,canonical__p040_loss_small,canonical,p040,abstraction_surrealism,Houses at Murnau,Wassily Kandinsky,,lama,loss_small,p040_loss_small,False,content_region,454656,18450,0.149078,0.01128,0.137798,alex,256,ok,
lama__canonical__canonical__p040_loss_small__full_image__lpips,lama__canonical__canonical__p040_loss_small,lama__canonical__canonical__p040_loss_small,canonical__p040_loss_small,canonical__p040_loss_small,canonical,p040,abstraction_surrealism,Houses at Murnau,Wassily Kandinsky,,lama,loss_small,p040_loss_small,False,full_image,589824,18450,0.121254,0.008653,0.112601,alex,256,ok,
lama__canonical__canonical__p040_loss_small__mask_bbox_crop__lpips,lama__canonical__canonical__p040_loss_small,lama__canonical__canonical__p040_loss_small,canonical__p040_loss_small,canonical__p040_loss_small,canonical,p040,abstraction_surrealism,Houses at Murnau,Wassily Kandinsky,,lama,loss_small,p040_loss_small,False,mask_bbox_crop,447561,18450,0.130066,0.012244,0.117822,alex,256,ok,
lama__canonical__canonical__p040_mixed_damage__content_region__lpips,lama__canonical__canonical__p040_mixed_damage,lama__canonical__canonical__p040_mixed_damage,canonical__p040_mixed_damage,canonical__p040_mixed_damage,canonical,p040,abstraction_surrealism,Houses at Murnau,Wassily Kandinsky,,lama,mixed_damage,p040_mixed_damage,False,content_region,454656,42202,0.237885,0.029733,0.208152,alex,256,ok,
lama__canonical__canonical__p040_mixed_damage__full_image__lpips,lama__canonical__canonical__p040_mixed_damage,lama__canonical__canonical__p040_mixed_damage,canonical__p040_mixed_damage,canonical__p040_mixed_damage,canonical,p040,abstraction_surrealism,Houses at Murnau,Wassily Kandinsky,,lama,mixed_damage,p040_mixed_damage,False,full_image,589824,42202,0.211218,0.024448,0.186769,alex,256,ok,
lama__canonical__canonical__p040_mixed_damage__mask_bbox_crop__lpips,lama__canonical__canonical__p040_mixed_damage,lama__canonical__canonical__p040_mixed_damage,canonical__p040_mixed_damage,canonical__p040_mixed_damage,canonical,p040,abstraction_surrealism,Houses at Murnau,Wassily Kandinsky,,lama,mixed_damage,p040_mixed_damage,False,mask_bbox_crop,589824,42202,0.211218,0.024448,0.186769,alex,256,ok,
lama__canonical__canonical__p040_scratch_thin__content_region__lpips,lama__canonical__canonical__p040_scratch_thin,lama__canonical__canonical__p040_scratch_thin,canonical__p040_scratch_thin,canonical__p040_scratch_thin,canonical,p040,abstraction_surrealism,Houses at Murnau,Wassily Kandinsky,,lama,scratch_thin,p040_scratch_thin,False,content_region,454656,11164,0.225725,0.001174,0.224551,alex,256,ok,
lama__canonical__canonical__p040_scratch_thin__full_image__lpips,lama__canonical__canonical__p040_scratch_thin,lama__canonical__canonical__p040_scratch_thin,canonical__p040_scratch_thin,canonical__p040_scratch_thin,canonical,p040,abstraction_surrealism,Houses at Murnau,Wassily Kandinsky,,lama,scratch_thin,p040_scratch_thin,False,full_image,589824,11164,0.217559,0.001476,0.216083,alex,256,ok,
lama__canonical__canonical__p040_scratch_thin__mask_bbox_crop__lpips,lama__canonical__canonical__p040_scratch_thin,lama__canonical__canonical__p040_scratch_thin,canonical__p040_scratch_thin,canonical__p040_scratch_thin,canonical,p040,abstraction_surrealism,Houses at Murnau,Wassily Kandinsky,,lama,scratch_thin,p040_scratch_thin,False,mask_bbox_crop,547600,11164,0.22387,0.00178,0.22209,alex,256,ok,
lama__canonical__canonical__p040_zero_control__content_region__lpips,lama__canonical__canonical__p040_zero_control,lama__canonical__canonical__p040_zero_control,canonical__p040_zero_control,canonical__p040_zero_control,canonical,p040,abstraction_surrealism,Houses at Murnau,Wassily Kandinsky,,lama,zero_control,p040_zero_control,True,content_region,454656,0,0.0,0.0,0.0,alex,256,ok,
lama__canonical__canonical__p040_zero_control__full_image__lpips,lama__canonical__canonical__p040_zero_control,lama__canonical__canonical__p040_zero_control,canonical__p040_zero_control,canonical__p040_zero_control,canonical,p040,abstraction_surrealism,Houses at Murnau,Wassily Kandinsky,,lama,zero_control,p040_zero_control,True,full_image,589824,0,0.0,0.0,0.0,alex,256,ok,
lama__canonical__canonical__p041_loss_large__content_region__lpips,lama__canonical__canonical__p041_loss_large,lama__canonical__canonical__p041_loss_large,canonical__p041_loss_large,canonical__p041_loss_large,canonical,p041,high_texture_brushwork,Wheat Field with Cypresses,Vincent van Gogh,Post-Impressionism,lama,loss_large,p041_loss_large,False,content_region,469248,54043,0.192113,0.052462,0.139651,alex,256,ok,
lama__canonical__canonical__p041_loss_large__full_image__lpips,lama__canonical__canonical__p041_loss_large,lama__canonical__canonical__p041_loss_large,canonical__p041_loss_large,canonical__p041_loss_large,canonical,p041,high_texture_brushwork,Wheat Field with Cypresses,Vincent van Gogh,Post-Impressionism,lama,loss_large,p041_loss_large,False,full_image,589824,54043,0.154537,0.041841,0.112697,alex,256,ok,
lama__canonical__canonical__p041_loss_large__mask_bbox_crop__lpips,lama__canonical__canonical__p041_loss_large,lama__canonical__canonical__p041_loss_large,canonical__p041_loss_large,canonical__p041_loss_large,canonical,p041,high_texture_brushwork,Wheat Field with Cypresses,Vincent van Gogh,Post-Impressionism,lama,loss_large,p041_loss_large,False,mask_bbox_crop,101761,54043,0.564593,0.228464,0.336129,alex,256,ok,
lama__canonical__canonical__p041_loss_small__content_region__lpips,lama__canonical__canonical__p041_loss_small,lama__canonical__canonical__p041_loss_small,canonical__p041_loss_small,canonical__p041_loss_small,canonical,p041,high_texture_brushwork,Wheat Field with Cypresses,Vincent van Gogh,Post-Impressionism,lama,loss_small,p041_loss_small,False,content_region,469248,19456,0.160736,0.007029,0.153707,alex,256,ok,
lama__canonical__canonical__p041_loss_small__full_image__lpips,lama__canonical__canonical__p041_loss_small,lama__canonical__canonical__p041_loss_small,canonical__p041_loss_small,canonical__p041_loss_small,canonical,p041,high_texture_brushwork,Wheat Field with Cypresses,Vincent van Gogh,Post-Impressionism,lama,loss_small,p041_loss_small,False,full_image,589824,19456,0.13348,0.005268,0.128212,alex,256,ok,
lama__canonical__canonical__p041_loss_small__mask_bbox_crop__lpips,lama__canonical__canonical__p041_loss_small,lama__canonical__canonical__p041_loss_small,canonical__p041_loss_small,canonical__p041_loss_small,canonical,p041,high_texture_brushwork,Wheat Field with Cypresses,Vincent van Gogh,Post-Impressionism,lama,loss_small,p041_loss_small,False,mask_bbox_crop,321489,19456,0.200565,0.012644,0.187921,alex,256,ok,
lama__canonical__canonical__p041_mixed_damage__content_region__lpips,lama__canonical__canonical__p041_mixed_damage,lama__canonical__canonical__p041_mixed_damage,canonical__p041_mixed_damage,canonical__p041_mixed_damage,canonical,p041,high_texture_brushwork,Wheat Field with Cypresses,Vincent van Gogh,Post-Impressionism,lama,mixed_damage,p041_mixed_damage,False,content_region,469248,51197,0.38828,0.034632,0.353648,alex,256,ok,
lama__canonical__canonical__p041_mixed_damage__full_image__lpips,lama__canonical__canonical__p041_mixed_damage,lama__canonical__canonical__p041_mixed_damage,canonical__p041_mixed_damage,canonical__p041_mixed_damage,canonical,p041,high_texture_brushwork,Wheat Field with Cypresses,Vincent van Gogh,Post-Impressionism,lama,mixed_damage,p041_mixed_damage,False,full_image,589824,51197,0.338712,0.027081,0.311631,alex,256,ok,
lama__canonical__canonical__p041_mixed_damage__mask_bbox_crop__lpips,lama__canonical__canonical__p041_mixed_damage,lama__canonical__canonical__p041_mixed_damage,canonical__p041_mixed_damage,canonical__p041_mixed_damage,canonical,p041,high_texture_brushwork,Wheat Field with Cypresses,Vincent van Gogh,Post-Impressionism,lama,mixed_damage,p041_mixed_damage,False,mask_bbox_crop,448900,51197,0.402515,0.03455,0.367965,alex,256,ok,
lama__canonical__canonical__p041_scratch_thin__content_region__lpips,lama__canonical__canonical__p041_scratch_thin,lama__canonical__canonical__p041_scratch_thin,canonical__p041_scratch_thin,canonical__p041_scratch_thin,canonical,p041,high_texture_brushwork,Wheat Field with Cypresses,Vincent van Gogh,Post-Impressionism,lama,scratch_thin,p041_scratch_thin,False,content_region,469248,12949,0.33103,0.004968,0.326062,alex,256,ok,
lama__canonical__canonical__p041_scratch_thin__full_image__lpips,lama__canonical__canonical__p041_scratch_thin,lama__canonical__canonical__p041_scratch_thin,canonical__p041_scratch_thin,canonical__p041_scratch_thin,canonical,p041,high_texture_brushwork,Wheat Field with Cypresses,Vincent van Gogh,Post-Impressionism,lama,scratch_thin,p041_scratch_thin,False,full_image,589824,12949,0.293555,0.002331,0.291224,alex,256,ok,
lama__canonical__canonical__p041_scratch_thin__mask_bbox_crop__lpips,lama__canonical__canonical__p041_scratch_thin,lama__canonical__canonical__p041_scratch_thin,canonical__p041_scratch_thin,canonical__p041_scratch_thin,canonical,p041,high_texture_brushwork,Wheat Field with Cypresses,Vincent van Gogh,Post-Impressionism,lama,scratch_thin,p041_scratch_thin,False,mask_bbox_crop,522729,12949,0.31387,0.003197,0.310673,alex,256,ok,
lama__canonical__canonical__p041_zero_control__content_region__lpips,lama__canonical__canonical__p041_zero_control,lama__canonical__canonical__p041_zero_control,canonical__p041_zero_control,canonical__p041_zero_control,canonical,p041,high_texture_brushwork,Wheat Field with Cypresses,Vincent van Gogh,Post-Impressionism,lama,zero_control,p041_zero_control,True,content_region,469248,0,0.0,0.0,0.0,alex,256,ok,
lama__canonical__canonical__p041_zero_control__full_image__lpips,lama__canonical__canonical__p041_zero_control,lama__canonical__canonical__p041_zero_control,canonical__p041_zero_control,canonical__p041_zero_control,canonical,p041,high_texture_brushwork,Wheat Field with Cypresses,Vincent van Gogh,Post-Impressionism,lama,zero_control,p041_zero_control,True,full_image,589824,0,0.0,0.0,0.0,alex,256,ok,
lama__canonical__canonical__p042_loss_large__content_region__lpips,lama__canonical__canonical__p042_loss_large,lama__canonical__canonical__p042_loss_large,canonical__p042_loss_large,canonical__p042_loss_large,canonical,p042,high_texture_brushwork,View of Beirut,Jules Coignet,,lama,loss_large,p042_loss_large,False,content_region,379392,41198,0.211228,0.004259,0.206969,alex,256,ok,
lama__canonical__canonical__p042_loss_large__full_image__lpips,lama__canonical__canonical__p042_loss_large,lama__canonical__canonical__p042_loss_large,canonical__p042_loss_large,canonical__p042_loss_large,canonical,p042,high_texture_brushwork,View of Beirut,Jules Coignet,,lama,loss_large,p042_loss_large,False,full_image,589824,41198,0.127715,0.002306,0.125409,alex,256,ok,
lama__canonical__canonical__p042_loss_large__mask_bbox_crop__lpips,lama__canonical__canonical__p042_loss_large,lama__canonical__canonical__p042_loss_large,canonical__p042_loss_large,canonical__p042_loss_large,canonical,p042,high_texture_brushwork,View of Beirut,Jules Coignet,,lama,loss_large,p042_loss_large,False,mask_bbox_crop,119716,41198,0.464844,0.023437,0.441407,alex,256,ok,
lama__canonical__canonical__p042_loss_small__content_region__lpips,lama__canonical__canonical__p042_loss_small,lama__canonical__canonical__p042_loss_small,canonical__p042_loss_small,canonical__p042_loss_small,canonical,p042,high_texture_brushwork,View of Beirut,Jules Coignet,,lama,loss_small,p042_loss_small,False,content_region,379392,12656,0.183631,0.006465,0.177166,alex,256,ok,
lama__canonical__canonical__p042_loss_small__full_image__lpips,lama__canonical__canonical__p042_loss_small,lama__canonical__canonical__p042_loss_small,canonical__p042_loss_small,canonical__p042_loss_small,canonical,p042,high_texture_brushwork,View of Beirut,Jules Coignet,,lama,loss_small,p042_loss_small,False,full_image,589824,12656,0.130867,0.004567,0.1263,alex,256,ok,
lama__canonical__canonical__p042_loss_small__mask_bbox_crop__lpips,lama__canonical__canonical__p042_loss_small,lama__canonical__canonical__p042_loss_small,canonical__p042_loss_small,canonical__p042_loss_small,canonical,p042,high_texture_brushwork,View of Beirut,Jules Coignet,,lama,loss_small,p042_loss_small,False,mask_bbox_crop,198916,12656,0.22725,0.017487,0.209763,alex,256,ok,
lama__canonical__canonical__p042_mixed_damage__content_region__lpips,lama__canonical__canonical__p042_mixed_damage,lama__canonical__canonical__p042_mixed_damage,canonical__p042_mixed_damage,canonical__p042_mixed_damage,canonical,p042,high_texture_brushwork,View of Beirut,Jules Coignet,,lama,mixed_damage,p042_mixed_damage,False,content_region,379392,40981,0.399667,0.007766,0.3919,alex,256,ok,
lama__canonical__canonical__p042_mixed_damage__full_image__lpips,lama__canonical__canonical__p042_mixed_damage,lama__canonical__canonical__p042_mixed_damage,canonical__p042_mixed_damage,canonical__p042_mixed_damage,canonical,p042,high_texture_brushwork,View of Beirut,Jules Coignet,,lama,mixed_damage,p042_mixed_damage,False,full_image,589824,40981,0.259958,0.004187,0.255771,alex,256,ok,
lama__canonical__canonical__p042_mixed_damage__mask_bbox_crop__lpips,lama__canonical__canonical__p042_mixed_damage,lama__canonical__canonical__p042_mixed_damage,canonical__p042_mixed_damage,canonical__p042_mixed_damage,canonical,p042,high_texture_brushwork,View of Beirut,Jules Coignet,,lama,mixed_damage,p042_mixed_damage,False,mask_bbox_crop,589824,40981,0.259958,0.004187,0.255771,alex,256,ok,
lama__canonical__canonical__p042_scratch_thin__content_region__lpips,lama__canonical__canonical__p042_scratch_thin,lama__canonical__canonical__p042_scratch_thin,canonical__p042_scratch_thin,canonical__p042_scratch_thin,canonical,p042,high_texture_brushwork,View of Beirut,Jules Coignet,,lama,scratch_thin,p042_scratch_thin,False,content_region,379392,8067,0.317465,0.017952,0.299513,alex,256,ok,
lama__canonical__canonical__p042_scratch_thin__full_image__lpips,lama__canonical__canonical__p042_scratch_thin,lama__canonical__canonical__p042_scratch_thin,canonical__p042_scratch_thin,canonical__p042_scratch_thin,canonical,p042,high_texture_brushwork,View of Beirut,Jules Coignet,,lama,scratch_thin,p042_scratch_thin,False,full_image,589824,8067,0.19515,0.005278,0.189873,alex,256,ok,
lama__canonical__canonical__p042_scratch_thin__mask_bbox_crop__lpips,lama__canonical__canonical__p042_scratch_thin,lama__canonical__canonical__p042_scratch_thin,canonical__p042_scratch_thin,canonical__p042_scratch_thin,canonical,p042,high_texture_brushwork,View of Beirut,Jules Coignet,,lama,scratch_thin,p042_scratch_thin,False,mask_bbox_crop,470596,8067,0.241677,0.009278,0.232399,alex,256,ok,
lama__canonical__canonical__p042_zero_control__content_region__lpips,lama__canonical__canonical__p042_zero_control,lama__canonical__canonical__p042_zero_control,canonical__p042_zero_control,canonical__p042_zero_control,canonical,p042,high_texture_brushwork,View of Beirut,Jules Coignet,,lama,zero_control,p042_zero_control,True,content_region,379392,0,0.0,0.0,0.0,alex,256,ok,
lama__canonical__canonical__p042_zero_control__full_image__lpips,lama__canonical__canonical__p042_zero_control,lama__canonical__canonical__p042_zero_control,canonical__p042_zero_control,canonical__p042_zero_control,canonical,p042,high_texture_brushwork,View of Beirut,Jules Coignet,,lama,zero_control,p042_zero_control,True,full_image,589824,0,0.0,0.0,0.0,alex,256,ok,
lama__canonical__canonical__p043_loss_large__content_region__lpips,lama__canonical__canonical__p043_loss_large,lama__canonical__canonical__p043_loss_large,canonical__p043_loss_large,canonical__p043_loss_large,canonical,p043,high_texture_brushwork,The Card Players,Paul Cézanne,Post-Impressionism,lama,loss_large,p043_loss_large,False,content_region,469248,64562,0.192769,0.077857,0.114912,alex,256,ok,
lama__canonical__canonical__p043_loss_large__full_image__lpips,lama__canonical__canonical__p043_loss_large,lama__canonical__canonical__p043_loss_large,canonical__p043_loss_large,canonical__p043_loss_large,canonical,p043,high_texture_brushwork,The Card Players,Paul Cézanne,Post-Impressionism,lama,loss_large,p043_loss_large,False,full_image,589824,64562,0.159762,0.060626,0.099136,alex,256,ok,
lama__canonical__canonical__p043_loss_large__mask_bbox_crop__lpips,lama__canonical__canonical__p043_loss_large,lama__canonical__canonical__p043_loss_large,canonical__p043_loss_large,canonical__p043_loss_large,canonical,p043,high_texture_brushwork,The Card Players,Paul Cézanne,Post-Impressionism,lama,loss_large,p043_loss_large,False,mask_bbox_crop,113569,64562,0.642362,0.344364,0.297998,alex,256,ok,
lama__canonical__canonical__p043_loss_small__content_region__lpips,lama__canonical__canonical__p043_loss_small,lama__canonical__canonical__p043_loss_small,canonical__p043_loss_small,canonical__p043_loss_small,canonical,p043,high_texture_brushwork,The Card Players,Paul Cézanne,Post-Impressionism,lama,loss_small,p043_loss_small,False,content_region,469248,14983,0.10544,0.009593,0.095847,alex,256,ok,
lama__canonical__canonical__p043_loss_small__full_image__lpips,lama__canonical__canonical__p043_loss_small,lama__canonical__canonical__p043_loss_small,canonical__p043_loss_small,canonical__p043_loss_small,canonical,p043,high_texture_brushwork,The Card Players,Paul Cézanne,Post-Impressionism,lama,loss_small,p043_loss_small,False,full_image,589824,14983,0.093797,0.006527,0.087271,alex,256,ok,
lama__canonical__canonical__p043_loss_small__mask_bbox_crop__lpips,lama__canonical__canonical__p043_loss_small,lama__canonical__canonical__p043_loss_small,canonical__p043_loss_small,canonical__p043_loss_small,canonical,p043,high_texture_brushwork,The Card Players,Paul Cézanne,Post-Impressionism,lama,loss_small,p043_loss_small,False,mask_bbox_crop,265225,14983,0.133857,0.015705,0.118152,alex,256,ok,
lama__canonical__canonical__p043_mixed_damage__content_region__lpips,lama__canonical__canonical__p043_mixed_damage,lama__canonical__canonical__p043_mixed_damage,canonical__p043_mixed_damage,canonical__p043_mixed_damage,canonical,p043,high_texture_brushwork,The Card Players,Paul Cézanne,Post-Impressionism,lama,mixed_damage,p043_mixed_damage,False,content_region,469248,50181,0.368551,0.035137,0.333414,alex,256,ok,
lama__canonical__canonical__p043_mixed_damage__full_image__lpips,lama__canonical__canonical__p043_mixed_damage,lama__canonical__canonical__p043_mixed_damage,canonical__p043_mixed_damage,canonical__p043_mixed_damage,canonical,p043,high_texture_brushwork,The Card Players,Paul Cézanne,Post-Impressionism,lama,mixed_damage,p043_mixed_damage,False,full_image,589824,50181,0.327821,0.028726,0.299095,alex,256,ok,
lama__canonical__canonical__p043_mixed_damage__mask_bbox_crop__lpips,lama__canonical__canonical__p043_mixed_damage,lama__canonical__canonical__p043_mixed_damage,canonical__p043_mixed_damage,canonical__p043_mixed_damage,canonical,p043,high_texture_brushwork,The Card Players,Paul Cézanne,Post-Impressionism,lama,mixed_damage,p043_mixed_damage,False,mask_bbox_crop,589824,50181,0.327821,0.028726,0.299095,alex,256,ok,
lama__canonical__canonical__p043_scratch_thin__content_region__lpips,lama__canonical__canonical__p043_scratch_thin,lama__canonical__canonical__p043_scratch_thin,canonical__p043_scratch_thin,canonical__p043_scratch_thin,canonical,p043,high_texture_brushwork,The Card Players,Paul Cézanne,Post-Impressionism,lama,scratch_thin,p043_scratch_thin,False,content_region,469248,6818,0.169496,0.000894,0.168602,alex,256,ok,
lama__canonical__canonical__p043_scratch_thin__full_image__lpips,lama__canonical__canonical__p043_scratch_thin,lama__canonical__canonical__p043_scratch_thin,canonical__p043_scratch_thin,canonical__p043_scratch_thin,canonical,p043,high_texture_brushwork,The Card Players,Paul Cézanne,Post-Impressionism,lama,scratch_thin,p043_scratch_thin,False,full_image,589824,6818,0.15633,0.000721,0.155609,alex,256,ok,
lama__canonical__canonical__p043_scratch_thin__mask_bbox_crop__lpips,lama__canonical__canonical__p043_scratch_thin,lama__canonical__canonical__p043_scratch_thin,canonical__p043_scratch_thin,canonical__p043_scratch_thin,canonical,p043,high_texture_brushwork,The Card Players,Paul Cézanne,Post-Impressionism,lama,scratch_thin,p043_scratch_thin,False,mask_bbox_crop,455625,6818,0.184742,0.001067,0.183675,alex,256,ok,
lama__canonical__canonical__p043_zero_control__content_region__lpips,lama__canonical__canonical__p043_zero_control,lama__canonical__canonical__p043_zero_control,canonical__p043_zero_control,canonical__p043_zero_control,canonical,p043,high_texture_brushwork,The Card Players,Paul Cézanne,Post-Impressionism,lama,zero_control,p043_zero_control,True,content_region,469248,0,0.0,0.0,0.0,alex,256,ok,
lama__canonical__canonical__p043_zero_control__full_image__lpips,lama__canonical__canonical__p043_zero_control,lama__canonical__canonical__p043_zero_control,canonical__p043_zero_control,canonical__p043_zero_control,canonical,p043,high_texture_brushwork,The Card Players,Paul Cézanne,Post-Impressionism,lama,zero_control,p043_zero_control,True,full_image,589824,0,0.0,0.0,0.0,alex,256,ok,
lama__canonical__canonical__p044_loss_large__content_region__lpips,lama__canonical__canonical__p044_loss_large,lama__canonical__canonical__p044_loss_large,canonical__p044_loss_large,canonical__p044_loss_large,canonical,p044,high_texture_brushwork,Versailles,Auguste Renoir,Impressionism,lama,loss_large,p044_loss_large,False,content_region,492288,57276,0.255513,0.060028,0.195484,alex,256,ok,
lama__canonical__canonical__p044_loss_large__full_image__lpips,lama__canonical__canonical__p044_loss_large,lama__canonical__canonical__p044_loss_large,canonical__p044_loss_large,canonical__p044_loss_large,canonical,p044,high_texture_brushwork,Versailles,Auguste Renoir,Impressionism,lama,loss_large,p044_loss_large,False,full_image,589824,57276,0.214427,0.049752,0.164675,alex,256,ok,
lama__canonical__canonical__p044_loss_large__mask_bbox_crop__lpips,lama__canonical__canonical__p044_loss_large,lama__canonical__canonical__p044_loss_large,canonical__p044_loss_large,canonical__p044_loss_large,canonical,p044,high_texture_brushwork,Versailles,Auguste Renoir,Impressionism,lama,loss_large,p044_loss_large,False,mask_bbox_crop,106276,57276,0.766593,0.235461,0.531132,alex,256,ok,
lama__canonical__canonical__p044_loss_small__content_region__lpips,lama__canonical__canonical__p044_loss_small,lama__canonical__canonical__p044_loss_small,canonical__p044_loss_small,canonical__p044_loss_small,canonical,p044,high_texture_brushwork,Versailles,Auguste Renoir,Impressionism,lama,loss_small,p044_loss_small,False,content_region,492288,19904,0.160796,0.004824,0.155972,alex,256,ok,
lama__canonical__canonical__p044_loss_small__full_image__lpips,lama__canonical__canonical__p044_loss_small,lama__canonical__canonical__p044_loss_small,canonical__p044_loss_small,canonical__p044_loss_small,canonical,p044,high_texture_brushwork,Versailles,Auguste Renoir,Impressionism,lama,loss_small,p044_loss_small,False,full_image,589824,19904,0.132325,0.004627,0.127698,alex,256,ok,
lama__canonical__canonical__p044_loss_small__mask_bbox_crop__lpips,lama__canonical__canonical__p044_loss_small,lama__canonical__canonical__p044_loss_small,canonical__p044_loss_small,canonical__p044_loss_small,canonical,p044,high_texture_brushwork,Versailles,Auguste Renoir,Impressionism,lama,loss_small,p044_loss_small,False,mask_bbox_crop,332929,19904,0.217832,0.009952,0.20788,alex,256,ok,
lama__canonical__canonical__p044_mixed_damage__content_region__lpips,lama__canonical__canonical__p044_mixed_damage,lama__canonical__canonical__p044_mixed_damage,canonical__p044_mixed_damage,canonical__p044_mixed_damage,canonical,p044,high_texture_brushwork,Versailles,Auguste Renoir,Impressionism,lama,mixed_damage,p044_mixed_damage,False,content_region,492288,42711,0.425581,0.030848,0.394733,alex,256,ok,
lama__canonical__canonical__p044_mixed_damage__full_image__lpips,lama__canonical__canonical__p044_mixed_damage,lama__canonical__canonical__p044_mixed_damage,canonical__p044_mixed_damage,canonical__p044_mixed_damage,canonical,p044,high_texture_brushwork,Versailles,Auguste Renoir,Impressionism,lama,mixed_damage,p044_mixed_damage,False,full_image,589824,42711,0.375486,0.022046,0.35344,alex,256,ok,
lama__canonical__canonical__p044_mixed_damage__mask_bbox_crop__lpips,lama__canonical__canonical__p044_mixed_damage,lama__canonical__canonical__p044_mixed_damage,canonical__p044_mixed_damage,canonical__p044_mixed_damage,canonical,p044,high_texture_brushwork,Versailles,Auguste Renoir,Impressionism,lama,mixed_damage,p044_mixed_damage,False,mask_bbox_crop,589824,42711,0.375486,0.022046,0.35344,alex,256,ok,
lama__canonical__canonical__p044_scratch_thin__content_region__lpips,lama__canonical__canonical__p044_scratch_thin,lama__canonical__canonical__p044_scratch_thin,canonical__p044_scratch_thin,canonical__p044_scratch_thin,canonical,p044,high_texture_brushwork,Versailles,Auguste Renoir,Impressionism,lama,scratch_thin,p044_scratch_thin,False,content_region,492288,7833,0.299716,0.000656,0.29906,alex,256,ok,
lama__canonical__canonical__p044_scratch_thin__full_image__lpips,lama__canonical__canonical__p044_scratch_thin,lama__canonical__canonical__p044_scratch_thin,canonical__p044_scratch_thin,canonical__p044_scratch_thin,canonical,p044,high_texture_brushwork,Versailles,Auguste Renoir,Impressionism,lama,scratch_thin,p044_scratch_thin,False,full_image,589824,7833,0.278477,0.000515,0.277963,alex,256,ok,
lama__canonical__canonical__p044_scratch_thin__mask_bbox_crop__lpips,lama__canonical__canonical__p044_scratch_thin,lama__canonical__canonical__p044_scratch_thin,canonical__p044_scratch_thin,canonical__p044_scratch_thin,canonical,p044,high_texture_brushwork,Versailles,Auguste Renoir,Impressionism,lama,scratch_thin,p044_scratch_thin,False,mask_bbox_crop,589824,7833,0.278477,0.000515,0.277963,alex,256,ok,
lama__canonical__canonical__p044_zero_control__content_region__lpips,lama__canonical__canonical__p044_zero_control,lama__canonical__canonical__p044_zero_control,canonical__p044_zero_control,canonical__p044_zero_control,canonical,p044,high_texture_brushwork,Versailles,Auguste Renoir,Impressionism,lama,zero_control,p044_zero_control,True,content_region,492288,0,0.0,0.0,0.0,alex,256,ok,
lama__canonical__canonical__p044_zero_control__full_image__lpips,lama__canonical__canonical__p044_zero_control,lama__canonical__canonical__p044_zero_control,canonical__p044_zero_control,canonical__p044_zero_control,canonical,p044,high_texture_brushwork,Versailles,Auguste Renoir,Impressionism,lama,zero_control,p044_zero_control,True,full_image,589824,0,0.0,0.0,0.0,alex,256,ok,
lama__canonical__canonical__p045_loss_large__content_region__lpips,lama__canonical__canonical__p045_loss_large,lama__canonical__canonical__p045_loss_large,canonical__p045_loss_large,canonical__p045_loss_large,canonical,p045,high_texture_brushwork,Two Girls with Parasols,John Singer Sargent,Impressionist outdoor figure painting,lama,loss_large,p045_loss_large,False,content_region,492288,53249,0.16788,0.070923,0.096958,alex,256,ok,
lama__canonical__canonical__p045_loss_large__full_image__lpips,lama__canonical__canonical__p045_loss_large,lama__canonical__canonical__p045_loss_large,canonical__p045_loss_large,canonical__p045_loss_large,canonical,p045,high_texture_brushwork,Two Girls with Parasols,John Singer Sargent,Impressionist outdoor figure painting,lama,loss_large,p045_loss_large,False,full_image,589824,53249,0.137053,0.055663,0.08139,alex,256,ok,
lama__canonical__canonical__p045_loss_large__mask_bbox_crop__lpips,lama__canonical__canonical__p045_loss_large,lama__canonical__canonical__p045_loss_large,canonical__p045_loss_large,canonical__p045_loss_large,canonical,p045,high_texture_brushwork,Two Girls with Parasols,John Singer Sargent,Impressionist outdoor figure painting,lama,loss_large,p045_loss_large,False,mask_bbox_crop,107584,53249,0.544877,0.281347,0.26353,alex,256,ok,
lama__canonical__canonical__p045_loss_small__content_region__lpips,lama__canonical__canonical__p045_loss_small,lama__canonical__canonical__p045_loss_small,canonical__p045_loss_small,canonical__p045_loss_small,canonical,p045,high_texture_brushwork,Two Girls with Parasols,John Singer Sargent,Impressionist outdoor figure painting,lama,loss_small,p045_loss_small,False,content_region,492288,21737,0.149612,0.017686,0.131926,alex,256,ok,
lama__canonical__canonical__p045_loss_small__full_image__lpips,lama__canonical__canonical__p045_loss_small,lama__canonical__canonical__p045_loss_small,canonical__p045_loss_small,canonical__p045_loss_small,canonical,p045,high_texture_brushwork,Two Girls with Parasols,John Singer Sargent,Impressionist outdoor figure painting,lama,loss_small,p045_loss_small,False,full_image,589824,21737,0.126792,0.014032,0.112759,alex,256,ok,
lama__canonical__canonical__p045_loss_small__mask_bbox_crop__lpips,lama__canonical__canonical__p045_loss_small,lama__canonical__canonical__p045_loss_small,canonical__p045_loss_small,canonical__p045_loss_small,canonical,p045,high_texture_brushwork,Two Girls with Parasols,John Singer Sargent,Impressionist outdoor figure painting,lama,loss_small,p045_loss_small,False,mask_bbox_crop,292681,21737,0.20848,0.026335,0.182145,alex,256,ok,
lama__canonical__canonical__p045_mixed_damage__content_region__lpips,lama__canonical__canonical__p045_mixed_damage,lama__canonical__canonical__p045_mixed_damage,canonical__p045_mixed_damage,canonical__p045_mixed_damage,canonical,p045,high_texture_brushwork,Two Girls with Parasols,John Singer Sargent,Impressionist outdoor figure painting,lama,mixed_damage,p045_mixed_damage,False,content_region,492288,40681,0.297086,0.032379,0.264708,alex,256,ok,
lama__canonical__canonical__p045_mixed_damage__full_image__lpips,lama__canonical__canonical__p045_mixed_damage,lama__canonical__canonical__p045_mixed_damage,canonical__p045_mixed_damage,canonical__p045_mixed_damage,canonical,p045,high_texture_brushwork,Two Girls with Parasols,John Singer Sargent,Impressionist outdoor figure painting,lama,mixed_damage,p045_mixed_damage,False,full_image,589824,40681,0.272347,0.026758,0.245589,alex,256,ok,
lama__canonical__canonical__p045_mixed_damage__mask_bbox_crop__lpips,lama__canonical__canonical__p045_mixed_damage,lama__canonical__canonical__p045_mixed_damage,canonical__p045_mixed_damage,canonical__p045_mixed_damage,canonical,p045,high_texture_brushwork,Two Girls with Parasols,John Singer Sargent,Impressionist outdoor figure painting,lama,mixed_damage,p045_mixed_damage,False,mask_bbox_crop,589824,40681,0.272347,0.026758,0.245589,alex,256,ok,
lama__canonical__canonical__p045_scratch_thin__content_region__lpips,lama__canonical__canonical__p045_scratch_thin,lama__canonical__canonical__p045_scratch_thin,canonical__p045_scratch_thin,canonical__p045_scratch_thin,canonical,p045,high_texture_brushwork,Two Girls with Parasols,John Singer Sargent,Impressionist outdoor figure painting,lama,scratch_thin,p045_scratch_thin,False,content_region,492288,11850,0.2873,0.001681,0.285618,alex,256,ok,
lama__canonical__canonical__p045_scratch_thin__full_image__lpips,lama__canonical__canonical__p045_scratch_thin,lama__canonical__canonical__p045_scratch_thin,canonical__p045_scratch_thin,canonical__p045_scratch_thin,canonical,p045,high_texture_brushwork,Two Girls with Parasols,John Singer Sargent,Impressionist outdoor figure painting,lama,scratch_thin,p045_scratch_thin,False,full_image,589824,11850,0.273965,0.001979,0.271986,alex,256,ok,
lama__canonical__canonical__p045_scratch_thin__mask_bbox_crop__lpips,lama__canonical__canonical__p045_scratch_thin,lama__canonical__canonical__p045_scratch_thin,canonical__p045_scratch_thin,canonical__p045_scratch_thin,canonical,p045,high_texture_brushwork,Two Girls with Parasols,John Singer Sargent,Impressionist outdoor figure painting,lama,scratch_thin,p045_scratch_thin,False,mask_bbox_crop,589824,11850,0.273965,0.001979,0.271986,alex,256,ok,
lama__canonical__canonical__p045_zero_control__content_region__lpips,lama__canonical__canonical__p045_zero_control,lama__canonical__canonical__p045_zero_control,canonical__p045_zero_control,canonical__p045_zero_control,canonical,p045,high_texture_brushwork,Two Girls with Parasols,John Singer Sargent,Impressionist outdoor figure painting,lama,zero_control,p045_zero_control,True,content_region,492288,0,0.0,0.0,0.0,alex,256,ok,
lama__canonical__canonical__p045_zero_control__full_image__lpips,lama__canonical__canonical__p045_zero_control,lama__canonical__canonical__p045_zero_control,canonical__p045_zero_control,canonical__p045_zero_control,canonical,p045,high_texture_brushwork,Two Girls with Parasols,John Singer Sargent,Impressionist outdoor figure painting,lama,zero_control,p045_zero_control,True,full_image,589824,0,0.0,0.0,0.0,alex,256,ok,
lama__canonical__canonical__p046_loss_large__content_region__lpips,lama__canonical__canonical__p046_loss_large,lama__canonical__canonical__p046_loss_large,canonical__p046_loss_large,canonical__p046_loss_large,canonical,p046,high_texture_brushwork,Boating,Édouard Manet,Impressionism / modern French painting,lama,loss_large,p046_loss_large,False,content_region,450048,47717,0.169802,0.033002,0.136801,alex,256,ok,
lama__canonical__canonical__p046_loss_large__full_image__lpips,lama__canonical__canonical__p046_loss_large,lama__canonical__canonical__p046_loss_large,canonical__p046_loss_large,canonical__p046_loss_large,canonical,p046,high_texture_brushwork,Boating,Édouard Manet,Impressionism / modern French painting,lama,loss_large,p046_loss_large,False,full_image,589824,47717,0.129794,0.025003,0.104791,alex,256,ok,
lama__canonical__canonical__p046_loss_large__mask_bbox_crop__lpips,lama__canonical__canonical__p046_loss_large,lama__canonical__canonical__p046_loss_large,canonical__p046_loss_large,canonical__p046_loss_large,canonical,p046,high_texture_brushwork,Boating,Édouard Manet,Impressionism / modern French painting,lama,loss_large,p046_loss_large,False,mask_bbox_crop,105625,47717,0.557191,0.144326,0.412866,alex,256,ok,
lama__canonical__canonical__p046_loss_small__content_region__lpips,lama__canonical__canonical__p046_loss_small,lama__canonical__canonical__p046_loss_small,canonical__p046_loss_small,canonical__p046_loss_small,canonical,p046,high_texture_brushwork,Boating,Édouard Manet,Impressionism / modern French painting,lama,loss_small,p046_loss_small,False,content_region,450048,20189,0.134556,0.011591,0.122965,alex,256,ok,
lama__canonical__canonical__p046_loss_small__full_image__lpips,lama__canonical__canonical__p046_loss_small,lama__canonical__canonical__p046_loss_small,canonical__p046_loss_small,canonical__p046_loss_small,canonical,p046,high_texture_brushwork,Boating,Édouard Manet,Impressionism / modern French painting,lama,loss_small,p046_loss_small,False,full_image,589824,20189,0.107379,0.008669,0.09871,alex,256,ok,
lama__canonical__canonical__p046_loss_small__mask_bbox_crop__lpips,lama__canonical__canonical__p046_loss_small,lama__canonical__canonical__p046_loss_small,canonical__p046_loss_small,canonical__p046_loss_small,canonical,p046,high_texture_brushwork,Boating,Édouard Manet,Impressionism / modern French painting,lama,loss_small,p046_loss_small,False,mask_bbox_crop,299209,20189,0.158872,0.014502,0.14437,alex,256,ok,
lama__canonical__canonical__p046_mixed_damage__content_region__lpips,lama__canonical__canonical__p046_mixed_damage,lama__canonical__canonical__p046_mixed_damage,canonical__p046_mixed_damage,canonical__p046_mixed_damage,canonical,p046,high_texture_brushwork,Boating,Édouard Manet,Impressionism / modern French painting,lama,mixed_damage,p046_mixed_damage,False,content_region,450048,46483,0.41281,0.012183,0.400627,alex,256,ok,
lama__canonical__canonical__p046_mixed_damage__full_image__lpips,lama__canonical__canonical__p046_mixed_damage,lama__canonical__canonical__p046_mixed_damage,canonical__p046_mixed_damage,canonical__p046_mixed_damage,canonical,p046,high_texture_brushwork,Boating,Édouard Manet,Impressionism / modern French painting,lama,mixed_damage,p046_mixed_damage,False,full_image,589824,46483,0.345721,0.008107,0.337614,alex,256,ok,
lama__canonical__canonical__p046_mixed_damage__mask_bbox_crop__lpips,lama__canonical__canonical__p046_mixed_damage,lama__canonical__canonical__p046_mixed_damage,canonical__p046_mixed_damage,canonical__p046_mixed_damage,canonical,p046,high_texture_brushwork,Boating,Édouard Manet,Impressionism / modern French painting,lama,mixed_damage,p046_mixed_damage,False,mask_bbox_crop,589824,46483,0.345721,0.008107,0.337614,alex,256,ok,
lama__canonical__canonical__p046_scratch_thin__content_region__lpips,lama__canonical__canonical__p046_scratch_thin,lama__canonical__canonical__p046_scratch_thin,canonical__p046_scratch_thin,canonical__p046_scratch_thin,canonical,p046,high_texture_brushwork,Boating,Édouard Manet,Impressionism / modern French painting,lama,scratch_thin,p046_scratch_thin,False,content_region,450048,8893,0.235306,0.001128,0.234178,alex,256,ok,
lama__canonical__canonical__p046_scratch_thin__full_image__lpips,lama__canonical__canonical__p046_scratch_thin,lama__canonical__canonical__p046_scratch_thin,canonical__p046_scratch_thin,canonical__p046_scratch_thin,canonical,p046,high_texture_brushwork,Boating,Édouard Manet,Impressionism / modern French painting,lama,scratch_thin,p046_scratch_thin,False,full_image,589824,8893,0.219822,0.000955,0.218867,alex,256,ok,
lama__canonical__canonical__p046_scratch_thin__mask_bbox_crop__lpips,lama__canonical__canonical__p046_scratch_thin,lama__canonical__canonical__p046_scratch_thin,canonical__p046_scratch_thin,canonical__p046_scratch_thin,canonical,p046,high_texture_brushwork,Boating,Édouard Manet,Impressionism / modern French painting,lama,scratch_thin,p046_scratch_thin,False,mask_bbox_crop,589824,8893,0.219822,0.000955,0.218867,alex,256,ok,
lama__canonical__canonical__p046_zero_control__content_region__lpips,lama__canonical__canonical__p046_zero_control,lama__canonical__canonical__p046_zero_control,canonical__p046_zero_control,canonical__p046_zero_control,canonical,p046,high_texture_brushwork,Boating,Édouard Manet,Impressionism / modern French painting,lama,zero_control,p046_zero_control,True,content_region,450048,0,0.0,0.0,0.0,alex,256,ok,
lama__canonical__canonical__p046_zero_control__full_image__lpips,lama__canonical__canonical__p046_zero_control,lama__canonical__canonical__p046_zero_control,canonical__p046_zero_control,canonical__p046_zero_control,canonical,p046,high_texture_brushwork,Boating,Édouard Manet,Impressionism / modern French painting,lama,zero_control,p046_zero_control,True,full_image,589824,0,0.0,0.0,0.0,alex,256,ok,
lama__canonical__canonical__p047_loss_large__content_region__lpips,lama__canonical__canonical__p047_loss_large,lama__canonical__canonical__p047_loss_large,canonical__p047_loss_large,canonical__p047_loss_large,canonical,p047,high_texture_brushwork,The Dance Class,Edgar Degas,Impressionism,lama,loss_large,p047_loss_large,False,content_region,546816,70753,0.255958,0.064255,0.191703,alex,256,ok,
lama__canonical__canonical__p047_loss_large__full_image__lpips,lama__canonical__canonical__p047_loss_large,lama__canonical__canonical__p047_loss_large,canonical__p047_loss_large,canonical__p047_loss_large,canonical,p047,high_texture_brushwork,The Dance Class,Edgar Degas,Impressionism,lama,loss_large,p047_loss_large,False,full_image,589824,70753,0.243825,0.062864,0.180961,alex,256,ok,
lama__canonical__canonical__p047_loss_large__mask_bbox_crop__lpips,lama__canonical__canonical__p047_loss_large,lama__canonical__canonical__p047_loss_large,canonical__p047_loss_large,canonical__p047_loss_large,canonical,p047,high_texture_brushwork,The Dance Class,Edgar Degas,Impressionism,lama,loss_large,p047_loss_large,False,mask_bbox_crop,297025,70753,0.386189,0.115892,0.270296,alex,256,ok,
lama__canonical__canonical__p047_loss_small__content_region__lpips,lama__canonical__canonical__p047_loss_small,lama__canonical__canonical__p047_loss_small,canonical__p047_loss_small,canonical__p047_loss_small,canonical,p047,high_texture_brushwork,The Dance Class,Edgar Degas,Impressionism,lama,loss_small,p047_loss_small,False,content_region,546816,17490,0.155088,0.006011,0.149077,alex,256,ok,
lama__canonical__canonical__p047_loss_small__full_image__lpips,lama__canonical__canonical__p047_loss_small,lama__canonical__canonical__p047_loss_small,canonical__p047_loss_small,canonical__p047_loss_small,canonical,p047,high_texture_brushwork,The Dance Class,Edgar Degas,Impressionism,lama,loss_small,p047_loss_small,False,full_image,589824,17490,0.146616,0.006556,0.14006,alex,256,ok,
lama__canonical__canonical__p047_loss_small__mask_bbox_crop__lpips,lama__canonical__canonical__p047_loss_small,lama__canonical__canonical__p047_loss_small,canonical__p047_loss_small,canonical__p047_loss_small,canonical,p047,high_texture_brushwork,The Dance Class,Edgar Degas,Impressionism,lama,loss_small,p047_loss_small,False,mask_bbox_crop,391876,17490,0.172798,0.007267,0.165531,alex,256,ok,
lama__canonical__canonical__p047_mixed_damage__content_region__lpips,lama__canonical__canonical__p047_mixed_damage,lama__canonical__canonical__p047_mixed_damage,canonical__p047_mixed_damage,canonical__p047_mixed_damage,canonical,p047,high_texture_brushwork,The Dance Class,Edgar Degas,Impressionism,lama,mixed_damage,p047_mixed_damage,False,content_region,546816,48787,0.396853,0.009849,0.387003,alex,256,ok,
lama__canonical__canonical__p047_mixed_damage__full_image__lpips,lama__canonical__canonical__p047_mixed_damage,lama__canonical__canonical__p047_mixed_damage,canonical__p047_mixed_damage,canonical__p047_mixed_damage,canonical,p047,high_texture_brushwork,The Dance Class,Edgar Degas,Impressionism,lama,mixed_damage,p047_mixed_damage,False,full_image,589824,48787,0.395855,0.008884,0.386972,alex,256,ok,
lama__canonical__canonical__p047_mixed_damage__mask_bbox_crop__lpips,lama__canonical__canonical__p047_mixed_damage,lama__canonical__canonical__p047_mixed_damage,canonical__p047_mixed_damage,canonical__p047_mixed_damage,canonical,p047,high_texture_brushwork,The Dance Class,Edgar Degas,Impressionism,lama,mixed_damage,p047_mixed_damage,False,mask_bbox_crop,589824,48787,0.395855,0.008884,0.386972,alex,256,ok,
lama__canonical__canonical__p047_scratch_thin__content_region__lpips,lama__canonical__canonical__p047_scratch_thin,lama__canonical__canonical__p047_scratch_thin,canonical__p047_scratch_thin,canonical__p047_scratch_thin,canonical,p047,high_texture_brushwork,The Dance Class,Edgar Degas,Impressionism,lama,scratch_thin,p047_scratch_thin,False,content_region,546816,13684,0.364154,0.001291,0.362863,alex,256,ok,
lama__canonical__canonical__p047_scratch_thin__full_image__lpips,lama__canonical__canonical__p047_scratch_thin,lama__canonical__canonical__p047_scratch_thin,canonical__p047_scratch_thin,canonical__p047_scratch_thin,canonical,p047,high_texture_brushwork,The Dance Class,Edgar Degas,Impressionism,lama,scratch_thin,p047_scratch_thin,False,full_image,589824,13684,0.358908,0.001183,0.357725,alex,256,ok,
lama__canonical__canonical__p047_scratch_thin__mask_bbox_crop__lpips,lama__canonical__canonical__p047_scratch_thin,lama__canonical__canonical__p047_scratch_thin,canonical__p047_scratch_thin,canonical__p047_scratch_thin,canonical,p047,high_texture_brushwork,The Dance Class,Edgar Degas,Impressionism,lama,scratch_thin,p047_scratch_thin,False,mask_bbox_crop,589824,13684,0.358908,0.001183,0.357725,alex,256,ok,
lama__canonical__canonical__p047_zero_control__content_region__lpips,lama__canonical__canonical__p047_zero_control,lama__canonical__canonical__p047_zero_control,canonical__p047_zero_control,canonical__p047_zero_control,canonical,p047,high_texture_brushwork,The Dance Class,Edgar Degas,Impressionism,lama,zero_control,p047_zero_control,True,content_region,546816,0,0.0,0.0,0.0,alex,256,ok,
lama__canonical__canonical__p047_zero_control__full_image__lpips,lama__canonical__canonical__p047_zero_control,lama__canonical__canonical__p047_zero_control,canonical__p047_zero_control,canonical__p047_zero_control,canonical,p047,high_texture_brushwork,The Dance Class,Edgar Degas,Impressionism,lama,zero_control,p047_zero_control,True,full_image,589824,0,0.0,0.0,0.0,alex,256,ok,
lama__canonical__canonical__p048_loss_large__content_region__lpips,lama__canonical__canonical__p048_loss_large,lama__canonical__canonical__p048_loss_large,canonical__p048_loss_large,canonical__p048_loss_large,canonical,p048,high_texture_brushwork,A Farm in Brittany,Paul Gauguin,Post-Impressionism,lama,loss_large,p048_loss_large,False,content_region,470784,69776,0.248012,0.087256,0.160755,alex,256,ok,
lama__canonical__canonical__p048_loss_large__full_image__lpips,lama__canonical__canonical__p048_loss_large,lama__canonical__canonical__p048_loss_large,canonical__p048_loss_large,canonical__p048_loss_large,canonical,p048,high_texture_brushwork,A Farm in Brittany,Paul Gauguin,Post-Impressionism,lama,loss_large,p048_loss_large,False,full_image,589824,69776,0.202202,0.068959,0.133243,alex,256,ok,
lama__canonical__canonical__p048_loss_large__mask_bbox_crop__lpips,lama__canonical__canonical__p048_loss_large,lama__canonical__canonical__p048_loss_large,canonical__p048_loss_large,canonical__p048_loss_large,canonical,p048,high_texture_brushwork,A Farm in Brittany,Paul Gauguin,Post-Impressionism,lama,loss_large,p048_loss_large,False,mask_bbox_crop,156025,69776,0.591812,0.26825,0.323562,alex,256,ok,
lama__canonical__canonical__p048_loss_small__content_region__lpips,lama__canonical__canonical__p048_loss_small,lama__canonical__canonical__p048_loss_small,canonical__p048_loss_small,canonical__p048_loss_small,canonical,p048,high_texture_brushwork,A Farm in Brittany,Paul Gauguin,Post-Impressionism,lama,loss_small,p048_loss_small,False,content_region,470784,18114,0.134746,0.013464,0.121282,alex,256,ok,
lama__canonical__canonical__p048_loss_small__full_image__lpips,lama__canonical__canonical__p048_loss_small,lama__canonical__canonical__p048_loss_small,canonical__p048_loss_small,canonical__p048_loss_small,canonical,p048,high_texture_brushwork,A Farm in Brittany,Paul Gauguin,Post-Impressionism,lama,loss_small,p048_loss_small,False,full_image,589824,18114,0.111278,0.010406,0.100872,alex,256,ok,
lama__canonical__canonical__p048_loss_small__mask_bbox_crop__lpips,lama__canonical__canonical__p048_loss_small,lama__canonical__canonical__p048_loss_small,canonical__p048_loss_small,canonical__p048_loss_small,canonical,p048,high_texture_brushwork,A Farm in Brittany,Paul Gauguin,Post-Impressionism,lama,loss_small,p048_loss_small,False,mask_bbox_crop,142129,18114,0.316063,0.044351,0.271712,alex,256,ok,
lama__canonical__canonical__p048_mixed_damage__content_region__lpips,lama__canonical__canonical__p048_mixed_damage,lama__canonical__canonical__p048_mixed_damage,canonical__p048_mixed_damage,canonical__p048_mixed_damage,canonical,p048,high_texture_brushwork,A Farm in Brittany,Paul Gauguin,Post-Impressionism,lama,mixed_damage,p048_mixed_damage,False,content_region,470784,41222,0.344036,0.021679,0.322357,alex,256,ok,
lama__canonical__canonical__p048_mixed_damage__full_image__lpips,lama__canonical__canonical__p048_mixed_damage,lama__canonical__canonical__p048_mixed_damage,canonical__p048_mixed_damage,canonical__p048_mixed_damage,canonical,p048,high_texture_brushwork,A Farm in Brittany,Paul Gauguin,Post-Impressionism,lama,mixed_damage,p048_mixed_damage,False,full_image,589824,41222,0.271433,0.017695,0.253738,alex,256,ok,
lama__canonical__canonical__p048_mixed_damage__mask_bbox_crop__lpips,lama__canonical__canonical__p048_mixed_damage,lama__canonical__canonical__p048_mixed_damage,canonical__p048_mixed_damage,canonical__p048_mixed_damage,canonical,p048,high_texture_brushwork,A Farm in Brittany,Paul Gauguin,Post-Impressionism,lama,mixed_damage,p048_mixed_damage,False,mask_bbox_crop,589824,41222,0.271433,0.017695,0.253738,alex,256,ok,
lama__canonical__canonical__p048_scratch_thin__content_region__lpips,lama__canonical__canonical__p048_scratch_thin,lama__canonical__canonical__p048_scratch_thin,canonical__p048_scratch_thin,canonical__p048_scratch_thin,canonical,p048,high_texture_brushwork,A Farm in Brittany,Paul Gauguin,Post-Impressionism,lama,scratch_thin,p048_scratch_thin,False,content_region,470784,8085,0.278333,0.0009,0.277432,alex,256,ok,
lama__canonical__canonical__p048_scratch_thin__full_image__lpips,lama__canonical__canonical__p048_scratch_thin,lama__canonical__canonical__p048_scratch_thin,canonical__p048_scratch_thin,canonical__p048_scratch_thin,canonical,p048,high_texture_brushwork,A Farm in Brittany,Paul Gauguin,Post-Impressionism,lama,scratch_thin,p048_scratch_thin,False,full_image,589824,8085,0.232961,0.000668,0.232292,alex,256,ok,
lama__canonical__canonical__p048_scratch_thin__mask_bbox_crop__lpips,lama__canonical__canonical__p048_scratch_thin,lama__canonical__canonical__p048_scratch_thin,canonical__p048_scratch_thin,canonical__p048_scratch_thin,canonical,p048,high_texture_brushwork,A Farm in Brittany,Paul Gauguin,Post-Impressionism,lama,scratch_thin,p048_scratch_thin,False,mask_bbox_crop,589824,8085,0.232961,0.000668,0.232292,alex,256,ok,
lama__canonical__canonical__p048_zero_control__content_region__lpips,lama__canonical__canonical__p048_zero_control,lama__canonical__canonical__p048_zero_control,canonical__p048_zero_control,canonical__p048_zero_control,canonical,p048,high_texture_brushwork,A Farm in Brittany,Paul Gauguin,Post-Impressionism,lama,zero_control,p048_zero_control,True,content_region,470784,0,0.0,0.0,0.0,alex,256,ok,
lama__canonical__canonical__p048_zero_control__full_image__lpips,lama__canonical__canonical__p048_zero_control,lama__canonical__canonical__p048_zero_control,canonical__p048_zero_control,canonical__p048_zero_control,canonical,p048,high_texture_brushwork,A Farm in Brittany,Paul Gauguin,Post-Impressionism,lama,zero_control,p048_zero_control,True,full_image,589824,0,0.0,0.0,0.0,alex,256,ok,
lama__canonical__canonical__p049_loss_large__content_region__lpips,lama__canonical__canonical__p049_loss_large,lama__canonical__canonical__p049_loss_large,canonical__p049_loss_large,canonical__p049_loss_large,canonical,p049,high_texture_brushwork,Peonies,Édouard Manet,Modern French painting,lama,loss_large,p049_loss_large,False,content_region,370944,45001,0.1871,0.059478,0.127623,alex,256,ok,
lama__canonical__canonical__p049_loss_large__full_image__lpips,lama__canonical__canonical__p049_loss_large,lama__canonical__canonical__p049_loss_large,canonical__p049_loss_large,canonical__p049_loss_large,canonical,p049,high_texture_brushwork,Peonies,Édouard Manet,Modern French painting,lama,loss_large,p049_loss_large,False,full_image,589824,45001,0.1196,0.039007,0.080593,alex,256,ok,
lama__canonical__canonical__p049_loss_large__mask_bbox_crop__lpips,lama__canonical__canonical__p049_loss_large,lama__canonical__canonical__p049_loss_large,canonical__p049_loss_large,canonical__p049_loss_large,canonical,p049,high_texture_brushwork,Peonies,Édouard Manet,Modern French painting,lama,loss_large,p049_loss_large,False,mask_bbox_crop,92416,45001,0.553943,0.256024,0.297919,alex,256,ok,
lama__canonical__canonical__p049_loss_small__content_region__lpips,lama__canonical__canonical__p049_loss_small,lama__canonical__canonical__p049_loss_small,canonical__p049_loss_small,canonical__p049_loss_small,canonical,p049,high_texture_brushwork,Peonies,Édouard Manet,Modern French painting,lama,loss_small,p049_loss_small,False,content_region,370944,14475,0.151131,0.007734,0.143397,alex,256,ok,
lama__canonical__canonical__p049_loss_small__full_image__lpips,lama__canonical__canonical__p049_loss_small,lama__canonical__canonical__p049_loss_small,canonical__p049_loss_small,canonical__p049_loss_small,canonical,p049,high_texture_brushwork,Peonies,Édouard Manet,Modern French painting,lama,loss_small,p049_loss_small,False,full_image,589824,14475,0.113011,0.003954,0.109057,alex,256,ok,
lama__canonical__canonical__p049_loss_small__mask_bbox_crop__lpips,lama__canonical__canonical__p049_loss_small,lama__canonical__canonical__p049_loss_small,canonical__p049_loss_small,canonical__p049_loss_small,canonical,p049,high_texture_brushwork,Peonies,Édouard Manet,Modern French painting,lama,loss_small,p049_loss_small,False,mask_bbox_crop,360000,14475,0.135241,0.006912,0.128329,alex,256,ok,
lama__canonical__canonical__p049_mixed_damage__content_region__lpips,lama__canonical__canonical__p049_mixed_damage,lama__canonical__canonical__p049_mixed_damage,canonical__p049_mixed_damage,canonical__p049_mixed_damage,canonical,p049,high_texture_brushwork,Peonies,Édouard Manet,Modern French painting,lama,mixed_damage,p049_mixed_damage,False,content_region,370944,49278,0.416809,0.039431,0.377378,alex,256,ok,
lama__canonical__canonical__p049_mixed_damage__full_image__lpips,lama__canonical__canonical__p049_mixed_damage,lama__canonical__canonical__p049_mixed_damage,canonical__p049_mixed_damage,canonical__p049_mixed_damage,canonical,p049,high_texture_brushwork,Peonies,Édouard Manet,Modern French painting,lama,mixed_damage,p049_mixed_damage,False,full_image,589824,49278,0.333542,0.024737,0.308805,alex,256,ok,
lama__canonical__canonical__p049_mixed_damage__mask_bbox_crop__lpips,lama__canonical__canonical__p049_mixed_damage,lama__canonical__canonical__p049_mixed_damage,canonical__p049_mixed_damage,canonical__p049_mixed_damage,canonical,p049,high_texture_brushwork,Peonies,Édouard Manet,Modern French painting,lama,mixed_damage,p049_mixed_damage,False,mask_bbox_crop,589824,49278,0.333542,0.024737,0.308805,alex,256,ok,
lama__canonical__canonical__p049_scratch_thin__content_region__lpips,lama__canonical__canonical__p049_scratch_thin,lama__canonical__canonical__p049_scratch_thin,canonical__p049_scratch_thin,canonical__p049_scratch_thin,canonical,p049,high_texture_brushwork,Peonies,Édouard Manet,Modern French painting,lama,scratch_thin,p049_scratch_thin,False,content_region,370944,9601,0.338569,0.001132,0.337437,alex,256,ok,
lama__canonical__canonical__p049_scratch_thin__full_image__lpips,lama__canonical__canonical__p049_scratch_thin,lama__canonical__canonical__p049_scratch_thin,canonical__p049_scratch_thin,canonical__p049_scratch_thin,canonical,p049,high_texture_brushwork,Peonies,Édouard Manet,Modern French painting,lama,scratch_thin,p049_scratch_thin,False,full_image,589824,9601,0.301327,0.000734,0.300593,alex,256,ok,
lama__canonical__canonical__p049_scratch_thin__mask_bbox_crop__lpips,lama__canonical__canonical__p049_scratch_thin,lama__canonical__canonical__p049_scratch_thin,canonical__p049_scratch_thin,canonical__p049_scratch_thin,canonical,p049,high_texture_brushwork,Peonies,Édouard Manet,Modern French painting,lama,scratch_thin,p049_scratch_thin,False,mask_bbox_crop,589824,9601,0.301327,0.000734,0.300593,alex,256,ok,
lama__canonical__canonical__p049_zero_control__content_region__lpips,lama__canonical__canonical__p049_zero_control,lama__canonical__canonical__p049_zero_control,canonical__p049_zero_control,canonical__p049_zero_control,canonical,p049,high_texture_brushwork,Peonies,Édouard Manet,Modern French painting,lama,zero_control,p049_zero_control,True,content_region,370944,0,0.0,0.0,0.0,alex,256,ok,
lama__canonical__canonical__p049_zero_control__full_image__lpips,lama__canonical__canonical__p049_zero_control,lama__canonical__canonical__p049_zero_control,canonical__p049_zero_control,canonical__p049_zero_control,canonical,p049,high_texture_brushwork,Peonies,Édouard Manet,Modern French painting,lama,zero_control,p049_zero_control,True,full_image,589824,0,0.0,0.0,0.0,alex,256,ok,
lama__canonical__canonical__p050_loss_large__content_region__lpips,lama__canonical__canonical__p050_loss_large,lama__canonical__canonical__p050_loss_large,canonical__p050_loss_large,canonical__p050_loss_large,canonical,p050,high_texture_brushwork,Landscape with a Sunlit Stream,Charles-François Daubigny,,lama,loss_large,p050_loss_large,False,content_region,446976,54911,0.298585,0.075346,0.223239,alex,256,ok,
lama__canonical__canonical__p050_loss_large__full_image__lpips,lama__canonical__canonical__p050_loss_large,lama__canonical__canonical__p050_loss_large,canonical__p050_loss_large,canonical__p050_loss_large,canonical,p050,high_texture_brushwork,Landscape with a Sunlit Stream,Charles-François Daubigny,,lama,loss_large,p050_loss_large,False,full_image,589824,54911,0.245048,0.057411,0.187637,alex,256,ok,
lama__canonical__canonical__p050_loss_large__mask_bbox_crop__lpips,lama__canonical__canonical__p050_loss_large,lama__canonical__canonical__p050_loss_large,canonical__p050_loss_large,canonical__p050_loss_large,canonical,p050,high_texture_brushwork,Landscape with a Sunlit Stream,Charles-François Daubigny,,lama,loss_large,p050_loss_large,False,mask_bbox_crop,102400,54911,0.749753,0.258415,0.491338,alex,256,ok,
lama__canonical__canonical__p050_loss_small__content_region__lpips,lama__canonical__canonical__p050_loss_small,lama__canonical__canonical__p050_loss_small,canonical__p050_loss_small,canonical__p050_loss_small,canonical,p050,high_texture_brushwork,Landscape with a Sunlit Stream,Charles-François Daubigny,,lama,loss_small,p050_loss_small,False,content_region,446976,18082,0.330461,0.012765,0.317696,alex,256,ok,
lama__canonical__canonical__p050_loss_small__full_image__lpips,lama__canonical__canonical__p050_loss_small,lama__canonical__canonical__p050_loss_small,canonical__p050_loss_small,canonical__p050_loss_small,canonical,p050,high_texture_brushwork,Landscape with a Sunlit Stream,Charles-François Daubigny,,lama,loss_small,p050_loss_small,False,full_image,589824,18082,0.297312,0.010165,0.287147,alex,256,ok,
lama__canonical__canonical__p050_loss_small__mask_bbox_crop__lpips,lama__canonical__canonical__p050_loss_small,lama__canonical__canonical__p050_loss_small,canonical__p050_loss_small,canonical__p050_loss_small,canonical,p050,high_texture_brushwork,Landscape with a Sunlit Stream,Charles-François Daubigny,,lama,loss_small,p050_loss_small,False,mask_bbox_crop,290521,18082,0.374533,0.02289,0.351643,alex,256,ok,
lama__canonical__canonical__p050_mixed_damage__content_region__lpips,lama__canonical__canonical__p050_mixed_damage,lama__canonical__canonical__p050_mixed_damage,canonical__p050_mixed_damage,canonical__p050_mixed_damage,canonical,p050,high_texture_brushwork,Landscape with a Sunlit Stream,Charles-François Daubigny,,lama,mixed_damage,p050_mixed_damage,False,content_region,446976,50756,0.52657,0.035232,0.491338,alex,256,ok,
lama__canonical__canonical__p050_mixed_damage__full_image__lpips,lama__canonical__canonical__p050_mixed_damage,lama__canonical__canonical__p050_mixed_damage,canonical__p050_mixed_damage,canonical__p050_mixed_damage,canonical,p050,high_texture_brushwork,Landscape with a Sunlit Stream,Charles-François Daubigny,,lama,mixed_damage,p050_mixed_damage,False,full_image,589824,50756,0.444659,0.021738,0.422922,alex,256,ok,
lama__canonical__canonical__p050_mixed_damage__mask_bbox_crop__lpips,lama__canonical__canonical__p050_mixed_damage,lama__canonical__canonical__p050_mixed_damage,canonical__p050_mixed_damage,canonical__p050_mixed_damage,canonical,p050,high_texture_brushwork,Landscape with a Sunlit Stream,Charles-François Daubigny,,lama,mixed_damage,p050_mixed_damage,False,mask_bbox_crop,589824,50756,0.444659,0.021738,0.422922,alex,256,ok,
lama__canonical__canonical__p050_scratch_thin__content_region__lpips,lama__canonical__canonical__p050_scratch_thin,lama__canonical__canonical__p050_scratch_thin,canonical__p050_scratch_thin,canonical__p050_scratch_thin,canonical,p050,high_texture_brushwork,Landscape with a Sunlit Stream,Charles-François Daubigny,,lama,scratch_thin,p050_scratch_thin,False,content_region,446976,9208,0.455312,0.003337,0.451975,alex,256,ok,
lama__canonical__canonical__p050_scratch_thin__full_image__lpips,lama__canonical__canonical__p050_scratch_thin,lama__canonical__canonical__p050_scratch_thin,canonical__p050_scratch_thin,canonical__p050_scratch_thin,canonical,p050,high_texture_brushwork,Landscape with a Sunlit Stream,Charles-François Daubigny,,lama,scratch_thin,p050_scratch_thin,False,full_image,589824,9208,0.428585,0.002534,0.426051,alex,256,ok,
lama__canonical__canonical__p050_scratch_thin__mask_bbox_crop__lpips,lama__canonical__canonical__p050_scratch_thin,lama__canonical__canonical__p050_scratch_thin,canonical__p050_scratch_thin,canonical__p050_scratch_thin,canonical,p050,high_texture_brushwork,Landscape with a Sunlit Stream,Charles-François Daubigny,,lama,scratch_thin,p050_scratch_thin,False,mask_bbox_crop,589824,9208,0.428585,0.002534,0.426051,alex,256,ok,
lama__canonical__canonical__p050_zero_control__content_region__lpips,lama__canonical__canonical__p050_zero_control,lama__canonical__canonical__p050_zero_control,canonical__p050_zero_control,canonical__p050_zero_control,canonical,p050,high_texture_brushwork,Landscape with a Sunlit Stream,Charles-François Daubigny,,lama,zero_control,p050_zero_control,True,content_region,446976,0,0.0,0.0,0.0,alex,256,ok,
lama__canonical__canonical__p050_zero_control__full_image__lpips,lama__canonical__canonical__p050_zero_control,lama__canonical__canonical__p050_zero_control,canonical__p050_zero_control,canonical__p050_zero_control,canonical,p050,high_texture_brushwork,Landscape with a Sunlit Stream,Charles-François Daubigny,,lama,zero_control,p050_zero_control,True,full_image,589824,0,0.0,0.0,0.0,alex,256,ok,
lama__damage_size__damage_size__p001__loss_large__size_02pct__content_region__lpips,lama__damage_size__damage_size__p001__loss_large__size_02pct,lama__damage_size__damage_size__p001__loss_large__size_02pct,damage_size__p001__loss_large__size_02pct,damage_size__p001__loss_large__size_02pct,damage_size,p001,portrait_figure,Juan de Pareja,Diego Velázquez,Baroque,lama,,,False,content_region,509184,10169,0.122162,0.005055,0.117107,alex,256,ok,
lama__damage_size__damage_size__p001__loss_large__size_02pct__full_image__lpips,lama__damage_size__damage_size__p001__loss_large__size_02pct,lama__damage_size__damage_size__p001__loss_large__size_02pct,damage_size__p001__loss_large__size_02pct,damage_size__p001__loss_large__size_02pct,damage_size,p001,portrait_figure,Juan de Pareja,Diego Velázquez,Baroque,lama,,,False,full_image,589824,10169,0.112988,0.003787,0.109201,alex,256,ok,
lama__damage_size__damage_size__p001__loss_large__size_02pct__mask_bbox_crop__lpips,lama__damage_size__damage_size__p001__loss_large__size_02pct,lama__damage_size__damage_size__p001__loss_large__size_02pct,damage_size__p001__loss_large__size_02pct,damage_size__p001__loss_large__size_02pct,damage_size,p001,portrait_figure,Juan de Pareja,Diego Velázquez,Baroque,lama,,,False,mask_bbox_crop,32761,10169,0.609372,0.075608,0.533764,alex,256,ok,
lama__damage_size__damage_size__p001__loss_large__size_04pct__content_region__lpips,lama__damage_size__damage_size__p001__loss_large__size_04pct,lama__damage_size__damage_size__p001__loss_large__size_04pct,damage_size__p001__loss_large__size_04pct,damage_size__p001__loss_large__size_04pct,damage_size,p001,portrait_figure,Juan de Pareja,Diego Velázquez,Baroque,lama,,,False,content_region,509184,20290,0.171165,0.013808,0.157357,alex,256,ok,
lama__damage_size__damage_size__p001__loss_large__size_04pct__full_image__lpips,lama__damage_size__damage_size__p001__loss_large__size_04pct,lama__damage_size__damage_size__p001__loss_large__size_04pct,damage_size__p001__loss_large__size_04pct,damage_size__p001__loss_large__size_04pct,damage_size,p001,portrait_figure,Juan de Pareja,Diego Velázquez,Baroque,lama,,,False,full_image,589824,20290,0.156245,0.010659,0.145586,alex,256,ok,
lama__damage_size__damage_size__p001__loss_large__size_04pct__mask_bbox_crop__lpips,lama__damage_size__damage_size__p001__loss_large__size_04pct,lama__damage_size__damage_size__p001__loss_large__size_04pct,damage_size__p001__loss_large__size_04pct,damage_size__p001__loss_large__size_04pct,damage_size,p001,portrait_figure,Juan de Pareja,Diego Velázquez,Baroque,lama,,,False,mask_bbox_crop,62001,20290,0.634536,0.108442,0.526094,alex,256,ok,
lama__damage_size__damage_size__p001__loss_large__size_06pct__content_region__lpips,lama__damage_size__damage_size__p001__loss_large__size_06pct,lama__damage_size__damage_size__p001__loss_large__size_06pct,damage_size__p001__loss_large__size_06pct,damage_size__p001__loss_large__size_06pct,damage_size,p001,portrait_figure,Juan de Pareja,Diego Velázquez,Baroque,lama,,,False,content_region,509184,30565,0.213018,0.029839,0.183178,alex,256,ok,
lama__damage_size__damage_size__p001__loss_large__size_06pct__full_image__lpips,lama__damage_size__damage_size__p001__loss_large__size_06pct,lama__damage_size__damage_size__p001__loss_large__size_06pct,damage_size__p001__loss_large__size_06pct,damage_size__p001__loss_large__size_06pct,damage_size,p001,portrait_figure,Juan de Pareja,Diego Velázquez,Baroque,lama,,,False,full_image,589824,30565,0.188685,0.025805,0.16288,alex,256,ok,
lama__damage_size__damage_size__p001__loss_large__size_06pct__mask_bbox_crop__lpips,lama__damage_size__damage_size__p001__loss_large__size_06pct,lama__damage_size__damage_size__p001__loss_large__size_06pct,damage_size__p001__loss_large__size_06pct,damage_size__p001__loss_large__size_06pct,damage_size,p001,portrait_figure,Juan de Pareja,Diego Velázquez,Baroque,lama,,,False,mask_bbox_crop,90601,30565,0.653519,0.14083,0.51269,alex,256,ok,
lama__damage_size__damage_size__p001__loss_large__size_08pct__content_region__lpips,lama__damage_size__damage_size__p001__loss_large__size_08pct,lama__damage_size__damage_size__p001__loss_large__size_08pct,damage_size__p001__loss_large__size_08pct,damage_size__p001__loss_large__size_08pct,damage_size,p001,portrait_figure,Juan de Pareja,Diego Velázquez,Baroque,lama,,,False,content_region,509184,40785,0.252076,0.063886,0.18819,alex,256,ok,
lama__damage_size__damage_size__p001__loss_large__size_08pct__full_image__lpips,lama__damage_size__damage_size__p001__loss_large__size_08pct,lama__damage_size__damage_size__p001__loss_large__size_08pct,damage_size__p001__loss_large__size_08pct,damage_size__p001__loss_large__size_08pct,damage_size,p001,portrait_figure,Juan de Pareja,Diego Velázquez,Baroque,lama,,,False,full_image,589824,40785,0.229539,0.055957,0.173582,alex,256,ok,
lama__damage_size__damage_size__p001__loss_large__size_08pct__mask_bbox_crop__lpips,lama__damage_size__damage_size__p001__loss_large__size_08pct,lama__damage_size__damage_size__p001__loss_large__size_08pct,damage_size__p001__loss_large__size_08pct,damage_size__p001__loss_large__size_08pct,damage_size,p001,portrait_figure,Juan de Pareja,Diego Velázquez,Baroque,lama,,,False,mask_bbox_crop,119716,40785,0.646574,0.230414,0.41616,alex,256,ok,
lama__damage_size__damage_size__p001__loss_large__size_10pct__content_region__lpips,lama__damage_size__damage_size__p001__loss_large__size_10pct,lama__damage_size__damage_size__p001__loss_large__size_10pct,damage_size__p001__loss_large__size_10pct,damage_size__p001__loss_large__size_10pct,damage_size,p001,portrait_figure,Juan de Pareja,Diego Velázquez,Baroque,lama,,,False,content_region,509184,50905,0.283996,0.072529,0.211467,alex,256,ok,
lama__damage_size__damage_size__p001__loss_large__size_10pct__full_image__lpips,lama__damage_size__damage_size__p001__loss_large__size_10pct,lama__damage_size__damage_size__p001__loss_large__size_10pct,damage_size__p001__loss_large__size_10pct,damage_size__p001__loss_large__size_10pct,damage_size,p001,portrait_figure,Juan de Pareja,Diego Velázquez,Baroque,lama,,,False,full_image,589824,50905,0.250512,0.06347,0.187042,alex,256,ok,
lama__damage_size__damage_size__p001__loss_large__size_10pct__mask_bbox_crop__lpips,lama__damage_size__damage_size__p001__loss_large__size_10pct,lama__damage_size__damage_size__p001__loss_large__size_10pct,damage_size__p001__loss_large__size_10pct,damage_size__p001__loss_large__size_10pct,damage_size,p001,portrait_figure,Juan de Pareja,Diego Velázquez,Baroque,lama,,,False,mask_bbox_crop,147456,50905,0.654634,0.21187,0.442764,alex,256,ok,
lama__damage_size__damage_size__p001__loss_large__size_15pct__content_region__lpips,lama__damage_size__damage_size__p001__loss_large__size_15pct,lama__damage_size__damage_size__p001__loss_large__size_15pct,damage_size__p001__loss_large__size_15pct,damage_size__p001__loss_large__size_15pct,damage_size,p001,portrait_figure,Juan de Pareja,Diego Velázquez,Baroque,lama,,,False,content_region,509184,76373,0.339221,0.091813,0.247408,alex,256,ok,
lama__damage_size__damage_size__p001__loss_large__size_15pct__full_image__lpips,lama__damage_size__damage_size__p001__loss_large__size_15pct,lama__damage_size__damage_size__p001__loss_large__size_15pct,damage_size__p001__loss_large__size_15pct,damage_size__p001__loss_large__size_15pct,damage_size,p001,portrait_figure,Juan de Pareja,Diego Velázquez,Baroque,lama,,,False,full_image,589824,76373,0.312199,0.08178,0.230419,alex,256,ok,
lama__damage_size__damage_size__p001__loss_large__size_15pct__mask_bbox_crop__lpips,lama__damage_size__damage_size__p001__loss_large__size_15pct,lama__damage_size__damage_size__p001__loss_large__size_15pct,damage_size__p001__loss_large__size_15pct,damage_size__p001__loss_large__size_15pct,damage_size,p001,portrait_figure,Juan de Pareja,Diego Velázquez,Baroque,lama,,,False,mask_bbox_crop,218089,76373,0.631937,0.195725,0.436212,alex,256,ok,
lama__damage_size__damage_size__p001__loss_large__size_20pct__content_region__lpips,lama__damage_size__damage_size__p001__loss_large__size_20pct,lama__damage_size__damage_size__p001__loss_large__size_20pct,damage_size__p001__loss_large__size_20pct,damage_size__p001__loss_large__size_20pct,damage_size,p001,portrait_figure,Juan de Pareja,Diego Velázquez,Baroque,lama,,,False,content_region,509184,101967,0.380263,0.109287,0.270976,alex,256,ok,
lama__damage_size__damage_size__p001__loss_large__size_20pct__full_image__lpips,lama__damage_size__damage_size__p001__loss_large__size_20pct,lama__damage_size__damage_size__p001__loss_large__size_20pct,damage_size__p001__loss_large__size_20pct,damage_size__p001__loss_large__size_20pct,damage_size,p001,portrait_figure,Juan de Pareja,Diego Velázquez,Baroque,lama,,,False,full_image,589824,101967,0.345903,0.094169,0.251734,alex,256,ok,
lama__damage_size__damage_size__p001__loss_large__size_20pct__mask_bbox_crop__lpips,lama__damage_size__damage_size__p001__loss_large__size_20pct,lama__damage_size__damage_size__p001__loss_large__size_20pct,damage_size__p001__loss_large__size_20pct,damage_size__p001__loss_large__size_20pct,damage_size,p001,portrait_figure,Juan de Pareja,Diego Velázquez,Baroque,lama,,,False,mask_bbox_crop,288369,101967,0.586153,0.188763,0.397389,alex,256,ok,
lama__damage_size__damage_size__p018__loss_large__size_02pct__content_region__lpips,lama__damage_size__damage_size__p018__loss_large__size_02pct,lama__damage_size__damage_size__p018__loss_large__size_02pct,damage_size__p018__loss_large__size_02pct,damage_size__p018__loss_large__size_02pct,damage_size,p018,landscape_natural,Classical Landscape with Figures,Henri Mauperché,,lama,,,False,content_region,389376,7777,0.064272,0.019773,0.044499,alex,256,ok,
lama__damage_size__damage_size__p018__loss_large__size_02pct__full_image__lpips,lama__damage_size__damage_size__p018__loss_large__size_02pct,lama__damage_size__damage_size__p018__loss_large__size_02pct,damage_size__p018__loss_large__size_02pct,damage_size__p018__loss_large__size_02pct,damage_size,p018,landscape_natural,Classical Landscape with Figures,Henri Mauperché,,lama,,,False,full_image,589824,7777,0.043681,0.010052,0.033629,alex,256,ok,
lama__damage_size__damage_size__p018__loss_large__size_02pct__mask_bbox_crop__lpips,lama__damage_size__damage_size__p018__loss_large__size_02pct,lama__damage_size__damage_size__p018__loss_large__size_02pct,damage_size__p018__loss_large__size_02pct,damage_size__p018__loss_large__size_02pct,damage_size,p018,landscape_natural,Classical Landscape with Figures,Henri Mauperché,,lama,,,False,mask_bbox_crop,18225,7777,0.613522,0.267033,0.346489,alex,256,ok,
lama__damage_size__damage_size__p018__loss_large__size_04pct__content_region__lpips,lama__damage_size__damage_size__p018__loss_large__size_04pct,lama__damage_size__damage_size__p018__loss_large__size_04pct,damage_size__p018__loss_large__size_04pct,damage_size__p018__loss_large__size_04pct,damage_size,p018,landscape_natural,Classical Landscape with Figures,Henri Mauperché,,lama,,,False,content_region,389376,15531,0.097889,0.0239,0.073989,alex,256,ok,
lama__damage_size__damage_size__p018__loss_large__size_04pct__full_image__lpips,lama__damage_size__damage_size__p018__loss_large__size_04pct,lama__damage_size__damage_size__p018__loss_large__size_04pct,damage_size__p018__loss_large__size_04pct,damage_size__p018__loss_large__size_04pct,damage_size,p018,landscape_natural,Classical Landscape with Figures,Henri Mauperché,,lama,,,False,full_image,589824,15531,0.068545,0.013345,0.0552,alex,256,ok,
lama__damage_size__damage_size__p018__loss_large__size_04pct__mask_bbox_crop__lpips,lama__damage_size__damage_size__p018__loss_large__size_04pct,lama__damage_size__damage_size__p018__loss_large__size_04pct,damage_size__p018__loss_large__size_04pct,damage_size__p018__loss_large__size_04pct,damage_size,p018,landscape_natural,Classical Landscape with Figures,Henri Mauperché,,lama,,,False,mask_bbox_crop,33489,15531,0.6246,0.236297,0.388302,alex,256,ok,
lama__damage_size__damage_size__p018__loss_large__size_06pct__content_region__lpips,lama__damage_size__damage_size__p018__loss_large__size_06pct,lama__damage_size__damage_size__p018__loss_large__size_06pct,damage_size__p018__loss_large__size_06pct,damage_size__p018__loss_large__size_06pct,damage_size,p018,landscape_natural,Classical Landscape with Figures,Henri Mauperché,,lama,,,False,content_region,389376,23407,0.131102,0.032889,0.098213,alex,256,ok,
lama__damage_size__damage_size__p018__loss_large__size_06pct__full_image__lpips,lama__damage_size__damage_size__p018__loss_large__size_06pct,lama__damage_size__damage_size__p018__loss_large__size_06pct,damage_size__p018__loss_large__size_06pct,damage_size__p018__loss_large__size_06pct,damage_size,p018,landscape_natural,Classical Landscape with Figures,Henri Mauperché,,lama,,,False,full_image,589824,23407,0.086981,0.019798,0.067183,alex,256,ok,
lama__damage_size__damage_size__p018__loss_large__size_06pct__mask_bbox_crop__lpips,lama__damage_size__damage_size__p018__loss_large__size_06pct,lama__damage_size__damage_size__p018__loss_large__size_06pct,damage_size__p018__loss_large__size_06pct,damage_size__p018__loss_large__size_06pct,damage_size,p018,landscape_natural,Classical Landscape with Figures,Henri Mauperché,,lama,,,False,mask_bbox_crop,48841,23407,0.626545,0.22427,0.402275,alex,256,ok,
lama__damage_size__damage_size__p018__loss_large__size_08pct__content_region__lpips,lama__damage_size__damage_size__p018__loss_large__size_08pct,lama__damage_size__damage_size__p018__loss_large__size_08pct,damage_size__p018__loss_large__size_08pct,damage_size__p018__loss_large__size_08pct,damage_size,p018,landscape_natural,Classical Landscape with Figures,Henri Mauperché,,lama,,,False,content_region,389376,31189,0.147861,0.039404,0.108457,alex,256,ok,
lama__damage_size__damage_size__p018__loss_large__size_08pct__full_image__lpips,lama__damage_size__damage_size__p018__loss_large__size_08pct,lama__damage_size__damage_size__p018__loss_large__size_08pct,damage_size__p018__loss_large__size_08pct,damage_size__p018__loss_large__size_08pct,damage_size,p018,landscape_natural,Classical Landscape with Figures,Henri Mauperché,,lama,,,False,full_image,589824,31189,0.102744,0.022105,0.080639,alex,256,ok,
lama__damage_size__damage_size__p018__loss_large__size_08pct__mask_bbox_crop__lpips,lama__damage_size__damage_size__p018__loss_large__size_08pct,lama__damage_size__damage_size__p018__loss_large__size_08pct,damage_size__p018__loss_large__size_08pct,damage_size__p018__loss_large__size_08pct,damage_size,p018,landscape_natural,Classical Landscape with Figures,Henri Mauperché,,lama,,,False,mask_bbox_crop,64009,31189,0.64624,0.218724,0.427516,alex,256,ok,
lama__damage_size__damage_size__p018__loss_large__size_10pct__content_region__lpips,lama__damage_size__damage_size__p018__loss_large__size_10pct,lama__damage_size__damage_size__p018__loss_large__size_10pct,damage_size__p018__loss_large__size_10pct,damage_size__p018__loss_large__size_10pct,damage_size,p018,landscape_natural,Classical Landscape with Figures,Henri Mauperché,,lama,,,False,content_region,389376,38979,0.169,0.045685,0.123315,alex,256,ok,
lama__damage_size__damage_size__p018__loss_large__size_10pct__full_image__lpips,lama__damage_size__damage_size__p018__loss_large__size_10pct,lama__damage_size__damage_size__p018__loss_large__size_10pct,damage_size__p018__loss_large__size_10pct,damage_size__p018__loss_large__size_10pct,damage_size,p018,landscape_natural,Classical Landscape with Figures,Henri Mauperché,,lama,,,False,full_image,589824,38979,0.120067,0.026452,0.093615,alex,256,ok,
lama__damage_size__damage_size__p018__loss_large__size_10pct__mask_bbox_crop__lpips,lama__damage_size__damage_size__p018__loss_large__size_10pct,lama__damage_size__damage_size__p018__loss_large__size_10pct,damage_size__p018__loss_large__size_10pct,damage_size__p018__loss_large__size_10pct,damage_size,p018,landscape_natural,Classical Landscape with Figures,Henri Mauperché,,lama,,,False,mask_bbox_crop,78961,38979,0.651564,0.233387,0.418177,alex,256,ok,
lama__damage_size__damage_size__p018__loss_large__size_15pct__content_region__lpips,lama__damage_size__damage_size__p018__loss_large__size_15pct,lama__damage_size__damage_size__p018__loss_large__size_15pct,damage_size__p018__loss_large__size_15pct,damage_size__p018__loss_large__size_15pct,damage_size,p018,landscape_natural,Classical Landscape with Figures,Henri Mauperché,,lama,,,False,content_region,389376,58322,0.20982,0.058039,0.151781,alex,256,ok,
lama__damage_size__damage_size__p018__loss_large__size_15pct__full_image__lpips,lama__damage_size__damage_size__p018__loss_large__size_15pct,lama__damage_size__damage_size__p018__loss_large__size_15pct,damage_size__p018__loss_large__size_15pct,damage_size__p018__loss_large__size_15pct,damage_size,p018,landscape_natural,Classical Landscape with Figures,Henri Mauperché,,lama,,,False,full_image,589824,58322,0.144503,0.033979,0.110524,alex,256,ok,
lama__damage_size__damage_size__p018__loss_large__size_15pct__mask_bbox_crop__lpips,lama__damage_size__damage_size__p018__loss_large__size_15pct,lama__damage_size__damage_size__p018__loss_large__size_15pct,damage_size__p018__loss_large__size_15pct,damage_size__p018__loss_large__size_15pct,damage_size,p018,landscape_natural,Classical Landscape with Figures,Henri Mauperché,,lama,,,False,mask_bbox_crop,115600,58322,0.620538,0.216273,0.404265,alex,256,ok,
lama__damage_size__damage_size__p018__loss_large__size_20pct__content_region__lpips,lama__damage_size__damage_size__p018__loss_large__size_20pct,lama__damage_size__damage_size__p018__loss_large__size_20pct,damage_size__p018__loss_large__size_20pct,damage_size__p018__loss_large__size_20pct,damage_size,p018,landscape_natural,Classical Landscape with Figures,Henri Mauperché,,lama,,,False,content_region,389376,77936,0.254719,0.088622,0.166097,alex,256,ok,
lama__damage_size__damage_size__p018__loss_large__size_20pct__full_image__lpips,lama__damage_size__damage_size__p018__loss_large__size_20pct,lama__damage_size__damage_size__p018__loss_large__size_20pct,damage_size__p018__loss_large__size_20pct,damage_size__p018__loss_large__size_20pct,damage_size,p018,landscape_natural,Classical Landscape with Figures,Henri Mauperché,,lama,,,False,full_image,589824,77936,0.178972,0.051995,0.126977,alex,256,ok,
lama__damage_size__damage_size__p018__loss_large__size_20pct__mask_bbox_crop__lpips,lama__damage_size__damage_size__p018__loss_large__size_20pct,lama__damage_size__damage_size__p018__loss_large__size_20pct,damage_size__p018__loss_large__size_20pct,damage_size__p018__loss_large__size_20pct,damage_size,p018,landscape_natural,Classical Landscape with Figures,Henri Mauperché,,lama,,,False,mask_bbox_crop,152881,77936,0.608425,0.244542,0.363884,alex,256,ok,
lama__damage_size__damage_size__p026__loss_large__size_02pct__content_region__lpips,lama__damage_size__damage_size__p026__loss_large__size_02pct,lama__damage_size__damage_size__p026__loss_large__size_02pct,damage_size__p026__loss_large__size_02pct,damage_size__p026__loss_large__size_02pct,damage_size,p026,architecture_structured,View of a Village along a River,attributed to Jan Brueghel I,,lama,,,False,content_region,406272,8147,0.086025,0.000935,0.08509,alex,256,ok,
lama__damage_size__damage_size__p026__loss_large__size_02pct__full_image__lpips,lama__damage_size__damage_size__p026__loss_large__size_02pct,lama__damage_size__damage_size__p026__loss_large__size_02pct,damage_size__p026__loss_large__size_02pct,damage_size__p026__loss_large__size_02pct,damage_size,p026,architecture_structured,View of a Village along a River,attributed to Jan Brueghel I,,lama,,,False,full_image,589824,8147,0.066946,0.00061,0.066336,alex,256,ok,
lama__damage_size__damage_size__p026__loss_large__size_02pct__mask_bbox_crop__lpips,lama__damage_size__damage_size__p026__loss_large__size_02pct,lama__damage_size__damage_size__p026__loss_large__size_02pct,damage_size__p026__loss_large__size_02pct,damage_size__p026__loss_large__size_02pct,damage_size,p026,architecture_structured,View of a Village along a River,attributed to Jan Brueghel I,,lama,,,False,mask_bbox_crop,16384,8147,0.655318,0.096308,0.55901,alex,256,ok,
lama__damage_size__damage_size__p026__loss_large__size_04pct__content_region__lpips,lama__damage_size__damage_size__p026__loss_large__size_04pct,lama__damage_size__damage_size__p026__loss_large__size_04pct,damage_size__p026__loss_large__size_04pct,damage_size__p026__loss_large__size_04pct,damage_size,p026,architecture_structured,View of a Village along a River,attributed to Jan Brueghel I,,lama,,,False,content_region,406272,16243,0.11564,0.004367,0.111273,alex,256,ok,
lama__damage_size__damage_size__p026__loss_large__size_04pct__full_image__lpips,lama__damage_size__damage_size__p026__loss_large__size_04pct,lama__damage_size__damage_size__p026__loss_large__size_04pct,damage_size__p026__loss_large__size_04pct,damage_size__p026__loss_large__size_04pct,damage_size,p026,architecture_structured,View of a Village along a River,attributed to Jan Brueghel I,,lama,,,False,full_image,589824,16243,0.086015,0.002895,0.083119,alex,256,ok,
lama__damage_size__damage_size__p026__loss_large__size_04pct__mask_bbox_crop__lpips,lama__damage_size__damage_size__p026__loss_large__size_04pct,lama__damage_size__damage_size__p026__loss_large__size_04pct,damage_size__p026__loss_large__size_04pct,damage_size__p026__loss_large__size_04pct,damage_size,p026,architecture_structured,View of a Village along a River,attributed to Jan Brueghel I,,lama,,,False,mask_bbox_crop,30625,16243,0.653558,0.131901,0.521657,alex,256,ok,
lama__damage_size__damage_size__p026__loss_large__size_06pct__content_region__lpips,lama__damage_size__damage_size__p026__loss_large__size_06pct,lama__damage_size__damage_size__p026__loss_large__size_06pct,damage_size__p026__loss_large__size_06pct,damage_size__p026__loss_large__size_06pct,damage_size,p026,architecture_structured,View of a Village along a River,attributed to Jan Brueghel I,,lama,,,False,content_region,406272,24409,0.14518,0.009521,0.135659,alex,256,ok,
lama__damage_size__damage_size__p026__loss_large__size_06pct__full_image__lpips,lama__damage_size__damage_size__p026__loss_large__size_06pct,lama__damage_size__damage_size__p026__loss_large__size_06pct,damage_size__p026__loss_large__size_06pct,damage_size__p026__loss_large__size_06pct,damage_size,p026,architecture_structured,View of a Village along a River,attributed to Jan Brueghel I,,lama,,,False,full_image,589824,24409,0.112726,0.006676,0.106051,alex,256,ok,
lama__damage_size__damage_size__p026__loss_large__size_06pct__mask_bbox_crop__lpips,lama__damage_size__damage_size__p026__loss_large__size_06pct,lama__damage_size__damage_size__p026__loss_large__size_06pct,damage_size__p026__loss_large__size_06pct,damage_size__p026__loss_large__size_06pct,damage_size,p026,architecture_structured,View of a Village along a River,attributed to Jan Brueghel I,,lama,,,False,mask_bbox_crop,44521,24409,0.662642,0.144449,0.518193,alex,256,ok,
lama__damage_size__damage_size__p026__loss_large__size_08pct__content_region__lpips,lama__damage_size__damage_size__p026__loss_large__size_08pct,lama__damage_size__damage_size__p026__loss_large__size_08pct,damage_size__p026__loss_large__size_08pct,damage_size__p026__loss_large__size_08pct,damage_size,p026,architecture_structured,View of a Village along a River,attributed to Jan Brueghel I,,lama,,,False,content_region,406272,32448,0.1715,0.015014,0.156486,alex,256,ok,
lama__damage_size__damage_size__p026__loss_large__size_08pct__full_image__lpips,lama__damage_size__damage_size__p026__loss_large__size_08pct,lama__damage_size__damage_size__p026__loss_large__size_08pct,damage_size__p026__loss_large__size_08pct,damage_size__p026__loss_large__size_08pct,damage_size,p026,architecture_structured,View of a Village along a River,attributed to Jan Brueghel I,,lama,,,False,full_image,589824,32448,0.131299,0.008317,0.122982,alex,256,ok,
lama__damage_size__damage_size__p026__loss_large__size_08pct__mask_bbox_crop__lpips,lama__damage_size__damage_size__p026__loss_large__size_08pct,lama__damage_size__damage_size__p026__loss_large__size_08pct,damage_size__p026__loss_large__size_08pct,damage_size__p026__loss_large__size_08pct,damage_size,p026,architecture_structured,View of a Village along a River,attributed to Jan Brueghel I,,lama,,,False,mask_bbox_crop,57600,32448,0.664267,0.147762,0.516505,alex,256,ok,
lama__damage_size__damage_size__p026__loss_large__size_10pct__content_region__lpips,lama__damage_size__damage_size__p026__loss_large__size_10pct,lama__damage_size__damage_size__p026__loss_large__size_10pct,damage_size__p026__loss_large__size_10pct,damage_size__p026__loss_large__size_10pct,damage_size,p026,architecture_structured,View of a Village along a River,attributed to Jan Brueghel I,,lama,,,False,content_region,406272,40622,0.200418,0.023014,0.177405,alex,256,ok,
lama__damage_size__damage_size__p026__loss_large__size_10pct__full_image__lpips,lama__damage_size__damage_size__p026__loss_large__size_10pct,lama__damage_size__damage_size__p026__loss_large__size_10pct,damage_size__p026__loss_large__size_10pct,damage_size__p026__loss_large__size_10pct,damage_size,p026,architecture_structured,View of a Village along a River,attributed to Jan Brueghel I,,lama,,,False,full_image,589824,40622,0.149359,0.014411,0.134949,alex,256,ok,
lama__damage_size__damage_size__p026__loss_large__size_10pct__mask_bbox_crop__lpips,lama__damage_size__damage_size__p026__loss_large__size_10pct,lama__damage_size__damage_size__p026__loss_large__size_10pct,damage_size__p026__loss_large__size_10pct,damage_size__p026__loss_large__size_10pct,damage_size,p026,architecture_structured,View of a Village along a River,attributed to Jan Brueghel I,,lama,,,False,mask_bbox_crop,71289,40622,0.674013,0.17178,0.502234,alex,256,ok,
lama__damage_size__damage_size__p026__loss_large__size_15pct__content_region__lpips,lama__damage_size__damage_size__p026__loss_large__size_15pct,lama__damage_size__damage_size__p026__loss_large__size_15pct,damage_size__p026__loss_large__size_15pct,damage_size__p026__loss_large__size_15pct,damage_size,p026,architecture_structured,View of a Village along a River,attributed to Jan Brueghel I,,lama,,,False,content_region,406272,60957,0.259557,0.057868,0.201689,alex,256,ok,
lama__damage_size__damage_size__p026__loss_large__size_15pct__full_image__lpips,lama__damage_size__damage_size__p026__loss_large__size_15pct,lama__damage_size__damage_size__p026__loss_large__size_15pct,damage_size__p026__loss_large__size_15pct,damage_size__p026__loss_large__size_15pct,damage_size,p026,architecture_structured,View of a Village along a River,attributed to Jan Brueghel I,,lama,,,False,full_image,589824,60957,0.191423,0.036322,0.155101,alex,256,ok,
lama__damage_size__damage_size__p026__loss_large__size_15pct__mask_bbox_crop__lpips,lama__damage_size__damage_size__p026__loss_large__size_15pct,lama__damage_size__damage_size__p026__loss_large__size_15pct,damage_size__p026__loss_large__size_15pct,damage_size__p026__loss_large__size_15pct,damage_size,p026,architecture_structured,View of a Village along a River,attributed to Jan Brueghel I,,lama,,,False,mask_bbox_crop,104976,60957,0.681826,0.229964,0.451861,alex,256,ok,
lama__damage_size__damage_size__p026__loss_large__size_20pct__content_region__lpips,lama__damage_size__damage_size__p026__loss_large__size_20pct,lama__damage_size__damage_size__p026__loss_large__size_20pct,damage_size__p026__loss_large__size_20pct,damage_size__p026__loss_large__size_20pct,damage_size,p026,architecture_structured,View of a Village along a River,attributed to Jan Brueghel I,,lama,,,False,content_region,406272,81200,0.3114,0.089535,0.221865,alex,256,ok,
lama__damage_size__damage_size__p026__loss_large__size_20pct__full_image__lpips,lama__damage_size__damage_size__p026__loss_large__size_20pct,lama__damage_size__damage_size__p026__loss_large__size_20pct,damage_size__p026__loss_large__size_20pct,damage_size__p026__loss_large__size_20pct,damage_size,p026,architecture_structured,View of a Village along a River,attributed to Jan Brueghel I,,lama,,,False,full_image,589824,81200,0.237753,0.055166,0.182588,alex,256,ok,
lama__damage_size__damage_size__p026__loss_large__size_20pct__mask_bbox_crop__lpips,lama__damage_size__damage_size__p026__loss_large__size_20pct,lama__damage_size__damage_size__p026__loss_large__size_20pct,damage_size__p026__loss_large__size_20pct,damage_size__p026__loss_large__size_20pct,damage_size,p026,architecture_structured,View of a Village along a River,attributed to Jan Brueghel I,,lama,,,False,mask_bbox_crop,137641,81200,0.703212,0.244613,0.458599,alex,256,ok,
lama__damage_size__damage_size__p039__loss_large__size_02pct__content_region__lpips,lama__damage_size__damage_size__p039__loss_large__size_02pct,lama__damage_size__damage_size__p039__loss_large__size_02pct,damage_size__p039__loss_large__size_02pct,damage_size__p039__loss_large__size_02pct,damage_size,p039,abstraction_surrealism,Painting with Troika,Wassily Kandinsky,,lama,,,False,content_region,433152,8683,0.046987,0.001828,0.045159,alex,256,ok,
lama__damage_size__damage_size__p039__loss_large__size_02pct__full_image__lpips,lama__damage_size__damage_size__p039__loss_large__size_02pct,lama__damage_size__damage_size__p039__loss_large__size_02pct,damage_size__p039__loss_large__size_02pct,damage_size__p039__loss_large__size_02pct,damage_size,p039,abstraction_surrealism,Painting with Troika,Wassily Kandinsky,,lama,,,False,full_image,589824,8683,0.036618,0.001395,0.035223,alex,256,ok,
lama__damage_size__damage_size__p039__loss_large__size_02pct__mask_bbox_crop__lpips,lama__damage_size__damage_size__p039__loss_large__size_02pct,lama__damage_size__damage_size__p039__loss_large__size_02pct,damage_size__p039__loss_large__size_02pct,damage_size__p039__loss_large__size_02pct,damage_size,p039,abstraction_surrealism,Painting with Troika,Wassily Kandinsky,,lama,,,False,mask_bbox_crop,21316,8683,0.592818,0.124629,0.468189,alex,256,ok,
lama__damage_size__damage_size__p039__loss_large__size_04pct__content_region__lpips,lama__damage_size__damage_size__p039__loss_large__size_04pct,lama__damage_size__damage_size__p039__loss_large__size_04pct,damage_size__p039__loss_large__size_04pct,damage_size__p039__loss_large__size_04pct,damage_size,p039,abstraction_surrealism,Painting with Troika,Wassily Kandinsky,,lama,,,False,content_region,433152,17329,0.072326,0.004997,0.067329,alex,256,ok,
lama__damage_size__damage_size__p039__loss_large__size_04pct__full_image__lpips,lama__damage_size__damage_size__p039__loss_large__size_04pct,lama__damage_size__damage_size__p039__loss_large__size_04pct,damage_size__p039__loss_large__size_04pct,damage_size__p039__loss_large__size_04pct,damage_size,p039,abstraction_surrealism,Painting with Troika,Wassily Kandinsky,,lama,,,False,full_image,589824,17329,0.055475,0.003541,0.051934,alex,256,ok,
lama__damage_size__damage_size__p039__loss_large__size_04pct__mask_bbox_crop__lpips,lama__damage_size__damage_size__p039__loss_large__size_04pct,lama__damage_size__damage_size__p039__loss_large__size_04pct,damage_size__p039__loss_large__size_04pct,damage_size__p039__loss_large__size_04pct,damage_size,p039,abstraction_surrealism,Painting with Troika,Wassily Kandinsky,,lama,,,False,mask_bbox_crop,40000,17329,0.560859,0.123349,0.43751,alex,256,ok,
lama__damage_size__damage_size__p039__loss_large__size_06pct__content_region__lpips,lama__damage_size__damage_size__p039__loss_large__size_06pct,lama__damage_size__damage_size__p039__loss_large__size_06pct,damage_size__p039__loss_large__size_06pct,damage_size__p039__loss_large__size_06pct,damage_size,p039,abstraction_surrealism,Painting with Troika,Wassily Kandinsky,,lama,,,False,content_region,433152,25949,0.094548,0.008822,0.085725,alex,256,ok,
lama__damage_size__damage_size__p039__loss_large__size_06pct__full_image__lpips,lama__damage_size__damage_size__p039__loss_large__size_06pct,lama__damage_size__damage_size__p039__loss_large__size_06pct,damage_size__p039__loss_large__size_06pct,damage_size__p039__loss_large__size_06pct,damage_size,p039,abstraction_surrealism,Painting with Troika,Wassily Kandinsky,,lama,,,False,full_image,589824,25949,0.073327,0.007065,0.066262,alex,256,ok,
lama__damage_size__damage_size__p039__loss_large__size_06pct__mask_bbox_crop__lpips,lama__damage_size__damage_size__p039__loss_large__size_06pct,lama__damage_size__damage_size__p039__loss_large__size_06pct,damage_size__p039__loss_large__size_06pct,damage_size__p039__loss_large__size_06pct,damage_size,p039,abstraction_surrealism,Painting with Troika,Wassily Kandinsky,,lama,,,False,mask_bbox_crop,58081,25949,0.559054,0.155859,0.403194,alex,256,ok,
lama__damage_size__damage_size__p039__loss_large__size_08pct__content_region__lpips,lama__damage_size__damage_size__p039__loss_large__size_08pct,lama__damage_size__damage_size__p039__loss_large__size_08pct,damage_size__p039__loss_large__size_08pct,damage_size__p039__loss_large__size_08pct,damage_size,p039,abstraction_surrealism,Painting with Troika,Wassily Kandinsky,,lama,,,False,content_region,433152,34593,0.116321,0.022621,0.093699,alex,256,ok,
lama__damage_size__damage_size__p039__loss_large__size_08pct__full_image__lpips,lama__damage_size__damage_size__p039__loss_large__size_08pct,lama__damage_size__damage_size__p039__loss_large__size_08pct,damage_size__p039__loss_large__size_08pct,damage_size__p039__loss_large__size_08pct,damage_size,p039,abstraction_surrealism,Painting with Troika,Wassily Kandinsky,,lama,,,False,full_image,589824,34593,0.087885,0.017293,0.070592,alex,256,ok,
lama__damage_size__damage_size__p039__loss_large__size_08pct__mask_bbox_crop__lpips,lama__damage_size__damage_size__p039__loss_large__size_08pct,lama__damage_size__damage_size__p039__loss_large__size_08pct,damage_size__p039__loss_large__size_08pct,damage_size__p039__loss_large__size_08pct,damage_size,p039,abstraction_surrealism,Painting with Troika,Wassily Kandinsky,,lama,,,False,mask_bbox_crop,76176,34593,0.558758,0.183415,0.375343,alex,256,ok,
lama__damage_size__damage_size__p039__loss_large__size_10pct__content_region__lpips,lama__damage_size__damage_size__p039__loss_large__size_10pct,lama__damage_size__damage_size__p039__loss_large__size_10pct,damage_size__p039__loss_large__size_10pct,damage_size__p039__loss_large__size_10pct,damage_size,p039,abstraction_surrealism,Painting with Troika,Wassily Kandinsky,,lama,,,False,content_region,433152,43405,0.129877,0.042478,0.087399,alex,256,ok,
lama__damage_size__damage_size__p039__loss_large__size_10pct__full_image__lpips,lama__damage_size__damage_size__p039__loss_large__size_10pct,lama__damage_size__damage_size__p039__loss_large__size_10pct,damage_size__p039__loss_large__size_10pct,damage_size__p039__loss_large__size_10pct,damage_size,p039,abstraction_surrealism,Painting with Troika,Wassily Kandinsky,,lama,,,False,full_image,589824,43405,0.101225,0.031986,0.069239,alex,256,ok,
lama__damage_size__damage_size__p039__loss_large__size_10pct__mask_bbox_crop__lpips,lama__damage_size__damage_size__p039__loss_large__size_10pct,lama__damage_size__damage_size__p039__loss_large__size_10pct,damage_size__p039__loss_large__size_10pct,damage_size__p039__loss_large__size_10pct,damage_size,p039,abstraction_surrealism,Painting with Troika,Wassily Kandinsky,,lama,,,False,mask_bbox_crop,94249,43405,0.548205,0.213028,0.335177,alex,256,ok,
lama__damage_size__damage_size__p039__loss_large__size_15pct__content_region__lpips,lama__damage_size__damage_size__p039__loss_large__size_15pct,lama__damage_size__damage_size__p039__loss_large__size_15pct,damage_size__p039__loss_large__size_15pct,damage_size__p039__loss_large__size_15pct,damage_size,p039,abstraction_surrealism,Painting with Troika,Wassily Kandinsky,,lama,,,False,content_region,433152,64917,0.171971,0.076224,0.095748,alex,256,ok,
lama__damage_size__damage_size__p039__loss_large__size_15pct__full_image__lpips,lama__damage_size__damage_size__p039__loss_large__size_15pct,lama__damage_size__damage_size__p039__loss_large__size_15pct,damage_size__p039__loss_large__size_15pct,damage_size__p039__loss_large__size_15pct,damage_size,p039,abstraction_surrealism,Painting with Troika,Wassily Kandinsky,,lama,,,False,full_image,589824,64917,0.143391,0.058207,0.085184,alex,256,ok,
lama__damage_size__damage_size__p039__loss_large__size_15pct__mask_bbox_crop__lpips,lama__damage_size__damage_size__p039__loss_large__size_15pct,lama__damage_size__damage_size__p039__loss_large__size_15pct,damage_size__p039__loss_large__size_15pct,damage_size__p039__loss_large__size_15pct,damage_size,p039,abstraction_surrealism,Painting with Troika,Wassily Kandinsky,,lama,,,False,mask_bbox_crop,138384,64917,0.527336,0.235743,0.291593,alex,256,ok,
lama__damage_size__damage_size__p039__loss_large__size_20pct__content_region__lpips,lama__damage_size__damage_size__p039__loss_large__size_20pct,lama__damage_size__damage_size__p039__loss_large__size_20pct,damage_size__p039__loss_large__size_20pct,damage_size__p039__loss_large__size_20pct,damage_size,p039,abstraction_surrealism,Painting with Troika,Wassily Kandinsky,,lama,,,False,content_region,433152,86644,0.229764,0.115423,0.114342,alex,256,ok,
lama__damage_size__damage_size__p039__loss_large__size_20pct__full_image__lpips,lama__damage_size__damage_size__p039__loss_large__size_20pct,lama__damage_size__damage_size__p039__loss_large__size_20pct,damage_size__p039__loss_large__size_20pct,damage_size__p039__loss_large__size_20pct,damage_size,p039,abstraction_surrealism,Painting with Troika,Wassily Kandinsky,,lama,,,False,full_image,589824,86644,0.182336,0.087113,0.095223,alex,256,ok,
lama__damage_size__damage_size__p039__loss_large__size_20pct__mask_bbox_crop__lpips,lama__damage_size__damage_size__p039__loss_large__size_20pct,lama__damage_size__damage_size__p039__loss_large__size_20pct,damage_size__p039__loss_large__size_20pct,damage_size__p039__loss_large__size_20pct,damage_size,p039,abstraction_surrealism,Painting with Troika,Wassily Kandinsky,,lama,,,False,mask_bbox_crop,183184,86644,0.512583,0.288953,0.22363,alex,256,ok,
lama__damage_size__damage_size__p043__loss_large__size_02pct__content_region__lpips,lama__damage_size__damage_size__p043__loss_large__size_02pct,lama__damage_size__damage_size__p043__loss_large__size_02pct,damage_size__p043__loss_large__size_02pct,damage_size__p043__loss_large__size_02pct,damage_size,p043,high_texture_brushwork,The Card Players,Paul Cézanne,Post-Impressionism,lama,,,False,content_region,469248,9418,0.054883,0.00477,0.050114,alex,256,ok,
lama__damage_size__damage_size__p043__loss_large__size_02pct__full_image__lpips,lama__damage_size__damage_size__p043__loss_large__size_02pct,lama__damage_size__damage_size__p043__loss_large__size_02pct,damage_size__p043__loss_large__size_02pct,damage_size__p043__loss_large__size_02pct,damage_size,p043,high_texture_brushwork,The Card Players,Paul Cézanne,Post-Impressionism,lama,,,False,full_image,589824,9418,0.051337,0.004348,0.046989,alex,256,ok,
lama__damage_size__damage_size__p043__loss_large__size_02pct__mask_bbox_crop__lpips,lama__damage_size__damage_size__p043__loss_large__size_02pct,lama__damage_size__damage_size__p043__loss_large__size_02pct,damage_size__p043__loss_large__size_02pct,damage_size__p043__loss_large__size_02pct,damage_size,p043,high_texture_brushwork,The Card Players,Paul Cézanne,Post-Impressionism,lama,,,False,mask_bbox_crop,19321,9418,0.634861,0.230744,0.404117,alex,256,ok,
lama__damage_size__damage_size__p043__loss_large__size_04pct__content_region__lpips,lama__damage_size__damage_size__p043__loss_large__size_04pct,lama__damage_size__damage_size__p043__loss_large__size_04pct,damage_size__p043__loss_large__size_04pct,damage_size__p043__loss_large__size_04pct,damage_size,p043,high_texture_brushwork,The Card Players,Paul Cézanne,Post-Impressionism,lama,,,False,content_region,469248,18765,0.085596,0.015253,0.070343,alex,256,ok,
lama__damage_size__damage_size__p043__loss_large__size_04pct__full_image__lpips,lama__damage_size__damage_size__p043__loss_large__size_04pct,lama__damage_size__damage_size__p043__loss_large__size_04pct,damage_size__p043__loss_large__size_04pct,damage_size__p043__loss_large__size_04pct,damage_size,p043,high_texture_brushwork,The Card Players,Paul Cézanne,Post-Impressionism,lama,,,False,full_image,589824,18765,0.073337,0.013244,0.060093,alex,256,ok,
lama__damage_size__damage_size__p043__loss_large__size_04pct__mask_bbox_crop__lpips,lama__damage_size__damage_size__p043__loss_large__size_04pct,lama__damage_size__damage_size__p043__loss_large__size_04pct,damage_size__p043__loss_large__size_04pct,damage_size__p043__loss_large__size_04pct,damage_size,p043,high_texture_brushwork,The Card Players,Paul Cézanne,Post-Impressionism,lama,,,False,mask_bbox_crop,35721,18765,0.645953,0.276572,0.369382,alex,256,ok,
lama__damage_size__damage_size__p043__loss_large__size_06pct__content_region__lpips,lama__damage_size__damage_size__p043__loss_large__size_06pct,lama__damage_size__damage_size__p043__loss_large__size_06pct,damage_size__p043__loss_large__size_06pct,damage_size__p043__loss_large__size_06pct,damage_size,p043,high_texture_brushwork,The Card Players,Paul Cézanne,Post-Impressionism,lama,,,False,content_region,469248,28081,0.111808,0.029225,0.082583,alex,256,ok,
lama__damage_size__damage_size__p043__loss_large__size_06pct__full_image__lpips,lama__damage_size__damage_size__p043__loss_large__size_06pct,lama__damage_size__damage_size__p043__loss_large__size_06pct,damage_size__p043__loss_large__size_06pct,damage_size__p043__loss_large__size_06pct,damage_size,p043,high_texture_brushwork,The Card Players,Paul Cézanne,Post-Impressionism,lama,,,False,full_image,589824,28081,0.098387,0.02421,0.074178,alex,256,ok,
lama__damage_size__damage_size__p043__loss_large__size_06pct__mask_bbox_crop__lpips,lama__damage_size__damage_size__p043__loss_large__size_06pct,lama__damage_size__damage_size__p043__loss_large__size_06pct,damage_size__p043__loss_large__size_06pct,damage_size__p043__loss_large__size_06pct,damage_size,p043,high_texture_brushwork,The Card Players,Paul Cézanne,Post-Impressionism,lama,,,False,mask_bbox_crop,51984,28081,0.656692,0.294691,0.362001,alex,256,ok,
lama__damage_size__damage_size__p043__loss_large__size_08pct__content_region__lpips,lama__damage_size__damage_size__p043__loss_large__size_08pct,lama__damage_size__damage_size__p043__loss_large__size_08pct,damage_size__p043__loss_large__size_08pct,damage_size__p043__loss_large__size_08pct,damage_size,p043,high_texture_brushwork,The Card Players,Paul Cézanne,Post-Impressionism,lama,,,False,content_region,469248,37511,0.138892,0.045664,0.093228,alex,256,ok,
lama__damage_size__damage_size__p043__loss_large__size_08pct__full_image__lpips,lama__damage_size__damage_size__p043__loss_large__size_08pct,lama__damage_size__damage_size__p043__loss_large__size_08pct,damage_size__p043__loss_large__size_08pct,damage_size__p043__loss_large__size_08pct,damage_size,p043,high_texture_brushwork,The Card Players,Paul Cézanne,Post-Impressionism,lama,,,False,full_image,589824,37511,0.116196,0.033734,0.082461,alex,256,ok,
lama__damage_size__damage_size__p043__loss_large__size_08pct__mask_bbox_crop__lpips,lama__damage_size__damage_size__p043__loss_large__size_08pct,lama__damage_size__damage_size__p043__loss_large__size_08pct,damage_size__p043__loss_large__size_08pct,damage_size__p043__loss_large__size_08pct,damage_size,p043,high_texture_brushwork,The Card Players,Paul Cézanne,Post-Impressionism,lama,,,False,mask_bbox_crop,68121,37511,0.660973,0.325456,0.335517,alex,256,ok,
lama__damage_size__damage_size__p043__loss_large__size_10pct__content_region__lpips,lama__damage_size__damage_size__p043__loss_large__size_10pct,lama__damage_size__damage_size__p043__loss_large__size_10pct,damage_size__p043__loss_large__size_10pct,damage_size__p043__loss_large__size_10pct,damage_size,p043,high_texture_brushwork,The Card Players,Paul Cézanne,Post-Impressionism,lama,,,False,content_region,469248,46880,0.158148,0.059727,0.098421,alex,256,ok,
lama__damage_size__damage_size__p043__loss_large__size_10pct__full_image__lpips,lama__damage_size__damage_size__p043__loss_large__size_10pct,lama__damage_size__damage_size__p043__loss_large__size_10pct,damage_size__p043__loss_large__size_10pct,damage_size__p043__loss_large__size_10pct,damage_size,p043,high_texture_brushwork,The Card Players,Paul Cézanne,Post-Impressionism,lama,,,False,full_image,589824,46880,0.133736,0.048005,0.085731,alex,256,ok,
lama__damage_size__damage_size__p043__loss_large__size_10pct__mask_bbox_crop__lpips,lama__damage_size__damage_size__p043__loss_large__size_10pct,lama__damage_size__damage_size__p043__loss_large__size_10pct,damage_size__p043__loss_large__size_10pct,damage_size__p043__loss_large__size_10pct,damage_size,p043,high_texture_brushwork,The Card Players,Paul Cézanne,Post-Impressionism,lama,,,False,mask_bbox_crop,84100,46880,0.664398,0.34033,0.324068,alex,256,ok,
lama__damage_size__damage_size__p043__loss_large__size_15pct__content_region__lpips,lama__damage_size__damage_size__p043__loss_large__size_15pct,lama__damage_size__damage_size__p043__loss_large__size_15pct,damage_size__p043__loss_large__size_15pct,damage_size__p043__loss_large__size_15pct,damage_size,p043,high_texture_brushwork,The Card Players,Paul Cézanne,Post-Impressionism,lama,,,False,content_region,469248,70314,0.205614,0.084107,0.121507,alex,256,ok,
lama__damage_size__damage_size__p043__loss_large__size_15pct__full_image__lpips,lama__damage_size__damage_size__p043__loss_large__size_15pct,lama__damage_size__damage_size__p043__loss_large__size_15pct,damage_size__p043__loss_large__size_15pct,damage_size__p043__loss_large__size_15pct,damage_size,p043,high_texture_brushwork,The Card Players,Paul Cézanne,Post-Impressionism,lama,,,False,full_image,589824,70314,0.168391,0.067817,0.100574,alex,256,ok,
lama__damage_size__damage_size__p043__loss_large__size_15pct__mask_bbox_crop__lpips,lama__damage_size__damage_size__p043__loss_large__size_15pct,lama__damage_size__damage_size__p043__loss_large__size_15pct,damage_size__p043__loss_large__size_15pct,damage_size__p043__loss_large__size_15pct,damage_size,p043,high_texture_brushwork,The Card Players,Paul Cézanne,Post-Impressionism,lama,,,False,mask_bbox_crop,123201,70314,0.636881,0.359705,0.277176,alex,256,ok,
lama__damage_size__damage_size__p043__loss_large__size_20pct__content_region__lpips,lama__damage_size__damage_size__p043__loss_large__size_20pct,lama__damage_size__damage_size__p043__loss_large__size_20pct,damage_size__p043__loss_large__size_20pct,damage_size__p043__loss_large__size_20pct,damage_size,p043,high_texture_brushwork,The Card Players,Paul Cézanne,Post-Impressionism,lama,,,False,content_region,469248,93869,0.244919,0.116503,0.128416,alex,256,ok,
lama__damage_size__damage_size__p043__loss_large__size_20pct__full_image__lpips,lama__damage_size__damage_size__p043__loss_large__size_20pct,lama__damage_size__damage_size__p043__loss_large__size_20pct,damage_size__p043__loss_large__size_20pct,damage_size__p043__loss_large__size_20pct,damage_size,p043,high_texture_brushwork,The Card Players,Paul Cézanne,Post-Impressionism,lama,,,False,full_image,589824,93869,0.202388,0.092687,0.109701,alex,256,ok,
lama__damage_size__damage_size__p043__loss_large__size_20pct__mask_bbox_crop__lpips,lama__damage_size__damage_size__p043__loss_large__size_20pct,lama__damage_size__damage_size__p043__loss_large__size_20pct,damage_size__p043__loss_large__size_20pct,damage_size__p043__loss_large__size_20pct,damage_size,p043,high_texture_brushwork,The Card Players,Paul Cézanne,Post-Impressionism,lama,,,False,mask_bbox_crop,162409,93869,0.622271,0.339545,0.282725,alex,256,ok,
lama__mask_robustness__mask_robustness__p001__loss_large__variant_01__content_region__lpips,lama__mask_robustness__mask_robustness__p001__loss_large__variant_01,lama__mask_robustness__mask_robustness__p001__loss_large__variant_01,mask_robustness__p001__loss_large__variant_01,mask_robustness__p001__loss_large__variant_01,mask_robustness,p001,portrait_figure,Juan de Pareja,Diego Velázquez,Baroque,lama,,,False,content_region,509184,63739,0.283749,0.077345,0.206403,alex,256,ok,
lama__mask_robustness__mask_robustness__p001__loss_large__variant_01__full_image__lpips,lama__mask_robustness__mask_robustness__p001__loss_large__variant_01,lama__mask_robustness__mask_robustness__p001__loss_large__variant_01,mask_robustness__p001__loss_large__variant_01,mask_robustness__p001__loss_large__variant_01,mask_robustness,p001,portrait_figure,Juan de Pareja,Diego Velázquez,Baroque,lama,,,False,full_image,589824,63739,0.255313,0.071232,0.184081,alex,256,ok,
lama__mask_robustness__mask_robustness__p001__loss_large__variant_01__mask_bbox_crop__lpips,lama__mask_robustness__mask_robustness__p001__loss_large__variant_01,lama__mask_robustness__mask_robustness__p001__loss_large__variant_01,mask_robustness__p001__loss_large__variant_01,mask_robustness__p001__loss_large__variant_01,mask_robustness,p001,portrait_figure,Juan de Pareja,Diego Velázquez,Baroque,lama,,,False,mask_bbox_crop,131044,63739,0.775872,0.278045,0.497828,alex,256,ok,
lama__mask_robustness__mask_robustness__p001__loss_large__variant_02__content_region__lpips,lama__mask_robustness__mask_robustness__p001__loss_large__variant_02,lama__mask_robustness__mask_robustness__p001__loss_large__variant_02,mask_robustness__p001__loss_large__variant_02,mask_robustness__p001__loss_large__variant_02,mask_robustness,p001,portrait_figure,Juan de Pareja,Diego Velázquez,Baroque,lama,,,False,content_region,509184,63746,0.317105,0.042949,0.274156,alex,256,ok,
lama__mask_robustness__mask_robustness__p001__loss_large__variant_02__full_image__lpips,lama__mask_robustness__mask_robustness__p001__loss_large__variant_02,lama__mask_robustness__mask_robustness__p001__loss_large__variant_02,mask_robustness__p001__loss_large__variant_02,mask_robustness__p001__loss_large__variant_02,mask_robustness,p001,portrait_figure,Juan de Pareja,Diego Velázquez,Baroque,lama,,,False,full_image,589824,63746,0.288858,0.03515,0.253708,alex,256,ok,
lama__mask_robustness__mask_robustness__p001__loss_large__variant_02__mask_bbox_crop__lpips,lama__mask_robustness__mask_robustness__p001__loss_large__variant_02,lama__mask_robustness__mask_robustness__p001__loss_large__variant_02,mask_robustness__p001__loss_large__variant_02,mask_robustness__p001__loss_large__variant_02,mask_robustness,p001,portrait_figure,Juan de Pareja,Diego Velázquez,Baroque,lama,,,False,mask_bbox_crop,200704,63746,0.544678,0.107573,0.437106,alex,256,ok,
lama__mask_robustness__mask_robustness__p001__loss_large__variant_03__content_region__lpips,lama__mask_robustness__mask_robustness__p001__loss_large__variant_03,lama__mask_robustness__mask_robustness__p001__loss_large__variant_03,mask_robustness__p001__loss_large__variant_03,mask_robustness__p001__loss_large__variant_03,mask_robustness,p001,portrait_figure,Juan de Pareja,Diego Velázquez,Baroque,lama,,,False,content_region,509184,63593,0.230678,0.037513,0.193165,alex,256,ok,
lama__mask_robustness__mask_robustness__p001__loss_large__variant_03__full_image__lpips,lama__mask_robustness__mask_robustness__p001__loss_large__variant_03,lama__mask_robustness__mask_robustness__p001__loss_large__variant_03,mask_robustness__p001__loss_large__variant_03,mask_robustness__p001__loss_large__variant_03,mask_robustness,p001,portrait_figure,Juan de Pareja,Diego Velázquez,Baroque,lama,,,False,full_image,589824,63593,0.215718,0.030655,0.185062,alex,256,ok,
lama__mask_robustness__mask_robustness__p001__loss_large__variant_03__mask_bbox_crop__lpips,lama__mask_robustness__mask_robustness__p001__loss_large__variant_03,lama__mask_robustness__mask_robustness__p001__loss_large__variant_03,mask_robustness__p001__loss_large__variant_03,mask_robustness__p001__loss_large__variant_03,mask_robustness,p001,portrait_figure,Juan de Pareja,Diego Velázquez,Baroque,lama,,,False,mask_bbox_crop,122500,63593,0.721254,0.204866,0.516388,alex,256,ok,
lama__mask_robustness__mask_robustness__p001__loss_large__variant_04__content_region__lpips,lama__mask_robustness__mask_robustness__p001__loss_large__variant_04,lama__mask_robustness__mask_robustness__p001__loss_large__variant_04,mask_robustness__p001__loss_large__variant_04,mask_robustness__p001__loss_large__variant_04,mask_robustness,p001,portrait_figure,Juan de Pareja,Diego Velázquez,Baroque,lama,,,False,content_region,509184,63653,0.230467,0.087299,0.143168,alex,256,ok,
lama__mask_robustness__mask_robustness__p001__loss_large__variant_04__full_image__lpips,lama__mask_robustness__mask_robustness__p001__loss_large__variant_04,lama__mask_robustness__mask_robustness__p001__loss_large__variant_04,mask_robustness__p001__loss_large__variant_04,mask_robustness__p001__loss_large__variant_04,mask_robustness,p001,portrait_figure,Juan de Pareja,Diego Velázquez,Baroque,lama,,,False,full_image,589824,63653,0.222028,0.074861,0.147168,alex,256,ok,
lama__mask_robustness__mask_robustness__p001__loss_large__variant_04__mask_bbox_crop__lpips,lama__mask_robustness__mask_robustness__p001__loss_large__variant_04,lama__mask_robustness__mask_robustness__p001__loss_large__variant_04,mask_robustness__p001__loss_large__variant_04,mask_robustness__p001__loss_large__variant_04,mask_robustness,p001,portrait_figure,Juan de Pareja,Diego Velázquez,Baroque,lama,,,False,mask_bbox_crop,144400,63653,0.649057,0.281739,0.367318,alex,256,ok,
lama__mask_robustness__mask_robustness__p001__loss_large__variant_05__content_region__lpips,lama__mask_robustness__mask_robustness__p001__loss_large__variant_05,lama__mask_robustness__mask_robustness__p001__loss_large__variant_05,mask_robustness__p001__loss_large__variant_05,mask_robustness__p001__loss_large__variant_05,mask_robustness,p001,portrait_figure,Juan de Pareja,Diego Velázquez,Baroque,lama,,,False,content_region,509184,63643,0.272206,0.027896,0.24431,alex,256,ok,
lama__mask_robustness__mask_robustness__p001__loss_large__variant_05__full_image__lpips,lama__mask_robustness__mask_robustness__p001__loss_large__variant_05,lama__mask_robustness__mask_robustness__p001__loss_large__variant_05,mask_robustness__p001__loss_large__variant_05,mask_robustness__p001__loss_large__variant_05,mask_robustness,p001,portrait_figure,Juan de Pareja,Diego Velázquez,Baroque,lama,,,False,full_image,589824,63643,0.247422,0.024003,0.223419,alex,256,ok,
lama__mask_robustness__mask_robustness__p001__loss_large__variant_05__mask_bbox_crop__lpips,lama__mask_robustness__mask_robustness__p001__loss_large__variant_05,lama__mask_robustness__mask_robustness__p001__loss_large__variant_05,mask_robustness__p001__loss_large__variant_05,mask_robustness__p001__loss_large__variant_05,mask_robustness,p001,portrait_figure,Juan de Pareja,Diego Velázquez,Baroque,lama,,,False,mask_bbox_crop,143641,63643,0.698316,0.09651,0.601806,alex,256,ok,
lama__mask_robustness__mask_robustness__p001__loss_small__variant_01__content_region__lpips,lama__mask_robustness__mask_robustness__p001__loss_small__variant_01,lama__mask_robustness__mask_robustness__p001__loss_small__variant_01,mask_robustness__p001__loss_small__variant_01,mask_robustness__p001__loss_small__variant_01,mask_robustness,p001,portrait_figure,Juan de Pareja,Diego Velázquez,Baroque,lama,,,False,content_region,509184,22079,0.225111,0.004995,0.220116,alex,256,ok,
lama__mask_robustness__mask_robustness__p001__loss_small__variant_01__full_image__lpips,lama__mask_robustness__mask_robustness__p001__loss_small__variant_01,lama__mask_robustness__mask_robustness__p001__loss_small__variant_01,mask_robustness__p001__loss_small__variant_01,mask_robustness__p001__loss_small__variant_01,mask_robustness,p001,portrait_figure,Juan de Pareja,Diego Velázquez,Baroque,lama,,,False,full_image,589824,22079,0.214294,0.004842,0.209451,alex,256,ok,
lama__mask_robustness__mask_robustness__p001__loss_small__variant_01__mask_bbox_crop__lpips,lama__mask_robustness__mask_robustness__p001__loss_small__variant_01,lama__mask_robustness__mask_robustness__p001__loss_small__variant_01,mask_robustness__p001__loss_small__variant_01,mask_robustness__p001__loss_small__variant_01,mask_robustness,p001,portrait_figure,Juan de Pareja,Diego Velázquez,Baroque,lama,,,False,mask_bbox_crop,589824,22079,0.214294,0.004842,0.209451,alex,256,ok,
lama__mask_robustness__mask_robustness__p001__loss_small__variant_02__content_region__lpips,lama__mask_robustness__mask_robustness__p001__loss_small__variant_02,lama__mask_robustness__mask_robustness__p001__loss_small__variant_02,mask_robustness__p001__loss_small__variant_02,mask_robustness__p001__loss_small__variant_02,mask_robustness,p001,portrait_figure,Juan de Pareja,Diego Velázquez,Baroque,lama,,,False,content_region,509184,22880,0.283131,0.007597,0.275534,alex,256,ok,
lama__mask_robustness__mask_robustness__p001__loss_small__variant_02__full_image__lpips,lama__mask_robustness__mask_robustness__p001__loss_small__variant_02,lama__mask_robustness__mask_robustness__p001__loss_small__variant_02,mask_robustness__p001__loss_small__variant_02,mask_robustness__p001__loss_small__variant_02,mask_robustness,p001,portrait_figure,Juan de Pareja,Diego Velázquez,Baroque,lama,,,False,full_image,589824,22880,0.27816,0.005249,0.272911,alex,256,ok,
lama__mask_robustness__mask_robustness__p001__loss_small__variant_02__mask_bbox_crop__lpips,lama__mask_robustness__mask_robustness__p001__loss_small__variant_02,lama__mask_robustness__mask_robustness__p001__loss_small__variant_02,mask_robustness__p001__loss_small__variant_02,mask_robustness__p001__loss_small__variant_02,mask_robustness,p001,portrait_figure,Juan de Pareja,Diego Velázquez,Baroque,lama,,,False,mask_bbox_crop,564001,22880,0.284704,0.004294,0.280409,alex,256,ok,
lama__mask_robustness__mask_robustness__p001__loss_small__variant_03__content_region__lpips,lama__mask_robustness__mask_robustness__p001__loss_small__variant_03,lama__mask_robustness__mask_robustness__p001__loss_small__variant_03,mask_robustness__p001__loss_small__variant_03,mask_robustness__p001__loss_small__variant_03,mask_robustness,p001,portrait_figure,Juan de Pareja,Diego Velázquez,Baroque,lama,,,False,content_region,509184,22960,0.268284,0.00675,0.261534,alex,256,ok,
lama__mask_robustness__mask_robustness__p001__loss_small__variant_03__full_image__lpips,lama__mask_robustness__mask_robustness__p001__loss_small__variant_03,lama__mask_robustness__mask_robustness__p001__loss_small__variant_03,mask_robustness__p001__loss_small__variant_03,mask_robustness__p001__loss_small__variant_03,mask_robustness,p001,portrait_figure,Juan de Pareja,Diego Velázquez,Baroque,lama,,,False,full_image,589824,22960,0.274798,0.004773,0.270025,alex,256,ok,
lama__mask_robustness__mask_robustness__p001__loss_small__variant_03__mask_bbox_crop__lpips,lama__mask_robustness__mask_robustness__p001__loss_small__variant_03,lama__mask_robustness__mask_robustness__p001__loss_small__variant_03,mask_robustness__p001__loss_small__variant_03,mask_robustness__p001__loss_small__variant_03,mask_robustness,p001,portrait_figure,Juan de Pareja,Diego Velázquez,Baroque,lama,,,False,mask_bbox_crop,568516,22960,0.27171,0.006665,0.265045,alex,256,ok,
lama__mask_robustness__mask_robustness__p001__loss_small__variant_04__content_region__lpips,lama__mask_robustness__mask_robustness__p001__loss_small__variant_04,lama__mask_robustness__mask_robustness__p001__loss_small__variant_04,mask_robustness__p001__loss_small__variant_04,mask_robustness__p001__loss_small__variant_04,mask_robustness,p001,portrait_figure,Juan de Pareja,Diego Velázquez,Baroque,lama,,,False,content_region,509184,22924,0.293479,0.008312,0.285168,alex,256,ok,
lama__mask_robustness__mask_robustness__p001__loss_small__variant_04__full_image__lpips,lama__mask_robustness__mask_robustness__p001__loss_small__variant_04,lama__mask_robustness__mask_robustness__p001__loss_small__variant_04,mask_robustness__p001__loss_small__variant_04,mask_robustness__p001__loss_small__variant_04,mask_robustness,p001,portrait_figure,Juan de Pareja,Diego Velázquez,Baroque,lama,,,False,full_image,589824,22924,0.294431,0.004977,0.289454,alex,256,ok,
lama__mask_robustness__mask_robustness__p001__loss_small__variant_04__mask_bbox_crop__lpips,lama__mask_robustness__mask_robustness__p001__loss_small__variant_04,lama__mask_robustness__mask_robustness__p001__loss_small__variant_04,mask_robustness__p001__loss_small__variant_04,mask_robustness__p001__loss_small__variant_04,mask_robustness,p001,portrait_figure,Juan de Pareja,Diego Velázquez,Baroque,lama,,,False,mask_bbox_crop,399424,22924,0.27705,0.00853,0.26852,alex,256,ok,
lama__mask_robustness__mask_robustness__p001__loss_small__variant_05__content_region__lpips,lama__mask_robustness__mask_robustness__p001__loss_small__variant_05,lama__mask_robustness__mask_robustness__p001__loss_small__variant_05,mask_robustness__p001__loss_small__variant_05,mask_robustness__p001__loss_small__variant_05,mask_robustness,p001,portrait_figure,Juan de Pareja,Diego Velázquez,Baroque,lama,,,False,content_region,509184,22900,0.237648,0.005477,0.232171,alex,256,ok,
lama__mask_robustness__mask_robustness__p001__loss_small__variant_05__full_image__lpips,lama__mask_robustness__mask_robustness__p001__loss_small__variant_05,lama__mask_robustness__mask_robustness__p001__loss_small__variant_05,mask_robustness__p001__loss_small__variant_05,mask_robustness__p001__loss_small__variant_05,mask_robustness,p001,portrait_figure,Juan de Pareja,Diego Velázquez,Baroque,lama,,,False,full_image,589824,22900,0.234587,0.004304,0.230282,alex,256,ok,
lama__mask_robustness__mask_robustness__p001__loss_small__variant_05__mask_bbox_crop__lpips,lama__mask_robustness__mask_robustness__p001__loss_small__variant_05,lama__mask_robustness__mask_robustness__p001__loss_small__variant_05,mask_robustness__p001__loss_small__variant_05,mask_robustness__p001__loss_small__variant_05,mask_robustness,p001,portrait_figure,Juan de Pareja,Diego Velázquez,Baroque,lama,,,False,mask_bbox_crop,376996,22900,0.280618,0.009603,0.271016,alex,256,ok,
lama__mask_robustness__mask_robustness__p001__scratch_thin__variant_01__content_region__lpips,lama__mask_robustness__mask_robustness__p001__scratch_thin__variant_01,lama__mask_robustness__mask_robustness__p001__scratch_thin__variant_01,mask_robustness__p001__scratch_thin__variant_01,mask_robustness__p001__scratch_thin__variant_01,mask_robustness,p001,portrait_figure,Juan de Pareja,Diego Velázquez,Baroque,lama,,,False,content_region,509184,10186,0.179256,0.000741,0.178515,alex,256,ok,
lama__mask_robustness__mask_robustness__p001__scratch_thin__variant_01__full_image__lpips,lama__mask_robustness__mask_robustness__p001__scratch_thin__variant_01,lama__mask_robustness__mask_robustness__p001__scratch_thin__variant_01,mask_robustness__p001__scratch_thin__variant_01,mask_robustness__p001__scratch_thin__variant_01,mask_robustness,p001,portrait_figure,Juan de Pareja,Diego Velázquez,Baroque,lama,,,False,full_image,589824,10186,0.17203,0.000714,0.171315,alex,256,ok,
lama__mask_robustness__mask_robustness__p001__scratch_thin__variant_01__mask_bbox_crop__lpips,lama__mask_robustness__mask_robustness__p001__scratch_thin__variant_01,lama__mask_robustness__mask_robustness__p001__scratch_thin__variant_01,mask_robustness__p001__scratch_thin__variant_01,mask_robustness__p001__scratch_thin__variant_01,mask_robustness,p001,portrait_figure,Juan de Pareja,Diego Velázquez,Baroque,lama,,,False,mask_bbox_crop,461041,10186,0.195963,0.00108,0.194882,alex,256,ok,
lama__mask_robustness__mask_robustness__p001__scratch_thin__variant_02__content_region__lpips,lama__mask_robustness__mask_robustness__p001__scratch_thin__variant_02,lama__mask_robustness__mask_robustness__p001__scratch_thin__variant_02,mask_robustness__p001__scratch_thin__variant_02,mask_robustness__p001__scratch_thin__variant_02,mask_robustness,p001,portrait_figure,Juan de Pareja,Diego Velázquez,Baroque,lama,,,False,content_region,509184,10191,0.39021,0.00283,0.38738,alex,256,ok,
lama__mask_robustness__mask_robustness__p001__scratch_thin__variant_02__full_image__lpips,lama__mask_robustness__mask_robustness__p001__scratch_thin__variant_02,lama__mask_robustness__mask_robustness__p001__scratch_thin__variant_02,mask_robustness__p001__scratch_thin__variant_02,mask_robustness__p001__scratch_thin__variant_02,mask_robustness,p001,portrait_figure,Juan de Pareja,Diego Velázquez,Baroque,lama,,,False,full_image,589824,10191,0.364015,0.003635,0.36038,alex,256,ok,
lama__mask_robustness__mask_robustness__p001__scratch_thin__variant_02__mask_bbox_crop__lpips,lama__mask_robustness__mask_robustness__p001__scratch_thin__variant_02,lama__mask_robustness__mask_robustness__p001__scratch_thin__variant_02,mask_robustness__p001__scratch_thin__variant_02,mask_robustness__p001__scratch_thin__variant_02,mask_robustness,p001,portrait_figure,Juan de Pareja,Diego Velázquez,Baroque,lama,,,False,mask_bbox_crop,454276,10191,0.440429,0.002922,0.437507,alex,256,ok,
lama__mask_robustness__mask_robustness__p001__scratch_thin__variant_03__content_region__lpips,lama__mask_robustness__mask_robustness__p001__scratch_thin__variant_03,lama__mask_robustness__mask_robustness__p001__scratch_thin__variant_03,mask_robustness__p001__scratch_thin__variant_03,mask_robustness__p001__scratch_thin__variant_03,mask_robustness,p001,portrait_figure,Juan de Pareja,Diego Velázquez,Baroque,lama,,,False,content_region,509184,8635,0.459744,0.00068,0.459064,alex,256,ok,
lama__mask_robustness__mask_robustness__p001__scratch_thin__variant_03__full_image__lpips,lama__mask_robustness__mask_robustness__p001__scratch_thin__variant_03,lama__mask_robustness__mask_robustness__p001__scratch_thin__variant_03,mask_robustness__p001__scratch_thin__variant_03,mask_robustness__p001__scratch_thin__variant_03,mask_robustness,p001,portrait_figure,Juan de Pareja,Diego Velázquez,Baroque,lama,,,False,full_image,589824,8635,0.438732,0.000738,0.437994,alex,256,ok,
lama__mask_robustness__mask_robustness__p001__scratch_thin__variant_03__mask_bbox_crop__lpips,lama__mask_robustness__mask_robustness__p001__scratch_thin__variant_03,lama__mask_robustness__mask_robustness__p001__scratch_thin__variant_03,mask_robustness__p001__scratch_thin__variant_03,mask_robustness__p001__scratch_thin__variant_03,mask_robustness,p001,portrait_figure,Juan de Pareja,Diego Velázquez,Baroque,lama,,,False,mask_bbox_crop,466489,8635,0.453173,0.000694,0.452479,alex,256,ok,
lama__mask_robustness__mask_robustness__p001__scratch_thin__variant_04__content_region__lpips,lama__mask_robustness__mask_robustness__p001__scratch_thin__variant_04,lama__mask_robustness__mask_robustness__p001__scratch_thin__variant_04,mask_robustness__p001__scratch_thin__variant_04,mask_robustness__p001__scratch_thin__variant_04,mask_robustness,p001,portrait_figure,Juan de Pareja,Diego Velázquez,Baroque,lama,,,False,content_region,509184,10157,0.500704,0.004021,0.496682,alex,256,ok,
lama__mask_robustness__mask_robustness__p001__scratch_thin__variant_04__full_image__lpips,lama__mask_robustness__mask_robustness__p001__scratch_thin__variant_04,lama__mask_robustness__mask_robustness__p001__scratch_thin__variant_04,mask_robustness__p001__scratch_thin__variant_04,mask_robustness__p001__scratch_thin__variant_04,mask_robustness,p001,portrait_figure,Juan de Pareja,Diego Velázquez,Baroque,lama,,,False,full_image,589824,10157,0.46501,0.005844,0.459166,alex,256,ok,
lama__mask_robustness__mask_robustness__p001__scratch_thin__variant_04__mask_bbox_crop__lpips,lama__mask_robustness__mask_robustness__p001__scratch_thin__variant_04,lama__mask_robustness__mask_robustness__p001__scratch_thin__variant_04,mask_robustness__p001__scratch_thin__variant_04,mask_robustness__p001__scratch_thin__variant_04,mask_robustness,p001,portrait_figure,Juan de Pareja,Diego Velázquez,Baroque,lama,,,False,mask_bbox_crop,514089,10157,0.50447,0.005423,0.499048,alex,256,ok,
lama__mask_robustness__mask_robustness__p001__scratch_thin__variant_05__content_region__lpips,lama__mask_robustness__mask_robustness__p001__scratch_thin__variant_05,lama__mask_robustness__mask_robustness__p001__scratch_thin__variant_05,mask_robustness__p001__scratch_thin__variant_05,mask_robustness__p001__scratch_thin__variant_05,mask_robustness,p001,portrait_figure,Juan de Pareja,Diego Velázquez,Baroque,lama,,,False,content_region,509184,10152,0.509167,0.00136,0.507807,alex,256,ok,
lama__mask_robustness__mask_robustness__p001__scratch_thin__variant_05__full_image__lpips,lama__mask_robustness__mask_robustness__p001__scratch_thin__variant_05,lama__mask_robustness__mask_robustness__p001__scratch_thin__variant_05,mask_robustness__p001__scratch_thin__variant_05,mask_robustness__p001__scratch_thin__variant_05,mask_robustness,p001,portrait_figure,Juan de Pareja,Diego Velázquez,Baroque,lama,,,False,full_image,589824,10152,0.498262,0.002608,0.495653,alex,256,ok,
lama__mask_robustness__mask_robustness__p001__scratch_thin__variant_05__mask_bbox_crop__lpips,lama__mask_robustness__mask_robustness__p001__scratch_thin__variant_05,lama__mask_robustness__mask_robustness__p001__scratch_thin__variant_05,mask_robustness__p001__scratch_thin__variant_05,mask_robustness__p001__scratch_thin__variant_05,mask_robustness,p001,portrait_figure,Juan de Pareja,Diego Velázquez,Baroque,lama,,,False,mask_bbox_crop,589824,10152,0.498262,0.002608,0.495653,alex,256,ok,
lama__mask_robustness__mask_robustness__p018__loss_large__variant_01__content_region__lpips,lama__mask_robustness__mask_robustness__p018__loss_large__variant_01,lama__mask_robustness__mask_robustness__p018__loss_large__variant_01,mask_robustness__p018__loss_large__variant_01,mask_robustness__p018__loss_large__variant_01,mask_robustness,p018,landscape_natural,Classical Landscape with Figures,Henri Mauperché,,lama,,,False,content_region,389376,48662,0.250581,0.039346,0.211235,alex,256,ok,
lama__mask_robustness__mask_robustness__p018__loss_large__variant_01__full_image__lpips,lama__mask_robustness__mask_robustness__p018__loss_large__variant_01,lama__mask_robustness__mask_robustness__p018__loss_large__variant_01,mask_robustness__p018__loss_large__variant_01,mask_robustness__p018__loss_large__variant_01,mask_robustness,p018,landscape_natural,Classical Landscape with Figures,Henri Mauperché,,lama,,,False,full_image,589824,48662,0.171067,0.025574,0.145493,alex,256,ok,
lama__mask_robustness__mask_robustness__p018__loss_large__variant_01__mask_bbox_crop__lpips,lama__mask_robustness__mask_robustness__p018__loss_large__variant_01,lama__mask_robustness__mask_robustness__p018__loss_large__variant_01,mask_robustness__p018__loss_large__variant_01,mask_robustness__p018__loss_large__variant_01,mask_robustness,p018,landscape_natural,Classical Landscape with Figures,Henri Mauperché,,lama,,,False,mask_bbox_crop,123201,48662,0.52933,0.138492,0.390838,alex,256,ok,
lama__mask_robustness__mask_robustness__p018__loss_large__variant_02__content_region__lpips,lama__mask_robustness__mask_robustness__p018__loss_large__variant_02,lama__mask_robustness__mask_robustness__p018__loss_large__variant_02,mask_robustness__p018__loss_large__variant_02,mask_robustness__p018__loss_large__variant_02,mask_robustness,p018,landscape_natural,Classical Landscape with Figures,Henri Mauperché,,lama,,,False,content_region,389376,48683,0.204527,0.036346,0.168181,alex,256,ok,
lama__mask_robustness__mask_robustness__p018__loss_large__variant_02__full_image__lpips,lama__mask_robustness__mask_robustness__p018__loss_large__variant_02,lama__mask_robustness__mask_robustness__p018__loss_large__variant_02,mask_robustness__p018__loss_large__variant_02,mask_robustness__p018__loss_large__variant_02,mask_robustness,p018,landscape_natural,Classical Landscape with Figures,Henri Mauperché,,lama,,,False,full_image,589824,48683,0.155582,0.022258,0.133324,alex,256,ok,
lama__mask_robustness__mask_robustness__p018__loss_large__variant_02__mask_bbox_crop__lpips,lama__mask_robustness__mask_robustness__p018__loss_large__variant_02,lama__mask_robustness__mask_robustness__p018__loss_large__variant_02,mask_robustness__p018__loss_large__variant_02,mask_robustness__p018__loss_large__variant_02,mask_robustness,p018,landscape_natural,Classical Landscape with Figures,Henri Mauperché,,lama,,,False,mask_bbox_crop,179776,48683,0.342681,0.077873,0.264808,alex,256,ok,
lama__mask_robustness__mask_robustness__p018__loss_large__variant_03__content_region__lpips,lama__mask_robustness__mask_robustness__p018__loss_large__variant_03,lama__mask_robustness__mask_robustness__p018__loss_large__variant_03,mask_robustness__p018__loss_large__variant_03,mask_robustness__p018__loss_large__variant_03,mask_robustness,p018,landscape_natural,Classical Landscape with Figures,Henri Mauperché,,lama,,,False,content_region,389376,48634,0.191403,0.039955,0.151447,alex,256,ok,
lama__mask_robustness__mask_robustness__p018__loss_large__variant_03__full_image__lpips,lama__mask_robustness__mask_robustness__p018__loss_large__variant_03,lama__mask_robustness__mask_robustness__p018__loss_large__variant_03,mask_robustness__p018__loss_large__variant_03,mask_robustness__p018__loss_large__variant_03,mask_robustness,p018,landscape_natural,Classical Landscape with Figures,Henri Mauperché,,lama,,,False,full_image,589824,48634,0.134721,0.021264,0.113457,alex,256,ok,
lama__mask_robustness__mask_robustness__p018__loss_large__variant_03__mask_bbox_crop__lpips,lama__mask_robustness__mask_robustness__p018__loss_large__variant_03,lama__mask_robustness__mask_robustness__p018__loss_large__variant_03,mask_robustness__p018__loss_large__variant_03,mask_robustness__p018__loss_large__variant_03,mask_robustness,p018,landscape_natural,Classical Landscape with Figures,Henri Mauperché,,lama,,,False,mask_bbox_crop,108241,48634,0.553011,0.147492,0.405519,alex,256,ok,
lama__mask_robustness__mask_robustness__p018__loss_large__variant_04__content_region__lpips,lama__mask_robustness__mask_robustness__p018__loss_large__variant_04,lama__mask_robustness__mask_robustness__p018__loss_large__variant_04,mask_robustness__p018__loss_large__variant_04,mask_robustness__p018__loss_large__variant_04,mask_robustness,p018,landscape_natural,Classical Landscape with Figures,Henri Mauperché,,lama,,,False,content_region,389376,48681,0.222727,0.039833,0.182893,alex,256,ok,
lama__mask_robustness__mask_robustness__p018__loss_large__variant_04__full_image__lpips,lama__mask_robustness__mask_robustness__p018__loss_large__variant_04,lama__mask_robustness__mask_robustness__p018__loss_large__variant_04,mask_robustness__p018__loss_large__variant_04,mask_robustness__p018__loss_large__variant_04,mask_robustness,p018,landscape_natural,Classical Landscape with Figures,Henri Mauperché,,lama,,,False,full_image,589824,48681,0.160898,0.026944,0.133954,alex,256,ok,
lama__mask_robustness__mask_robustness__p018__loss_large__variant_04__mask_bbox_crop__lpips,lama__mask_robustness__mask_robustness__p018__loss_large__variant_04,lama__mask_robustness__mask_robustness__p018__loss_large__variant_04,mask_robustness__p018__loss_large__variant_04,mask_robustness__p018__loss_large__variant_04,mask_robustness,p018,landscape_natural,Classical Landscape with Figures,Henri Mauperché,,lama,,,False,mask_bbox_crop,106276,48681,0.569748,0.15912,0.410628,alex,256,ok,
lama__mask_robustness__mask_robustness__p018__loss_large__variant_05__content_region__lpips,lama__mask_robustness__mask_robustness__p018__loss_large__variant_05,lama__mask_robustness__mask_robustness__p018__loss_large__variant_05,mask_robustness__p018__loss_large__variant_05,mask_robustness__p018__loss_large__variant_05,mask_robustness,p018,landscape_natural,Classical Landscape with Figures,Henri Mauperché,,lama,,,False,content_region,389376,48678,0.221993,0.029503,0.19249,alex,256,ok,
lama__mask_robustness__mask_robustness__p018__loss_large__variant_05__full_image__lpips,lama__mask_robustness__mask_robustness__p018__loss_large__variant_05,lama__mask_robustness__mask_robustness__p018__loss_large__variant_05,mask_robustness__p018__loss_large__variant_05,mask_robustness__p018__loss_large__variant_05,mask_robustness,p018,landscape_natural,Classical Landscape with Figures,Henri Mauperché,,lama,,,False,full_image,589824,48678,0.149914,0.016746,0.133168,alex,256,ok,
lama__mask_robustness__mask_robustness__p018__loss_large__variant_05__mask_bbox_crop__lpips,lama__mask_robustness__mask_robustness__p018__loss_large__variant_05,lama__mask_robustness__mask_robustness__p018__loss_large__variant_05,mask_robustness__p018__loss_large__variant_05,mask_robustness__p018__loss_large__variant_05,mask_robustness,p018,landscape_natural,Classical Landscape with Figures,Henri Mauperché,,lama,,,False,mask_bbox_crop,214369,48678,0.320439,0.056754,0.263685,alex,256,ok,
lama__mask_robustness__mask_robustness__p018__loss_small__variant_01__content_region__lpips,lama__mask_robustness__mask_robustness__p018__loss_small__variant_01,lama__mask_robustness__mask_robustness__p018__loss_small__variant_01,mask_robustness__p018__loss_small__variant_01,mask_robustness__p018__loss_small__variant_01,mask_robustness,p018,landscape_natural,Classical Landscape with Figures,Henri Mauperché,,lama,,,False,content_region,389376,17562,0.157637,0.013137,0.1445,alex,256,ok,
lama__mask_robustness__mask_robustness__p018__loss_small__variant_01__full_image__lpips,lama__mask_robustness__mask_robustness__p018__loss_small__variant_01,lama__mask_robustness__mask_robustness__p018__loss_small__variant_01,mask_robustness__p018__loss_small__variant_01,mask_robustness__p018__loss_small__variant_01,mask_robustness,p018,landscape_natural,Classical Landscape with Figures,Henri Mauperché,,lama,,,False,full_image,589824,17562,0.118405,0.006796,0.111609,alex,256,ok,
lama__mask_robustness__mask_robustness__p018__loss_small__variant_01__mask_bbox_crop__lpips,lama__mask_robustness__mask_robustness__p018__loss_small__variant_01,lama__mask_robustness__mask_robustness__p018__loss_small__variant_01,mask_robustness__p018__loss_small__variant_01,mask_robustness__p018__loss_small__variant_01,mask_robustness,p018,landscape_natural,Classical Landscape with Figures,Henri Mauperché,,lama,,,False,mask_bbox_crop,435600,17562,0.136734,0.008356,0.128378,alex,256,ok,
lama__mask_robustness__mask_robustness__p018__loss_small__variant_02__content_region__lpips,lama__mask_robustness__mask_robustness__p018__loss_small__variant_02,lama__mask_robustness__mask_robustness__p018__loss_small__variant_02,mask_robustness__p018__loss_small__variant_02,mask_robustness__p018__loss_small__variant_02,mask_robustness,p018,landscape_natural,Classical Landscape with Figures,Henri Mauperché,,lama,,,False,content_region,389376,17494,0.169595,0.006466,0.163129,alex,256,ok,
lama__mask_robustness__mask_robustness__p018__loss_small__variant_02__full_image__lpips,lama__mask_robustness__mask_robustness__p018__loss_small__variant_02,lama__mask_robustness__mask_robustness__p018__loss_small__variant_02,mask_robustness__p018__loss_small__variant_02,mask_robustness__p018__loss_small__variant_02,mask_robustness,p018,landscape_natural,Classical Landscape with Figures,Henri Mauperché,,lama,,,False,full_image,589824,17494,0.140836,0.003949,0.136887,alex,256,ok,
lama__mask_robustness__mask_robustness__p018__loss_small__variant_02__mask_bbox_crop__lpips,lama__mask_robustness__mask_robustness__p018__loss_small__variant_02,lama__mask_robustness__mask_robustness__p018__loss_small__variant_02,mask_robustness__p018__loss_small__variant_02,mask_robustness__p018__loss_small__variant_02,mask_robustness,p018,landscape_natural,Classical Landscape with Figures,Henri Mauperché,,lama,,,False,mask_bbox_crop,412164,17494,0.174003,0.006734,0.167269,alex,256,ok,
lama__mask_robustness__mask_robustness__p018__loss_small__variant_03__content_region__lpips,lama__mask_robustness__mask_robustness__p018__loss_small__variant_03,lama__mask_robustness__mask_robustness__p018__loss_small__variant_03,mask_robustness__p018__loss_small__variant_03,mask_robustness__p018__loss_small__variant_03,mask_robustness,p018,landscape_natural,Classical Landscape with Figures,Henri Mauperché,,lama,,,False,content_region,389376,17537,0.162533,0.005927,0.156606,alex,256,ok,
lama__mask_robustness__mask_robustness__p018__loss_small__variant_03__full_image__lpips,lama__mask_robustness__mask_robustness__p018__loss_small__variant_03,lama__mask_robustness__mask_robustness__p018__loss_small__variant_03,mask_robustness__p018__loss_small__variant_03,mask_robustness__p018__loss_small__variant_03,mask_robustness,p018,landscape_natural,Classical Landscape with Figures,Henri Mauperché,,lama,,,False,full_image,589824,17537,0.121196,0.003412,0.117784,alex,256,ok,
lama__mask_robustness__mask_robustness__p018__loss_small__variant_03__mask_bbox_crop__lpips,lama__mask_robustness__mask_robustness__p018__loss_small__variant_03,lama__mask_robustness__mask_robustness__p018__loss_small__variant_03,mask_robustness__p018__loss_small__variant_03,mask_robustness__p018__loss_small__variant_03,mask_robustness,p018,landscape_natural,Classical Landscape with Figures,Henri Mauperché,,lama,,,False,mask_bbox_crop,209764,17537,0.257238,0.011347,0.245891,alex,256,ok,
lama__mask_robustness__mask_robustness__p018__loss_small__variant_04__content_region__lpips,lama__mask_robustness__mask_robustness__p018__loss_small__variant_04,lama__mask_robustness__mask_robustness__p018__loss_small__variant_04,mask_robustness__p018__loss_small__variant_04,mask_robustness__p018__loss_small__variant_04,mask_robustness,p018,landscape_natural,Classical Landscape with Figures,Henri Mauperché,,lama,,,False,content_region,389376,17521,0.22034,0.003351,0.216989,alex,256,ok,
lama__mask_robustness__mask_robustness__p018__loss_small__variant_04__full_image__lpips,lama__mask_robustness__mask_robustness__p018__loss_small__variant_04,lama__mask_robustness__mask_robustness__p018__loss_small__variant_04,mask_robustness__p018__loss_small__variant_04,mask_robustness__p018__loss_small__variant_04,mask_robustness,p018,landscape_natural,Classical Landscape with Figures,Henri Mauperché,,lama,,,False,full_image,589824,17521,0.152899,0.002339,0.15056,alex,256,ok,
lama__mask_robustness__mask_robustness__p018__loss_small__variant_04__mask_bbox_crop__lpips,lama__mask_robustness__mask_robustness__p018__loss_small__variant_04,lama__mask_robustness__mask_robustness__p018__loss_small__variant_04,mask_robustness__p018__loss_small__variant_04,mask_robustness__p018__loss_small__variant_04,mask_robustness,p018,landscape_natural,Classical Landscape with Figures,Henri Mauperché,,lama,,,False,mask_bbox_crop,425104,17521,0.179824,0.003206,0.176618,alex,256,ok,
lama__mask_robustness__mask_robustness__p018__loss_small__variant_05__content_region__lpips,lama__mask_robustness__mask_robustness__p018__loss_small__variant_05,lama__mask_robustness__mask_robustness__p018__loss_small__variant_05,mask_robustness__p018__loss_small__variant_05,mask_robustness__p018__loss_small__variant_05,mask_robustness,p018,landscape_natural,Classical Landscape with Figures,Henri Mauperché,,lama,,,False,content_region,389376,17483,0.216253,0.016122,0.200131,alex,256,ok,
lama__mask_robustness__mask_robustness__p018__loss_small__variant_05__full_image__lpips,lama__mask_robustness__mask_robustness__p018__loss_small__variant_05,lama__mask_robustness__mask_robustness__p018__loss_small__variant_05,mask_robustness__p018__loss_small__variant_05,mask_robustness__p018__loss_small__variant_05,mask_robustness,p018,landscape_natural,Classical Landscape with Figures,Henri Mauperché,,lama,,,False,full_image,589824,17483,0.156848,0.010882,0.145966,alex,256,ok,
lama__mask_robustness__mask_robustness__p018__loss_small__variant_05__mask_bbox_crop__lpips,lama__mask_robustness__mask_robustness__p018__loss_small__variant_05,lama__mask_robustness__mask_robustness__p018__loss_small__variant_05,mask_robustness__p018__loss_small__variant_05,mask_robustness__p018__loss_small__variant_05,mask_robustness,p018,landscape_natural,Classical Landscape with Figures,Henri Mauperché,,lama,,,False,mask_bbox_crop,339889,17483,0.210455,0.018255,0.1922,alex,256,ok,
lama__mask_robustness__mask_robustness__p018__scratch_thin__variant_01__content_region__lpips,lama__mask_robustness__mask_robustness__p018__scratch_thin__variant_01,lama__mask_robustness__mask_robustness__p018__scratch_thin__variant_01,mask_robustness__p018__scratch_thin__variant_01,mask_robustness__p018__scratch_thin__variant_01,mask_robustness,p018,landscape_natural,Classical Landscape with Figures,Henri Mauperché,,lama,,,False,content_region,389376,7822,0.302712,0.000947,0.301764,alex,256,ok,
lama__mask_robustness__mask_robustness__p018__scratch_thin__variant_01__full_image__lpips,lama__mask_robustness__mask_robustness__p018__scratch_thin__variant_01,lama__mask_robustness__mask_robustness__p018__scratch_thin__variant_01,mask_robustness__p018__scratch_thin__variant_01,mask_robustness__p018__scratch_thin__variant_01,mask_robustness,p018,landscape_natural,Classical Landscape with Figures,Henri Mauperché,,lama,,,False,full_image,589824,7822,0.252368,0.000599,0.251769,alex,256,ok,
lama__mask_robustness__mask_robustness__p018__scratch_thin__variant_01__mask_bbox_crop__lpips,lama__mask_robustness__mask_robustness__p018__scratch_thin__variant_01,lama__mask_robustness__mask_robustness__p018__scratch_thin__variant_01,mask_robustness__p018__scratch_thin__variant_01,mask_robustness__p018__scratch_thin__variant_01,mask_robustness,p018,landscape_natural,Classical Landscape with Figures,Henri Mauperché,,lama,,,False,mask_bbox_crop,576081,7822,0.254026,0.000626,0.2534,alex,256,ok,
lama__mask_robustness__mask_robustness__p018__scratch_thin__variant_02__content_region__lpips,lama__mask_robustness__mask_robustness__p018__scratch_thin__variant_02,lama__mask_robustness__mask_robustness__p018__scratch_thin__variant_02,mask_robustness__p018__scratch_thin__variant_02,mask_robustness__p018__scratch_thin__variant_02,mask_robustness,p018,landscape_natural,Classical Landscape with Figures,Henri Mauperché,,lama,,,False,content_region,389376,7894,0.293736,0.00094,0.292796,alex,256,ok,
lama__mask_robustness__mask_robustness__p018__scratch_thin__variant_02__full_image__lpips,lama__mask_robustness__mask_robustness__p018__scratch_thin__variant_02,lama__mask_robustness__mask_robustness__p018__scratch_thin__variant_02,mask_robustness__p018__scratch_thin__variant_02,mask_robustness__p018__scratch_thin__variant_02,mask_robustness,p018,landscape_natural,Classical Landscape with Figures,Henri Mauperché,,lama,,,False,full_image,589824,7894,0.229775,0.000869,0.228906,alex,256,ok,
lama__mask_robustness__mask_robustness__p018__scratch_thin__variant_02__mask_bbox_crop__lpips,lama__mask_robustness__mask_robustness__p018__scratch_thin__variant_02,lama__mask_robustness__mask_robustness__p018__scratch_thin__variant_02,mask_robustness__p018__scratch_thin__variant_02,mask_robustness__p018__scratch_thin__variant_02,mask_robustness,p018,landscape_natural,Classical Landscape with Figures,Henri Mauperché,,lama,,,False,mask_bbox_crop,443556,7894,0.294946,0.001197,0.293749,alex,256,ok,
lama__mask_robustness__mask_robustness__p018__scratch_thin__variant_03__content_region__lpips,lama__mask_robustness__mask_robustness__p018__scratch_thin__variant_03,lama__mask_robustness__mask_robustness__p018__scratch_thin__variant_03,mask_robustness__p018__scratch_thin__variant_03,mask_robustness__p018__scratch_thin__variant_03,mask_robustness,p018,landscape_natural,Classical Landscape with Figures,Henri Mauperché,,lama,,,False,content_region,389376,7790,0.302994,0.001207,0.301787,alex,256,ok,
lama__mask_robustness__mask_robustness__p018__scratch_thin__variant_03__full_image__lpips,lama__mask_robustness__mask_robustness__p018__scratch_thin__variant_03,lama__mask_robustness__mask_robustness__p018__scratch_thin__variant_03,mask_robustness__p018__scratch_thin__variant_03,mask_robustness__p018__scratch_thin__variant_03,mask_robustness,p018,landscape_natural,Classical Landscape with Figures,Henri Mauperché,,lama,,,False,full_image,589824,7790,0.277383,0.000745,0.276638,alex,256,ok,
lama__mask_robustness__mask_robustness__p018__scratch_thin__variant_03__mask_bbox_crop__lpips,lama__mask_robustness__mask_robustness__p018__scratch_thin__variant_03,lama__mask_robustness__mask_robustness__p018__scratch_thin__variant_03,mask_robustness__p018__scratch_thin__variant_03,mask_robustness__p018__scratch_thin__variant_03,mask_robustness,p018,landscape_natural,Classical Landscape with Figures,Henri Mauperché,,lama,,,False,mask_bbox_crop,589824,7790,0.277383,0.000745,0.276638,alex,256,ok,
lama__mask_robustness__mask_robustness__p018__scratch_thin__variant_04__content_region__lpips,lama__mask_robustness__mask_robustness__p018__scratch_thin__variant_04,lama__mask_robustness__mask_robustness__p018__scratch_thin__variant_04,mask_robustness__p018__scratch_thin__variant_04,mask_robustness__p018__scratch_thin__variant_04,mask_robustness,p018,landscape_natural,Classical Landscape with Figures,Henri Mauperché,,lama,,,False,content_region,389376,7788,0.328267,0.002163,0.326104,alex,256,ok,
lama__mask_robustness__mask_robustness__p018__scratch_thin__variant_04__full_image__lpips,lama__mask_robustness__mask_robustness__p018__scratch_thin__variant_04,lama__mask_robustness__mask_robustness__p018__scratch_thin__variant_04,mask_robustness__p018__scratch_thin__variant_04,mask_robustness__p018__scratch_thin__variant_04,mask_robustness,p018,landscape_natural,Classical Landscape with Figures,Henri Mauperché,,lama,,,False,full_image,589824,7788,0.230533,0.001255,0.229278,alex,256,ok,
lama__mask_robustness__mask_robustness__p018__scratch_thin__variant_04__mask_bbox_crop__lpips,lama__mask_robustness__mask_robustness__p018__scratch_thin__variant_04,lama__mask_robustness__mask_robustness__p018__scratch_thin__variant_04,mask_robustness__p018__scratch_thin__variant_04,mask_robustness__p018__scratch_thin__variant_04,mask_robustness,p018,landscape_natural,Classical Landscape with Figures,Henri Mauperché,,lama,,,False,mask_bbox_crop,344569,7788,0.35268,0.003309,0.34937,alex,256,ok,
lama__mask_robustness__mask_robustness__p018__scratch_thin__variant_05__content_region__lpips,lama__mask_robustness__mask_robustness__p018__scratch_thin__variant_05,lama__mask_robustness__mask_robustness__p018__scratch_thin__variant_05,mask_robustness__p018__scratch_thin__variant_05,mask_robustness__p018__scratch_thin__variant_05,mask_robustness,p018,landscape_natural,Classical Landscape with Figures,Henri Mauperché,,lama,,,False,content_region,389376,7782,0.382885,0.001298,0.381587,alex,256,ok,
lama__mask_robustness__mask_robustness__p018__scratch_thin__variant_05__full_image__lpips,lama__mask_robustness__mask_robustness__p018__scratch_thin__variant_05,lama__mask_robustness__mask_robustness__p018__scratch_thin__variant_05,mask_robustness__p018__scratch_thin__variant_05,mask_robustness__p018__scratch_thin__variant_05,mask_robustness,p018,landscape_natural,Classical Landscape with Figures,Henri Mauperché,,lama,,,False,full_image,589824,7782,0.26149,0.00052,0.26097,alex,256,ok,
lama__mask_robustness__mask_robustness__p018__scratch_thin__variant_05__mask_bbox_crop__lpips,lama__mask_robustness__mask_robustness__p018__scratch_thin__variant_05,lama__mask_robustness__mask_robustness__p018__scratch_thin__variant_05,mask_robustness__p018__scratch_thin__variant_05,mask_robustness__p018__scratch_thin__variant_05,mask_robustness,p018,landscape_natural,Classical Landscape with Figures,Henri Mauperché,,lama,,,False,mask_bbox_crop,351649,7782,0.367872,0.00136,0.366512,alex,256,ok,
lama__mask_robustness__mask_robustness__p026__loss_large__variant_01__content_region__lpips,lama__mask_robustness__mask_robustness__p026__loss_large__variant_01,lama__mask_robustness__mask_robustness__p026__loss_large__variant_01,mask_robustness__p026__loss_large__variant_01,mask_robustness__p026__loss_large__variant_01,mask_robustness,p026,architecture_structured,View of a Village along a River,attributed to Jan Brueghel I,,lama,,,False,content_region,406272,50871,0.308067,0.067492,0.240575,alex,256,ok,
lama__mask_robustness__mask_robustness__p026__loss_large__variant_01__full_image__lpips,lama__mask_robustness__mask_robustness__p026__loss_large__variant_01,lama__mask_robustness__mask_robustness__p026__loss_large__variant_01,mask_robustness__p026__loss_large__variant_01,mask_robustness__p026__loss_large__variant_01,mask_robustness,p026,architecture_structured,View of a Village along a River,attributed to Jan Brueghel I,,lama,,,False,full_image,589824,50871,0.232789,0.049735,0.183054,alex,256,ok,
lama__mask_robustness__mask_robustness__p026__loss_large__variant_01__mask_bbox_crop__lpips,lama__mask_robustness__mask_robustness__p026__loss_large__variant_01,lama__mask_robustness__mask_robustness__p026__loss_large__variant_01,mask_robustness__p026__loss_large__variant_01,mask_robustness__p026__loss_large__variant_01,mask_robustness,p026,architecture_structured,View of a Village along a River,attributed to Jan Brueghel I,,lama,,,False,mask_bbox_crop,110224,50871,0.706655,0.237198,0.469457,alex,256,ok,
lama__mask_robustness__mask_robustness__p026__loss_large__variant_02__content_region__lpips,lama__mask_robustness__mask_robustness__p026__loss_large__variant_02,lama__mask_robustness__mask_robustness__p026__loss_large__variant_02,mask_robustness__p026__loss_large__variant_02,mask_robustness__p026__loss_large__variant_02,mask_robustness,p026,architecture_structured,View of a Village along a River,attributed to Jan Brueghel I,,lama,,,False,content_region,406272,50836,0.278198,0.062401,0.215797,alex,256,ok,
lama__mask_robustness__mask_robustness__p026__loss_large__variant_02__full_image__lpips,lama__mask_robustness__mask_robustness__p026__loss_large__variant_02,lama__mask_robustness__mask_robustness__p026__loss_large__variant_02,mask_robustness__p026__loss_large__variant_02,mask_robustness__p026__loss_large__variant_02,mask_robustness,p026,architecture_structured,View of a Village along a River,attributed to Jan Brueghel I,,lama,,,False,full_image,589824,50836,0.215487,0.048222,0.167265,alex,256,ok,
lama__mask_robustness__mask_robustness__p026__loss_large__variant_02__mask_bbox_crop__lpips,lama__mask_robustness__mask_robustness__p026__loss_large__variant_02,lama__mask_robustness__mask_robustness__p026__loss_large__variant_02,mask_robustness__p026__loss_large__variant_02,mask_robustness__p026__loss_large__variant_02,mask_robustness,p026,architecture_structured,View of a Village along a River,attributed to Jan Brueghel I,,lama,,,False,mask_bbox_crop,123904,50836,0.625557,0.214161,0.411397,alex,256,ok,
lama__mask_robustness__mask_robustness__p026__loss_large__variant_03__content_region__lpips,lama__mask_robustness__mask_robustness__p026__loss_large__variant_03,lama__mask_robustness__mask_robustness__p026__loss_large__variant_03,mask_robustness__p026__loss_large__variant_03,mask_robustness__p026__loss_large__variant_03,mask_robustness,p026,architecture_structured,View of a Village along a River,attributed to Jan Brueghel I,,lama,,,False,content_region,406272,50777,0.319871,0.088027,0.231844,alex,256,ok,
lama__mask_robustness__mask_robustness__p026__loss_large__variant_03__full_image__lpips,lama__mask_robustness__mask_robustness__p026__loss_large__variant_03,lama__mask_robustness__mask_robustness__p026__loss_large__variant_03,mask_robustness__p026__loss_large__variant_03,mask_robustness__p026__loss_large__variant_03,mask_robustness,p026,architecture_structured,View of a Village along a River,attributed to Jan Brueghel I,,lama,,,False,full_image,589824,50777,0.247343,0.063628,0.183715,alex,256,ok,
lama__mask_robustness__mask_robustness__p026__loss_large__variant_03__mask_bbox_crop__lpips,lama__mask_robustness__mask_robustness__p026__loss_large__variant_03,lama__mask_robustness__mask_robustness__p026__loss_large__variant_03,mask_robustness__p026__loss_large__variant_03,mask_robustness__p026__loss_large__variant_03,mask_robustness,p026,architecture_structured,View of a Village along a River,attributed to Jan Brueghel I,,lama,,,False,mask_bbox_crop,183184,50777,0.534849,0.155752,0.379097,alex,256,ok,
lama__mask_robustness__mask_robustness__p026__loss_large__variant_04__content_region__lpips,lama__mask_robustness__mask_robustness__p026__loss_large__variant_04,lama__mask_robustness__mask_robustness__p026__loss_large__variant_04,mask_robustness__p026__loss_large__variant_04,mask_robustness__p026__loss_large__variant_04,mask_robustness,p026,architecture_structured,View of a Village along a River,attributed to Jan Brueghel I,,lama,,,False,content_region,406272,50794,0.341678,0.057896,0.283783,alex,256,ok,
lama__mask_robustness__mask_robustness__p026__loss_large__variant_04__full_image__lpips,lama__mask_robustness__mask_robustness__p026__loss_large__variant_04,lama__mask_robustness__mask_robustness__p026__loss_large__variant_04,mask_robustness__p026__loss_large__variant_04,mask_robustness__p026__loss_large__variant_04,mask_robustness,p026,architecture_structured,View of a Village along a River,attributed to Jan Brueghel I,,lama,,,False,full_image,589824,50794,0.268024,0.035812,0.232212,alex,256,ok,
lama__mask_robustness__mask_robustness__p026__loss_large__variant_04__mask_bbox_crop__lpips,lama__mask_robustness__mask_robustness__p026__loss_large__variant_04,lama__mask_robustness__mask_robustness__p026__loss_large__variant_04,mask_robustness__p026__loss_large__variant_04,mask_robustness__p026__loss_large__variant_04,mask_robustness,p026,architecture_structured,View of a Village along a River,attributed to Jan Brueghel I,,lama,,,False,mask_bbox_crop,272484,50794,0.399231,0.084854,0.314378,alex,256,ok,
lama__mask_robustness__mask_robustness__p026__loss_large__variant_05__content_region__lpips,lama__mask_robustness__mask_robustness__p026__loss_large__variant_05,lama__mask_robustness__mask_robustness__p026__loss_large__variant_05,mask_robustness__p026__loss_large__variant_05,mask_robustness__p026__loss_large__variant_05,mask_robustness,p026,architecture_structured,View of a Village along a River,attributed to Jan Brueghel I,,lama,,,False,content_region,406272,50704,0.297235,0.06666,0.230575,alex,256,ok,
lama__mask_robustness__mask_robustness__p026__loss_large__variant_05__full_image__lpips,lama__mask_robustness__mask_robustness__p026__loss_large__variant_05,lama__mask_robustness__mask_robustness__p026__loss_large__variant_05,mask_robustness__p026__loss_large__variant_05,mask_robustness__p026__loss_large__variant_05,mask_robustness,p026,architecture_structured,View of a Village along a River,attributed to Jan Brueghel I,,lama,,,False,full_image,589824,50704,0.219876,0.051309,0.168566,alex,256,ok,
lama__mask_robustness__mask_robustness__p026__loss_large__variant_05__mask_bbox_crop__lpips,lama__mask_robustness__mask_robustness__p026__loss_large__variant_05,lama__mask_robustness__mask_robustness__p026__loss_large__variant_05,mask_robustness__p026__loss_large__variant_05,mask_robustness__p026__loss_large__variant_05,mask_robustness,p026,architecture_structured,View of a Village along a River,attributed to Jan Brueghel I,,lama,,,False,mask_bbox_crop,137641,50704,0.590504,0.176118,0.414387,alex,256,ok,
lama__mask_robustness__mask_robustness__p026__loss_small__variant_01__content_region__lpips,lama__mask_robustness__mask_robustness__p026__loss_small__variant_01,lama__mask_robustness__mask_robustness__p026__loss_small__variant_01,mask_robustness__p026__loss_small__variant_01,mask_robustness__p026__loss_small__variant_01,mask_robustness,p026,architecture_structured,View of a Village along a River,attributed to Jan Brueghel I,,lama,,,False,content_region,406272,18250,0.265362,0.009729,0.255633,alex,256,ok,
lama__mask_robustness__mask_robustness__p026__loss_small__variant_01__full_image__lpips,lama__mask_robustness__mask_robustness__p026__loss_small__variant_01,lama__mask_robustness__mask_robustness__p026__loss_small__variant_01,mask_robustness__p026__loss_small__variant_01,mask_robustness__p026__loss_small__variant_01,mask_robustness,p026,architecture_structured,View of a Village along a River,attributed to Jan Brueghel I,,lama,,,False,full_image,589824,18250,0.216976,0.006577,0.2104,alex,256,ok,
lama__mask_robustness__mask_robustness__p026__loss_small__variant_01__mask_bbox_crop__lpips,lama__mask_robustness__mask_robustness__p026__loss_small__variant_01,lama__mask_robustness__mask_robustness__p026__loss_small__variant_01,mask_robustness__p026__loss_small__variant_01,mask_robustness__p026__loss_small__variant_01,mask_robustness,p026,architecture_structured,View of a Village along a River,attributed to Jan Brueghel I,,lama,,,False,mask_bbox_crop,332929,18250,0.277205,0.010885,0.26632,alex,256,ok,
lama__mask_robustness__mask_robustness__p026__loss_small__variant_02__content_region__lpips,lama__mask_robustness__mask_robustness__p026__loss_small__variant_02,lama__mask_robustness__mask_robustness__p026__loss_small__variant_02,mask_robustness__p026__loss_small__variant_02,mask_robustness__p026__loss_small__variant_02,mask_robustness,p026,architecture_structured,View of a Village along a River,attributed to Jan Brueghel I,,lama,,,False,content_region,406272,18265,0.220929,0.005733,0.215195,alex,256,ok,
lama__mask_robustness__mask_robustness__p026__loss_small__variant_02__full_image__lpips,lama__mask_robustness__mask_robustness__p026__loss_small__variant_02,lama__mask_robustness__mask_robustness__p026__loss_small__variant_02,mask_robustness__p026__loss_small__variant_02,mask_robustness__p026__loss_small__variant_02,mask_robustness,p026,architecture_structured,View of a Village along a River,attributed to Jan Brueghel I,,lama,,,False,full_image,589824,18265,0.186597,0.00291,0.183687,alex,256,ok,
lama__mask_robustness__mask_robustness__p026__loss_small__variant_02__mask_bbox_crop__lpips,lama__mask_robustness__mask_robustness__p026__loss_small__variant_02,lama__mask_robustness__mask_robustness__p026__loss_small__variant_02,mask_robustness__p026__loss_small__variant_02,mask_robustness__p026__loss_small__variant_02,mask_robustness,p026,architecture_structured,View of a Village along a River,attributed to Jan Brueghel I,,lama,,,False,mask_bbox_crop,471969,18265,0.194798,0.003684,0.191114,alex,256,ok,
lama__mask_robustness__mask_robustness__p026__loss_small__variant_03__content_region__lpips,lama__mask_robustness__mask_robustness__p026__loss_small__variant_03,lama__mask_robustness__mask_robustness__p026__loss_small__variant_03,mask_robustness__p026__loss_small__variant_03,mask_robustness__p026__loss_small__variant_03,mask_robustness,p026,architecture_structured,View of a Village along a River,attributed to Jan Brueghel I,,lama,,,False,content_region,406272,18241,0.231616,0.022514,0.209102,alex,256,ok,
lama__mask_robustness__mask_robustness__p026__loss_small__variant_03__full_image__lpips,lama__mask_robustness__mask_robustness__p026__loss_small__variant_03,lama__mask_robustness__mask_robustness__p026__loss_small__variant_03,mask_robustness__p026__loss_small__variant_03,mask_robustness__p026__loss_small__variant_03,mask_robustness,p026,architecture_structured,View of a Village along a River,attributed to Jan Brueghel I,,lama,,,False,full_image,589824,18241,0.202328,0.01648,0.185849,alex,256,ok,
lama__mask_robustness__mask_robustness__p026__loss_small__variant_03__mask_bbox_crop__lpips,lama__mask_robustness__mask_robustness__p026__loss_small__variant_03,lama__mask_robustness__mask_robustness__p026__loss_small__variant_03,mask_robustness__p026__loss_small__variant_03,mask_robustness__p026__loss_small__variant_03,mask_robustness,p026,architecture_structured,View of a Village along a River,attributed to Jan Brueghel I,,lama,,,False,mask_bbox_crop,398161,18241,0.239391,0.025119,0.214272,alex,256,ok,
lama__mask_robustness__mask_robustness__p026__loss_small__variant_04__content_region__lpips,lama__mask_robustness__mask_robustness__p026__loss_small__variant_04,lama__mask_robustness__mask_robustness__p026__loss_small__variant_04,mask_robustness__p026__loss_small__variant_04,mask_robustness__p026__loss_small__variant_04,mask_robustness,p026,architecture_structured,View of a Village along a River,attributed to Jan Brueghel I,,lama,,,False,content_region,406272,18235,0.260756,0.00879,0.251966,alex,256,ok,
lama__mask_robustness__mask_robustness__p026__loss_small__variant_04__full_image__lpips,lama__mask_robustness__mask_robustness__p026__loss_small__variant_04,lama__mask_robustness__mask_robustness__p026__loss_small__variant_04,mask_robustness__p026__loss_small__variant_04,mask_robustness__p026__loss_small__variant_04,mask_robustness,p026,architecture_structured,View of a Village along a River,attributed to Jan Brueghel I,,lama,,,False,full_image,589824,18235,0.216626,0.004516,0.21211,alex,256,ok,
lama__mask_robustness__mask_robustness__p026__loss_small__variant_04__mask_bbox_crop__lpips,lama__mask_robustness__mask_robustness__p026__loss_small__variant_04,lama__mask_robustness__mask_robustness__p026__loss_small__variant_04,mask_robustness__p026__loss_small__variant_04,mask_robustness__p026__loss_small__variant_04,mask_robustness,p026,architecture_structured,View of a Village along a River,attributed to Jan Brueghel I,,lama,,,False,mask_bbox_crop,206116,18235,0.363927,0.017478,0.346448,alex,256,ok,
lama__mask_robustness__mask_robustness__p026__loss_small__variant_05__content_region__lpips,lama__mask_robustness__mask_robustness__p026__loss_small__variant_05,lama__mask_robustness__mask_robustness__p026__loss_small__variant_05,mask_robustness__p026__loss_small__variant_05,mask_robustness__p026__loss_small__variant_05,mask_robustness,p026,architecture_structured,View of a Village along a River,attributed to Jan Brueghel I,,lama,,,False,content_region,406272,18265,0.226641,0.015284,0.211357,alex,256,ok,
lama__mask_robustness__mask_robustness__p026__loss_small__variant_05__full_image__lpips,lama__mask_robustness__mask_robustness__p026__loss_small__variant_05,lama__mask_robustness__mask_robustness__p026__loss_small__variant_05,mask_robustness__p026__loss_small__variant_05,mask_robustness__p026__loss_small__variant_05,mask_robustness,p026,architecture_structured,View of a Village along a River,attributed to Jan Brueghel I,,lama,,,False,full_image,589824,18265,0.176548,0.008719,0.167829,alex,256,ok,
lama__mask_robustness__mask_robustness__p026__loss_small__variant_05__mask_bbox_crop__lpips,lama__mask_robustness__mask_robustness__p026__loss_small__variant_05,lama__mask_robustness__mask_robustness__p026__loss_small__variant_05,mask_robustness__p026__loss_small__variant_05,mask_robustness__p026__loss_small__variant_05,mask_robustness,p026,architecture_structured,View of a Village along a River,attributed to Jan Brueghel I,,lama,,,False,mask_bbox_crop,277729,18265,0.243786,0.021624,0.222161,alex,256,ok,
lama__mask_robustness__mask_robustness__p026__scratch_thin__variant_01__content_region__lpips,lama__mask_robustness__mask_robustness__p026__scratch_thin__variant_01,lama__mask_robustness__mask_robustness__p026__scratch_thin__variant_01,mask_robustness__p026__scratch_thin__variant_01,mask_robustness__p026__scratch_thin__variant_01,mask_robustness,p026,architecture_structured,View of a Village along a River,attributed to Jan Brueghel I,,lama,,,False,content_region,406272,8139,0.323831,0.002307,0.321524,alex,256,ok,
lama__mask_robustness__mask_robustness__p026__scratch_thin__variant_01__full_image__lpips,lama__mask_robustness__mask_robustness__p026__scratch_thin__variant_01,lama__mask_robustness__mask_robustness__p026__scratch_thin__variant_01,mask_robustness__p026__scratch_thin__variant_01,mask_robustness__p026__scratch_thin__variant_01,mask_robustness,p026,architecture_structured,View of a Village along a River,attributed to Jan Brueghel I,,lama,,,False,full_image,589824,8139,0.262212,0.001582,0.26063,alex,256,ok,
lama__mask_robustness__mask_robustness__p026__scratch_thin__variant_01__mask_bbox_crop__lpips,lama__mask_robustness__mask_robustness__p026__scratch_thin__variant_01,lama__mask_robustness__mask_robustness__p026__scratch_thin__variant_01,mask_robustness__p026__scratch_thin__variant_01,mask_robustness__p026__scratch_thin__variant_01,mask_robustness,p026,architecture_structured,View of a Village along a River,attributed to Jan Brueghel I,,lama,,,False,mask_bbox_crop,404496,8139,0.328417,0.003355,0.325062,alex,256,ok,
lama__mask_robustness__mask_robustness__p026__scratch_thin__variant_02__content_region__lpips,lama__mask_robustness__mask_robustness__p026__scratch_thin__variant_02,lama__mask_robustness__mask_robustness__p026__scratch_thin__variant_02,mask_robustness__p026__scratch_thin__variant_02,mask_robustness__p026__scratch_thin__variant_02,mask_robustness,p026,architecture_structured,View of a Village along a River,attributed to Jan Brueghel I,,lama,,,False,content_region,406272,8220,0.375078,0.003342,0.371736,alex,256,ok,
lama__mask_robustness__mask_robustness__p026__scratch_thin__variant_02__full_image__lpips,lama__mask_robustness__mask_robustness__p026__scratch_thin__variant_02,lama__mask_robustness__mask_robustness__p026__scratch_thin__variant_02,mask_robustness__p026__scratch_thin__variant_02,mask_robustness__p026__scratch_thin__variant_02,mask_robustness,p026,architecture_structured,View of a Village along a River,attributed to Jan Brueghel I,,lama,,,False,full_image,589824,8220,0.315593,0.001705,0.313888,alex,256,ok,
lama__mask_robustness__mask_robustness__p026__scratch_thin__variant_02__mask_bbox_crop__lpips,lama__mask_robustness__mask_robustness__p026__scratch_thin__variant_02,lama__mask_robustness__mask_robustness__p026__scratch_thin__variant_02,mask_robustness__p026__scratch_thin__variant_02,mask_robustness__p026__scratch_thin__variant_02,mask_robustness,p026,architecture_structured,View of a Village along a River,attributed to Jan Brueghel I,,lama,,,False,mask_bbox_crop,426409,8220,0.386722,0.003067,0.383655,alex,256,ok,
lama__mask_robustness__mask_robustness__p026__scratch_thin__variant_03__content_region__lpips,lama__mask_robustness__mask_robustness__p026__scratch_thin__variant_03,lama__mask_robustness__mask_robustness__p026__scratch_thin__variant_03,mask_robustness__p026__scratch_thin__variant_03,mask_robustness__p026__scratch_thin__variant_03,mask_robustness,p026,architecture_structured,View of a Village along a River,attributed to Jan Brueghel I,,lama,,,False,content_region,406272,8049,0.102396,0.012142,0.090254,alex,256,ok,
lama__mask_robustness__mask_robustness__p026__scratch_thin__variant_03__full_image__lpips,lama__mask_robustness__mask_robustness__p026__scratch_thin__variant_03,lama__mask_robustness__mask_robustness__p026__scratch_thin__variant_03,mask_robustness__p026__scratch_thin__variant_03,mask_robustness__p026__scratch_thin__variant_03,mask_robustness,p026,architecture_structured,View of a Village along a River,attributed to Jan Brueghel I,,lama,,,False,full_image,589824,8049,0.103806,0.036703,0.067102,alex,256,ok,
lama__mask_robustness__mask_robustness__p026__scratch_thin__variant_03__mask_bbox_crop__lpips,lama__mask_robustness__mask_robustness__p026__scratch_thin__variant_03,lama__mask_robustness__mask_robustness__p026__scratch_thin__variant_03,mask_robustness__p026__scratch_thin__variant_03,mask_robustness__p026__scratch_thin__variant_03,mask_robustness,p026,architecture_structured,View of a Village along a River,attributed to Jan Brueghel I,,lama,,,False,mask_bbox_crop,455625,8049,0.114823,0.06824,0.046583,alex,256,ok,
lama__mask_robustness__mask_robustness__p026__scratch_thin__variant_04__content_region__lpips,lama__mask_robustness__mask_robustness__p026__scratch_thin__variant_04,lama__mask_robustness__mask_robustness__p026__scratch_thin__variant_04,mask_robustness__p026__scratch_thin__variant_04,mask_robustness__p026__scratch_thin__variant_04,mask_robustness,p026,architecture_structured,View of a Village along a River,attributed to Jan Brueghel I,,lama,,,False,content_region,406272,7698,0.353023,0.003039,0.349984,alex,256,ok,
lama__mask_robustness__mask_robustness__p026__scratch_thin__variant_04__full_image__lpips,lama__mask_robustness__mask_robustness__p026__scratch_thin__variant_04,lama__mask_robustness__mask_robustness__p026__scratch_thin__variant_04,mask_robustness__p026__scratch_thin__variant_04,mask_robustness__p026__scratch_thin__variant_04,mask_robustness,p026,architecture_structured,View of a Village along a River,attributed to Jan Brueghel I,,lama,,,False,full_image,589824,7698,0.339344,0.001825,0.337519,alex,256,ok,
lama__mask_robustness__mask_robustness__p026__scratch_thin__variant_04__mask_bbox_crop__lpips,lama__mask_robustness__mask_robustness__p026__scratch_thin__variant_04,lama__mask_robustness__mask_robustness__p026__scratch_thin__variant_04,mask_robustness__p026__scratch_thin__variant_04,mask_robustness__p026__scratch_thin__variant_04,mask_robustness,p026,architecture_structured,View of a Village along a River,attributed to Jan Brueghel I,,lama,,,False,mask_bbox_crop,458329,7698,0.344573,0.002231,0.342342,alex,256,ok,
lama__mask_robustness__mask_robustness__p026__scratch_thin__variant_05__content_region__lpips,lama__mask_robustness__mask_robustness__p026__scratch_thin__variant_05,lama__mask_robustness__mask_robustness__p026__scratch_thin__variant_05,mask_robustness__p026__scratch_thin__variant_05,mask_robustness__p026__scratch_thin__variant_05,mask_robustness,p026,architecture_structured,View of a Village along a River,attributed to Jan Brueghel I,,lama,,,False,content_region,406272,8248,0.390354,0.003358,0.386996,alex,256,ok,
lama__mask_robustness__mask_robustness__p026__scratch_thin__variant_05__full_image__lpips,lama__mask_robustness__mask_robustness__p026__scratch_thin__variant_05,lama__mask_robustness__mask_robustness__p026__scratch_thin__variant_05,mask_robustness__p026__scratch_thin__variant_05,mask_robustness__p026__scratch_thin__variant_05,mask_robustness,p026,architecture_structured,View of a Village along a River,attributed to Jan Brueghel I,,lama,,,False,full_image,589824,8248,0.329313,0.002899,0.326415,alex,256,ok,
lama__mask_robustness__mask_robustness__p026__scratch_thin__variant_05__mask_bbox_crop__lpips,lama__mask_robustness__mask_robustness__p026__scratch_thin__variant_05,lama__mask_robustness__mask_robustness__p026__scratch_thin__variant_05,mask_robustness__p026__scratch_thin__variant_05,mask_robustness__p026__scratch_thin__variant_05,mask_robustness,p026,architecture_structured,View of a Village along a River,attributed to Jan Brueghel I,,lama,,,False,mask_bbox_crop,544644,8248,0.344523,0.003375,0.341149,alex,256,ok,
lama__mask_robustness__mask_robustness__p039__loss_large__variant_01__content_region__lpips,lama__mask_robustness__mask_robustness__p039__loss_large__variant_01,lama__mask_robustness__mask_robustness__p039__loss_large__variant_01,mask_robustness__p039__loss_large__variant_01,mask_robustness__p039__loss_large__variant_01,mask_robustness,p039,abstraction_surrealism,Painting with Troika,Wassily Kandinsky,,lama,,,False,content_region,433152,54225,0.145523,0.058915,0.086608,alex,256,ok,
lama__mask_robustness__mask_robustness__p039__loss_large__variant_01__full_image__lpips,lama__mask_robustness__mask_robustness__p039__loss_large__variant_01,lama__mask_robustness__mask_robustness__p039__loss_large__variant_01,mask_robustness__p039__loss_large__variant_01,mask_robustness__p039__loss_large__variant_01,mask_robustness,p039,abstraction_surrealism,Painting with Troika,Wassily Kandinsky,,lama,,,False,full_image,589824,54225,0.116523,0.044833,0.071691,alex,256,ok,
lama__mask_robustness__mask_robustness__p039__loss_large__variant_01__mask_bbox_crop__lpips,lama__mask_robustness__mask_robustness__p039__loss_large__variant_01,lama__mask_robustness__mask_robustness__p039__loss_large__variant_01,mask_robustness__p039__loss_large__variant_01,mask_robustness__p039__loss_large__variant_01,mask_robustness,p039,abstraction_surrealism,Painting with Troika,Wassily Kandinsky,,lama,,,False,mask_bbox_crop,97344,54225,0.588452,0.268726,0.319727,alex,256,ok,
lama__mask_robustness__mask_robustness__p039__loss_large__variant_02__content_region__lpips,lama__mask_robustness__mask_robustness__p039__loss_large__variant_02,lama__mask_robustness__mask_robustness__p039__loss_large__variant_02,mask_robustness__p039__loss_large__variant_02,mask_robustness__p039__loss_large__variant_02,mask_robustness,p039,abstraction_surrealism,Painting with Troika,Wassily Kandinsky,,lama,,,False,content_region,433152,54174,0.165524,0.074843,0.09068,alex,256,ok,
lama__mask_robustness__mask_robustness__p039__loss_large__variant_02__full_image__lpips,lama__mask_robustness__mask_robustness__p039__loss_large__variant_02,lama__mask_robustness__mask_robustness__p039__loss_large__variant_02,mask_robustness__p039__loss_large__variant_02,mask_robustness__p039__loss_large__variant_02,mask_robustness,p039,abstraction_surrealism,Painting with Troika,Wassily Kandinsky,,lama,,,False,full_image,589824,54174,0.134243,0.054378,0.079866,alex,256,ok,
lama__mask_robustness__mask_robustness__p039__loss_large__variant_02__mask_bbox_crop__lpips,lama__mask_robustness__mask_robustness__p039__loss_large__variant_02,lama__mask_robustness__mask_robustness__p039__loss_large__variant_02,mask_robustness__p039__loss_large__variant_02,mask_robustness__p039__loss_large__variant_02,mask_robustness,p039,abstraction_surrealism,Painting with Troika,Wassily Kandinsky,,lama,,,False,mask_bbox_crop,119716,54174,0.501123,0.240782,0.260342,alex,256,ok,
lama__mask_robustness__mask_robustness__p039__loss_large__variant_03__content_region__lpips,lama__mask_robustness__mask_robustness__p039__loss_large__variant_03,lama__mask_robustness__mask_robustness__p039__loss_large__variant_03,mask_robustness__p039__loss_large__variant_03,mask_robustness__p039__loss_large__variant_03,mask_robustness,p039,abstraction_surrealism,Painting with Troika,Wassily Kandinsky,,lama,,,False,content_region,433152,54253,0.165636,0.081658,0.083979,alex,256,ok,
lama__mask_robustness__mask_robustness__p039__loss_large__variant_03__full_image__lpips,lama__mask_robustness__mask_robustness__p039__loss_large__variant_03,lama__mask_robustness__mask_robustness__p039__loss_large__variant_03,mask_robustness__p039__loss_large__variant_03,mask_robustness__p039__loss_large__variant_03,mask_robustness,p039,abstraction_surrealism,Painting with Troika,Wassily Kandinsky,,lama,,,False,full_image,589824,54253,0.129714,0.063283,0.066431,alex,256,ok,
lama__mask_robustness__mask_robustness__p039__loss_large__variant_03__mask_bbox_crop__lpips,lama__mask_robustness__mask_robustness__p039__loss_large__variant_03,lama__mask_robustness__mask_robustness__p039__loss_large__variant_03,mask_robustness__p039__loss_large__variant_03,mask_robustness__p039__loss_large__variant_03,mask_robustness,p039,abstraction_surrealism,Painting with Troika,Wassily Kandinsky,,lama,,,False,mask_bbox_crop,148996,54253,0.416029,0.213972,0.202057,alex,256,ok,
lama__mask_robustness__mask_robustness__p039__loss_large__variant_04__content_region__lpips,lama__mask_robustness__mask_robustness__p039__loss_large__variant_04,lama__mask_robustness__mask_robustness__p039__loss_large__variant_04,mask_robustness__p039__loss_large__variant_04,mask_robustness__p039__loss_large__variant_04,mask_robustness,p039,abstraction_surrealism,Painting with Troika,Wassily Kandinsky,,lama,,,False,content_region,433152,54217,0.164465,0.076744,0.08772,alex,256,ok,
lama__mask_robustness__mask_robustness__p039__loss_large__variant_04__full_image__lpips,lama__mask_robustness__mask_robustness__p039__loss_large__variant_04,lama__mask_robustness__mask_robustness__p039__loss_large__variant_04,mask_robustness__p039__loss_large__variant_04,mask_robustness__p039__loss_large__variant_04,mask_robustness,p039,abstraction_surrealism,Painting with Troika,Wassily Kandinsky,,lama,,,False,full_image,589824,54217,0.133401,0.055978,0.077423,alex,256,ok,
lama__mask_robustness__mask_robustness__p039__loss_large__variant_04__mask_bbox_crop__lpips,lama__mask_robustness__mask_robustness__p039__loss_large__variant_04,lama__mask_robustness__mask_robustness__p039__loss_large__variant_04,mask_robustness__p039__loss_large__variant_04,mask_robustness__p039__loss_large__variant_04,mask_robustness,p039,abstraction_surrealism,Painting with Troika,Wassily Kandinsky,,lama,,,False,mask_bbox_crop,112896,54217,0.535096,0.273821,0.261275,alex,256,ok,
lama__mask_robustness__mask_robustness__p039__loss_large__variant_05__content_region__lpips,lama__mask_robustness__mask_robustness__p039__loss_large__variant_05,lama__mask_robustness__mask_robustness__p039__loss_large__variant_05,mask_robustness__p039__loss_large__variant_05,mask_robustness__p039__loss_large__variant_05,mask_robustness,p039,abstraction_surrealism,Painting with Troika,Wassily Kandinsky,,lama,,,False,content_region,433152,54127,0.150707,0.050657,0.10005,alex,256,ok,
lama__mask_robustness__mask_robustness__p039__loss_large__variant_05__full_image__lpips,lama__mask_robustness__mask_robustness__p039__loss_large__variant_05,lama__mask_robustness__mask_robustness__p039__loss_large__variant_05,mask_robustness__p039__loss_large__variant_05,mask_robustness__p039__loss_large__variant_05,mask_robustness,p039,abstraction_surrealism,Painting with Troika,Wassily Kandinsky,,lama,,,False,full_image,589824,54127,0.132149,0.034115,0.098034,alex,256,ok,
lama__mask_robustness__mask_robustness__p039__loss_large__variant_05__mask_bbox_crop__lpips,lama__mask_robustness__mask_robustness__p039__loss_large__variant_05,lama__mask_robustness__mask_robustness__p039__loss_large__variant_05,mask_robustness__p039__loss_large__variant_05,mask_robustness__p039__loss_large__variant_05,mask_robustness,p039,abstraction_surrealism,Painting with Troika,Wassily Kandinsky,,lama,,,False,mask_bbox_crop,121104,54127,0.49718,0.200111,0.297069,alex,256,ok,
lama__mask_robustness__mask_robustness__p039__loss_small__variant_01__content_region__lpips,lama__mask_robustness__mask_robustness__p039__loss_small__variant_01,lama__mask_robustness__mask_robustness__p039__loss_small__variant_01,mask_robustness__p039__loss_small__variant_01,mask_robustness__p039__loss_small__variant_01,mask_robustness,p039,abstraction_surrealism,Painting with Troika,Wassily Kandinsky,,lama,,,False,content_region,433152,19494,0.12407,0.009539,0.114531,alex,256,ok,
lama__mask_robustness__mask_robustness__p039__loss_small__variant_01__full_image__lpips,lama__mask_robustness__mask_robustness__p039__loss_small__variant_01,lama__mask_robustness__mask_robustness__p039__loss_small__variant_01,mask_robustness__p039__loss_small__variant_01,mask_robustness__p039__loss_small__variant_01,mask_robustness,p039,abstraction_surrealism,Painting with Troika,Wassily Kandinsky,,lama,,,False,full_image,589824,19494,0.09125,0.006201,0.085049,alex,256,ok,
lama__mask_robustness__mask_robustness__p039__loss_small__variant_01__mask_bbox_crop__lpips,lama__mask_robustness__mask_robustness__p039__loss_small__variant_01,lama__mask_robustness__mask_robustness__p039__loss_small__variant_01,mask_robustness__p039__loss_small__variant_01,mask_robustness__p039__loss_small__variant_01,mask_robustness,p039,abstraction_surrealism,Painting with Troika,Wassily Kandinsky,,lama,,,False,mask_bbox_crop,412164,19494,0.11434,0.00983,0.10451,alex,256,ok,
lama__mask_robustness__mask_robustness__p039__loss_small__variant_02__content_region__lpips,lama__mask_robustness__mask_robustness__p039__loss_small__variant_02,lama__mask_robustness__mask_robustness__p039__loss_small__variant_02,mask_robustness__p039__loss_small__variant_02,mask_robustness__p039__loss_small__variant_02,mask_robustness,p039,abstraction_surrealism,Painting with Troika,Wassily Kandinsky,,lama,,,False,content_region,433152,19485,0.111744,0.007855,0.10389,alex,256,ok,
lama__mask_robustness__mask_robustness__p039__loss_small__variant_02__full_image__lpips,lama__mask_robustness__mask_robustness__p039__loss_small__variant_02,lama__mask_robustness__mask_robustness__p039__loss_small__variant_02,mask_robustness__p039__loss_small__variant_02,mask_robustness__p039__loss_small__variant_02,mask_robustness,p039,abstraction_surrealism,Painting with Troika,Wassily Kandinsky,,lama,,,False,full_image,589824,19485,0.088109,0.004406,0.083702,alex,256,ok,
lama__mask_robustness__mask_robustness__p039__loss_small__variant_02__mask_bbox_crop__lpips,lama__mask_robustness__mask_robustness__p039__loss_small__variant_02,lama__mask_robustness__mask_robustness__p039__loss_small__variant_02,mask_robustness__p039__loss_small__variant_02,mask_robustness__p039__loss_small__variant_02,mask_robustness,p039,abstraction_surrealism,Painting with Troika,Wassily Kandinsky,,lama,,,False,mask_bbox_crop,550564,19485,0.089896,0.006044,0.083852,alex,256,ok,
lama__mask_robustness__mask_robustness__p039__loss_small__variant_03__content_region__lpips,lama__mask_robustness__mask_robustness__p039__loss_small__variant_03,lama__mask_robustness__mask_robustness__p039__loss_small__variant_03,mask_robustness__p039__loss_small__variant_03,mask_robustness__p039__loss_small__variant_03,mask_robustness,p039,abstraction_surrealism,Painting with Troika,Wassily Kandinsky,,lama,,,False,content_region,433152,19500,0.053178,0.013184,0.039994,alex,256,ok,
lama__mask_robustness__mask_robustness__p039__loss_small__variant_03__full_image__lpips,lama__mask_robustness__mask_robustness__p039__loss_small__variant_03,lama__mask_robustness__mask_robustness__p039__loss_small__variant_03,mask_robustness__p039__loss_small__variant_03,mask_robustness__p039__loss_small__variant_03,mask_robustness,p039,abstraction_surrealism,Painting with Troika,Wassily Kandinsky,,lama,,,False,full_image,589824,19500,0.045198,0.011801,0.033397,alex,256,ok,
lama__mask_robustness__mask_robustness__p039__loss_small__variant_03__mask_bbox_crop__lpips,lama__mask_robustness__mask_robustness__p039__loss_small__variant_03,lama__mask_robustness__mask_robustness__p039__loss_small__variant_03,mask_robustness__p039__loss_small__variant_03,mask_robustness__p039__loss_small__variant_03,mask_robustness,p039,abstraction_surrealism,Painting with Troika,Wassily Kandinsky,,lama,,,False,mask_bbox_crop,44944,19500,0.473526,0.193486,0.28004,alex,256,ok,
lama__mask_robustness__mask_robustness__p039__loss_small__variant_04__content_region__lpips,lama__mask_robustness__mask_robustness__p039__loss_small__variant_04,lama__mask_robustness__mask_robustness__p039__loss_small__variant_04,mask_robustness__p039__loss_small__variant_04,mask_robustness__p039__loss_small__variant_04,mask_robustness,p039,abstraction_surrealism,Painting with Troika,Wassily Kandinsky,,lama,,,False,content_region,433152,19494,0.066012,0.011068,0.054944,alex,256,ok,
lama__mask_robustness__mask_robustness__p039__loss_small__variant_04__full_image__lpips,lama__mask_robustness__mask_robustness__p039__loss_small__variant_04,lama__mask_robustness__mask_robustness__p039__loss_small__variant_04,mask_robustness__p039__loss_small__variant_04,mask_robustness__p039__loss_small__variant_04,mask_robustness,p039,abstraction_surrealism,Painting with Troika,Wassily Kandinsky,,lama,,,False,full_image,589824,19494,0.059985,0.007246,0.05274,alex,256,ok,
lama__mask_robustness__mask_robustness__p039__loss_small__variant_04__mask_bbox_crop__lpips,lama__mask_robustness__mask_robustness__p039__loss_small__variant_04,lama__mask_robustness__mask_robustness__p039__loss_small__variant_04,mask_robustness__p039__loss_small__variant_04,mask_robustness__p039__loss_small__variant_04,mask_robustness,p039,abstraction_surrealism,Painting with Troika,Wassily Kandinsky,,lama,,,False,mask_bbox_crop,45796,19494,0.506451,0.152776,0.353675,alex,256,ok,
lama__mask_robustness__mask_robustness__p039__loss_small__variant_05__content_region__lpips,lama__mask_robustness__mask_robustness__p039__loss_small__variant_05,lama__mask_robustness__mask_robustness__p039__loss_small__variant_05,mask_robustness__p039__loss_small__variant_05,mask_robustness__p039__loss_small__variant_05,mask_robustness,p039,abstraction_surrealism,Painting with Troika,Wassily Kandinsky,,lama,,,False,content_region,433152,19478,0.100755,0.006894,0.093861,alex,256,ok,
lama__mask_robustness__mask_robustness__p039__loss_small__variant_05__full_image__lpips,lama__mask_robustness__mask_robustness__p039__loss_small__variant_05,lama__mask_robustness__mask_robustness__p039__loss_small__variant_05,mask_robustness__p039__loss_small__variant_05,mask_robustness__p039__loss_small__variant_05,mask_robustness,p039,abstraction_surrealism,Painting with Troika,Wassily Kandinsky,,lama,,,False,full_image,589824,19478,0.093764,0.005784,0.087981,alex,256,ok,
lama__mask_robustness__mask_robustness__p039__loss_small__variant_05__mask_bbox_crop__lpips,lama__mask_robustness__mask_robustness__p039__loss_small__variant_05,lama__mask_robustness__mask_robustness__p039__loss_small__variant_05,mask_robustness__p039__loss_small__variant_05,mask_robustness__p039__loss_small__variant_05,mask_robustness,p039,abstraction_surrealism,Painting with Troika,Wassily Kandinsky,,lama,,,False,mask_bbox_crop,299209,19478,0.148089,0.009668,0.138421,alex,256,ok,
lama__mask_robustness__mask_robustness__p039__scratch_thin__variant_01__content_region__lpips,lama__mask_robustness__mask_robustness__p039__scratch_thin__variant_01,lama__mask_robustness__mask_robustness__p039__scratch_thin__variant_01,mask_robustness__p039__scratch_thin__variant_01,mask_robustness__p039__scratch_thin__variant_01,mask_robustness,p039,abstraction_surrealism,Painting with Troika,Wassily Kandinsky,,lama,,,False,content_region,433152,8662,0.160714,0.000652,0.160061,alex,256,ok,
lama__mask_robustness__mask_robustness__p039__scratch_thin__variant_01__full_image__lpips,lama__mask_robustness__mask_robustness__p039__scratch_thin__variant_01,lama__mask_robustness__mask_robustness__p039__scratch_thin__variant_01,mask_robustness__p039__scratch_thin__variant_01,mask_robustness__p039__scratch_thin__variant_01,mask_robustness,p039,abstraction_surrealism,Painting with Troika,Wassily Kandinsky,,lama,,,False,full_image,589824,8662,0.144028,0.000472,0.143556,alex,256,ok,
lama__mask_robustness__mask_robustness__p039__scratch_thin__variant_01__mask_bbox_crop__lpips,lama__mask_robustness__mask_robustness__p039__scratch_thin__variant_01,lama__mask_robustness__mask_robustness__p039__scratch_thin__variant_01,mask_robustness__p039__scratch_thin__variant_01,mask_robustness__p039__scratch_thin__variant_01,mask_robustness,p039,abstraction_surrealism,Painting with Troika,Wassily Kandinsky,,lama,,,False,mask_bbox_crop,511225,8662,0.157554,0.000697,0.156858,alex,256,ok,
lama__mask_robustness__mask_robustness__p039__scratch_thin__variant_02__content_region__lpips,lama__mask_robustness__mask_robustness__p039__scratch_thin__variant_02,lama__mask_robustness__mask_robustness__p039__scratch_thin__variant_02,mask_robustness__p039__scratch_thin__variant_02,mask_robustness__p039__scratch_thin__variant_02,mask_robustness,p039,abstraction_surrealism,Painting with Troika,Wassily Kandinsky,,lama,,,False,content_region,433152,8664,0.072906,0.001116,0.07179,alex,256,ok,
lama__mask_robustness__mask_robustness__p039__scratch_thin__variant_02__full_image__lpips,lama__mask_robustness__mask_robustness__p039__scratch_thin__variant_02,lama__mask_robustness__mask_robustness__p039__scratch_thin__variant_02,mask_robustness__p039__scratch_thin__variant_02,mask_robustness__p039__scratch_thin__variant_02,mask_robustness,p039,abstraction_surrealism,Painting with Troika,Wassily Kandinsky,,lama,,,False,full_image,589824,8664,0.05354,0.001562,0.051978,alex,256,ok,
lama__mask_robustness__mask_robustness__p039__scratch_thin__variant_02__mask_bbox_crop__lpips,lama__mask_robustness__mask_robustness__p039__scratch_thin__variant_02,lama__mask_robustness__mask_robustness__p039__scratch_thin__variant_02,mask_robustness__p039__scratch_thin__variant_02,mask_robustness__p039__scratch_thin__variant_02,mask_robustness,p039,abstraction_surrealism,Painting with Troika,Wassily Kandinsky,,lama,,,False,mask_bbox_crop,120409,8664,0.1491,0.008436,0.140664,alex,256,ok,
lama__mask_robustness__mask_robustness__p039__scratch_thin__variant_03__content_region__lpips,lama__mask_robustness__mask_robustness__p039__scratch_thin__variant_03,lama__mask_robustness__mask_robustness__p039__scratch_thin__variant_03,mask_robustness__p039__scratch_thin__variant_03,mask_robustness__p039__scratch_thin__variant_03,mask_robustness,p039,abstraction_surrealism,Painting with Troika,Wassily Kandinsky,,lama,,,False,content_region,433152,8638,0.203002,0.000907,0.202095,alex,256,ok,
lama__mask_robustness__mask_robustness__p039__scratch_thin__variant_03__full_image__lpips,lama__mask_robustness__mask_robustness__p039__scratch_thin__variant_03,lama__mask_robustness__mask_robustness__p039__scratch_thin__variant_03,mask_robustness__p039__scratch_thin__variant_03,mask_robustness__p039__scratch_thin__variant_03,mask_robustness,p039,abstraction_surrealism,Painting with Troika,Wassily Kandinsky,,lama,,,False,full_image,589824,8638,0.165565,0.000644,0.164921,alex,256,ok,
lama__mask_robustness__mask_robustness__p039__scratch_thin__variant_03__mask_bbox_crop__lpips,lama__mask_robustness__mask_robustness__p039__scratch_thin__variant_03,lama__mask_robustness__mask_robustness__p039__scratch_thin__variant_03,mask_robustness__p039__scratch_thin__variant_03,mask_robustness__p039__scratch_thin__variant_03,mask_robustness,p039,abstraction_surrealism,Painting with Troika,Wassily Kandinsky,,lama,,,False,mask_bbox_crop,589824,8638,0.165565,0.000644,0.164921,alex,256,ok,
lama__mask_robustness__mask_robustness__p039__scratch_thin__variant_04__content_region__lpips,lama__mask_robustness__mask_robustness__p039__scratch_thin__variant_04,lama__mask_robustness__mask_robustness__p039__scratch_thin__variant_04,mask_robustness__p039__scratch_thin__variant_04,mask_robustness__p039__scratch_thin__variant_04,mask_robustness,p039,abstraction_surrealism,Painting with Troika,Wassily Kandinsky,,lama,,,False,content_region,433152,8658,0.016664,0.000394,0.01627,alex,256,ok,
lama__mask_robustness__mask_robustness__p039__scratch_thin__variant_04__full_image__lpips,lama__mask_robustness__mask_robustness__p039__scratch_thin__variant_04,lama__mask_robustness__mask_robustness__p039__scratch_thin__variant_04,mask_robustness__p039__scratch_thin__variant_04,mask_robustness__p039__scratch_thin__variant_04,mask_robustness,p039,abstraction_surrealism,Painting with Troika,Wassily Kandinsky,,lama,,,False,full_image,589824,8658,0.022889,0.002246,0.020643,alex,256,ok,
lama__mask_robustness__mask_robustness__p039__scratch_thin__variant_04__mask_bbox_crop__lpips,lama__mask_robustness__mask_robustness__p039__scratch_thin__variant_04,lama__mask_robustness__mask_robustness__p039__scratch_thin__variant_04,mask_robustness__p039__scratch_thin__variant_04,mask_robustness__p039__scratch_thin__variant_04,mask_robustness,p039,abstraction_surrealism,Painting with Troika,Wassily Kandinsky,,lama,,,False,mask_bbox_crop,279841,8658,0.028488,0.001734,0.026754,alex,256,ok,
lama__mask_robustness__mask_robustness__p039__scratch_thin__variant_05__content_region__lpips,lama__mask_robustness__mask_robustness__p039__scratch_thin__variant_05,lama__mask_robustness__mask_robustness__p039__scratch_thin__variant_05,mask_robustness__p039__scratch_thin__variant_05,mask_robustness__p039__scratch_thin__variant_05,mask_robustness,p039,abstraction_surrealism,Painting with Troika,Wassily Kandinsky,,lama,,,False,content_region,433152,8650,0.188129,0.000903,0.187226,alex,256,ok,
lama__mask_robustness__mask_robustness__p039__scratch_thin__variant_05__full_image__lpips,lama__mask_robustness__mask_robustness__p039__scratch_thin__variant_05,lama__mask_robustness__mask_robustness__p039__scratch_thin__variant_05,mask_robustness__p039__scratch_thin__variant_05,mask_robustness__p039__scratch_thin__variant_05,mask_robustness,p039,abstraction_surrealism,Painting with Troika,Wassily Kandinsky,,lama,,,False,full_image,589824,8650,0.151317,0.000645,0.150671,alex,256,ok,
lama__mask_robustness__mask_robustness__p039__scratch_thin__variant_05__mask_bbox_crop__lpips,lama__mask_robustness__mask_robustness__p039__scratch_thin__variant_05,lama__mask_robustness__mask_robustness__p039__scratch_thin__variant_05,mask_robustness__p039__scratch_thin__variant_05,mask_robustness__p039__scratch_thin__variant_05,mask_robustness,p039,abstraction_surrealism,Painting with Troika,Wassily Kandinsky,,lama,,,False,mask_bbox_crop,443556,8650,0.187735,0.001311,0.186424,alex,256,ok,
lama__mask_robustness__mask_robustness__p043__loss_large__variant_01__content_region__lpips,lama__mask_robustness__mask_robustness__p043__loss_large__variant_01,lama__mask_robustness__mask_robustness__p043__loss_large__variant_01,mask_robustness__p043__loss_large__variant_01,mask_robustness__p043__loss_large__variant_01,mask_robustness,p043,high_texture_brushwork,The Card Players,Paul Cézanne,Post-Impressionism,lama,,,False,content_region,469248,58688,0.172697,0.076553,0.096144,alex,256,ok,
lama__mask_robustness__mask_robustness__p043__loss_large__variant_01__full_image__lpips,lama__mask_robustness__mask_robustness__p043__loss_large__variant_01,lama__mask_robustness__mask_robustness__p043__loss_large__variant_01,mask_robustness__p043__loss_large__variant_01,mask_robustness__p043__loss_large__variant_01,mask_robustness,p043,high_texture_brushwork,The Card Players,Paul Cézanne,Post-Impressionism,lama,,,False,full_image,589824,58688,0.148525,0.059138,0.089387,alex,256,ok,
lama__mask_robustness__mask_robustness__p043__loss_large__variant_01__mask_bbox_crop__lpips,lama__mask_robustness__mask_robustness__p043__loss_large__variant_01,lama__mask_robustness__mask_robustness__p043__loss_large__variant_01,mask_robustness__p043__loss_large__variant_01,mask_robustness__p043__loss_large__variant_01,mask_robustness,p043,high_texture_brushwork,The Card Players,Paul Cézanne,Post-Impressionism,lama,,,False,mask_bbox_crop,168100,58688,0.409171,0.19826,0.210911,alex,256,ok,
lama__mask_robustness__mask_robustness__p043__loss_large__variant_02__content_region__lpips,lama__mask_robustness__mask_robustness__p043__loss_large__variant_02,lama__mask_robustness__mask_robustness__p043__loss_large__variant_02,mask_robustness__p043__loss_large__variant_02,mask_robustness__p043__loss_large__variant_02,mask_robustness,p043,high_texture_brushwork,The Card Players,Paul Cézanne,Post-Impressionism,lama,,,False,content_region,469248,58568,0.213171,0.057552,0.155619,alex,256,ok,
lama__mask_robustness__mask_robustness__p043__loss_large__variant_02__full_image__lpips,lama__mask_robustness__mask_robustness__p043__loss_large__variant_02,lama__mask_robustness__mask_robustness__p043__loss_large__variant_02,mask_robustness__p043__loss_large__variant_02,mask_robustness__p043__loss_large__variant_02,mask_robustness,p043,high_texture_brushwork,The Card Players,Paul Cézanne,Post-Impressionism,lama,,,False,full_image,589824,58568,0.184458,0.048125,0.136333,alex,256,ok,
lama__mask_robustness__mask_robustness__p043__loss_large__variant_02__mask_bbox_crop__lpips,lama__mask_robustness__mask_robustness__p043__loss_large__variant_02,lama__mask_robustness__mask_robustness__p043__loss_large__variant_02,mask_robustness__p043__loss_large__variant_02,mask_robustness__p043__loss_large__variant_02,mask_robustness,p043,high_texture_brushwork,The Card Players,Paul Cézanne,Post-Impressionism,lama,,,False,mask_bbox_crop,290521,58568,0.293124,0.089027,0.204097,alex,256,ok,
lama__mask_robustness__mask_robustness__p043__loss_large__variant_03__content_region__lpips,lama__mask_robustness__mask_robustness__p043__loss_large__variant_03,lama__mask_robustness__mask_robustness__p043__loss_large__variant_03,mask_robustness__p043__loss_large__variant_03,mask_robustness__p043__loss_large__variant_03,mask_robustness,p043,high_texture_brushwork,The Card Players,Paul Cézanne,Post-Impressionism,lama,,,False,content_region,469248,58606,0.17107,0.073536,0.097534,alex,256,ok,
lama__mask_robustness__mask_robustness__p043__loss_large__variant_03__full_image__lpips,lama__mask_robustness__mask_robustness__p043__loss_large__variant_03,lama__mask_robustness__mask_robustness__p043__loss_large__variant_03,mask_robustness__p043__loss_large__variant_03,mask_robustness__p043__loss_large__variant_03,mask_robustness,p043,high_texture_brushwork,The Card Players,Paul Cézanne,Post-Impressionism,lama,,,False,full_image,589824,58606,0.139728,0.057143,0.082585,alex,256,ok,
lama__mask_robustness__mask_robustness__p043__loss_large__variant_03__mask_bbox_crop__lpips,lama__mask_robustness__mask_robustness__p043__loss_large__variant_03,lama__mask_robustness__mask_robustness__p043__loss_large__variant_03,mask_robustness__p043__loss_large__variant_03,mask_robustness__p043__loss_large__variant_03,mask_robustness,p043,high_texture_brushwork,The Card Players,Paul Cézanne,Post-Impressionism,lama,,,False,mask_bbox_crop,154449,58606,0.437268,0.224622,0.212646,alex,256,ok,
lama__mask_robustness__mask_robustness__p043__loss_large__variant_04__content_region__lpips,lama__mask_robustness__mask_robustness__p043__loss_large__variant_04,lama__mask_robustness__mask_robustness__p043__loss_large__variant_04,mask_robustness__p043__loss_large__variant_04,mask_robustness__p043__loss_large__variant_04,mask_robustness,p043,high_texture_brushwork,The Card Players,Paul Cézanne,Post-Impressionism,lama,,,False,content_region,469248,58777,0.195463,0.059491,0.135971,alex,256,ok,
lama__mask_robustness__mask_robustness__p043__loss_large__variant_04__full_image__lpips,lama__mask_robustness__mask_robustness__p043__loss_large__variant_04,lama__mask_robustness__mask_robustness__p043__loss_large__variant_04,mask_robustness__p043__loss_large__variant_04,mask_robustness__p043__loss_large__variant_04,mask_robustness,p043,high_texture_brushwork,The Card Players,Paul Cézanne,Post-Impressionism,lama,,,False,full_image,589824,58777,0.163885,0.048911,0.114973,alex,256,ok,
lama__mask_robustness__mask_robustness__p043__loss_large__variant_04__mask_bbox_crop__lpips,lama__mask_robustness__mask_robustness__p043__loss_large__variant_04,lama__mask_robustness__mask_robustness__p043__loss_large__variant_04,mask_robustness__p043__loss_large__variant_04,mask_robustness__p043__loss_large__variant_04,mask_robustness,p043,high_texture_brushwork,The Card Players,Paul Cézanne,Post-Impressionism,lama,,,False,mask_bbox_crop,247009,58777,0.335492,0.115949,0.219544,alex,256,ok,
lama__mask_robustness__mask_robustness__p043__loss_large__variant_05__content_region__lpips,lama__mask_robustness__mask_robustness__p043__loss_large__variant_05,lama__mask_robustness__mask_robustness__p043__loss_large__variant_05,mask_robustness__p043__loss_large__variant_05,mask_robustness__p043__loss_large__variant_05,mask_robustness,p043,high_texture_brushwork,The Card Players,Paul Cézanne,Post-Impressionism,lama,,,False,content_region,469248,58587,0.165893,0.077563,0.08833,alex,256,ok,
lama__mask_robustness__mask_robustness__p043__loss_large__variant_05__full_image__lpips,lama__mask_robustness__mask_robustness__p043__loss_large__variant_05,lama__mask_robustness__mask_robustness__p043__loss_large__variant_05,mask_robustness__p043__loss_large__variant_05,mask_robustness__p043__loss_large__variant_05,mask_robustness,p043,high_texture_brushwork,The Card Players,Paul Cézanne,Post-Impressionism,lama,,,False,full_image,589824,58587,0.137584,0.06435,0.073234,alex,256,ok,
lama__mask_robustness__mask_robustness__p043__loss_large__variant_05__mask_bbox_crop__lpips,lama__mask_robustness__mask_robustness__p043__loss_large__variant_05,lama__mask_robustness__mask_robustness__p043__loss_large__variant_05,mask_robustness__p043__loss_large__variant_05,mask_robustness__p043__loss_large__variant_05,mask_robustness,p043,high_texture_brushwork,The Card Players,Paul Cézanne,Post-Impressionism,lama,,,False,mask_bbox_crop,131044,58587,0.474552,0.287909,0.186642,alex,256,ok,
lama__mask_robustness__mask_robustness__p043__loss_small__variant_01__content_region__lpips,lama__mask_robustness__mask_robustness__p043__loss_small__variant_01,lama__mask_robustness__mask_robustness__p043__loss_small__variant_01,mask_robustness__p043__loss_small__variant_01,mask_robustness__p043__loss_small__variant_01,mask_robustness,p043,high_texture_brushwork,The Card Players,Paul Cézanne,Post-Impressionism,lama,,,False,content_region,469248,21097,0.144298,0.005345,0.138953,alex,256,ok,
lama__mask_robustness__mask_robustness__p043__loss_small__variant_01__full_image__lpips,lama__mask_robustness__mask_robustness__p043__loss_small__variant_01,lama__mask_robustness__mask_robustness__p043__loss_small__variant_01,mask_robustness__p043__loss_small__variant_01,mask_robustness__p043__loss_small__variant_01,mask_robustness,p043,high_texture_brushwork,The Card Players,Paul Cézanne,Post-Impressionism,lama,,,False,full_image,589824,21097,0.138247,0.005526,0.132721,alex,256,ok,
lama__mask_robustness__mask_robustness__p043__loss_small__variant_01__mask_bbox_crop__lpips,lama__mask_robustness__mask_robustness__p043__loss_small__variant_01,lama__mask_robustness__mask_robustness__p043__loss_small__variant_01,mask_robustness__p043__loss_small__variant_01,mask_robustness__p043__loss_small__variant_01,mask_robustness,p043,high_texture_brushwork,The Card Players,Paul Cézanne,Post-Impressionism,lama,,,False,mask_bbox_crop,408321,21097,0.163481,0.00815,0.155332,alex,256,ok,
lama__mask_robustness__mask_robustness__p043__loss_small__variant_02__content_region__lpips,lama__mask_robustness__mask_robustness__p043__loss_small__variant_02,lama__mask_robustness__mask_robustness__p043__loss_small__variant_02,mask_robustness__p043__loss_small__variant_02,mask_robustness__p043__loss_small__variant_02,mask_robustness,p043,high_texture_brushwork,The Card Players,Paul Cézanne,Post-Impressionism,lama,,,False,content_region,469248,21107,0.148216,0.006619,0.141597,alex,256,ok,
lama__mask_robustness__mask_robustness__p043__loss_small__variant_02__full_image__lpips,lama__mask_robustness__mask_robustness__p043__loss_small__variant_02,lama__mask_robustness__mask_robustness__p043__loss_small__variant_02,mask_robustness__p043__loss_small__variant_02,mask_robustness__p043__loss_small__variant_02,mask_robustness,p043,high_texture_brushwork,The Card Players,Paul Cézanne,Post-Impressionism,lama,,,False,full_image,589824,21107,0.126724,0.006415,0.12031,alex,256,ok,
lama__mask_robustness__mask_robustness__p043__loss_small__variant_02__mask_bbox_crop__lpips,lama__mask_robustness__mask_robustness__p043__loss_small__variant_02,lama__mask_robustness__mask_robustness__p043__loss_small__variant_02,mask_robustness__p043__loss_small__variant_02,mask_robustness__p043__loss_small__variant_02,mask_robustness,p043,high_texture_brushwork,The Card Players,Paul Cézanne,Post-Impressionism,lama,,,False,mask_bbox_crop,330625,21107,0.193311,0.01154,0.181771,alex,256,ok,
lama__mask_robustness__mask_robustness__p043__loss_small__variant_03__content_region__lpips,lama__mask_robustness__mask_robustness__p043__loss_small__variant_03,lama__mask_robustness__mask_robustness__p043__loss_small__variant_03,mask_robustness__p043__loss_small__variant_03,mask_robustness__p043__loss_small__variant_03,mask_robustness,p043,high_texture_brushwork,The Card Players,Paul Cézanne,Post-Impressionism,lama,,,False,content_region,469248,21143,0.106417,0.005799,0.100617,alex,256,ok,
lama__mask_robustness__mask_robustness__p043__loss_small__variant_03__full_image__lpips,lama__mask_robustness__mask_robustness__p043__loss_small__variant_03,lama__mask_robustness__mask_robustness__p043__loss_small__variant_03,mask_robustness__p043__loss_small__variant_03,mask_robustness__p043__loss_small__variant_03,mask_robustness,p043,high_texture_brushwork,The Card Players,Paul Cézanne,Post-Impressionism,lama,,,False,full_image,589824,21143,0.106528,0.004422,0.102106,alex,256,ok,
lama__mask_robustness__mask_robustness__p043__loss_small__variant_03__mask_bbox_crop__lpips,lama__mask_robustness__mask_robustness__p043__loss_small__variant_03,lama__mask_robustness__mask_robustness__p043__loss_small__variant_03,mask_robustness__p043__loss_small__variant_03,mask_robustness__p043__loss_small__variant_03,mask_robustness,p043,high_texture_brushwork,The Card Players,Paul Cézanne,Post-Impressionism,lama,,,False,mask_bbox_crop,555025,21143,0.107157,0.00573,0.101427,alex,256,ok,
lama__mask_robustness__mask_robustness__p043__loss_small__variant_04__content_region__lpips,lama__mask_robustness__mask_robustness__p043__loss_small__variant_04,lama__mask_robustness__mask_robustness__p043__loss_small__variant_04,mask_robustness__p043__loss_small__variant_04,mask_robustness__p043__loss_small__variant_04,mask_robustness,p043,high_texture_brushwork,The Card Players,Paul Cézanne,Post-Impressionism,lama,,,False,content_region,469248,21088,0.138113,0.008343,0.12977,alex,256,ok,
lama__mask_robustness__mask_robustness__p043__loss_small__variant_04__full_image__lpips,lama__mask_robustness__mask_robustness__p043__loss_small__variant_04,lama__mask_robustness__mask_robustness__p043__loss_small__variant_04,mask_robustness__p043__loss_small__variant_04,mask_robustness__p043__loss_small__variant_04,mask_robustness,p043,high_texture_brushwork,The Card Players,Paul Cézanne,Post-Impressionism,lama,,,False,full_image,589824,21088,0.129766,0.008575,0.12119,alex,256,ok,
lama__mask_robustness__mask_robustness__p043__loss_small__variant_04__mask_bbox_crop__lpips,lama__mask_robustness__mask_robustness__p043__loss_small__variant_04,lama__mask_robustness__mask_robustness__p043__loss_small__variant_04,mask_robustness__p043__loss_small__variant_04,mask_robustness__p043__loss_small__variant_04,mask_robustness,p043,high_texture_brushwork,The Card Players,Paul Cézanne,Post-Impressionism,lama,,,False,mask_bbox_crop,399424,21088,0.139889,0.010045,0.129844,alex,256,ok,
lama__mask_robustness__mask_robustness__p043__loss_small__variant_05__content_region__lpips,lama__mask_robustness__mask_robustness__p043__loss_small__variant_05,lama__mask_robustness__mask_robustness__p043__loss_small__variant_05,mask_robustness__p043__loss_small__variant_05,mask_robustness__p043__loss_small__variant_05,mask_robustness,p043,high_texture_brushwork,The Card Players,Paul Cézanne,Post-Impressionism,lama,,,False,content_region,469248,21128,0.142842,0.009158,0.133684,alex,256,ok,
lama__mask_robustness__mask_robustness__p043__loss_small__variant_05__full_image__lpips,lama__mask_robustness__mask_robustness__p043__loss_small__variant_05,lama__mask_robustness__mask_robustness__p043__loss_small__variant_05,mask_robustness__p043__loss_small__variant_05,mask_robustness__p043__loss_small__variant_05,mask_robustness,p043,high_texture_brushwork,The Card Players,Paul Cézanne,Post-Impressionism,lama,,,False,full_image,589824,21128,0.121364,0.009321,0.112043,alex,256,ok,
lama__mask_robustness__mask_robustness__p043__loss_small__variant_05__mask_bbox_crop__lpips,lama__mask_robustness__mask_robustness__p043__loss_small__variant_05,lama__mask_robustness__mask_robustness__p043__loss_small__variant_05,mask_robustness__p043__loss_small__variant_05,mask_robustness__p043__loss_small__variant_05,mask_robustness,p043,high_texture_brushwork,The Card Players,Paul Cézanne,Post-Impressionism,lama,,,False,mask_bbox_crop,425104,21128,0.135749,0.012905,0.122844,alex,256,ok,
lama__mask_robustness__mask_robustness__p043__scratch_thin__variant_01__content_region__lpips,lama__mask_robustness__mask_robustness__p043__scratch_thin__variant_01,lama__mask_robustness__mask_robustness__p043__scratch_thin__variant_01,mask_robustness__p043__scratch_thin__variant_01,mask_robustness__p043__scratch_thin__variant_01,mask_robustness,p043,high_texture_brushwork,The Card Players,Paul Cézanne,Post-Impressionism,lama,,,False,content_region,469248,9410,0.282127,0.000947,0.281179,alex,256,ok,
lama__mask_robustness__mask_robustness__p043__scratch_thin__variant_01__full_image__lpips,lama__mask_robustness__mask_robustness__p043__scratch_thin__variant_01,lama__mask_robustness__mask_robustness__p043__scratch_thin__variant_01,mask_robustness__p043__scratch_thin__variant_01,mask_robustness__p043__scratch_thin__variant_01,mask_robustness,p043,high_texture_brushwork,The Card Players,Paul Cézanne,Post-Impressionism,lama,,,False,full_image,589824,9410,0.248323,0.000573,0.24775,alex,256,ok,
lama__mask_robustness__mask_robustness__p043__scratch_thin__variant_01__mask_bbox_crop__lpips,lama__mask_robustness__mask_robustness__p043__scratch_thin__variant_01,lama__mask_robustness__mask_robustness__p043__scratch_thin__variant_01,mask_robustness__p043__scratch_thin__variant_01,mask_robustness__p043__scratch_thin__variant_01,mask_robustness,p043,high_texture_brushwork,The Card Players,Paul Cézanne,Post-Impressionism,lama,,,False,mask_bbox_crop,410881,9410,0.311139,0.001487,0.309652,alex,256,ok,
lama__mask_robustness__mask_robustness__p043__scratch_thin__variant_02__content_region__lpips,lama__mask_robustness__mask_robustness__p043__scratch_thin__variant_02,lama__mask_robustness__mask_robustness__p043__scratch_thin__variant_02,mask_robustness__p043__scratch_thin__variant_02,mask_robustness__p043__scratch_thin__variant_02,mask_robustness,p043,high_texture_brushwork,The Card Players,Paul Cézanne,Post-Impressionism,lama,,,False,content_region,469248,9386,0.233033,0.000482,0.232551,alex,256,ok,
lama__mask_robustness__mask_robustness__p043__scratch_thin__variant_02__full_image__lpips,lama__mask_robustness__mask_robustness__p043__scratch_thin__variant_02,lama__mask_robustness__mask_robustness__p043__scratch_thin__variant_02,mask_robustness__p043__scratch_thin__variant_02,mask_robustness__p043__scratch_thin__variant_02,mask_robustness,p043,high_texture_brushwork,The Card Players,Paul Cézanne,Post-Impressionism,lama,,,False,full_image,589824,9386,0.205829,0.000344,0.205485,alex,256,ok,
lama__mask_robustness__mask_robustness__p043__scratch_thin__variant_02__mask_bbox_crop__lpips,lama__mask_robustness__mask_robustness__p043__scratch_thin__variant_02,lama__mask_robustness__mask_robustness__p043__scratch_thin__variant_02,mask_robustness__p043__scratch_thin__variant_02,mask_robustness__p043__scratch_thin__variant_02,mask_robustness,p043,high_texture_brushwork,The Card Players,Paul Cézanne,Post-Impressionism,lama,,,False,mask_bbox_crop,452929,9386,0.243068,0.000528,0.24254,alex,256,ok,
lama__mask_robustness__mask_robustness__p043__scratch_thin__variant_03__content_region__lpips,lama__mask_robustness__mask_robustness__p043__scratch_thin__variant_03,lama__mask_robustness__mask_robustness__p043__scratch_thin__variant_03,mask_robustness__p043__scratch_thin__variant_03,mask_robustness__p043__scratch_thin__variant_03,mask_robustness,p043,high_texture_brushwork,The Card Players,Paul Cézanne,Post-Impressionism,lama,,,False,content_region,469248,9437,0.19008,0.000642,0.189439,alex,256,ok,
lama__mask_robustness__mask_robustness__p043__scratch_thin__variant_03__full_image__lpips,lama__mask_robustness__mask_robustness__p043__scratch_thin__variant_03,lama__mask_robustness__mask_robustness__p043__scratch_thin__variant_03,mask_robustness__p043__scratch_thin__variant_03,mask_robustness__p043__scratch_thin__variant_03,mask_robustness,p043,high_texture_brushwork,The Card Players,Paul Cézanne,Post-Impressionism,lama,,,False,full_image,589824,9437,0.176507,0.000905,0.175602,alex,256,ok,
lama__mask_robustness__mask_robustness__p043__scratch_thin__variant_03__mask_bbox_crop__lpips,lama__mask_robustness__mask_robustness__p043__scratch_thin__variant_03,lama__mask_robustness__mask_robustness__p043__scratch_thin__variant_03,mask_robustness__p043__scratch_thin__variant_03,mask_robustness__p043__scratch_thin__variant_03,mask_robustness,p043,high_texture_brushwork,The Card Players,Paul Cézanne,Post-Impressionism,lama,,,False,mask_bbox_crop,478864,9437,0.189974,0.001416,0.188557,alex,256,ok,
lama__mask_robustness__mask_robustness__p043__scratch_thin__variant_04__content_region__lpips,lama__mask_robustness__mask_robustness__p043__scratch_thin__variant_04,lama__mask_robustness__mask_robustness__p043__scratch_thin__variant_04,mask_robustness__p043__scratch_thin__variant_04,mask_robustness__p043__scratch_thin__variant_04,mask_robustness,p043,high_texture_brushwork,The Card Players,Paul Cézanne,Post-Impressionism,lama,,,False,content_region,469248,9378,0.273217,0.000861,0.272356,alex,256,ok,
lama__mask_robustness__mask_robustness__p043__scratch_thin__variant_04__full_image__lpips,lama__mask_robustness__mask_robustness__p043__scratch_thin__variant_04,lama__mask_robustness__mask_robustness__p043__scratch_thin__variant_04,mask_robustness__p043__scratch_thin__variant_04,mask_robustness__p043__scratch_thin__variant_04,mask_robustness,p043,high_texture_brushwork,The Card Players,Paul Cézanne,Post-Impressionism,lama,,,False,full_image,589824,9378,0.254717,0.001242,0.253476,alex,256,ok,
lama__mask_robustness__mask_robustness__p043__scratch_thin__variant_04__mask_bbox_crop__lpips,lama__mask_robustness__mask_robustness__p043__scratch_thin__variant_04,lama__mask_robustness__mask_robustness__p043__scratch_thin__variant_04,mask_robustness__p043__scratch_thin__variant_04,mask_robustness__p043__scratch_thin__variant_04,mask_robustness,p043,high_texture_brushwork,The Card Players,Paul Cézanne,Post-Impressionism,lama,,,False,mask_bbox_crop,495616,9378,0.282398,0.001704,0.280694,alex,256,ok,
lama__mask_robustness__mask_robustness__p043__scratch_thin__variant_05__content_region__lpips,lama__mask_robustness__mask_robustness__p043__scratch_thin__variant_05,lama__mask_robustness__mask_robustness__p043__scratch_thin__variant_05,mask_robustness__p043__scratch_thin__variant_05,mask_robustness__p043__scratch_thin__variant_05,mask_robustness,p043,high_texture_brushwork,The Card Players,Paul Cézanne,Post-Impressionism,lama,,,False,content_region,469248,8269,0.201482,0.000442,0.20104,alex,256,ok,
lama__mask_robustness__mask_robustness__p043__scratch_thin__variant_05__full_image__lpips,lama__mask_robustness__mask_robustness__p043__scratch_thin__variant_05,lama__mask_robustness__mask_robustness__p043__scratch_thin__variant_05,mask_robustness__p043__scratch_thin__variant_05,mask_robustness__p043__scratch_thin__variant_05,mask_robustness,p043,high_texture_brushwork,The Card Players,Paul Cézanne,Post-Impressionism,lama,,,False,full_image,589824,8269,0.188414,0.000367,0.188047,alex,256,ok,
lama__mask_robustness__mask_robustness__p043__scratch_thin__variant_05__mask_bbox_crop__lpips,lama__mask_robustness__mask_robustness__p043__scratch_thin__variant_05,lama__mask_robustness__mask_robustness__p043__scratch_thin__variant_05,mask_robustness__p043__scratch_thin__variant_05,mask_robustness__p043__scratch_thin__variant_05,mask_robustness,p043,high_texture_brushwork,The Card Players,Paul Cézanne,Post-Impressionism,lama,,,False,mask_bbox_crop,589824,8269,0.188414,0.000367,0.188047,alex,256,ok,
lama__synthetic_degradation__synthetic_degradation__p001__dirt_dust__mild__content_region__lpips,lama__synthetic_degradation__synthetic_degradation__p001__dirt_dust__mild,lama__synthetic_degradation__synthetic_degradation__p001__dirt_dust__mild,synthetic_degradation__p001__dirt_dust__mild,synthetic_degradation__p001__dirt_dust__mild,synthetic_degradation,p001,portrait_figure,Juan de Pareja,Diego Velázquez,Baroque,lama,,,False,content_region,509184,1700,0.0,0.000212,-0.000211,alex,256,ok,
lama__synthetic_degradation__synthetic_degradation__p001__dirt_dust__mild__full_image__lpips,lama__synthetic_degradation__synthetic_degradation__p001__dirt_dust__mild,lama__synthetic_degradation__synthetic_degradation__p001__dirt_dust__mild,synthetic_degradation__p001__dirt_dust__mild,synthetic_degradation__p001__dirt_dust__mild,synthetic_degradation,p001,portrait_figure,Juan de Pareja,Diego Velázquez,Baroque,lama,,,False,full_image,589824,1700,0.0,0.000209,-0.000209,alex,256,ok,
lama__synthetic_degradation__synthetic_degradation__p001__dirt_dust__mild__mask_bbox_crop__lpips,lama__synthetic_degradation__synthetic_degradation__p001__dirt_dust__mild,lama__synthetic_degradation__synthetic_degradation__p001__dirt_dust__mild,synthetic_degradation__p001__dirt_dust__mild,synthetic_degradation__p001__dirt_dust__mild,synthetic_degradation,p001,portrait_figure,Juan de Pareja,Diego Velázquez,Baroque,lama,,,False,mask_bbox_crop,585225,1700,1e-06,0.000168,-0.000167,alex,256,ok,
lama__synthetic_degradation__synthetic_degradation__p001__dirt_dust__moderate__content_region__lpips,lama__synthetic_degradation__synthetic_degradation__p001__dirt_dust__moderate,lama__synthetic_degradation__synthetic_degradation__p001__dirt_dust__moderate,synthetic_degradation__p001__dirt_dust__moderate,synthetic_degradation__p001__dirt_dust__moderate,synthetic_degradation,p001,portrait_figure,Juan de Pareja,Diego Velázquez,Baroque,lama,,,False,content_region,509184,5611,2.6e-05,0.000392,-0.000366,alex,256,ok,
lama__synthetic_degradation__synthetic_degradation__p001__dirt_dust__moderate__full_image__lpips,lama__synthetic_degradation__synthetic_degradation__p001__dirt_dust__moderate,lama__synthetic_degradation__synthetic_degradation__p001__dirt_dust__moderate,synthetic_degradation__p001__dirt_dust__moderate,synthetic_degradation__p001__dirt_dust__moderate,synthetic_degradation,p001,portrait_figure,Juan de Pareja,Diego Velázquez,Baroque,lama,,,False,full_image,589824,5611,2.7e-05,0.000248,-0.000221,alex,256,ok,
lama__synthetic_degradation__synthetic_degradation__p001__dirt_dust__moderate__mask_bbox_crop__lpips,lama__synthetic_degradation__synthetic_degradation__p001__dirt_dust__moderate,lama__synthetic_degradation__synthetic_degradation__p001__dirt_dust__moderate,synthetic_degradation__p001__dirt_dust__moderate,synthetic_degradation__p001__dirt_dust__moderate,synthetic_degradation,p001,portrait_figure,Juan de Pareja,Diego Velázquez,Baroque,lama,,,False,mask_bbox_crop,589824,5611,2.7e-05,0.000248,-0.000221,alex,256,ok,
lama__synthetic_degradation__synthetic_degradation__p001__dirt_dust__severe__content_region__lpips,lama__synthetic_degradation__synthetic_degradation__p001__dirt_dust__severe,lama__synthetic_degradation__synthetic_degradation__p001__dirt_dust__severe,synthetic_degradation__p001__dirt_dust__severe,synthetic_degradation__p001__dirt_dust__severe,synthetic_degradation,p001,portrait_figure,Juan de Pareja,Diego Velázquez,Baroque,lama,,,False,content_region,509184,13471,0.000241,0.000942,-0.000701,alex,256,ok,
lama__synthetic_degradation__synthetic_degradation__p001__dirt_dust__severe__full_image__lpips,lama__synthetic_degradation__synthetic_degradation__p001__dirt_dust__severe,lama__synthetic_degradation__synthetic_degradation__p001__dirt_dust__severe,synthetic_degradation__p001__dirt_dust__severe,synthetic_degradation__p001__dirt_dust__severe,synthetic_degradation,p001,portrait_figure,Juan de Pareja,Diego Velázquez,Baroque,lama,,,False,full_image,589824,13471,0.000256,0.000897,-0.00064,alex,256,ok,
lama__synthetic_degradation__synthetic_degradation__p001__dirt_dust__severe__mask_bbox_crop__lpips,lama__synthetic_degradation__synthetic_degradation__p001__dirt_dust__severe,lama__synthetic_degradation__synthetic_degradation__p001__dirt_dust__severe,synthetic_degradation__p001__dirt_dust__severe,synthetic_degradation__p001__dirt_dust__severe,synthetic_degradation,p001,portrait_figure,Juan de Pareja,Diego Velázquez,Baroque,lama,,,False,mask_bbox_crop,589824,13471,0.000256,0.000897,-0.00064,alex,256,ok,
lama__synthetic_degradation__synthetic_degradation__p001__partial_transparency__mild__content_region__lpips,lama__synthetic_degradation__synthetic_degradation__p001__partial_transparency__mild,lama__synthetic_degradation__synthetic_degradation__p001__partial_transparency__mild,synthetic_degradation__p001__partial_transparency__mild,synthetic_degradation__p001__partial_transparency__mild,synthetic_degradation,p001,portrait_figure,Juan de Pareja,Diego Velázquez,Baroque,lama,,,False,content_region,509184,31896,0.016442,0.033146,-0.016704,alex,256,ok,
lama__synthetic_degradation__synthetic_degradation__p001__partial_transparency__mild__full_image__lpips,lama__synthetic_degradation__synthetic_degradation__p001__partial_transparency__mild,lama__synthetic_degradation__synthetic_degradation__p001__partial_transparency__mild,synthetic_degradation__p001__partial_transparency__mild,synthetic_degradation__p001__partial_transparency__mild,synthetic_degradation,p001,portrait_figure,Juan de Pareja,Diego Velázquez,Baroque,lama,,,False,full_image,589824,31896,0.014175,0.027598,-0.013423,alex,256,ok,
lama__synthetic_degradation__synthetic_degradation__p001__partial_transparency__mild__mask_bbox_crop__lpips,lama__synthetic_degradation__synthetic_degradation__p001__partial_transparency__mild,lama__synthetic_degradation__synthetic_degradation__p001__partial_transparency__mild,synthetic_degradation__p001__partial_transparency__mild,synthetic_degradation__p001__partial_transparency__mild,synthetic_degradation,p001,portrait_figure,Juan de Pareja,Diego Velázquez,Baroque,lama,,,False,mask_bbox_crop,255025,31896,0.027274,0.053485,-0.026211,alex,256,ok,
lama__synthetic_degradation__synthetic_degradation__p001__partial_transparency__moderate__content_region__lpips,lama__synthetic_degradation__synthetic_degradation__p001__partial_transparency__moderate,lama__synthetic_degradation__synthetic_degradation__p001__partial_transparency__moderate,synthetic_degradation__p001__partial_transparency__moderate,synthetic_degradation__p001__partial_transparency__moderate,synthetic_degradation,p001,portrait_figure,Juan de Pareja,Diego Velázquez,Baroque,lama,,,False,content_region,509184,99854,0.044416,0.17999,-0.135573,alex,256,ok,
lama__synthetic_degradation__synthetic_degradation__p001__partial_transparency__moderate__full_image__lpips,lama__synthetic_degradation__synthetic_degradation__p001__partial_transparency__moderate,lama__synthetic_degradation__synthetic_degradation__p001__partial_transparency__moderate,synthetic_degradation__p001__partial_transparency__moderate,synthetic_degradation__p001__partial_transparency__moderate,synthetic_degradation,p001,portrait_figure,Juan de Pareja,Diego Velázquez,Baroque,lama,,,False,full_image,589824,99854,0.039498,0.162665,-0.123167,alex,256,ok,
lama__synthetic_degradation__synthetic_degradation__p001__partial_transparency__moderate__mask_bbox_crop__lpips,lama__synthetic_degradation__synthetic_degradation__p001__partial_transparency__moderate,lama__synthetic_degradation__synthetic_degradation__p001__partial_transparency__moderate,synthetic_degradation__p001__partial_transparency__moderate,synthetic_degradation__p001__partial_transparency__moderate,synthetic_degradation,p001,portrait_figure,Juan de Pareja,Diego Velázquez,Baroque,lama,,,False,mask_bbox_crop,446224,99854,0.047593,0.196815,-0.149222,alex,256,ok,
lama__synthetic_degradation__synthetic_degradation__p001__partial_transparency__severe__content_region__lpips,lama__synthetic_degradation__synthetic_degradation__p001__partial_transparency__severe,lama__synthetic_degradation__synthetic_degradation__p001__partial_transparency__severe,synthetic_degradation__p001__partial_transparency__severe,synthetic_degradation__p001__partial_transparency__severe,synthetic_degradation,p001,portrait_figure,Juan de Pareja,Diego Velázquez,Baroque,lama,,,False,content_region,509184,315211,0.197398,0.499766,-0.302367,alex,256,ok,
lama__synthetic_degradation__synthetic_degradation__p001__partial_transparency__severe__full_image__lpips,lama__synthetic_degradation__synthetic_degradation__p001__partial_transparency__severe,lama__synthetic_degradation__synthetic_degradation__p001__partial_transparency__severe,synthetic_degradation__p001__partial_transparency__severe,synthetic_degradation__p001__partial_transparency__severe,synthetic_degradation,p001,portrait_figure,Juan de Pareja,Diego Velázquez,Baroque,lama,,,False,full_image,589824,315211,0.184484,0.441063,-0.25658,alex,256,ok,
lama__synthetic_degradation__synthetic_degradation__p001__partial_transparency__severe__mask_bbox_crop__lpips,lama__synthetic_degradation__synthetic_degradation__p001__partial_transparency__severe,lama__synthetic_degradation__synthetic_degradation__p001__partial_transparency__severe,synthetic_degradation__p001__partial_transparency__severe,synthetic_degradation__p001__partial_transparency__severe,synthetic_degradation,p001,portrait_figure,Juan de Pareja,Diego Velázquez,Baroque,lama,,,False,mask_bbox_crop,492804,315211,0.191041,0.494588,-0.303547,alex,256,ok,
lama__synthetic_degradation__synthetic_degradation__p001__water_stain__mild__content_region__lpips,lama__synthetic_degradation__synthetic_degradation__p001__water_stain__mild,lama__synthetic_degradation__synthetic_degradation__p001__water_stain__mild,synthetic_degradation__p001__water_stain__mild,synthetic_degradation__p001__water_stain__mild,synthetic_degradation,p001,portrait_figure,Juan de Pareja,Diego Velázquez,Baroque,lama,,,False,content_region,509184,4554,0.005138,0.005661,-0.000524,alex,256,ok,
lama__synthetic_degradation__synthetic_degradation__p001__water_stain__mild__full_image__lpips,lama__synthetic_degradation__synthetic_degradation__p001__water_stain__mild,lama__synthetic_degradation__synthetic_degradation__p001__water_stain__mild,synthetic_degradation__p001__water_stain__mild,synthetic_degradation__p001__water_stain__mild,synthetic_degradation,p001,portrait_figure,Juan de Pareja,Diego Velázquez,Baroque,lama,,,False,full_image,589824,4554,0.004463,0.004706,-0.000243,alex,256,ok,
lama__synthetic_degradation__synthetic_degradation__p001__water_stain__mild__mask_bbox_crop__lpips,lama__synthetic_degradation__synthetic_degradation__p001__water_stain__mild,lama__synthetic_degradation__synthetic_degradation__p001__water_stain__mild,synthetic_degradation__p001__water_stain__mild,synthetic_degradation__p001__water_stain__mild,synthetic_degradation,p001,portrait_figure,Juan de Pareja,Diego Velázquez,Baroque,lama,,,False,mask_bbox_crop,104329,4554,0.026238,0.032095,-0.005857,alex,256,ok,
lama__synthetic_degradation__synthetic_degradation__p001__water_stain__moderate__content_region__lpips,lama__synthetic_degradation__synthetic_degradation__p001__water_stain__moderate,lama__synthetic_degradation__synthetic_degradation__p001__water_stain__moderate,synthetic_degradation__p001__water_stain__moderate,synthetic_degradation__p001__water_stain__moderate,synthetic_degradation,p001,portrait_figure,Juan de Pareja,Diego Velázquez,Baroque,lama,,,False,content_region,509184,4540,0.021967,0.022162,-0.000195,alex,256,ok,
lama__synthetic_degradation__synthetic_degradation__p001__water_stain__moderate__full_image__lpips,lama__synthetic_degradation__synthetic_degradation__p001__water_stain__moderate,lama__synthetic_degradation__synthetic_degradation__p001__water_stain__moderate,synthetic_degradation__p001__water_stain__moderate,synthetic_degradation__p001__water_stain__moderate,synthetic_degradation,p001,portrait_figure,Juan de Pareja,Diego Velázquez,Baroque,lama,,,False,full_image,589824,4540,0.019439,0.019689,-0.00025,alex,256,ok,
lama__synthetic_degradation__synthetic_degradation__p001__water_stain__moderate__mask_bbox_crop__lpips,lama__synthetic_degradation__synthetic_degradation__p001__water_stain__moderate,lama__synthetic_degradation__synthetic_degradation__p001__water_stain__moderate,synthetic_degradation__p001__water_stain__moderate,synthetic_degradation__p001__water_stain__moderate,synthetic_degradation,p001,portrait_figure,Juan de Pareja,Diego Velázquez,Baroque,lama,,,False,mask_bbox_crop,90000,4540,0.045205,0.050022,-0.004818,alex,256,ok,
lama__synthetic_degradation__synthetic_degradation__p001__water_stain__severe__content_region__lpips,lama__synthetic_degradation__synthetic_degradation__p001__water_stain__severe,lama__synthetic_degradation__synthetic_degradation__p001__water_stain__severe,synthetic_degradation__p001__water_stain__severe,synthetic_degradation__p001__water_stain__severe,synthetic_degradation,p001,portrait_figure,Juan de Pareja,Diego Velázquez,Baroque,lama,,,False,content_region,509184,2745,0.024846,0.027784,-0.002938,alex,256,ok,
lama__synthetic_degradation__synthetic_degradation__p001__water_stain__severe__full_image__lpips,lama__synthetic_degradation__synthetic_degradation__p001__water_stain__severe,lama__synthetic_degradation__synthetic_degradation__p001__water_stain__severe,synthetic_degradation__p001__water_stain__severe,synthetic_degradation__p001__water_stain__severe,synthetic_degradation,p001,portrait_figure,Juan de Pareja,Diego Velázquez,Baroque,lama,,,False,full_image,589824,2745,0.020661,0.023322,-0.00266,alex,256,ok,
lama__synthetic_degradation__synthetic_degradation__p001__water_stain__severe__mask_bbox_crop__lpips,lama__synthetic_degradation__synthetic_degradation__p001__water_stain__severe,lama__synthetic_degradation__synthetic_degradation__p001__water_stain__severe,synthetic_degradation__p001__water_stain__severe,synthetic_degradation__p001__water_stain__severe,synthetic_degradation,p001,portrait_figure,Juan de Pareja,Diego Velázquez,Baroque,lama,,,False,mask_bbox_crop,14161,2745,0.042552,0.134495,-0.091943,alex,256,ok,
lama__synthetic_degradation__synthetic_degradation__p001__water_stain_dirt__moderate__content_region__lpips,lama__synthetic_degradation__synthetic_degradation__p001__water_stain_dirt__moderate,lama__synthetic_degradation__synthetic_degradation__p001__water_stain_dirt__moderate,synthetic_degradation__p001__water_stain_dirt__moderate,synthetic_degradation__p001__water_stain_dirt__moderate,synthetic_degradation,p001,portrait_figure,Juan de Pareja,Diego Velázquez,Baroque,lama,,,False,content_region,509184,50320,0.023711,0.053722,-0.030011,alex,256,ok,
lama__synthetic_degradation__synthetic_degradation__p001__water_stain_dirt__moderate__full_image__lpips,lama__synthetic_degradation__synthetic_degradation__p001__water_stain_dirt__moderate,lama__synthetic_degradation__synthetic_degradation__p001__water_stain_dirt__moderate,synthetic_degradation__p001__water_stain_dirt__moderate,synthetic_degradation__p001__water_stain_dirt__moderate,synthetic_degradation,p001,portrait_figure,Juan de Pareja,Diego Velázquez,Baroque,lama,,,False,full_image,589824,50320,0.023506,0.046801,-0.023295,alex,256,ok,
lama__synthetic_degradation__synthetic_degradation__p001__water_stain_dirt__moderate__mask_bbox_crop__lpips,lama__synthetic_degradation__synthetic_degradation__p001__water_stain_dirt__moderate,lama__synthetic_degradation__synthetic_degradation__p001__water_stain_dirt__moderate,synthetic_degradation__p001__water_stain_dirt__moderate,synthetic_degradation__p001__water_stain_dirt__moderate,synthetic_degradation,p001,portrait_figure,Juan de Pareja,Diego Velázquez,Baroque,lama,,,False,mask_bbox_crop,390625,50320,0.03211,0.069735,-0.037624,alex,256,ok,
lama__synthetic_degradation__synthetic_degradation__p018__dirt_dust__mild__content_region__lpips,lama__synthetic_degradation__synthetic_degradation__p018__dirt_dust__mild,lama__synthetic_degradation__synthetic_degradation__p018__dirt_dust__mild,synthetic_degradation__p018__dirt_dust__mild,synthetic_degradation__p018__dirt_dust__mild,synthetic_degradation,p018,landscape_natural,Classical Landscape with Figures,Henri Mauperché,,lama,,,False,content_region,389376,1309,1e-06,0.000121,-0.00012,alex,256,ok,
lama__synthetic_degradation__synthetic_degradation__p018__dirt_dust__mild__full_image__lpips,lama__synthetic_degradation__synthetic_degradation__p018__dirt_dust__mild,lama__synthetic_degradation__synthetic_degradation__p018__dirt_dust__mild,synthetic_degradation__p018__dirt_dust__mild,synthetic_degradation__p018__dirt_dust__mild,synthetic_degradation,p018,landscape_natural,Classical Landscape with Figures,Henri Mauperché,,lama,,,False,full_image,589824,1309,1e-06,5.7e-05,-5.7e-05,alex,256,ok,
lama__synthetic_degradation__synthetic_degradation__p018__dirt_dust__mild__mask_bbox_crop__lpips,lama__synthetic_degradation__synthetic_degradation__p018__dirt_dust__mild,lama__synthetic_degradation__synthetic_degradation__p018__dirt_dust__mild,synthetic_degradation__p018__dirt_dust__mild,synthetic_degradation__p018__dirt_dust__mild,synthetic_degradation,p018,landscape_natural,Classical Landscape with Figures,Henri Mauperché,,lama,,,False,mask_bbox_crop,583696,1309,0.0,5.2e-05,-5.2e-05,alex,256,ok,
lama__synthetic_degradation__synthetic_degradation__p018__dirt_dust__moderate__content_region__lpips,lama__synthetic_degradation__synthetic_degradation__p018__dirt_dust__moderate,lama__synthetic_degradation__synthetic_degradation__p018__dirt_dust__moderate,synthetic_degradation__p018__dirt_dust__moderate,synthetic_degradation__p018__dirt_dust__moderate,synthetic_degradation,p018,landscape_natural,Classical Landscape with Figures,Henri Mauperché,,lama,,,False,content_region,389376,4655,6.1e-05,0.000632,-0.000571,alex,256,ok,
lama__synthetic_degradation__synthetic_degradation__p018__dirt_dust__moderate__full_image__lpips,lama__synthetic_degradation__synthetic_degradation__p018__dirt_dust__moderate,lama__synthetic_degradation__synthetic_degradation__p018__dirt_dust__moderate,synthetic_degradation__p018__dirt_dust__moderate,synthetic_degradation__p018__dirt_dust__moderate,synthetic_degradation,p018,landscape_natural,Classical Landscape with Figures,Henri Mauperché,,lama,,,False,full_image,589824,4655,4.1e-05,0.000276,-0.000235,alex,256,ok,
lama__synthetic_degradation__synthetic_degradation__p018__dirt_dust__moderate__mask_bbox_crop__lpips,lama__synthetic_degradation__synthetic_degradation__p018__dirt_dust__moderate,lama__synthetic_degradation__synthetic_degradation__p018__dirt_dust__moderate,synthetic_degradation__p018__dirt_dust__moderate,synthetic_degradation__p018__dirt_dust__moderate,synthetic_degradation,p018,landscape_natural,Classical Landscape with Figures,Henri Mauperché,,lama,,,False,mask_bbox_crop,573049,4655,3.9e-05,0.000375,-0.000336,alex,256,ok,
lama__synthetic_degradation__synthetic_degradation__p018__dirt_dust__severe__content_region__lpips,lama__synthetic_degradation__synthetic_degradation__p018__dirt_dust__severe,lama__synthetic_degradation__synthetic_degradation__p018__dirt_dust__severe,synthetic_degradation__p018__dirt_dust__severe,synthetic_degradation__p018__dirt_dust__severe,synthetic_degradation,p018,landscape_natural,Classical Landscape with Figures,Henri Mauperché,,lama,,,False,content_region,389376,11404,0.000778,0.002917,-0.00214,alex,256,ok,
lama__synthetic_degradation__synthetic_degradation__p018__dirt_dust__severe__full_image__lpips,lama__synthetic_degradation__synthetic_degradation__p018__dirt_dust__severe,lama__synthetic_degradation__synthetic_degradation__p018__dirt_dust__severe,synthetic_degradation__p018__dirt_dust__severe,synthetic_degradation__p018__dirt_dust__severe,synthetic_degradation,p018,landscape_natural,Classical Landscape with Figures,Henri Mauperché,,lama,,,False,full_image,589824,11404,0.000308,0.001333,-0.001025,alex,256,ok,
lama__synthetic_degradation__synthetic_degradation__p018__dirt_dust__severe__mask_bbox_crop__lpips,lama__synthetic_degradation__synthetic_degradation__p018__dirt_dust__severe,lama__synthetic_degradation__synthetic_degradation__p018__dirt_dust__severe,synthetic_degradation__p018__dirt_dust__severe,synthetic_degradation__p018__dirt_dust__severe,synthetic_degradation,p018,landscape_natural,Classical Landscape with Figures,Henri Mauperché,,lama,,,False,mask_bbox_crop,585225,11404,0.000347,0.001356,-0.001009,alex,256,ok,
lama__synthetic_degradation__synthetic_degradation__p018__partial_transparency__mild__content_region__lpips,lama__synthetic_degradation__synthetic_degradation__p018__partial_transparency__mild,lama__synthetic_degradation__synthetic_degradation__p018__partial_transparency__mild,synthetic_degradation__p018__partial_transparency__mild,synthetic_degradation__p018__partial_transparency__mild,synthetic_degradation,p018,landscape_natural,Classical Landscape with Figures,Henri Mauperché,,lama,,,False,content_region,389376,23341,0.001918,0.022956,-0.021038,alex,256,ok,
lama__synthetic_degradation__synthetic_degradation__p018__partial_transparency__mild__full_image__lpips,lama__synthetic_degradation__synthetic_degradation__p018__partial_transparency__mild,lama__synthetic_degradation__synthetic_degradation__p018__partial_transparency__mild,synthetic_degradation__p018__partial_transparency__mild,synthetic_degradation__p018__partial_transparency__mild,synthetic_degradation,p018,landscape_natural,Classical Landscape with Figures,Henri Mauperché,,lama,,,False,full_image,589824,23341,0.001416,0.011563,-0.010147,alex,256,ok,
lama__synthetic_degradation__synthetic_degradation__p018__partial_transparency__mild__mask_bbox_crop__lpips,lama__synthetic_degradation__synthetic_degradation__p018__partial_transparency__mild,lama__synthetic_degradation__synthetic_degradation__p018__partial_transparency__mild,synthetic_degradation__p018__partial_transparency__mild,synthetic_degradation__p018__partial_transparency__mild,synthetic_degradation,p018,landscape_natural,Classical Landscape with Figures,Henri Mauperché,,lama,,,False,mask_bbox_crop,315844,23341,0.002211,0.030276,-0.028066,alex,256,ok,
lama__synthetic_degradation__synthetic_degradation__p018__partial_transparency__moderate__content_region__lpips,lama__synthetic_degradation__synthetic_degradation__p018__partial_transparency__moderate,lama__synthetic_degradation__synthetic_degradation__p018__partial_transparency__moderate,synthetic_degradation__p018__partial_transparency__moderate,synthetic_degradation__p018__partial_transparency__moderate,synthetic_degradation,p018,landscape_natural,Classical Landscape with Figures,Henri Mauperché,,lama,,,False,content_region,389376,67754,0.0121,0.108961,-0.096861,alex,256,ok,
lama__synthetic_degradation__synthetic_degradation__p018__partial_transparency__moderate__full_image__lpips,lama__synthetic_degradation__synthetic_degradation__p018__partial_transparency__moderate,lama__synthetic_degradation__synthetic_degradation__p018__partial_transparency__moderate,synthetic_degradation__p018__partial_transparency__moderate,synthetic_degradation__p018__partial_transparency__moderate,synthetic_degradation,p018,landscape_natural,Classical Landscape with Figures,Henri Mauperché,,lama,,,False,full_image,589824,67754,0.007805,0.065158,-0.057353,alex,256,ok,
lama__synthetic_degradation__synthetic_degradation__p018__partial_transparency__moderate__mask_bbox_crop__lpips,lama__synthetic_degradation__synthetic_degradation__p018__partial_transparency__moderate,lama__synthetic_degradation__synthetic_degradation__p018__partial_transparency__moderate,synthetic_degradation__p018__partial_transparency__moderate,synthetic_degradation__p018__partial_transparency__moderate,synthetic_degradation,p018,landscape_natural,Classical Landscape with Figures,Henri Mauperché,,lama,,,False,mask_bbox_crop,326041,67754,0.01083,0.110794,-0.099964,alex,256,ok,
lama__synthetic_degradation__synthetic_degradation__p018__partial_transparency__severe__content_region__lpips,lama__synthetic_degradation__synthetic_degradation__p018__partial_transparency__severe,lama__synthetic_degradation__synthetic_degradation__p018__partial_transparency__severe,synthetic_degradation__p018__partial_transparency__severe,synthetic_degradation__p018__partial_transparency__severe,synthetic_degradation,p018,landscape_natural,Classical Landscape with Figures,Henri Mauperché,,lama,,,False,content_region,389376,169410,0.041587,0.275159,-0.233572,alex,256,ok,
lama__synthetic_degradation__synthetic_degradation__p018__partial_transparency__severe__full_image__lpips,lama__synthetic_degradation__synthetic_degradation__p018__partial_transparency__severe,lama__synthetic_degradation__synthetic_degradation__p018__partial_transparency__severe,synthetic_degradation__p018__partial_transparency__severe,synthetic_degradation__p018__partial_transparency__severe,synthetic_degradation,p018,landscape_natural,Classical Landscape with Figures,Henri Mauperché,,lama,,,False,full_image,589824,169410,0.029311,0.175215,-0.145904,alex,256,ok,
lama__synthetic_degradation__synthetic_degradation__p018__partial_transparency__severe__mask_bbox_crop__lpips,lama__synthetic_degradation__synthetic_degradation__p018__partial_transparency__severe,lama__synthetic_degradation__synthetic_degradation__p018__partial_transparency__severe,synthetic_degradation__p018__partial_transparency__severe,synthetic_degradation__p018__partial_transparency__severe,synthetic_degradation,p018,landscape_natural,Classical Landscape with Figures,Henri Mauperché,,lama,,,False,mask_bbox_crop,265225,169410,0.049984,0.385922,-0.335938,alex,256,ok,
lama__synthetic_degradation__synthetic_degradation__p018__water_stain__mild__content_region__lpips,lama__synthetic_degradation__synthetic_degradation__p018__water_stain__mild,lama__synthetic_degradation__synthetic_degradation__p018__water_stain__mild,synthetic_degradation__p018__water_stain__mild,synthetic_degradation__p018__water_stain__mild,synthetic_degradation,p018,landscape_natural,Classical Landscape with Figures,Henri Mauperché,,lama,,,False,content_region,389376,39028,0.001785,0.044474,-0.042689,alex,256,ok,
lama__synthetic_degradation__synthetic_degradation__p018__water_stain__mild__full_image__lpips,lama__synthetic_degradation__synthetic_degradation__p018__water_stain__mild,lama__synthetic_degradation__synthetic_degradation__p018__water_stain__mild,synthetic_degradation__p018__water_stain__mild,synthetic_degradation__p018__water_stain__mild,synthetic_degradation,p018,landscape_natural,Classical Landscape with Figures,Henri Mauperché,,lama,,,False,full_image,589824,39028,0.001125,0.029812,-0.028687,alex,256,ok,
lama__synthetic_degradation__synthetic_degradation__p018__water_stain__mild__mask_bbox_crop__lpips,lama__synthetic_degradation__synthetic_degradation__p018__water_stain__mild,lama__synthetic_degradation__synthetic_degradation__p018__water_stain__mild,synthetic_degradation__p018__water_stain__mild,synthetic_degradation__p018__water_stain__mild,synthetic_degradation,p018,landscape_natural,Classical Landscape with Figures,Henri Mauperché,,lama,,,False,mask_bbox_crop,123904,39028,0.003875,0.138224,-0.134349,alex,256,ok,
lama__synthetic_degradation__synthetic_degradation__p018__water_stain__moderate__content_region__lpips,lama__synthetic_degradation__synthetic_degradation__p018__water_stain__moderate,lama__synthetic_degradation__synthetic_degradation__p018__water_stain__moderate,synthetic_degradation__p018__water_stain__moderate,synthetic_degradation__p018__water_stain__moderate,synthetic_degradation,p018,landscape_natural,Classical Landscape with Figures,Henri Mauperché,,lama,,,False,content_region,389376,6104,0.003628,0.005772,-0.002144,alex,256,ok,
lama__synthetic_degradation__synthetic_degradation__p018__water_stain__moderate__full_image__lpips,lama__synthetic_degradation__synthetic_degradation__p018__water_stain__moderate,lama__synthetic_degradation__synthetic_degradation__p018__water_stain__moderate,synthetic_degradation__p018__water_stain__moderate,synthetic_degradation__p018__water_stain__moderate,synthetic_degradation,p018,landscape_natural,Classical Landscape with Figures,Henri Mauperché,,lama,,,False,full_image,589824,6104,0.00254,0.003522,-0.000982,alex,256,ok,
lama__synthetic_degradation__synthetic_degradation__p018__water_stain__moderate__mask_bbox_crop__lpips,lama__synthetic_degradation__synthetic_degradation__p018__water_stain__moderate,lama__synthetic_degradation__synthetic_degradation__p018__water_stain__moderate,synthetic_degradation__p018__water_stain__moderate,synthetic_degradation__p018__water_stain__moderate,synthetic_degradation,p018,landscape_natural,Classical Landscape with Figures,Henri Mauperché,,lama,,,False,mask_bbox_crop,112225,6104,0.009864,0.022788,-0.012924,alex,256,ok,
lama__synthetic_degradation__synthetic_degradation__p018__water_stain__severe__content_region__lpips,lama__synthetic_degradation__synthetic_degradation__p018__water_stain__severe,lama__synthetic_degradation__synthetic_degradation__p018__water_stain__severe,synthetic_degradation__p018__water_stain__severe,synthetic_degradation__p018__water_stain__severe,synthetic_degradation,p018,landscape_natural,Classical Landscape with Figures,Henri Mauperché,,lama,,,False,content_region,389376,19426,0.005852,0.013031,-0.007179,alex,256,ok,
lama__synthetic_degradation__synthetic_degradation__p018__water_stain__severe__full_image__lpips,lama__synthetic_degradation__synthetic_degradation__p018__water_stain__severe,lama__synthetic_degradation__synthetic_degradation__p018__water_stain__severe,synthetic_degradation__p018__water_stain__severe,synthetic_degradation__p018__water_stain__severe,synthetic_degradation,p018,landscape_natural,Classical Landscape with Figures,Henri Mauperché,,lama,,,False,full_image,589824,19426,0.003442,0.007411,-0.003968,alex,256,ok,
lama__synthetic_degradation__synthetic_degradation__p018__water_stain__severe__mask_bbox_crop__lpips,lama__synthetic_degradation__synthetic_degradation__p018__water_stain__severe,lama__synthetic_degradation__synthetic_degradation__p018__water_stain__severe,synthetic_degradation__p018__water_stain__severe,synthetic_degradation__p018__water_stain__severe,synthetic_degradation,p018,landscape_natural,Classical Landscape with Figures,Henri Mauperché,,lama,,,False,mask_bbox_crop,76729,19426,0.014002,0.073608,-0.059606,alex,256,ok,
lama__synthetic_degradation__synthetic_degradation__p018__water_stain_dirt__moderate__content_region__lpips,lama__synthetic_degradation__synthetic_degradation__p018__water_stain_dirt__moderate,lama__synthetic_degradation__synthetic_degradation__p018__water_stain_dirt__moderate,synthetic_degradation__p018__water_stain_dirt__moderate,synthetic_degradation__p018__water_stain_dirt__moderate,synthetic_degradation,p018,landscape_natural,Classical Landscape with Figures,Henri Mauperché,,lama,,,False,content_region,389376,27569,0.005439,0.032695,-0.027256,alex,256,ok,
lama__synthetic_degradation__synthetic_degradation__p018__water_stain_dirt__moderate__full_image__lpips,lama__synthetic_degradation__synthetic_degradation__p018__water_stain_dirt__moderate,lama__synthetic_degradation__synthetic_degradation__p018__water_stain_dirt__moderate,synthetic_degradation__p018__water_stain_dirt__moderate,synthetic_degradation__p018__water_stain_dirt__moderate,synthetic_degradation,p018,landscape_natural,Classical Landscape with Figures,Henri Mauperché,,lama,,,False,full_image,589824,27569,0.003305,0.016419,-0.013114,alex,256,ok,
lama__synthetic_degradation__synthetic_degradation__p018__water_stain_dirt__moderate__mask_bbox_crop__lpips,lama__synthetic_degradation__synthetic_degradation__p018__water_stain_dirt__moderate,lama__synthetic_degradation__synthetic_degradation__p018__water_stain_dirt__moderate,synthetic_degradation__p018__water_stain_dirt__moderate,synthetic_degradation__p018__water_stain_dirt__moderate,synthetic_degradation,p018,landscape_natural,Classical Landscape with Figures,Henri Mauperché,,lama,,,False,mask_bbox_crop,111556,27569,0.019694,0.133791,-0.114097,alex,256,ok,
lama__synthetic_degradation__synthetic_degradation__p026__dirt_dust__mild__content_region__lpips,lama__synthetic_degradation__synthetic_degradation__p026__dirt_dust__mild,lama__synthetic_degradation__synthetic_degradation__p026__dirt_dust__mild,synthetic_degradation__p026__dirt_dust__mild,synthetic_degradation__p026__dirt_dust__mild,synthetic_degradation,p026,architecture_structured,View of a Village along a River,attributed to Jan Brueghel I,,lama,,,False,content_region,406272,1076,6e-06,0.000383,-0.000377,alex,256,ok,
lama__synthetic_degradation__synthetic_degradation__p026__dirt_dust__mild__full_image__lpips,lama__synthetic_degradation__synthetic_degradation__p026__dirt_dust__mild,lama__synthetic_degradation__synthetic_degradation__p026__dirt_dust__mild,synthetic_degradation__p026__dirt_dust__mild,synthetic_degradation__p026__dirt_dust__mild,synthetic_degradation,p026,architecture_structured,View of a Village along a River,attributed to Jan Brueghel I,,lama,,,False,full_image,589824,1076,3e-06,0.000264,-0.000261,alex,256,ok,
lama__synthetic_degradation__synthetic_degradation__p026__dirt_dust__mild__mask_bbox_crop__lpips,lama__synthetic_degradation__synthetic_degradation__p026__dirt_dust__mild,lama__synthetic_degradation__synthetic_degradation__p026__dirt_dust__mild,synthetic_degradation__p026__dirt_dust__mild,synthetic_degradation__p026__dirt_dust__mild,synthetic_degradation,p026,architecture_structured,View of a Village along a River,attributed to Jan Brueghel I,,lama,,,False,mask_bbox_crop,546121,1076,3e-06,0.000347,-0.000344,alex,256,ok,
lama__synthetic_degradation__synthetic_degradation__p026__dirt_dust__moderate__content_region__lpips,lama__synthetic_degradation__synthetic_degradation__p026__dirt_dust__moderate,lama__synthetic_degradation__synthetic_degradation__p026__dirt_dust__moderate,synthetic_degradation__p026__dirt_dust__moderate,synthetic_degradation__p026__dirt_dust__moderate,synthetic_degradation,p026,architecture_structured,View of a Village along a River,attributed to Jan Brueghel I,,lama,,,False,content_region,406272,3983,0.000139,0.001004,-0.000865,alex,256,ok,
lama__synthetic_degradation__synthetic_degradation__p026__dirt_dust__moderate__full_image__lpips,lama__synthetic_degradation__synthetic_degradation__p026__dirt_dust__moderate,lama__synthetic_degradation__synthetic_degradation__p026__dirt_dust__moderate,synthetic_degradation__p026__dirt_dust__moderate,synthetic_degradation__p026__dirt_dust__moderate,synthetic_degradation,p026,architecture_structured,View of a Village along a River,attributed to Jan Brueghel I,,lama,,,False,full_image,589824,3983,8.1e-05,0.000661,-0.00058,alex,256,ok,
lama__synthetic_degradation__synthetic_degradation__p026__dirt_dust__moderate__mask_bbox_crop__lpips,lama__synthetic_degradation__synthetic_degradation__p026__dirt_dust__moderate,lama__synthetic_degradation__synthetic_degradation__p026__dirt_dust__moderate,synthetic_degradation__p026__dirt_dust__moderate,synthetic_degradation__p026__dirt_dust__moderate,synthetic_degradation,p026,architecture_structured,View of a Village along a River,attributed to Jan Brueghel I,,lama,,,False,mask_bbox_crop,576081,3983,8.5e-05,0.000637,-0.000552,alex,256,ok,
lama__synthetic_degradation__synthetic_degradation__p026__dirt_dust__severe__content_region__lpips,lama__synthetic_degradation__synthetic_degradation__p026__dirt_dust__severe,lama__synthetic_degradation__synthetic_degradation__p026__dirt_dust__severe,synthetic_degradation__p026__dirt_dust__severe,synthetic_degradation__p026__dirt_dust__severe,synthetic_degradation,p026,architecture_structured,View of a Village along a River,attributed to Jan Brueghel I,,lama,,,False,content_region,406272,12702,0.002122,0.006231,-0.004109,alex,256,ok,
lama__synthetic_degradation__synthetic_degradation__p026__dirt_dust__severe__full_image__lpips,lama__synthetic_degradation__synthetic_degradation__p026__dirt_dust__severe,lama__synthetic_degradation__synthetic_degradation__p026__dirt_dust__severe,synthetic_degradation__p026__dirt_dust__severe,synthetic_degradation__p026__dirt_dust__severe,synthetic_degradation,p026,architecture_structured,View of a Village along a River,attributed to Jan Brueghel I,,lama,,,False,full_image,589824,12702,0.001376,0.003529,-0.002153,alex,256,ok,
lama__synthetic_degradation__synthetic_degradation__p026__dirt_dust__severe__mask_bbox_crop__lpips,lama__synthetic_degradation__synthetic_degradation__p026__dirt_dust__severe,lama__synthetic_degradation__synthetic_degradation__p026__dirt_dust__severe,synthetic_degradation__p026__dirt_dust__severe,synthetic_degradation__p026__dirt_dust__severe,synthetic_degradation,p026,architecture_structured,View of a Village along a River,attributed to Jan Brueghel I,,lama,,,False,mask_bbox_crop,589824,12702,0.001376,0.003529,-0.002153,alex,256,ok,
lama__synthetic_degradation__synthetic_degradation__p026__partial_transparency__mild__content_region__lpips,lama__synthetic_degradation__synthetic_degradation__p026__partial_transparency__mild,lama__synthetic_degradation__synthetic_degradation__p026__partial_transparency__mild,synthetic_degradation__p026__partial_transparency__mild,synthetic_degradation__p026__partial_transparency__mild,synthetic_degradation,p026,architecture_structured,View of a Village along a River,attributed to Jan Brueghel I,,lama,,,False,content_region,406272,18081,0.000691,0.015268,-0.014576,alex,256,ok,
lama__synthetic_degradation__synthetic_degradation__p026__partial_transparency__mild__full_image__lpips,lama__synthetic_degradation__synthetic_degradation__p026__partial_transparency__mild,lama__synthetic_degradation__synthetic_degradation__p026__partial_transparency__mild,synthetic_degradation__p026__partial_transparency__mild,synthetic_degradation__p026__partial_transparency__mild,synthetic_degradation,p026,architecture_structured,View of a Village along a River,attributed to Jan Brueghel I,,lama,,,False,full_image,589824,18081,0.000749,0.01142,-0.010671,alex,256,ok,
lama__synthetic_degradation__synthetic_degradation__p026__partial_transparency__mild__mask_bbox_crop__lpips,lama__synthetic_degradation__synthetic_degradation__p026__partial_transparency__mild,lama__synthetic_degradation__synthetic_degradation__p026__partial_transparency__mild,synthetic_degradation__p026__partial_transparency__mild,synthetic_degradation__p026__partial_transparency__mild,synthetic_degradation,p026,architecture_structured,View of a Village along a River,attributed to Jan Brueghel I,,lama,,,False,mask_bbox_crop,51076,18081,0.002667,0.111216,-0.108548,alex,256,ok,
lama__synthetic_degradation__synthetic_degradation__p026__partial_transparency__moderate__content_region__lpips,lama__synthetic_degradation__synthetic_degradation__p026__partial_transparency__moderate,lama__synthetic_degradation__synthetic_degradation__p026__partial_transparency__moderate,synthetic_degradation__p026__partial_transparency__moderate,synthetic_degradation__p026__partial_transparency__moderate,synthetic_degradation,p026,architecture_structured,View of a Village along a River,attributed to Jan Brueghel I,,lama,,,False,content_region,406272,35610,0.005923,0.029751,-0.023828,alex,256,ok,
lama__synthetic_degradation__synthetic_degradation__p026__partial_transparency__moderate__full_image__lpips,lama__synthetic_degradation__synthetic_degradation__p026__partial_transparency__moderate,lama__synthetic_degradation__synthetic_degradation__p026__partial_transparency__moderate,synthetic_degradation__p026__partial_transparency__moderate,synthetic_degradation__p026__partial_transparency__moderate,synthetic_degradation,p026,architecture_structured,View of a Village along a River,attributed to Jan Brueghel I,,lama,,,False,full_image,589824,35610,0.004313,0.019155,-0.014843,alex,256,ok,
lama__synthetic_degradation__synthetic_degradation__p026__partial_transparency__moderate__mask_bbox_crop__lpips,lama__synthetic_degradation__synthetic_degradation__p026__partial_transparency__moderate,lama__synthetic_degradation__synthetic_degradation__p026__partial_transparency__moderate,synthetic_degradation__p026__partial_transparency__moderate,synthetic_degradation__p026__partial_transparency__moderate,synthetic_degradation,p026,architecture_structured,View of a Village along a River,attributed to Jan Brueghel I,,lama,,,False,mask_bbox_crop,219961,35610,0.007919,0.053171,-0.045252,alex,256,ok,
lama__synthetic_degradation__synthetic_degradation__p026__partial_transparency__severe__content_region__lpips,lama__synthetic_degradation__synthetic_degradation__p026__partial_transparency__severe,lama__synthetic_degradation__synthetic_degradation__p026__partial_transparency__severe,synthetic_degradation__p026__partial_transparency__severe,synthetic_degradation__p026__partial_transparency__severe,synthetic_degradation,p026,architecture_structured,View of a Village along a River,attributed to Jan Brueghel I,,lama,,,False,content_region,406272,132649,0.026203,0.234553,-0.208349,alex,256,ok,
lama__synthetic_degradation__synthetic_degradation__p026__partial_transparency__severe__full_image__lpips,lama__synthetic_degradation__synthetic_degradation__p026__partial_transparency__severe,lama__synthetic_degradation__synthetic_degradation__p026__partial_transparency__severe,synthetic_degradation__p026__partial_transparency__severe,synthetic_degradation__p026__partial_transparency__severe,synthetic_degradation,p026,architecture_structured,View of a Village along a River,attributed to Jan Brueghel I,,lama,,,False,full_image,589824,132649,0.023166,0.165192,-0.142026,alex,256,ok,
lama__synthetic_degradation__synthetic_degradation__p026__partial_transparency__severe__mask_bbox_crop__lpips,lama__synthetic_degradation__synthetic_degradation__p026__partial_transparency__severe,lama__synthetic_degradation__synthetic_degradation__p026__partial_transparency__severe,synthetic_degradation__p026__partial_transparency__severe,synthetic_degradation__p026__partial_transparency__severe,synthetic_degradation,p026,architecture_structured,View of a Village along a River,attributed to Jan Brueghel I,,lama,,,False,mask_bbox_crop,346921,132649,0.031275,0.277123,-0.245848,alex,256,ok,
lama__synthetic_degradation__synthetic_degradation__p026__water_stain__mild__content_region__lpips,lama__synthetic_degradation__synthetic_degradation__p026__water_stain__mild,lama__synthetic_degradation__synthetic_degradation__p026__water_stain__mild,synthetic_degradation__p026__water_stain__mild,synthetic_degradation__p026__water_stain__mild,synthetic_degradation,p026,architecture_structured,View of a Village along a River,attributed to Jan Brueghel I,,lama,,,False,content_region,406272,1704,0.002255,0.002453,-0.000198,alex,256,ok,
lama__synthetic_degradation__synthetic_degradation__p026__water_stain__mild__full_image__lpips,lama__synthetic_degradation__synthetic_degradation__p026__water_stain__mild,lama__synthetic_degradation__synthetic_degradation__p026__water_stain__mild,synthetic_degradation__p026__water_stain__mild,synthetic_degradation__p026__water_stain__mild,synthetic_degradation,p026,architecture_structured,View of a Village along a River,attributed to Jan Brueghel I,,lama,,,False,full_image,589824,1704,0.001718,0.001859,-0.000141,alex,256,ok,
lama__synthetic_degradation__synthetic_degradation__p026__water_stain__mild__mask_bbox_crop__lpips,lama__synthetic_degradation__synthetic_degradation__p026__water_stain__mild,lama__synthetic_degradation__synthetic_degradation__p026__water_stain__mild,synthetic_degradation__p026__water_stain__mild,synthetic_degradation__p026__water_stain__mild,synthetic_degradation,p026,architecture_structured,View of a Village along a River,attributed to Jan Brueghel I,,lama,,,False,mask_bbox_crop,116964,1704,0.004331,0.008106,-0.003775,alex,256,ok,
lama__synthetic_degradation__synthetic_degradation__p026__water_stain__moderate__content_region__lpips,lama__synthetic_degradation__synthetic_degradation__p026__water_stain__moderate,lama__synthetic_degradation__synthetic_degradation__p026__water_stain__moderate,synthetic_degradation__p026__water_stain__moderate,synthetic_degradation__p026__water_stain__moderate,synthetic_degradation,p026,architecture_structured,View of a Village along a River,attributed to Jan Brueghel I,,lama,,,False,content_region,406272,0,0.005311,0.005311,0.0,alex,256,ok,
lama__synthetic_degradation__synthetic_degradation__p026__water_stain__moderate__full_image__lpips,lama__synthetic_degradation__synthetic_degradation__p026__water_stain__moderate,lama__synthetic_degradation__synthetic_degradation__p026__water_stain__moderate,synthetic_degradation__p026__water_stain__moderate,synthetic_degradation__p026__water_stain__moderate,synthetic_degradation,p026,architecture_structured,View of a Village along a River,attributed to Jan Brueghel I,,lama,,,False,full_image,589824,0,0.003892,0.003892,0.0,alex,256,ok,
lama__synthetic_degradation__synthetic_degradation__p026__water_stain__severe__content_region__lpips,lama__synthetic_degradation__synthetic_degradation__p026__water_stain__severe,lama__synthetic_degradation__synthetic_degradation__p026__water_stain__severe,synthetic_degradation__p026__water_stain__severe,synthetic_degradation__p026__water_stain__severe,synthetic_degradation,p026,architecture_structured,View of a Village along a River,attributed to Jan Brueghel I,,lama,,,False,content_region,406272,0,0.01137,0.01137,0.0,alex,256,ok,
lama__synthetic_degradation__synthetic_degradation__p026__water_stain__severe__full_image__lpips,lama__synthetic_degradation__synthetic_degradation__p026__water_stain__severe,lama__synthetic_degradation__synthetic_degradation__p026__water_stain__severe,synthetic_degradation__p026__water_stain__severe,synthetic_degradation__p026__water_stain__severe,synthetic_degradation,p026,architecture_structured,View of a Village along a River,attributed to Jan Brueghel I,,lama,,,False,full_image,589824,0,0.009533,0.009533,0.0,alex,256,ok,
lama__synthetic_degradation__synthetic_degradation__p026__water_stain_dirt__moderate__content_region__lpips,lama__synthetic_degradation__synthetic_degradation__p026__water_stain_dirt__moderate,lama__synthetic_degradation__synthetic_degradation__p026__water_stain_dirt__moderate,synthetic_degradation__p026__water_stain_dirt__moderate,synthetic_degradation__p026__water_stain_dirt__moderate,synthetic_degradation,p026,architecture_structured,View of a Village along a River,attributed to Jan Brueghel I,,lama,,,False,content_region,406272,6346,0.006931,0.01024,-0.003309,alex,256,ok,
lama__synthetic_degradation__synthetic_degradation__p026__water_stain_dirt__moderate__full_image__lpips,lama__synthetic_degradation__synthetic_degradation__p026__water_stain_dirt__moderate,lama__synthetic_degradation__synthetic_degradation__p026__water_stain_dirt__moderate,synthetic_degradation__p026__water_stain_dirt__moderate,synthetic_degradation__p026__water_stain_dirt__moderate,synthetic_degradation,p026,architecture_structured,View of a Village along a River,attributed to Jan Brueghel I,,lama,,,False,full_image,589824,6346,0.005706,0.008031,-0.002326,alex,256,ok,
lama__synthetic_degradation__synthetic_degradation__p026__water_stain_dirt__moderate__mask_bbox_crop__lpips,lama__synthetic_degradation__synthetic_degradation__p026__water_stain_dirt__moderate,lama__synthetic_degradation__synthetic_degradation__p026__water_stain_dirt__moderate,synthetic_degradation__p026__water_stain_dirt__moderate,synthetic_degradation__p026__water_stain_dirt__moderate,synthetic_degradation,p026,architecture_structured,View of a Village along a River,attributed to Jan Brueghel I,,lama,,,False,mask_bbox_crop,36481,6346,0.024846,0.06764,-0.042793,alex,256,ok,
lama__synthetic_degradation__synthetic_degradation__p039__dirt_dust__mild__content_region__lpips,lama__synthetic_degradation__synthetic_degradation__p039__dirt_dust__mild,lama__synthetic_degradation__synthetic_degradation__p039__dirt_dust__mild,synthetic_degradation__p039__dirt_dust__mild,synthetic_degradation__p039__dirt_dust__mild,synthetic_degradation,p039,abstraction_surrealism,Painting with Troika,Wassily Kandinsky,,lama,,,False,content_region,433152,1547,3e-06,0.000203,-0.0002,alex,256,ok,
lama__synthetic_degradation__synthetic_degradation__p039__dirt_dust__mild__full_image__lpips,lama__synthetic_degradation__synthetic_degradation__p039__dirt_dust__mild,lama__synthetic_degradation__synthetic_degradation__p039__dirt_dust__mild,synthetic_degradation__p039__dirt_dust__mild,synthetic_degradation__p039__dirt_dust__mild,synthetic_degradation,p039,abstraction_surrealism,Painting with Troika,Wassily Kandinsky,,lama,,,False,full_image,589824,1547,3e-06,0.0001,-9.8e-05,alex,256,ok,
lama__synthetic_degradation__synthetic_degradation__p039__dirt_dust__mild__mask_bbox_crop__lpips,lama__synthetic_degradation__synthetic_degradation__p039__dirt_dust__mild,lama__synthetic_degradation__synthetic_degradation__p039__dirt_dust__mild,synthetic_degradation__p039__dirt_dust__mild,synthetic_degradation__p039__dirt_dust__mild,synthetic_degradation,p039,abstraction_surrealism,Painting with Troika,Wassily Kandinsky,,lama,,,False,mask_bbox_crop,567009,1547,3e-06,0.000113,-0.00011,alex,256,ok,
lama__synthetic_degradation__synthetic_degradation__p039__dirt_dust__moderate__content_region__lpips,lama__synthetic_degradation__synthetic_degradation__p039__dirt_dust__moderate,lama__synthetic_degradation__synthetic_degradation__p039__dirt_dust__moderate,synthetic_degradation__p039__dirt_dust__moderate,synthetic_degradation__p039__dirt_dust__moderate,synthetic_degradation,p039,abstraction_surrealism,Painting with Troika,Wassily Kandinsky,,lama,,,False,content_region,433152,4538,5.2e-05,0.000556,-0.000504,alex,256,ok,
lama__synthetic_degradation__synthetic_degradation__p039__dirt_dust__moderate__full_image__lpips,lama__synthetic_degradation__synthetic_degradation__p039__dirt_dust__moderate,lama__synthetic_degradation__synthetic_degradation__p039__dirt_dust__moderate,synthetic_degradation__p039__dirt_dust__moderate,synthetic_degradation__p039__dirt_dust__moderate,synthetic_degradation,p039,abstraction_surrealism,Painting with Troika,Wassily Kandinsky,,lama,,,False,full_image,589824,4538,5.5e-05,0.000295,-0.00024,alex,256,ok,
lama__synthetic_degradation__synthetic_degradation__p039__dirt_dust__moderate__mask_bbox_crop__lpips,lama__synthetic_degradation__synthetic_degradation__p039__dirt_dust__moderate,lama__synthetic_degradation__synthetic_degradation__p039__dirt_dust__moderate,synthetic_degradation__p039__dirt_dust__moderate,synthetic_degradation__p039__dirt_dust__moderate,synthetic_degradation,p039,abstraction_surrealism,Painting with Troika,Wassily Kandinsky,,lama,,,False,mask_bbox_crop,589824,4538,5.5e-05,0.000295,-0.00024,alex,256,ok,
lama__synthetic_degradation__synthetic_degradation__p039__dirt_dust__severe__content_region__lpips,lama__synthetic_degradation__synthetic_degradation__p039__dirt_dust__severe,lama__synthetic_degradation__synthetic_degradation__p039__dirt_dust__severe,synthetic_degradation__p039__dirt_dust__severe,synthetic_degradation__p039__dirt_dust__severe,synthetic_degradation,p039,abstraction_surrealism,Painting with Troika,Wassily Kandinsky,,lama,,,False,content_region,433152,13498,0.000601,0.001641,-0.00104,alex,256,ok,
lama__synthetic_degradation__synthetic_degradation__p039__dirt_dust__severe__full_image__lpips,lama__synthetic_degradation__synthetic_degradation__p039__dirt_dust__severe,lama__synthetic_degradation__synthetic_degradation__p039__dirt_dust__severe,synthetic_degradation__p039__dirt_dust__severe,synthetic_degradation__p039__dirt_dust__severe,synthetic_degradation,p039,abstraction_surrealism,Painting with Troika,Wassily Kandinsky,,lama,,,False,full_image,589824,13498,0.000457,0.001055,-0.000598,alex,256,ok,
lama__synthetic_degradation__synthetic_degradation__p039__dirt_dust__severe__mask_bbox_crop__lpips,lama__synthetic_degradation__synthetic_degradation__p039__dirt_dust__severe,lama__synthetic_degradation__synthetic_degradation__p039__dirt_dust__severe,synthetic_degradation__p039__dirt_dust__severe,synthetic_degradation__p039__dirt_dust__severe,synthetic_degradation,p039,abstraction_surrealism,Painting with Troika,Wassily Kandinsky,,lama,,,False,mask_bbox_crop,589824,13498,0.000457,0.001055,-0.000598,alex,256,ok,
lama__synthetic_degradation__synthetic_degradation__p039__partial_transparency__mild__content_region__lpips,lama__synthetic_degradation__synthetic_degradation__p039__partial_transparency__mild,lama__synthetic_degradation__synthetic_degradation__p039__partial_transparency__mild,synthetic_degradation__p039__partial_transparency__mild,synthetic_degradation__p039__partial_transparency__mild,synthetic_degradation,p039,abstraction_surrealism,Painting with Troika,Wassily Kandinsky,,lama,,,False,content_region,433152,14192,0.000473,0.020391,-0.019918,alex,256,ok,
lama__synthetic_degradation__synthetic_degradation__p039__partial_transparency__mild__full_image__lpips,lama__synthetic_degradation__synthetic_degradation__p039__partial_transparency__mild,lama__synthetic_degradation__synthetic_degradation__p039__partial_transparency__mild,synthetic_degradation__p039__partial_transparency__mild,synthetic_degradation__p039__partial_transparency__mild,synthetic_degradation,p039,abstraction_surrealism,Painting with Troika,Wassily Kandinsky,,lama,,,False,full_image,589824,14192,0.000268,0.012825,-0.012557,alex,256,ok,
lama__synthetic_degradation__synthetic_degradation__p039__partial_transparency__mild__mask_bbox_crop__lpips,lama__synthetic_degradation__synthetic_degradation__p039__partial_transparency__mild,lama__synthetic_degradation__synthetic_degradation__p039__partial_transparency__mild,synthetic_degradation__p039__partial_transparency__mild,synthetic_degradation__p039__partial_transparency__mild,synthetic_degradation,p039,abstraction_surrealism,Painting with Troika,Wassily Kandinsky,,lama,,,False,mask_bbox_crop,38809,14192,0.002037,0.175717,-0.17368,alex,256,ok,
lama__synthetic_degradation__synthetic_degradation__p039__partial_transparency__moderate__content_region__lpips,lama__synthetic_degradation__synthetic_degradation__p039__partial_transparency__moderate,lama__synthetic_degradation__synthetic_degradation__p039__partial_transparency__moderate,synthetic_degradation__p039__partial_transparency__moderate,synthetic_degradation__p039__partial_transparency__moderate,synthetic_degradation,p039,abstraction_surrealism,Painting with Troika,Wassily Kandinsky,,lama,,,False,content_region,433152,104657,0.009197,0.159701,-0.150505,alex,256,ok,
lama__synthetic_degradation__synthetic_degradation__p039__partial_transparency__moderate__full_image__lpips,lama__synthetic_degradation__synthetic_degradation__p039__partial_transparency__moderate,lama__synthetic_degradation__synthetic_degradation__p039__partial_transparency__moderate,synthetic_degradation__p039__partial_transparency__moderate,synthetic_degradation__p039__partial_transparency__moderate,synthetic_degradation,p039,abstraction_surrealism,Painting with Troika,Wassily Kandinsky,,lama,,,False,full_image,589824,104657,0.007069,0.112945,-0.105877,alex,256,ok,
lama__synthetic_degradation__synthetic_degradation__p039__partial_transparency__moderate__mask_bbox_crop__lpips,lama__synthetic_degradation__synthetic_degradation__p039__partial_transparency__moderate,lama__synthetic_degradation__synthetic_degradation__p039__partial_transparency__moderate,synthetic_degradation__p039__partial_transparency__moderate,synthetic_degradation__p039__partial_transparency__moderate,synthetic_degradation,p039,abstraction_surrealism,Painting with Troika,Wassily Kandinsky,,lama,,,False,mask_bbox_crop,182329,104657,0.015964,0.351621,-0.335657,alex,256,ok,
lama__synthetic_degradation__synthetic_degradation__p039__partial_transparency__severe__content_region__lpips,lama__synthetic_degradation__synthetic_degradation__p039__partial_transparency__severe,lama__synthetic_degradation__synthetic_degradation__p039__partial_transparency__severe,synthetic_degradation__p039__partial_transparency__severe,synthetic_degradation__p039__partial_transparency__severe,synthetic_degradation,p039,abstraction_surrealism,Painting with Troika,Wassily Kandinsky,,lama,,,False,content_region,433152,156521,0.029621,0.279484,-0.249862,alex,256,ok,
lama__synthetic_degradation__synthetic_degradation__p039__partial_transparency__severe__full_image__lpips,lama__synthetic_degradation__synthetic_degradation__p039__partial_transparency__severe,lama__synthetic_degradation__synthetic_degradation__p039__partial_transparency__severe,synthetic_degradation__p039__partial_transparency__severe,synthetic_degradation__p039__partial_transparency__severe,synthetic_degradation,p039,abstraction_surrealism,Painting with Troika,Wassily Kandinsky,,lama,,,False,full_image,589824,156521,0.023695,0.204146,-0.180451,alex,256,ok,
lama__synthetic_degradation__synthetic_degradation__p039__partial_transparency__severe__mask_bbox_crop__lpips,lama__synthetic_degradation__synthetic_degradation__p039__partial_transparency__severe,lama__synthetic_degradation__synthetic_degradation__p039__partial_transparency__severe,synthetic_degradation__p039__partial_transparency__severe,synthetic_degradation__p039__partial_transparency__severe,synthetic_degradation,p039,abstraction_surrealism,Painting with Troika,Wassily Kandinsky,,lama,,,False,mask_bbox_crop,370881,156521,0.032016,0.315672,-0.283656,alex,256,ok,
lama__synthetic_degradation__synthetic_degradation__p039__water_stain__mild__content_region__lpips,lama__synthetic_degradation__synthetic_degradation__p039__water_stain__mild,lama__synthetic_degradation__synthetic_degradation__p039__water_stain__mild,synthetic_degradation__p039__water_stain__mild,synthetic_degradation__p039__water_stain__mild,synthetic_degradation,p039,abstraction_surrealism,Painting with Troika,Wassily Kandinsky,,lama,,,False,content_region,433152,14196,0.001668,0.006348,-0.004681,alex,256,ok,
lama__synthetic_degradation__synthetic_degradation__p039__water_stain__mild__full_image__lpips,lama__synthetic_degradation__synthetic_degradation__p039__water_stain__mild,lama__synthetic_degradation__synthetic_degradation__p039__water_stain__mild,synthetic_degradation__p039__water_stain__mild,synthetic_degradation__p039__water_stain__mild,synthetic_degradation,p039,abstraction_surrealism,Painting with Troika,Wassily Kandinsky,,lama,,,False,full_image,589824,14196,0.001163,0.003738,-0.002575,alex,256,ok,
lama__synthetic_degradation__synthetic_degradation__p039__water_stain__mild__mask_bbox_crop__lpips,lama__synthetic_degradation__synthetic_degradation__p039__water_stain__mild,lama__synthetic_degradation__synthetic_degradation__p039__water_stain__mild,synthetic_degradation__p039__water_stain__mild,synthetic_degradation__p039__water_stain__mild,synthetic_degradation,p039,abstraction_surrealism,Painting with Troika,Wassily Kandinsky,,lama,,,False,mask_bbox_crop,107584,14196,0.004457,0.033234,-0.028777,alex,256,ok,
lama__synthetic_degradation__synthetic_degradation__p039__water_stain__moderate__content_region__lpips,lama__synthetic_degradation__synthetic_degradation__p039__water_stain__moderate,lama__synthetic_degradation__synthetic_degradation__p039__water_stain__moderate,synthetic_degradation__p039__water_stain__moderate,synthetic_degradation__p039__water_stain__moderate,synthetic_degradation,p039,abstraction_surrealism,Painting with Troika,Wassily Kandinsky,,lama,,,False,content_region,433152,33464,0.003778,0.047562,-0.043784,alex,256,ok,
lama__synthetic_degradation__synthetic_degradation__p039__water_stain__moderate__full_image__lpips,lama__synthetic_degradation__synthetic_degradation__p039__water_stain__moderate,lama__synthetic_degradation__synthetic_degradation__p039__water_stain__moderate,synthetic_degradation__p039__water_stain__moderate,synthetic_degradation__p039__water_stain__moderate,synthetic_degradation,p039,abstraction_surrealism,Painting with Troika,Wassily Kandinsky,,lama,,,False,full_image,589824,33464,0.002524,0.030731,-0.028207,alex,256,ok,
lama__synthetic_degradation__synthetic_degradation__p039__water_stain__moderate__mask_bbox_crop__lpips,lama__synthetic_degradation__synthetic_degradation__p039__water_stain__moderate,lama__synthetic_degradation__synthetic_degradation__p039__water_stain__moderate,synthetic_degradation__p039__water_stain__moderate,synthetic_degradation__p039__water_stain__moderate,synthetic_degradation,p039,abstraction_surrealism,Painting with Troika,Wassily Kandinsky,,lama,,,False,mask_bbox_crop,127449,33464,0.009503,0.141631,-0.132128,alex,256,ok,
lama__synthetic_degradation__synthetic_degradation__p039__water_stain__severe__content_region__lpips,lama__synthetic_degradation__synthetic_degradation__p039__water_stain__severe,lama__synthetic_degradation__synthetic_degradation__p039__water_stain__severe,synthetic_degradation__p039__water_stain__severe,synthetic_degradation__p039__water_stain__severe,synthetic_degradation,p039,abstraction_surrealism,Painting with Troika,Wassily Kandinsky,,lama,,,False,content_region,433152,0,0.007734,0.007734,0.0,alex,256,ok,
lama__synthetic_degradation__synthetic_degradation__p039__water_stain__severe__full_image__lpips,lama__synthetic_degradation__synthetic_degradation__p039__water_stain__severe,lama__synthetic_degradation__synthetic_degradation__p039__water_stain__severe,synthetic_degradation__p039__water_stain__severe,synthetic_degradation__p039__water_stain__severe,synthetic_degradation,p039,abstraction_surrealism,Painting with Troika,Wassily Kandinsky,,lama,,,False,full_image,589824,0,0.005565,0.005565,0.0,alex,256,ok,
lama__synthetic_degradation__synthetic_degradation__p039__water_stain_dirt__moderate__content_region__lpips,lama__synthetic_degradation__synthetic_degradation__p039__water_stain_dirt__moderate,lama__synthetic_degradation__synthetic_degradation__p039__water_stain_dirt__moderate,synthetic_degradation__p039__water_stain_dirt__moderate,synthetic_degradation__p039__water_stain_dirt__moderate,synthetic_degradation,p039,abstraction_surrealism,Painting with Troika,Wassily Kandinsky,,lama,,,False,content_region,433152,0,0.002777,0.002777,0.0,alex,256,ok,
lama__synthetic_degradation__synthetic_degradation__p039__water_stain_dirt__moderate__full_image__lpips,lama__synthetic_degradation__synthetic_degradation__p039__water_stain_dirt__moderate,lama__synthetic_degradation__synthetic_degradation__p039__water_stain_dirt__moderate,synthetic_degradation__p039__water_stain_dirt__moderate,synthetic_degradation__p039__water_stain_dirt__moderate,synthetic_degradation,p039,abstraction_surrealism,Painting with Troika,Wassily Kandinsky,,lama,,,False,full_image,589824,0,0.001837,0.001837,0.0,alex,256,ok,
lama__synthetic_degradation__synthetic_degradation__p043__dirt_dust__mild__content_region__lpips,lama__synthetic_degradation__synthetic_degradation__p043__dirt_dust__mild,lama__synthetic_degradation__synthetic_degradation__p043__dirt_dust__mild,synthetic_degradation__p043__dirt_dust__mild,synthetic_degradation__p043__dirt_dust__mild,synthetic_degradation,p043,high_texture_brushwork,The Card Players,Paul Cézanne,Post-Impressionism,lama,,,False,content_region,469248,1439,1e-06,0.000109,-0.000108,alex,256,ok,
lama__synthetic_degradation__synthetic_degradation__p043__dirt_dust__mild__full_image__lpips,lama__synthetic_degradation__synthetic_degradation__p043__dirt_dust__mild,lama__synthetic_degradation__synthetic_degradation__p043__dirt_dust__mild,synthetic_degradation__p043__dirt_dust__mild,synthetic_degradation__p043__dirt_dust__mild,synthetic_degradation,p043,high_texture_brushwork,The Card Players,Paul Cézanne,Post-Impressionism,lama,,,False,full_image,589824,1439,1e-06,6.5e-05,-6.4e-05,alex,256,ok,
lama__synthetic_degradation__synthetic_degradation__p043__dirt_dust__mild__mask_bbox_crop__lpips,lama__synthetic_degradation__synthetic_degradation__p043__dirt_dust__mild,lama__synthetic_degradation__synthetic_degradation__p043__dirt_dust__mild,synthetic_degradation__p043__dirt_dust__mild,synthetic_degradation__p043__dirt_dust__mild,synthetic_degradation,p043,high_texture_brushwork,The Card Players,Paul Cézanne,Post-Impressionism,lama,,,False,mask_bbox_crop,586756,1439,1e-06,6.5e-05,-6.4e-05,alex,256,ok,
lama__synthetic_degradation__synthetic_degradation__p043__dirt_dust__moderate__content_region__lpips,lama__synthetic_degradation__synthetic_degradation__p043__dirt_dust__moderate,lama__synthetic_degradation__synthetic_degradation__p043__dirt_dust__moderate,synthetic_degradation__p043__dirt_dust__moderate,synthetic_degradation__p043__dirt_dust__moderate,synthetic_degradation,p043,high_texture_brushwork,The Card Players,Paul Cézanne,Post-Impressionism,lama,,,False,content_region,469248,5144,3.7e-05,0.000253,-0.000215,alex,256,ok,
lama__synthetic_degradation__synthetic_degradation__p043__dirt_dust__moderate__full_image__lpips,lama__synthetic_degradation__synthetic_degradation__p043__dirt_dust__moderate,lama__synthetic_degradation__synthetic_degradation__p043__dirt_dust__moderate,synthetic_degradation__p043__dirt_dust__moderate,synthetic_degradation__p043__dirt_dust__moderate,synthetic_degradation,p043,high_texture_brushwork,The Card Players,Paul Cézanne,Post-Impressionism,lama,,,False,full_image,589824,5144,2.9e-05,0.000259,-0.000229,alex,256,ok,
lama__synthetic_degradation__synthetic_degradation__p043__dirt_dust__moderate__mask_bbox_crop__lpips,lama__synthetic_degradation__synthetic_degradation__p043__dirt_dust__moderate,lama__synthetic_degradation__synthetic_degradation__p043__dirt_dust__moderate,synthetic_degradation__p043__dirt_dust__moderate,synthetic_degradation__p043__dirt_dust__moderate,synthetic_degradation,p043,high_texture_brushwork,The Card Players,Paul Cézanne,Post-Impressionism,lama,,,False,mask_bbox_crop,589824,5144,2.9e-05,0.000259,-0.000229,alex,256,ok,
lama__synthetic_degradation__synthetic_degradation__p043__dirt_dust__severe__content_region__lpips,lama__synthetic_degradation__synthetic_degradation__p043__dirt_dust__severe,lama__synthetic_degradation__synthetic_degradation__p043__dirt_dust__severe,synthetic_degradation__p043__dirt_dust__severe,synthetic_degradation__p043__dirt_dust__severe,synthetic_degradation,p043,high_texture_brushwork,The Card Players,Paul Cézanne,Post-Impressionism,lama,,,False,content_region,469248,14475,0.000299,0.001412,-0.001113,alex,256,ok,
lama__synthetic_degradation__synthetic_degradation__p043__dirt_dust__severe__full_image__lpips,lama__synthetic_degradation__synthetic_degradation__p043__dirt_dust__severe,lama__synthetic_degradation__synthetic_degradation__p043__dirt_dust__severe,synthetic_degradation__p043__dirt_dust__severe,synthetic_degradation__p043__dirt_dust__severe,synthetic_degradation,p043,high_texture_brushwork,The Card Players,Paul Cézanne,Post-Impressionism,lama,,,False,full_image,589824,14475,0.000265,0.001136,-0.000871,alex,256,ok,
lama__synthetic_degradation__synthetic_degradation__p043__dirt_dust__severe__mask_bbox_crop__lpips,lama__synthetic_degradation__synthetic_degradation__p043__dirt_dust__severe,lama__synthetic_degradation__synthetic_degradation__p043__dirt_dust__severe,synthetic_degradation__p043__dirt_dust__severe,synthetic_degradation__p043__dirt_dust__severe,synthetic_degradation,p043,high_texture_brushwork,The Card Players,Paul Cézanne,Post-Impressionism,lama,,,False,mask_bbox_crop,589824,14475,0.000265,0.001136,-0.000871,alex,256,ok,
lama__synthetic_degradation__synthetic_degradation__p043__partial_transparency__mild__content_region__lpips,lama__synthetic_degradation__synthetic_degradation__p043__partial_transparency__mild,lama__synthetic_degradation__synthetic_degradation__p043__partial_transparency__mild,synthetic_degradation__p043__partial_transparency__mild,synthetic_degradation__p043__partial_transparency__mild,synthetic_degradation,p043,high_texture_brushwork,The Card Players,Paul Cézanne,Post-Impressionism,lama,,,False,content_region,469248,23169,0.001645,0.024578,-0.022933,alex,256,ok,
lama__synthetic_degradation__synthetic_degradation__p043__partial_transparency__mild__full_image__lpips,lama__synthetic_degradation__synthetic_degradation__p043__partial_transparency__mild,lama__synthetic_degradation__synthetic_degradation__p043__partial_transparency__mild,synthetic_degradation__p043__partial_transparency__mild,synthetic_degradation__p043__partial_transparency__mild,synthetic_degradation,p043,high_texture_brushwork,The Card Players,Paul Cézanne,Post-Impressionism,lama,,,False,full_image,589824,23169,0.001468,0.021254,-0.019786,alex,256,ok,
lama__synthetic_degradation__synthetic_degradation__p043__partial_transparency__mild__mask_bbox_crop__lpips,lama__synthetic_degradation__synthetic_degradation__p043__partial_transparency__mild,lama__synthetic_degradation__synthetic_degradation__p043__partial_transparency__mild,synthetic_degradation__p043__partial_transparency__mild,synthetic_degradation__p043__partial_transparency__mild,synthetic_degradation,p043,high_texture_brushwork,The Card Players,Paul Cézanne,Post-Impressionism,lama,,,False,mask_bbox_crop,69696,23169,0.005544,0.162985,-0.157441,alex,256,ok,
lama__synthetic_degradation__synthetic_degradation__p043__partial_transparency__moderate__content_region__lpips,lama__synthetic_degradation__synthetic_degradation__p043__partial_transparency__moderate,lama__synthetic_degradation__synthetic_degradation__p043__partial_transparency__moderate,synthetic_degradation__p043__partial_transparency__moderate,synthetic_degradation__p043__partial_transparency__moderate,synthetic_degradation,p043,high_texture_brushwork,The Card Players,Paul Cézanne,Post-Impressionism,lama,,,False,content_region,469248,108836,0.01,0.125054,-0.115054,alex,256,ok,
lama__synthetic_degradation__synthetic_degradation__p043__partial_transparency__moderate__full_image__lpips,lama__synthetic_degradation__synthetic_degradation__p043__partial_transparency__moderate,lama__synthetic_degradation__synthetic_degradation__p043__partial_transparency__moderate,synthetic_degradation__p043__partial_transparency__moderate,synthetic_degradation__p043__partial_transparency__moderate,synthetic_degradation,p043,high_texture_brushwork,The Card Players,Paul Cézanne,Post-Impressionism,lama,,,False,full_image,589824,108836,0.009047,0.100557,-0.091509,alex,256,ok,
lama__synthetic_degradation__synthetic_degradation__p043__partial_transparency__moderate__mask_bbox_crop__lpips,lama__synthetic_degradation__synthetic_degradation__p043__partial_transparency__moderate,lama__synthetic_degradation__synthetic_degradation__p043__partial_transparency__moderate,synthetic_degradation__p043__partial_transparency__moderate,synthetic_degradation__p043__partial_transparency__moderate,synthetic_degradation,p043,high_texture_brushwork,The Card Players,Paul Cézanne,Post-Impressionism,lama,,,False,mask_bbox_crop,318096,108836,0.01295,0.172988,-0.160038,alex,256,ok,
lama__synthetic_degradation__synthetic_degradation__p043__partial_transparency__severe__content_region__lpips,lama__synthetic_degradation__synthetic_degradation__p043__partial_transparency__severe,lama__synthetic_degradation__synthetic_degradation__p043__partial_transparency__severe,synthetic_degradation__p043__partial_transparency__severe,synthetic_degradation__p043__partial_transparency__severe,synthetic_degradation,p043,high_texture_brushwork,The Card Players,Paul Cézanne,Post-Impressionism,lama,,,False,content_region,469248,202937,0.052992,0.328617,-0.275625,alex,256,ok,
lama__synthetic_degradation__synthetic_degradation__p043__partial_transparency__severe__full_image__lpips,lama__synthetic_degradation__synthetic_degradation__p043__partial_transparency__severe,lama__synthetic_degradation__synthetic_degradation__p043__partial_transparency__severe,synthetic_degradation__p043__partial_transparency__severe,synthetic_degradation__p043__partial_transparency__severe,synthetic_degradation,p043,high_texture_brushwork,The Card Players,Paul Cézanne,Post-Impressionism,lama,,,False,full_image,589824,202937,0.046263,0.263103,-0.21684,alex,256,ok,
lama__synthetic_degradation__synthetic_degradation__p043__partial_transparency__severe__mask_bbox_crop__lpips,lama__synthetic_degradation__synthetic_degradation__p043__partial_transparency__severe,lama__synthetic_degradation__synthetic_degradation__p043__partial_transparency__severe,synthetic_degradation__p043__partial_transparency__severe,synthetic_degradation__p043__partial_transparency__severe,synthetic_degradation,p043,high_texture_brushwork,The Card Players,Paul Cézanne,Post-Impressionism,lama,,,False,mask_bbox_crop,376996,202937,0.066158,0.409115,-0.342957,alex,256,ok,
lama__synthetic_degradation__synthetic_degradation__p043__water_stain__mild__content_region__lpips,lama__synthetic_degradation__synthetic_degradation__p043__water_stain__mild,lama__synthetic_degradation__synthetic_degradation__p043__water_stain__mild,synthetic_degradation__p043__water_stain__mild,synthetic_degradation__p043__water_stain__mild,synthetic_degradation,p043,high_texture_brushwork,The Card Players,Paul Cézanne,Post-Impressionism,lama,,,False,content_region,469248,6506,0.001379,0.002659,-0.00128,alex,256,ok,
lama__synthetic_degradation__synthetic_degradation__p043__water_stain__mild__full_image__lpips,lama__synthetic_degradation__synthetic_degradation__p043__water_stain__mild,lama__synthetic_degradation__synthetic_degradation__p043__water_stain__mild,synthetic_degradation__p043__water_stain__mild,synthetic_degradation__p043__water_stain__mild,synthetic_degradation,p043,high_texture_brushwork,The Card Players,Paul Cézanne,Post-Impressionism,lama,,,False,full_image,589824,6506,0.001011,0.001835,-0.000823,alex,256,ok,
lama__synthetic_degradation__synthetic_degradation__p043__water_stain__mild__mask_bbox_crop__lpips,lama__synthetic_degradation__synthetic_degradation__p043__water_stain__mild,lama__synthetic_degradation__synthetic_degradation__p043__water_stain__mild,synthetic_degradation__p043__water_stain__mild,synthetic_degradation__p043__water_stain__mild,synthetic_degradation,p043,high_texture_brushwork,The Card Players,Paul Cézanne,Post-Impressionism,lama,,,False,mask_bbox_crop,80656,6506,0.007215,0.020717,-0.013503,alex,256,ok,
lama__synthetic_degradation__synthetic_degradation__p043__water_stain__moderate__content_region__lpips,lama__synthetic_degradation__synthetic_degradation__p043__water_stain__moderate,lama__synthetic_degradation__synthetic_degradation__p043__water_stain__moderate,synthetic_degradation__p043__water_stain__moderate,synthetic_degradation__p043__water_stain__moderate,synthetic_degradation,p043,high_texture_brushwork,The Card Players,Paul Cézanne,Post-Impressionism,lama,,,False,content_region,469248,0,0.004924,0.004924,0.0,alex,256,ok,
lama__synthetic_degradation__synthetic_degradation__p043__water_stain__moderate__full_image__lpips,lama__synthetic_degradation__synthetic_degradation__p043__water_stain__moderate,lama__synthetic_degradation__synthetic_degradation__p043__water_stain__moderate,synthetic_degradation__p043__water_stain__moderate,synthetic_degradation__p043__water_stain__moderate,synthetic_degradation,p043,high_texture_brushwork,The Card Players,Paul Cézanne,Post-Impressionism,lama,,,False,full_image,589824,0,0.004531,0.004531,0.0,alex,256,ok,
lama__synthetic_degradation__synthetic_degradation__p043__water_stain__severe__content_region__lpips,lama__synthetic_degradation__synthetic_degradation__p043__water_stain__severe,lama__synthetic_degradation__synthetic_degradation__p043__water_stain__severe,synthetic_degradation__p043__water_stain__severe,synthetic_degradation__p043__water_stain__severe,synthetic_degradation,p043,high_texture_brushwork,The Card Players,Paul Cézanne,Post-Impressionism,lama,,,False,content_region,469248,23805,0.011227,0.028825,-0.017598,alex,256,ok,
lama__synthetic_degradation__synthetic_degradation__p043__water_stain__severe__full_image__lpips,lama__synthetic_degradation__synthetic_degradation__p043__water_stain__severe,lama__synthetic_degradation__synthetic_degradation__p043__water_stain__severe,synthetic_degradation__p043__water_stain__severe,synthetic_degradation__p043__water_stain__severe,synthetic_degradation,p043,high_texture_brushwork,The Card Players,Paul Cézanne,Post-Impressionism,lama,,,False,full_image,589824,23805,0.010149,0.023212,-0.013063,alex,256,ok,
lama__synthetic_degradation__synthetic_degradation__p043__water_stain__severe__mask_bbox_crop__lpips,lama__synthetic_degradation__synthetic_degradation__p043__water_stain__severe,lama__synthetic_degradation__synthetic_degradation__p043__water_stain__severe,synthetic_degradation__p043__water_stain__severe,synthetic_degradation__p043__water_stain__severe,synthetic_degradation,p043,high_texture_brushwork,The Card Players,Paul Cézanne,Post-Impressionism,lama,,,False,mask_bbox_crop,98596,23805,0.021947,0.111696,-0.08975,alex,256,ok,
lama__synthetic_degradation__synthetic_degradation__p043__water_stain_dirt__moderate__content_region__lpips,lama__synthetic_degradation__synthetic_degradation__p043__water_stain_dirt__moderate,lama__synthetic_degradation__synthetic_degradation__p043__water_stain_dirt__moderate,synthetic_degradation__p043__water_stain_dirt__moderate,synthetic_degradation__p043__water_stain_dirt__moderate,synthetic_degradation,p043,high_texture_brushwork,The Card Players,Paul Cézanne,Post-Impressionism,lama,,,False,content_region,469248,23471,0.005632,0.020603,-0.014971,alex,256,ok,
lama__synthetic_degradation__synthetic_degradation__p043__water_stain_dirt__moderate__full_image__lpips,lama__synthetic_degradation__synthetic_degradation__p043__water_stain_dirt__moderate,lama__synthetic_degradation__synthetic_degradation__p043__water_stain_dirt__moderate,synthetic_degradation__p043__water_stain_dirt__moderate,synthetic_degradation__p043__water_stain_dirt__moderate,synthetic_degradation,p043,high_texture_brushwork,The Card Players,Paul Cézanne,Post-Impressionism,lama,,,False,full_image,589824,23471,0.005014,0.017559,-0.012545,alex,256,ok,
lama__synthetic_degradation__synthetic_degradation__p043__water_stain_dirt__moderate__mask_bbox_crop__lpips,lama__synthetic_degradation__synthetic_degradation__p043__water_stain_dirt__moderate,lama__synthetic_degradation__synthetic_degradation__p043__water_stain_dirt__moderate,synthetic_degradation__p043__water_stain_dirt__moderate,synthetic_degradation__p043__water_stain_dirt__moderate,synthetic_degradation,p043,high_texture_brushwork,The Card Players,Paul Cézanne,Post-Impressionism,lama,,,False,mask_bbox_crop,204304,23471,0.010046,0.055397,-0.045351,alex,256,ok,
