lpips_row_id,lpips_case_id,metric_case_id,restoration_case_id,source_case_id,source_case_id_original,case_id,dataset_name,metric_applicability,painting_id,category,title,artist,style,model_name,mask_id,mask_type,metric_mask_id,metric_mask_type,evaluation_region,region_pixel_count,region_x_min,region_y_min,region_x_max,region_y_max,mask_area_pixels,is_zero_control,mask_threshold_rule,mask_bbox_margin,lpips_net,lpips_input_size,damaged_lpips,restored_lpips,lpips_improvement,metric_runtime_seconds,case_runtime_seconds,lpips_schema_version,lpips_implementation_name,device,python_version,numpy_version,pandas_version,pillow_version,torch_version,lpips_package_version,status,issue
lama__canonical__canonical__p001_loss_large__full_image__lpips,lama__canonical__canonical__p001_loss_large,lama__canonical__canonical__p001_loss_large,lama__canonical__canonical__p001_loss_large,canonical__p001_loss_large,p001_loss_large,canonical__p001_loss_large,canonical,primary,p001,portrait_figure,Juan de Pareja,Diego Velázquez,Baroque,lama,p001_loss_large,loss_large,p001_loss_large,loss_large,full_image,589824,0,0,768,768,69018,False,> 127,8,alex,256,0.30112186074256897,0.06993801146745682,0.23118384927511215,0.0841116999508813,0.3613605999853462,2.0.0,restoration_eval.metrics_lpips,cuda,3.12.6,2.1.3,2.2.3,11.0.0,2.5.1+cu121,0.1.4,ok,
lama__canonical__canonical__p001_loss_large__content_region__lpips,lama__canonical__canonical__p001_loss_large,lama__canonical__canonical__p001_loss_large,lama__canonical__canonical__p001_loss_large,canonical__p001_loss_large,p001_loss_large,canonical__p001_loss_large,canonical,primary,p001,portrait_figure,Juan de Pareja,Diego Velázquez,Baroque,lama,p001_loss_large,loss_large,p001_loss_large,loss_large,content_region,509184,52,0,715,768,69018,False,> 127,8,alex,256,0.3306492269039154,0.07953765243291855,0.25111157447099686,0.0802467999747023,0.3613605999853462,2.0.0,restoration_eval.metrics_lpips,cuda,3.12.6,2.1.3,2.2.3,11.0.0,2.5.1+cu121,0.1.4,ok,
lama__canonical__canonical__p001_loss_large__mask_bbox_crop__lpips,lama__canonical__canonical__p001_loss_large,lama__canonical__canonical__p001_loss_large,lama__canonical__canonical__p001_loss_large,canonical__p001_loss_large,p001_loss_large,canonical__p001_loss_large,canonical,primary,p001,portrait_figure,Juan de Pareja,Diego Velázquez,Baroque,lama,p001_loss_large,loss_large,p001_loss_large,loss_large,mask_bbox_crop,198025,197,0,642,445,69018,False,> 127,8,alex,256,0.6372807025909424,0.18600790202617645,0.45127280056476593,0.060222200001589954,0.3613605999853462,2.0.0,restoration_eval.metrics_lpips,cuda,3.12.6,2.1.3,2.2.3,11.0.0,2.5.1+cu121,0.1.4,ok,
lama__canonical__canonical__p001_loss_small__full_image__lpips,lama__canonical__canonical__p001_loss_small,lama__canonical__canonical__p001_loss_small,lama__canonical__canonical__p001_loss_small,canonical__p001_loss_small,p001_loss_small,canonical__p001_loss_small,canonical,primary,p001,portrait_figure,Juan de Pareja,Diego Velázquez,Baroque,lama,p001_loss_small,loss_small,p001_loss_small,loss_small,full_image,589824,0,0,768,768,18239,False,> 127,8,alex,256,0.30700209736824036,0.0033478124532848597,0.3036542849149555,0.08382359996903688,0.39743020001333207,2.0.0,restoration_eval.metrics_lpips,cuda,3.12.6,2.1.3,2.2.3,11.0.0,2.5.1+cu121,0.1.4,ok,
lama__canonical__canonical__p001_loss_small__content_region__lpips,lama__canonical__canonical__p001_loss_small,lama__canonical__canonical__p001_loss_small,lama__canonical__canonical__p001_loss_small,canonical__p001_loss_small,p001_loss_small,canonical__p001_loss_small,canonical,primary,p001,portrait_figure,Juan de Pareja,Diego Velázquez,Baroque,lama,p001_loss_small,loss_small,p001_loss_small,loss_small,content_region,509184,52,0,715,768,18239,False,> 127,8,alex,256,0.31948909163475037,0.003472057869657874,0.3160170337650925,0.08318239997606725,0.39743020001333207,2.0.0,restoration_eval.metrics_lpips,cuda,3.12.6,2.1.3,2.2.3,11.0.0,2.5.1+cu121,0.1.4,ok,
lama__canonical__canonical__p001_loss_small__mask_bbox_crop__lpips,lama__canonical__canonical__p001_loss_small,lama__canonical__canonical__p001_loss_small,lama__canonical__canonical__p001_loss_small,canonical__p001_loss_small,p001_loss_small,canonical__p001_loss_small,canonical,primary,p001,portrait_figure,Juan de Pareja,Diego Velázquez,Baroque,lama,p001_loss_small,loss_small,p001_loss_small,loss_small,mask_bbox_crop,525625,0,23,725,748,18239,False,> 127,8,alex,256,0.30332285165786743,0.003733033314347267,0.29958981834352016,0.08584650000557303,0.39743020001333207,2.0.0,restoration_eval.metrics_lpips,cuda,3.12.6,2.1.3,2.2.3,11.0.0,2.5.1+cu121,0.1.4,ok,
lama__canonical__canonical__p001_mixed_damage__full_image__lpips,lama__canonical__canonical__p001_mixed_damage,lama__canonical__canonical__p001_mixed_damage,lama__canonical__canonical__p001_mixed_damage,canonical__p001_mixed_damage,p001_mixed_damage,canonical__p001_mixed_damage,canonical,primary,p001,portrait_figure,Juan de Pareja,Diego Velázquez,Baroque,lama,p001_mixed_damage,mixed_damage,p001_mixed_damage,mixed_damage,full_image,589824,0,0,768,768,45733,False,> 127,8,alex,256,0.5040223598480225,0.024101711809635162,0.4799206480383873,0.07860840007197112,0.41400570003315806,2.0.0,restoration_eval.metrics_lpips,cuda,3.12.6,2.1.3,2.2.3,11.0.0,2.5.1+cu121,0.1.4,ok,
lama__canonical__canonical__p001_mixed_damage__content_region__lpips,lama__canonical__canonical__p001_mixed_damage,lama__canonical__canonical__p001_mixed_damage,lama__canonical__canonical__p001_mixed_damage,canonical__p001_mixed_damage,p001_mixed_damage,canonical__p001_mixed_damage,canonical,primary,p001,portrait_figure,Juan de Pareja,Diego Velázquez,Baroque,lama,p001_mixed_damage,mixed_damage,p001_mixed_damage,mixed_damage,content_region,509184,52,0,715,768,45733,False,> 127,8,alex,256,0.5352203845977783,0.02842235565185547,0.5067980289459229,0.07209779997356236,0.41400570003315806,2.0.0,restoration_eval.metrics_lpips,cuda,3.12.6,2.1.3,2.2.3,11.0.0,2.5.1+cu121,0.1.4,ok,
lama__canonical__canonical__p001_mixed_damage__mask_bbox_crop__lpips,lama__canonical__canonical__p001_mixed_damage,lama__canonical__canonical__p001_mixed_damage,lama__canonical__canonical__p001_mixed_damage,canonical__p001_mixed_damage,p001_mixed_damage,canonical__p001_mixed_damage,canonical,primary,p001,portrait_figure,Juan de Pareja,Diego Velázquez,Baroque,lama,p001_mixed_damage,mixed_damage,p001_mixed_damage,mixed_damage,mask_bbox_crop,589824,0,0,768,768,45733,False,> 127,8,alex,256,0.5040223598480225,0.024101711809635162,0.4799206480383873,0.09449380007572472,0.41400570003315806,2.0.0,restoration_eval.metrics_lpips,cuda,3.12.6,2.1.3,2.2.3,11.0.0,2.5.1+cu121,0.1.4,ok,
lama__canonical__canonical__p001_scratch_thin__full_image__lpips,lama__canonical__canonical__p001_scratch_thin,lama__canonical__canonical__p001_scratch_thin,lama__canonical__canonical__p001_scratch_thin,canonical__p001_scratch_thin,p001_scratch_thin,canonical__p001_scratch_thin,canonical,primary,p001,portrait_figure,Juan de Pareja,Diego Velázquez,Baroque,lama,p001_scratch_thin,scratch_thin,p001_scratch_thin,scratch_thin,full_image,589824,0,0,768,768,12058,False,> 127,8,alex,256,0.5241221189498901,0.0016946960240602493,0.5224274229258299,0.0760503999190405,0.38351509999483824,2.0.0,restoration_eval.metrics_lpips,cuda,3.12.6,2.1.3,2.2.3,11.0.0,2.5.1+cu121,0.1.4,ok,
lama__canonical__canonical__p001_scratch_thin__content_region__lpips,lama__canonical__canonical__p001_scratch_thin,lama__canonical__canonical__p001_scratch_thin,lama__canonical__canonical__p001_scratch_thin,canonical__p001_scratch_thin,p001_scratch_thin,canonical__p001_scratch_thin,canonical,primary,p001,portrait_figure,Juan de Pareja,Diego Velázquez,Baroque,lama,p001_scratch_thin,scratch_thin,p001_scratch_thin,scratch_thin,content_region,509184,52,0,715,768,12058,False,> 127,8,alex,256,0.5582216382026672,0.0019040463957935572,0.5563175918068737,0.07211359997745603,0.38351509999483824,2.0.0,restoration_eval.metrics_lpips,cuda,3.12.6,2.1.3,2.2.3,11.0.0,2.5.1+cu121,0.1.4,ok,
lama__canonical__canonical__p001_scratch_thin__mask_bbox_crop__lpips,lama__canonical__canonical__p001_scratch_thin,lama__canonical__canonical__p001_scratch_thin,lama__canonical__canonical__p001_scratch_thin,canonical__p001_scratch_thin,p001_scratch_thin,canonical__p001_scratch_thin,canonical,primary,p001,portrait_figure,Juan de Pareja,Diego Velázquez,Baroque,lama,p001_scratch_thin,scratch_thin,p001_scratch_thin,scratch_thin,mask_bbox_crop,589824,0,0,768,768,12058,False,> 127,8,alex,256,0.5241221189498901,0.0016946960240602493,0.5224274229258299,0.08098049997352064,0.38351509999483824,2.0.0,restoration_eval.metrics_lpips,cuda,3.12.6,2.1.3,2.2.3,11.0.0,2.5.1+cu121,0.1.4,ok,
lama__canonical__canonical__p001_zero_control__full_image__lpips,lama__canonical__canonical__p001_zero_control,lama__canonical__canonical__p001_zero_control,lama__canonical__canonical__p001_zero_control,canonical__p001_zero_control,p001_zero_control,canonical__p001_zero_control,canonical,primary,p001,portrait_figure,Juan de Pareja,Diego Velázquez,Baroque,lama,p001_zero_control,zero_control,p001_zero_control,zero_control,full_image,589824,0,0,768,768,0,True,> 127,8,alex,256,0.0,0.0,0.0,0.08078069996554404,0.2808828999986872,2.0.0,restoration_eval.metrics_lpips,cuda,3.12.6,2.1.3,2.2.3,11.0.0,2.5.1+cu121,0.1.4,ok,
lama__canonical__canonical__p001_zero_control__content_region__lpips,lama__canonical__canonical__p001_zero_control,lama__canonical__canonical__p001_zero_control,lama__canonical__canonical__p001_zero_control,canonical__p001_zero_control,p001_zero_control,canonical__p001_zero_control,canonical,primary,p001,portrait_figure,Juan de Pareja,Diego Velázquez,Baroque,lama,p001_zero_control,zero_control,p001_zero_control,zero_control,content_region,509184,52,0,715,768,0,True,> 127,8,alex,256,0.0,0.0,0.0,0.07473200000822544,0.2808828999986872,2.0.0,restoration_eval.metrics_lpips,cuda,3.12.6,2.1.3,2.2.3,11.0.0,2.5.1+cu121,0.1.4,ok,
lama__canonical__canonical__p002_loss_large__full_image__lpips,lama__canonical__canonical__p002_loss_large,lama__canonical__canonical__p002_loss_large,lama__canonical__canonical__p002_loss_large,canonical__p002_loss_large,p002_loss_large,canonical__p002_loss_large,canonical,primary,p002,portrait_figure,Madame X (Madame Pierre Gautreau),John Singer Sargent,19th century portraiture,lama,p002_loss_large,loss_large,p002_loss_large,loss_large,full_image,589824,0,0,768,768,37439,False,> 127,8,alex,256,0.13713961839675903,0.041102781891822815,0.09603683650493622,0.07787049992475659,0.3698707000585273,2.0.0,restoration_eval.metrics_lpips,cuda,3.12.6,2.1.3,2.2.3,11.0.0,2.5.1+cu121,0.1.4,ok,
lama__canonical__canonical__p002_loss_large__content_region__lpips,lama__canonical__canonical__p002_loss_large,lama__canonical__canonical__p002_loss_large,lama__canonical__canonical__p002_loss_large,canonical__p002_loss_large,p002_loss_large,canonical__p002_loss_large,canonical,primary,p002,portrait_figure,Madame X (Madame Pierre Gautreau),John Singer Sargent,19th century portraiture,lama,p002_loss_large,loss_large,p002_loss_large,loss_large,content_region,344832,159,0,608,768,37439,False,> 127,8,alex,256,0.21222202479839325,0.06382626295089722,0.14839576184749603,0.07106760004535317,0.3698707000585273,2.0.0,restoration_eval.metrics_lpips,cuda,3.12.6,2.1.3,2.2.3,11.0.0,2.5.1+cu121,0.1.4,ok,
lama__canonical__canonical__p002_loss_large__mask_bbox_crop__lpips,lama__canonical__canonical__p002_loss_large,lama__canonical__canonical__p002_loss_large,lama__canonical__canonical__p002_loss_large,canonical__p002_loss_large,p002_loss_large,canonical__p002_loss_large,canonical,primary,p002,portrait_figure,Madame X (Madame Pierre Gautreau),John Singer Sargent,19th century portraiture,lama,p002_loss_large,loss_large,p002_loss_large,loss_large,mask_bbox_crop,91204,173,61,475,363,37439,False,> 127,8,alex,256,0.5789409875869751,0.2132023572921753,0.3657386302947998,0.05064540007151663,0.3698707000585273,2.0.0,restoration_eval.metrics_lpips,cuda,3.12.6,2.1.3,2.2.3,11.0.0,2.5.1+cu121,0.1.4,ok,
lama__canonical__canonical__p002_loss_small__full_image__lpips,lama__canonical__canonical__p002_loss_small,lama__canonical__canonical__p002_loss_small,lama__canonical__canonical__p002_loss_small,canonical__p002_loss_small,p002_loss_small,canonical__p002_loss_small,canonical,primary,p002,portrait_figure,Madame X (Madame Pierre Gautreau),John Singer Sargent,19th century portraiture,lama,p002_loss_small,loss_small,p002_loss_small,loss_small,full_image,589824,0,0,768,768,18776,False,> 127,8,alex,256,0.21961764991283417,0.002512934384867549,0.21710471552796662,0.07640749996062368,0.33950200001709163,2.0.0,restoration_eval.metrics_lpips,cuda,3.12.6,2.1.3,2.2.3,11.0.0,2.5.1+cu121,0.1.4,ok,
lama__canonical__canonical__p002_loss_small__content_region__lpips,lama__canonical__canonical__p002_loss_small,lama__canonical__canonical__p002_loss_small,lama__canonical__canonical__p002_loss_small,canonical__p002_loss_small,p002_loss_small,canonical__p002_loss_small,canonical,primary,p002,portrait_figure,Madame X (Madame Pierre Gautreau),John Singer Sargent,19th century portraiture,lama,p002_loss_small,loss_small,p002_loss_small,loss_small,content_region,344832,159,0,608,768,18776,False,> 127,8,alex,256,0.3161589801311493,0.00466638058423996,0.31149259954690933,0.060553999966941774,0.33950200001709163,2.0.0,restoration_eval.metrics_lpips,cuda,3.12.6,2.1.3,2.2.3,11.0.0,2.5.1+cu121,0.1.4,ok,
lama__canonical__canonical__p002_loss_small__mask_bbox_crop__lpips,lama__canonical__canonical__p002_loss_small,lama__canonical__canonical__p002_loss_small,lama__canonical__canonical__p002_loss_small,canonical__p002_loss_small,p002_loss_small,canonical__p002_loss_small,canonical,primary,p002,portrait_figure,Madame X (Madame Pierre Gautreau),John Singer Sargent,19th century portraiture,lama,p002_loss_small,loss_small,p002_loss_small,loss_small,mask_bbox_crop,343396,82,43,668,629,18776,False,> 127,8,alex,256,0.2851801812648773,0.004214004147797823,0.2809661771170795,0.07116309995763004,0.33950200001709163,2.0.0,restoration_eval.metrics_lpips,cuda,3.12.6,2.1.3,2.2.3,11.0.0,2.5.1+cu121,0.1.4,ok,
lama__canonical__canonical__p002_mixed_damage__full_image__lpips,lama__canonical__canonical__p002_mixed_damage,lama__canonical__canonical__p002_mixed_damage,lama__canonical__canonical__p002_mixed_damage,canonical__p002_mixed_damage,p002_mixed_damage,canonical__p002_mixed_damage,canonical,primary,p002,portrait_figure,Madame X (Madame Pierre Gautreau),John Singer Sargent,19th century portraiture,lama,p002_mixed_damage,mixed_damage,p002_mixed_damage,mixed_damage,full_image,589824,0,0,768,768,34546,False,> 127,8,alex,256,0.4250534176826477,0.004024127963930368,0.42102928971871734,0.07030190003570169,0.3646471000974998,2.0.0,restoration_eval.metrics_lpips,cuda,3.12.6,2.1.3,2.2.3,11.0.0,2.5.1+cu121,0.1.4,ok,
lama__canonical__canonical__p002_mixed_damage__content_region__lpips,lama__canonical__canonical__p002_mixed_damage,lama__canonical__canonical__p002_mixed_damage,lama__canonical__canonical__p002_mixed_damage,canonical__p002_mixed_damage,p002_mixed_damage,canonical__p002_mixed_damage,canonical,primary,p002,portrait_figure,Madame X (Madame Pierre Gautreau),John Singer Sargent,19th century portraiture,lama,p002_mixed_damage,mixed_damage,p002_mixed_damage,mixed_damage,content_region,344832,159,0,608,768,34546,False,> 127,8,alex,256,0.5102348923683167,0.004394109360873699,0.505840783007443,0.06235819996800274,0.3646471000974998,2.0.0,restoration_eval.metrics_lpips,cuda,3.12.6,2.1.3,2.2.3,11.0.0,2.5.1+cu121,0.1.4,ok,
lama__canonical__canonical__p002_mixed_damage__mask_bbox_crop__lpips,lama__canonical__canonical__p002_mixed_damage,lama__canonical__canonical__p002_mixed_damage,lama__canonical__canonical__p002_mixed_damage,canonical__p002_mixed_damage,p002_mixed_damage,canonical__p002_mixed_damage,canonical,primary,p002,portrait_figure,Madame X (Madame Pierre Gautreau),John Singer Sargent,19th century portraiture,lama,p002_mixed_damage,mixed_damage,p002_mixed_damage,mixed_damage,mask_bbox_crop,589824,0,0,768,768,34546,False,> 127,8,alex,256,0.4250534176826477,0.004024127963930368,0.42102928971871734,0.08407159999478608,0.3646471000974998,2.0.0,restoration_eval.metrics_lpips,cuda,3.12.6,2.1.3,2.2.3,11.0.0,2.5.1+cu121,0.1.4,ok,
lama__canonical__canonical__p002_scratch_thin__full_image__lpips,lama__canonical__canonical__p002_scratch_thin,lama__canonical__canonical__p002_scratch_thin,lama__canonical__canonical__p002_scratch_thin,canonical__p002_scratch_thin,p002_scratch_thin,canonical__p002_scratch_thin,canonical,primary,p002,portrait_figure,Madame X (Madame Pierre Gautreau),John Singer Sargent,19th century portraiture,lama,p002_scratch_thin,scratch_thin,p002_scratch_thin,scratch_thin,full_image,589824,0,0,768,768,9599,False,> 127,8,alex,256,0.3538006544113159,0.0010258714901283383,0.3527747829211876,0.09543099999427795,0.3960286999354139,2.0.0,restoration_eval.metrics_lpips,cuda,3.12.6,2.1.3,2.2.3,11.0.0,2.5.1+cu121,0.1.4,ok,
lama__canonical__canonical__p002_scratch_thin__content_region__lpips,lama__canonical__canonical__p002_scratch_thin,lama__canonical__canonical__p002_scratch_thin,lama__canonical__canonical__p002_scratch_thin,canonical__p002_scratch_thin,p002_scratch_thin,canonical__p002_scratch_thin,canonical,primary,p002,portrait_figure,Madame X (Madame Pierre Gautreau),John Singer Sargent,19th century portraiture,lama,p002_scratch_thin,scratch_thin,p002_scratch_thin,scratch_thin,content_region,344832,159,0,608,768,9599,False,> 127,8,alex,256,0.42260879278182983,0.0013517551124095917,0.42125703766942024,0.08814530004747212,0.3960286999354139,2.0.0,restoration_eval.metrics_lpips,cuda,3.12.6,2.1.3,2.2.3,11.0.0,2.5.1+cu121,0.1.4,ok,
lama__canonical__canonical__p002_scratch_thin__mask_bbox_crop__lpips,lama__canonical__canonical__p002_scratch_thin,lama__canonical__canonical__p002_scratch_thin,lama__canonical__canonical__p002_scratch_thin,canonical__p002_scratch_thin,p002_scratch_thin,canonical__p002_scratch_thin,canonical,primary,p002,portrait_figure,Madame X (Madame Pierre Gautreau),John Singer Sargent,19th century portraiture,lama,p002_scratch_thin,scratch_thin,p002_scratch_thin,scratch_thin,mask_bbox_crop,561001,9,0,758,749,9599,False,> 127,8,alex,256,0.36569181084632874,0.0013580211671069264,0.3643337896792218,0.07840710005257279,0.3960286999354139,2.0.0,restoration_eval.metrics_lpips,cuda,3.12.6,2.1.3,2.2.3,11.0.0,2.5.1+cu121,0.1.4,ok,
lama__canonical__canonical__p002_zero_control__full_image__lpips,lama__canonical__canonical__p002_zero_control,lama__canonical__canonical__p002_zero_control,lama__canonical__canonical__p002_zero_control,canonical__p002_zero_control,p002_zero_control,canonical__p002_zero_control,canonical,primary,p002,portrait_figure,Madame X (Madame Pierre Gautreau),John Singer Sargent,19th century portraiture,lama,p002_zero_control,zero_control,p002_zero_control,zero_control,full_image,589824,0,0,768,768,0,True,> 127,8,alex,256,0.0,0.0,0.0,0.08468660002108663,0.3173997999401763,2.0.0,restoration_eval.metrics_lpips,cuda,3.12.6,2.1.3,2.2.3,11.0.0,2.5.1+cu121,0.1.4,ok,
lama__canonical__canonical__p002_zero_control__content_region__lpips,lama__canonical__canonical__p002_zero_control,lama__canonical__canonical__p002_zero_control,lama__canonical__canonical__p002_zero_control,canonical__p002_zero_control,p002_zero_control,canonical__p002_zero_control,canonical,primary,p002,portrait_figure,Madame X (Madame Pierre Gautreau),John Singer Sargent,19th century portraiture,lama,p002_zero_control,zero_control,p002_zero_control,zero_control,content_region,344832,159,0,608,768,0,True,> 127,8,alex,256,0.0,0.0,0.0,0.09871669998392463,0.3173997999401763,2.0.0,restoration_eval.metrics_lpips,cuda,3.12.6,2.1.3,2.2.3,11.0.0,2.5.1+cu121,0.1.4,ok,
lama__canonical__canonical__p003_loss_large__full_image__lpips,lama__canonical__canonical__p003_loss_large,lama__canonical__canonical__p003_loss_large,lama__canonical__canonical__p003_loss_large,canonical__p003_loss_large,p003_loss_large,canonical__p003_loss_large,canonical,primary,p003,portrait_figure,Marie Joséphine Charlotte du Val d'Ognes,Marie-Denise Villers,Neoclassical / early 19th century,lama,p003_loss_large,loss_large,p003_loss_large,loss_large,full_image,589824,0,0,768,768,61056,False,> 127,8,alex,256,0.18605634570121765,0.05468888208270073,0.13136746361851692,0.08022420003544539,0.3933102000737563,2.0.0,restoration_eval.metrics_lpips,cuda,3.12.6,2.1.3,2.2.3,11.0.0,2.5.1+cu121,0.1.4,ok,
lama__canonical__canonical__p003_loss_large__content_region__lpips,lama__canonical__canonical__p003_loss_large,lama__canonical__canonical__p003_loss_large,lama__canonical__canonical__p003_loss_large,canonical__p003_loss_large,p003_loss_large,canonical__p003_loss_large,canonical,primary,p003,portrait_figure,Marie Joséphine Charlotte du Val d'Ognes,Marie-Denise Villers,Neoclassical / early 19th century,lama,p003_loss_large,loss_large,p003_loss_large,loss_large,content_region,471552,77,0,691,768,61056,False,> 127,8,alex,256,0.2227025032043457,0.06989498436450958,0.15280751883983612,0.07089680002536625,0.3933102000737563,2.0.0,restoration_eval.metrics_lpips,cuda,3.12.6,2.1.3,2.2.3,11.0.0,2.5.1+cu121,0.1.4,ok,
lama__canonical__canonical__p003_loss_large__mask_bbox_crop__lpips,lama__canonical__canonical__p003_loss_large,lama__canonical__canonical__p003_loss_large,lama__canonical__canonical__p003_loss_large,canonical__p003_loss_large,p003_loss_large,canonical__p003_loss_large,canonical,primary,p003,portrait_figure,Marie Joséphine Charlotte du Val d'Ognes,Marie-Denise Villers,Neoclassical / early 19th century,lama,p003_loss_large,loss_large,p003_loss_large,loss_large,mask_bbox_crop,181476,125,25,551,451,61056,False,> 127,8,alex,256,0.47422850131988525,0.18320679664611816,0.2910217046737671,0.0422470000339672,0.3933102000737563,2.0.0,restoration_eval.metrics_lpips,cuda,3.12.6,2.1.3,2.2.3,11.0.0,2.5.1+cu121,0.1.4,ok,
lama__canonical__canonical__p003_loss_small__full_image__lpips,lama__canonical__canonical__p003_loss_small,lama__canonical__canonical__p003_loss_small,lama__canonical__canonical__p003_loss_small,canonical__p003_loss_small,p003_loss_small,canonical__p003_loss_small,canonical,primary,p003,portrait_figure,Marie Joséphine Charlotte du Val d'Ognes,Marie-Denise Villers,Neoclassical / early 19th century,lama,p003_loss_small,loss_small,p003_loss_small,loss_small,full_image,589824,0,0,768,768,21602,False,> 127,8,alex,256,0.21320155262947083,0.00721887219697237,0.20598268043249846,0.06788490002509207,0.3380452999845147,2.0.0,restoration_eval.metrics_lpips,cuda,3.12.6,2.1.3,2.2.3,11.0.0,2.5.1+cu121,0.1.4,ok,
lama__canonical__canonical__p003_loss_small__content_region__lpips,lama__canonical__canonical__p003_loss_small,lama__canonical__canonical__p003_loss_small,lama__canonical__canonical__p003_loss_small,canonical__p003_loss_small,p003_loss_small,canonical__p003_loss_small,canonical,primary,p003,portrait_figure,Marie Joséphine Charlotte du Val d'Ognes,Marie-Denise Villers,Neoclassical / early 19th century,lama,p003_loss_small,loss_small,p003_loss_small,loss_small,content_region,471552,77,0,691,768,21602,False,> 127,8,alex,256,0.22817638516426086,0.010337376967072487,0.21783900819718838,0.05677829997148365,0.3380452999845147,2.0.0,restoration_eval.metrics_lpips,cuda,3.12.6,2.1.3,2.2.3,11.0.0,2.5.1+cu121,0.1.4,ok,
lama__canonical__canonical__p003_loss_small__mask_bbox_crop__lpips,lama__canonical__canonical__p003_loss_small,lama__canonical__canonical__p003_loss_small,lama__canonical__canonical__p003_loss_small,canonical__p003_loss_small,p003_loss_small,canonical__p003_loss_small,canonical,primary,p003,portrait_figure,Marie Joséphine Charlotte du Val d'Ognes,Marie-Denise Villers,Neoclassical / early 19th century,lama,p003_loss_small,loss_small,p003_loss_small,loss_small,mask_bbox_crop,336400,76,0,656,580,21602,False,> 127,8,alex,256,0.2817305028438568,0.013950559310615063,0.26777994353324175,0.05051049997564405,0.3380452999845147,2.0.0,restoration_eval.metrics_lpips,cuda,3.12.6,2.1.3,2.2.3,11.0.0,2.5.1+cu121,0.1.4,ok,
lama__canonical__canonical__p003_mixed_damage__full_image__lpips,lama__canonical__canonical__p003_mixed_damage,lama__canonical__canonical__p003_mixed_damage,lama__canonical__canonical__p003_mixed_damage,canonical__p003_mixed_damage,p003_mixed_damage,canonical__p003_mixed_damage,canonical,primary,p003,portrait_figure,Marie Joséphine Charlotte du Val d'Ognes,Marie-Denise Villers,Neoclassical / early 19th century,lama,p003_mixed_damage,mixed_damage,p003_mixed_damage,mixed_damage,full_image,589824,0,0,768,768,43486,False,> 127,8,alex,256,0.3212358355522156,0.017393212765455246,0.30384262278676033,0.06557440001051873,0.37001249997410923,2.0.0,restoration_eval.metrics_lpips,cuda,3.12.6,2.1.3,2.2.3,11.0.0,2.5.1+cu121,0.1.4,ok,
lama__canonical__canonical__p003_mixed_damage__content_region__lpips,lama__canonical__canonical__p003_mixed_damage,lama__canonical__canonical__p003_mixed_damage,lama__canonical__canonical__p003_mixed_damage,canonical__p003_mixed_damage,p003_mixed_damage,canonical__p003_mixed_damage,canonical,primary,p003,portrait_figure,Marie Joséphine Charlotte du Val d'Ognes,Marie-Denise Villers,Neoclassical / early 19th century,lama,p003_mixed_damage,mixed_damage,p003_mixed_damage,mixed_damage,content_region,471552,77,0,691,768,43486,False,> 127,8,alex,256,0.3456200957298279,0.022546179592609406,0.3230739161372185,0.06028749991673976,0.37001249997410923,2.0.0,restoration_eval.metrics_lpips,cuda,3.12.6,2.1.3,2.2.3,11.0.0,2.5.1+cu121,0.1.4,ok,
lama__canonical__canonical__p003_mixed_damage__mask_bbox_crop__lpips,lama__canonical__canonical__p003_mixed_damage,lama__canonical__canonical__p003_mixed_damage,lama__canonical__canonical__p003_mixed_damage,canonical__p003_mixed_damage,p003_mixed_damage,canonical__p003_mixed_damage,canonical,primary,p003,portrait_figure,Marie Joséphine Charlotte du Val d'Ognes,Marie-Denise Villers,Neoclassical / early 19th century,lama,p003_mixed_damage,mixed_damage,p003_mixed_damage,mixed_damage,mask_bbox_crop,547600,14,28,754,768,43486,False,> 127,8,alex,256,0.3455921709537506,0.022871755063533783,0.3227204158902168,0.07945829990785569,0.37001249997410923,2.0.0,restoration_eval.metrics_lpips,cuda,3.12.6,2.1.3,2.2.3,11.0.0,2.5.1+cu121,0.1.4,ok,
lama__canonical__canonical__p003_scratch_thin__full_image__lpips,lama__canonical__canonical__p003_scratch_thin,lama__canonical__canonical__p003_scratch_thin,lama__canonical__canonical__p003_scratch_thin,canonical__p003_scratch_thin,p003_scratch_thin,canonical__p003_scratch_thin,canonical,primary,p003,portrait_figure,Marie Joséphine Charlotte du Val d'Ognes,Marie-Denise Villers,Neoclassical / early 19th century,lama,p003_scratch_thin,scratch_thin,p003_scratch_thin,scratch_thin,full_image,589824,0,0,768,768,7403,False,> 127,8,alex,256,0.27972617745399475,0.0006563939969055355,0.2790697834570892,0.08110069995746017,0.3734702999936417,2.0.0,restoration_eval.metrics_lpips,cuda,3.12.6,2.1.3,2.2.3,11.0.0,2.5.1+cu121,0.1.4,ok,
lama__canonical__canonical__p003_scratch_thin__content_region__lpips,lama__canonical__canonical__p003_scratch_thin,lama__canonical__canonical__p003_scratch_thin,lama__canonical__canonical__p003_scratch_thin,canonical__p003_scratch_thin,p003_scratch_thin,canonical__p003_scratch_thin,canonical,primary,p003,portrait_figure,Marie Joséphine Charlotte du Val d'Ognes,Marie-Denise Villers,Neoclassical / early 19th century,lama,p003_scratch_thin,scratch_thin,p003_scratch_thin,scratch_thin,content_region,471552,77,0,691,768,7403,False,> 127,8,alex,256,0.31801456212997437,0.0006045381887815893,0.3174100239411928,0.06065430003218353,0.3734702999936417,2.0.0,restoration_eval.metrics_lpips,cuda,3.12.6,2.1.3,2.2.3,11.0.0,2.5.1+cu121,0.1.4,ok,
lama__canonical__canonical__p003_scratch_thin__mask_bbox_crop__lpips,lama__canonical__canonical__p003_scratch_thin,lama__canonical__canonical__p003_scratch_thin,lama__canonical__canonical__p003_scratch_thin,canonical__p003_scratch_thin,p003_scratch_thin,canonical__p003_scratch_thin,canonical,primary,p003,portrait_figure,Marie Joséphine Charlotte du Val d'Ognes,Marie-Denise Villers,Neoclassical / early 19th century,lama,p003_scratch_thin,scratch_thin,p003_scratch_thin,scratch_thin,mask_bbox_crop,527076,21,42,747,768,7403,False,> 127,8,alex,256,0.2908840775489807,0.0006809256155975163,0.2902031519333832,0.06350709998514503,0.3734702999936417,2.0.0,restoration_eval.metrics_lpips,cuda,3.12.6,2.1.3,2.2.3,11.0.0,2.5.1+cu121,0.1.4,ok,
lama__canonical__canonical__p003_zero_control__full_image__lpips,lama__canonical__canonical__p003_zero_control,lama__canonical__canonical__p003_zero_control,lama__canonical__canonical__p003_zero_control,canonical__p003_zero_control,p003_zero_control,canonical__p003_zero_control,canonical,primary,p003,portrait_figure,Marie Joséphine Charlotte du Val d'Ognes,Marie-Denise Villers,Neoclassical / early 19th century,lama,p003_zero_control,zero_control,p003_zero_control,zero_control,full_image,589824,0,0,768,768,0,True,> 127,8,alex,256,0.0,0.0,0.0,0.07298709999304265,0.3122439000289887,2.0.0,restoration_eval.metrics_lpips,cuda,3.12.6,2.1.3,2.2.3,11.0.0,2.5.1+cu121,0.1.4,ok,
lama__canonical__canonical__p003_zero_control__content_region__lpips,lama__canonical__canonical__p003_zero_control,lama__canonical__canonical__p003_zero_control,lama__canonical__canonical__p003_zero_control,canonical__p003_zero_control,p003_zero_control,canonical__p003_zero_control,canonical,primary,p003,portrait_figure,Marie Joséphine Charlotte du Val d'Ognes,Marie-Denise Villers,Neoclassical / early 19th century,lama,p003_zero_control,zero_control,p003_zero_control,zero_control,content_region,471552,77,0,691,768,0,True,> 127,8,alex,256,0.0,0.0,0.0,0.07167999993544072,0.3122439000289887,2.0.0,restoration_eval.metrics_lpips,cuda,3.12.6,2.1.3,2.2.3,11.0.0,2.5.1+cu121,0.1.4,ok,
lama__canonical__canonical__p004_loss_large__full_image__lpips,lama__canonical__canonical__p004_loss_large,lama__canonical__canonical__p004_loss_large,lama__canonical__canonical__p004_loss_large,canonical__p004_loss_large,p004_loss_large,canonical__p004_loss_large,canonical,primary,p004,portrait_figure,Madame Georges Charpentier and Her Children,Pierre-Auguste Renoir,Impressionism,lama,p004_loss_large,loss_large,p004_loss_large,loss_large,full_image,589824,0,0,768,768,64390,False,> 127,8,alex,256,0.17212659120559692,0.05697271227836609,0.11515387892723083,0.28882010001689196,0.596751100034453,2.0.0,restoration_eval.metrics_lpips,cuda,3.12.6,2.1.3,2.2.3,11.0.0,2.5.1+cu121,0.1.4,ok,
lama__canonical__canonical__p004_loss_large__content_region__lpips,lama__canonical__canonical__p004_loss_large,lama__canonical__canonical__p004_loss_large,lama__canonical__canonical__p004_loss_large,canonical__p004_loss_large,p004_loss_large,canonical__p004_loss_large,canonical,primary,p004,portrait_figure,Madame Georges Charpentier and Her Children,Pierre-Auguste Renoir,Impressionism,lama,p004_loss_large,loss_large,p004_loss_large,loss_large,content_region,480000,0,71,768,696,64390,False,> 127,8,alex,256,0.20764513313770294,0.06926799565553665,0.1383771374821663,0.07191049994435161,0.596751100034453,2.0.0,restoration_eval.metrics_lpips,cuda,3.12.6,2.1.3,2.2.3,11.0.0,2.5.1+cu121,0.1.4,ok,
lama__canonical__canonical__p004_loss_large__mask_bbox_crop__lpips,lama__canonical__canonical__p004_loss_large,lama__canonical__canonical__p004_loss_large,lama__canonical__canonical__p004_loss_large,canonical__p004_loss_large,p004_loss_large,canonical__p004_loss_large,canonical,primary,p004,portrait_figure,Madame Georges Charpentier and Her Children,Pierre-Auguste Renoir,Impressionism,lama,p004_loss_large,loss_large,p004_loss_large,loss_large,mask_bbox_crop,147456,222,150,606,534,64390,False,> 127,8,alex,256,0.5232778787612915,0.22817519307136536,0.29510268568992615,0.044078700011596084,0.596751100034453,2.0.0,restoration_eval.metrics_lpips,cuda,3.12.6,2.1.3,2.2.3,11.0.0,2.5.1+cu121,0.1.4,ok,
lama__canonical__canonical__p004_loss_small__full_image__lpips,lama__canonical__canonical__p004_loss_small,lama__canonical__canonical__p004_loss_small,lama__canonical__canonical__p004_loss_small,canonical__p004_loss_small,p004_loss_small,canonical__p004_loss_small,canonical,primary,p004,portrait_figure,Madame Georges Charpentier and Her Children,Pierre-Auguste Renoir,Impressionism,lama,p004_loss_small,loss_small,p004_loss_small,loss_small,full_image,589824,0,0,768,768,20406,False,> 127,8,alex,256,0.15825261175632477,0.007814873941242695,0.15043773781508207,0.07032249995972961,0.3486739000072703,2.0.0,restoration_eval.metrics_lpips,cuda,3.12.6,2.1.3,2.2.3,11.0.0,2.5.1+cu121,0.1.4,ok,
lama__canonical__canonical__p004_loss_small__content_region__lpips,lama__canonical__canonical__p004_loss_small,lama__canonical__canonical__p004_loss_small,lama__canonical__canonical__p004_loss_small,canonical__p004_loss_small,p004_loss_small,canonical__p004_loss_small,canonical,primary,p004,portrait_figure,Madame Georges Charpentier and Her Children,Pierre-Auguste Renoir,Impressionism,lama,p004_loss_small,loss_small,p004_loss_small,loss_small,content_region,480000,0,71,768,696,20406,False,> 127,8,alex,256,0.18216347694396973,0.00985307153314352,0.1723104054108262,0.06016550003550947,0.3486739000072703,2.0.0,restoration_eval.metrics_lpips,cuda,3.12.6,2.1.3,2.2.3,11.0.0,2.5.1+cu121,0.1.4,ok,
lama__canonical__canonical__p004_loss_small__mask_bbox_crop__lpips,lama__canonical__canonical__p004_loss_small,lama__canonical__canonical__p004_loss_small,lama__canonical__canonical__p004_loss_small,canonical__p004_loss_small,p004_loss_small,canonical__p004_loss_small,canonical,primary,p004,portrait_figure,Madame Georges Charpentier and Her Children,Pierre-Auguste Renoir,Impressionism,lama,p004_loss_small,loss_small,p004_loss_small,loss_small,mask_bbox_crop,372100,126,56,736,666,20406,False,> 127,8,alex,256,0.2127467691898346,0.016021674498915672,0.19672509469091892,0.05805870005860925,0.3486739000072703,2.0.0,restoration_eval.metrics_lpips,cuda,3.12.6,2.1.3,2.2.3,11.0.0,2.5.1+cu121,0.1.4,ok,
lama__canonical__canonical__p004_mixed_damage__full_image__lpips,lama__canonical__canonical__p004_mixed_damage,lama__canonical__canonical__p004_mixed_damage,lama__canonical__canonical__p004_mixed_damage,canonical__p004_mixed_damage,p004_mixed_damage,canonical__p004_mixed_damage,canonical,primary,p004,portrait_figure,Madame Georges Charpentier and Her Children,Pierre-Auguste Renoir,Impressionism,lama,p004_mixed_damage,mixed_damage,p004_mixed_damage,mixed_damage,full_image,589824,0,0,768,768,49686,False,> 127,8,alex,256,0.35799485445022583,0.02556232176721096,0.33243253268301487,0.06817730003967881,0.36408050009049475,2.0.0,restoration_eval.metrics_lpips,cuda,3.12.6,2.1.3,2.2.3,11.0.0,2.5.1+cu121,0.1.4,ok,
lama__canonical__canonical__p004_mixed_damage__content_region__lpips,lama__canonical__canonical__p004_mixed_damage,lama__canonical__canonical__p004_mixed_damage,lama__canonical__canonical__p004_mixed_damage,canonical__p004_mixed_damage,p004_mixed_damage,canonical__p004_mixed_damage,canonical,primary,p004,portrait_figure,Madame Georges Charpentier and Her Children,Pierre-Auguste Renoir,Impressionism,lama,p004_mixed_damage,mixed_damage,p004_mixed_damage,mixed_damage,content_region,480000,0,71,768,696,49686,False,> 127,8,alex,256,0.37499409914016724,0.03006650134921074,0.3449275977909565,0.05971900001168251,0.36408050009049475,2.0.0,restoration_eval.metrics_lpips,cuda,3.12.6,2.1.3,2.2.3,11.0.0,2.5.1+cu121,0.1.4,ok,
lama__canonical__canonical__p004_mixed_damage__mask_bbox_crop__lpips,lama__canonical__canonical__p004_mixed_damage,lama__canonical__canonical__p004_mixed_damage,lama__canonical__canonical__p004_mixed_damage,canonical__p004_mixed_damage,p004_mixed_damage,canonical__p004_mixed_damage,canonical,primary,p004,portrait_figure,Madame Georges Charpentier and Her Children,Pierre-Auguste Renoir,Impressionism,lama,p004_mixed_damage,mixed_damage,p004_mixed_damage,mixed_damage,mask_bbox_crop,589824,0,0,768,768,49686,False,> 127,8,alex,256,0.35799485445022583,0.02556232176721096,0.33243253268301487,0.06974319997243583,0.36408050009049475,2.0.0,restoration_eval.metrics_lpips,cuda,3.12.6,2.1.3,2.2.3,11.0.0,2.5.1+cu121,0.1.4,ok,
lama__canonical__canonical__p004_scratch_thin__full_image__lpips,lama__canonical__canonical__p004_scratch_thin,lama__canonical__canonical__p004_scratch_thin,lama__canonical__canonical__p004_scratch_thin,canonical__p004_scratch_thin,p004_scratch_thin,canonical__p004_scratch_thin,canonical,primary,p004,portrait_figure,Madame Georges Charpentier and Her Children,Pierre-Auguste Renoir,Impressionism,lama,p004_scratch_thin,scratch_thin,p004_scratch_thin,scratch_thin,full_image,589824,0,0,768,768,7733,False,> 127,8,alex,256,0.20348091423511505,0.0006103805499151349,0.20287053368519992,0.07031280000228435,0.39557120006065816,2.0.0,restoration_eval.metrics_lpips,cuda,3.12.6,2.1.3,2.2.3,11.0.0,2.5.1+cu121,0.1.4,ok,
lama__canonical__canonical__p004_scratch_thin__content_region__lpips,lama__canonical__canonical__p004_scratch_thin,lama__canonical__canonical__p004_scratch_thin,lama__canonical__canonical__p004_scratch_thin,canonical__p004_scratch_thin,p004_scratch_thin,canonical__p004_scratch_thin,canonical,primary,p004,portrait_figure,Madame Georges Charpentier and Her Children,Pierre-Auguste Renoir,Impressionism,lama,p004_scratch_thin,scratch_thin,p004_scratch_thin,scratch_thin,content_region,480000,0,71,768,696,7733,False,> 127,8,alex,256,0.21723592281341553,0.0006976802833378315,0.2165382425300777,0.06833549996372312,0.39557120006065816,2.0.0,restoration_eval.metrics_lpips,cuda,3.12.6,2.1.3,2.2.3,11.0.0,2.5.1+cu121,0.1.4,ok,
lama__canonical__canonical__p004_scratch_thin__mask_bbox_crop__lpips,lama__canonical__canonical__p004_scratch_thin,lama__canonical__canonical__p004_scratch_thin,lama__canonical__canonical__p004_scratch_thin,canonical__p004_scratch_thin,p004_scratch_thin,canonical__p004_scratch_thin,canonical,primary,p004,portrait_figure,Madame Georges Charpentier and Her Children,Pierre-Auguste Renoir,Impressionism,lama,p004_scratch_thin,scratch_thin,p004_scratch_thin,scratch_thin,mask_bbox_crop,589824,0,0,768,768,7733,False,> 127,8,alex,256,0.20348091423511505,0.0006103805499151349,0.20287053368519992,0.07588899997062981,0.39557120006065816,2.0.0,restoration_eval.metrics_lpips,cuda,3.12.6,2.1.3,2.2.3,11.0.0,2.5.1+cu121,0.1.4,ok,
lama__canonical__canonical__p004_zero_control__full_image__lpips,lama__canonical__canonical__p004_zero_control,lama__canonical__canonical__p004_zero_control,lama__canonical__canonical__p004_zero_control,canonical__p004_zero_control,p004_zero_control,canonical__p004_zero_control,canonical,primary,p004,portrait_figure,Madame Georges Charpentier and Her Children,Pierre-Auguste Renoir,Impressionism,lama,p004_zero_control,zero_control,p004_zero_control,zero_control,full_image,589824,0,0,768,768,0,True,> 127,8,alex,256,0.0,0.0,0.0,0.06714980001561344,0.2917784999590367,2.0.0,restoration_eval.metrics_lpips,cuda,3.12.6,2.1.3,2.2.3,11.0.0,2.5.1+cu121,0.1.4,ok,
lama__canonical__canonical__p004_zero_control__content_region__lpips,lama__canonical__canonical__p004_zero_control,lama__canonical__canonical__p004_zero_control,lama__canonical__canonical__p004_zero_control,canonical__p004_zero_control,p004_zero_control,canonical__p004_zero_control,canonical,primary,p004,portrait_figure,Madame Georges Charpentier and Her Children,Pierre-Auguste Renoir,Impressionism,lama,p004_zero_control,zero_control,p004_zero_control,zero_control,content_region,480000,0,71,768,696,0,True,> 127,8,alex,256,0.0,0.0,0.0,0.06486190005671233,0.2917784999590367,2.0.0,restoration_eval.metrics_lpips,cuda,3.12.6,2.1.3,2.2.3,11.0.0,2.5.1+cu121,0.1.4,ok,
lama__canonical__canonical__p005_loss_large__full_image__lpips,lama__canonical__canonical__p005_loss_large,lama__canonical__canonical__p005_loss_large,lama__canonical__canonical__p005_loss_large,canonical__p005_loss_large,p005_loss_large,canonical__p005_loss_large,canonical,primary,p005,portrait_figure,Self-Portrait with Two Pupils,Adélaïde Labille-Guiard,18th century portraiture,lama,p005_loss_large,loss_large,p005_loss_large,loss_large,full_image,589824,0,0,768,768,55771,False,> 127,8,alex,256,0.15410254895687103,0.07458087056875229,0.07952167838811874,0.0750726000405848,0.37713609996717423,2.0.0,restoration_eval.metrics_lpips,cuda,3.12.6,2.1.3,2.2.3,11.0.0,2.5.1+cu121,0.1.4,ok,
lama__canonical__canonical__p005_loss_large__content_region__lpips,lama__canonical__canonical__p005_loss_large,lama__canonical__canonical__p005_loss_large,lama__canonical__canonical__p005_loss_large,canonical__p005_loss_large,p005_loss_large,canonical__p005_loss_large,canonical,primary,p005,portrait_figure,Self-Portrait with Two Pupils,Adélaïde Labille-Guiard,18th century portraiture,lama,p005_loss_large,loss_large,p005_loss_large,loss_large,content_region,436992,99,0,668,768,55771,False,> 127,8,alex,256,0.21024003624916077,0.1025591790676117,0.10768085718154907,0.07462329999543726,0.37713609996717423,2.0.0,restoration_eval.metrics_lpips,cuda,3.12.6,2.1.3,2.2.3,11.0.0,2.5.1+cu121,0.1.4,ok,
lama__canonical__canonical__p005_loss_large__mask_bbox_crop__lpips,lama__canonical__canonical__p005_loss_large,lama__canonical__canonical__p005_loss_large,lama__canonical__canonical__p005_loss_large,canonical__p005_loss_large,p005_loss_large,canonical__p005_loss_large,canonical,primary,p005,portrait_figure,Self-Portrait with Two Pupils,Adélaïde Labille-Guiard,18th century portraiture,lama,p005_loss_large,loss_large,p005_loss_large,loss_large,mask_bbox_crop,109561,252,108,583,439,55771,False,> 127,8,alex,256,0.6553480625152588,0.3703826069831848,0.284965455532074,0.0439399000024423,0.37713609996717423,2.0.0,restoration_eval.metrics_lpips,cuda,3.12.6,2.1.3,2.2.3,11.0.0,2.5.1+cu121,0.1.4,ok,
lama__canonical__canonical__p005_loss_small__full_image__lpips,lama__canonical__canonical__p005_loss_small,lama__canonical__canonical__p005_loss_small,lama__canonical__canonical__p005_loss_small,canonical__p005_loss_small,p005_loss_small,canonical__p005_loss_small,canonical,primary,p005,portrait_figure,Self-Portrait with Two Pupils,Adélaïde Labille-Guiard,18th century portraiture,lama,p005_loss_small,loss_small,p005_loss_small,loss_small,full_image,589824,0,0,768,768,16173,False,> 127,8,alex,256,0.1527976393699646,0.0032995096407830715,0.14949812972918153,0.07066140009555966,0.34864049998577684,2.0.0,restoration_eval.metrics_lpips,cuda,3.12.6,2.1.3,2.2.3,11.0.0,2.5.1+cu121,0.1.4,ok,
lama__canonical__canonical__p005_loss_small__content_region__lpips,lama__canonical__canonical__p005_loss_small,lama__canonical__canonical__p005_loss_small,lama__canonical__canonical__p005_loss_small,canonical__p005_loss_small,p005_loss_small,canonical__p005_loss_small,canonical,primary,p005,portrait_figure,Self-Portrait with Two Pupils,Adélaïde Labille-Guiard,18th century portraiture,lama,p005_loss_small,loss_small,p005_loss_small,loss_small,content_region,436992,99,0,668,768,16173,False,> 127,8,alex,256,0.18660858273506165,0.004601627588272095,0.18200695514678955,0.07066109997685999,0.34864049998577684,2.0.0,restoration_eval.metrics_lpips,cuda,3.12.6,2.1.3,2.2.3,11.0.0,2.5.1+cu121,0.1.4,ok,
lama__canonical__canonical__p005_loss_small__mask_bbox_crop__lpips,lama__canonical__canonical__p005_loss_small,lama__canonical__canonical__p005_loss_small,lama__canonical__canonical__p005_loss_small,canonical__p005_loss_small,p005_loss_small,canonical__p005_loss_small,canonical,primary,p005,portrait_figure,Self-Portrait with Two Pupils,Adélaïde Labille-Guiard,18th century portraiture,lama,p005_loss_small,loss_small,p005_loss_small,loss_small,mask_bbox_crop,224676,161,88,635,562,16173,False,> 127,8,alex,256,0.2474919706583023,0.011107373982667923,0.23638459667563438,0.04479149996768683,0.34864049998577684,2.0.0,restoration_eval.metrics_lpips,cuda,3.12.6,2.1.3,2.2.3,11.0.0,2.5.1+cu121,0.1.4,ok,
lama__canonical__canonical__p005_mixed_damage__full_image__lpips,lama__canonical__canonical__p005_mixed_damage,lama__canonical__canonical__p005_mixed_damage,lama__canonical__canonical__p005_mixed_damage,canonical__p005_mixed_damage,p005_mixed_damage,canonical__p005_mixed_damage,canonical,primary,p005,portrait_figure,Self-Portrait with Two Pupils,Adélaïde Labille-Guiard,18th century portraiture,lama,p005_mixed_damage,mixed_damage,p005_mixed_damage,mixed_damage,full_image,589824,0,0,768,768,35823,False,> 127,8,alex,256,0.32612279057502747,0.010078078135848045,0.3160447124391794,0.06335790001321584,0.34749019995797426,2.0.0,restoration_eval.metrics_lpips,cuda,3.12.6,2.1.3,2.2.3,11.0.0,2.5.1+cu121,0.1.4,ok,
lama__canonical__canonical__p005_mixed_damage__content_region__lpips,lama__canonical__canonical__p005_mixed_damage,lama__canonical__canonical__p005_mixed_damage,lama__canonical__canonical__p005_mixed_damage,canonical__p005_mixed_damage,p005_mixed_damage,canonical__p005_mixed_damage,canonical,primary,p005,portrait_figure,Self-Portrait with Two Pupils,Adélaïde Labille-Guiard,18th century portraiture,lama,p005_mixed_damage,mixed_damage,p005_mixed_damage,mixed_damage,content_region,436992,99,0,668,768,35823,False,> 127,8,alex,256,0.3946622610092163,0.01535867340862751,0.3793035876005888,0.06092059996444732,0.34749019995797426,2.0.0,restoration_eval.metrics_lpips,cuda,3.12.6,2.1.3,2.2.3,11.0.0,2.5.1+cu121,0.1.4,ok,
lama__canonical__canonical__p005_mixed_damage__mask_bbox_crop__lpips,lama__canonical__canonical__p005_mixed_damage,lama__canonical__canonical__p005_mixed_damage,lama__canonical__canonical__p005_mixed_damage,canonical__p005_mixed_damage,p005_mixed_damage,canonical__p005_mixed_damage,canonical,primary,p005,portrait_figure,Self-Portrait with Two Pupils,Adélaïde Labille-Guiard,18th century portraiture,lama,p005_mixed_damage,mixed_damage,p005_mixed_damage,mixed_damage,mask_bbox_crop,589824,0,0,768,768,35823,False,> 127,8,alex,256,0.32612279057502747,0.010078078135848045,0.3160447124391794,0.06659339996986091,0.34749019995797426,2.0.0,restoration_eval.metrics_lpips,cuda,3.12.6,2.1.3,2.2.3,11.0.0,2.5.1+cu121,0.1.4,ok,
lama__canonical__canonical__p005_scratch_thin__full_image__lpips,lama__canonical__canonical__p005_scratch_thin,lama__canonical__canonical__p005_scratch_thin,lama__canonical__canonical__p005_scratch_thin,canonical__p005_scratch_thin,p005_scratch_thin,canonical__p005_scratch_thin,canonical,primary,p005,portrait_figure,Self-Portrait with Two Pupils,Adélaïde Labille-Guiard,18th century portraiture,lama,p005_scratch_thin,scratch_thin,p005_scratch_thin,scratch_thin,full_image,589824,0,0,768,768,10708,False,> 127,8,alex,256,0.2772839665412903,0.0010103232925757766,0.2762736432487145,0.061623399960808456,0.3298803000943735,2.0.0,restoration_eval.metrics_lpips,cuda,3.12.6,2.1.3,2.2.3,11.0.0,2.5.1+cu121,0.1.4,ok,
lama__canonical__canonical__p005_scratch_thin__content_region__lpips,lama__canonical__canonical__p005_scratch_thin,lama__canonical__canonical__p005_scratch_thin,lama__canonical__canonical__p005_scratch_thin,canonical__p005_scratch_thin,p005_scratch_thin,canonical__p005_scratch_thin,canonical,primary,p005,portrait_figure,Self-Portrait with Two Pupils,Adélaïde Labille-Guiard,18th century portraiture,lama,p005_scratch_thin,scratch_thin,p005_scratch_thin,scratch_thin,content_region,436992,99,0,668,768,10708,False,> 127,8,alex,256,0.33123311400413513,0.0012499821605160832,0.32998313184361905,0.056352199986577034,0.3298803000943735,2.0.0,restoration_eval.metrics_lpips,cuda,3.12.6,2.1.3,2.2.3,11.0.0,2.5.1+cu121,0.1.4,ok,
lama__canonical__canonical__p005_scratch_thin__mask_bbox_crop__lpips,lama__canonical__canonical__p005_scratch_thin,lama__canonical__canonical__p005_scratch_thin,lama__canonical__canonical__p005_scratch_thin,canonical__p005_scratch_thin,p005_scratch_thin,canonical__p005_scratch_thin,canonical,primary,p005,portrait_figure,Self-Portrait with Two Pupils,Adélaïde Labille-Guiard,18th century portraiture,lama,p005_scratch_thin,scratch_thin,p005_scratch_thin,scratch_thin,mask_bbox_crop,436921,53,107,714,768,10708,False,> 127,8,alex,256,0.3418426811695099,0.001387967262417078,0.3404547139070928,0.054800699930638075,0.3298803000943735,2.0.0,restoration_eval.metrics_lpips,cuda,3.12.6,2.1.3,2.2.3,11.0.0,2.5.1+cu121,0.1.4,ok,
lama__canonical__canonical__p005_zero_control__full_image__lpips,lama__canonical__canonical__p005_zero_control,lama__canonical__canonical__p005_zero_control,lama__canonical__canonical__p005_zero_control,canonical__p005_zero_control,p005_zero_control,canonical__p005_zero_control,canonical,primary,p005,portrait_figure,Self-Portrait with Two Pupils,Adélaïde Labille-Guiard,18th century portraiture,lama,p005_zero_control,zero_control,p005_zero_control,zero_control,full_image,589824,0,0,768,768,0,True,> 127,8,alex,256,0.0,0.0,0.0,0.061600900022313,0.26745539996773005,2.0.0,restoration_eval.metrics_lpips,cuda,3.12.6,2.1.3,2.2.3,11.0.0,2.5.1+cu121,0.1.4,ok,
lama__canonical__canonical__p005_zero_control__content_region__lpips,lama__canonical__canonical__p005_zero_control,lama__canonical__canonical__p005_zero_control,lama__canonical__canonical__p005_zero_control,canonical__p005_zero_control,p005_zero_control,canonical__p005_zero_control,canonical,primary,p005,portrait_figure,Self-Portrait with Two Pupils,Adélaïde Labille-Guiard,18th century portraiture,lama,p005_zero_control,zero_control,p005_zero_control,zero_control,content_region,436992,99,0,668,768,0,True,> 127,8,alex,256,0.0,0.0,0.0,0.059254399966448545,0.26745539996773005,2.0.0,restoration_eval.metrics_lpips,cuda,3.12.6,2.1.3,2.2.3,11.0.0,2.5.1+cu121,0.1.4,ok,
lama__canonical__canonical__p006_loss_large__full_image__lpips,lama__canonical__canonical__p006_loss_large,lama__canonical__canonical__p006_loss_large,lama__canonical__canonical__p006_loss_large,canonical__p006_loss_large,p006_loss_large,canonical__p006_loss_large,canonical,primary,p006,portrait_figure,Boy with a Sword,Édouard Manet,Realism / early modern French painting,lama,p006_loss_large,loss_large,p006_loss_large,loss_large,full_image,589824,0,0,768,768,60137,False,> 127,8,alex,256,0.21718981862068176,0.041572898626327515,0.17561691999435425,0.06151459994725883,0.31666749995201826,2.0.0,restoration_eval.metrics_lpips,cuda,3.12.6,2.1.3,2.2.3,11.0.0,2.5.1+cu121,0.1.4,ok,
lama__canonical__canonical__p006_loss_large__content_region__lpips,lama__canonical__canonical__p006_loss_large,lama__canonical__canonical__p006_loss_large,lama__canonical__canonical__p006_loss_large,canonical__p006_loss_large,p006_loss_large,canonical__p006_loss_large,canonical,primary,p006,portrait_figure,Boy with a Sword,Édouard Manet,Realism / early modern French painting,lama,p006_loss_large,loss_large,p006_loss_large,loss_large,content_region,442368,96,0,672,768,60137,False,> 127,8,alex,256,0.2613741159439087,0.060793936252593994,0.2005801796913147,0.058482600026763976,0.31666749995201826,2.0.0,restoration_eval.metrics_lpips,cuda,3.12.6,2.1.3,2.2.3,11.0.0,2.5.1+cu121,0.1.4,ok,
lama__canonical__canonical__p006_loss_large__mask_bbox_crop__lpips,lama__canonical__canonical__p006_loss_large,lama__canonical__canonical__p006_loss_large,lama__canonical__canonical__p006_loss_large,canonical__p006_loss_large,p006_loss_large,canonical__p006_loss_large,canonical,primary,p006,portrait_figure,Boy with a Sword,Édouard Manet,Realism / early modern French painting,lama,p006_loss_large,loss_large,p006_loss_large,loss_large,mask_bbox_crop,128881,293,304,652,663,60137,False,> 127,8,alex,256,0.6229255795478821,0.2043142169713974,0.4186113625764847,0.03509649995248765,0.31666749995201826,2.0.0,restoration_eval.metrics_lpips,cuda,3.12.6,2.1.3,2.2.3,11.0.0,2.5.1+cu121,0.1.4,ok,
lama__canonical__canonical__p006_loss_small__full_image__lpips,lama__canonical__canonical__p006_loss_small,lama__canonical__canonical__p006_loss_small,lama__canonical__canonical__p006_loss_small,canonical__p006_loss_small,p006_loss_small,canonical__p006_loss_small,canonical,primary,p006,portrait_figure,Boy with a Sword,Édouard Manet,Realism / early modern French painting,lama,p006_loss_small,loss_small,p006_loss_small,loss_small,full_image,589824,0,0,768,768,17979,False,> 127,8,alex,256,0.2585417330265045,0.0024877157993614674,0.25605401722714305,0.06561879999935627,0.33359560009557754,2.0.0,restoration_eval.metrics_lpips,cuda,3.12.6,2.1.3,2.2.3,11.0.0,2.5.1+cu121,0.1.4,ok,
lama__canonical__canonical__p006_loss_small__content_region__lpips,lama__canonical__canonical__p006_loss_small,lama__canonical__canonical__p006_loss_small,lama__canonical__canonical__p006_loss_small,canonical__p006_loss_small,p006_loss_small,canonical__p006_loss_small,canonical,primary,p006,portrait_figure,Boy with a Sword,Édouard Manet,Realism / early modern French painting,lama,p006_loss_small,loss_small,p006_loss_small,loss_small,content_region,442368,96,0,672,768,17979,False,> 127,8,alex,256,0.33630281686782837,0.004283923655748367,0.33201889321208,0.05983429995831102,0.33359560009557754,2.0.0,restoration_eval.metrics_lpips,cuda,3.12.6,2.1.3,2.2.3,11.0.0,2.5.1+cu121,0.1.4,ok,
lama__canonical__canonical__p006_loss_small__mask_bbox_crop__lpips,lama__canonical__canonical__p006_loss_small,lama__canonical__canonical__p006_loss_small,lama__canonical__canonical__p006_loss_small,canonical__p006_loss_small,p006_loss_small,canonical__p006_loss_small,canonical,primary,p006,portrait_figure,Boy with a Sword,Édouard Manet,Realism / early modern French painting,lama,p006_loss_small,loss_small,p006_loss_small,loss_small,mask_bbox_crop,419904,53,65,701,713,17979,False,> 127,8,alex,256,0.3114188313484192,0.005081355571746826,0.30633747577667236,0.05930989992339164,0.33359560009557754,2.0.0,restoration_eval.metrics_lpips,cuda,3.12.6,2.1.3,2.2.3,11.0.0,2.5.1+cu121,0.1.4,ok,
lama__canonical__canonical__p006_mixed_damage__full_image__lpips,lama__canonical__canonical__p006_mixed_damage,lama__canonical__canonical__p006_mixed_damage,lama__canonical__canonical__p006_mixed_damage,canonical__p006_mixed_damage,p006_mixed_damage,canonical__p006_mixed_damage,canonical,primary,p006,portrait_figure,Boy with a Sword,Édouard Manet,Realism / early modern French painting,lama,p006_mixed_damage,mixed_damage,p006_mixed_damage,mixed_damage,full_image,589824,0,0,768,768,42916,False,> 127,8,alex,256,0.4945181608200073,0.016288066282868385,0.47823009453713894,0.06977709999773651,0.35475990001577884,2.0.0,restoration_eval.metrics_lpips,cuda,3.12.6,2.1.3,2.2.3,11.0.0,2.5.1+cu121,0.1.4,ok,
lama__canonical__canonical__p006_mixed_damage__content_region__lpips,lama__canonical__canonical__p006_mixed_damage,lama__canonical__canonical__p006_mixed_damage,lama__canonical__canonical__p006_mixed_damage,canonical__p006_mixed_damage,p006_mixed_damage,canonical__p006_mixed_damage,canonical,primary,p006,portrait_figure,Boy with a Sword,Édouard Manet,Realism / early modern French painting,lama,p006_mixed_damage,mixed_damage,p006_mixed_damage,mixed_damage,content_region,442368,96,0,672,768,42916,False,> 127,8,alex,256,0.568612813949585,0.019427191466093063,0.5491856224834919,0.0657080999808386,0.35475990001577884,2.0.0,restoration_eval.metrics_lpips,cuda,3.12.6,2.1.3,2.2.3,11.0.0,2.5.1+cu121,0.1.4,ok,
lama__canonical__canonical__p006_mixed_damage__mask_bbox_crop__lpips,lama__canonical__canonical__p006_mixed_damage,lama__canonical__canonical__p006_mixed_damage,lama__canonical__canonical__p006_mixed_damage,canonical__p006_mixed_damage,p006_mixed_damage,canonical__p006_mixed_damage,canonical,primary,p006,portrait_figure,Boy with a Sword,Édouard Manet,Realism / early modern French painting,lama,p006_mixed_damage,mixed_damage,p006_mixed_damage,mixed_damage,mask_bbox_crop,589824,0,0,768,768,42916,False,> 127,8,alex,256,0.4945181608200073,0.016288066282868385,0.47823009453713894,0.07008720003068447,0.35475990001577884,2.0.0,restoration_eval.metrics_lpips,cuda,3.12.6,2.1.3,2.2.3,11.0.0,2.5.1+cu121,0.1.4,ok,
lama__canonical__canonical__p006_scratch_thin__full_image__lpips,lama__canonical__canonical__p006_scratch_thin,lama__canonical__canonical__p006_scratch_thin,lama__canonical__canonical__p006_scratch_thin,canonical__p006_scratch_thin,p006_scratch_thin,canonical__p006_scratch_thin,canonical,primary,p006,portrait_figure,Boy with a Sword,Édouard Manet,Realism / early modern French painting,lama,p006_scratch_thin,scratch_thin,p006_scratch_thin,scratch_thin,full_image,589824,0,0,768,768,12613,False,> 127,8,alex,256,0.4166843295097351,0.0010230503976345062,0.4156612791121006,0.08253330003935844,0.3931761001003906,2.0.0,restoration_eval.metrics_lpips,cuda,3.12.6,2.1.3,2.2.3,11.0.0,2.5.1+cu121,0.1.4,ok,
lama__canonical__canonical__p006_scratch_thin__content_region__lpips,lama__canonical__canonical__p006_scratch_thin,lama__canonical__canonical__p006_scratch_thin,lama__canonical__canonical__p006_scratch_thin,canonical__p006_scratch_thin,p006_scratch_thin,canonical__p006_scratch_thin,canonical,primary,p006,portrait_figure,Boy with a Sword,Édouard Manet,Realism / early modern French painting,lama,p006_scratch_thin,scratch_thin,p006_scratch_thin,scratch_thin,content_region,442368,96,0,672,768,12613,False,> 127,8,alex,256,0.4912866950035095,0.0012674558674916625,0.49001923913601786,0.07575990003533661,0.3931761001003906,2.0.0,restoration_eval.metrics_lpips,cuda,3.12.6,2.1.3,2.2.3,11.0.0,2.5.1+cu121,0.1.4,ok,
lama__canonical__canonical__p006_scratch_thin__mask_bbox_crop__lpips,lama__canonical__canonical__p006_scratch_thin,lama__canonical__canonical__p006_scratch_thin,lama__canonical__canonical__p006_scratch_thin,canonical__p006_scratch_thin,p006_scratch_thin,canonical__p006_scratch_thin,canonical,primary,p006,portrait_figure,Boy with a Sword,Édouard Manet,Realism / early modern French painting,lama,p006_scratch_thin,scratch_thin,p006_scratch_thin,scratch_thin,mask_bbox_crop,589824,0,0,768,768,12613,False,> 127,8,alex,256,0.4166843295097351,0.0010230503976345062,0.4156612791121006,0.09086140000727028,0.3931761001003906,2.0.0,restoration_eval.metrics_lpips,cuda,3.12.6,2.1.3,2.2.3,11.0.0,2.5.1+cu121,0.1.4,ok,
lama__canonical__canonical__p006_zero_control__full_image__lpips,lama__canonical__canonical__p006_zero_control,lama__canonical__canonical__p006_zero_control,lama__canonical__canonical__p006_zero_control,canonical__p006_zero_control,p006_zero_control,canonical__p006_zero_control,canonical,primary,p006,portrait_figure,Boy with a Sword,Édouard Manet,Realism / early modern French painting,lama,p006_zero_control,zero_control,p006_zero_control,zero_control,full_image,589824,0,0,768,768,0,True,> 127,8,alex,256,0.0,0.0,0.0,0.07832080009393394,0.2784648999804631,2.0.0,restoration_eval.metrics_lpips,cuda,3.12.6,2.1.3,2.2.3,11.0.0,2.5.1+cu121,0.1.4,ok,
lama__canonical__canonical__p006_zero_control__content_region__lpips,lama__canonical__canonical__p006_zero_control,lama__canonical__canonical__p006_zero_control,lama__canonical__canonical__p006_zero_control,canonical__p006_zero_control,p006_zero_control,canonical__p006_zero_control,canonical,primary,p006,portrait_figure,Boy with a Sword,Édouard Manet,Realism / early modern French painting,lama,p006_zero_control,zero_control,p006_zero_control,zero_control,content_region,442368,96,0,672,768,0,True,> 127,8,alex,256,0.0,0.0,0.0,0.06990580004639924,0.2784648999804631,2.0.0,restoration_eval.metrics_lpips,cuda,3.12.6,2.1.3,2.2.3,11.0.0,2.5.1+cu121,0.1.4,ok,
lama__canonical__canonical__p007_loss_large__full_image__lpips,lama__canonical__canonical__p007_loss_large,lama__canonical__canonical__p007_loss_large,lama__canonical__canonical__p007_loss_large,canonical__p007_loss_large,p007_loss_large,canonical__p007_loss_large,canonical,primary,p007,portrait_figure,Princesse de Broglie,Jean-Auguste-Dominique Ingres,Neoclassical,lama,p007_loss_large,loss_large,p007_loss_large,loss_large,full_image,589824,0,0,768,768,45215,False,> 127,8,alex,256,0.15423251688480377,0.05153583735227585,0.10269667953252792,0.07026329997461289,0.3816971000051126,2.0.0,restoration_eval.metrics_lpips,cuda,3.12.6,2.1.3,2.2.3,11.0.0,2.5.1+cu121,0.1.4,ok,
lama__canonical__canonical__p007_loss_large__content_region__lpips,lama__canonical__canonical__p007_loss_large,lama__canonical__canonical__p007_loss_large,lama__canonical__canonical__p007_loss_large,canonical__p007_loss_large,p007_loss_large,canonical__p007_loss_large,canonical,primary,p007,portrait_figure,Princesse de Broglie,Jean-Auguste-Dominique Ingres,Neoclassical,lama,p007_loss_large,loss_large,p007_loss_large,loss_large,content_region,445440,94,0,674,768,45215,False,> 127,8,alex,256,0.18256933987140656,0.06706144660711288,0.11550789326429367,0.07988750003278255,0.3816971000051126,2.0.0,restoration_eval.metrics_lpips,cuda,3.12.6,2.1.3,2.2.3,11.0.0,2.5.1+cu121,0.1.4,ok,
lama__canonical__canonical__p007_loss_large__mask_bbox_crop__lpips,lama__canonical__canonical__p007_loss_large,lama__canonical__canonical__p007_loss_large,lama__canonical__canonical__p007_loss_large,canonical__p007_loss_large,p007_loss_large,canonical__p007_loss_large,canonical,primary,p007,portrait_figure,Princesse de Broglie,Jean-Auguste-Dominique Ingres,Neoclassical,lama,p007_loss_large,loss_large,p007_loss_large,loss_large,mask_bbox_crop,95481,192,158,501,467,45215,False,> 127,8,alex,256,0.58730149269104,0.2694699764251709,0.31783151626586914,0.04241719993297011,0.3816971000051126,2.0.0,restoration_eval.metrics_lpips,cuda,3.12.6,2.1.3,2.2.3,11.0.0,2.5.1+cu121,0.1.4,ok,
lama__canonical__canonical__p007_loss_small__full_image__lpips,lama__canonical__canonical__p007_loss_small,lama__canonical__canonical__p007_loss_small,lama__canonical__canonical__p007_loss_small,canonical__p007_loss_small,p007_loss_small,canonical__p007_loss_small,canonical,primary,p007,portrait_figure,Princesse de Broglie,Jean-Auguste-Dominique Ingres,Neoclassical,lama,p007_loss_small,loss_small,p007_loss_small,loss_small,full_image,589824,0,0,768,768,19342,False,> 127,8,alex,256,0.16338613629341125,0.006385275162756443,0.1570008611306548,0.07913059997372329,0.365655199973844,2.0.0,restoration_eval.metrics_lpips,cuda,3.12.6,2.1.3,2.2.3,11.0.0,2.5.1+cu121,0.1.4,ok,
lama__canonical__canonical__p007_loss_small__content_region__lpips,lama__canonical__canonical__p007_loss_small,lama__canonical__canonical__p007_loss_small,lama__canonical__canonical__p007_loss_small,canonical__p007_loss_small,p007_loss_small,canonical__p007_loss_small,canonical,primary,p007,portrait_figure,Princesse de Broglie,Jean-Auguste-Dominique Ingres,Neoclassical,lama,p007_loss_small,loss_small,p007_loss_small,loss_small,content_region,445440,94,0,674,768,19342,False,> 127,8,alex,256,0.19026771187782288,0.010357721708714962,0.17990999016910791,0.08570469997357577,0.365655199973844,2.0.0,restoration_eval.metrics_lpips,cuda,3.12.6,2.1.3,2.2.3,11.0.0,2.5.1+cu121,0.1.4,ok,
lama__canonical__canonical__p007_loss_small__mask_bbox_crop__lpips,lama__canonical__canonical__p007_loss_small,lama__canonical__canonical__p007_loss_small,lama__canonical__canonical__p007_loss_small,canonical__p007_loss_small,p007_loss_small,canonical__p007_loss_small,canonical,primary,p007,portrait_figure,Princesse de Broglie,Jean-Auguste-Dominique Ingres,Neoclassical,lama,p007_loss_small,loss_small,p007_loss_small,loss_small,mask_bbox_crop,264196,107,57,621,571,19342,False,> 127,8,alex,256,0.21805019676685333,0.010561815463006496,0.20748838130384684,0.055357699980959296,0.365655199973844,2.0.0,restoration_eval.metrics_lpips,cuda,3.12.6,2.1.3,2.2.3,11.0.0,2.5.1+cu121,0.1.4,ok,
lama__canonical__canonical__p007_mixed_damage__full_image__lpips,lama__canonical__canonical__p007_mixed_damage,lama__canonical__canonical__p007_mixed_damage,lama__canonical__canonical__p007_mixed_damage,canonical__p007_mixed_damage,p007_mixed_damage,canonical__p007_mixed_damage,canonical,primary,p007,portrait_figure,Princesse de Broglie,Jean-Auguste-Dominique Ingres,Neoclassical,lama,p007_mixed_damage,mixed_damage,p007_mixed_damage,mixed_damage,full_image,589824,0,0,768,768,37452,False,> 127,8,alex,256,0.2922190725803375,0.014035383239388466,0.27818368934094906,0.1495108000235632,0.4655058999778703,2.0.0,restoration_eval.metrics_lpips,cuda,3.12.6,2.1.3,2.2.3,11.0.0,2.5.1+cu121,0.1.4,ok,
lama__canonical__canonical__p007_mixed_damage__content_region__lpips,lama__canonical__canonical__p007_mixed_damage,lama__canonical__canonical__p007_mixed_damage,lama__canonical__canonical__p007_mixed_damage,canonical__p007_mixed_damage,p007_mixed_damage,canonical__p007_mixed_damage,canonical,primary,p007,portrait_figure,Princesse de Broglie,Jean-Auguste-Dominique Ingres,Neoclassical,lama,p007_mixed_damage,mixed_damage,p007_mixed_damage,mixed_damage,content_region,445440,94,0,674,768,37452,False,> 127,8,alex,256,0.3277219533920288,0.01969844475388527,0.30802350863814354,0.070871900068596,0.4655058999778703,2.0.0,restoration_eval.metrics_lpips,cuda,3.12.6,2.1.3,2.2.3,11.0.0,2.5.1+cu121,0.1.4,ok,
lama__canonical__canonical__p007_mixed_damage__mask_bbox_crop__lpips,lama__canonical__canonical__p007_mixed_damage,lama__canonical__canonical__p007_mixed_damage,lama__canonical__canonical__p007_mixed_damage,canonical__p007_mixed_damage,p007_mixed_damage,canonical__p007_mixed_damage,canonical,primary,p007,portrait_figure,Princesse de Broglie,Jean-Auguste-Dominique Ingres,Neoclassical,lama,p007_mixed_damage,mixed_damage,p007_mixed_damage,mixed_damage,mask_bbox_crop,589824,0,0,768,768,37452,False,> 127,8,alex,256,0.2922190725803375,0.014035383239388466,0.27818368934094906,0.08538669999688864,0.4655058999778703,2.0.0,restoration_eval.metrics_lpips,cuda,3.12.6,2.1.3,2.2.3,11.0.0,2.5.1+cu121,0.1.4,ok,
lama__canonical__canonical__p007_scratch_thin__full_image__lpips,lama__canonical__canonical__p007_scratch_thin,lama__canonical__canonical__p007_scratch_thin,lama__canonical__canonical__p007_scratch_thin,canonical__p007_scratch_thin,p007_scratch_thin,canonical__p007_scratch_thin,canonical,primary,p007,portrait_figure,Princesse de Broglie,Jean-Auguste-Dominique Ingres,Neoclassical,lama,p007_scratch_thin,scratch_thin,p007_scratch_thin,scratch_thin,full_image,589824,0,0,768,768,10223,False,> 127,8,alex,256,0.32938578724861145,0.0008712890557944775,0.328514498192817,0.07075449998956174,0.3560423000017181,2.0.0,restoration_eval.metrics_lpips,cuda,3.12.6,2.1.3,2.2.3,11.0.0,2.5.1+cu121,0.1.4,ok,
lama__canonical__canonical__p007_scratch_thin__content_region__lpips,lama__canonical__canonical__p007_scratch_thin,lama__canonical__canonical__p007_scratch_thin,lama__canonical__canonical__p007_scratch_thin,canonical__p007_scratch_thin,p007_scratch_thin,canonical__p007_scratch_thin,canonical,primary,p007,portrait_figure,Princesse de Broglie,Jean-Auguste-Dominique Ingres,Neoclassical,lama,p007_scratch_thin,scratch_thin,p007_scratch_thin,scratch_thin,content_region,445440,94,0,674,768,10223,False,> 127,8,alex,256,0.37158071994781494,0.0005864676786586642,0.3709942522691563,0.05932550004217774,0.3560423000017181,2.0.0,restoration_eval.metrics_lpips,cuda,3.12.6,2.1.3,2.2.3,11.0.0,2.5.1+cu121,0.1.4,ok,
lama__canonical__canonical__p007_scratch_thin__mask_bbox_crop__lpips,lama__canonical__canonical__p007_scratch_thin,lama__canonical__canonical__p007_scratch_thin,lama__canonical__canonical__p007_scratch_thin,canonical__p007_scratch_thin,p007_scratch_thin,canonical__p007_scratch_thin,canonical,primary,p007,portrait_figure,Princesse de Broglie,Jean-Auguste-Dominique Ingres,Neoclassical,lama,p007_scratch_thin,scratch_thin,p007_scratch_thin,scratch_thin,mask_bbox_crop,589824,0,0,768,768,10223,False,> 127,8,alex,256,0.32938578724861145,0.0008712890557944775,0.328514498192817,0.06427850003819913,0.3560423000017181,2.0.0,restoration_eval.metrics_lpips,cuda,3.12.6,2.1.3,2.2.3,11.0.0,2.5.1+cu121,0.1.4,ok,
lama__canonical__canonical__p007_zero_control__full_image__lpips,lama__canonical__canonical__p007_zero_control,lama__canonical__canonical__p007_zero_control,lama__canonical__canonical__p007_zero_control,canonical__p007_zero_control,p007_zero_control,canonical__p007_zero_control,canonical,primary,p007,portrait_figure,Princesse de Broglie,Jean-Auguste-Dominique Ingres,Neoclassical,lama,p007_zero_control,zero_control,p007_zero_control,zero_control,full_image,589824,0,0,768,768,0,True,> 127,8,alex,256,0.0,0.0,0.0,0.07185369997750968,0.29438719991594553,2.0.0,restoration_eval.metrics_lpips,cuda,3.12.6,2.1.3,2.2.3,11.0.0,2.5.1+cu121,0.1.4,ok,
lama__canonical__canonical__p007_zero_control__content_region__lpips,lama__canonical__canonical__p007_zero_control,lama__canonical__canonical__p007_zero_control,lama__canonical__canonical__p007_zero_control,canonical__p007_zero_control,p007_zero_control,canonical__p007_zero_control,canonical,primary,p007,portrait_figure,Princesse de Broglie,Jean-Auguste-Dominique Ingres,Neoclassical,lama,p007_zero_control,zero_control,p007_zero_control,zero_control,content_region,445440,94,0,674,768,0,True,> 127,8,alex,256,0.0,0.0,0.0,0.07514420000370592,0.29438719991594553,2.0.0,restoration_eval.metrics_lpips,cuda,3.12.6,2.1.3,2.2.3,11.0.0,2.5.1+cu121,0.1.4,ok,
lama__canonical__canonical__p008_loss_large__full_image__lpips,lama__canonical__canonical__p008_loss_large,lama__canonical__canonical__p008_loss_large,lama__canonical__canonical__p008_loss_large,canonical__p008_loss_large,p008_loss_large,canonical__p008_loss_large,canonical,primary,p008,portrait_figure,Manuel Osorio Manrique de Zuñiga,Francisco de Goya y Lucientes,Spanish portraiture,lama,p008_loss_large,loss_large,p008_loss_large,loss_large,full_image,589824,0,0,768,768,45900,False,> 127,8,alex,256,0.14275264739990234,0.04141535982489586,0.10133728757500648,0.0626046999823302,0.3526220000348985,2.0.0,restoration_eval.metrics_lpips,cuda,3.12.6,2.1.3,2.2.3,11.0.0,2.5.1+cu121,0.1.4,ok,
lama__canonical__canonical__p008_loss_large__content_region__lpips,lama__canonical__canonical__p008_loss_large,lama__canonical__canonical__p008_loss_large,lama__canonical__canonical__p008_loss_large,canonical__p008_loss_large,p008_loss_large,canonical__p008_loss_large,canonical,primary,p008,portrait_figure,Manuel Osorio Manrique de Zuñiga,Francisco de Goya y Lucientes,Spanish portraiture,lama,p008_loss_large,loss_large,p008_loss_large,loss_large,content_region,434688,101,0,667,768,45900,False,> 127,8,alex,256,0.1656653732061386,0.055146120488643646,0.11051925271749496,0.060457399929873645,0.3526220000348985,2.0.0,restoration_eval.metrics_lpips,cuda,3.12.6,2.1.3,2.2.3,11.0.0,2.5.1+cu121,0.1.4,ok,
lama__canonical__canonical__p008_loss_large__mask_bbox_crop__lpips,lama__canonical__canonical__p008_loss_large,lama__canonical__canonical__p008_loss_large,lama__canonical__canonical__p008_loss_large,canonical__p008_loss_large,p008_loss_large,canonical__p008_loss_large,canonical,primary,p008,portrait_figure,Manuel Osorio Manrique de Zuñiga,Francisco de Goya y Lucientes,Spanish portraiture,lama,p008_loss_large,loss_large,p008_loss_large,loss_large,mask_bbox_crop,104976,96,433,420,757,45900,False,> 127,8,alex,256,0.608451783657074,0.24361830949783325,0.3648334741592407,0.0398762000259012,0.3526220000348985,2.0.0,restoration_eval.metrics_lpips,cuda,3.12.6,2.1.3,2.2.3,11.0.0,2.5.1+cu121,0.1.4,ok,
lama__canonical__canonical__p008_loss_small__full_image__lpips,lama__canonical__canonical__p008_loss_small,lama__canonical__canonical__p008_loss_small,lama__canonical__canonical__p008_loss_small,canonical__p008_loss_small,p008_loss_small,canonical__p008_loss_small,canonical,primary,p008,portrait_figure,Manuel Osorio Manrique de Zuñiga,Francisco de Goya y Lucientes,Spanish portraiture,lama,p008_loss_small,loss_small,p008_loss_small,loss_small,full_image,589824,0,0,768,768,23917,False,> 127,8,alex,256,0.2144496738910675,0.004456393886357546,0.20999328000470996,0.06194309995044023,0.3478533999295905,2.0.0,restoration_eval.metrics_lpips,cuda,3.12.6,2.1.3,2.2.3,11.0.0,2.5.1+cu121,0.1.4,ok,
lama__canonical__canonical__p008_loss_small__content_region__lpips,lama__canonical__canonical__p008_loss_small,lama__canonical__canonical__p008_loss_small,lama__canonical__canonical__p008_loss_small,canonical__p008_loss_small,p008_loss_small,canonical__p008_loss_small,canonical,primary,p008,portrait_figure,Manuel Osorio Manrique de Zuñiga,Francisco de Goya y Lucientes,Spanish portraiture,lama,p008_loss_small,loss_small,p008_loss_small,loss_small,content_region,434688,101,0,667,768,23917,False,> 127,8,alex,256,0.2544073462486267,0.007466981187462807,0.2469403650611639,0.06307169992942363,0.3478533999295905,2.0.0,restoration_eval.metrics_lpips,cuda,3.12.6,2.1.3,2.2.3,11.0.0,2.5.1+cu121,0.1.4,ok,
lama__canonical__canonical__p008_loss_small__mask_bbox_crop__lpips,lama__canonical__canonical__p008_loss_small,lama__canonical__canonical__p008_loss_small,lama__canonical__canonical__p008_loss_small,canonical__p008_loss_small,p008_loss_small,canonical__p008_loss_small,canonical,primary,p008,portrait_figure,Manuel Osorio Manrique de Zuñiga,Francisco de Goya y Lucientes,Spanish portraiture,lama,p008_loss_small,loss_small,p008_loss_small,loss_small,mask_bbox_crop,385641,27,97,648,718,23917,False,> 127,8,alex,256,0.24225080013275146,0.006842892151325941,0.23540790798142552,0.06814139999914914,0.3478533999295905,2.0.0,restoration_eval.metrics_lpips,cuda,3.12.6,2.1.3,2.2.3,11.0.0,2.5.1+cu121,0.1.4,ok,
lama__canonical__canonical__p008_mixed_damage__full_image__lpips,lama__canonical__canonical__p008_mixed_damage,lama__canonical__canonical__p008_mixed_damage,lama__canonical__canonical__p008_mixed_damage,canonical__p008_mixed_damage,p008_mixed_damage,canonical__p008_mixed_damage,canonical,primary,p008,portrait_figure,Manuel Osorio Manrique de Zuñiga,Francisco de Goya y Lucientes,Spanish portraiture,lama,p008_mixed_damage,mixed_damage,p008_mixed_damage,mixed_damage,full_image,589824,0,0,768,768,39423,False,> 127,8,alex,256,0.41566288471221924,0.01199847087264061,0.40366441383957863,0.07657210004981607,0.3756547999801114,2.0.0,restoration_eval.metrics_lpips,cuda,3.12.6,2.1.3,2.2.3,11.0.0,2.5.1+cu121,0.1.4,ok,
lama__canonical__canonical__p008_mixed_damage__content_region__lpips,lama__canonical__canonical__p008_mixed_damage,lama__canonical__canonical__p008_mixed_damage,lama__canonical__canonical__p008_mixed_damage,canonical__p008_mixed_damage,p008_mixed_damage,canonical__p008_mixed_damage,canonical,primary,p008,portrait_figure,Manuel Osorio Manrique de Zuñiga,Francisco de Goya y Lucientes,Spanish portraiture,lama,p008_mixed_damage,mixed_damage,p008_mixed_damage,mixed_damage,content_region,434688,101,0,667,768,39423,False,> 127,8,alex,256,0.4510767459869385,0.012156409211456776,0.4389203367754817,0.05986609996762127,0.3756547999801114,2.0.0,restoration_eval.metrics_lpips,cuda,3.12.6,2.1.3,2.2.3,11.0.0,2.5.1+cu121,0.1.4,ok,
lama__canonical__canonical__p008_mixed_damage__mask_bbox_crop__lpips,lama__canonical__canonical__p008_mixed_damage,lama__canonical__canonical__p008_mixed_damage,lama__canonical__canonical__p008_mixed_damage,canonical__p008_mixed_damage,p008_mixed_damage,canonical__p008_mixed_damage,canonical,primary,p008,portrait_figure,Manuel Osorio Manrique de Zuñiga,Francisco de Goya y Lucientes,Spanish portraiture,lama,p008_mixed_damage,mixed_damage,p008_mixed_damage,mixed_damage,mask_bbox_crop,583696,2,4,766,768,39423,False,> 127,8,alex,256,0.41349706053733826,0.011011858470737934,0.4024852020666003,0.07101149996742606,0.3756547999801114,2.0.0,restoration_eval.metrics_lpips,cuda,3.12.6,2.1.3,2.2.3,11.0.0,2.5.1+cu121,0.1.4,ok,
lama__canonical__canonical__p008_scratch_thin__full_image__lpips,lama__canonical__canonical__p008_scratch_thin,lama__canonical__canonical__p008_scratch_thin,lama__canonical__canonical__p008_scratch_thin,canonical__p008_scratch_thin,p008_scratch_thin,canonical__p008_scratch_thin,canonical,primary,p008,portrait_figure,Manuel Osorio Manrique de Zuñiga,Francisco de Goya y Lucientes,Spanish portraiture,lama,p008_scratch_thin,scratch_thin,p008_scratch_thin,scratch_thin,full_image,589824,0,0,768,768,10439,False,> 127,8,alex,256,0.4248391389846802,0.003791648428887129,0.42104749055579305,0.07767569995485246,0.4220267999917269,2.0.0,restoration_eval.metrics_lpips,cuda,3.12.6,2.1.3,2.2.3,11.0.0,2.5.1+cu121,0.1.4,ok,
lama__canonical__canonical__p008_scratch_thin__content_region__lpips,lama__canonical__canonical__p008_scratch_thin,lama__canonical__canonical__p008_scratch_thin,lama__canonical__canonical__p008_scratch_thin,canonical__p008_scratch_thin,p008_scratch_thin,canonical__p008_scratch_thin,canonical,primary,p008,portrait_figure,Manuel Osorio Manrique de Zuñiga,Francisco de Goya y Lucientes,Spanish portraiture,lama,p008_scratch_thin,scratch_thin,p008_scratch_thin,scratch_thin,content_region,434688,101,0,667,768,10439,False,> 127,8,alex,256,0.45647573471069336,0.003264855593442917,0.45321087911725044,0.07805340003687888,0.4220267999917269,2.0.0,restoration_eval.metrics_lpips,cuda,3.12.6,2.1.3,2.2.3,11.0.0,2.5.1+cu121,0.1.4,ok,
lama__canonical__canonical__p008_scratch_thin__mask_bbox_crop__lpips,lama__canonical__canonical__p008_scratch_thin,lama__canonical__canonical__p008_scratch_thin,lama__canonical__canonical__p008_scratch_thin,canonical__p008_scratch_thin,p008_scratch_thin,canonical__p008_scratch_thin,canonical,primary,p008,portrait_figure,Manuel Osorio Manrique de Zuñiga,Francisco de Goya y Lucientes,Spanish portraiture,lama,p008_scratch_thin,scratch_thin,p008_scratch_thin,scratch_thin,mask_bbox_crop,589824,0,0,768,768,10439,False,> 127,8,alex,256,0.4248391389846802,0.003791648428887129,0.42104749055579305,0.08869140001479536,0.4220267999917269,2.0.0,restoration_eval.metrics_lpips,cuda,3.12.6,2.1.3,2.2.3,11.0.0,2.5.1+cu121,0.1.4,ok,
lama__canonical__canonical__p008_zero_control__full_image__lpips,lama__canonical__canonical__p008_zero_control,lama__canonical__canonical__p008_zero_control,lama__canonical__canonical__p008_zero_control,canonical__p008_zero_control,p008_zero_control,canonical__p008_zero_control,canonical,primary,p008,portrait_figure,Manuel Osorio Manrique de Zuñiga,Francisco de Goya y Lucientes,Spanish portraiture,lama,p008_zero_control,zero_control,p008_zero_control,zero_control,full_image,589824,0,0,768,768,0,True,> 127,8,alex,256,0.0,0.0,0.0,0.31525679992046207,0.5568888999987394,2.0.0,restoration_eval.metrics_lpips,cuda,3.12.6,2.1.3,2.2.3,11.0.0,2.5.1+cu121,0.1.4,ok,
lama__canonical__canonical__p008_zero_control__content_region__lpips,lama__canonical__canonical__p008_zero_control,lama__canonical__canonical__p008_zero_control,lama__canonical__canonical__p008_zero_control,canonical__p008_zero_control,p008_zero_control,canonical__p008_zero_control,canonical,primary,p008,portrait_figure,Manuel Osorio Manrique de Zuñiga,Francisco de Goya y Lucientes,Spanish portraiture,lama,p008_zero_control,zero_control,p008_zero_control,zero_control,content_region,434688,101,0,667,768,0,True,> 127,8,alex,256,0.0,0.0,0.0,0.07319969998206943,0.5568888999987394,2.0.0,restoration_eval.metrics_lpips,cuda,3.12.6,2.1.3,2.2.3,11.0.0,2.5.1+cu121,0.1.4,ok,
lama__canonical__canonical__p009_loss_large__full_image__lpips,lama__canonical__canonical__p009_loss_large,lama__canonical__canonical__p009_loss_large,lama__canonical__canonical__p009_loss_large,canonical__p009_loss_large,p009_loss_large,canonical__p009_loss_large,canonical,primary,p009,portrait_figure,Madame Roulin and Her Baby,Vincent van Gogh,Post-Impressionism,lama,p009_loss_large,loss_large,p009_loss_large,loss_large,full_image,589824,0,0,768,768,54933,False,> 127,8,alex,256,0.1478789895772934,0.09384126961231232,0.05403771996498108,0.06793380004819483,0.39231559995096177,2.0.0,restoration_eval.metrics_lpips,cuda,3.12.6,2.1.3,2.2.3,11.0.0,2.5.1+cu121,0.1.4,ok,
lama__canonical__canonical__p009_loss_large__content_region__lpips,lama__canonical__canonical__p009_loss_large,lama__canonical__canonical__p009_loss_large,lama__canonical__canonical__p009_loss_large,canonical__p009_loss_large,p009_loss_large,canonical__p009_loss_large,canonical,primary,p009,portrait_figure,Madame Roulin and Her Baby,Vincent van Gogh,Post-Impressionism,lama,p009_loss_large,loss_large,p009_loss_large,loss_large,content_region,473856,75,0,692,768,54933,False,> 127,8,alex,256,0.18013718724250793,0.11116756498813629,0.06896962225437164,0.06405120005365461,0.39231559995096177,2.0.0,restoration_eval.metrics_lpips,cuda,3.12.6,2.1.3,2.2.3,11.0.0,2.5.1+cu121,0.1.4,ok,
lama__canonical__canonical__p009_loss_large__mask_bbox_crop__lpips,lama__canonical__canonical__p009_loss_large,lama__canonical__canonical__p009_loss_large,lama__canonical__canonical__p009_loss_large,canonical__p009_loss_large,p009_loss_large,canonical__p009_loss_large,canonical,primary,p009,portrait_figure,Madame Roulin and Her Baby,Vincent van Gogh,Post-Impressionism,lama,p009_loss_large,loss_large,p009_loss_large,loss_large,mask_bbox_crop,121104,166,80,514,428,54933,False,> 127,8,alex,256,0.5564990639686584,0.332141250371933,0.22435781359672546,0.04085430002305657,0.39231559995096177,2.0.0,restoration_eval.metrics_lpips,cuda,3.12.6,2.1.3,2.2.3,11.0.0,2.5.1+cu121,0.1.4,ok,
lama__canonical__canonical__p009_loss_small__full_image__lpips,lama__canonical__canonical__p009_loss_small,lama__canonical__canonical__p009_loss_small,lama__canonical__canonical__p009_loss_small,canonical__p009_loss_small,p009_loss_small,canonical__p009_loss_small,canonical,primary,p009,portrait_figure,Madame Roulin and Her Baby,Vincent van Gogh,Post-Impressionism,lama,p009_loss_small,loss_small,p009_loss_small,loss_small,full_image,589824,0,0,768,768,18061,False,> 127,8,alex,256,0.08376992493867874,0.003748551709577441,0.0800213732291013,0.06772199994884431,0.38680390000808984,2.0.0,restoration_eval.metrics_lpips,cuda,3.12.6,2.1.3,2.2.3,11.0.0,2.5.1+cu121,0.1.4,ok,
lama__canonical__canonical__p009_loss_small__content_region__lpips,lama__canonical__canonical__p009_loss_small,lama__canonical__canonical__p009_loss_small,lama__canonical__canonical__p009_loss_small,canonical__p009_loss_small,p009_loss_small,canonical__p009_loss_small,canonical,primary,p009,portrait_figure,Madame Roulin and Her Baby,Vincent van Gogh,Post-Impressionism,lama,p009_loss_small,loss_small,p009_loss_small,loss_small,content_region,473856,75,0,692,768,18061,False,> 127,8,alex,256,0.10210917890071869,0.005772591568529606,0.09633658733218908,0.07059169991407543,0.38680390000808984,2.0.0,restoration_eval.metrics_lpips,cuda,3.12.6,2.1.3,2.2.3,11.0.0,2.5.1+cu121,0.1.4,ok,
lama__canonical__canonical__p009_loss_small__mask_bbox_crop__lpips,lama__canonical__canonical__p009_loss_small,lama__canonical__canonical__p009_loss_small,lama__canonical__canonical__p009_loss_small,canonical__p009_loss_small,p009_loss_small,canonical__p009_loss_small,canonical,primary,p009,portrait_figure,Madame Roulin and Her Baby,Vincent van Gogh,Post-Impressionism,lama,p009_loss_small,loss_small,p009_loss_small,loss_small,mask_bbox_crop,455625,93,9,768,684,18061,False,> 127,8,alex,256,0.098081573843956,0.004110431764274836,0.09397114207968116,0.0646768999285996,0.38680390000808984,2.0.0,restoration_eval.metrics_lpips,cuda,3.12.6,2.1.3,2.2.3,11.0.0,2.5.1+cu121,0.1.4,ok,
lama__canonical__canonical__p009_mixed_damage__full_image__lpips,lama__canonical__canonical__p009_mixed_damage,lama__canonical__canonical__p009_mixed_damage,lama__canonical__canonical__p009_mixed_damage,canonical__p009_mixed_damage,p009_mixed_damage,canonical__p009_mixed_damage,canonical,primary,p009,portrait_figure,Madame Roulin and Her Baby,Vincent van Gogh,Post-Impressionism,lama,p009_mixed_damage,mixed_damage,p009_mixed_damage,mixed_damage,full_image,589824,0,0,768,768,40422,False,> 127,8,alex,256,0.24344125390052795,0.03333784639835358,0.21010340750217438,0.07096539996564388,0.39606920001097023,2.0.0,restoration_eval.metrics_lpips,cuda,3.12.6,2.1.3,2.2.3,11.0.0,2.5.1+cu121,0.1.4,ok,
lama__canonical__canonical__p009_mixed_damage__content_region__lpips,lama__canonical__canonical__p009_mixed_damage,lama__canonical__canonical__p009_mixed_damage,lama__canonical__canonical__p009_mixed_damage,canonical__p009_mixed_damage,p009_mixed_damage,canonical__p009_mixed_damage,canonical,primary,p009,portrait_figure,Madame Roulin and Her Baby,Vincent van Gogh,Post-Impressionism,lama,p009_mixed_damage,mixed_damage,p009_mixed_damage,mixed_damage,content_region,473856,75,0,692,768,40422,False,> 127,8,alex,256,0.25570449233055115,0.030235810205340385,0.22546868212521076,0.07393989991396666,0.39606920001097023,2.0.0,restoration_eval.metrics_lpips,cuda,3.12.6,2.1.3,2.2.3,11.0.0,2.5.1+cu121,0.1.4,ok,
lama__canonical__canonical__p009_mixed_damage__mask_bbox_crop__lpips,lama__canonical__canonical__p009_mixed_damage,lama__canonical__canonical__p009_mixed_damage,lama__canonical__canonical__p009_mixed_damage,canonical__p009_mixed_damage,p009_mixed_damage,canonical__p009_mixed_damage,canonical,primary,p009,portrait_figure,Madame Roulin and Her Baby,Vincent van Gogh,Post-Impressionism,lama,p009_mixed_damage,mixed_damage,p009_mixed_damage,mixed_damage,mask_bbox_crop,498436,30,62,736,768,40422,False,> 127,8,alex,256,0.2580154836177826,0.032811813056468964,0.22520367056131363,0.07525450002867728,0.39606920001097023,2.0.0,restoration_eval.metrics_lpips,cuda,3.12.6,2.1.3,2.2.3,11.0.0,2.5.1+cu121,0.1.4,ok,
lama__canonical__canonical__p009_scratch_thin__full_image__lpips,lama__canonical__canonical__p009_scratch_thin,lama__canonical__canonical__p009_scratch_thin,lama__canonical__canonical__p009_scratch_thin,canonical__p009_scratch_thin,p009_scratch_thin,canonical__p009_scratch_thin,canonical,primary,p009,portrait_figure,Madame Roulin and Her Baby,Vincent van Gogh,Post-Impressionism,lama,p009_scratch_thin,scratch_thin,p009_scratch_thin,scratch_thin,full_image,589824,0,0,768,768,12074,False,> 127,8,alex,256,0.1802583932876587,0.00466022128239274,0.17559817200526595,0.06705950002651662,0.38256639998871833,2.0.0,restoration_eval.metrics_lpips,cuda,3.12.6,2.1.3,2.2.3,11.0.0,2.5.1+cu121,0.1.4,ok,
lama__canonical__canonical__p009_scratch_thin__content_region__lpips,lama__canonical__canonical__p009_scratch_thin,lama__canonical__canonical__p009_scratch_thin,lama__canonical__canonical__p009_scratch_thin,canonical__p009_scratch_thin,p009_scratch_thin,canonical__p009_scratch_thin,canonical,primary,p009,portrait_figure,Madame Roulin and Her Baby,Vincent van Gogh,Post-Impressionism,lama,p009_scratch_thin,scratch_thin,p009_scratch_thin,scratch_thin,content_region,473856,75,0,692,768,12074,False,> 127,8,alex,256,0.1914854347705841,0.0028094444423913956,0.1886759903281927,0.07070030004251748,0.38256639998871833,2.0.0,restoration_eval.metrics_lpips,cuda,3.12.6,2.1.3,2.2.3,11.0.0,2.5.1+cu121,0.1.4,ok,
lama__canonical__canonical__p009_scratch_thin__mask_bbox_crop__lpips,lama__canonical__canonical__p009_scratch_thin,lama__canonical__canonical__p009_scratch_thin,lama__canonical__canonical__p009_scratch_thin,canonical__p009_scratch_thin,p009_scratch_thin,canonical__p009_scratch_thin,canonical,primary,p009,portrait_figure,Madame Roulin and Her Baby,Vincent van Gogh,Post-Impressionism,lama,p009_scratch_thin,scratch_thin,p009_scratch_thin,scratch_thin,mask_bbox_crop,579121,3,0,764,761,12074,False,> 127,8,alex,256,0.18553277850151062,0.004534612409770489,0.18099816609174013,0.07187270000576973,0.38256639998871833,2.0.0,restoration_eval.metrics_lpips,cuda,3.12.6,2.1.3,2.2.3,11.0.0,2.5.1+cu121,0.1.4,ok,
lama__canonical__canonical__p009_zero_control__full_image__lpips,lama__canonical__canonical__p009_zero_control,lama__canonical__canonical__p009_zero_control,lama__canonical__canonical__p009_zero_control,canonical__p009_zero_control,p009_zero_control,canonical__p009_zero_control,canonical,primary,p009,portrait_figure,Madame Roulin and Her Baby,Vincent van Gogh,Post-Impressionism,lama,p009_zero_control,zero_control,p009_zero_control,zero_control,full_image,589824,0,0,768,768,0,True,> 127,8,alex,256,0.0,0.0,0.0,0.06996660004369915,0.3016081000678241,2.0.0,restoration_eval.metrics_lpips,cuda,3.12.6,2.1.3,2.2.3,11.0.0,2.5.1+cu121,0.1.4,ok,
lama__canonical__canonical__p009_zero_control__content_region__lpips,lama__canonical__canonical__p009_zero_control,lama__canonical__canonical__p009_zero_control,lama__canonical__canonical__p009_zero_control,canonical__p009_zero_control,p009_zero_control,canonical__p009_zero_control,canonical,primary,p009,portrait_figure,Madame Roulin and Her Baby,Vincent van Gogh,Post-Impressionism,lama,p009_zero_control,zero_control,p009_zero_control,zero_control,content_region,473856,75,0,692,768,0,True,> 127,8,alex,256,0.0,0.0,0.0,0.07038659998215735,0.3016081000678241,2.0.0,restoration_eval.metrics_lpips,cuda,3.12.6,2.1.3,2.2.3,11.0.0,2.5.1+cu121,0.1.4,ok,
lama__canonical__canonical__p010_loss_large__full_image__lpips,lama__canonical__canonical__p010_loss_large,lama__canonical__canonical__p010_loss_large,lama__canonical__canonical__p010_loss_large,canonical__p010_loss_large,p010_loss_large,canonical__p010_loss_large,canonical,primary,p010,portrait_figure,Joan of Arc,Jules Bastien-Lepage,19th century French painting,lama,p010_loss_large,loss_large,p010_loss_large,loss_large,full_image,589824,0,0,768,768,73017,False,> 127,8,alex,256,0.280720978975296,0.05325283110141754,0.22746814787387848,0.06948120007291436,0.42808719992171973,2.0.0,restoration_eval.metrics_lpips,cuda,3.12.6,2.1.3,2.2.3,11.0.0,2.5.1+cu121,0.1.4,ok,
lama__canonical__canonical__p010_loss_large__content_region__lpips,lama__canonical__canonical__p010_loss_large,lama__canonical__canonical__p010_loss_large,lama__canonical__canonical__p010_loss_large,canonical__p010_loss_large,p010_loss_large,canonical__p010_loss_large,canonical,primary,p010,portrait_figure,Joan of Arc,Jules Bastien-Lepage,19th century French painting,lama,p010_loss_large,loss_large,p010_loss_large,loss_large,content_region,533760,0,36,768,731,73017,False,> 127,8,alex,256,0.30581235885620117,0.05844372883439064,0.24736863002181053,0.0739608999574557,0.42808719992171973,2.0.0,restoration_eval.metrics_lpips,cuda,3.12.6,2.1.3,2.2.3,11.0.0,2.5.1+cu121,0.1.4,ok,
lama__canonical__canonical__p010_loss_large__mask_bbox_crop__lpips,lama__canonical__canonical__p010_loss_large,lama__canonical__canonical__p010_loss_large,lama__canonical__canonical__p010_loss_large,canonical__p010_loss_large,p010_loss_large,canonical__p010_loss_large,canonical,primary,p010,portrait_figure,Joan of Arc,Jules Bastien-Lepage,19th century French painting,lama,p010_loss_large,loss_large,p010_loss_large,loss_large,mask_bbox_crop,527076,26,0,752,726,73017,False,> 127,8,alex,256,0.3232675790786743,0.06546827405691147,0.25779930502176285,0.07380220002960414,0.42808719992171973,2.0.0,restoration_eval.metrics_lpips,cuda,3.12.6,2.1.3,2.2.3,11.0.0,2.5.1+cu121,0.1.4,ok,
lama__canonical__canonical__p010_loss_small__full_image__lpips,lama__canonical__canonical__p010_loss_small,lama__canonical__canonical__p010_loss_small,lama__canonical__canonical__p010_loss_small,canonical__p010_loss_small,p010_loss_small,canonical__p010_loss_small,canonical,primary,p010,portrait_figure,Joan of Arc,Jules Bastien-Lepage,19th century French painting,lama,p010_loss_small,loss_small,p010_loss_small,loss_small,full_image,589824,0,0,768,768,19717,False,> 127,8,alex,256,0.2812625765800476,0.008719462901353836,0.27254311367869377,0.06687780003994703,0.3715043000411242,2.0.0,restoration_eval.metrics_lpips,cuda,3.12.6,2.1.3,2.2.3,11.0.0,2.5.1+cu121,0.1.4,ok,
lama__canonical__canonical__p010_loss_small__content_region__lpips,lama__canonical__canonical__p010_loss_small,lama__canonical__canonical__p010_loss_small,lama__canonical__canonical__p010_loss_small,canonical__p010_loss_small,p010_loss_small,canonical__p010_loss_small,canonical,primary,p010,portrait_figure,Joan of Arc,Jules Bastien-Lepage,19th century French painting,lama,p010_loss_small,loss_small,p010_loss_small,loss_small,content_region,533760,0,36,768,731,19717,False,> 127,8,alex,256,0.28857702016830444,0.007996538653969765,0.2805804815143347,0.06144329998642206,0.3715043000411242,2.0.0,restoration_eval.metrics_lpips,cuda,3.12.6,2.1.3,2.2.3,11.0.0,2.5.1+cu121,0.1.4,ok,
lama__canonical__canonical__p010_loss_small__mask_bbox_crop__lpips,lama__canonical__canonical__p010_loss_small,lama__canonical__canonical__p010_loss_small,lama__canonical__canonical__p010_loss_small,canonical__p010_loss_small,p010_loss_small,canonical__p010_loss_small,canonical,primary,p010,portrait_figure,Joan of Arc,Jules Bastien-Lepage,19th century French painting,lama,p010_loss_small,loss_small,p010_loss_small,loss_small,mask_bbox_crop,423801,31,48,682,699,19717,False,> 127,8,alex,256,0.3299904465675354,0.012375639751553535,0.31761480681598186,0.05824050004594028,0.3715043000411242,2.0.0,restoration_eval.metrics_lpips,cuda,3.12.6,2.1.3,2.2.3,11.0.0,2.5.1+cu121,0.1.4,ok,
lama__canonical__canonical__p010_mixed_damage__full_image__lpips,lama__canonical__canonical__p010_mixed_damage,lama__canonical__canonical__p010_mixed_damage,lama__canonical__canonical__p010_mixed_damage,canonical__p010_mixed_damage,p010_mixed_damage,canonical__p010_mixed_damage,canonical,primary,p010,portrait_figure,Joan of Arc,Jules Bastien-Lepage,19th century French painting,lama,p010_mixed_damage,mixed_damage,p010_mixed_damage,mixed_damage,full_image,589824,0,0,768,768,43214,False,> 127,8,alex,256,0.4249400496482849,0.02360427938401699,0.4013357702642679,0.08023920003324747,0.3863585999934003,2.0.0,restoration_eval.metrics_lpips,cuda,3.12.6,2.1.3,2.2.3,11.0.0,2.5.1+cu121,0.1.4,ok,
lama__canonical__canonical__p010_mixed_damage__content_region__lpips,lama__canonical__canonical__p010_mixed_damage,lama__canonical__canonical__p010_mixed_damage,lama__canonical__canonical__p010_mixed_damage,canonical__p010_mixed_damage,p010_mixed_damage,canonical__p010_mixed_damage,canonical,primary,p010,portrait_figure,Joan of Arc,Jules Bastien-Lepage,19th century French painting,lama,p010_mixed_damage,mixed_damage,p010_mixed_damage,mixed_damage,content_region,533760,0,36,768,731,43214,False,> 127,8,alex,256,0.42115318775177,0.022133542224764824,0.3990196455270052,0.0679420999949798,0.3863585999934003,2.0.0,restoration_eval.metrics_lpips,cuda,3.12.6,2.1.3,2.2.3,11.0.0,2.5.1+cu121,0.1.4,ok,
lama__canonical__canonical__p010_mixed_damage__mask_bbox_crop__lpips,lama__canonical__canonical__p010_mixed_damage,lama__canonical__canonical__p010_mixed_damage,lama__canonical__canonical__p010_mixed_damage,canonical__p010_mixed_damage,p010_mixed_damage,canonical__p010_mixed_damage,canonical,primary,p010,portrait_figure,Joan of Arc,Jules Bastien-Lepage,19th century French painting,lama,p010_mixed_damage,mixed_damage,p010_mixed_damage,mixed_damage,mask_bbox_crop,521284,0,22,722,744,43214,False,> 127,8,alex,256,0.4499041438102722,0.026656420901417732,0.4232477229088545,0.06988119997549802,0.3863585999934003,2.0.0,restoration_eval.metrics_lpips,cuda,3.12.6,2.1.3,2.2.3,11.0.0,2.5.1+cu121,0.1.4,ok,
lama__canonical__canonical__p010_scratch_thin__full_image__lpips,lama__canonical__canonical__p010_scratch_thin,lama__canonical__canonical__p010_scratch_thin,lama__canonical__canonical__p010_scratch_thin,canonical__p010_scratch_thin,p010_scratch_thin,canonical__p010_scratch_thin,canonical,primary,p010,portrait_figure,Joan of Arc,Jules Bastien-Lepage,19th century French painting,lama,p010_scratch_thin,scratch_thin,p010_scratch_thin,scratch_thin,full_image,589824,0,0,768,768,13544,False,> 127,8,alex,256,0.43309661746025085,0.0017524522263556719,0.4313441652338952,0.07013120001647621,0.39851770002860576,2.0.0,restoration_eval.metrics_lpips,cuda,3.12.6,2.1.3,2.2.3,11.0.0,2.5.1+cu121,0.1.4,ok,
lama__canonical__canonical__p010_scratch_thin__content_region__lpips,lama__canonical__canonical__p010_scratch_thin,lama__canonical__canonical__p010_scratch_thin,lama__canonical__canonical__p010_scratch_thin,canonical__p010_scratch_thin,p010_scratch_thin,canonical__p010_scratch_thin,canonical,primary,p010,portrait_figure,Joan of Arc,Jules Bastien-Lepage,19th century French painting,lama,p010_scratch_thin,scratch_thin,p010_scratch_thin,scratch_thin,content_region,533760,0,36,768,731,13544,False,> 127,8,alex,256,0.41667166352272034,0.0018588979728519917,0.41481276554986835,0.06304259994067252,0.39851770002860576,2.0.0,restoration_eval.metrics_lpips,cuda,3.12.6,2.1.3,2.2.3,11.0.0,2.5.1+cu121,0.1.4,ok,
lama__canonical__canonical__p010_scratch_thin__mask_bbox_crop__lpips,lama__canonical__canonical__p010_scratch_thin,lama__canonical__canonical__p010_scratch_thin,lama__canonical__canonical__p010_scratch_thin,canonical__p010_scratch_thin,p010_scratch_thin,canonical__p010_scratch_thin,canonical,primary,p010,portrait_figure,Joan of Arc,Jules Bastien-Lepage,19th century French painting,lama,p010_scratch_thin,scratch_thin,p010_scratch_thin,scratch_thin,mask_bbox_crop,589824,0,0,768,768,13544,False,> 127,8,alex,256,0.43309661746025085,0.0017524522263556719,0.4313441652338952,0.06817660003434867,0.39851770002860576,2.0.0,restoration_eval.metrics_lpips,cuda,3.12.6,2.1.3,2.2.3,11.0.0,2.5.1+cu121,0.1.4,ok,
lama__canonical__canonical__p010_zero_control__full_image__lpips,lama__canonical__canonical__p010_zero_control,lama__canonical__canonical__p010_zero_control,lama__canonical__canonical__p010_zero_control,canonical__p010_zero_control,p010_zero_control,canonical__p010_zero_control,canonical,primary,p010,portrait_figure,Joan of Arc,Jules Bastien-Lepage,19th century French painting,lama,p010_zero_control,zero_control,p010_zero_control,zero_control,full_image,589824,0,0,768,768,0,True,> 127,8,alex,256,0.0,0.0,0.0,0.06448409997392446,0.30060539999976754,2.0.0,restoration_eval.metrics_lpips,cuda,3.12.6,2.1.3,2.2.3,11.0.0,2.5.1+cu121,0.1.4,ok,
lama__canonical__canonical__p010_zero_control__content_region__lpips,lama__canonical__canonical__p010_zero_control,lama__canonical__canonical__p010_zero_control,lama__canonical__canonical__p010_zero_control,canonical__p010_zero_control,p010_zero_control,canonical__p010_zero_control,canonical,primary,p010,portrait_figure,Joan of Arc,Jules Bastien-Lepage,19th century French painting,lama,p010_zero_control,zero_control,p010_zero_control,zero_control,content_region,533760,0,36,768,731,0,True,> 127,8,alex,256,0.0,0.0,0.0,0.062170600052922964,0.30060539999976754,2.0.0,restoration_eval.metrics_lpips,cuda,3.12.6,2.1.3,2.2.3,11.0.0,2.5.1+cu121,0.1.4,ok,
lama__canonical__canonical__p011_loss_large__full_image__lpips,lama__canonical__canonical__p011_loss_large,lama__canonical__canonical__p011_loss_large,lama__canonical__canonical__p011_loss_large,canonical__p011_loss_large,p011_loss_large,canonical__p011_loss_large,canonical,primary,p011,landscape_natural,View of Haarlem and the Haarlemmer Meer,Jan van Goyen,,lama,p011_loss_large,loss_large,p011_loss_large,loss_large,full_image,589824,0,0,768,768,42824,False,> 127,8,alex,256,0.16884812712669373,0.014004628174006939,0.1548434989526868,0.06742560002021492,0.3293182000052184,2.0.0,restoration_eval.metrics_lpips,cuda,3.12.6,2.1.3,2.2.3,11.0.0,2.5.1+cu121,0.1.4,ok,
lama__canonical__canonical__p011_loss_large__content_region__lpips,lama__canonical__canonical__p011_loss_large,lama__canonical__canonical__p011_loss_large,lama__canonical__canonical__p011_loss_large,canonical__p011_loss_large,p011_loss_large,canonical__p011_loss_large,canonical,primary,p011,landscape_natural,View of Haarlem and the Haarlemmer Meer,Jan van Goyen,,lama,p011_loss_large,loss_large,p011_loss_large,loss_large,content_region,405504,0,120,768,648,42824,False,> 127,8,alex,256,0.2433600127696991,0.02582523413002491,0.2175347786396742,0.0551119000883773,0.3293182000052184,2.0.0,restoration_eval.metrics_lpips,cuda,3.12.6,2.1.3,2.2.3,11.0.0,2.5.1+cu121,0.1.4,ok,
lama__canonical__canonical__p011_loss_large__mask_bbox_crop__lpips,lama__canonical__canonical__p011_loss_large,lama__canonical__canonical__p011_loss_large,lama__canonical__canonical__p011_loss_large,canonical__p011_loss_large,p011_loss_large,canonical__p011_loss_large,canonical,primary,p011,landscape_natural,View of Haarlem and the Haarlemmer Meer,Jan van Goyen,,lama,p011_loss_large,loss_large,p011_loss_large,loss_large,mask_bbox_crop,92416,351,284,655,588,42824,False,> 127,8,alex,256,0.6887830495834351,0.1279796063899994,0.5608034431934357,0.0332738000433892,0.3293182000052184,2.0.0,restoration_eval.metrics_lpips,cuda,3.12.6,2.1.3,2.2.3,11.0.0,2.5.1+cu121,0.1.4,ok,
lama__canonical__canonical__p011_loss_small__full_image__lpips,lama__canonical__canonical__p011_loss_small,lama__canonical__canonical__p011_loss_small,lama__canonical__canonical__p011_loss_small,canonical__p011_loss_small,p011_loss_small,canonical__p011_loss_small,canonical,primary,p011,landscape_natural,View of Haarlem and the Haarlemmer Meer,Jan van Goyen,,lama,p011_loss_small,loss_small,p011_loss_small,loss_small,full_image,589824,0,0,768,768,19318,False,> 127,8,alex,256,0.21870729327201843,0.0028203229885548353,0.2158869702834636,0.06594210001640022,0.31205259996932,2.0.0,restoration_eval.metrics_lpips,cuda,3.12.6,2.1.3,2.2.3,11.0.0,2.5.1+cu121,0.1.4,ok,
lama__canonical__canonical__p011_loss_small__content_region__lpips,lama__canonical__canonical__p011_loss_small,lama__canonical__canonical__p011_loss_small,lama__canonical__canonical__p011_loss_small,canonical__p011_loss_small,p011_loss_small,canonical__p011_loss_small,canonical,primary,p011,landscape_natural,View of Haarlem and the Haarlemmer Meer,Jan van Goyen,,lama,p011_loss_small,loss_small,p011_loss_small,loss_small,content_region,405504,0,120,768,648,19318,False,> 127,8,alex,256,0.3003773093223572,0.007213016971945763,0.2931642923504114,0.05341230006888509,0.31205259996932,2.0.0,restoration_eval.metrics_lpips,cuda,3.12.6,2.1.3,2.2.3,11.0.0,2.5.1+cu121,0.1.4,ok,
lama__canonical__canonical__p011_loss_small__mask_bbox_crop__lpips,lama__canonical__canonical__p011_loss_small,lama__canonical__canonical__p011_loss_small,lama__canonical__canonical__p011_loss_small,canonical__p011_loss_small,p011_loss_small,canonical__p011_loss_small,canonical,primary,p011,landscape_natural,View of Haarlem and the Haarlemmer Meer,Jan van Goyen,,lama,p011_loss_small,loss_small,p011_loss_small,loss_small,mask_bbox_crop,309136,116,89,672,645,19318,False,> 127,8,alex,256,0.3226577043533325,0.008465854451060295,0.3141918499022722,0.04868310003075749,0.31205259996932,2.0.0,restoration_eval.metrics_lpips,cuda,3.12.6,2.1.3,2.2.3,11.0.0,2.5.1+cu121,0.1.4,ok,
lama__canonical__canonical__p011_mixed_damage__full_image__lpips,lama__canonical__canonical__p011_mixed_damage,lama__canonical__canonical__p011_mixed_damage,lama__canonical__canonical__p011_mixed_damage,canonical__p011_mixed_damage,p011_mixed_damage,canonical__p011_mixed_damage,canonical,primary,p011,landscape_natural,View of Haarlem and the Haarlemmer Meer,Jan van Goyen,,lama,p011_mixed_damage,mixed_damage,p011_mixed_damage,mixed_damage,full_image,589824,0,0,768,768,36991,False,> 127,8,alex,256,0.3561348617076874,0.011946571059525013,0.34418829064816236,0.06780680001247674,0.353172899922356,2.0.0,restoration_eval.metrics_lpips,cuda,3.12.6,2.1.3,2.2.3,11.0.0,2.5.1+cu121,0.1.4,ok,
lama__canonical__canonical__p011_mixed_damage__content_region__lpips,lama__canonical__canonical__p011_mixed_damage,lama__canonical__canonical__p011_mixed_damage,lama__canonical__canonical__p011_mixed_damage,canonical__p011_mixed_damage,p011_mixed_damage,canonical__p011_mixed_damage,canonical,primary,p011,landscape_natural,View of Haarlem and the Haarlemmer Meer,Jan van Goyen,,lama,p011_mixed_damage,mixed_damage,p011_mixed_damage,mixed_damage,content_region,405504,0,120,768,648,36991,False,> 127,8,alex,256,0.4585876762866974,0.024661600589752197,0.4339260756969452,0.06015859998296946,0.353172899922356,2.0.0,restoration_eval.metrics_lpips,cuda,3.12.6,2.1.3,2.2.3,11.0.0,2.5.1+cu121,0.1.4,ok,
lama__canonical__canonical__p011_mixed_damage__mask_bbox_crop__lpips,lama__canonical__canonical__p011_mixed_damage,lama__canonical__canonical__p011_mixed_damage,lama__canonical__canonical__p011_mixed_damage,canonical__p011_mixed_damage,p011_mixed_damage,canonical__p011_mixed_damage,canonical,primary,p011,landscape_natural,View of Haarlem and the Haarlemmer Meer,Jan van Goyen,,lama,p011_mixed_damage,mixed_damage,p011_mixed_damage,mixed_damage,mask_bbox_crop,589824,0,0,768,768,36991,False,> 127,8,alex,256,0.3561348617076874,0.011946571059525013,0.34418829064816236,0.0701840000692755,0.353172899922356,2.0.0,restoration_eval.metrics_lpips,cuda,3.12.6,2.1.3,2.2.3,11.0.0,2.5.1+cu121,0.1.4,ok,
lama__canonical__canonical__p011_scratch_thin__full_image__lpips,lama__canonical__canonical__p011_scratch_thin,lama__canonical__canonical__p011_scratch_thin,lama__canonical__canonical__p011_scratch_thin,canonical__p011_scratch_thin,p011_scratch_thin,canonical__p011_scratch_thin,canonical,primary,p011,landscape_natural,View of Haarlem and the Haarlemmer Meer,Jan van Goyen,,lama,p011_scratch_thin,scratch_thin,p011_scratch_thin,scratch_thin,full_image,589824,0,0,768,768,7275,False,> 127,8,alex,256,0.2629396319389343,0.0004886597162112594,0.26245097222272307,0.08300440001767129,0.3798948999028653,2.0.0,restoration_eval.metrics_lpips,cuda,3.12.6,2.1.3,2.2.3,11.0.0,2.5.1+cu121,0.1.4,ok,
lama__canonical__canonical__p011_scratch_thin__content_region__lpips,lama__canonical__canonical__p011_scratch_thin,lama__canonical__canonical__p011_scratch_thin,lama__canonical__canonical__p011_scratch_thin,canonical__p011_scratch_thin,p011_scratch_thin,canonical__p011_scratch_thin,canonical,primary,p011,landscape_natural,View of Haarlem and the Haarlemmer Meer,Jan van Goyen,,lama,p011_scratch_thin,scratch_thin,p011_scratch_thin,scratch_thin,content_region,405504,0,120,768,648,7275,False,> 127,8,alex,256,0.37671446800231934,0.0013328450731933117,0.375381622929126,0.06837290001567453,0.3798948999028653,2.0.0,restoration_eval.metrics_lpips,cuda,3.12.6,2.1.3,2.2.3,11.0.0,2.5.1+cu121,0.1.4,ok,
lama__canonical__canonical__p011_scratch_thin__mask_bbox_crop__lpips,lama__canonical__canonical__p011_scratch_thin,lama__canonical__canonical__p011_scratch_thin,lama__canonical__canonical__p011_scratch_thin,canonical__p011_scratch_thin,p011_scratch_thin,canonical__p011_scratch_thin,canonical,primary,p011,landscape_natural,View of Haarlem and the Haarlemmer Meer,Jan van Goyen,,lama,p011_scratch_thin,scratch_thin,p011_scratch_thin,scratch_thin,mask_bbox_crop,589824,0,0,768,768,7275,False,> 127,8,alex,256,0.2629396319389343,0.0004886597162112594,0.26245097222272307,0.06768630002625287,0.3798948999028653,2.0.0,restoration_eval.metrics_lpips,cuda,3.12.6,2.1.3,2.2.3,11.0.0,2.5.1+cu121,0.1.4,ok,
lama__canonical__canonical__p011_zero_control__full_image__lpips,lama__canonical__canonical__p011_zero_control,lama__canonical__canonical__p011_zero_control,lama__canonical__canonical__p011_zero_control,canonical__p011_zero_control,p011_zero_control,canonical__p011_zero_control,canonical,primary,p011,landscape_natural,View of Haarlem and the Haarlemmer Meer,Jan van Goyen,,lama,p011_zero_control,zero_control,p011_zero_control,zero_control,full_image,589824,0,0,768,768,0,True,> 127,8,alex,256,0.0,0.0,0.0,0.06650389998685569,0.279489399981685,2.0.0,restoration_eval.metrics_lpips,cuda,3.12.6,2.1.3,2.2.3,11.0.0,2.5.1+cu121,0.1.4,ok,
lama__canonical__canonical__p011_zero_control__content_region__lpips,lama__canonical__canonical__p011_zero_control,lama__canonical__canonical__p011_zero_control,lama__canonical__canonical__p011_zero_control,canonical__p011_zero_control,p011_zero_control,canonical__p011_zero_control,canonical,primary,p011,landscape_natural,View of Haarlem and the Haarlemmer Meer,Jan van Goyen,,lama,p011_zero_control,zero_control,p011_zero_control,zero_control,content_region,405504,0,120,768,648,0,True,> 127,8,alex,256,0.0,0.0,0.0,0.06213380000554025,0.279489399981685,2.0.0,restoration_eval.metrics_lpips,cuda,3.12.6,2.1.3,2.2.3,11.0.0,2.5.1+cu121,0.1.4,ok,
lama__canonical__canonical__p012_loss_large__full_image__lpips,lama__canonical__canonical__p012_loss_large,lama__canonical__canonical__p012_loss_large,lama__canonical__canonical__p012_loss_large,canonical__p012_loss_large,p012_loss_large,canonical__p012_loss_large,canonical,primary,p012,landscape_natural,An Extensive Wooded Landscape,Philips Koninck,,lama,p012_loss_large,loss_large,p012_loss_large,loss_large,full_image,589824,0,0,768,768,46029,False,> 127,8,alex,256,0.15827074646949768,0.02661251276731491,0.13165823370218277,0.07022470002993941,0.35037670005112886,2.0.0,restoration_eval.metrics_lpips,cuda,3.12.6,2.1.3,2.2.3,11.0.0,2.5.1+cu121,0.1.4,ok,
lama__canonical__canonical__p012_loss_large__content_region__lpips,lama__canonical__canonical__p012_loss_large,lama__canonical__canonical__p012_loss_large,lama__canonical__canonical__p012_loss_large,canonical__p012_loss_large,p012_loss_large,canonical__p012_loss_large,canonical,primary,p012,landscape_natural,An Extensive Wooded Landscape,Philips Koninck,,lama,p012_loss_large,loss_large,p012_loss_large,loss_large,content_region,436992,0,99,768,668,46029,False,> 127,8,alex,256,0.19464373588562012,0.0479547455906868,0.14668899029493332,0.06685740000102669,0.35037670005112886,2.0.0,restoration_eval.metrics_lpips,cuda,3.12.6,2.1.3,2.2.3,11.0.0,2.5.1+cu121,0.1.4,ok,
lama__canonical__canonical__p012_loss_large__mask_bbox_crop__lpips,lama__canonical__canonical__p012_loss_large,lama__canonical__canonical__p012_loss_large,lama__canonical__canonical__p012_loss_large,canonical__p012_loss_large,p012_loss_large,canonical__p012_loss_large,canonical,primary,p012,landscape_natural,An Extensive Wooded Landscape,Philips Koninck,,lama,p012_loss_large,loss_large,p012_loss_large,loss_large,mask_bbox_crop,103684,58,325,380,647,46029,False,> 127,8,alex,256,0.631697416305542,0.19012311100959778,0.4415743052959442,0.04353709996212274,0.35037670005112886,2.0.0,restoration_eval.metrics_lpips,cuda,3.12.6,2.1.3,2.2.3,11.0.0,2.5.1+cu121,0.1.4,ok,
lama__canonical__canonical__p012_loss_small__full_image__lpips,lama__canonical__canonical__p012_loss_small,lama__canonical__canonical__p012_loss_small,lama__canonical__canonical__p012_loss_small,canonical__p012_loss_small,p012_loss_small,canonical__p012_loss_small,canonical,primary,p012,landscape_natural,An Extensive Wooded Landscape,Philips Koninck,,lama,p012_loss_small,loss_small,p012_loss_small,loss_small,full_image,589824,0,0,768,768,22276,False,> 127,8,alex,256,0.2070140540599823,0.004014736972749233,0.20299931708723307,0.08757400000467896,0.38966099999379367,2.0.0,restoration_eval.metrics_lpips,cuda,3.12.6,2.1.3,2.2.3,11.0.0,2.5.1+cu121,0.1.4,ok,
lama__canonical__canonical__p012_loss_small__content_region__lpips,lama__canonical__canonical__p012_loss_small,lama__canonical__canonical__p012_loss_small,lama__canonical__canonical__p012_loss_small,canonical__p012_loss_small,p012_loss_small,canonical__p012_loss_small,canonical,primary,p012,landscape_natural,An Extensive Wooded Landscape,Philips Koninck,,lama,p012_loss_small,loss_small,p012_loss_small,loss_small,content_region,436992,0,99,768,668,22276,False,> 127,8,alex,256,0.23589828610420227,0.009910842403769493,0.22598744370043278,0.0715974000049755,0.38966099999379367,2.0.0,restoration_eval.metrics_lpips,cuda,3.12.6,2.1.3,2.2.3,11.0.0,2.5.1+cu121,0.1.4,ok,
lama__canonical__canonical__p012_loss_small__mask_bbox_crop__lpips,lama__canonical__canonical__p012_loss_small,lama__canonical__canonical__p012_loss_small,lama__canonical__canonical__p012_loss_small,canonical__p012_loss_small,p012_loss_small,canonical__p012_loss_small,canonical,primary,p012,landscape_natural,An Extensive Wooded Landscape,Philips Koninck,,lama,p012_loss_small,loss_small,p012_loss_small,loss_small,mask_bbox_crop,419904,72,47,720,695,22276,False,> 127,8,alex,256,0.2267846316099167,0.007238703779876232,0.21954592783004045,0.06761160003952682,0.38966099999379367,2.0.0,restoration_eval.metrics_lpips,cuda,3.12.6,2.1.3,2.2.3,11.0.0,2.5.1+cu121,0.1.4,ok,
lama__canonical__canonical__p012_mixed_damage__full_image__lpips,lama__canonical__canonical__p012_mixed_damage,lama__canonical__canonical__p012_mixed_damage,lama__canonical__canonical__p012_mixed_damage,canonical__p012_mixed_damage,p012_mixed_damage,canonical__p012_mixed_damage,canonical,primary,p012,landscape_natural,An Extensive Wooded Landscape,Philips Koninck,,lama,p012_mixed_damage,mixed_damage,p012_mixed_damage,mixed_damage,full_image,589824,0,0,768,768,41283,False,> 127,8,alex,256,0.3251011073589325,0.007505615707486868,0.3175954916514456,0.08177040005102754,0.3855335999978706,2.0.0,restoration_eval.metrics_lpips,cuda,3.12.6,2.1.3,2.2.3,11.0.0,2.5.1+cu121,0.1.4,ok,
lama__canonical__canonical__p012_mixed_damage__content_region__lpips,lama__canonical__canonical__p012_mixed_damage,lama__canonical__canonical__p012_mixed_damage,lama__canonical__canonical__p012_mixed_damage,canonical__p012_mixed_damage,p012_mixed_damage,canonical__p012_mixed_damage,canonical,primary,p012,landscape_natural,An Extensive Wooded Landscape,Philips Koninck,,lama,p012_mixed_damage,mixed_damage,p012_mixed_damage,mixed_damage,content_region,436992,0,99,768,668,41283,False,> 127,8,alex,256,0.3946465253829956,0.013306897133588791,0.3813396282494068,0.07059390004724264,0.3855335999978706,2.0.0,restoration_eval.metrics_lpips,cuda,3.12.6,2.1.3,2.2.3,11.0.0,2.5.1+cu121,0.1.4,ok,
lama__canonical__canonical__p012_mixed_damage__mask_bbox_crop__lpips,lama__canonical__canonical__p012_mixed_damage,lama__canonical__canonical__p012_mixed_damage,lama__canonical__canonical__p012_mixed_damage,canonical__p012_mixed_damage,p012_mixed_damage,canonical__p012_mixed_damage,canonical,primary,p012,landscape_natural,An Extensive Wooded Landscape,Philips Koninck,,lama,p012_mixed_damage,mixed_damage,p012_mixed_damage,mixed_damage,mask_bbox_crop,589824,0,0,768,768,41283,False,> 127,8,alex,256,0.3251011073589325,0.007505615707486868,0.3175954916514456,0.07061819999944419,0.3855335999978706,2.0.0,restoration_eval.metrics_lpips,cuda,3.12.6,2.1.3,2.2.3,11.0.0,2.5.1+cu121,0.1.4,ok,
lama__canonical__canonical__p012_scratch_thin__full_image__lpips,lama__canonical__canonical__p012_scratch_thin,lama__canonical__canonical__p012_scratch_thin,lama__canonical__canonical__p012_scratch_thin,canonical__p012_scratch_thin,p012_scratch_thin,canonical__p012_scratch_thin,canonical,primary,p012,landscape_natural,An Extensive Wooded Landscape,Philips Koninck,,lama,p012_scratch_thin,scratch_thin,p012_scratch_thin,scratch_thin,full_image,589824,0,0,768,768,9579,False,> 127,8,alex,256,0.27555760741233826,0.0019352976232767105,0.27362230978906155,0.06906270002946258,0.37744160008151084,2.0.0,restoration_eval.metrics_lpips,cuda,3.12.6,2.1.3,2.2.3,11.0.0,2.5.1+cu121,0.1.4,ok,
lama__canonical__canonical__p012_scratch_thin__content_region__lpips,lama__canonical__canonical__p012_scratch_thin,lama__canonical__canonical__p012_scratch_thin,lama__canonical__canonical__p012_scratch_thin,canonical__p012_scratch_thin,p012_scratch_thin,canonical__p012_scratch_thin,canonical,primary,p012,landscape_natural,An Extensive Wooded Landscape,Philips Koninck,,lama,p012_scratch_thin,scratch_thin,p012_scratch_thin,scratch_thin,content_region,436992,0,99,768,668,9579,False,> 127,8,alex,256,0.35343101620674133,0.0016292743384838104,0.3518017418682575,0.06055179995018989,0.37744160008151084,2.0.0,restoration_eval.metrics_lpips,cuda,3.12.6,2.1.3,2.2.3,11.0.0,2.5.1+cu121,0.1.4,ok,
lama__canonical__canonical__p012_scratch_thin__mask_bbox_crop__lpips,lama__canonical__canonical__p012_scratch_thin,lama__canonical__canonical__p012_scratch_thin,lama__canonical__canonical__p012_scratch_thin,canonical__p012_scratch_thin,p012_scratch_thin,canonical__p012_scratch_thin,canonical,primary,p012,landscape_natural,An Extensive Wooded Landscape,Philips Koninck,,lama,p012_scratch_thin,scratch_thin,p012_scratch_thin,scratch_thin,mask_bbox_crop,508369,55,27,768,740,9579,False,> 127,8,alex,256,0.318880170583725,0.002362458035349846,0.31651771254837513,0.06818449997808784,0.37744160008151084,2.0.0,restoration_eval.metrics_lpips,cuda,3.12.6,2.1.3,2.2.3,11.0.0,2.5.1+cu121,0.1.4,ok,
lama__canonical__canonical__p012_zero_control__full_image__lpips,lama__canonical__canonical__p012_zero_control,lama__canonical__canonical__p012_zero_control,lama__canonical__canonical__p012_zero_control,canonical__p012_zero_control,p012_zero_control,canonical__p012_zero_control,canonical,primary,p012,landscape_natural,An Extensive Wooded Landscape,Philips Koninck,,lama,p012_zero_control,zero_control,p012_zero_control,zero_control,full_image,589824,0,0,768,768,0,True,> 127,8,alex,256,0.0,0.0,0.0,0.07439319998957217,0.30352750001475215,2.0.0,restoration_eval.metrics_lpips,cuda,3.12.6,2.1.3,2.2.3,11.0.0,2.5.1+cu121,0.1.4,ok,
lama__canonical__canonical__p012_zero_control__content_region__lpips,lama__canonical__canonical__p012_zero_control,lama__canonical__canonical__p012_zero_control,lama__canonical__canonical__p012_zero_control,canonical__p012_zero_control,p012_zero_control,canonical__p012_zero_control,canonical,primary,p012,landscape_natural,An Extensive Wooded Landscape,Philips Koninck,,lama,p012_zero_control,zero_control,p012_zero_control,zero_control,content_region,436992,0,99,768,668,0,True,> 127,8,alex,256,0.0,0.0,0.0,0.07055990002118051,0.30352750001475215,2.0.0,restoration_eval.metrics_lpips,cuda,3.12.6,2.1.3,2.2.3,11.0.0,2.5.1+cu121,0.1.4,ok,
lama__canonical__canonical__p013_loss_large__full_image__lpips,lama__canonical__canonical__p013_loss_large,lama__canonical__canonical__p013_loss_large,lama__canonical__canonical__p013_loss_large,canonical__p013_loss_large,p013_loss_large,canonical__p013_loss_large,canonical,primary,p013,landscape_natural,Landscape with a Village in the Distance,Jacob van Ruisdael,,lama,p013_loss_large,loss_large,p013_loss_large,loss_large,full_image,589824,0,0,768,768,48212,False,> 127,8,alex,256,0.17389430105686188,0.033704888075590134,0.14018941298127174,0.07583190000150353,0.3685496000107378,2.0.0,restoration_eval.metrics_lpips,cuda,3.12.6,2.1.3,2.2.3,11.0.0,2.5.1+cu121,0.1.4,ok,
lama__canonical__canonical__p013_loss_large__content_region__lpips,lama__canonical__canonical__p013_loss_large,lama__canonical__canonical__p013_loss_large,lama__canonical__canonical__p013_loss_large,canonical__p013_loss_large,p013_loss_large,canonical__p013_loss_large,canonical,primary,p013,landscape_natural,Landscape with a Village in the Distance,Jacob van Ruisdael,,lama,p013_loss_large,loss_large,p013_loss_large,loss_large,content_region,410112,0,117,768,651,48212,False,> 127,8,alex,256,0.24287542700767517,0.04885872080922127,0.1940167061984539,0.06640830007381737,0.3685496000107378,2.0.0,restoration_eval.metrics_lpips,cuda,3.12.6,2.1.3,2.2.3,11.0.0,2.5.1+cu121,0.1.4,ok,
lama__canonical__canonical__p013_loss_large__mask_bbox_crop__lpips,lama__canonical__canonical__p013_loss_large,lama__canonical__canonical__p013_loss_large,lama__canonical__canonical__p013_loss_large,canonical__p013_loss_large,p013_loss_large,canonical__p013_loss_large,canonical,primary,p013,landscape_natural,Landscape with a Village in the Distance,Jacob van Ruisdael,,lama,p013_loss_large,loss_large,p013_loss_large,loss_large,mask_bbox_crop,94864,127,148,435,456,48212,False,> 127,8,alex,256,0.7079071998596191,0.20582863688468933,0.5020785629749298,0.038697200012393296,0.3685496000107378,2.0.0,restoration_eval.metrics_lpips,cuda,3.12.6,2.1.3,2.2.3,11.0.0,2.5.1+cu121,0.1.4,ok,
lama__canonical__canonical__p013_loss_small__full_image__lpips,lama__canonical__canonical__p013_loss_small,lama__canonical__canonical__p013_loss_small,lama__canonical__canonical__p013_loss_small,canonical__p013_loss_small,p013_loss_small,canonical__p013_loss_small,canonical,primary,p013,landscape_natural,Landscape with a Village in the Distance,Jacob van Ruisdael,,lama,p013_loss_small,loss_small,p013_loss_small,loss_small,full_image,589824,0,0,768,768,18639,False,> 127,8,alex,256,0.211421936750412,0.008733668364584446,0.20268826838582754,0.09142930002417415,0.3957471000030637,2.0.0,restoration_eval.metrics_lpips,cuda,3.12.6,2.1.3,2.2.3,11.0.0,2.5.1+cu121,0.1.4,ok,
lama__canonical__canonical__p013_loss_small__content_region__lpips,lama__canonical__canonical__p013_loss_small,lama__canonical__canonical__p013_loss_small,lama__canonical__canonical__p013_loss_small,canonical__p013_loss_small,p013_loss_small,canonical__p013_loss_small,canonical,primary,p013,landscape_natural,Landscape with a Village in the Distance,Jacob van Ruisdael,,lama,p013_loss_small,loss_small,p013_loss_small,loss_small,content_region,410112,0,117,768,651,18639,False,> 127,8,alex,256,0.302602618932724,0.012720229104161263,0.28988238982856274,0.06143490003887564,0.3957471000030637,2.0.0,restoration_eval.metrics_lpips,cuda,3.12.6,2.1.3,2.2.3,11.0.0,2.5.1+cu121,0.1.4,ok,
lama__canonical__canonical__p013_loss_small__mask_bbox_crop__lpips,lama__canonical__canonical__p013_loss_small,lama__canonical__canonical__p013_loss_small,lama__canonical__canonical__p013_loss_small,canonical__p013_loss_small,p013_loss_small,canonical__p013_loss_small,canonical,primary,p013,landscape_natural,Landscape with a Village in the Distance,Jacob van Ruisdael,,lama,p013_loss_small,loss_small,p013_loss_small,loss_small,mask_bbox_crop,541696,8,0,744,736,18639,False,> 127,8,alex,256,0.23017770051956177,0.011433951556682587,0.21874374896287918,0.08035389997530729,0.3957471000030637,2.0.0,restoration_eval.metrics_lpips,cuda,3.12.6,2.1.3,2.2.3,11.0.0,2.5.1+cu121,0.1.4,ok,
lama__canonical__canonical__p013_mixed_damage__full_image__lpips,lama__canonical__canonical__p013_mixed_damage,lama__canonical__canonical__p013_mixed_damage,lama__canonical__canonical__p013_mixed_damage,canonical__p013_mixed_damage,p013_mixed_damage,canonical__p013_mixed_damage,canonical,primary,p013,landscape_natural,Landscape with a Village in the Distance,Jacob van Ruisdael,,lama,p013_mixed_damage,mixed_damage,p013_mixed_damage,mixed_damage,full_image,589824,0,0,768,768,35229,False,> 127,8,alex,256,0.3869192600250244,0.016643036156892776,0.37027622386813164,0.06748279999010265,0.3442872000159696,2.0.0,restoration_eval.metrics_lpips,cuda,3.12.6,2.1.3,2.2.3,11.0.0,2.5.1+cu121,0.1.4,ok,
lama__canonical__canonical__p013_mixed_damage__content_region__lpips,lama__canonical__canonical__p013_mixed_damage,lama__canonical__canonical__p013_mixed_damage,lama__canonical__canonical__p013_mixed_damage,canonical__p013_mixed_damage,p013_mixed_damage,canonical__p013_mixed_damage,canonical,primary,p013,landscape_natural,Landscape with a Village in the Distance,Jacob van Ruisdael,,lama,p013_mixed_damage,mixed_damage,p013_mixed_damage,mixed_damage,content_region,410112,0,117,768,651,35229,False,> 127,8,alex,256,0.5034285187721252,0.03094882145524025,0.472479697316885,0.055278000072576106,0.3442872000159696,2.0.0,restoration_eval.metrics_lpips,cuda,3.12.6,2.1.3,2.2.3,11.0.0,2.5.1+cu121,0.1.4,ok,
lama__canonical__canonical__p013_mixed_damage__mask_bbox_crop__lpips,lama__canonical__canonical__p013_mixed_damage,lama__canonical__canonical__p013_mixed_damage,lama__canonical__canonical__p013_mixed_damage,canonical__p013_mixed_damage,p013_mixed_damage,canonical__p013_mixed_damage,canonical,primary,p013,landscape_natural,Landscape with a Village in the Distance,Jacob van Ruisdael,,lama,p013_mixed_damage,mixed_damage,p013_mixed_damage,mixed_damage,mask_bbox_crop,589824,0,0,768,768,35229,False,> 127,8,alex,256,0.3869192600250244,0.016643036156892776,0.37027622386813164,0.06600849993992597,0.3442872000159696,2.0.0,restoration_eval.metrics_lpips,cuda,3.12.6,2.1.3,2.2.3,11.0.0,2.5.1+cu121,0.1.4,ok,
lama__canonical__canonical__p013_scratch_thin__full_image__lpips,lama__canonical__canonical__p013_scratch_thin,lama__canonical__canonical__p013_scratch_thin,lama__canonical__canonical__p013_scratch_thin,canonical__p013_scratch_thin,p013_scratch_thin,canonical__p013_scratch_thin,canonical,primary,p013,landscape_natural,Landscape with a Village in the Distance,Jacob van Ruisdael,,lama,p013_scratch_thin,scratch_thin,p013_scratch_thin,scratch_thin,full_image,589824,0,0,768,768,8069,False,> 127,8,alex,256,0.33337506651878357,0.0016369333025068045,0.33173813321627676,0.06946200004313141,0.3504300999920815,2.0.0,restoration_eval.metrics_lpips,cuda,3.12.6,2.1.3,2.2.3,11.0.0,2.5.1+cu121,0.1.4,ok,
lama__canonical__canonical__p013_scratch_thin__content_region__lpips,lama__canonical__canonical__p013_scratch_thin,lama__canonical__canonical__p013_scratch_thin,lama__canonical__canonical__p013_scratch_thin,canonical__p013_scratch_thin,p013_scratch_thin,canonical__p013_scratch_thin,canonical,primary,p013,landscape_natural,Landscape with a Village in the Distance,Jacob van Ruisdael,,lama,p013_scratch_thin,scratch_thin,p013_scratch_thin,scratch_thin,content_region,410112,0,117,768,651,8069,False,> 127,8,alex,256,0.42093491554260254,0.0017924894345924258,0.4191424261080101,0.058802500017918646,0.3504300999920815,2.0.0,restoration_eval.metrics_lpips,cuda,3.12.6,2.1.3,2.2.3,11.0.0,2.5.1+cu121,0.1.4,ok,
lama__canonical__canonical__p013_scratch_thin__mask_bbox_crop__lpips,lama__canonical__canonical__p013_scratch_thin,lama__canonical__canonical__p013_scratch_thin,lama__canonical__canonical__p013_scratch_thin,canonical__p013_scratch_thin,p013_scratch_thin,canonical__p013_scratch_thin,canonical,primary,p013,landscape_natural,Landscape with a Village in the Distance,Jacob van Ruisdael,,lama,p013_scratch_thin,scratch_thin,p013_scratch_thin,scratch_thin,mask_bbox_crop,589824,0,0,768,768,8069,False,> 127,8,alex,256,0.33337506651878357,0.0016369333025068045,0.33173813321627676,0.07020960003137589,0.3504300999920815,2.0.0,restoration_eval.metrics_lpips,cuda,3.12.6,2.1.3,2.2.3,11.0.0,2.5.1+cu121,0.1.4,ok,
lama__canonical__canonical__p013_zero_control__full_image__lpips,lama__canonical__canonical__p013_zero_control,lama__canonical__canonical__p013_zero_control,lama__canonical__canonical__p013_zero_control,canonical__p013_zero_control,p013_zero_control,canonical__p013_zero_control,canonical,primary,p013,landscape_natural,Landscape with a Village in the Distance,Jacob van Ruisdael,,lama,p013_zero_control,zero_control,p013_zero_control,zero_control,full_image,589824,0,0,768,768,0,True,> 127,8,alex,256,0.0,0.0,0.0,0.07417560007888824,0.28966999996919185,2.0.0,restoration_eval.metrics_lpips,cuda,3.12.6,2.1.3,2.2.3,11.0.0,2.5.1+cu121,0.1.4,ok,
lama__canonical__canonical__p013_zero_control__content_region__lpips,lama__canonical__canonical__p013_zero_control,lama__canonical__canonical__p013_zero_control,lama__canonical__canonical__p013_zero_control,canonical__p013_zero_control,p013_zero_control,canonical__p013_zero_control,canonical,primary,p013,landscape_natural,Landscape with a Village in the Distance,Jacob van Ruisdael,,lama,p013_zero_control,zero_control,p013_zero_control,zero_control,content_region,410112,0,117,768,651,0,True,> 127,8,alex,256,0.0,0.0,0.0,0.06011339998804033,0.28966999996919185,2.0.0,restoration_eval.metrics_lpips,cuda,3.12.6,2.1.3,2.2.3,11.0.0,2.5.1+cu121,0.1.4,ok,
lama__canonical__canonical__p014_loss_large__full_image__lpips,lama__canonical__canonical__p014_loss_large,lama__canonical__canonical__p014_loss_large,lama__canonical__canonical__p014_loss_large,canonical__p014_loss_large,p014_loss_large,canonical__p014_loss_large,canonical,primary,p014,landscape_natural,Landscape on a River,Charles-François Daubigny,,lama,p014_loss_large,loss_large,p014_loss_large,loss_large,full_image,589824,0,0,768,768,48567,False,> 127,8,alex,256,0.17655883729457855,0.04393814504146576,0.1326206922531128,0.07252119993790984,0.353341200039722,2.0.0,restoration_eval.metrics_lpips,cuda,3.12.6,2.1.3,2.2.3,11.0.0,2.5.1+cu121,0.1.4,ok,
lama__canonical__canonical__p014_loss_large__content_region__lpips,lama__canonical__canonical__p014_loss_large,lama__canonical__canonical__p014_loss_large,lama__canonical__canonical__p014_loss_large,canonical__p014_loss_large,p014_loss_large,canonical__p014_loss_large,canonical,primary,p014,landscape_natural,Landscape on a River,Charles-François Daubigny,,lama,p014_loss_large,loss_large,p014_loss_large,loss_large,content_region,334080,0,166,768,601,48567,False,> 127,8,alex,256,0.24836798012256622,0.06569257378578186,0.18267540633678436,0.054146000067703426,0.353341200039722,2.0.0,restoration_eval.metrics_lpips,cuda,3.12.6,2.1.3,2.2.3,11.0.0,2.5.1+cu121,0.1.4,ok,
lama__canonical__canonical__p014_loss_large__mask_bbox_crop__lpips,lama__canonical__canonical__p014_loss_large,lama__canonical__canonical__p014_loss_large,lama__canonical__canonical__p014_loss_large,canonical__p014_loss_large,p014_loss_large,canonical__p014_loss_large,canonical,primary,p014,landscape_natural,Landscape on a River,Charles-François Daubigny,,lama,p014_loss_large,loss_large,p014_loss_large,loss_large,mask_bbox_crop,99856,36,302,352,618,48567,False,> 127,8,alex,256,0.6460146903991699,0.20983336865901947,0.43618132174015045,0.04776049999054521,0.353341200039722,2.0.0,restoration_eval.metrics_lpips,cuda,3.12.6,2.1.3,2.2.3,11.0.0,2.5.1+cu121,0.1.4,ok,
lama__canonical__canonical__p014_loss_small__full_image__lpips,lama__canonical__canonical__p014_loss_small,lama__canonical__canonical__p014_loss_small,lama__canonical__canonical__p014_loss_small,canonical__p014_loss_small,p014_loss_small,canonical__p014_loss_small,canonical,primary,p014,landscape_natural,Landscape on a River,Charles-François Daubigny,,lama,p014_loss_small,loss_small,p014_loss_small,loss_small,full_image,589824,0,0,768,768,16029,False,> 127,8,alex,256,0.17548048496246338,0.002549906726926565,0.1729305782355368,0.08616439998149872,0.34665209997911006,2.0.0,restoration_eval.metrics_lpips,cuda,3.12.6,2.1.3,2.2.3,11.0.0,2.5.1+cu121,0.1.4,ok,
lama__canonical__canonical__p014_loss_small__content_region__lpips,lama__canonical__canonical__p014_loss_small,lama__canonical__canonical__p014_loss_small,lama__canonical__canonical__p014_loss_small,canonical__p014_loss_small,p014_loss_small,canonical__p014_loss_small,canonical,primary,p014,landscape_natural,Landscape on a River,Charles-François Daubigny,,lama,p014_loss_small,loss_small,p014_loss_small,loss_small,content_region,334080,0,166,768,601,16029,False,> 127,8,alex,256,0.2743092179298401,0.006923461798578501,0.2673857561312616,0.05581930000334978,0.34665209997911006,2.0.0,restoration_eval.metrics_lpips,cuda,3.12.6,2.1.3,2.2.3,11.0.0,2.5.1+cu121,0.1.4,ok,
lama__canonical__canonical__p014_loss_small__mask_bbox_crop__lpips,lama__canonical__canonical__p014_loss_small,lama__canonical__canonical__p014_loss_small,lama__canonical__canonical__p014_loss_small,canonical__p014_loss_small,p014_loss_small,canonical__p014_loss_small,canonical,primary,p014,landscape_natural,Landscape on a River,Charles-François Daubigny,,lama,p014_loss_small,loss_small,p014_loss_small,loss_small,mask_bbox_crop,342225,96,115,681,700,16029,False,> 127,8,alex,256,0.24304816126823425,0.006839977577328682,0.23620818369090557,0.060771699994802475,0.34665209997911006,2.0.0,restoration_eval.metrics_lpips,cuda,3.12.6,2.1.3,2.2.3,11.0.0,2.5.1+cu121,0.1.4,ok,
lama__canonical__canonical__p014_mixed_damage__full_image__lpips,lama__canonical__canonical__p014_mixed_damage,lama__canonical__canonical__p014_mixed_damage,lama__canonical__canonical__p014_mixed_damage,canonical__p014_mixed_damage,p014_mixed_damage,canonical__p014_mixed_damage,canonical,primary,p014,landscape_natural,Landscape on a River,Charles-François Daubigny,,lama,p014_mixed_damage,mixed_damage,p014_mixed_damage,mixed_damage,full_image,589824,0,0,768,768,41872,False,> 127,8,alex,256,0.33425384759902954,0.022069482132792473,0.31218436546623707,0.06448370008729398,0.34462740004528314,2.0.0,restoration_eval.metrics_lpips,cuda,3.12.6,2.1.3,2.2.3,11.0.0,2.5.1+cu121,0.1.4,ok,
lama__canonical__canonical__p014_mixed_damage__content_region__lpips,lama__canonical__canonical__p014_mixed_damage,lama__canonical__canonical__p014_mixed_damage,lama__canonical__canonical__p014_mixed_damage,canonical__p014_mixed_damage,p014_mixed_damage,canonical__p014_mixed_damage,canonical,primary,p014,landscape_natural,Landscape on a River,Charles-François Daubigny,,lama,p014_mixed_damage,mixed_damage,p014_mixed_damage,mixed_damage,content_region,334080,0,166,768,601,41872,False,> 127,8,alex,256,0.4690352976322174,0.042405158281326294,0.4266301393508911,0.06071469991002232,0.34462740004528314,2.0.0,restoration_eval.metrics_lpips,cuda,3.12.6,2.1.3,2.2.3,11.0.0,2.5.1+cu121,0.1.4,ok,
lama__canonical__canonical__p014_mixed_damage__mask_bbox_crop__lpips,lama__canonical__canonical__p014_mixed_damage,lama__canonical__canonical__p014_mixed_damage,lama__canonical__canonical__p014_mixed_damage,canonical__p014_mixed_damage,p014_mixed_damage,canonical__p014_mixed_damage,canonical,primary,p014,landscape_natural,Landscape on a River,Charles-François Daubigny,,lama,p014_mixed_damage,mixed_damage,p014_mixed_damage,mixed_damage,mask_bbox_crop,589824,0,0,768,768,41872,False,> 127,8,alex,256,0.33425384759902954,0.022069482132792473,0.31218436546623707,0.07689739996567369,0.34462740004528314,2.0.0,restoration_eval.metrics_lpips,cuda,3.12.6,2.1.3,2.2.3,11.0.0,2.5.1+cu121,0.1.4,ok,
lama__canonical__canonical__p014_scratch_thin__full_image__lpips,lama__canonical__canonical__p014_scratch_thin,lama__canonical__canonical__p014_scratch_thin,lama__canonical__canonical__p014_scratch_thin,canonical__p014_scratch_thin,p014_scratch_thin,canonical__p014_scratch_thin,canonical,primary,p014,landscape_natural,Landscape on a River,Charles-François Daubigny,,lama,p014_scratch_thin,scratch_thin,p014_scratch_thin,scratch_thin,full_image,589824,0,0,768,768,9807,False,> 127,8,alex,256,0.34733885526657104,0.0024886690080165863,0.34485018625855446,0.07024449994787574,0.3586986999725923,2.0.0,restoration_eval.metrics_lpips,cuda,3.12.6,2.1.3,2.2.3,11.0.0,2.5.1+cu121,0.1.4,ok,
lama__canonical__canonical__p014_scratch_thin__content_region__lpips,lama__canonical__canonical__p014_scratch_thin,lama__canonical__canonical__p014_scratch_thin,lama__canonical__canonical__p014_scratch_thin,canonical__p014_scratch_thin,p014_scratch_thin,canonical__p014_scratch_thin,canonical,primary,p014,landscape_natural,Landscape on a River,Charles-François Daubigny,,lama,p014_scratch_thin,scratch_thin,p014_scratch_thin,scratch_thin,content_region,334080,0,166,768,601,9807,False,> 127,8,alex,256,0.4396176338195801,0.004399402067065239,0.43521823175251484,0.05646220000926405,0.3586986999725923,2.0.0,restoration_eval.metrics_lpips,cuda,3.12.6,2.1.3,2.2.3,11.0.0,2.5.1+cu121,0.1.4,ok,
lama__canonical__canonical__p014_scratch_thin__mask_bbox_crop__lpips,lama__canonical__canonical__p014_scratch_thin,lama__canonical__canonical__p014_scratch_thin,lama__canonical__canonical__p014_scratch_thin,canonical__p014_scratch_thin,p014_scratch_thin,canonical__p014_scratch_thin,canonical,primary,p014,landscape_natural,Landscape on a River,Charles-François Daubigny,,lama,p014_scratch_thin,scratch_thin,p014_scratch_thin,scratch_thin,mask_bbox_crop,589824,0,0,768,768,9807,False,> 127,8,alex,256,0.34733885526657104,0.0024886690080165863,0.34485018625855446,0.09066680003888905,0.3586986999725923,2.0.0,restoration_eval.metrics_lpips,cuda,3.12.6,2.1.3,2.2.3,11.0.0,2.5.1+cu121,0.1.4,ok,
lama__canonical__canonical__p014_zero_control__full_image__lpips,lama__canonical__canonical__p014_zero_control,lama__canonical__canonical__p014_zero_control,lama__canonical__canonical__p014_zero_control,canonical__p014_zero_control,p014_zero_control,canonical__p014_zero_control,canonical,primary,p014,landscape_natural,Landscape on a River,Charles-François Daubigny,,lama,p014_zero_control,zero_control,p014_zero_control,zero_control,full_image,589824,0,0,768,768,0,True,> 127,8,alex,256,0.0,0.0,0.0,0.0765128000639379,0.2833919000113383,2.0.0,restoration_eval.metrics_lpips,cuda,3.12.6,2.1.3,2.2.3,11.0.0,2.5.1+cu121,0.1.4,ok,
lama__canonical__canonical__p014_zero_control__content_region__lpips,lama__canonical__canonical__p014_zero_control,lama__canonical__canonical__p014_zero_control,lama__canonical__canonical__p014_zero_control,canonical__p014_zero_control,p014_zero_control,canonical__p014_zero_control,canonical,primary,p014,landscape_natural,Landscape on a River,Charles-François Daubigny,,lama,p014_zero_control,zero_control,p014_zero_control,zero_control,content_region,334080,0,166,768,601,0,True,> 127,8,alex,256,0.0,0.0,0.0,0.064859600039199,0.2833919000113383,2.0.0,restoration_eval.metrics_lpips,cuda,3.12.6,2.1.3,2.2.3,11.0.0,2.5.1+cu121,0.1.4,ok,
lama__canonical__canonical__p015_loss_large__full_image__lpips,lama__canonical__canonical__p015_loss_large,lama__canonical__canonical__p015_loss_large,lama__canonical__canonical__p015_loss_large,canonical__p015_loss_large,p015_loss_large,canonical__p015_loss_large,canonical,primary,p015,landscape_natural,Landscape,Henri-Joseph Harpignies,,lama,p015_loss_large,loss_large,p015_loss_large,loss_large,full_image,589824,0,0,768,768,63227,False,> 127,8,alex,256,0.16704252362251282,0.06246190145611763,0.10458062216639519,0.07362419995479286,0.39290729991625994,2.0.0,restoration_eval.metrics_lpips,cuda,3.12.6,2.1.3,2.2.3,11.0.0,2.5.1+cu121,0.1.4,ok,
lama__canonical__canonical__p015_loss_large__content_region__lpips,lama__canonical__canonical__p015_loss_large,lama__canonical__canonical__p015_loss_large,lama__canonical__canonical__p015_loss_large,canonical__p015_loss_large,p015_loss_large,canonical__p015_loss_large,canonical,primary,p015,landscape_natural,Landscape,Henri-Joseph Harpignies,,lama,p015_loss_large,loss_large,p015_loss_large,loss_large,content_region,423936,108,0,660,768,63227,False,> 127,8,alex,256,0.22950348258018494,0.08565788716077805,0.1438455954194069,0.07348150003235787,0.39290729991625994,2.0.0,restoration_eval.metrics_lpips,cuda,3.12.6,2.1.3,2.2.3,11.0.0,2.5.1+cu121,0.1.4,ok,
lama__canonical__canonical__p015_loss_large__mask_bbox_crop__lpips,lama__canonical__canonical__p015_loss_large,lama__canonical__canonical__p015_loss_large,lama__canonical__canonical__p015_loss_large,canonical__p015_loss_large,p015_loss_large,canonical__p015_loss_large,canonical,primary,p015,landscape_natural,Landscape,Henri-Joseph Harpignies,,lama,p015_loss_large,loss_large,p015_loss_large,loss_large,mask_bbox_crop,153664,211,0,603,392,63227,False,> 127,8,alex,256,0.5207780003547668,0.2444387674331665,0.27633923292160034,0.04460180003661662,0.39290729991625994,2.0.0,restoration_eval.metrics_lpips,cuda,3.12.6,2.1.3,2.2.3,11.0.0,2.5.1+cu121,0.1.4,ok,
lama__canonical__canonical__p015_loss_small__full_image__lpips,lama__canonical__canonical__p015_loss_small,lama__canonical__canonical__p015_loss_small,lama__canonical__canonical__p015_loss_small,canonical__p015_loss_small,p015_loss_small,canonical__p015_loss_small,canonical,primary,p015,landscape_natural,Landscape,Henri-Joseph Harpignies,,lama,p015_loss_small,loss_small,p015_loss_small,loss_small,full_image,589824,0,0,768,768,21482,False,> 127,8,alex,256,0.17866258323192596,0.012987973168492317,0.16567461006343365,0.07231790001969784,0.384704300086014,2.0.0,restoration_eval.metrics_lpips,cuda,3.12.6,2.1.3,2.2.3,11.0.0,2.5.1+cu121,0.1.4,ok,
lama__canonical__canonical__p015_loss_small__content_region__lpips,lama__canonical__canonical__p015_loss_small,lama__canonical__canonical__p015_loss_small,lama__canonical__canonical__p015_loss_small,canonical__p015_loss_small,p015_loss_small,canonical__p015_loss_small,canonical,primary,p015,landscape_natural,Landscape,Henri-Joseph Harpignies,,lama,p015_loss_small,loss_small,p015_loss_small,loss_small,content_region,423936,108,0,660,768,21482,False,> 127,8,alex,256,0.2176504284143448,0.019816990941762924,0.19783343747258186,0.06984950008336455,0.384704300086014,2.0.0,restoration_eval.metrics_lpips,cuda,3.12.6,2.1.3,2.2.3,11.0.0,2.5.1+cu121,0.1.4,ok,
lama__canonical__canonical__p015_loss_small__mask_bbox_crop__lpips,lama__canonical__canonical__p015_loss_small,lama__canonical__canonical__p015_loss_small,lama__canonical__canonical__p015_loss_small,canonical__p015_loss_small,p015_loss_small,canonical__p015_loss_small,canonical,primary,p015,landscape_natural,Landscape,Henri-Joseph Harpignies,,lama,p015_loss_small,loss_small,p015_loss_small,loss_small,mask_bbox_crop,448900,38,58,708,728,21482,False,> 127,8,alex,256,0.1994543969631195,0.01818254590034485,0.18127185106277466,0.06454459996894002,0.384704300086014,2.0.0,restoration_eval.metrics_lpips,cuda,3.12.6,2.1.3,2.2.3,11.0.0,2.5.1+cu121,0.1.4,ok,
lama__canonical__canonical__p015_mixed_damage__full_image__lpips,lama__canonical__canonical__p015_mixed_damage,lama__canonical__canonical__p015_mixed_damage,lama__canonical__canonical__p015_mixed_damage,canonical__p015_mixed_damage,p015_mixed_damage,canonical__p015_mixed_damage,canonical,primary,p015,landscape_natural,Landscape,Henri-Joseph Harpignies,,lama,p015_mixed_damage,mixed_damage,p015_mixed_damage,mixed_damage,full_image,589824,0,0,768,768,40213,False,> 127,8,alex,256,0.2841588258743286,0.03546206280589104,0.24869676306843758,0.08140000002458692,0.3825086000142619,2.0.0,restoration_eval.metrics_lpips,cuda,3.12.6,2.1.3,2.2.3,11.0.0,2.5.1+cu121,0.1.4,ok,
lama__canonical__canonical__p015_mixed_damage__content_region__lpips,lama__canonical__canonical__p015_mixed_damage,lama__canonical__canonical__p015_mixed_damage,lama__canonical__canonical__p015_mixed_damage,canonical__p015_mixed_damage,p015_mixed_damage,canonical__p015_mixed_damage,canonical,primary,p015,landscape_natural,Landscape,Henri-Joseph Harpignies,,lama,p015_mixed_damage,mixed_damage,p015_mixed_damage,mixed_damage,content_region,423936,108,0,660,768,40213,False,> 127,8,alex,256,0.35761040449142456,0.04634583368897438,0.3112645708024502,0.06978820008225739,0.3825086000142619,2.0.0,restoration_eval.metrics_lpips,cuda,3.12.6,2.1.3,2.2.3,11.0.0,2.5.1+cu121,0.1.4,ok,
lama__canonical__canonical__p015_mixed_damage__mask_bbox_crop__lpips,lama__canonical__canonical__p015_mixed_damage,lama__canonical__canonical__p015_mixed_damage,lama__canonical__canonical__p015_mixed_damage,canonical__p015_mixed_damage,p015_mixed_damage,canonical__p015_mixed_damage,canonical,primary,p015,landscape_natural,Landscape,Henri-Joseph Harpignies,,lama,p015_mixed_damage,mixed_damage,p015_mixed_damage,mixed_damage,mask_bbox_crop,553536,12,0,756,744,40213,False,> 127,8,alex,256,0.28998464345932007,0.035764649510383606,0.25421999394893646,0.07821720000356436,0.3825086000142619,2.0.0,restoration_eval.metrics_lpips,cuda,3.12.6,2.1.3,2.2.3,11.0.0,2.5.1+cu121,0.1.4,ok,
lama__canonical__canonical__p015_scratch_thin__full_image__lpips,lama__canonical__canonical__p015_scratch_thin,lama__canonical__canonical__p015_scratch_thin,lama__canonical__canonical__p015_scratch_thin,canonical__p015_scratch_thin,p015_scratch_thin,canonical__p015_scratch_thin,canonical,primary,p015,landscape_natural,Landscape,Henri-Joseph Harpignies,,lama,p015_scratch_thin,scratch_thin,p015_scratch_thin,scratch_thin,full_image,589824,0,0,768,768,8459,False,> 127,8,alex,256,0.16846254467964172,0.002145285252481699,0.16631725942716002,0.07612650003284216,0.37107389990705997,2.0.0,restoration_eval.metrics_lpips,cuda,3.12.6,2.1.3,2.2.3,11.0.0,2.5.1+cu121,0.1.4,ok,
lama__canonical__canonical__p015_scratch_thin__content_region__lpips,lama__canonical__canonical__p015_scratch_thin,lama__canonical__canonical__p015_scratch_thin,lama__canonical__canonical__p015_scratch_thin,canonical__p015_scratch_thin,p015_scratch_thin,canonical__p015_scratch_thin,canonical,primary,p015,landscape_natural,Landscape,Henri-Joseph Harpignies,,lama,p015_scratch_thin,scratch_thin,p015_scratch_thin,scratch_thin,content_region,423936,108,0,660,768,8459,False,> 127,8,alex,256,0.24377673864364624,0.0028658630326390266,0.2409108756110072,0.0683968000812456,0.37107389990705997,2.0.0,restoration_eval.metrics_lpips,cuda,3.12.6,2.1.3,2.2.3,11.0.0,2.5.1+cu121,0.1.4,ok,
lama__canonical__canonical__p015_scratch_thin__mask_bbox_crop__lpips,lama__canonical__canonical__p015_scratch_thin,lama__canonical__canonical__p015_scratch_thin,lama__canonical__canonical__p015_scratch_thin,canonical__p015_scratch_thin,p015_scratch_thin,canonical__p015_scratch_thin,canonical,primary,p015,landscape_natural,Landscape,Henri-Joseph Harpignies,,lama,p015_scratch_thin,scratch_thin,p015_scratch_thin,scratch_thin,mask_bbox_crop,355216,86,0,682,596,8459,False,> 127,8,alex,256,0.2547096610069275,0.005479958839714527,0.24922970216721296,0.06615549989510328,0.37107389990705997,2.0.0,restoration_eval.metrics_lpips,cuda,3.12.6,2.1.3,2.2.3,11.0.0,2.5.1+cu121,0.1.4,ok,
lama__canonical__canonical__p015_zero_control__full_image__lpips,lama__canonical__canonical__p015_zero_control,lama__canonical__canonical__p015_zero_control,lama__canonical__canonical__p015_zero_control,canonical__p015_zero_control,p015_zero_control,canonical__p015_zero_control,canonical,primary,p015,landscape_natural,Landscape,Henri-Joseph Harpignies,,lama,p015_zero_control,zero_control,p015_zero_control,zero_control,full_image,589824,0,0,768,768,0,True,> 127,8,alex,256,0.0,0.0,0.0,0.08283069997560233,0.3156989000272006,2.0.0,restoration_eval.metrics_lpips,cuda,3.12.6,2.1.3,2.2.3,11.0.0,2.5.1+cu121,0.1.4,ok,
lama__canonical__canonical__p015_zero_control__content_region__lpips,lama__canonical__canonical__p015_zero_control,lama__canonical__canonical__p015_zero_control,lama__canonical__canonical__p015_zero_control,canonical__p015_zero_control,p015_zero_control,canonical__p015_zero_control,canonical,primary,p015,landscape_natural,Landscape,Henri-Joseph Harpignies,,lama,p015_zero_control,zero_control,p015_zero_control,zero_control,content_region,423936,108,0,660,768,0,True,> 127,8,alex,256,0.0,0.0,0.0,0.06780239997897297,0.3156989000272006,2.0.0,restoration_eval.metrics_lpips,cuda,3.12.6,2.1.3,2.2.3,11.0.0,2.5.1+cu121,0.1.4,ok,
lama__canonical__canonical__p016_loss_large__full_image__lpips,lama__canonical__canonical__p016_loss_large,lama__canonical__canonical__p016_loss_large,lama__canonical__canonical__p016_loss_large,canonical__p016_loss_large,p016_loss_large,canonical__p016_loss_large,canonical,primary,p016,landscape_natural,Wooded Landscape with a House beside a River,Thomas Gainsborough,,lama,p016_loss_large,loss_large,p016_loss_large,loss_large,full_image,589824,0,0,768,768,44564,False,> 127,8,alex,256,0.12593293190002441,0.03841535374522209,0.08751757815480232,0.08064629998989403,0.36495580000337213,2.0.0,restoration_eval.metrics_lpips,cuda,3.12.6,2.1.3,2.2.3,11.0.0,2.5.1+cu121,0.1.4,ok,
lama__canonical__canonical__p016_loss_large__content_region__lpips,lama__canonical__canonical__p016_loss_large,lama__canonical__canonical__p016_loss_large,lama__canonical__canonical__p016_loss_large,canonical__p016_loss_large,p016_loss_large,canonical__p016_loss_large,canonical,primary,p016,landscape_natural,Wooded Landscape with a House beside a River,Thomas Gainsborough,,lama,p016_loss_large,loss_large,p016_loss_large,loss_large,content_region,372480,0,141,768,626,44564,False,> 127,8,alex,256,0.18975834548473358,0.06740683317184448,0.1223515123128891,0.06410480011254549,0.36495580000337213,2.0.0,restoration_eval.metrics_lpips,cuda,3.12.6,2.1.3,2.2.3,11.0.0,2.5.1+cu121,0.1.4,ok,
lama__canonical__canonical__p016_loss_large__mask_bbox_crop__lpips,lama__canonical__canonical__p016_loss_large,lama__canonical__canonical__p016_loss_large,lama__canonical__canonical__p016_loss_large,canonical__p016_loss_large,p016_loss_large,canonical__p016_loss_large,canonical,primary,p016,landscape_natural,Wooded Landscape with a House beside a River,Thomas Gainsborough,,lama,p016_loss_large,loss_large,p016_loss_large,loss_large,mask_bbox_crop,109561,81,240,412,571,44564,False,> 127,8,alex,256,0.5024693608283997,0.25210481882095337,0.2503645420074463,0.04548849991988391,0.36495580000337213,2.0.0,restoration_eval.metrics_lpips,cuda,3.12.6,2.1.3,2.2.3,11.0.0,2.5.1+cu121,0.1.4,ok,
lama__canonical__canonical__p016_loss_small__full_image__lpips,lama__canonical__canonical__p016_loss_small,lama__canonical__canonical__p016_loss_small,lama__canonical__canonical__p016_loss_small,canonical__p016_loss_small,p016_loss_small,canonical__p016_loss_small,canonical,primary,p016,landscape_natural,Wooded Landscape with a House beside a River,Thomas Gainsborough,,lama,p016_loss_small,loss_small,p016_loss_small,loss_small,full_image,589824,0,0,768,768,12394,False,> 127,8,alex,256,0.08253411948680878,0.006842485163360834,0.07569163432344794,0.32048760005272925,0.5743996000383049,2.0.0,restoration_eval.metrics_lpips,cuda,3.12.6,2.1.3,2.2.3,11.0.0,2.5.1+cu121,0.1.4,ok,
lama__canonical__canonical__p016_loss_small__content_region__lpips,lama__canonical__canonical__p016_loss_small,lama__canonical__canonical__p016_loss_small,lama__canonical__canonical__p016_loss_small,canonical__p016_loss_small,p016_loss_small,canonical__p016_loss_small,canonical,primary,p016,landscape_natural,Wooded Landscape with a House beside a River,Thomas Gainsborough,,lama,p016_loss_small,loss_small,p016_loss_small,loss_small,content_region,372480,0,141,768,626,12394,False,> 127,8,alex,256,0.1246405839920044,0.014829998835921288,0.10981058515608311,0.05664780002553016,0.5743996000383049,2.0.0,restoration_eval.metrics_lpips,cuda,3.12.6,2.1.3,2.2.3,11.0.0,2.5.1+cu121,0.1.4,ok,
lama__canonical__canonical__p016_loss_small__mask_bbox_crop__lpips,lama__canonical__canonical__p016_loss_small,lama__canonical__canonical__p016_loss_small,lama__canonical__canonical__p016_loss_small,canonical__p016_loss_small,p016_loss_small,canonical__p016_loss_small,canonical,primary,p016,landscape_natural,Wooded Landscape with a House beside a River,Thomas Gainsborough,,lama,p016_loss_small,loss_small,p016_loss_small,loss_small,mask_bbox_crop,196249,85,136,528,579,12394,False,> 127,8,alex,256,0.15650740265846252,0.028007294982671738,0.1285001076757908,0.04336470004636794,0.5743996000383049,2.0.0,restoration_eval.metrics_lpips,cuda,3.12.6,2.1.3,2.2.3,11.0.0,2.5.1+cu121,0.1.4,ok,
lama__canonical__canonical__p016_mixed_damage__full_image__lpips,lama__canonical__canonical__p016_mixed_damage,lama__canonical__canonical__p016_mixed_damage,lama__canonical__canonical__p016_mixed_damage,canonical__p016_mixed_damage,p016_mixed_damage,canonical__p016_mixed_damage,canonical,primary,p016,landscape_natural,Wooded Landscape with a House beside a River,Thomas Gainsborough,,lama,p016_mixed_damage,mixed_damage,p016_mixed_damage,mixed_damage,full_image,589824,0,0,768,768,42648,False,> 127,8,alex,256,0.24817228317260742,0.025714034214615822,0.2224582489579916,0.07454830000642687,0.3490731999045238,2.0.0,restoration_eval.metrics_lpips,cuda,3.12.6,2.1.3,2.2.3,11.0.0,2.5.1+cu121,0.1.4,ok,
lama__canonical__canonical__p016_mixed_damage__content_region__lpips,lama__canonical__canonical__p016_mixed_damage,lama__canonical__canonical__p016_mixed_damage,lama__canonical__canonical__p016_mixed_damage,canonical__p016_mixed_damage,p016_mixed_damage,canonical__p016_mixed_damage,canonical,primary,p016,landscape_natural,Wooded Landscape with a House beside a River,Thomas Gainsborough,,lama,p016_mixed_damage,mixed_damage,p016_mixed_damage,mixed_damage,content_region,372480,0,141,768,626,42648,False,> 127,8,alex,256,0.3531583845615387,0.031817950308322906,0.3213404342532158,0.053068200009875,0.3490731999045238,2.0.0,restoration_eval.metrics_lpips,cuda,3.12.6,2.1.3,2.2.3,11.0.0,2.5.1+cu121,0.1.4,ok,
lama__canonical__canonical__p016_mixed_damage__mask_bbox_crop__lpips,lama__canonical__canonical__p016_mixed_damage,lama__canonical__canonical__p016_mixed_damage,lama__canonical__canonical__p016_mixed_damage,canonical__p016_mixed_damage,p016_mixed_damage,canonical__p016_mixed_damage,canonical,primary,p016,landscape_natural,Wooded Landscape with a House beside a River,Thomas Gainsborough,,lama,p016_mixed_damage,mixed_damage,p016_mixed_damage,mixed_damage,mask_bbox_crop,559504,20,9,768,757,42648,False,> 127,8,alex,256,0.25501003861427307,0.027312027290463448,0.22769801132380962,0.07276550005190074,0.3490731999045238,2.0.0,restoration_eval.metrics_lpips,cuda,3.12.6,2.1.3,2.2.3,11.0.0,2.5.1+cu121,0.1.4,ok,
lama__canonical__canonical__p016_scratch_thin__full_image__lpips,lama__canonical__canonical__p016_scratch_thin,lama__canonical__canonical__p016_scratch_thin,lama__canonical__canonical__p016_scratch_thin,canonical__p016_scratch_thin,p016_scratch_thin,canonical__p016_scratch_thin,canonical,primary,p016,landscape_natural,Wooded Landscape with a House beside a River,Thomas Gainsborough,,lama,p016_scratch_thin,scratch_thin,p016_scratch_thin,scratch_thin,full_image,589824,0,0,768,768,11050,False,> 127,8,alex,256,0.22133371233940125,0.00413823826238513,0.21719547407701612,0.06883500004187226,0.3452476999955252,2.0.0,restoration_eval.metrics_lpips,cuda,3.12.6,2.1.3,2.2.3,11.0.0,2.5.1+cu121,0.1.4,ok,
lama__canonical__canonical__p016_scratch_thin__content_region__lpips,lama__canonical__canonical__p016_scratch_thin,lama__canonical__canonical__p016_scratch_thin,lama__canonical__canonical__p016_scratch_thin,canonical__p016_scratch_thin,p016_scratch_thin,canonical__p016_scratch_thin,canonical,primary,p016,landscape_natural,Wooded Landscape with a House beside a River,Thomas Gainsborough,,lama,p016_scratch_thin,scratch_thin,p016_scratch_thin,scratch_thin,content_region,372480,0,141,768,626,11050,False,> 127,8,alex,256,0.2906918525695801,0.005315590184181929,0.28537626238539815,0.053224600036628544,0.3452476999955252,2.0.0,restoration_eval.metrics_lpips,cuda,3.12.6,2.1.3,2.2.3,11.0.0,2.5.1+cu121,0.1.4,ok,
lama__canonical__canonical__p016_scratch_thin__mask_bbox_crop__lpips,lama__canonical__canonical__p016_scratch_thin,lama__canonical__canonical__p016_scratch_thin,lama__canonical__canonical__p016_scratch_thin,canonical__p016_scratch_thin,p016_scratch_thin,canonical__p016_scratch_thin,canonical,primary,p016,landscape_natural,Wooded Landscape with a House beside a River,Thomas Gainsborough,,lama,p016_scratch_thin,scratch_thin,p016_scratch_thin,scratch_thin,mask_bbox_crop,589824,0,0,768,768,11050,False,> 127,8,alex,256,0.22133371233940125,0.00413823826238513,0.21719547407701612,0.06801000004634261,0.3452476999955252,2.0.0,restoration_eval.metrics_lpips,cuda,3.12.6,2.1.3,2.2.3,11.0.0,2.5.1+cu121,0.1.4,ok,
lama__canonical__canonical__p016_zero_control__full_image__lpips,lama__canonical__canonical__p016_zero_control,lama__canonical__canonical__p016_zero_control,lama__canonical__canonical__p016_zero_control,canonical__p016_zero_control,p016_zero_control,canonical__p016_zero_control,canonical,primary,p016,landscape_natural,Wooded Landscape with a House beside a River,Thomas Gainsborough,,lama,p016_zero_control,zero_control,p016_zero_control,zero_control,full_image,589824,0,0,768,768,0,True,> 127,8,alex,256,0.0,0.0,0.0,0.07472649996634573,0.26171990006696433,2.0.0,restoration_eval.metrics_lpips,cuda,3.12.6,2.1.3,2.2.3,11.0.0,2.5.1+cu121,0.1.4,ok,
lama__canonical__canonical__p016_zero_control__content_region__lpips,lama__canonical__canonical__p016_zero_control,lama__canonical__canonical__p016_zero_control,lama__canonical__canonical__p016_zero_control,canonical__p016_zero_control,p016_zero_control,canonical__p016_zero_control,canonical,primary,p016,landscape_natural,Wooded Landscape with a House beside a River,Thomas Gainsborough,,lama,p016_zero_control,zero_control,p016_zero_control,zero_control,content_region,372480,0,141,768,626,0,True,> 127,8,alex,256,0.0,0.0,0.0,0.05750310001894832,0.26171990006696433,2.0.0,restoration_eval.metrics_lpips,cuda,3.12.6,2.1.3,2.2.3,11.0.0,2.5.1+cu121,0.1.4,ok,
lama__canonical__canonical__p017_loss_large__full_image__lpips,lama__canonical__canonical__p017_loss_large,lama__canonical__canonical__p017_loss_large,lama__canonical__canonical__p017_loss_large,canonical__p017_loss_large,p017_loss_large,canonical__p017_loss_large,canonical,primary,p017,landscape_natural,Picturesque Landscape,"Anonymous, British, 18th century",,lama,p017_loss_large,loss_large,p017_loss_large,loss_large,full_image,589824,0,0,768,768,46260,False,> 127,8,alex,256,0.15087001025676727,0.05764126777648926,0.09322874248027802,0.06824330007657409,0.37540140002965927,2.0.0,restoration_eval.metrics_lpips,cuda,3.12.6,2.1.3,2.2.3,11.0.0,2.5.1+cu121,0.1.4,ok,
lama__canonical__canonical__p017_loss_large__content_region__lpips,lama__canonical__canonical__p017_loss_large,lama__canonical__canonical__p017_loss_large,lama__canonical__canonical__p017_loss_large,canonical__p017_loss_large,p017_loss_large,canonical__p017_loss_large,canonical,primary,p017,landscape_natural,Picturesque Landscape,"Anonymous, British, 18th century",,lama,p017_loss_large,loss_large,p017_loss_large,loss_large,content_region,434688,101,0,667,768,46260,False,> 127,8,alex,256,0.1868503987789154,0.0740726962685585,0.1127777025103569,0.061848800047300756,0.37540140002965927,2.0.0,restoration_eval.metrics_lpips,cuda,3.12.6,2.1.3,2.2.3,11.0.0,2.5.1+cu121,0.1.4,ok,
lama__canonical__canonical__p017_loss_large__mask_bbox_crop__lpips,lama__canonical__canonical__p017_loss_large,lama__canonical__canonical__p017_loss_large,lama__canonical__canonical__p017_loss_large,canonical__p017_loss_large,p017_loss_large,canonical__p017_loss_large,canonical,primary,p017,landscape_natural,Picturesque Landscape,"Anonymous, British, 18th century",,lama,p017_loss_large,loss_large,p017_loss_large,loss_large,mask_bbox_crop,108241,283,278,612,607,46260,False,> 127,8,alex,256,0.46524131298065186,0.19886565208435059,0.26637566089630127,0.053564000059850514,0.37540140002965927,2.0.0,restoration_eval.metrics_lpips,cuda,3.12.6,2.1.3,2.2.3,11.0.0,2.5.1+cu121,0.1.4,ok,
lama__canonical__canonical__p017_loss_small__full_image__lpips,lama__canonical__canonical__p017_loss_small,lama__canonical__canonical__p017_loss_small,lama__canonical__canonical__p017_loss_small,canonical__p017_loss_small,p017_loss_small,canonical__p017_loss_small,canonical,primary,p017,landscape_natural,Picturesque Landscape,"Anonymous, British, 18th century",,lama,p017_loss_small,loss_small,p017_loss_small,loss_small,full_image,589824,0,0,768,768,19853,False,> 127,8,alex,256,0.13970598578453064,0.01657295413315296,0.12313303165137768,0.07185990002471954,0.36107770004309714,2.0.0,restoration_eval.metrics_lpips,cuda,3.12.6,2.1.3,2.2.3,11.0.0,2.5.1+cu121,0.1.4,ok,
lama__canonical__canonical__p017_loss_small__content_region__lpips,lama__canonical__canonical__p017_loss_small,lama__canonical__canonical__p017_loss_small,lama__canonical__canonical__p017_loss_small,canonical__p017_loss_small,p017_loss_small,canonical__p017_loss_small,canonical,primary,p017,landscape_natural,Picturesque Landscape,"Anonymous, British, 18th century",,lama,p017_loss_small,loss_small,p017_loss_small,loss_small,content_region,434688,101,0,667,768,19853,False,> 127,8,alex,256,0.16660763323307037,0.02100254036486149,0.14560509286820889,0.06045350001659244,0.36107770004309714,2.0.0,restoration_eval.metrics_lpips,cuda,3.12.6,2.1.3,2.2.3,11.0.0,2.5.1+cu121,0.1.4,ok,
lama__canonical__canonical__p017_loss_small__mask_bbox_crop__lpips,lama__canonical__canonical__p017_loss_small,lama__canonical__canonical__p017_loss_small,lama__canonical__canonical__p017_loss_small,canonical__p017_loss_small,p017_loss_small,canonical__p017_loss_small,canonical,primary,p017,landscape_natural,Picturesque Landscape,"Anonymous, British, 18th century",,lama,p017_loss_small,loss_small,p017_loss_small,loss_small,mask_bbox_crop,477481,45,31,736,722,19853,False,> 127,8,alex,256,0.1521860957145691,0.02047004923224449,0.1317160464823246,0.06580680003389716,0.36107770004309714,2.0.0,restoration_eval.metrics_lpips,cuda,3.12.6,2.1.3,2.2.3,11.0.0,2.5.1+cu121,0.1.4,ok,
lama__canonical__canonical__p017_mixed_damage__full_image__lpips,lama__canonical__canonical__p017_mixed_damage,lama__canonical__canonical__p017_mixed_damage,lama__canonical__canonical__p017_mixed_damage,canonical__p017_mixed_damage,p017_mixed_damage,canonical__p017_mixed_damage,canonical,primary,p017,landscape_natural,Picturesque Landscape,"Anonymous, British, 18th century",,lama,p017_mixed_damage,mixed_damage,p017_mixed_damage,mixed_damage,full_image,589824,0,0,768,768,45115,False,> 127,8,alex,256,0.22574327886104584,0.02996670827269554,0.1957765705883503,0.06610399996861815,0.3499191999435425,2.0.0,restoration_eval.metrics_lpips,cuda,3.12.6,2.1.3,2.2.3,11.0.0,2.5.1+cu121,0.1.4,ok,
lama__canonical__canonical__p017_mixed_damage__content_region__lpips,lama__canonical__canonical__p017_mixed_damage,lama__canonical__canonical__p017_mixed_damage,lama__canonical__canonical__p017_mixed_damage,canonical__p017_mixed_damage,p017_mixed_damage,canonical__p017_mixed_damage,canonical,primary,p017,landscape_natural,Picturesque Landscape,"Anonymous, British, 18th century",,lama,p017_mixed_damage,mixed_damage,p017_mixed_damage,mixed_damage,content_region,434688,101,0,667,768,45115,False,> 127,8,alex,256,0.2634897232055664,0.03768179565668106,0.22580792754888535,0.06018459994811565,0.3499191999435425,2.0.0,restoration_eval.metrics_lpips,cuda,3.12.6,2.1.3,2.2.3,11.0.0,2.5.1+cu121,0.1.4,ok,
lama__canonical__canonical__p017_mixed_damage__mask_bbox_crop__lpips,lama__canonical__canonical__p017_mixed_damage,lama__canonical__canonical__p017_mixed_damage,lama__canonical__canonical__p017_mixed_damage,canonical__p017_mixed_damage,p017_mixed_damage,canonical__p017_mixed_damage,canonical,primary,p017,landscape_natural,Picturesque Landscape,"Anonymous, British, 18th century",,lama,p017_mixed_damage,mixed_damage,p017_mixed_damage,mixed_damage,mask_bbox_crop,423801,59,25,710,676,45115,False,> 127,8,alex,256,0.27382880449295044,0.038345709443092346,0.2354830950498581,0.06296999996993691,0.3499191999435425,2.0.0,restoration_eval.metrics_lpips,cuda,3.12.6,2.1.3,2.2.3,11.0.0,2.5.1+cu121,0.1.4,ok,
lama__canonical__canonical__p017_scratch_thin__full_image__lpips,lama__canonical__canonical__p017_scratch_thin,lama__canonical__canonical__p017_scratch_thin,lama__canonical__canonical__p017_scratch_thin,canonical__p017_scratch_thin,p017_scratch_thin,canonical__p017_scratch_thin,canonical,primary,p017,landscape_natural,Picturesque Landscape,"Anonymous, British, 18th century",,lama,p017_scratch_thin,scratch_thin,p017_scratch_thin,scratch_thin,full_image,589824,0,0,768,768,12946,False,> 127,8,alex,256,0.18766605854034424,0.004620571620762348,0.1830454869195819,0.06940660008694977,0.3763702999567613,2.0.0,restoration_eval.metrics_lpips,cuda,3.12.6,2.1.3,2.2.3,11.0.0,2.5.1+cu121,0.1.4,ok,
lama__canonical__canonical__p017_scratch_thin__content_region__lpips,lama__canonical__canonical__p017_scratch_thin,lama__canonical__canonical__p017_scratch_thin,lama__canonical__canonical__p017_scratch_thin,canonical__p017_scratch_thin,p017_scratch_thin,canonical__p017_scratch_thin,canonical,primary,p017,landscape_natural,Picturesque Landscape,"Anonymous, British, 18th century",,lama,p017_scratch_thin,scratch_thin,p017_scratch_thin,scratch_thin,content_region,434688,101,0,667,768,12946,False,> 127,8,alex,256,0.2162700593471527,0.00514832092449069,0.21112173842266202,0.059158099931664765,0.3763702999567613,2.0.0,restoration_eval.metrics_lpips,cuda,3.12.6,2.1.3,2.2.3,11.0.0,2.5.1+cu121,0.1.4,ok,
lama__canonical__canonical__p017_scratch_thin__mask_bbox_crop__lpips,lama__canonical__canonical__p017_scratch_thin,lama__canonical__canonical__p017_scratch_thin,lama__canonical__canonical__p017_scratch_thin,canonical__p017_scratch_thin,p017_scratch_thin,canonical__p017_scratch_thin,canonical,primary,p017,landscape_natural,Picturesque Landscape,"Anonymous, British, 18th century",,lama,p017_scratch_thin,scratch_thin,p017_scratch_thin,scratch_thin,mask_bbox_crop,589824,0,0,768,768,12946,False,> 127,8,alex,256,0.18766605854034424,0.004620571620762348,0.1830454869195819,0.07066880003549159,0.3763702999567613,2.0.0,restoration_eval.metrics_lpips,cuda,3.12.6,2.1.3,2.2.3,11.0.0,2.5.1+cu121,0.1.4,ok,
lama__canonical__canonical__p017_zero_control__full_image__lpips,lama__canonical__canonical__p017_zero_control,lama__canonical__canonical__p017_zero_control,lama__canonical__canonical__p017_zero_control,canonical__p017_zero_control,p017_zero_control,canonical__p017_zero_control,canonical,primary,p017,landscape_natural,Picturesque Landscape,"Anonymous, British, 18th century",,lama,p017_zero_control,zero_control,p017_zero_control,zero_control,full_image,589824,0,0,768,768,0,True,> 127,8,alex,256,0.0,0.0,0.0,0.07289750000927597,0.3048478999407962,2.0.0,restoration_eval.metrics_lpips,cuda,3.12.6,2.1.3,2.2.3,11.0.0,2.5.1+cu121,0.1.4,ok,
lama__canonical__canonical__p017_zero_control__content_region__lpips,lama__canonical__canonical__p017_zero_control,lama__canonical__canonical__p017_zero_control,lama__canonical__canonical__p017_zero_control,canonical__p017_zero_control,p017_zero_control,canonical__p017_zero_control,canonical,primary,p017,landscape_natural,Picturesque Landscape,"Anonymous, British, 18th century",,lama,p017_zero_control,zero_control,p017_zero_control,zero_control,content_region,434688,101,0,667,768,0,True,> 127,8,alex,256,0.0,0.0,0.0,0.06821900000795722,0.3048478999407962,2.0.0,restoration_eval.metrics_lpips,cuda,3.12.6,2.1.3,2.2.3,11.0.0,2.5.1+cu121,0.1.4,ok,
lama__canonical__canonical__p018_loss_large__full_image__lpips,lama__canonical__canonical__p018_loss_large,lama__canonical__canonical__p018_loss_large,lama__canonical__canonical__p018_loss_large,canonical__p018_loss_large,p018_loss_large,canonical__p018_loss_large,canonical,primary,p018,landscape_natural,Classical Landscape with Figures,Henri Mauperché,,lama,p018_loss_large,loss_large,p018_loss_large,loss_large,full_image,589824,0,0,768,768,42285,False,> 127,8,alex,256,0.1198587417602539,0.030325207859277725,0.08953353390097618,0.06758289993740618,0.3299024999141693,2.0.0,restoration_eval.metrics_lpips,cuda,3.12.6,2.1.3,2.2.3,11.0.0,2.5.1+cu121,0.1.4,ok,
lama__canonical__canonical__p018_loss_large__content_region__lpips,lama__canonical__canonical__p018_loss_large,lama__canonical__canonical__p018_loss_large,lama__canonical__canonical__p018_loss_large,canonical__p018_loss_large,p018_loss_large,canonical__p018_loss_large,canonical,primary,p018,landscape_natural,Classical Landscape with Figures,Henri Mauperché,,lama,p018_loss_large,loss_large,p018_loss_large,loss_large,content_region,389376,0,130,768,637,42285,False,> 127,8,alex,256,0.1767447590827942,0.049780696630477905,0.12696406245231628,0.05648919998202473,0.3299024999141693,2.0.0,restoration_eval.metrics_lpips,cuda,3.12.6,2.1.3,2.2.3,11.0.0,2.5.1+cu121,0.1.4,ok,
lama__canonical__canonical__p018_loss_large__mask_bbox_crop__lpips,lama__canonical__canonical__p018_loss_large,lama__canonical__canonical__p018_loss_large,lama__canonical__canonical__p018_loss_large,canonical__p018_loss_large,p018_loss_large,canonical__p018_loss_large,canonical,primary,p018,landscape_natural,Classical Landscape with Figures,Henri Mauperché,,lama,p018_loss_large,loss_large,p018_loss_large,loss_large,mask_bbox_crop,85264,51,260,343,552,42285,False,> 127,8,alex,256,0.6550160646438599,0.22637081146240234,0.4286452531814575,0.03186990006361157,0.3299024999141693,2.0.0,restoration_eval.metrics_lpips,cuda,3.12.6,2.1.3,2.2.3,11.0.0,2.5.1+cu121,0.1.4,ok,
lama__canonical__canonical__p018_loss_small__full_image__lpips,lama__canonical__canonical__p018_loss_small,lama__canonical__canonical__p018_loss_small,lama__canonical__canonical__p018_loss_small,canonical__p018_loss_small,p018_loss_small,canonical__p018_loss_small,canonical,primary,p018,landscape_natural,Classical Landscape with Figures,Henri Mauperché,,lama,p018_loss_small,loss_small,p018_loss_small,loss_small,full_image,589824,0,0,768,768,14239,False,> 127,8,alex,256,0.12942732870578766,0.006240254733711481,0.12318707397207618,0.06631280004512519,0.3092563000973314,2.0.0,restoration_eval.metrics_lpips,cuda,3.12.6,2.1.3,2.2.3,11.0.0,2.5.1+cu121,0.1.4,ok,
lama__canonical__canonical__p018_loss_small__content_region__lpips,lama__canonical__canonical__p018_loss_small,lama__canonical__canonical__p018_loss_small,lama__canonical__canonical__p018_loss_small,canonical__p018_loss_small,p018_loss_small,canonical__p018_loss_small,canonical,primary,p018,landscape_natural,Classical Landscape with Figures,Henri Mauperché,,lama,p018_loss_small,loss_small,p018_loss_small,loss_small,content_region,389376,0,130,768,637,14239,False,> 127,8,alex,256,0.16229680180549622,0.008846228942275047,0.15345057286322117,0.052313199965283275,0.3092563000973314,2.0.0,restoration_eval.metrics_lpips,cuda,3.12.6,2.1.3,2.2.3,11.0.0,2.5.1+cu121,0.1.4,ok,
lama__canonical__canonical__p018_loss_small__mask_bbox_crop__lpips,lama__canonical__canonical__p018_loss_small,lama__canonical__canonical__p018_loss_small,lama__canonical__canonical__p018_loss_small,canonical__p018_loss_small,p018_loss_small,canonical__p018_loss_small,canonical,primary,p018,landscape_natural,Classical Landscape with Figures,Henri Mauperché,,lama,p018_loss_small,loss_small,p018_loss_small,loss_small,mask_bbox_crop,231361,198,159,679,640,14239,False,> 127,8,alex,256,0.19758526980876923,0.012993479147553444,0.18459179066121578,0.042218999937176704,0.3092563000973314,2.0.0,restoration_eval.metrics_lpips,cuda,3.12.6,2.1.3,2.2.3,11.0.0,2.5.1+cu121,0.1.4,ok,
lama__canonical__canonical__p018_mixed_damage__full_image__lpips,lama__canonical__canonical__p018_mixed_damage,lama__canonical__canonical__p018_mixed_damage,lama__canonical__canonical__p018_mixed_damage,canonical__p018_mixed_damage,p018_mixed_damage,canonical__p018_mixed_damage,canonical,primary,p018,landscape_natural,Classical Landscape with Figures,Henri Mauperché,,lama,p018_mixed_damage,mixed_damage,p018_mixed_damage,mixed_damage,full_image,589824,0,0,768,768,49951,False,> 127,8,alex,256,0.4059962332248688,0.008068354800343513,0.39792787842452526,0.07042359991464764,0.3480810000328347,2.0.0,restoration_eval.metrics_lpips,cuda,3.12.6,2.1.3,2.2.3,11.0.0,2.5.1+cu121,0.1.4,ok,
lama__canonical__canonical__p018_mixed_damage__content_region__lpips,lama__canonical__canonical__p018_mixed_damage,lama__canonical__canonical__p018_mixed_damage,lama__canonical__canonical__p018_mixed_damage,canonical__p018_mixed_damage,p018_mixed_damage,canonical__p018_mixed_damage,canonical,primary,p018,landscape_natural,Classical Landscape with Figures,Henri Mauperché,,lama,p018_mixed_damage,mixed_damage,p018_mixed_damage,mixed_damage,content_region,389376,0,130,768,637,49951,False,> 127,8,alex,256,0.4923367202281952,0.014774005860090256,0.47756271436810493,0.05645979999098927,0.3480810000328347,2.0.0,restoration_eval.metrics_lpips,cuda,3.12.6,2.1.3,2.2.3,11.0.0,2.5.1+cu121,0.1.4,ok,
lama__canonical__canonical__p018_mixed_damage__mask_bbox_crop__lpips,lama__canonical__canonical__p018_mixed_damage,lama__canonical__canonical__p018_mixed_damage,lama__canonical__canonical__p018_mixed_damage,canonical__p018_mixed_damage,p018_mixed_damage,canonical__p018_mixed_damage,canonical,primary,p018,landscape_natural,Classical Landscape with Figures,Henri Mauperché,,lama,p018_mixed_damage,mixed_damage,p018_mixed_damage,mixed_damage,mask_bbox_crop,589824,0,0,768,768,49951,False,> 127,8,alex,256,0.4059962332248688,0.008068354800343513,0.39792787842452526,0.07612970005720854,0.3480810000328347,2.0.0,restoration_eval.metrics_lpips,cuda,3.12.6,2.1.3,2.2.3,11.0.0,2.5.1+cu121,0.1.4,ok,
lama__canonical__canonical__p018_scratch_thin__full_image__lpips,lama__canonical__canonical__p018_scratch_thin,lama__canonical__canonical__p018_scratch_thin,lama__canonical__canonical__p018_scratch_thin,canonical__p018_scratch_thin,p018_scratch_thin,canonical__p018_scratch_thin,canonical,primary,p018,landscape_natural,Classical Landscape with Figures,Henri Mauperché,,lama,p018_scratch_thin,scratch_thin,p018_scratch_thin,scratch_thin,full_image,589824,0,0,768,768,7269,False,> 127,8,alex,256,0.2293078899383545,0.0015317947836592793,0.2277760951546952,0.07634819997474551,0.3771247999975458,2.0.0,restoration_eval.metrics_lpips,cuda,3.12.6,2.1.3,2.2.3,11.0.0,2.5.1+cu121,0.1.4,ok,
lama__canonical__canonical__p018_scratch_thin__content_region__lpips,lama__canonical__canonical__p018_scratch_thin,lama__canonical__canonical__p018_scratch_thin,lama__canonical__canonical__p018_scratch_thin,canonical__p018_scratch_thin,p018_scratch_thin,canonical__p018_scratch_thin,canonical,primary,p018,landscape_natural,Classical Landscape with Figures,Henri Mauperché,,lama,p018_scratch_thin,scratch_thin,p018_scratch_thin,scratch_thin,content_region,389376,0,130,768,637,7269,False,> 127,8,alex,256,0.2511920928955078,0.0023616463877260685,0.24883044650778174,0.06577580003067851,0.3771247999975458,2.0.0,restoration_eval.metrics_lpips,cuda,3.12.6,2.1.3,2.2.3,11.0.0,2.5.1+cu121,0.1.4,ok,
lama__canonical__canonical__p018_scratch_thin__mask_bbox_crop__lpips,lama__canonical__canonical__p018_scratch_thin,lama__canonical__canonical__p018_scratch_thin,lama__canonical__canonical__p018_scratch_thin,canonical__p018_scratch_thin,p018_scratch_thin,canonical__p018_scratch_thin,canonical,primary,p018,landscape_natural,Classical Landscape with Figures,Henri Mauperché,,lama,p018_scratch_thin,scratch_thin,p018_scratch_thin,scratch_thin,mask_bbox_crop,423801,117,58,768,709,7269,False,> 127,8,alex,256,0.2764228880405426,0.0024799529928714037,0.2739429350476712,0.07677799998782575,0.3771247999975458,2.0.0,restoration_eval.metrics_lpips,cuda,3.12.6,2.1.3,2.2.3,11.0.0,2.5.1+cu121,0.1.4,ok,
lama__canonical__canonical__p018_zero_control__full_image__lpips,lama__canonical__canonical__p018_zero_control,lama__canonical__canonical__p018_zero_control,lama__canonical__canonical__p018_zero_control,canonical__p018_zero_control,p018_zero_control,canonical__p018_zero_control,canonical,primary,p018,landscape_natural,Classical Landscape with Figures,Henri Mauperché,,lama,p018_zero_control,zero_control,p018_zero_control,zero_control,full_image,589824,0,0,768,768,0,True,> 127,8,alex,256,0.0,0.0,0.0,0.07493939995765686,0.2830469999462366,2.0.0,restoration_eval.metrics_lpips,cuda,3.12.6,2.1.3,2.2.3,11.0.0,2.5.1+cu121,0.1.4,ok,
lama__canonical__canonical__p018_zero_control__content_region__lpips,lama__canonical__canonical__p018_zero_control,lama__canonical__canonical__p018_zero_control,lama__canonical__canonical__p018_zero_control,canonical__p018_zero_control,p018_zero_control,canonical__p018_zero_control,canonical,primary,p018,landscape_natural,Classical Landscape with Figures,Henri Mauperché,,lama,p018_zero_control,zero_control,p018_zero_control,zero_control,content_region,389376,0,130,768,637,0,True,> 127,8,alex,256,0.0,0.0,0.0,0.061613300000317395,0.2830469999462366,2.0.0,restoration_eval.metrics_lpips,cuda,3.12.6,2.1.3,2.2.3,11.0.0,2.5.1+cu121,0.1.4,ok,
lama__canonical__canonical__p019_loss_large__full_image__lpips,lama__canonical__canonical__p019_loss_large,lama__canonical__canonical__p019_loss_large,lama__canonical__canonical__p019_loss_large,canonical__p019_loss_large,p019_loss_large,canonical__p019_loss_large,canonical,primary,p019,landscape_natural,Evening: Landscape with an Aqueduct,Théodore Géricault,,lama,p019_loss_large,loss_large,p019_loss_large,loss_large,full_image,589824,0,0,768,768,72887,False,> 127,8,alex,256,0.21255704760551453,0.05123494938015938,0.16132209822535515,0.07389130000956357,0.4151302999816835,2.0.0,restoration_eval.metrics_lpips,cuda,3.12.6,2.1.3,2.2.3,11.0.0,2.5.1+cu121,0.1.4,ok,
lama__canonical__canonical__p019_loss_large__content_region__lpips,lama__canonical__canonical__p019_loss_large,lama__canonical__canonical__p019_loss_large,lama__canonical__canonical__p019_loss_large,canonical__p019_loss_large,p019_loss_large,canonical__p019_loss_large,canonical,primary,p019,landscape_natural,Evening: Landscape with an Aqueduct,Théodore Géricault,,lama,p019_loss_large,loss_large,p019_loss_large,loss_large,content_region,516864,47,0,720,768,72887,False,> 127,8,alex,256,0.23424559831619263,0.06189551204442978,0.17235008627176285,0.07332029996905476,0.4151302999816835,2.0.0,restoration_eval.metrics_lpips,cuda,3.12.6,2.1.3,2.2.3,11.0.0,2.5.1+cu121,0.1.4,ok,
lama__canonical__canonical__p019_loss_large__mask_bbox_crop__lpips,lama__canonical__canonical__p019_loss_large,lama__canonical__canonical__p019_loss_large,lama__canonical__canonical__p019_loss_large,canonical__p019_loss_large,p019_loss_large,canonical__p019_loss_large,canonical,primary,p019,landscape_natural,Evening: Landscape with an Aqueduct,Théodore Géricault,,lama,p019_loss_large,loss_large,p019_loss_large,loss_large,mask_bbox_crop,403225,37,82,672,717,72887,False,> 127,8,alex,256,0.25716015696525574,0.0745869055390358,0.18257325142621994,0.05991589999757707,0.4151302999816835,2.0.0,restoration_eval.metrics_lpips,cuda,3.12.6,2.1.3,2.2.3,11.0.0,2.5.1+cu121,0.1.4,ok,
lama__canonical__canonical__p019_loss_small__full_image__lpips,lama__canonical__canonical__p019_loss_small,lama__canonical__canonical__p019_loss_small,lama__canonical__canonical__p019_loss_small,canonical__p019_loss_small,p019_loss_small,canonical__p019_loss_small,canonical,primary,p019,landscape_natural,Evening: Landscape with an Aqueduct,Théodore Géricault,,lama,p019_loss_small,loss_small,p019_loss_small,loss_small,full_image,589824,0,0,768,768,17075,False,> 127,8,alex,256,0.11262346804141998,0.008213096298277378,0.1044103717431426,0.07061489997431636,0.37269780004862696,2.0.0,restoration_eval.metrics_lpips,cuda,3.12.6,2.1.3,2.2.3,11.0.0,2.5.1+cu121,0.1.4,ok,
lama__canonical__canonical__p019_loss_small__content_region__lpips,lama__canonical__canonical__p019_loss_small,lama__canonical__canonical__p019_loss_small,lama__canonical__canonical__p019_loss_small,canonical__p019_loss_small,p019_loss_small,canonical__p019_loss_small,canonical,primary,p019,landscape_natural,Evening: Landscape with an Aqueduct,Théodore Géricault,,lama,p019_loss_small,loss_small,p019_loss_small,loss_small,content_region,516864,47,0,720,768,17075,False,> 127,8,alex,256,0.11994392424821854,0.010164125822484493,0.10977979842573404,0.07229469995945692,0.37269780004862696,2.0.0,restoration_eval.metrics_lpips,cuda,3.12.6,2.1.3,2.2.3,11.0.0,2.5.1+cu121,0.1.4,ok,
lama__canonical__canonical__p019_loss_small__mask_bbox_crop__lpips,lama__canonical__canonical__p019_loss_small,lama__canonical__canonical__p019_loss_small,lama__canonical__canonical__p019_loss_small,canonical__p019_loss_small,p019_loss_small,canonical__p019_loss_small,canonical,primary,p019,landscape_natural,Evening: Landscape with an Aqueduct,Théodore Géricault,,lama,p019_loss_small,loss_small,p019_loss_small,loss_small,mask_bbox_crop,251001,157,257,658,758,17075,False,> 127,8,alex,256,0.15866145491600037,0.017945798113942146,0.14071565680205822,0.04482870001811534,0.37269780004862696,2.0.0,restoration_eval.metrics_lpips,cuda,3.12.6,2.1.3,2.2.3,11.0.0,2.5.1+cu121,0.1.4,ok,
lama__canonical__canonical__p019_mixed_damage__full_image__lpips,lama__canonical__canonical__p019_mixed_damage,lama__canonical__canonical__p019_mixed_damage,lama__canonical__canonical__p019_mixed_damage,canonical__p019_mixed_damage,p019_mixed_damage,canonical__p019_mixed_damage,canonical,primary,p019,landscape_natural,Evening: Landscape with an Aqueduct,Théodore Géricault,,lama,p019_mixed_damage,mixed_damage,p019_mixed_damage,mixed_damage,full_image,589824,0,0,768,768,45763,False,> 127,8,alex,256,0.32552212476730347,0.01823655143380165,0.3072855733335018,0.06920079991687089,0.3903870000503957,2.0.0,restoration_eval.metrics_lpips,cuda,3.12.6,2.1.3,2.2.3,11.0.0,2.5.1+cu121,0.1.4,ok,
lama__canonical__canonical__p019_mixed_damage__content_region__lpips,lama__canonical__canonical__p019_mixed_damage,lama__canonical__canonical__p019_mixed_damage,lama__canonical__canonical__p019_mixed_damage,canonical__p019_mixed_damage,p019_mixed_damage,canonical__p019_mixed_damage,canonical,primary,p019,landscape_natural,Evening: Landscape with an Aqueduct,Théodore Géricault,,lama,p019_mixed_damage,mixed_damage,p019_mixed_damage,mixed_damage,content_region,516864,47,0,720,768,45763,False,> 127,8,alex,256,0.33267784118652344,0.022420793771743774,0.31025704741477966,0.06999380001798272,0.3903870000503957,2.0.0,restoration_eval.metrics_lpips,cuda,3.12.6,2.1.3,2.2.3,11.0.0,2.5.1+cu121,0.1.4,ok,
lama__canonical__canonical__p019_mixed_damage__mask_bbox_crop__lpips,lama__canonical__canonical__p019_mixed_damage,lama__canonical__canonical__p019_mixed_damage,lama__canonical__canonical__p019_mixed_damage,canonical__p019_mixed_damage,p019_mixed_damage,canonical__p019_mixed_damage,canonical,primary,p019,landscape_natural,Evening: Landscape with an Aqueduct,Théodore Géricault,,lama,p019_mixed_damage,mixed_damage,p019_mixed_damage,mixed_damage,mask_bbox_crop,589824,0,0,768,768,45763,False,> 127,8,alex,256,0.32552212476730347,0.01823655143380165,0.3072855733335018,0.07565490005072206,0.3903870000503957,2.0.0,restoration_eval.metrics_lpips,cuda,3.12.6,2.1.3,2.2.3,11.0.0,2.5.1+cu121,0.1.4,ok,
lama__canonical__canonical__p019_scratch_thin__full_image__lpips,lama__canonical__canonical__p019_scratch_thin,lama__canonical__canonical__p019_scratch_thin,lama__canonical__canonical__p019_scratch_thin,canonical__p019_scratch_thin,p019_scratch_thin,canonical__p019_scratch_thin,canonical,primary,p019,landscape_natural,Evening: Landscape with an Aqueduct,Théodore Géricault,,lama,p019_scratch_thin,scratch_thin,p019_scratch_thin,scratch_thin,full_image,589824,0,0,768,768,6187,False,> 127,8,alex,256,0.1857912242412567,0.00040403910679742694,0.1853871851344593,0.2241857999470085,0.5351026999996975,2.0.0,restoration_eval.metrics_lpips,cuda,3.12.6,2.1.3,2.2.3,11.0.0,2.5.1+cu121,0.1.4,ok,
lama__canonical__canonical__p019_scratch_thin__content_region__lpips,lama__canonical__canonical__p019_scratch_thin,lama__canonical__canonical__p019_scratch_thin,lama__canonical__canonical__p019_scratch_thin,canonical__p019_scratch_thin,p019_scratch_thin,canonical__p019_scratch_thin,canonical,primary,p019,landscape_natural,Evening: Landscape with an Aqueduct,Théodore Géricault,,lama,p019_scratch_thin,scratch_thin,p019_scratch_thin,scratch_thin,content_region,516864,47,0,720,768,6187,False,> 127,8,alex,256,0.20042432844638824,0.0005266244988888502,0.1998977039474994,0.0691593000665307,0.5351026999996975,2.0.0,restoration_eval.metrics_lpips,cuda,3.12.6,2.1.3,2.2.3,11.0.0,2.5.1+cu121,0.1.4,ok,
lama__canonical__canonical__p019_scratch_thin__mask_bbox_crop__lpips,lama__canonical__canonical__p019_scratch_thin,lama__canonical__canonical__p019_scratch_thin,lama__canonical__canonical__p019_scratch_thin,canonical__p019_scratch_thin,p019_scratch_thin,canonical__p019_scratch_thin,canonical,primary,p019,landscape_natural,Evening: Landscape with an Aqueduct,Théodore Géricault,,lama,p019_scratch_thin,scratch_thin,p019_scratch_thin,scratch_thin,mask_bbox_crop,589824,0,0,768,768,6187,False,> 127,8,alex,256,0.1857912242412567,0.00040403910679742694,0.1853871851344593,0.06737810000777245,0.5351026999996975,2.0.0,restoration_eval.metrics_lpips,cuda,3.12.6,2.1.3,2.2.3,11.0.0,2.5.1+cu121,0.1.4,ok,
lama__canonical__canonical__p019_zero_control__full_image__lpips,lama__canonical__canonical__p019_zero_control,lama__canonical__canonical__p019_zero_control,lama__canonical__canonical__p019_zero_control,canonical__p019_zero_control,p019_zero_control,canonical__p019_zero_control,canonical,primary,p019,landscape_natural,Evening: Landscape with an Aqueduct,Théodore Géricault,,lama,p019_zero_control,zero_control,p019_zero_control,zero_control,full_image,589824,0,0,768,768,0,True,> 127,8,alex,256,0.0,0.0,0.0,0.06958599993959069,0.3162040999159217,2.0.0,restoration_eval.metrics_lpips,cuda,3.12.6,2.1.3,2.2.3,11.0.0,2.5.1+cu121,0.1.4,ok,
lama__canonical__canonical__p019_zero_control__content_region__lpips,lama__canonical__canonical__p019_zero_control,lama__canonical__canonical__p019_zero_control,lama__canonical__canonical__p019_zero_control,canonical__p019_zero_control,p019_zero_control,canonical__p019_zero_control,canonical,primary,p019,landscape_natural,Evening: Landscape with an Aqueduct,Théodore Géricault,,lama,p019_zero_control,zero_control,p019_zero_control,zero_control,content_region,516864,47,0,720,768,0,True,> 127,8,alex,256,0.0,0.0,0.0,0.07499760005157441,0.3162040999159217,2.0.0,restoration_eval.metrics_lpips,cuda,3.12.6,2.1.3,2.2.3,11.0.0,2.5.1+cu121,0.1.4,ok,
lama__canonical__canonical__p020_loss_large__full_image__lpips,lama__canonical__canonical__p020_loss_large,lama__canonical__canonical__p020_loss_large,lama__canonical__canonical__p020_loss_large,canonical__p020_loss_large,p020_loss_large,canonical__p020_loss_large,canonical,primary,p020,landscape_natural,Mediterranean landscape (recto); Mountains (verso),Unknown,,lama,p020_loss_large,loss_large,p020_loss_large,loss_large,full_image,589824,0,0,768,768,59008,False,> 127,8,alex,256,0.12718565762043,0.02423468604683876,0.10295097157359123,0.07046610000543296,0.34489800001028925,2.0.0,restoration_eval.metrics_lpips,cuda,3.12.6,2.1.3,2.2.3,11.0.0,2.5.1+cu121,0.1.4,ok,
lama__canonical__canonical__p020_loss_large__content_region__lpips,lama__canonical__canonical__p020_loss_large,lama__canonical__canonical__p020_loss_large,lama__canonical__canonical__p020_loss_large,canonical__p020_loss_large,p020_loss_large,canonical__p020_loss_large,canonical,primary,p020,landscape_natural,Mediterranean landscape (recto); Mountains (verso),Unknown,,lama,p020_loss_large,loss_large,p020_loss_large,loss_large,content_region,406272,0,119,768,648,59008,False,> 127,8,alex,256,0.17548491060733795,0.04674927145242691,0.12873563915491104,0.05788440001197159,0.34489800001028925,2.0.0,restoration_eval.metrics_lpips,cuda,3.12.6,2.1.3,2.2.3,11.0.0,2.5.1+cu121,0.1.4,ok,
lama__canonical__canonical__p020_loss_large__mask_bbox_crop__lpips,lama__canonical__canonical__p020_loss_large,lama__canonical__canonical__p020_loss_large,lama__canonical__canonical__p020_loss_large,canonical__p020_loss_large,p020_loss_large,canonical__p020_loss_large,canonical,primary,p020,landscape_natural,Mediterranean landscape (recto); Mountains (verso),Unknown,,lama,p020_loss_large,loss_large,p020_loss_large,loss_large,mask_bbox_crop,138384,86,155,458,527,59008,False,> 127,8,alex,256,0.41325926780700684,0.15951386094093323,0.2537454068660736,0.04558190004900098,0.34489800001028925,2.0.0,restoration_eval.metrics_lpips,cuda,3.12.6,2.1.3,2.2.3,11.0.0,2.5.1+cu121,0.1.4,ok,
lama__canonical__canonical__p020_loss_small__full_image__lpips,lama__canonical__canonical__p020_loss_small,lama__canonical__canonical__p020_loss_small,lama__canonical__canonical__p020_loss_small,canonical__p020_loss_small,p020_loss_small,canonical__p020_loss_small,canonical,primary,p020,landscape_natural,Mediterranean landscape (recto); Mountains (verso),Unknown,,lama,p020_loss_small,loss_small,p020_loss_small,loss_small,full_image,589824,0,0,768,768,13032,False,> 127,8,alex,256,0.06025578826665878,0.004684675484895706,0.05557111278176308,0.06792719999793917,0.3305275000166148,2.0.0,restoration_eval.metrics_lpips,cuda,3.12.6,2.1.3,2.2.3,11.0.0,2.5.1+cu121,0.1.4,ok,
lama__canonical__canonical__p020_loss_small__content_region__lpips,lama__canonical__canonical__p020_loss_small,lama__canonical__canonical__p020_loss_small,lama__canonical__canonical__p020_loss_small,canonical__p020_loss_small,p020_loss_small,canonical__p020_loss_small,canonical,primary,p020,landscape_natural,Mediterranean landscape (recto); Mountains (verso),Unknown,,lama,p020_loss_small,loss_small,p020_loss_small,loss_small,content_region,406272,0,119,768,648,13032,False,> 127,8,alex,256,0.08165750652551651,0.006227409932762384,0.07543009659275413,0.055615499964915216,0.3305275000166148,2.0.0,restoration_eval.metrics_lpips,cuda,3.12.6,2.1.3,2.2.3,11.0.0,2.5.1+cu121,0.1.4,ok,
lama__canonical__canonical__p020_loss_small__mask_bbox_crop__lpips,lama__canonical__canonical__p020_loss_small,lama__canonical__canonical__p020_loss_small,lama__canonical__canonical__p020_loss_small,canonical__p020_loss_small,p020_loss_small,canonical__p020_loss_small,canonical,primary,p020,landscape_natural,Mediterranean landscape (recto); Mountains (verso),Unknown,,lama,p020_loss_small,loss_small,p020_loss_small,loss_small,mask_bbox_crop,203401,66,288,517,739,13032,False,> 127,8,alex,256,0.13406534492969513,0.015091566368937492,0.11897377856075764,0.03977999999187887,0.3305275000166148,2.0.0,restoration_eval.metrics_lpips,cuda,3.12.6,2.1.3,2.2.3,11.0.0,2.5.1+cu121,0.1.4,ok,
lama__canonical__canonical__p020_mixed_damage__full_image__lpips,lama__canonical__canonical__p020_mixed_damage,lama__canonical__canonical__p020_mixed_damage,lama__canonical__canonical__p020_mixed_damage,canonical__p020_mixed_damage,p020_mixed_damage,canonical__p020_mixed_damage,canonical,primary,p020,landscape_natural,Mediterranean landscape (recto); Mountains (verso),Unknown,,lama,p020_mixed_damage,mixed_damage,p020_mixed_damage,mixed_damage,full_image,589824,0,0,768,768,34209,False,> 127,8,alex,256,0.2127399444580078,0.015461484901607037,0.19727845955640078,0.06865189992822707,0.3470166999613866,2.0.0,restoration_eval.metrics_lpips,cuda,3.12.6,2.1.3,2.2.3,11.0.0,2.5.1+cu121,0.1.4,ok,
lama__canonical__canonical__p020_mixed_damage__content_region__lpips,lama__canonical__canonical__p020_mixed_damage,lama__canonical__canonical__p020_mixed_damage,lama__canonical__canonical__p020_mixed_damage,canonical__p020_mixed_damage,p020_mixed_damage,canonical__p020_mixed_damage,canonical,primary,p020,landscape_natural,Mediterranean landscape (recto); Mountains (verso),Unknown,,lama,p020_mixed_damage,mixed_damage,p020_mixed_damage,mixed_damage,content_region,406272,0,119,768,648,34209,False,> 127,8,alex,256,0.26008909940719604,0.018225330859422684,0.24186376854777336,0.05371600005310029,0.3470166999613866,2.0.0,restoration_eval.metrics_lpips,cuda,3.12.6,2.1.3,2.2.3,11.0.0,2.5.1+cu121,0.1.4,ok,
lama__canonical__canonical__p020_mixed_damage__mask_bbox_crop__lpips,lama__canonical__canonical__p020_mixed_damage,lama__canonical__canonical__p020_mixed_damage,lama__canonical__canonical__p020_mixed_damage,canonical__p020_mixed_damage,p020_mixed_damage,canonical__p020_mixed_damage,canonical,primary,p020,landscape_natural,Mediterranean landscape (recto); Mountains (verso),Unknown,,lama,p020_mixed_damage,mixed_damage,p020_mixed_damage,mixed_damage,mask_bbox_crop,589824,0,0,768,768,34209,False,> 127,8,alex,256,0.2127399444580078,0.015461484901607037,0.19727845955640078,0.06742450001183897,0.3470166999613866,2.0.0,restoration_eval.metrics_lpips,cuda,3.12.6,2.1.3,2.2.3,11.0.0,2.5.1+cu121,0.1.4,ok,
lama__canonical__canonical__p020_scratch_thin__full_image__lpips,lama__canonical__canonical__p020_scratch_thin,lama__canonical__canonical__p020_scratch_thin,lama__canonical__canonical__p020_scratch_thin,canonical__p020_scratch_thin,p020_scratch_thin,canonical__p020_scratch_thin,canonical,primary,p020,landscape_natural,Mediterranean landscape (recto); Mountains (verso),Unknown,,lama,p020_scratch_thin,scratch_thin,p020_scratch_thin,scratch_thin,full_image,589824,0,0,768,768,8734,False,> 127,8,alex,256,0.1613912433385849,0.001751784235239029,0.15963945910334587,0.07065620005596429,0.34088189993053675,2.0.0,restoration_eval.metrics_lpips,cuda,3.12.6,2.1.3,2.2.3,11.0.0,2.5.1+cu121,0.1.4,ok,
lama__canonical__canonical__p020_scratch_thin__content_region__lpips,lama__canonical__canonical__p020_scratch_thin,lama__canonical__canonical__p020_scratch_thin,lama__canonical__canonical__p020_scratch_thin,canonical__p020_scratch_thin,p020_scratch_thin,canonical__p020_scratch_thin,canonical,primary,p020,landscape_natural,Mediterranean landscape (recto); Mountains (verso),Unknown,,lama,p020_scratch_thin,scratch_thin,p020_scratch_thin,scratch_thin,content_region,406272,0,119,768,648,8734,False,> 127,8,alex,256,0.1979251205921173,0.0020061666145920753,0.19591895397752523,0.055131200002506375,0.34088189993053675,2.0.0,restoration_eval.metrics_lpips,cuda,3.12.6,2.1.3,2.2.3,11.0.0,2.5.1+cu121,0.1.4,ok,
lama__canonical__canonical__p020_scratch_thin__mask_bbox_crop__lpips,lama__canonical__canonical__p020_scratch_thin,lama__canonical__canonical__p020_scratch_thin,lama__canonical__canonical__p020_scratch_thin,canonical__p020_scratch_thin,p020_scratch_thin,canonical__p020_scratch_thin,canonical,primary,p020,landscape_natural,Mediterranean landscape (recto); Mountains (verso),Unknown,,lama,p020_scratch_thin,scratch_thin,p020_scratch_thin,scratch_thin,mask_bbox_crop,589824,0,0,768,768,8734,False,> 127,8,alex,256,0.1613912433385849,0.001751784235239029,0.15963945910334587,0.06971549999434501,0.34088189993053675,2.0.0,restoration_eval.metrics_lpips,cuda,3.12.6,2.1.3,2.2.3,11.0.0,2.5.1+cu121,0.1.4,ok,
lama__canonical__canonical__p020_zero_control__full_image__lpips,lama__canonical__canonical__p020_zero_control,lama__canonical__canonical__p020_zero_control,lama__canonical__canonical__p020_zero_control,canonical__p020_zero_control,p020_zero_control,canonical__p020_zero_control,canonical,primary,p020,landscape_natural,Mediterranean landscape (recto); Mountains (verso),Unknown,,lama,p020_zero_control,zero_control,p020_zero_control,zero_control,full_image,589824,0,0,768,768,0,True,> 127,8,alex,256,0.0,0.0,0.0,0.07343009999021888,0.30512560007628053,2.0.0,restoration_eval.metrics_lpips,cuda,3.12.6,2.1.3,2.2.3,11.0.0,2.5.1+cu121,0.1.4,ok,
lama__canonical__canonical__p020_zero_control__content_region__lpips,lama__canonical__canonical__p020_zero_control,lama__canonical__canonical__p020_zero_control,lama__canonical__canonical__p020_zero_control,canonical__p020_zero_control,p020_zero_control,canonical__p020_zero_control,canonical,primary,p020,landscape_natural,Mediterranean landscape (recto); Mountains (verso),Unknown,,lama,p020_zero_control,zero_control,p020_zero_control,zero_control,content_region,406272,0,119,768,648,0,True,> 127,8,alex,256,0.0,0.0,0.0,0.0679734000004828,0.30512560007628053,2.0.0,restoration_eval.metrics_lpips,cuda,3.12.6,2.1.3,2.2.3,11.0.0,2.5.1+cu121,0.1.4,ok,
lama__canonical__canonical__p021_loss_large__full_image__lpips,lama__canonical__canonical__p021_loss_large,lama__canonical__canonical__p021_loss_large,lama__canonical__canonical__p021_loss_large,canonical__p021_loss_large,p021_loss_large,canonical__p021_loss_large,canonical,primary,p021,architecture_structured,Interior of the Oude Kerk in Delft,Gerard Houckgeest,,lama,p021_loss_large,loss_large,p021_loss_large,loss_large,full_image,589824,0,0,768,768,57771,False,> 127,8,alex,256,0.18592441082000732,0.05572368949651718,0.13020072132349014,0.07662050006911159,0.39999960002023727,2.0.0,restoration_eval.metrics_lpips,cuda,3.12.6,2.1.3,2.2.3,11.0.0,2.5.1+cu121,0.1.4,ok,
lama__canonical__canonical__p021_loss_large__content_region__lpips,lama__canonical__canonical__p021_loss_large,lama__canonical__canonical__p021_loss_large,lama__canonical__canonical__p021_loss_large,canonical__p021_loss_large,p021_loss_large,canonical__p021_loss_large,canonical,primary,p021,architecture_structured,Interior of the Oude Kerk in Delft,Gerard Houckgeest,,lama,p021_loss_large,loss_large,p021_loss_large,loss_large,content_region,498432,59,0,708,768,57771,False,> 127,8,alex,256,0.1981213092803955,0.0673527717590332,0.1307685375213623,0.08076569996774197,0.39999960002023727,2.0.0,restoration_eval.metrics_lpips,cuda,3.12.6,2.1.3,2.2.3,11.0.0,2.5.1+cu121,0.1.4,ok,
lama__canonical__canonical__p021_loss_large__mask_bbox_crop__lpips,lama__canonical__canonical__p021_loss_large,lama__canonical__canonical__p021_loss_large,lama__canonical__canonical__p021_loss_large,canonical__p021_loss_large,p021_loss_large,canonical__p021_loss_large,canonical,primary,p021,architecture_structured,Interior of the Oude Kerk in Delft,Gerard Houckgeest,,lama,p021_loss_large,loss_large,p021_loss_large,loss_large,mask_bbox_crop,112225,319,303,654,638,57771,False,> 127,8,alex,256,0.6556375026702881,0.276176780462265,0.37946072220802307,0.05122260004281998,0.39999960002023727,2.0.0,restoration_eval.metrics_lpips,cuda,3.12.6,2.1.3,2.2.3,11.0.0,2.5.1+cu121,0.1.4,ok,
lama__canonical__canonical__p021_loss_small__full_image__lpips,lama__canonical__canonical__p021_loss_small,lama__canonical__canonical__p021_loss_small,lama__canonical__canonical__p021_loss_small,canonical__p021_loss_small,p021_loss_small,canonical__p021_loss_small,canonical,primary,p021,architecture_structured,Interior of the Oude Kerk in Delft,Gerard Houckgeest,,lama,p021_loss_small,loss_small,p021_loss_small,loss_small,full_image,589824,0,0,768,768,18677,False,> 127,8,alex,256,0.18111294507980347,0.005554484203457832,0.17555846087634563,0.07023690000642091,0.39586470008362085,2.0.0,restoration_eval.metrics_lpips,cuda,3.12.6,2.1.3,2.2.3,11.0.0,2.5.1+cu121,0.1.4,ok,
lama__canonical__canonical__p021_loss_small__content_region__lpips,lama__canonical__canonical__p021_loss_small,lama__canonical__canonical__p021_loss_small,lama__canonical__canonical__p021_loss_small,canonical__p021_loss_small,p021_loss_small,canonical__p021_loss_small,canonical,primary,p021,architecture_structured,Interior of the Oude Kerk in Delft,Gerard Houckgeest,,lama,p021_loss_small,loss_small,p021_loss_small,loss_small,content_region,498432,59,0,708,768,18677,False,> 127,8,alex,256,0.18861916661262512,0.008474230766296387,0.18014493584632874,0.07187129999510944,0.39586470008362085,2.0.0,restoration_eval.metrics_lpips,cuda,3.12.6,2.1.3,2.2.3,11.0.0,2.5.1+cu121,0.1.4,ok,
lama__canonical__canonical__p021_loss_small__mask_bbox_crop__lpips,lama__canonical__canonical__p021_loss_small,lama__canonical__canonical__p021_loss_small,lama__canonical__canonical__p021_loss_small,canonical__p021_loss_small,p021_loss_small,canonical__p021_loss_small,canonical,primary,p021,architecture_structured,Interior of the Oude Kerk in Delft,Gerard Houckgeest,,lama,p021_loss_small,loss_small,p021_loss_small,loss_small,mask_bbox_crop,372100,56,78,666,688,18677,False,> 127,8,alex,256,0.1893463283777237,0.009651572443544865,0.17969475593417883,0.06741290003992617,0.39586470008362085,2.0.0,restoration_eval.metrics_lpips,cuda,3.12.6,2.1.3,2.2.3,11.0.0,2.5.1+cu121,0.1.4,ok,
lama__canonical__canonical__p021_mixed_damage__full_image__lpips,lama__canonical__canonical__p021_mixed_damage,lama__canonical__canonical__p021_mixed_damage,lama__canonical__canonical__p021_mixed_damage,canonical__p021_mixed_damage,p021_mixed_damage,canonical__p021_mixed_damage,canonical,primary,p021,architecture_structured,Interior of the Oude Kerk in Delft,Gerard Houckgeest,,lama,p021_mixed_damage,mixed_damage,p021_mixed_damage,mixed_damage,full_image,589824,0,0,768,768,49836,False,> 127,8,alex,256,0.3685751259326935,0.0160394087433815,0.352535717189312,0.0961750999558717,0.43720960000064224,2.0.0,restoration_eval.metrics_lpips,cuda,3.12.6,2.1.3,2.2.3,11.0.0,2.5.1+cu121,0.1.4,ok,
lama__canonical__canonical__p021_mixed_damage__content_region__lpips,lama__canonical__canonical__p021_mixed_damage,lama__canonical__canonical__p021_mixed_damage,lama__canonical__canonical__p021_mixed_damage,canonical__p021_mixed_damage,p021_mixed_damage,canonical__p021_mixed_damage,canonical,primary,p021,architecture_structured,Interior of the Oude Kerk in Delft,Gerard Houckgeest,,lama,p021_mixed_damage,mixed_damage,p021_mixed_damage,mixed_damage,content_region,498432,59,0,708,768,49836,False,> 127,8,alex,256,0.38095226883888245,0.02302853949368,0.35792372934520245,0.07703699998091906,0.43720960000064224,2.0.0,restoration_eval.metrics_lpips,cuda,3.12.6,2.1.3,2.2.3,11.0.0,2.5.1+cu121,0.1.4,ok,
lama__canonical__canonical__p021_mixed_damage__mask_bbox_crop__lpips,lama__canonical__canonical__p021_mixed_damage,lama__canonical__canonical__p021_mixed_damage,lama__canonical__canonical__p021_mixed_damage,canonical__p021_mixed_damage,p021_mixed_damage,canonical__p021_mixed_damage,canonical,primary,p021,architecture_structured,Interior of the Oude Kerk in Delft,Gerard Houckgeest,,lama,p021_mixed_damage,mixed_damage,p021_mixed_damage,mixed_damage,mask_bbox_crop,527076,20,42,746,768,49836,False,> 127,8,alex,256,0.39586910605430603,0.02118152752518654,0.3746875785291195,0.09164630004670471,0.43720960000064224,2.0.0,restoration_eval.metrics_lpips,cuda,3.12.6,2.1.3,2.2.3,11.0.0,2.5.1+cu121,0.1.4,ok,
lama__canonical__canonical__p021_scratch_thin__full_image__lpips,lama__canonical__canonical__p021_scratch_thin,lama__canonical__canonical__p021_scratch_thin,lama__canonical__canonical__p021_scratch_thin,canonical__p021_scratch_thin,p021_scratch_thin,canonical__p021_scratch_thin,canonical,primary,p021,architecture_structured,Interior of the Oude Kerk in Delft,Gerard Houckgeest,,lama,p021_scratch_thin,scratch_thin,p021_scratch_thin,scratch_thin,full_image,589824,0,0,768,768,9825,False,> 127,8,alex,256,0.2900528609752655,0.004789331462234259,0.28526352951303124,0.06328130001202226,0.3840195999946445,2.0.0,restoration_eval.metrics_lpips,cuda,3.12.6,2.1.3,2.2.3,11.0.0,2.5.1+cu121,0.1.4,ok,
lama__canonical__canonical__p021_scratch_thin__content_region__lpips,lama__canonical__canonical__p021_scratch_thin,lama__canonical__canonical__p021_scratch_thin,lama__canonical__canonical__p021_scratch_thin,canonical__p021_scratch_thin,p021_scratch_thin,canonical__p021_scratch_thin,canonical,primary,p021,architecture_structured,Interior of the Oude Kerk in Delft,Gerard Houckgeest,,lama,p021_scratch_thin,scratch_thin,p021_scratch_thin,scratch_thin,content_region,498432,59,0,708,768,9825,False,> 127,8,alex,256,0.30030590295791626,0.0015447107143700123,0.29876119224354625,0.06924219999928027,0.3840195999946445,2.0.0,restoration_eval.metrics_lpips,cuda,3.12.6,2.1.3,2.2.3,11.0.0,2.5.1+cu121,0.1.4,ok,
lama__canonical__canonical__p021_scratch_thin__mask_bbox_crop__lpips,lama__canonical__canonical__p021_scratch_thin,lama__canonical__canonical__p021_scratch_thin,lama__canonical__canonical__p021_scratch_thin,canonical__p021_scratch_thin,p021_scratch_thin,canonical__p021_scratch_thin,canonical,primary,p021,architecture_structured,Interior of the Oude Kerk in Delft,Gerard Houckgeest,,lama,p021_scratch_thin,scratch_thin,p021_scratch_thin,scratch_thin,mask_bbox_crop,589824,0,0,768,768,9825,False,> 127,8,alex,256,0.2900528609752655,0.004789331462234259,0.28526352951303124,0.06870720000006258,0.3840195999946445,2.0.0,restoration_eval.metrics_lpips,cuda,3.12.6,2.1.3,2.2.3,11.0.0,2.5.1+cu121,0.1.4,ok,
lama__canonical__canonical__p021_zero_control__full_image__lpips,lama__canonical__canonical__p021_zero_control,lama__canonical__canonical__p021_zero_control,lama__canonical__canonical__p021_zero_control,canonical__p021_zero_control,p021_zero_control,canonical__p021_zero_control,canonical,primary,p021,architecture_structured,Interior of the Oude Kerk in Delft,Gerard Houckgeest,,lama,p021_zero_control,zero_control,p021_zero_control,zero_control,full_image,589824,0,0,768,768,0,True,> 127,8,alex,256,0.0,0.0,0.0,0.06676049996167421,0.27038969995919615,2.0.0,restoration_eval.metrics_lpips,cuda,3.12.6,2.1.3,2.2.3,11.0.0,2.5.1+cu121,0.1.4,ok,
lama__canonical__canonical__p021_zero_control__content_region__lpips,lama__canonical__canonical__p021_zero_control,lama__canonical__canonical__p021_zero_control,lama__canonical__canonical__p021_zero_control,canonical__p021_zero_control,p021_zero_control,canonical__p021_zero_control,canonical,primary,p021,architecture_structured,Interior of the Oude Kerk in Delft,Gerard Houckgeest,,lama,p021_zero_control,zero_control,p021_zero_control,zero_control,content_region,498432,59,0,708,768,0,True,> 127,8,alex,256,0.0,0.0,0.0,0.06208459998015314,0.27038969995919615,2.0.0,restoration_eval.metrics_lpips,cuda,3.12.6,2.1.3,2.2.3,11.0.0,2.5.1+cu121,0.1.4,ok,
lama__canonical__canonical__p022_loss_large__full_image__lpips,lama__canonical__canonical__p022_loss_large,lama__canonical__canonical__p022_loss_large,lama__canonical__canonical__p022_loss_large,canonical__p022_loss_large,p022_loss_large,canonical__p022_loss_large,canonical,primary,p022,architecture_structured,"Interior of a Protestant, Gothic Church, with a Gravedigger in the Choir",Emanuel de Witte,,lama,p022_loss_large,loss_large,p022_loss_large,loss_large,full_image,589824,0,0,768,768,53891,False,> 127,8,alex,256,0.17184662818908691,0.060635171830654144,0.11121145635843277,0.0657772000413388,0.34489960002247244,2.0.0,restoration_eval.metrics_lpips,cuda,3.12.6,2.1.3,2.2.3,11.0.0,2.5.1+cu121,0.1.4,ok,
lama__canonical__canonical__p022_loss_large__content_region__lpips,lama__canonical__canonical__p022_loss_large,lama__canonical__canonical__p022_loss_large,lama__canonical__canonical__p022_loss_large,canonical__p022_loss_large,p022_loss_large,canonical__p022_loss_large,canonical,primary,p022,architecture_structured,"Interior of a Protestant, Gothic Church, with a Gravedigger in the Choir",Emanuel de Witte,,lama,p022_loss_large,loss_large,p022_loss_large,loss_large,content_region,459264,85,0,683,768,53891,False,> 127,8,alex,256,0.2145492136478424,0.07820890843868256,0.13634030520915985,0.062346499995328486,0.34489960002247244,2.0.0,restoration_eval.metrics_lpips,cuda,3.12.6,2.1.3,2.2.3,11.0.0,2.5.1+cu121,0.1.4,ok,
lama__canonical__canonical__p022_loss_large__mask_bbox_crop__lpips,lama__canonical__canonical__p022_loss_large,lama__canonical__canonical__p022_loss_large,lama__canonical__canonical__p022_loss_large,canonical__p022_loss_large,p022_loss_large,canonical__p022_loss_large,canonical,primary,p022,architecture_structured,"Interior of a Protestant, Gothic Church, with a Gravedigger in the Choir",Emanuel de Witte,,lama,p022_loss_large,loss_large,p022_loss_large,loss_large,mask_bbox_crop,145161,206,387,587,768,53891,False,> 127,8,alex,256,0.5055477619171143,0.26555073261260986,0.2399970293045044,0.037409799988381565,0.34489960002247244,2.0.0,restoration_eval.metrics_lpips,cuda,3.12.6,2.1.3,2.2.3,11.0.0,2.5.1+cu121,0.1.4,ok,
lama__canonical__canonical__p022_loss_small__full_image__lpips,lama__canonical__canonical__p022_loss_small,lama__canonical__canonical__p022_loss_small,lama__canonical__canonical__p022_loss_small,canonical__p022_loss_small,p022_loss_small,canonical__p022_loss_small,canonical,primary,p022,architecture_structured,"Interior of a Protestant, Gothic Church, with a Gravedigger in the Choir",Emanuel de Witte,,lama,p022_loss_small,loss_small,p022_loss_small,loss_small,full_image,589824,0,0,768,768,20293,False,> 127,8,alex,256,0.2074689120054245,0.005954792257398367,0.20151411974802613,0.06887640000786632,0.3546410999260843,2.0.0,restoration_eval.metrics_lpips,cuda,3.12.6,2.1.3,2.2.3,11.0.0,2.5.1+cu121,0.1.4,ok,
lama__canonical__canonical__p022_loss_small__content_region__lpips,lama__canonical__canonical__p022_loss_small,lama__canonical__canonical__p022_loss_small,lama__canonical__canonical__p022_loss_small,canonical__p022_loss_small,p022_loss_small,canonical__p022_loss_small,canonical,primary,p022,architecture_structured,"Interior of a Protestant, Gothic Church, with a Gravedigger in the Choir",Emanuel de Witte,,lama,p022_loss_small,loss_small,p022_loss_small,loss_small,content_region,459264,85,0,683,768,20293,False,> 127,8,alex,256,0.23971354961395264,0.007170502562075853,0.23254304705187678,0.056038200040347874,0.3546410999260843,2.0.0,restoration_eval.metrics_lpips,cuda,3.12.6,2.1.3,2.2.3,11.0.0,2.5.1+cu121,0.1.4,ok,
lama__canonical__canonical__p022_loss_small__mask_bbox_crop__lpips,lama__canonical__canonical__p022_loss_small,lama__canonical__canonical__p022_loss_small,lama__canonical__canonical__p022_loss_small,canonical__p022_loss_small,p022_loss_small,canonical__p022_loss_small,canonical,primary,p022,architecture_structured,"Interior of a Protestant, Gothic Church, with a Gravedigger in the Choir",Emanuel de Witte,,lama,p022_loss_small,loss_small,p022_loss_small,loss_small,mask_bbox_crop,465124,68,82,750,764,20293,False,> 127,8,alex,256,0.21763747930526733,0.007753895130008459,0.20988358417525887,0.06006749998778105,0.3546410999260843,2.0.0,restoration_eval.metrics_lpips,cuda,3.12.6,2.1.3,2.2.3,11.0.0,2.5.1+cu121,0.1.4,ok,
lama__canonical__canonical__p022_mixed_damage__full_image__lpips,lama__canonical__canonical__p022_mixed_damage,lama__canonical__canonical__p022_mixed_damage,lama__canonical__canonical__p022_mixed_damage,canonical__p022_mixed_damage,p022_mixed_damage,canonical__p022_mixed_damage,canonical,primary,p022,architecture_structured,"Interior of a Protestant, Gothic Church, with a Gravedigger in the Choir",Emanuel de Witte,,lama,p022_mixed_damage,mixed_damage,p022_mixed_damage,mixed_damage,full_image,589824,0,0,768,768,44952,False,> 127,8,alex,256,0.42214080691337585,0.022768359631299973,0.3993724472820759,0.07691539998631924,0.3591989000560716,2.0.0,restoration_eval.metrics_lpips,cuda,3.12.6,2.1.3,2.2.3,11.0.0,2.5.1+cu121,0.1.4,ok,
lama__canonical__canonical__p022_mixed_damage__content_region__lpips,lama__canonical__canonical__p022_mixed_damage,lama__canonical__canonical__p022_mixed_damage,lama__canonical__canonical__p022_mixed_damage,canonical__p022_mixed_damage,p022_mixed_damage,canonical__p022_mixed_damage,canonical,primary,p022,architecture_structured,"Interior of a Protestant, Gothic Church, with a Gravedigger in the Choir",Emanuel de Witte,,lama,p022_mixed_damage,mixed_damage,p022_mixed_damage,mixed_damage,content_region,459264,85,0,683,768,44952,False,> 127,8,alex,256,0.4891563057899475,0.026847384870052338,0.46230892091989517,0.0590943000279367,0.3591989000560716,2.0.0,restoration_eval.metrics_lpips,cuda,3.12.6,2.1.3,2.2.3,11.0.0,2.5.1+cu121,0.1.4,ok,
lama__canonical__canonical__p022_mixed_damage__mask_bbox_crop__lpips,lama__canonical__canonical__p022_mixed_damage,lama__canonical__canonical__p022_mixed_damage,lama__canonical__canonical__p022_mixed_damage,canonical__p022_mixed_damage,p022_mixed_damage,canonical__p022_mixed_damage,canonical,primary,p022,architecture_structured,"Interior of a Protestant, Gothic Church, with a Gravedigger in the Choir",Emanuel de Witte,,lama,p022_mixed_damage,mixed_damage,p022_mixed_damage,mixed_damage,mask_bbox_crop,573049,0,11,757,768,44952,False,> 127,8,alex,256,0.42418375611305237,0.023383086547255516,0.40080066956579685,0.06638029997702688,0.3591989000560716,2.0.0,restoration_eval.metrics_lpips,cuda,3.12.6,2.1.3,2.2.3,11.0.0,2.5.1+cu121,0.1.4,ok,
lama__canonical__canonical__p022_scratch_thin__full_image__lpips,lama__canonical__canonical__p022_scratch_thin,lama__canonical__canonical__p022_scratch_thin,lama__canonical__canonical__p022_scratch_thin,canonical__p022_scratch_thin,p022_scratch_thin,canonical__p022_scratch_thin,canonical,primary,p022,architecture_structured,"Interior of a Protestant, Gothic Church, with a Gravedigger in the Choir",Emanuel de Witte,,lama,p022_scratch_thin,scratch_thin,p022_scratch_thin,scratch_thin,full_image,589824,0,0,768,768,8915,False,> 127,8,alex,256,0.2989039421081543,0.0009418036788702011,0.2979621384292841,0.06927560002077371,0.3905963998986408,2.0.0,restoration_eval.metrics_lpips,cuda,3.12.6,2.1.3,2.2.3,11.0.0,2.5.1+cu121,0.1.4,ok,
lama__canonical__canonical__p022_scratch_thin__content_region__lpips,lama__canonical__canonical__p022_scratch_thin,lama__canonical__canonical__p022_scratch_thin,lama__canonical__canonical__p022_scratch_thin,canonical__p022_scratch_thin,p022_scratch_thin,canonical__p022_scratch_thin,canonical,primary,p022,architecture_structured,"Interior of a Protestant, Gothic Church, with a Gravedigger in the Choir",Emanuel de Witte,,lama,p022_scratch_thin,scratch_thin,p022_scratch_thin,scratch_thin,content_region,459264,85,0,683,768,8915,False,> 127,8,alex,256,0.32701176404953003,0.0008985563181340694,0.32611320773139596,0.07061890000477433,0.3905963998986408,2.0.0,restoration_eval.metrics_lpips,cuda,3.12.6,2.1.3,2.2.3,11.0.0,2.5.1+cu121,0.1.4,ok,
lama__canonical__canonical__p022_scratch_thin__mask_bbox_crop__lpips,lama__canonical__canonical__p022_scratch_thin,lama__canonical__canonical__p022_scratch_thin,lama__canonical__canonical__p022_scratch_thin,canonical__p022_scratch_thin,p022_scratch_thin,canonical__p022_scratch_thin,canonical,primary,p022,architecture_structured,"Interior of a Protestant, Gothic Church, with a Gravedigger in the Choir",Emanuel de Witte,,lama,p022_scratch_thin,scratch_thin,p022_scratch_thin,scratch_thin,mask_bbox_crop,589824,0,0,768,768,8915,False,> 127,8,alex,256,0.2989039421081543,0.0009418036788702011,0.2979621384292841,0.08135710004717112,0.3905963998986408,2.0.0,restoration_eval.metrics_lpips,cuda,3.12.6,2.1.3,2.2.3,11.0.0,2.5.1+cu121,0.1.4,ok,
lama__canonical__canonical__p022_zero_control__full_image__lpips,lama__canonical__canonical__p022_zero_control,lama__canonical__canonical__p022_zero_control,lama__canonical__canonical__p022_zero_control,canonical__p022_zero_control,p022_zero_control,canonical__p022_zero_control,canonical,primary,p022,architecture_structured,"Interior of a Protestant, Gothic Church, with a Gravedigger in the Choir",Emanuel de Witte,,lama,p022_zero_control,zero_control,p022_zero_control,zero_control,full_image,589824,0,0,768,768,0,True,> 127,8,alex,256,0.0,0.0,0.0,0.07268800004385412,0.29442809999454767,2.0.0,restoration_eval.metrics_lpips,cuda,3.12.6,2.1.3,2.2.3,11.0.0,2.5.1+cu121,0.1.4,ok,
lama__canonical__canonical__p022_zero_control__content_region__lpips,lama__canonical__canonical__p022_zero_control,lama__canonical__canonical__p022_zero_control,lama__canonical__canonical__p022_zero_control,canonical__p022_zero_control,p022_zero_control,canonical__p022_zero_control,canonical,primary,p022,architecture_structured,"Interior of a Protestant, Gothic Church, with a Gravedigger in the Choir",Emanuel de Witte,,lama,p022_zero_control,zero_control,p022_zero_control,zero_control,content_region,459264,85,0,683,768,0,True,> 127,8,alex,256,0.0,0.0,0.0,0.0702895000576973,0.29442809999454767,2.0.0,restoration_eval.metrics_lpips,cuda,3.12.6,2.1.3,2.2.3,11.0.0,2.5.1+cu121,0.1.4,ok,
lama__canonical__canonical__p023_loss_large__full_image__lpips,lama__canonical__canonical__p023_loss_large,lama__canonical__canonical__p023_loss_large,lama__canonical__canonical__p023_loss_large,canonical__p023_loss_large,p023_loss_large,canonical__p023_loss_large,canonical,primary,p023,architecture_structured,Church Interior,Johannes Bosboom,,lama,p023_loss_large,loss_large,p023_loss_large,loss_large,full_image,589824,0,0,768,768,44286,False,> 127,8,alex,256,0.13236074149608612,0.040535688400268555,0.09182505309581757,0.07956660003401339,0.37137770000845194,2.0.0,restoration_eval.metrics_lpips,cuda,3.12.6,2.1.3,2.2.3,11.0.0,2.5.1+cu121,0.1.4,ok,
lama__canonical__canonical__p023_loss_large__content_region__lpips,lama__canonical__canonical__p023_loss_large,lama__canonical__canonical__p023_loss_large,lama__canonical__canonical__p023_loss_large,canonical__p023_loss_large,p023_loss_large,canonical__p023_loss_large,canonical,primary,p023,architecture_structured,Church Interior,Johannes Bosboom,,lama,p023_loss_large,loss_large,p023_loss_large,loss_large,content_region,422400,109,0,659,768,44286,False,> 127,8,alex,256,0.16979143023490906,0.050605349242687225,0.11918608099222183,0.06343159999232739,0.37137770000845194,2.0.0,restoration_eval.metrics_lpips,cuda,3.12.6,2.1.3,2.2.3,11.0.0,2.5.1+cu121,0.1.4,ok,
lama__canonical__canonical__p023_loss_large__mask_bbox_crop__lpips,lama__canonical__canonical__p023_loss_large,lama__canonical__canonical__p023_loss_large,lama__canonical__canonical__p023_loss_large,canonical__p023_loss_large,p023_loss_large,canonical__p023_loss_large,canonical,primary,p023,architecture_structured,Church Interior,Johannes Bosboom,,lama,p023_loss_large,loss_large,p023_loss_large,loss_large,mask_bbox_crop,95481,312,411,621,720,44286,False,> 127,8,alex,256,0.5696645975112915,0.23190492391586304,0.33775967359542847,0.05470650002826005,0.37137770000845194,2.0.0,restoration_eval.metrics_lpips,cuda,3.12.6,2.1.3,2.2.3,11.0.0,2.5.1+cu121,0.1.4,ok,
lama__canonical__canonical__p023_loss_small__full_image__lpips,lama__canonical__canonical__p023_loss_small,lama__canonical__canonical__p023_loss_small,lama__canonical__canonical__p023_loss_small,canonical__p023_loss_small,p023_loss_small,canonical__p023_loss_small,canonical,primary,p023,architecture_structured,Church Interior,Johannes Bosboom,,lama,p023_loss_small,loss_small,p023_loss_small,loss_small,full_image,589824,0,0,768,768,18453,False,> 127,8,alex,256,0.11439153552055359,0.0043527609668672085,0.11003877455368638,0.07077029999345541,0.3674775999970734,2.0.0,restoration_eval.metrics_lpips,cuda,3.12.6,2.1.3,2.2.3,11.0.0,2.5.1+cu121,0.1.4,ok,
lama__canonical__canonical__p023_loss_small__content_region__lpips,lama__canonical__canonical__p023_loss_small,lama__canonical__canonical__p023_loss_small,lama__canonical__canonical__p023_loss_small,canonical__p023_loss_small,p023_loss_small,canonical__p023_loss_small,canonical,primary,p023,architecture_structured,Church Interior,Johannes Bosboom,,lama,p023_loss_small,loss_small,p023_loss_small,loss_small,content_region,422400,109,0,659,768,18453,False,> 127,8,alex,256,0.1475120186805725,0.007656864356249571,0.13985515432432294,0.06611379992682487,0.3674775999970734,2.0.0,restoration_eval.metrics_lpips,cuda,3.12.6,2.1.3,2.2.3,11.0.0,2.5.1+cu121,0.1.4,ok,
lama__canonical__canonical__p023_loss_small__mask_bbox_crop__lpips,lama__canonical__canonical__p023_loss_small,lama__canonical__canonical__p023_loss_small,lama__canonical__canonical__p023_loss_small,canonical__p023_loss_small,p023_loss_small,canonical__p023_loss_small,canonical,primary,p023,architecture_structured,Church Interior,Johannes Bosboom,,lama,p023_loss_small,loss_small,p023_loss_small,loss_small,mask_bbox_crop,290521,56,56,595,595,18453,False,> 127,8,alex,256,0.17135293781757355,0.009505851194262505,0.16184708662331104,0.08471129997633398,0.3674775999970734,2.0.0,restoration_eval.metrics_lpips,cuda,3.12.6,2.1.3,2.2.3,11.0.0,2.5.1+cu121,0.1.4,ok,
lama__canonical__canonical__p023_mixed_damage__full_image__lpips,lama__canonical__canonical__p023_mixed_damage,lama__canonical__canonical__p023_mixed_damage,lama__canonical__canonical__p023_mixed_damage,canonical__p023_mixed_damage,p023_mixed_damage,canonical__p023_mixed_damage,canonical,primary,p023,architecture_structured,Church Interior,Johannes Bosboom,,lama,p023_mixed_damage,mixed_damage,p023_mixed_damage,mixed_damage,full_image,589824,0,0,768,768,42254,False,> 127,8,alex,256,0.2984766364097595,0.01423836499452591,0.2842382714152336,0.06824349996168166,0.364062299951911,2.0.0,restoration_eval.metrics_lpips,cuda,3.12.6,2.1.3,2.2.3,11.0.0,2.5.1+cu121,0.1.4,ok,
lama__canonical__canonical__p023_mixed_damage__content_region__lpips,lama__canonical__canonical__p023_mixed_damage,lama__canonical__canonical__p023_mixed_damage,lama__canonical__canonical__p023_mixed_damage,canonical__p023_mixed_damage,p023_mixed_damage,canonical__p023_mixed_damage,canonical,primary,p023,architecture_structured,Church Interior,Johannes Bosboom,,lama,p023_mixed_damage,mixed_damage,p023_mixed_damage,mixed_damage,content_region,422400,109,0,659,768,42254,False,> 127,8,alex,256,0.31630468368530273,0.01734013669192791,0.2989645469933748,0.06547920010052621,0.364062299951911,2.0.0,restoration_eval.metrics_lpips,cuda,3.12.6,2.1.3,2.2.3,11.0.0,2.5.1+cu121,0.1.4,ok,
lama__canonical__canonical__p023_mixed_damage__mask_bbox_crop__lpips,lama__canonical__canonical__p023_mixed_damage,lama__canonical__canonical__p023_mixed_damage,lama__canonical__canonical__p023_mixed_damage,canonical__p023_mixed_damage,p023_mixed_damage,canonical__p023_mixed_damage,canonical,primary,p023,architecture_structured,Church Interior,Johannes Bosboom,,lama,p023_mixed_damage,mixed_damage,p023_mixed_damage,mixed_damage,mask_bbox_crop,589824,0,0,768,768,42254,False,> 127,8,alex,256,0.2984766364097595,0.01423836499452591,0.2842382714152336,0.06942329998128116,0.364062299951911,2.0.0,restoration_eval.metrics_lpips,cuda,3.12.6,2.1.3,2.2.3,11.0.0,2.5.1+cu121,0.1.4,ok,
lama__canonical__canonical__p023_scratch_thin__full_image__lpips,lama__canonical__canonical__p023_scratch_thin,lama__canonical__canonical__p023_scratch_thin,lama__canonical__canonical__p023_scratch_thin,canonical__p023_scratch_thin,p023_scratch_thin,canonical__p023_scratch_thin,canonical,primary,p023,architecture_structured,Church Interior,Johannes Bosboom,,lama,p023_scratch_thin,scratch_thin,p023_scratch_thin,scratch_thin,full_image,589824,0,0,768,768,8131,False,> 127,8,alex,256,0.21669824421405792,0.0012880821013823152,0.2154101621126756,0.06432619993574917,0.359460600069724,2.0.0,restoration_eval.metrics_lpips,cuda,3.12.6,2.1.3,2.2.3,11.0.0,2.5.1+cu121,0.1.4,ok,
lama__canonical__canonical__p023_scratch_thin__content_region__lpips,lama__canonical__canonical__p023_scratch_thin,lama__canonical__canonical__p023_scratch_thin,lama__canonical__canonical__p023_scratch_thin,canonical__p023_scratch_thin,p023_scratch_thin,canonical__p023_scratch_thin,canonical,primary,p023,architecture_structured,Church Interior,Johannes Bosboom,,lama,p023_scratch_thin,scratch_thin,p023_scratch_thin,scratch_thin,content_region,422400,109,0,659,768,8131,False,> 127,8,alex,256,0.23586776852607727,0.0016865544021129608,0.2341812141239643,0.06554330000653863,0.359460600069724,2.0.0,restoration_eval.metrics_lpips,cuda,3.12.6,2.1.3,2.2.3,11.0.0,2.5.1+cu121,0.1.4,ok,
lama__canonical__canonical__p023_scratch_thin__mask_bbox_crop__lpips,lama__canonical__canonical__p023_scratch_thin,lama__canonical__canonical__p023_scratch_thin,lama__canonical__canonical__p023_scratch_thin,canonical__p023_scratch_thin,p023_scratch_thin,canonical__p023_scratch_thin,canonical,primary,p023,architecture_structured,Church Interior,Johannes Bosboom,,lama,p023_scratch_thin,scratch_thin,p023_scratch_thin,scratch_thin,mask_bbox_crop,589824,0,0,768,768,8131,False,> 127,8,alex,256,0.21669824421405792,0.0012880821013823152,0.2154101621126756,0.06704870006069541,0.359460600069724,2.0.0,restoration_eval.metrics_lpips,cuda,3.12.6,2.1.3,2.2.3,11.0.0,2.5.1+cu121,0.1.4,ok,
lama__canonical__canonical__p023_zero_control__full_image__lpips,lama__canonical__canonical__p023_zero_control,lama__canonical__canonical__p023_zero_control,lama__canonical__canonical__p023_zero_control,canonical__p023_zero_control,p023_zero_control,canonical__p023_zero_control,canonical,primary,p023,architecture_structured,Church Interior,Johannes Bosboom,,lama,p023_zero_control,zero_control,p023_zero_control,zero_control,full_image,589824,0,0,768,768,0,True,> 127,8,alex,256,0.0,0.0,0.0,0.06819100002758205,0.2689546999754384,2.0.0,restoration_eval.metrics_lpips,cuda,3.12.6,2.1.3,2.2.3,11.0.0,2.5.1+cu121,0.1.4,ok,
lama__canonical__canonical__p023_zero_control__content_region__lpips,lama__canonical__canonical__p023_zero_control,lama__canonical__canonical__p023_zero_control,lama__canonical__canonical__p023_zero_control,canonical__p023_zero_control,p023_zero_control,canonical__p023_zero_control,canonical,primary,p023,architecture_structured,Church Interior,Johannes Bosboom,,lama,p023_zero_control,zero_control,p023_zero_control,zero_control,content_region,422400,109,0,659,768,0,True,> 127,8,alex,256,0.0,0.0,0.0,0.06056789995636791,0.2689546999754384,2.0.0,restoration_eval.metrics_lpips,cuda,3.12.6,2.1.3,2.2.3,11.0.0,2.5.1+cu121,0.1.4,ok,
lama__canonical__canonical__p024_loss_large__full_image__lpips,lama__canonical__canonical__p024_loss_large,lama__canonical__canonical__p024_loss_large,lama__canonical__canonical__p024_loss_large,canonical__p024_loss_large,p024_loss_large,canonical__p024_loss_large,canonical,primary,p024,architecture_structured,Interior of the Church of St Bavo in Haarlem,Johannes Bosboom,,lama,p024_loss_large,loss_large,p024_loss_large,loss_large,full_image,589824,0,0,768,768,57578,False,> 127,8,alex,256,0.18213675916194916,0.050078026950359344,0.1320587322115898,0.06589500000700355,0.32121720002032816,2.0.0,restoration_eval.metrics_lpips,cuda,3.12.6,2.1.3,2.2.3,11.0.0,2.5.1+cu121,0.1.4,ok,
lama__canonical__canonical__p024_loss_large__content_region__lpips,lama__canonical__canonical__p024_loss_large,lama__canonical__canonical__p024_loss_large,lama__canonical__canonical__p024_loss_large,canonical__p024_loss_large,p024_loss_large,canonical__p024_loss_large,canonical,primary,p024,architecture_structured,Interior of the Church of St Bavo in Haarlem,Johannes Bosboom,,lama,p024_loss_large,loss_large,p024_loss_large,loss_large,content_region,459264,85,0,683,768,57578,False,> 127,8,alex,256,0.2145361304283142,0.06639561057090759,0.14814051985740662,0.05962130008265376,0.32121720002032816,2.0.0,restoration_eval.metrics_lpips,cuda,3.12.6,2.1.3,2.2.3,11.0.0,2.5.1+cu121,0.1.4,ok,
lama__canonical__canonical__p024_loss_large__mask_bbox_crop__lpips,lama__canonical__canonical__p024_loss_large,lama__canonical__canonical__p024_loss_large,lama__canonical__canonical__p024_loss_large,canonical__p024_loss_large,p024_loss_large,canonical__p024_loss_large,canonical,primary,p024,architecture_structured,Interior of the Church of St Bavo in Haarlem,Johannes Bosboom,,lama,p024_loss_large,loss_large,p024_loss_large,loss_large,mask_bbox_crop,113569,326,283,663,620,57578,False,> 127,8,alex,256,0.6790533661842346,0.23979105055332184,0.4392623156309128,0.03279560001101345,0.32121720002032816,2.0.0,restoration_eval.metrics_lpips,cuda,3.12.6,2.1.3,2.2.3,11.0.0,2.5.1+cu121,0.1.4,ok,
lama__canonical__canonical__p024_loss_small__full_image__lpips,lama__canonical__canonical__p024_loss_small,lama__canonical__canonical__p024_loss_small,lama__canonical__canonical__p024_loss_small,canonical__p024_loss_small,p024_loss_small,canonical__p024_loss_small,canonical,primary,p024,architecture_structured,Interior of the Church of St Bavo in Haarlem,Johannes Bosboom,,lama,p024_loss_small,loss_small,p024_loss_small,loss_small,full_image,589824,0,0,768,768,20530,False,> 127,8,alex,256,0.1955452263355255,0.0028557726182043552,0.19268945371732116,0.06773389992304146,0.35363230004440993,2.0.0,restoration_eval.metrics_lpips,cuda,3.12.6,2.1.3,2.2.3,11.0.0,2.5.1+cu121,0.1.4,ok,
lama__canonical__canonical__p024_loss_small__content_region__lpips,lama__canonical__canonical__p024_loss_small,lama__canonical__canonical__p024_loss_small,lama__canonical__canonical__p024_loss_small,canonical__p024_loss_small,p024_loss_small,canonical__p024_loss_small,canonical,primary,p024,architecture_structured,Interior of the Church of St Bavo in Haarlem,Johannes Bosboom,,lama,p024_loss_small,loss_small,p024_loss_small,loss_small,content_region,459264,85,0,683,768,20530,False,> 127,8,alex,256,0.22002770006656647,0.003589907195419073,0.2164377928711474,0.06785819993820041,0.35363230004440993,2.0.0,restoration_eval.metrics_lpips,cuda,3.12.6,2.1.3,2.2.3,11.0.0,2.5.1+cu121,0.1.4,ok,
lama__canonical__canonical__p024_loss_small__mask_bbox_crop__lpips,lama__canonical__canonical__p024_loss_small,lama__canonical__canonical__p024_loss_small,lama__canonical__canonical__p024_loss_small,canonical__p024_loss_small,p024_loss_small,canonical__p024_loss_small,canonical,primary,p024,architecture_structured,Interior of the Church of St Bavo in Haarlem,Johannes Bosboom,,lama,p024_loss_small,loss_small,p024_loss_small,loss_small,mask_bbox_crop,511225,0,42,715,757,20530,False,> 127,8,alex,256,0.1913539469242096,0.0029460000805556774,0.18840794684365392,0.06806149997282773,0.35363230004440993,2.0.0,restoration_eval.metrics_lpips,cuda,3.12.6,2.1.3,2.2.3,11.0.0,2.5.1+cu121,0.1.4,ok,
lama__canonical__canonical__p024_mixed_damage__full_image__lpips,lama__canonical__canonical__p024_mixed_damage,lama__canonical__canonical__p024_mixed_damage,lama__canonical__canonical__p024_mixed_damage,canonical__p024_mixed_damage,p024_mixed_damage,canonical__p024_mixed_damage,canonical,primary,p024,architecture_structured,Interior of the Church of St Bavo in Haarlem,Johannes Bosboom,,lama,p024_mixed_damage,mixed_damage,p024_mixed_damage,mixed_damage,full_image,589824,0,0,768,768,37292,False,> 127,8,alex,256,0.3413732051849365,0.007514565717428923,0.3338586394675076,0.07523560000117868,0.37882590002845973,2.0.0,restoration_eval.metrics_lpips,cuda,3.12.6,2.1.3,2.2.3,11.0.0,2.5.1+cu121,0.1.4,ok,
lama__canonical__canonical__p024_mixed_damage__content_region__lpips,lama__canonical__canonical__p024_mixed_damage,lama__canonical__canonical__p024_mixed_damage,lama__canonical__canonical__p024_mixed_damage,canonical__p024_mixed_damage,p024_mixed_damage,canonical__p024_mixed_damage,canonical,primary,p024,architecture_structured,Interior of the Church of St Bavo in Haarlem,Johannes Bosboom,,lama,p024_mixed_damage,mixed_damage,p024_mixed_damage,mixed_damage,content_region,459264,85,0,683,768,37292,False,> 127,8,alex,256,0.358551949262619,0.008570808917284012,0.349981140345335,0.07120200002100319,0.37882590002845973,2.0.0,restoration_eval.metrics_lpips,cuda,3.12.6,2.1.3,2.2.3,11.0.0,2.5.1+cu121,0.1.4,ok,
lama__canonical__canonical__p024_mixed_damage__mask_bbox_crop__lpips,lama__canonical__canonical__p024_mixed_damage,lama__canonical__canonical__p024_mixed_damage,lama__canonical__canonical__p024_mixed_damage,canonical__p024_mixed_damage,p024_mixed_damage,canonical__p024_mixed_damage,canonical,primary,p024,architecture_structured,Interior of the Church of St Bavo in Haarlem,Johannes Bosboom,,lama,p024_mixed_damage,mixed_damage,p024_mixed_damage,mixed_damage,mask_bbox_crop,589824,0,0,768,768,37292,False,> 127,8,alex,256,0.3413732051849365,0.007514565717428923,0.3338586394675076,0.08592449990101159,0.37882590002845973,2.0.0,restoration_eval.metrics_lpips,cuda,3.12.6,2.1.3,2.2.3,11.0.0,2.5.1+cu121,0.1.4,ok,
lama__canonical__canonical__p024_scratch_thin__full_image__lpips,lama__canonical__canonical__p024_scratch_thin,lama__canonical__canonical__p024_scratch_thin,lama__canonical__canonical__p024_scratch_thin,canonical__p024_scratch_thin,p024_scratch_thin,canonical__p024_scratch_thin,canonical,primary,p024,architecture_structured,Interior of the Church of St Bavo in Haarlem,Johannes Bosboom,,lama,p024_scratch_thin,scratch_thin,p024_scratch_thin,scratch_thin,full_image,589824,0,0,768,768,6922,False,> 127,8,alex,256,0.269574373960495,0.0006589876138605177,0.2689153863466345,0.07843390002381057,0.3999478000914678,2.0.0,restoration_eval.metrics_lpips,cuda,3.12.6,2.1.3,2.2.3,11.0.0,2.5.1+cu121,0.1.4,ok,
lama__canonical__canonical__p024_scratch_thin__content_region__lpips,lama__canonical__canonical__p024_scratch_thin,lama__canonical__canonical__p024_scratch_thin,lama__canonical__canonical__p024_scratch_thin,canonical__p024_scratch_thin,p024_scratch_thin,canonical__p024_scratch_thin,canonical,primary,p024,architecture_structured,Interior of the Church of St Bavo in Haarlem,Johannes Bosboom,,lama,p024_scratch_thin,scratch_thin,p024_scratch_thin,scratch_thin,content_region,459264,85,0,683,768,6922,False,> 127,8,alex,256,0.2862951159477234,0.0009762973058968782,0.2853188186418265,0.07450470002368093,0.3999478000914678,2.0.0,restoration_eval.metrics_lpips,cuda,3.12.6,2.1.3,2.2.3,11.0.0,2.5.1+cu121,0.1.4,ok,
lama__canonical__canonical__p024_scratch_thin__mask_bbox_crop__lpips,lama__canonical__canonical__p024_scratch_thin,lama__canonical__canonical__p024_scratch_thin,lama__canonical__canonical__p024_scratch_thin,canonical__p024_scratch_thin,p024_scratch_thin,canonical__p024_scratch_thin,canonical,primary,p024,architecture_structured,Interior of the Church of St Bavo in Haarlem,Johannes Bosboom,,lama,p024_scratch_thin,scratch_thin,p024_scratch_thin,scratch_thin,mask_bbox_crop,589824,0,0,768,768,6922,False,> 127,8,alex,256,0.269574373960495,0.0006589876138605177,0.2689153863466345,0.06919290008954704,0.3999478000914678,2.0.0,restoration_eval.metrics_lpips,cuda,3.12.6,2.1.3,2.2.3,11.0.0,2.5.1+cu121,0.1.4,ok,
lama__canonical__canonical__p024_zero_control__full_image__lpips,lama__canonical__canonical__p024_zero_control,lama__canonical__canonical__p024_zero_control,lama__canonical__canonical__p024_zero_control,canonical__p024_zero_control,p024_zero_control,canonical__p024_zero_control,canonical,primary,p024,architecture_structured,Interior of the Church of St Bavo in Haarlem,Johannes Bosboom,,lama,p024_zero_control,zero_control,p024_zero_control,zero_control,full_image,589824,0,0,768,768,0,True,> 127,8,alex,256,0.0,0.0,0.0,0.07668000005651265,0.310071500018239,2.0.0,restoration_eval.metrics_lpips,cuda,3.12.6,2.1.3,2.2.3,11.0.0,2.5.1+cu121,0.1.4,ok,
lama__canonical__canonical__p024_zero_control__content_region__lpips,lama__canonical__canonical__p024_zero_control,lama__canonical__canonical__p024_zero_control,lama__canonical__canonical__p024_zero_control,canonical__p024_zero_control,p024_zero_control,canonical__p024_zero_control,canonical,primary,p024,architecture_structured,Interior of the Church of St Bavo in Haarlem,Johannes Bosboom,,lama,p024_zero_control,zero_control,p024_zero_control,zero_control,content_region,459264,85,0,683,768,0,True,> 127,8,alex,256,0.0,0.0,0.0,0.07967809995170683,0.310071500018239,2.0.0,restoration_eval.metrics_lpips,cuda,3.12.6,2.1.3,2.2.3,11.0.0,2.5.1+cu121,0.1.4,ok,
lama__canonical__canonical__p025_loss_large__full_image__lpips,lama__canonical__canonical__p025_loss_large,lama__canonical__canonical__p025_loss_large,lama__canonical__canonical__p025_loss_large,canonical__p025_loss_large,p025_loss_large,canonical__p025_loss_large,canonical,primary,p025,architecture_structured,The Quay de Paris in Rouen,Johannes Bosboom,,lama,p025_loss_large,loss_large,p025_loss_large,loss_large,full_image,589824,0,0,768,768,60302,False,> 127,8,alex,256,0.16356560587882996,0.04988774284720421,0.11367786303162575,0.07169560005422682,0.5415220999857411,2.0.0,restoration_eval.metrics_lpips,cuda,3.12.6,2.1.3,2.2.3,11.0.0,2.5.1+cu121,0.1.4,ok,
lama__canonical__canonical__p025_loss_large__content_region__lpips,lama__canonical__canonical__p025_loss_large,lama__canonical__canonical__p025_loss_large,lama__canonical__canonical__p025_loss_large,canonical__p025_loss_large,p025_loss_large,canonical__p025_loss_large,canonical,primary,p025,architecture_structured,The Quay de Paris in Rouen,Johannes Bosboom,,lama,p025_loss_large,loss_large,p025_loss_large,loss_large,content_region,491520,0,64,768,704,60302,False,> 127,8,alex,256,0.1926245093345642,0.06178900599479675,0.13083550333976746,0.07064010004978627,0.5415220999857411,2.0.0,restoration_eval.metrics_lpips,cuda,3.12.6,2.1.3,2.2.3,11.0.0,2.5.1+cu121,0.1.4,ok,
lama__canonical__canonical__p025_loss_large__mask_bbox_crop__lpips,lama__canonical__canonical__p025_loss_large,lama__canonical__canonical__p025_loss_large,lama__canonical__canonical__p025_loss_large,canonical__p025_loss_large,p025_loss_large,canonical__p025_loss_large,canonical,primary,p025,architecture_structured,The Quay de Paris in Rouen,Johannes Bosboom,,lama,p025_loss_large,loss_large,p025_loss_large,loss_large,mask_bbox_crop,92416,38,315,342,619,60302,False,> 127,8,alex,256,0.7206597924232483,0.3384830951690674,0.3821766972541809,0.20227340003475547,0.5415220999857411,2.0.0,restoration_eval.metrics_lpips,cuda,3.12.6,2.1.3,2.2.3,11.0.0,2.5.1+cu121,0.1.4,ok,
lama__canonical__canonical__p025_loss_small__full_image__lpips,lama__canonical__canonical__p025_loss_small,lama__canonical__canonical__p025_loss_small,lama__canonical__canonical__p025_loss_small,canonical__p025_loss_small,p025_loss_small,canonical__p025_loss_small,canonical,primary,p025,architecture_structured,The Quay de Paris in Rouen,Johannes Bosboom,,lama,p025_loss_small,loss_small,p025_loss_small,loss_small,full_image,589824,0,0,768,768,15212,False,> 127,8,alex,256,0.1434076428413391,0.006730159278959036,0.13667748356238008,0.06783980003092438,0.34169010003097355,2.0.0,restoration_eval.metrics_lpips,cuda,3.12.6,2.1.3,2.2.3,11.0.0,2.5.1+cu121,0.1.4,ok,
lama__canonical__canonical__p025_loss_small__content_region__lpips,lama__canonical__canonical__p025_loss_small,lama__canonical__canonical__p025_loss_small,lama__canonical__canonical__p025_loss_small,canonical__p025_loss_small,p025_loss_small,canonical__p025_loss_small,canonical,primary,p025,architecture_structured,The Quay de Paris in Rouen,Johannes Bosboom,,lama,p025_loss_small,loss_small,p025_loss_small,loss_small,content_region,491520,0,64,768,704,15212,False,> 127,8,alex,256,0.1659383922815323,0.007469083182513714,0.15846930909901857,0.06742879992816597,0.34169010003097355,2.0.0,restoration_eval.metrics_lpips,cuda,3.12.6,2.1.3,2.2.3,11.0.0,2.5.1+cu121,0.1.4,ok,
lama__canonical__canonical__p025_loss_small__mask_bbox_crop__lpips,lama__canonical__canonical__p025_loss_small,lama__canonical__canonical__p025_loss_small,lama__canonical__canonical__p025_loss_small,canonical__p025_loss_small,p025_loss_small,canonical__p025_loss_small,canonical,primary,p025,architecture_structured,The Quay de Paris in Rouen,Johannes Bosboom,,lama,p025_loss_small,loss_small,p025_loss_small,loss_small,mask_bbox_crop,260100,22,87,532,597,15212,False,> 127,8,alex,256,0.2458937168121338,0.016267478466033936,0.22962623834609985,0.04392169998027384,0.34169010003097355,2.0.0,restoration_eval.metrics_lpips,cuda,3.12.6,2.1.3,2.2.3,11.0.0,2.5.1+cu121,0.1.4,ok,
lama__canonical__canonical__p025_mixed_damage__full_image__lpips,lama__canonical__canonical__p025_mixed_damage,lama__canonical__canonical__p025_mixed_damage,lama__canonical__canonical__p025_mixed_damage,canonical__p025_mixed_damage,p025_mixed_damage,canonical__p025_mixed_damage,canonical,primary,p025,architecture_structured,The Quay de Paris in Rouen,Johannes Bosboom,,lama,p025_mixed_damage,mixed_damage,p025_mixed_damage,mixed_damage,full_image,589824,0,0,768,768,44548,False,> 127,8,alex,256,0.3629024028778076,0.028768444433808327,0.3341339584439993,0.06732429994735867,0.36457059998065233,2.0.0,restoration_eval.metrics_lpips,cuda,3.12.6,2.1.3,2.2.3,11.0.0,2.5.1+cu121,0.1.4,ok,
lama__canonical__canonical__p025_mixed_damage__content_region__lpips,lama__canonical__canonical__p025_mixed_damage,lama__canonical__canonical__p025_mixed_damage,lama__canonical__canonical__p025_mixed_damage,canonical__p025_mixed_damage,p025_mixed_damage,canonical__p025_mixed_damage,canonical,primary,p025,architecture_structured,The Quay de Paris in Rouen,Johannes Bosboom,,lama,p025_mixed_damage,mixed_damage,p025_mixed_damage,mixed_damage,content_region,491520,0,64,768,704,44548,False,> 127,8,alex,256,0.3992650508880615,0.033326976001262665,0.36593807488679886,0.06093809998128563,0.36457059998065233,2.0.0,restoration_eval.metrics_lpips,cuda,3.12.6,2.1.3,2.2.3,11.0.0,2.5.1+cu121,0.1.4,ok,
lama__canonical__canonical__p025_mixed_damage__mask_bbox_crop__lpips,lama__canonical__canonical__p025_mixed_damage,lama__canonical__canonical__p025_mixed_damage,lama__canonical__canonical__p025_mixed_damage,canonical__p025_mixed_damage,p025_mixed_damage,canonical__p025_mixed_damage,canonical,primary,p025,architecture_structured,The Quay de Paris in Rouen,Johannes Bosboom,,lama,p025_mixed_damage,mixed_damage,p025_mixed_damage,mixed_damage,mask_bbox_crop,589824,0,0,768,768,44548,False,> 127,8,alex,256,0.3629024028778076,0.028768444433808327,0.3341339584439993,0.0675333000253886,0.36457059998065233,2.0.0,restoration_eval.metrics_lpips,cuda,3.12.6,2.1.3,2.2.3,11.0.0,2.5.1+cu121,0.1.4,ok,
lama__canonical__canonical__p025_scratch_thin__full_image__lpips,lama__canonical__canonical__p025_scratch_thin,lama__canonical__canonical__p025_scratch_thin,lama__canonical__canonical__p025_scratch_thin,canonical__p025_scratch_thin,p025_scratch_thin,canonical__p025_scratch_thin,canonical,primary,p025,architecture_structured,The Quay de Paris in Rouen,Johannes Bosboom,,lama,p025_scratch_thin,scratch_thin,p025_scratch_thin,scratch_thin,full_image,589824,0,0,768,768,14613,False,> 127,8,alex,256,0.31246218085289,0.004351700656116009,0.308110480196774,0.0694140000268817,0.370061399997212,2.0.0,restoration_eval.metrics_lpips,cuda,3.12.6,2.1.3,2.2.3,11.0.0,2.5.1+cu121,0.1.4,ok,
lama__canonical__canonical__p025_scratch_thin__content_region__lpips,lama__canonical__canonical__p025_scratch_thin,lama__canonical__canonical__p025_scratch_thin,lama__canonical__canonical__p025_scratch_thin,canonical__p025_scratch_thin,p025_scratch_thin,canonical__p025_scratch_thin,canonical,primary,p025,architecture_structured,The Quay de Paris in Rouen,Johannes Bosboom,,lama,p025_scratch_thin,scratch_thin,p025_scratch_thin,scratch_thin,content_region,491520,0,64,768,704,14613,False,> 127,8,alex,256,0.33069896697998047,0.004254363477230072,0.3264446035027504,0.06602410005871207,0.370061399997212,2.0.0,restoration_eval.metrics_lpips,cuda,3.12.6,2.1.3,2.2.3,11.0.0,2.5.1+cu121,0.1.4,ok,
lama__canonical__canonical__p025_scratch_thin__mask_bbox_crop__lpips,lama__canonical__canonical__p025_scratch_thin,lama__canonical__canonical__p025_scratch_thin,lama__canonical__canonical__p025_scratch_thin,canonical__p025_scratch_thin,p025_scratch_thin,canonical__p025_scratch_thin,canonical,primary,p025,architecture_structured,The Quay de Paris in Rouen,Johannes Bosboom,,lama,p025_scratch_thin,scratch_thin,p025_scratch_thin,scratch_thin,mask_bbox_crop,483025,0,37,695,732,14613,False,> 127,8,alex,256,0.3456632196903229,0.004841319285333157,0.3408219004049897,0.06833609996829182,0.370061399997212,2.0.0,restoration_eval.metrics_lpips,cuda,3.12.6,2.1.3,2.2.3,11.0.0,2.5.1+cu121,0.1.4,ok,
lama__canonical__canonical__p025_zero_control__full_image__lpips,lama__canonical__canonical__p025_zero_control,lama__canonical__canonical__p025_zero_control,lama__canonical__canonical__p025_zero_control,canonical__p025_zero_control,p025_zero_control,canonical__p025_zero_control,canonical,primary,p025,architecture_structured,The Quay de Paris in Rouen,Johannes Bosboom,,lama,p025_zero_control,zero_control,p025_zero_control,zero_control,full_image,589824,0,0,768,768,0,True,> 127,8,alex,256,0.0,0.0,0.0,0.07109800004400313,0.29349030007142574,2.0.0,restoration_eval.metrics_lpips,cuda,3.12.6,2.1.3,2.2.3,11.0.0,2.5.1+cu121,0.1.4,ok,
lama__canonical__canonical__p025_zero_control__content_region__lpips,lama__canonical__canonical__p025_zero_control,lama__canonical__canonical__p025_zero_control,lama__canonical__canonical__p025_zero_control,canonical__p025_zero_control,p025_zero_control,canonical__p025_zero_control,canonical,primary,p025,architecture_structured,The Quay de Paris in Rouen,Johannes Bosboom,,lama,p025_zero_control,zero_control,p025_zero_control,zero_control,content_region,491520,0,64,768,704,0,True,> 127,8,alex,256,0.0,0.0,0.0,0.060407200013287365,0.29349030007142574,2.0.0,restoration_eval.metrics_lpips,cuda,3.12.6,2.1.3,2.2.3,11.0.0,2.5.1+cu121,0.1.4,ok,
lama__canonical__canonical__p026_loss_large__full_image__lpips,lama__canonical__canonical__p026_loss_large,lama__canonical__canonical__p026_loss_large,lama__canonical__canonical__p026_loss_large,canonical__p026_loss_large,p026_loss_large,canonical__p026_loss_large,canonical,primary,p026,architecture_structured,View of a Village along a River,attributed to Jan Brueghel I,,lama,p026_loss_large,loss_large,p026_loss_large,loss_large,full_image,589824,0,0,768,768,52670,False,> 127,8,alex,256,0.173926442861557,0.029247120022773743,0.14467932283878326,0.06861760001629591,0.3717612000182271,2.0.0,restoration_eval.metrics_lpips,cuda,3.12.6,2.1.3,2.2.3,11.0.0,2.5.1+cu121,0.1.4,ok,
lama__canonical__canonical__p026_loss_large__content_region__lpips,lama__canonical__canonical__p026_loss_large,lama__canonical__canonical__p026_loss_large,lama__canonical__canonical__p026_loss_large,canonical__p026_loss_large,p026_loss_large,canonical__p026_loss_large,canonical,primary,p026,architecture_structured,View of a Village along a River,attributed to Jan Brueghel I,,lama,p026_loss_large,loss_large,p026_loss_large,loss_large,content_region,406272,0,119,768,648,52670,False,> 127,8,alex,256,0.2365727573633194,0.04451894015073776,0.19205381721258163,0.0729674999602139,0.3717612000182271,2.0.0,restoration_eval.metrics_lpips,cuda,3.12.6,2.1.3,2.2.3,11.0.0,2.5.1+cu121,0.1.4,ok,
lama__canonical__canonical__p026_loss_large__mask_bbox_crop__lpips,lama__canonical__canonical__p026_loss_large,lama__canonical__canonical__p026_loss_large,lama__canonical__canonical__p026_loss_large,canonical__p026_loss_large,p026_loss_large,canonical__p026_loss_large,canonical,primary,p026,architecture_structured,View of a Village along a River,attributed to Jan Brueghel I,,lama,p026_loss_large,loss_large,p026_loss_large,loss_large,mask_bbox_crop,91204,383,171,685,473,52670,False,> 127,8,alex,256,0.6743359565734863,0.20150794088840485,0.4728280156850815,0.04048500000499189,0.3717612000182271,2.0.0,restoration_eval.metrics_lpips,cuda,3.12.6,2.1.3,2.2.3,11.0.0,2.5.1+cu121,0.1.4,ok,
lama__canonical__canonical__p026_loss_small__full_image__lpips,lama__canonical__canonical__p026_loss_small,lama__canonical__canonical__p026_loss_small,lama__canonical__canonical__p026_loss_small,canonical__p026_loss_small,p026_loss_small,canonical__p026_loss_small,canonical,primary,p026,architecture_structured,View of a Village along a River,attributed to Jan Brueghel I,,lama,p026_loss_small,loss_small,p026_loss_small,loss_small,full_image,589824,0,0,768,768,15084,False,> 127,8,alex,256,0.1878555417060852,0.007844164036214352,0.18001137766987085,0.07010580005589873,0.35377159994095564,2.0.0,restoration_eval.metrics_lpips,cuda,3.12.6,2.1.3,2.2.3,11.0.0,2.5.1+cu121,0.1.4,ok,
lama__canonical__canonical__p026_loss_small__content_region__lpips,lama__canonical__canonical__p026_loss_small,lama__canonical__canonical__p026_loss_small,lama__canonical__canonical__p026_loss_small,canonical__p026_loss_small,p026_loss_small,canonical__p026_loss_small,canonical,primary,p026,architecture_structured,View of a Village along a River,attributed to Jan Brueghel I,,lama,p026_loss_small,loss_small,p026_loss_small,loss_small,content_region,406272,0,119,768,648,15084,False,> 127,8,alex,256,0.2411995828151703,0.013092217966914177,0.2281073648482561,0.05984620004892349,0.35377159994095564,2.0.0,restoration_eval.metrics_lpips,cuda,3.12.6,2.1.3,2.2.3,11.0.0,2.5.1+cu121,0.1.4,ok,
lama__canonical__canonical__p026_loss_small__mask_bbox_crop__lpips,lama__canonical__canonical__p026_loss_small,lama__canonical__canonical__p026_loss_small,lama__canonical__canonical__p026_loss_small,canonical__p026_loss_small,p026_loss_small,canonical__p026_loss_small,canonical,primary,p026,architecture_structured,View of a Village along a River,attributed to Jan Brueghel I,,lama,p026_loss_small,loss_small,p026_loss_small,loss_small,mask_bbox_crop,416025,44,123,689,768,15084,False,> 127,8,alex,256,0.20311041176319122,0.010770590044558048,0.19233982171863317,0.060305100050754845,0.35377159994095564,2.0.0,restoration_eval.metrics_lpips,cuda,3.12.6,2.1.3,2.2.3,11.0.0,2.5.1+cu121,0.1.4,ok,
lama__canonical__canonical__p026_mixed_damage__full_image__lpips,lama__canonical__canonical__p026_mixed_damage,lama__canonical__canonical__p026_mixed_damage,lama__canonical__canonical__p026_mixed_damage,canonical__p026_mixed_damage,p026_mixed_damage,canonical__p026_mixed_damage,canonical,primary,p026,architecture_structured,View of a Village along a River,attributed to Jan Brueghel I,,lama,p026_mixed_damage,mixed_damage,p026_mixed_damage,mixed_damage,full_image,589824,0,0,768,768,37951,False,> 127,8,alex,256,0.40372413396835327,0.021359499543905258,0.382364634424448,0.06815930001903325,0.3707143999636173,2.0.0,restoration_eval.metrics_lpips,cuda,3.12.6,2.1.3,2.2.3,11.0.0,2.5.1+cu121,0.1.4,ok,
lama__canonical__canonical__p026_mixed_damage__content_region__lpips,lama__canonical__canonical__p026_mixed_damage,lama__canonical__canonical__p026_mixed_damage,lama__canonical__canonical__p026_mixed_damage,canonical__p026_mixed_damage,p026_mixed_damage,canonical__p026_mixed_damage,canonical,primary,p026,architecture_structured,View of a Village along a River,attributed to Jan Brueghel I,,lama,p026_mixed_damage,mixed_damage,p026_mixed_damage,mixed_damage,content_region,406272,0,119,768,648,37951,False,> 127,8,alex,256,0.470121294260025,0.031634435057640076,0.43848685920238495,0.06494009995367378,0.3707143999636173,2.0.0,restoration_eval.metrics_lpips,cuda,3.12.6,2.1.3,2.2.3,11.0.0,2.5.1+cu121,0.1.4,ok,
lama__canonical__canonical__p026_mixed_damage__mask_bbox_crop__lpips,lama__canonical__canonical__p026_mixed_damage,lama__canonical__canonical__p026_mixed_damage,lama__canonical__canonical__p026_mixed_damage,canonical__p026_mixed_damage,p026_mixed_damage,canonical__p026_mixed_damage,canonical,primary,p026,architecture_structured,View of a Village along a River,attributed to Jan Brueghel I,,lama,p026_mixed_damage,mixed_damage,p026_mixed_damage,mixed_damage,mask_bbox_crop,589824,0,0,768,768,37951,False,> 127,8,alex,256,0.40372413396835327,0.021359499543905258,0.382364634424448,0.0742765999166295,0.3707143999636173,2.0.0,restoration_eval.metrics_lpips,cuda,3.12.6,2.1.3,2.2.3,11.0.0,2.5.1+cu121,0.1.4,ok,
lama__canonical__canonical__p026_scratch_thin__full_image__lpips,lama__canonical__canonical__p026_scratch_thin,lama__canonical__canonical__p026_scratch_thin,lama__canonical__canonical__p026_scratch_thin,canonical__p026_scratch_thin,p026_scratch_thin,canonical__p026_scratch_thin,canonical,primary,p026,architecture_structured,View of a Village along a River,attributed to Jan Brueghel I,,lama,p026_scratch_thin,scratch_thin,p026_scratch_thin,scratch_thin,full_image,589824,0,0,768,768,9911,False,> 127,8,alex,256,0.35667291283607483,0.002911851741373539,0.3537610610947013,0.07020730001386255,0.34880479995626956,2.0.0,restoration_eval.metrics_lpips,cuda,3.12.6,2.1.3,2.2.3,11.0.0,2.5.1+cu121,0.1.4,ok,
lama__canonical__canonical__p026_scratch_thin__content_region__lpips,lama__canonical__canonical__p026_scratch_thin,lama__canonical__canonical__p026_scratch_thin,lama__canonical__canonical__p026_scratch_thin,canonical__p026_scratch_thin,p026_scratch_thin,canonical__p026_scratch_thin,canonical,primary,p026,architecture_structured,View of a Village along a River,attributed to Jan Brueghel I,,lama,p026_scratch_thin,scratch_thin,p026_scratch_thin,scratch_thin,content_region,406272,0,119,768,648,9911,False,> 127,8,alex,256,0.4118650555610657,0.0037339867558330297,0.40813106880523264,0.058035099995322526,0.34880479995626956,2.0.0,restoration_eval.metrics_lpips,cuda,3.12.6,2.1.3,2.2.3,11.0.0,2.5.1+cu121,0.1.4,ok,
lama__canonical__canonical__p026_scratch_thin__mask_bbox_crop__lpips,lama__canonical__canonical__p026_scratch_thin,lama__canonical__canonical__p026_scratch_thin,lama__canonical__canonical__p026_scratch_thin,canonical__p026_scratch_thin,p026_scratch_thin,canonical__p026_scratch_thin,canonical,primary,p026,architecture_structured,View of a Village along a River,attributed to Jan Brueghel I,,lama,p026_scratch_thin,scratch_thin,p026_scratch_thin,scratch_thin,mask_bbox_crop,451584,0,47,672,719,9911,False,> 127,8,alex,256,0.40019333362579346,0.0037425043992698193,0.39645082922652364,0.060901999939233065,0.34880479995626956,2.0.0,restoration_eval.metrics_lpips,cuda,3.12.6,2.1.3,2.2.3,11.0.0,2.5.1+cu121,0.1.4,ok,
lama__canonical__canonical__p026_zero_control__full_image__lpips,lama__canonical__canonical__p026_zero_control,lama__canonical__canonical__p026_zero_control,lama__canonical__canonical__p026_zero_control,canonical__p026_zero_control,p026_zero_control,canonical__p026_zero_control,canonical,primary,p026,architecture_structured,View of a Village along a River,attributed to Jan Brueghel I,,lama,p026_zero_control,zero_control,p026_zero_control,zero_control,full_image,589824,0,0,768,768,0,True,> 127,8,alex,256,0.0,0.0,0.0,0.0865877999458462,0.3121498000109568,2.0.0,restoration_eval.metrics_lpips,cuda,3.12.6,2.1.3,2.2.3,11.0.0,2.5.1+cu121,0.1.4,ok,
lama__canonical__canonical__p026_zero_control__content_region__lpips,lama__canonical__canonical__p026_zero_control,lama__canonical__canonical__p026_zero_control,lama__canonical__canonical__p026_zero_control,canonical__p026_zero_control,p026_zero_control,canonical__p026_zero_control,canonical,primary,p026,architecture_structured,View of a Village along a River,attributed to Jan Brueghel I,,lama,p026_zero_control,zero_control,p026_zero_control,zero_control,content_region,406272,0,119,768,648,0,True,> 127,8,alex,256,0.0,0.0,0.0,0.06832449999637902,0.3121498000109568,2.0.0,restoration_eval.metrics_lpips,cuda,3.12.6,2.1.3,2.2.3,11.0.0,2.5.1+cu121,0.1.4,ok,
lama__canonical__canonical__p027_loss_large__full_image__lpips,lama__canonical__canonical__p027_loss_large,lama__canonical__canonical__p027_loss_large,lama__canonical__canonical__p027_loss_large,canonical__p027_loss_large,p027_loss_large,canonical__p027_loss_large,canonical,primary,p027,architecture_structured,Italian Landscape with the Ponte Lucano over the Aniene River,Jan Both,,lama,p027_loss_large,loss_large,p027_loss_large,loss_large,full_image,589824,0,0,768,768,51962,False,> 127,8,alex,256,0.2152586281299591,0.04995613172650337,0.16530249640345573,0.10048539994750172,0.4518689999822527,2.0.0,restoration_eval.metrics_lpips,cuda,3.12.6,2.1.3,2.2.3,11.0.0,2.5.1+cu121,0.1.4,ok,
lama__canonical__canonical__p027_loss_large__content_region__lpips,lama__canonical__canonical__p027_loss_large,lama__canonical__canonical__p027_loss_large,lama__canonical__canonical__p027_loss_large,canonical__p027_loss_large,p027_loss_large,canonical__p027_loss_large,canonical,primary,p027,architecture_structured,Italian Landscape with the Ponte Lucano over the Aniene River,Jan Both,,lama,p027_loss_large,loss_large,p027_loss_large,loss_large,content_region,461568,0,83,768,684,51962,False,> 127,8,alex,256,0.26781028509140015,0.06781031936407089,0.19999996572732925,0.07988629990722984,0.4518689999822527,2.0.0,restoration_eval.metrics_lpips,cuda,3.12.6,2.1.3,2.2.3,11.0.0,2.5.1+cu121,0.1.4,ok,
lama__canonical__canonical__p027_loss_large__mask_bbox_crop__lpips,lama__canonical__canonical__p027_loss_large,lama__canonical__canonical__p027_loss_large,lama__canonical__canonical__p027_loss_large,canonical__p027_loss_large,p027_loss_large,canonical__p027_loss_large,canonical,primary,p027,architecture_structured,Italian Landscape with the Ponte Lucano over the Aniene River,Jan Both,,lama,p027_loss_large,loss_large,p027_loss_large,loss_large,mask_bbox_crop,95481,378,161,687,470,51962,False,> 127,8,alex,256,0.7793211936950684,0.26394587755203247,0.5153753161430359,0.05277970002498478,0.4518689999822527,2.0.0,restoration_eval.metrics_lpips,cuda,3.12.6,2.1.3,2.2.3,11.0.0,2.5.1+cu121,0.1.4,ok,
lama__canonical__canonical__p027_loss_small__full_image__lpips,lama__canonical__canonical__p027_loss_small,lama__canonical__canonical__p027_loss_small,lama__canonical__canonical__p027_loss_small,canonical__p027_loss_small,p027_loss_small,canonical__p027_loss_small,canonical,primary,p027,architecture_structured,Italian Landscape with the Ponte Lucano over the Aniene River,Jan Both,,lama,p027_loss_small,loss_small,p027_loss_small,loss_small,full_image,589824,0,0,768,768,24809,False,> 127,8,alex,256,0.22025509178638458,0.022133613005280495,0.1981214787811041,0.07525750005152076,0.40155950002372265,2.0.0,restoration_eval.metrics_lpips,cuda,3.12.6,2.1.3,2.2.3,11.0.0,2.5.1+cu121,0.1.4,ok,
lama__canonical__canonical__p027_loss_small__content_region__lpips,lama__canonical__canonical__p027_loss_small,lama__canonical__canonical__p027_loss_small,lama__canonical__canonical__p027_loss_small,canonical__p027_loss_small,p027_loss_small,canonical__p027_loss_small,canonical,primary,p027,architecture_structured,Italian Landscape with the Ponte Lucano over the Aniene River,Jan Both,,lama,p027_loss_small,loss_small,p027_loss_small,loss_small,content_region,461568,0,83,768,684,24809,False,> 127,8,alex,256,0.2619969844818115,0.02708449773490429,0.23491248674690723,0.07130520010832697,0.40155950002372265,2.0.0,restoration_eval.metrics_lpips,cuda,3.12.6,2.1.3,2.2.3,11.0.0,2.5.1+cu121,0.1.4,ok,
lama__canonical__canonical__p027_loss_small__mask_bbox_crop__lpips,lama__canonical__canonical__p027_loss_small,lama__canonical__canonical__p027_loss_small,lama__canonical__canonical__p027_loss_small,canonical__p027_loss_small,p027_loss_small,canonical__p027_loss_small,canonical,primary,p027,architecture_structured,Italian Landscape with the Ponte Lucano over the Aniene River,Jan Both,,lama,p027_loss_small,loss_small,p027_loss_small,loss_small,mask_bbox_crop,492804,28,29,730,731,24809,False,> 127,8,alex,256,0.2356550693511963,0.021859655156731606,0.21379541419446468,0.0695193000137806,0.40155950002372265,2.0.0,restoration_eval.metrics_lpips,cuda,3.12.6,2.1.3,2.2.3,11.0.0,2.5.1+cu121,0.1.4,ok,
lama__canonical__canonical__p027_mixed_damage__full_image__lpips,lama__canonical__canonical__p027_mixed_damage,lama__canonical__canonical__p027_mixed_damage,lama__canonical__canonical__p027_mixed_damage,canonical__p027_mixed_damage,p027_mixed_damage,canonical__p027_mixed_damage,canonical,primary,p027,architecture_structured,Italian Landscape with the Ponte Lucano over the Aniene River,Jan Both,,lama,p027_mixed_damage,mixed_damage,p027_mixed_damage,mixed_damage,full_image,589824,0,0,768,768,40932,False,> 127,8,alex,256,0.4627815783023834,0.017495369538664818,0.4452862087637186,0.07499830005690455,0.366892599966377,2.0.0,restoration_eval.metrics_lpips,cuda,3.12.6,2.1.3,2.2.3,11.0.0,2.5.1+cu121,0.1.4,ok,
lama__canonical__canonical__p027_mixed_damage__content_region__lpips,lama__canonical__canonical__p027_mixed_damage,lama__canonical__canonical__p027_mixed_damage,lama__canonical__canonical__p027_mixed_damage,canonical__p027_mixed_damage,p027_mixed_damage,canonical__p027_mixed_damage,canonical,primary,p027,architecture_structured,Italian Landscape with the Ponte Lucano over the Aniene River,Jan Both,,lama,p027_mixed_damage,mixed_damage,p027_mixed_damage,mixed_damage,content_region,461568,0,83,768,684,40932,False,> 127,8,alex,256,0.5103678703308105,0.0240190289914608,0.48634884133934975,0.06228860002011061,0.366892599966377,2.0.0,restoration_eval.metrics_lpips,cuda,3.12.6,2.1.3,2.2.3,11.0.0,2.5.1+cu121,0.1.4,ok,
lama__canonical__canonical__p027_mixed_damage__mask_bbox_crop__lpips,lama__canonical__canonical__p027_mixed_damage,lama__canonical__canonical__p027_mixed_damage,lama__canonical__canonical__p027_mixed_damage,canonical__p027_mixed_damage,p027_mixed_damage,canonical__p027_mixed_damage,canonical,primary,p027,architecture_structured,Italian Landscape with the Ponte Lucano over the Aniene River,Jan Both,,lama,p027_mixed_damage,mixed_damage,p027_mixed_damage,mixed_damage,mask_bbox_crop,589824,0,0,768,768,40932,False,> 127,8,alex,256,0.4627815783023834,0.017495369538664818,0.4452862087637186,0.06648040004074574,0.366892599966377,2.0.0,restoration_eval.metrics_lpips,cuda,3.12.6,2.1.3,2.2.3,11.0.0,2.5.1+cu121,0.1.4,ok,
lama__canonical__canonical__p027_scratch_thin__full_image__lpips,lama__canonical__canonical__p027_scratch_thin,lama__canonical__canonical__p027_scratch_thin,lama__canonical__canonical__p027_scratch_thin,canonical__p027_scratch_thin,p027_scratch_thin,canonical__p027_scratch_thin,canonical,primary,p027,architecture_structured,Italian Landscape with the Ponte Lucano over the Aniene River,Jan Both,,lama,p027_scratch_thin,scratch_thin,p027_scratch_thin,scratch_thin,full_image,589824,0,0,768,768,10362,False,> 127,8,alex,256,0.3714773952960968,0.002041150815784931,0.36943624448031187,0.06598579999990761,0.3694753999589011,2.0.0,restoration_eval.metrics_lpips,cuda,3.12.6,2.1.3,2.2.3,11.0.0,2.5.1+cu121,0.1.4,ok,
lama__canonical__canonical__p027_scratch_thin__content_region__lpips,lama__canonical__canonical__p027_scratch_thin,lama__canonical__canonical__p027_scratch_thin,lama__canonical__canonical__p027_scratch_thin,canonical__p027_scratch_thin,p027_scratch_thin,canonical__p027_scratch_thin,canonical,primary,p027,architecture_structured,Italian Landscape with the Ponte Lucano over the Aniene River,Jan Both,,lama,p027_scratch_thin,scratch_thin,p027_scratch_thin,scratch_thin,content_region,461568,0,83,768,684,10362,False,> 127,8,alex,256,0.433204710483551,0.002273548860102892,0.43093116162344813,0.07349860004615039,0.3694753999589011,2.0.0,restoration_eval.metrics_lpips,cuda,3.12.6,2.1.3,2.2.3,11.0.0,2.5.1+cu121,0.1.4,ok,
lama__canonical__canonical__p027_scratch_thin__mask_bbox_crop__lpips,lama__canonical__canonical__p027_scratch_thin,lama__canonical__canonical__p027_scratch_thin,lama__canonical__canonical__p027_scratch_thin,canonical__p027_scratch_thin,p027_scratch_thin,canonical__p027_scratch_thin,canonical,primary,p027,architecture_structured,Italian Landscape with the Ponte Lucano over the Aniene River,Jan Both,,lama,p027_scratch_thin,scratch_thin,p027_scratch_thin,scratch_thin,mask_bbox_crop,494209,65,32,768,735,10362,False,> 127,8,alex,256,0.40512460470199585,0.0021122689358890057,0.40301233576610684,0.06634550006128848,0.3694753999589011,2.0.0,restoration_eval.metrics_lpips,cuda,3.12.6,2.1.3,2.2.3,11.0.0,2.5.1+cu121,0.1.4,ok,
lama__canonical__canonical__p027_zero_control__full_image__lpips,lama__canonical__canonical__p027_zero_control,lama__canonical__canonical__p027_zero_control,lama__canonical__canonical__p027_zero_control,canonical__p027_zero_control,p027_zero_control,canonical__p027_zero_control,canonical,primary,p027,architecture_structured,Italian Landscape with the Ponte Lucano over the Aniene River,Jan Both,,lama,p027_zero_control,zero_control,p027_zero_control,zero_control,full_image,589824,0,0,768,768,0,True,> 127,8,alex,256,0.0,0.0,0.0,0.061823599971830845,0.2664818000048399,2.0.0,restoration_eval.metrics_lpips,cuda,3.12.6,2.1.3,2.2.3,11.0.0,2.5.1+cu121,0.1.4,ok,
lama__canonical__canonical__p027_zero_control__content_region__lpips,lama__canonical__canonical__p027_zero_control,lama__canonical__canonical__p027_zero_control,lama__canonical__canonical__p027_zero_control,canonical__p027_zero_control,p027_zero_control,canonical__p027_zero_control,canonical,primary,p027,architecture_structured,Italian Landscape with the Ponte Lucano over the Aniene River,Jan Both,,lama,p027_zero_control,zero_control,p027_zero_control,zero_control,content_region,461568,0,83,768,684,0,True,> 127,8,alex,256,0.0,0.0,0.0,0.05436860001645982,0.2664818000048399,2.0.0,restoration_eval.metrics_lpips,cuda,3.12.6,2.1.3,2.2.3,11.0.0,2.5.1+cu121,0.1.4,ok,
lama__canonical__canonical__p028_loss_large__full_image__lpips,lama__canonical__canonical__p028_loss_large,lama__canonical__canonical__p028_loss_large,lama__canonical__canonical__p028_loss_large,canonical__p028_loss_large,p028_loss_large,canonical__p028_loss_large,canonical,primary,p028,architecture_structured,Trading posts of the Dutch East India Company (VOC),workshop of Johannes Vinckboons,,lama,p028_loss_large,loss_large,p028_loss_large,loss_large,full_image,589824,0,0,768,768,47473,False,> 127,8,alex,256,0.15816593170166016,0.04799777269363403,0.11016815900802612,0.06697109993547201,0.355252799927257,2.0.0,restoration_eval.metrics_lpips,cuda,3.12.6,2.1.3,2.2.3,11.0.0,2.5.1+cu121,0.1.4,ok,
lama__canonical__canonical__p028_loss_large__content_region__lpips,lama__canonical__canonical__p028_loss_large,lama__canonical__canonical__p028_loss_large,lama__canonical__canonical__p028_loss_large,canonical__p028_loss_large,p028_loss_large,canonical__p028_loss_large,canonical,primary,p028,architecture_structured,Trading posts of the Dutch East India Company (VOC),workshop of Johannes Vinckboons,,lama,p028_loss_large,loss_large,p028_loss_large,loss_large,content_region,407808,0,118,768,649,47473,False,> 127,8,alex,256,0.1980663239955902,0.05803241953253746,0.14003390446305275,0.06433449999894947,0.355252799927257,2.0.0,restoration_eval.metrics_lpips,cuda,3.12.6,2.1.3,2.2.3,11.0.0,2.5.1+cu121,0.1.4,ok,
lama__canonical__canonical__p028_loss_large__mask_bbox_crop__lpips,lama__canonical__canonical__p028_loss_large,lama__canonical__canonical__p028_loss_large,lama__canonical__canonical__p028_loss_large,canonical__p028_loss_large,p028_loss_large,canonical__p028_loss_large,canonical,primary,p028,architecture_structured,Trading posts of the Dutch East India Company (VOC),workshop of Johannes Vinckboons,,lama,p028_loss_large,loss_large,p028_loss_large,loss_large,mask_bbox_crop,92416,316,112,620,416,47473,False,> 127,8,alex,256,0.5773308873176575,0.1941702514886856,0.38316063582897186,0.036908800015226007,0.355252799927257,2.0.0,restoration_eval.metrics_lpips,cuda,3.12.6,2.1.3,2.2.3,11.0.0,2.5.1+cu121,0.1.4,ok,
lama__canonical__canonical__p028_loss_small__full_image__lpips,lama__canonical__canonical__p028_loss_small,lama__canonical__canonical__p028_loss_small,lama__canonical__canonical__p028_loss_small,canonical__p028_loss_small,p028_loss_small,canonical__p028_loss_small,canonical,primary,p028,architecture_structured,Trading posts of the Dutch East India Company (VOC),workshop of Johannes Vinckboons,,lama,p028_loss_small,loss_small,p028_loss_small,loss_small,full_image,589824,0,0,768,768,16168,False,> 127,8,alex,256,0.15316331386566162,0.013407120481133461,0.13975619338452816,0.08529379998799413,0.3811383000575006,2.0.0,restoration_eval.metrics_lpips,cuda,3.12.6,2.1.3,2.2.3,11.0.0,2.5.1+cu121,0.1.4,ok,
lama__canonical__canonical__p028_loss_small__content_region__lpips,lama__canonical__canonical__p028_loss_small,lama__canonical__canonical__p028_loss_small,lama__canonical__canonical__p028_loss_small,canonical__p028_loss_small,p028_loss_small,canonical__p028_loss_small,canonical,primary,p028,architecture_structured,Trading posts of the Dutch East India Company (VOC),workshop of Johannes Vinckboons,,lama,p028_loss_small,loss_small,p028_loss_small,loss_small,content_region,407808,0,118,768,649,16168,False,> 127,8,alex,256,0.18003344535827637,0.010062632150948048,0.16997081320732832,0.06703889998607337,0.3811383000575006,2.0.0,restoration_eval.metrics_lpips,cuda,3.12.6,2.1.3,2.2.3,11.0.0,2.5.1+cu121,0.1.4,ok,
lama__canonical__canonical__p028_loss_small__mask_bbox_crop__lpips,lama__canonical__canonical__p028_loss_small,lama__canonical__canonical__p028_loss_small,lama__canonical__canonical__p028_loss_small,canonical__p028_loss_small,p028_loss_small,canonical__p028_loss_small,canonical,primary,p028,architecture_structured,Trading posts of the Dutch East India Company (VOC),workshop of Johannes Vinckboons,,lama,p028_loss_small,loss_small,p028_loss_small,loss_small,mask_bbox_crop,291600,31,78,571,618,16168,False,> 127,8,alex,256,0.21057216823101044,0.018442174419760704,0.19212999381124973,0.07457789999898523,0.3811383000575006,2.0.0,restoration_eval.metrics_lpips,cuda,3.12.6,2.1.3,2.2.3,11.0.0,2.5.1+cu121,0.1.4,ok,
lama__canonical__canonical__p028_mixed_damage__full_image__lpips,lama__canonical__canonical__p028_mixed_damage,lama__canonical__canonical__p028_mixed_damage,lama__canonical__canonical__p028_mixed_damage,canonical__p028_mixed_damage,p028_mixed_damage,canonical__p028_mixed_damage,canonical,primary,p028,architecture_structured,Trading posts of the Dutch East India Company (VOC),workshop of Johannes Vinckboons,,lama,p028_mixed_damage,mixed_damage,p028_mixed_damage,mixed_damage,full_image,589824,0,0,768,768,42118,False,> 127,8,alex,256,0.34664374589920044,0.012680459767580032,0.3339632861316204,0.06803720002062619,0.3561130999587476,2.0.0,restoration_eval.metrics_lpips,cuda,3.12.6,2.1.3,2.2.3,11.0.0,2.5.1+cu121,0.1.4,ok,
lama__canonical__canonical__p028_mixed_damage__content_region__lpips,lama__canonical__canonical__p028_mixed_damage,lama__canonical__canonical__p028_mixed_damage,lama__canonical__canonical__p028_mixed_damage,canonical__p028_mixed_damage,p028_mixed_damage,canonical__p028_mixed_damage,canonical,primary,p028,architecture_structured,Trading posts of the Dutch East India Company (VOC),workshop of Johannes Vinckboons,,lama,p028_mixed_damage,mixed_damage,p028_mixed_damage,mixed_damage,content_region,407808,0,118,768,649,42118,False,> 127,8,alex,256,0.41488903760910034,0.020449189469218254,0.3944398481398821,0.05308310000691563,0.3561130999587476,2.0.0,restoration_eval.metrics_lpips,cuda,3.12.6,2.1.3,2.2.3,11.0.0,2.5.1+cu121,0.1.4,ok,
lama__canonical__canonical__p028_mixed_damage__mask_bbox_crop__lpips,lama__canonical__canonical__p028_mixed_damage,lama__canonical__canonical__p028_mixed_damage,lama__canonical__canonical__p028_mixed_damage,canonical__p028_mixed_damage,p028_mixed_damage,canonical__p028_mixed_damage,canonical,primary,p028,architecture_structured,Trading posts of the Dutch East India Company (VOC),workshop of Johannes Vinckboons,,lama,p028_mixed_damage,mixed_damage,p028_mixed_damage,mixed_damage,mask_bbox_crop,589824,0,0,768,768,42118,False,> 127,8,alex,256,0.34664374589920044,0.012680459767580032,0.3339632861316204,0.07327499997336417,0.3561130999587476,2.0.0,restoration_eval.metrics_lpips,cuda,3.12.6,2.1.3,2.2.3,11.0.0,2.5.1+cu121,0.1.4,ok,
lama__canonical__canonical__p028_scratch_thin__full_image__lpips,lama__canonical__canonical__p028_scratch_thin,lama__canonical__canonical__p028_scratch_thin,lama__canonical__canonical__p028_scratch_thin,canonical__p028_scratch_thin,p028_scratch_thin,canonical__p028_scratch_thin,canonical,primary,p028,architecture_structured,Trading posts of the Dutch East India Company (VOC),workshop of Johannes Vinckboons,,lama,p028_scratch_thin,scratch_thin,p028_scratch_thin,scratch_thin,full_image,589824,0,0,768,768,6439,False,> 127,8,alex,256,0.275013267993927,0.0047554862685501575,0.27025778172537684,0.07095730002038181,0.35968120000325143,2.0.0,restoration_eval.metrics_lpips,cuda,3.12.6,2.1.3,2.2.3,11.0.0,2.5.1+cu121,0.1.4,ok,
lama__canonical__canonical__p028_scratch_thin__content_region__lpips,lama__canonical__canonical__p028_scratch_thin,lama__canonical__canonical__p028_scratch_thin,lama__canonical__canonical__p028_scratch_thin,canonical__p028_scratch_thin,p028_scratch_thin,canonical__p028_scratch_thin,canonical,primary,p028,architecture_structured,Trading posts of the Dutch East India Company (VOC),workshop of Johannes Vinckboons,,lama,p028_scratch_thin,scratch_thin,p028_scratch_thin,scratch_thin,content_region,407808,0,118,768,649,6439,False,> 127,8,alex,256,0.30883705615997314,0.014887477271258831,0.2939495788887143,0.06286129995714873,0.35968120000325143,2.0.0,restoration_eval.metrics_lpips,cuda,3.12.6,2.1.3,2.2.3,11.0.0,2.5.1+cu121,0.1.4,ok,
lama__canonical__canonical__p028_scratch_thin__mask_bbox_crop__lpips,lama__canonical__canonical__p028_scratch_thin,lama__canonical__canonical__p028_scratch_thin,lama__canonical__canonical__p028_scratch_thin,canonical__p028_scratch_thin,p028_scratch_thin,canonical__p028_scratch_thin,canonical,primary,p028,architecture_structured,Trading posts of the Dutch East India Company (VOC),workshop of Johannes Vinckboons,,lama,p028_scratch_thin,scratch_thin,p028_scratch_thin,scratch_thin,mask_bbox_crop,541696,32,15,768,751,6439,False,> 127,8,alex,256,0.28224873542785645,0.00583929568529129,0.27640943974256516,0.06609360000584275,0.35968120000325143,2.0.0,restoration_eval.metrics_lpips,cuda,3.12.6,2.1.3,2.2.3,11.0.0,2.5.1+cu121,0.1.4,ok,
lama__canonical__canonical__p028_zero_control__full_image__lpips,lama__canonical__canonical__p028_zero_control,lama__canonical__canonical__p028_zero_control,lama__canonical__canonical__p028_zero_control,canonical__p028_zero_control,p028_zero_control,canonical__p028_zero_control,canonical,primary,p028,architecture_structured,Trading posts of the Dutch East India Company (VOC),workshop of Johannes Vinckboons,,lama,p028_zero_control,zero_control,p028_zero_control,zero_control,full_image,589824,0,0,768,768,0,True,> 127,8,alex,256,0.0,0.0,0.0,0.0752204000018537,0.282041999977082,2.0.0,restoration_eval.metrics_lpips,cuda,3.12.6,2.1.3,2.2.3,11.0.0,2.5.1+cu121,0.1.4,ok,
lama__canonical__canonical__p028_zero_control__content_region__lpips,lama__canonical__canonical__p028_zero_control,lama__canonical__canonical__p028_zero_control,lama__canonical__canonical__p028_zero_control,canonical__p028_zero_control,p028_zero_control,canonical__p028_zero_control,canonical,primary,p028,architecture_structured,Trading posts of the Dutch East India Company (VOC),workshop of Johannes Vinckboons,,lama,p028_zero_control,zero_control,p028_zero_control,zero_control,content_region,407808,0,118,768,649,0,True,> 127,8,alex,256,0.0,0.0,0.0,0.05946969997603446,0.282041999977082,2.0.0,restoration_eval.metrics_lpips,cuda,3.12.6,2.1.3,2.2.3,11.0.0,2.5.1+cu121,0.1.4,ok,
lama__canonical__canonical__p029_loss_large__full_image__lpips,lama__canonical__canonical__p029_loss_large,lama__canonical__canonical__p029_loss_large,lama__canonical__canonical__p029_loss_large,canonical__p029_loss_large,p029_loss_large,canonical__p029_loss_large,canonical,primary,p029,architecture_structured,"The Trading Post of the Dutch East India Company in Hooghly, Bengal",workshop of Johannes Vinckboons,,lama,p029_loss_large,loss_large,p029_loss_large,loss_large,full_image,589824,0,0,768,768,48057,False,> 127,8,alex,256,0.1608818620443344,0.042024530470371246,0.11885733157396317,0.07091619994025677,0.34486469998955727,2.0.0,restoration_eval.metrics_lpips,cuda,3.12.6,2.1.3,2.2.3,11.0.0,2.5.1+cu121,0.1.4,ok,
lama__canonical__canonical__p029_loss_large__content_region__lpips,lama__canonical__canonical__p029_loss_large,lama__canonical__canonical__p029_loss_large,lama__canonical__canonical__p029_loss_large,canonical__p029_loss_large,p029_loss_large,canonical__p029_loss_large,canonical,primary,p029,architecture_structured,"The Trading Post of the Dutch East India Company in Hooghly, Bengal",workshop of Johannes Vinckboons,,lama,p029_loss_large,loss_large,p029_loss_large,loss_large,content_region,383232,0,134,768,633,48057,False,> 127,8,alex,256,0.21212342381477356,0.05762939527630806,0.1544940285384655,0.05876599997282028,0.34486469998955727,2.0.0,restoration_eval.metrics_lpips,cuda,3.12.6,2.1.3,2.2.3,11.0.0,2.5.1+cu121,0.1.4,ok,
lama__canonical__canonical__p029_loss_large__mask_bbox_crop__lpips,lama__canonical__canonical__p029_loss_large,lama__canonical__canonical__p029_loss_large,lama__canonical__canonical__p029_loss_large,canonical__p029_loss_large,p029_loss_large,canonical__p029_loss_large,canonical,primary,p029,architecture_structured,"The Trading Post of the Dutch East India Company in Hooghly, Bengal",workshop of Johannes Vinckboons,,lama,p029_loss_large,loss_large,p029_loss_large,loss_large,mask_bbox_crop,89401,148,149,447,448,48057,False,> 127,8,alex,256,0.652153730392456,0.24089477956295013,0.4112589508295059,0.033059900044463575,0.34486469998955727,2.0.0,restoration_eval.metrics_lpips,cuda,3.12.6,2.1.3,2.2.3,11.0.0,2.5.1+cu121,0.1.4,ok,
lama__canonical__canonical__p029_loss_small__full_image__lpips,lama__canonical__canonical__p029_loss_small,lama__canonical__canonical__p029_loss_small,lama__canonical__canonical__p029_loss_small,canonical__p029_loss_small,p029_loss_small,canonical__p029_loss_small,canonical,primary,p029,architecture_structured,"The Trading Post of the Dutch East India Company in Hooghly, Bengal",workshop of Johannes Vinckboons,,lama,p029_loss_small,loss_small,p029_loss_small,loss_small,full_image,589824,0,0,768,768,14160,False,> 127,8,alex,256,0.14204370975494385,0.005999102257192135,0.1360446074977517,0.06954429997131228,0.3475959999486804,2.0.0,restoration_eval.metrics_lpips,cuda,3.12.6,2.1.3,2.2.3,11.0.0,2.5.1+cu121,0.1.4,ok,
lama__canonical__canonical__p029_loss_small__content_region__lpips,lama__canonical__canonical__p029_loss_small,lama__canonical__canonical__p029_loss_small,lama__canonical__canonical__p029_loss_small,canonical__p029_loss_small,p029_loss_small,canonical__p029_loss_small,canonical,primary,p029,architecture_structured,"The Trading Post of the Dutch East India Company in Hooghly, Bengal",workshop of Johannes Vinckboons,,lama,p029_loss_small,loss_small,p029_loss_small,loss_small,content_region,383232,0,134,768,633,14160,False,> 127,8,alex,256,0.15011638402938843,0.012681299820542336,0.1374350842088461,0.053009700030088425,0.3475959999486804,2.0.0,restoration_eval.metrics_lpips,cuda,3.12.6,2.1.3,2.2.3,11.0.0,2.5.1+cu121,0.1.4,ok,
lama__canonical__canonical__p029_loss_small__mask_bbox_crop__lpips,lama__canonical__canonical__p029_loss_small,lama__canonical__canonical__p029_loss_small,lama__canonical__canonical__p029_loss_small,canonical__p029_loss_small,p029_loss_small,canonical__p029_loss_small,canonical,primary,p029,architecture_structured,"The Trading Post of the Dutch East India Company in Hooghly, Bengal",workshop of Johannes Vinckboons,,lama,p029_loss_small,loss_small,p029_loss_small,loss_small,mask_bbox_crop,425104,71,68,723,720,14160,False,> 127,8,alex,256,0.15357886254787445,0.00851965881884098,0.14505920372903347,0.056158100022003055,0.3475959999486804,2.0.0,restoration_eval.metrics_lpips,cuda,3.12.6,2.1.3,2.2.3,11.0.0,2.5.1+cu121,0.1.4,ok,
lama__canonical__canonical__p029_mixed_damage__full_image__lpips,lama__canonical__canonical__p029_mixed_damage,lama__canonical__canonical__p029_mixed_damage,lama__canonical__canonical__p029_mixed_damage,canonical__p029_mixed_damage,p029_mixed_damage,canonical__p029_mixed_damage,canonical,primary,p029,architecture_structured,"The Trading Post of the Dutch East India Company in Hooghly, Bengal",workshop of Johannes Vinckboons,,lama,p029_mixed_damage,mixed_damage,p029_mixed_damage,mixed_damage,full_image,589824,0,0,768,768,50750,False,> 127,8,alex,256,0.38503092527389526,0.019611673429608345,0.3654192518442869,0.06795179995242506,0.3789785000262782,2.0.0,restoration_eval.metrics_lpips,cuda,3.12.6,2.1.3,2.2.3,11.0.0,2.5.1+cu121,0.1.4,ok,
lama__canonical__canonical__p029_mixed_damage__content_region__lpips,lama__canonical__canonical__p029_mixed_damage,lama__canonical__canonical__p029_mixed_damage,lama__canonical__canonical__p029_mixed_damage,canonical__p029_mixed_damage,p029_mixed_damage,canonical__p029_mixed_damage,canonical,primary,p029,architecture_structured,"The Trading Post of the Dutch East India Company in Hooghly, Bengal",workshop of Johannes Vinckboons,,lama,p029_mixed_damage,mixed_damage,p029_mixed_damage,mixed_damage,content_region,383232,0,134,768,633,50750,False,> 127,8,alex,256,0.4466385841369629,0.035401083528995514,0.4112375006079674,0.06640259991399944,0.3789785000262782,2.0.0,restoration_eval.metrics_lpips,cuda,3.12.6,2.1.3,2.2.3,11.0.0,2.5.1+cu121,0.1.4,ok,
lama__canonical__canonical__p029_mixed_damage__mask_bbox_crop__lpips,lama__canonical__canonical__p029_mixed_damage,lama__canonical__canonical__p029_mixed_damage,lama__canonical__canonical__p029_mixed_damage,canonical__p029_mixed_damage,p029_mixed_damage,canonical__p029_mixed_damage,canonical,primary,p029,architecture_structured,"The Trading Post of the Dutch East India Company in Hooghly, Bengal",workshop of Johannes Vinckboons,,lama,p029_mixed_damage,mixed_damage,p029_mixed_damage,mixed_damage,mask_bbox_crop,547600,0,13,740,753,50750,False,> 127,8,alex,256,0.3936346471309662,0.02050280012190342,0.37313184700906277,0.08291889994870871,0.3789785000262782,2.0.0,restoration_eval.metrics_lpips,cuda,3.12.6,2.1.3,2.2.3,11.0.0,2.5.1+cu121,0.1.4,ok,
lama__canonical__canonical__p029_scratch_thin__full_image__lpips,lama__canonical__canonical__p029_scratch_thin,lama__canonical__canonical__p029_scratch_thin,lama__canonical__canonical__p029_scratch_thin,canonical__p029_scratch_thin,p029_scratch_thin,canonical__p029_scratch_thin,canonical,primary,p029,architecture_structured,"The Trading Post of the Dutch East India Company in Hooghly, Bengal",workshop of Johannes Vinckboons,,lama,p029_scratch_thin,scratch_thin,p029_scratch_thin,scratch_thin,full_image,589824,0,0,768,768,6849,False,> 127,8,alex,256,0.24226811528205872,0.004199438262730837,0.23806867701932788,0.07792039995547384,0.38333569990936667,2.0.0,restoration_eval.metrics_lpips,cuda,3.12.6,2.1.3,2.2.3,11.0.0,2.5.1+cu121,0.1.4,ok,
lama__canonical__canonical__p029_scratch_thin__content_region__lpips,lama__canonical__canonical__p029_scratch_thin,lama__canonical__canonical__p029_scratch_thin,lama__canonical__canonical__p029_scratch_thin,canonical__p029_scratch_thin,p029_scratch_thin,canonical__p029_scratch_thin,canonical,primary,p029,architecture_structured,"The Trading Post of the Dutch East India Company in Hooghly, Bengal",workshop of Johannes Vinckboons,,lama,p029_scratch_thin,scratch_thin,p029_scratch_thin,scratch_thin,content_region,383232,0,134,768,633,6849,False,> 127,8,alex,256,0.27548718452453613,0.0030432960484176874,0.27244388847611845,0.06834950007032603,0.38333569990936667,2.0.0,restoration_eval.metrics_lpips,cuda,3.12.6,2.1.3,2.2.3,11.0.0,2.5.1+cu121,0.1.4,ok,
lama__canonical__canonical__p029_scratch_thin__mask_bbox_crop__lpips,lama__canonical__canonical__p029_scratch_thin,lama__canonical__canonical__p029_scratch_thin,lama__canonical__canonical__p029_scratch_thin,canonical__p029_scratch_thin,p029_scratch_thin,canonical__p029_scratch_thin,canonical,primary,p029,architecture_structured,"The Trading Post of the Dutch East India Company in Hooghly, Bengal",workshop of Johannes Vinckboons,,lama,p029_scratch_thin,scratch_thin,p029_scratch_thin,scratch_thin,mask_bbox_crop,589824,0,0,768,768,6849,False,> 127,8,alex,256,0.24226811528205872,0.004199438262730837,0.23806867701932788,0.07902300008572638,0.38333569990936667,2.0.0,restoration_eval.metrics_lpips,cuda,3.12.6,2.1.3,2.2.3,11.0.0,2.5.1+cu121,0.1.4,ok,
lama__canonical__canonical__p029_zero_control__full_image__lpips,lama__canonical__canonical__p029_zero_control,lama__canonical__canonical__p029_zero_control,lama__canonical__canonical__p029_zero_control,canonical__p029_zero_control,p029_zero_control,canonical__p029_zero_control,canonical,primary,p029,architecture_structured,"The Trading Post of the Dutch East India Company in Hooghly, Bengal",workshop of Johannes Vinckboons,,lama,p029_zero_control,zero_control,p029_zero_control,zero_control,full_image,589824,0,0,768,768,0,True,> 127,8,alex,256,0.0,0.0,0.0,0.0801065000705421,0.29125919996295124,2.0.0,restoration_eval.metrics_lpips,cuda,3.12.6,2.1.3,2.2.3,11.0.0,2.5.1+cu121,0.1.4,ok,
lama__canonical__canonical__p029_zero_control__content_region__lpips,lama__canonical__canonical__p029_zero_control,lama__canonical__canonical__p029_zero_control,lama__canonical__canonical__p029_zero_control,canonical__p029_zero_control,p029_zero_control,canonical__p029_zero_control,canonical,primary,p029,architecture_structured,"The Trading Post of the Dutch East India Company in Hooghly, Bengal",workshop of Johannes Vinckboons,,lama,p029_zero_control,zero_control,p029_zero_control,zero_control,content_region,383232,0,134,768,633,0,True,> 127,8,alex,256,0.0,0.0,0.0,0.06035639997571707,0.29125919996295124,2.0.0,restoration_eval.metrics_lpips,cuda,3.12.6,2.1.3,2.2.3,11.0.0,2.5.1+cu121,0.1.4,ok,
lama__canonical__canonical__p030_loss_large__full_image__lpips,lama__canonical__canonical__p030_loss_large,lama__canonical__canonical__p030_loss_large,lama__canonical__canonical__p030_loss_large,canonical__p030_loss_large,p030_loss_large,canonical__p030_loss_large,canonical,primary,p030,architecture_structured,Interior with Five Women,attributed to Dirck van Delen,,lama,p030_loss_large,loss_large,p030_loss_large,loss_large,full_image,589824,0,0,768,768,45666,False,> 127,8,alex,256,0.15847815573215485,0.042295508086681366,0.11618264764547348,0.07667460001539439,0.36263240000698715,2.0.0,restoration_eval.metrics_lpips,cuda,3.12.6,2.1.3,2.2.3,11.0.0,2.5.1+cu121,0.1.4,ok,
lama__canonical__canonical__p030_loss_large__content_region__lpips,lama__canonical__canonical__p030_loss_large,lama__canonical__canonical__p030_loss_large,lama__canonical__canonical__p030_loss_large,canonical__p030_loss_large,p030_loss_large,canonical__p030_loss_large,canonical,primary,p030,architecture_structured,Interior with Five Women,attributed to Dirck van Delen,,lama,p030_loss_large,loss_large,p030_loss_large,loss_large,content_region,387840,0,131,768,636,45666,False,> 127,8,alex,256,0.19913211464881897,0.06594869494438171,0.13318341970443726,0.0717329999897629,0.36263240000698715,2.0.0,restoration_eval.metrics_lpips,cuda,3.12.6,2.1.3,2.2.3,11.0.0,2.5.1+cu121,0.1.4,ok,
lama__canonical__canonical__p030_loss_large__mask_bbox_crop__lpips,lama__canonical__canonical__p030_loss_large,lama__canonical__canonical__p030_loss_large,lama__canonical__canonical__p030_loss_large,canonical__p030_loss_large,p030_loss_large,canonical__p030_loss_large,canonical,primary,p030,architecture_structured,Interior with Five Women,attributed to Dirck van Delen,,lama,p030_loss_large,loss_large,p030_loss_large,loss_large,mask_bbox_crop,93025,288,194,593,499,45666,False,> 127,8,alex,256,0.6178320050239563,0.2624590992927551,0.35537290573120117,0.045870800036937,0.36263240000698715,2.0.0,restoration_eval.metrics_lpips,cuda,3.12.6,2.1.3,2.2.3,11.0.0,2.5.1+cu121,0.1.4,ok,
lama__canonical__canonical__p030_loss_small__full_image__lpips,lama__canonical__canonical__p030_loss_small,lama__canonical__canonical__p030_loss_small,lama__canonical__canonical__p030_loss_small,canonical__p030_loss_small,p030_loss_small,canonical__p030_loss_small,canonical,primary,p030,architecture_structured,Interior with Five Women,attributed to Dirck van Delen,,lama,p030_loss_small,loss_small,p030_loss_small,loss_small,full_image,589824,0,0,768,768,14543,False,> 127,8,alex,256,0.1380607932806015,0.006577096879482269,0.13148369640111923,0.19244030001573265,0.4864254000131041,2.0.0,restoration_eval.metrics_lpips,cuda,3.12.6,2.1.3,2.2.3,11.0.0,2.5.1+cu121,0.1.4,ok,
lama__canonical__canonical__p030_loss_small__content_region__lpips,lama__canonical__canonical__p030_loss_small,lama__canonical__canonical__p030_loss_small,lama__canonical__canonical__p030_loss_small,canonical__p030_loss_small,p030_loss_small,canonical__p030_loss_small,canonical,primary,p030,architecture_structured,Interior with Five Women,attributed to Dirck van Delen,,lama,p030_loss_small,loss_small,p030_loss_small,loss_small,content_region,387840,0,131,768,636,14543,False,> 127,8,alex,256,0.16313152015209198,0.006597672589123249,0.15653384756296873,0.06103869993239641,0.4864254000131041,2.0.0,restoration_eval.metrics_lpips,cuda,3.12.6,2.1.3,2.2.3,11.0.0,2.5.1+cu121,0.1.4,ok,
lama__canonical__canonical__p030_loss_small__mask_bbox_crop__lpips,lama__canonical__canonical__p030_loss_small,lama__canonical__canonical__p030_loss_small,lama__canonical__canonical__p030_loss_small,canonical__p030_loss_small,p030_loss_small,canonical__p030_loss_small,canonical,primary,p030,architecture_structured,Interior with Five Women,attributed to Dirck van Delen,,lama,p030_loss_small,loss_small,p030_loss_small,loss_small,mask_bbox_crop,360000,128,43,728,643,14543,False,> 127,8,alex,256,0.16565874218940735,0.008474634028971195,0.15718410816043615,0.058648700010962784,0.4864254000131041,2.0.0,restoration_eval.metrics_lpips,cuda,3.12.6,2.1.3,2.2.3,11.0.0,2.5.1+cu121,0.1.4,ok,
lama__canonical__canonical__p030_mixed_damage__full_image__lpips,lama__canonical__canonical__p030_mixed_damage,lama__canonical__canonical__p030_mixed_damage,lama__canonical__canonical__p030_mixed_damage,canonical__p030_mixed_damage,p030_mixed_damage,canonical__p030_mixed_damage,canonical,primary,p030,architecture_structured,Interior with Five Women,attributed to Dirck van Delen,,lama,p030_mixed_damage,mixed_damage,p030_mixed_damage,mixed_damage,full_image,589824,0,0,768,768,39519,False,> 127,8,alex,256,0.3546510934829712,0.026758529245853424,0.32789256423711777,0.06933410000056028,0.36276209994684905,2.0.0,restoration_eval.metrics_lpips,cuda,3.12.6,2.1.3,2.2.3,11.0.0,2.5.1+cu121,0.1.4,ok,
lama__canonical__canonical__p030_mixed_damage__content_region__lpips,lama__canonical__canonical__p030_mixed_damage,lama__canonical__canonical__p030_mixed_damage,lama__canonical__canonical__p030_mixed_damage,canonical__p030_mixed_damage,p030_mixed_damage,canonical__p030_mixed_damage,canonical,primary,p030,architecture_structured,Interior with Five Women,attributed to Dirck van Delen,,lama,p030_mixed_damage,mixed_damage,p030_mixed_damage,mixed_damage,content_region,387840,0,131,768,636,39519,False,> 127,8,alex,256,0.3863469958305359,0.0322922058403492,0.3540547899901867,0.06233139999676496,0.36276209994684905,2.0.0,restoration_eval.metrics_lpips,cuda,3.12.6,2.1.3,2.2.3,11.0.0,2.5.1+cu121,0.1.4,ok,
lama__canonical__canonical__p030_mixed_damage__mask_bbox_crop__lpips,lama__canonical__canonical__p030_mixed_damage,lama__canonical__canonical__p030_mixed_damage,lama__canonical__canonical__p030_mixed_damage,canonical__p030_mixed_damage,p030_mixed_damage,canonical__p030_mixed_damage,canonical,primary,p030,architecture_structured,Interior with Five Women,attributed to Dirck van Delen,,lama,p030_mixed_damage,mixed_damage,p030_mixed_damage,mixed_damage,mask_bbox_crop,589824,0,0,768,768,39519,False,> 127,8,alex,256,0.3546510934829712,0.026758529245853424,0.32789256423711777,0.07460559997707605,0.36276209994684905,2.0.0,restoration_eval.metrics_lpips,cuda,3.12.6,2.1.3,2.2.3,11.0.0,2.5.1+cu121,0.1.4,ok,
lama__canonical__canonical__p030_scratch_thin__full_image__lpips,lama__canonical__canonical__p030_scratch_thin,lama__canonical__canonical__p030_scratch_thin,lama__canonical__canonical__p030_scratch_thin,canonical__p030_scratch_thin,p030_scratch_thin,canonical__p030_scratch_thin,canonical,primary,p030,architecture_structured,Interior with Five Women,attributed to Dirck van Delen,,lama,p030_scratch_thin,scratch_thin,p030_scratch_thin,scratch_thin,full_image,589824,0,0,768,768,10227,False,> 127,8,alex,256,0.3712036907672882,0.0011356801260262728,0.37006801064126194,0.06909669993910939,0.32755609997548163,2.0.0,restoration_eval.metrics_lpips,cuda,3.12.6,2.1.3,2.2.3,11.0.0,2.5.1+cu121,0.1.4,ok,
lama__canonical__canonical__p030_scratch_thin__content_region__lpips,lama__canonical__canonical__p030_scratch_thin,lama__canonical__canonical__p030_scratch_thin,lama__canonical__canonical__p030_scratch_thin,canonical__p030_scratch_thin,p030_scratch_thin,canonical__p030_scratch_thin,canonical,primary,p030,architecture_structured,Interior with Five Women,attributed to Dirck van Delen,,lama,p030_scratch_thin,scratch_thin,p030_scratch_thin,scratch_thin,content_region,387840,0,131,768,636,10227,False,> 127,8,alex,256,0.3664146661758423,0.0011819411301985383,0.36523272504564375,0.052104300004430115,0.32755609997548163,2.0.0,restoration_eval.metrics_lpips,cuda,3.12.6,2.1.3,2.2.3,11.0.0,2.5.1+cu121,0.1.4,ok,
lama__canonical__canonical__p030_scratch_thin__mask_bbox_crop__lpips,lama__canonical__canonical__p030_scratch_thin,lama__canonical__canonical__p030_scratch_thin,lama__canonical__canonical__p030_scratch_thin,canonical__p030_scratch_thin,p030_scratch_thin,canonical__p030_scratch_thin,canonical,primary,p030,architecture_structured,Interior with Five Women,attributed to Dirck van Delen,,lama,p030_scratch_thin,scratch_thin,p030_scratch_thin,scratch_thin,mask_bbox_crop,589824,0,0,768,768,10227,False,> 127,8,alex,256,0.3712036907672882,0.0011356801260262728,0.37006801064126194,0.0677624000236392,0.32755609997548163,2.0.0,restoration_eval.metrics_lpips,cuda,3.12.6,2.1.3,2.2.3,11.0.0,2.5.1+cu121,0.1.4,ok,
lama__canonical__canonical__p030_zero_control__full_image__lpips,lama__canonical__canonical__p030_zero_control,lama__canonical__canonical__p030_zero_control,lama__canonical__canonical__p030_zero_control,canonical__p030_zero_control,p030_zero_control,canonical__p030_zero_control,canonical,primary,p030,architecture_structured,Interior with Five Women,attributed to Dirck van Delen,,lama,p030_zero_control,zero_control,p030_zero_control,zero_control,full_image,589824,0,0,768,768,0,True,> 127,8,alex,256,0.0,0.0,0.0,0.07379389996640384,0.2787349000573158,2.0.0,restoration_eval.metrics_lpips,cuda,3.12.6,2.1.3,2.2.3,11.0.0,2.5.1+cu121,0.1.4,ok,
lama__canonical__canonical__p030_zero_control__content_region__lpips,lama__canonical__canonical__p030_zero_control,lama__canonical__canonical__p030_zero_control,lama__canonical__canonical__p030_zero_control,canonical__p030_zero_control,p030_zero_control,canonical__p030_zero_control,canonical,primary,p030,architecture_structured,Interior with Five Women,attributed to Dirck van Delen,,lama,p030_zero_control,zero_control,p030_zero_control,zero_control,content_region,387840,0,131,768,636,0,True,> 127,8,alex,256,0.0,0.0,0.0,0.05621489998884499,0.2787349000573158,2.0.0,restoration_eval.metrics_lpips,cuda,3.12.6,2.1.3,2.2.3,11.0.0,2.5.1+cu121,0.1.4,ok,
lama__canonical__canonical__p031_loss_large__full_image__lpips,lama__canonical__canonical__p031_loss_large,lama__canonical__canonical__p031_loss_large,lama__canonical__canonical__p031_loss_large,canonical__p031_loss_large,p031_loss_large,canonical__p031_loss_large,canonical,primary,p031,abstraction_surrealism,Improvisation No. 30 (Cannons),Wassily Kandinsky,,lama,p031_loss_large,loss_large,p031_loss_large,loss_large,full_image,589824,0,0,768,768,83018,False,> 127,8,alex,256,0.1899358034133911,0.08618493378162384,0.10375086963176727,0.06438899994827807,0.41972969996277243,2.0.0,restoration_eval.metrics_lpips,cuda,3.12.6,2.1.3,2.2.3,11.0.0,2.5.1+cu121,0.1.4,ok,
lama__canonical__canonical__p031_loss_large__content_region__lpips,lama__canonical__canonical__p031_loss_large,lama__canonical__canonical__p031_loss_large,lama__canonical__canonical__p031_loss_large,canonical__p031_loss_large,p031_loss_large,canonical__p031_loss_large,canonical,primary,p031,abstraction_surrealism,Improvisation No. 30 (Cannons),Wassily Kandinsky,,lama,p031_loss_large,loss_large,p031_loss_large,loss_large,content_region,587520,1,0,766,768,83018,False,> 127,8,alex,256,0.18744918704032898,0.08579037338495255,0.10165881365537643,0.081110900035128,0.41972969996277243,2.0.0,restoration_eval.metrics_lpips,cuda,3.12.6,2.1.3,2.2.3,11.0.0,2.5.1+cu121,0.1.4,ok,
lama__canonical__canonical__p031_loss_large__mask_bbox_crop__lpips,lama__canonical__canonical__p031_loss_large,lama__canonical__canonical__p031_loss_large,lama__canonical__canonical__p031_loss_large,canonical__p031_loss_large,p031_loss_large,canonical__p031_loss_large,canonical,primary,p031,abstraction_surrealism,Improvisation No. 30 (Cannons),Wassily Kandinsky,,lama,p031_loss_large,loss_large,p031_loss_large,loss_large,mask_bbox_crop,234256,226,90,710,574,83018,False,> 127,8,alex,256,0.351677805185318,0.18461231887340546,0.16706548631191254,0.052996300044469535,0.41972969996277243,2.0.0,restoration_eval.metrics_lpips,cuda,3.12.6,2.1.3,2.2.3,11.0.0,2.5.1+cu121,0.1.4,ok,
lama__canonical__canonical__p031_loss_small__full_image__lpips,lama__canonical__canonical__p031_loss_small,lama__canonical__canonical__p031_loss_small,lama__canonical__canonical__p031_loss_small,canonical__p031_loss_small,p031_loss_small,canonical__p031_loss_small,canonical,primary,p031,abstraction_surrealism,Improvisation No. 30 (Cannons),Wassily Kandinsky,,lama,p031_loss_small,loss_small,p031_loss_small,loss_small,full_image,589824,0,0,768,768,19540,False,> 127,8,alex,256,0.08737106621265411,0.0038251059595495462,0.08354596025310457,0.06991890002973378,0.41066930000670254,2.0.0,restoration_eval.metrics_lpips,cuda,3.12.6,2.1.3,2.2.3,11.0.0,2.5.1+cu121,0.1.4,ok,
lama__canonical__canonical__p031_loss_small__content_region__lpips,lama__canonical__canonical__p031_loss_small,lama__canonical__canonical__p031_loss_small,lama__canonical__canonical__p031_loss_small,canonical__p031_loss_small,p031_loss_small,canonical__p031_loss_small,canonical,primary,p031,abstraction_surrealism,Improvisation No. 30 (Cannons),Wassily Kandinsky,,lama,p031_loss_small,loss_small,p031_loss_small,loss_small,content_region,587520,1,0,766,768,19540,False,> 127,8,alex,256,0.08891631662845612,0.004183545708656311,0.0847327709197998,0.0734541000565514,0.41066930000670254,2.0.0,restoration_eval.metrics_lpips,cuda,3.12.6,2.1.3,2.2.3,11.0.0,2.5.1+cu121,0.1.4,ok,
lama__canonical__canonical__p031_loss_small__mask_bbox_crop__lpips,lama__canonical__canonical__p031_loss_small,lama__canonical__canonical__p031_loss_small,lama__canonical__canonical__p031_loss_small,canonical__p031_loss_small,p031_loss_small,canonical__p031_loss_small,canonical,primary,p031,abstraction_surrealism,Improvisation No. 30 (Cannons),Wassily Kandinsky,,lama,p031_loss_small,loss_small,p031_loss_small,loss_small,mask_bbox_crop,535824,0,36,732,768,19540,False,> 127,8,alex,256,0.08953317254781723,0.004583756439387798,0.08494941610842943,0.06570110004395247,0.41066930000670254,2.0.0,restoration_eval.metrics_lpips,cuda,3.12.6,2.1.3,2.2.3,11.0.0,2.5.1+cu121,0.1.4,ok,
lama__canonical__canonical__p031_mixed_damage__full_image__lpips,lama__canonical__canonical__p031_mixed_damage,lama__canonical__canonical__p031_mixed_damage,lama__canonical__canonical__p031_mixed_damage,canonical__p031_mixed_damage,p031_mixed_damage,canonical__p031_mixed_damage,canonical,primary,p031,abstraction_surrealism,Improvisation No. 30 (Cannons),Wassily Kandinsky,,lama,p031_mixed_damage,mixed_damage,p031_mixed_damage,mixed_damage,full_image,589824,0,0,768,768,47688,False,> 127,8,alex,256,0.21969467401504517,0.033195946365594864,0.1864987276494503,0.078954599914141,0.422966199927032,2.0.0,restoration_eval.metrics_lpips,cuda,3.12.6,2.1.3,2.2.3,11.0.0,2.5.1+cu121,0.1.4,ok,
lama__canonical__canonical__p031_mixed_damage__content_region__lpips,lama__canonical__canonical__p031_mixed_damage,lama__canonical__canonical__p031_mixed_damage,lama__canonical__canonical__p031_mixed_damage,canonical__p031_mixed_damage,p031_mixed_damage,canonical__p031_mixed_damage,canonical,primary,p031,abstraction_surrealism,Improvisation No. 30 (Cannons),Wassily Kandinsky,,lama,p031_mixed_damage,mixed_damage,p031_mixed_damage,mixed_damage,content_region,587520,1,0,766,768,47688,False,> 127,8,alex,256,0.21737289428710938,0.032533545047044754,0.18483934924006462,0.0708217000355944,0.422966199927032,2.0.0,restoration_eval.metrics_lpips,cuda,3.12.6,2.1.3,2.2.3,11.0.0,2.5.1+cu121,0.1.4,ok,
lama__canonical__canonical__p031_mixed_damage__mask_bbox_crop__lpips,lama__canonical__canonical__p031_mixed_damage,lama__canonical__canonical__p031_mixed_damage,lama__canonical__canonical__p031_mixed_damage,canonical__p031_mixed_damage,p031_mixed_damage,canonical__p031_mixed_damage,canonical,primary,p031,abstraction_surrealism,Improvisation No. 30 (Cannons),Wassily Kandinsky,,lama,p031_mixed_damage,mixed_damage,p031_mixed_damage,mixed_damage,mask_bbox_crop,589824,0,0,768,768,47688,False,> 127,8,alex,256,0.21969467401504517,0.033195946365594864,0.1864987276494503,0.07553739997092634,0.422966199927032,2.0.0,restoration_eval.metrics_lpips,cuda,3.12.6,2.1.3,2.2.3,11.0.0,2.5.1+cu121,0.1.4,ok,
lama__canonical__canonical__p031_scratch_thin__full_image__lpips,lama__canonical__canonical__p031_scratch_thin,lama__canonical__canonical__p031_scratch_thin,lama__canonical__canonical__p031_scratch_thin,canonical__p031_scratch_thin,p031_scratch_thin,canonical__p031_scratch_thin,canonical,primary,p031,abstraction_surrealism,Improvisation No. 30 (Cannons),Wassily Kandinsky,,lama,p031_scratch_thin,scratch_thin,p031_scratch_thin,scratch_thin,full_image,589824,0,0,768,768,11235,False,> 127,8,alex,256,0.17073160409927368,0.00043223233660683036,0.17029937176266685,0.07226980000268668,0.4161914000287652,2.0.0,restoration_eval.metrics_lpips,cuda,3.12.6,2.1.3,2.2.3,11.0.0,2.5.1+cu121,0.1.4,ok,
lama__canonical__canonical__p031_scratch_thin__content_region__lpips,lama__canonical__canonical__p031_scratch_thin,lama__canonical__canonical__p031_scratch_thin,lama__canonical__canonical__p031_scratch_thin,canonical__p031_scratch_thin,p031_scratch_thin,canonical__p031_scratch_thin,canonical,primary,p031,abstraction_surrealism,Improvisation No. 30 (Cannons),Wassily Kandinsky,,lama,p031_scratch_thin,scratch_thin,p031_scratch_thin,scratch_thin,content_region,587520,1,0,766,768,11235,False,> 127,8,alex,256,0.1722530722618103,0.00043153984006494284,0.17182153242174536,0.07877329993061721,0.4161914000287652,2.0.0,restoration_eval.metrics_lpips,cuda,3.12.6,2.1.3,2.2.3,11.0.0,2.5.1+cu121,0.1.4,ok,
lama__canonical__canonical__p031_scratch_thin__mask_bbox_crop__lpips,lama__canonical__canonical__p031_scratch_thin,lama__canonical__canonical__p031_scratch_thin,lama__canonical__canonical__p031_scratch_thin,canonical__p031_scratch_thin,p031_scratch_thin,canonical__p031_scratch_thin,canonical,primary,p031,abstraction_surrealism,Improvisation No. 30 (Cannons),Wassily Kandinsky,,lama,p031_scratch_thin,scratch_thin,p031_scratch_thin,scratch_thin,mask_bbox_crop,589824,0,0,768,768,11235,False,> 127,8,alex,256,0.17073160409927368,0.00043223233660683036,0.17029937176266685,0.08271200000308454,0.4161914000287652,2.0.0,restoration_eval.metrics_lpips,cuda,3.12.6,2.1.3,2.2.3,11.0.0,2.5.1+cu121,0.1.4,ok,
lama__canonical__canonical__p031_zero_control__full_image__lpips,lama__canonical__canonical__p031_zero_control,lama__canonical__canonical__p031_zero_control,lama__canonical__canonical__p031_zero_control,canonical__p031_zero_control,p031_zero_control,canonical__p031_zero_control,canonical,primary,p031,abstraction_surrealism,Improvisation No. 30 (Cannons),Wassily Kandinsky,,lama,p031_zero_control,zero_control,p031_zero_control,zero_control,full_image,589824,0,0,768,768,0,True,> 127,8,alex,256,0.0,0.0,0.0,0.06930129998363554,0.3323425999842584,2.0.0,restoration_eval.metrics_lpips,cuda,3.12.6,2.1.3,2.2.3,11.0.0,2.5.1+cu121,0.1.4,ok,
lama__canonical__canonical__p031_zero_control__content_region__lpips,lama__canonical__canonical__p031_zero_control,lama__canonical__canonical__p031_zero_control,lama__canonical__canonical__p031_zero_control,canonical__p031_zero_control,p031_zero_control,canonical__p031_zero_control,canonical,primary,p031,abstraction_surrealism,Improvisation No. 30 (Cannons),Wassily Kandinsky,,lama,p031_zero_control,zero_control,p031_zero_control,zero_control,content_region,587520,1,0,766,768,0,True,> 127,8,alex,256,0.0,0.0,0.0,0.07529850001446903,0.3323425999842584,2.0.0,restoration_eval.metrics_lpips,cuda,3.12.6,2.1.3,2.2.3,11.0.0,2.5.1+cu121,0.1.4,ok,
lama__canonical__canonical__p032_loss_large__full_image__lpips,lama__canonical__canonical__p032_loss_large,lama__canonical__canonical__p032_loss_large,lama__canonical__canonical__p032_loss_large,canonical__p032_loss_large,p032_loss_large,canonical__p032_loss_large,canonical,primary,p032,abstraction_surrealism,Composition (No. 1) Gray-Red,Piet Mondrian,,lama,p032_loss_large,loss_large,p032_loss_large,loss_large,full_image,589824,0,0,768,768,72688,False,> 127,8,alex,256,0.16053104400634766,0.003568660467863083,0.15696238353848457,0.07262490002904087,0.5472056999569759,2.0.0,restoration_eval.metrics_lpips,cuda,3.12.6,2.1.3,2.2.3,11.0.0,2.5.1+cu121,0.1.4,ok,
lama__canonical__canonical__p032_loss_large__content_region__lpips,lama__canonical__canonical__p032_loss_large,lama__canonical__canonical__p032_loss_large,lama__canonical__canonical__p032_loss_large,canonical__p032_loss_large,p032_loss_large,canonical__p032_loss_large,canonical,primary,p032,abstraction_surrealism,Composition (No. 1) Gray-Red,Piet Mondrian,,lama,p032_loss_large,loss_large,p032_loss_large,loss_large,content_region,572160,11,0,756,768,72688,False,> 127,8,alex,256,0.17324469983577728,0.003788122907280922,0.16945657692849636,0.26112050004303455,0.5472056999569759,2.0.0,restoration_eval.metrics_lpips,cuda,3.12.6,2.1.3,2.2.3,11.0.0,2.5.1+cu121,0.1.4,ok,
lama__canonical__canonical__p032_loss_large__mask_bbox_crop__lpips,lama__canonical__canonical__p032_loss_large,lama__canonical__canonical__p032_loss_large,lama__canonical__canonical__p032_loss_large,canonical__p032_loss_large,p032_loss_large,canonical__p032_loss_large,canonical,primary,p032,abstraction_surrealism,Composition (No. 1) Gray-Red,Piet Mondrian,,lama,p032_loss_large,loss_large,p032_loss_large,loss_large,mask_bbox_crop,148996,30,28,416,414,72688,False,> 127,8,alex,256,0.5419878959655762,0.05569644644856453,0.48629144951701164,0.04067709995433688,0.5472056999569759,2.0.0,restoration_eval.metrics_lpips,cuda,3.12.6,2.1.3,2.2.3,11.0.0,2.5.1+cu121,0.1.4,ok,
lama__canonical__canonical__p032_loss_small__full_image__lpips,lama__canonical__canonical__p032_loss_small,lama__canonical__canonical__p032_loss_small,lama__canonical__canonical__p032_loss_small,canonical__p032_loss_small,p032_loss_small,canonical__p032_loss_small,canonical,primary,p032,abstraction_surrealism,Composition (No. 1) Gray-Red,Piet Mondrian,,lama,p032_loss_small,loss_small,p032_loss_small,loss_small,full_image,589824,0,0,768,768,17662,False,> 127,8,alex,256,0.08832765370607376,0.0001071294755092822,0.08822052423056448,0.0721995000494644,0.35072899993974715,2.0.0,restoration_eval.metrics_lpips,cuda,3.12.6,2.1.3,2.2.3,11.0.0,2.5.1+cu121,0.1.4,ok,
lama__canonical__canonical__p032_loss_small__content_region__lpips,lama__canonical__canonical__p032_loss_small,lama__canonical__canonical__p032_loss_small,lama__canonical__canonical__p032_loss_small,canonical__p032_loss_small,p032_loss_small,canonical__p032_loss_small,canonical,primary,p032,abstraction_surrealism,Composition (No. 1) Gray-Red,Piet Mondrian,,lama,p032_loss_small,loss_small,p032_loss_small,loss_small,content_region,572160,11,0,756,768,17662,False,> 127,8,alex,256,0.08757420629262924,0.00011689363600453362,0.08745731265662471,0.07732680009212345,0.35072899993974715,2.0.0,restoration_eval.metrics_lpips,cuda,3.12.6,2.1.3,2.2.3,11.0.0,2.5.1+cu121,0.1.4,ok,
lama__canonical__canonical__p032_loss_small__mask_bbox_crop__lpips,lama__canonical__canonical__p032_loss_small,lama__canonical__canonical__p032_loss_small,lama__canonical__canonical__p032_loss_small,canonical__p032_loss_small,p032_loss_small,canonical__p032_loss_small,canonical,primary,p032,abstraction_surrealism,Composition (No. 1) Gray-Red,Piet Mondrian,,lama,p032_loss_small,loss_small,p032_loss_small,loss_small,mask_bbox_crop,281961,201,57,732,588,17662,False,> 127,8,alex,256,0.1250392645597458,0.00044979184167459607,0.12458947271807119,0.05334939993917942,0.35072899993974715,2.0.0,restoration_eval.metrics_lpips,cuda,3.12.6,2.1.3,2.2.3,11.0.0,2.5.1+cu121,0.1.4,ok,
lama__canonical__canonical__p032_mixed_damage__full_image__lpips,lama__canonical__canonical__p032_mixed_damage,lama__canonical__canonical__p032_mixed_damage,lama__canonical__canonical__p032_mixed_damage,canonical__p032_mixed_damage,p032_mixed_damage,canonical__p032_mixed_damage,canonical,primary,p032,abstraction_surrealism,Composition (No. 1) Gray-Red,Piet Mondrian,,lama,p032_mixed_damage,mixed_damage,p032_mixed_damage,mixed_damage,full_image,589824,0,0,768,768,47946,False,> 127,8,alex,256,0.20696040987968445,0.0010488168336451054,0.20591159304603934,0.07146869995631278,0.3708970000734553,2.0.0,restoration_eval.metrics_lpips,cuda,3.12.6,2.1.3,2.2.3,11.0.0,2.5.1+cu121,0.1.4,ok,
lama__canonical__canonical__p032_mixed_damage__content_region__lpips,lama__canonical__canonical__p032_mixed_damage,lama__canonical__canonical__p032_mixed_damage,lama__canonical__canonical__p032_mixed_damage,canonical__p032_mixed_damage,p032_mixed_damage,canonical__p032_mixed_damage,canonical,primary,p032,abstraction_surrealism,Composition (No. 1) Gray-Red,Piet Mondrian,,lama,p032_mixed_damage,mixed_damage,p032_mixed_damage,mixed_damage,content_region,572160,11,0,756,768,47946,False,> 127,8,alex,256,0.2225576788187027,0.0011972070205956697,0.22136047179810703,0.06973530002869666,0.3708970000734553,2.0.0,restoration_eval.metrics_lpips,cuda,3.12.6,2.1.3,2.2.3,11.0.0,2.5.1+cu121,0.1.4,ok,
lama__canonical__canonical__p032_mixed_damage__mask_bbox_crop__lpips,lama__canonical__canonical__p032_mixed_damage,lama__canonical__canonical__p032_mixed_damage,lama__canonical__canonical__p032_mixed_damage,canonical__p032_mixed_damage,p032_mixed_damage,canonical__p032_mixed_damage,canonical,primary,p032,abstraction_surrealism,Composition (No. 1) Gray-Red,Piet Mondrian,,lama,p032_mixed_damage,mixed_damage,p032_mixed_damage,mixed_damage,mask_bbox_crop,589824,0,0,768,768,47946,False,> 127,8,alex,256,0.20696040987968445,0.0010488168336451054,0.20591159304603934,0.068277099984698,0.3708970000734553,2.0.0,restoration_eval.metrics_lpips,cuda,3.12.6,2.1.3,2.2.3,11.0.0,2.5.1+cu121,0.1.4,ok,
lama__canonical__canonical__p032_scratch_thin__full_image__lpips,lama__canonical__canonical__p032_scratch_thin,lama__canonical__canonical__p032_scratch_thin,lama__canonical__canonical__p032_scratch_thin,canonical__p032_scratch_thin,p032_scratch_thin,canonical__p032_scratch_thin,canonical,primary,p032,abstraction_surrealism,Composition (No. 1) Gray-Red,Piet Mondrian,,lama,p032_scratch_thin,scratch_thin,p032_scratch_thin,scratch_thin,full_image,589824,0,0,768,768,8096,False,> 127,8,alex,256,0.09950287640094757,0.0004572434409055859,0.09904563296004198,0.07426549994852394,0.385087399976328,2.0.0,restoration_eval.metrics_lpips,cuda,3.12.6,2.1.3,2.2.3,11.0.0,2.5.1+cu121,0.1.4,ok,
lama__canonical__canonical__p032_scratch_thin__content_region__lpips,lama__canonical__canonical__p032_scratch_thin,lama__canonical__canonical__p032_scratch_thin,lama__canonical__canonical__p032_scratch_thin,canonical__p032_scratch_thin,p032_scratch_thin,canonical__p032_scratch_thin,canonical,primary,p032,abstraction_surrealism,Composition (No. 1) Gray-Red,Piet Mondrian,,lama,p032_scratch_thin,scratch_thin,p032_scratch_thin,scratch_thin,content_region,572160,11,0,756,768,8096,False,> 127,8,alex,256,0.10173085331916809,0.00041835964657366276,0.10131249367259443,0.07303950004279613,0.385087399976328,2.0.0,restoration_eval.metrics_lpips,cuda,3.12.6,2.1.3,2.2.3,11.0.0,2.5.1+cu121,0.1.4,ok,
lama__canonical__canonical__p032_scratch_thin__mask_bbox_crop__lpips,lama__canonical__canonical__p032_scratch_thin,lama__canonical__canonical__p032_scratch_thin,lama__canonical__canonical__p032_scratch_thin,canonical__p032_scratch_thin,p032_scratch_thin,canonical__p032_scratch_thin,canonical,primary,p032,abstraction_surrealism,Composition (No. 1) Gray-Red,Piet Mondrian,,lama,p032_scratch_thin,scratch_thin,p032_scratch_thin,scratch_thin,mask_bbox_crop,589824,0,0,768,768,8096,False,> 127,8,alex,256,0.09950287640094757,0.0004572434409055859,0.09904563296004198,0.08311810006853193,0.385087399976328,2.0.0,restoration_eval.metrics_lpips,cuda,3.12.6,2.1.3,2.2.3,11.0.0,2.5.1+cu121,0.1.4,ok,
lama__canonical__canonical__p032_zero_control__full_image__lpips,lama__canonical__canonical__p032_zero_control,lama__canonical__canonical__p032_zero_control,lama__canonical__canonical__p032_zero_control,canonical__p032_zero_control,p032_zero_control,canonical__p032_zero_control,canonical,primary,p032,abstraction_surrealism,Composition (No. 1) Gray-Red,Piet Mondrian,,lama,p032_zero_control,zero_control,p032_zero_control,zero_control,full_image,589824,0,0,768,768,0,True,> 127,8,alex,256,0.0,0.0,0.0,0.07750959997065365,0.3192320999223739,2.0.0,restoration_eval.metrics_lpips,cuda,3.12.6,2.1.3,2.2.3,11.0.0,2.5.1+cu121,0.1.4,ok,
lama__canonical__canonical__p032_zero_control__content_region__lpips,lama__canonical__canonical__p032_zero_control,lama__canonical__canonical__p032_zero_control,lama__canonical__canonical__p032_zero_control,canonical__p032_zero_control,p032_zero_control,canonical__p032_zero_control,canonical,primary,p032,abstraction_surrealism,Composition (No. 1) Gray-Red,Piet Mondrian,,lama,p032_zero_control,zero_control,p032_zero_control,zero_control,content_region,572160,11,0,756,768,0,True,> 127,8,alex,256,0.0,0.0,0.0,0.07861070008948445,0.3192320999223739,2.0.0,restoration_eval.metrics_lpips,cuda,3.12.6,2.1.3,2.2.3,11.0.0,2.5.1+cu121,0.1.4,ok,
lama__canonical__canonical__p033_loss_large__full_image__lpips,lama__canonical__canonical__p033_loss_large,lama__canonical__canonical__p033_loss_large,lama__canonical__canonical__p033_loss_large,canonical__p033_loss_large,p033_loss_large,canonical__p033_loss_large,canonical,primary,p033,abstraction_surrealism,Movement,Marsden Hartley,,lama,p033_loss_large,loss_large,p033_loss_large,loss_large,full_image,589824,0,0,768,768,73172,False,> 127,8,alex,256,0.18884249031543732,0.05173784866929054,0.13710464164614677,0.07655070000328124,0.45415129989851266,2.0.0,restoration_eval.metrics_lpips,cuda,3.12.6,2.1.3,2.2.3,11.0.0,2.5.1+cu121,0.1.4,ok,
lama__canonical__canonical__p033_loss_large__content_region__lpips,lama__canonical__canonical__p033_loss_large,lama__canonical__canonical__p033_loss_large,lama__canonical__canonical__p033_loss_large,canonical__p033_loss_large,p033_loss_large,canonical__p033_loss_large,canonical,primary,p033,abstraction_surrealism,Movement,Marsden Hartley,,lama,p033_loss_large,loss_large,p033_loss_large,loss_large,content_region,585984,2,0,765,768,73172,False,> 127,8,alex,256,0.1887114942073822,0.05073195695877075,0.13797953724861145,0.07846659992355853,0.45415129989851266,2.0.0,restoration_eval.metrics_lpips,cuda,3.12.6,2.1.3,2.2.3,11.0.0,2.5.1+cu121,0.1.4,ok,
lama__canonical__canonical__p033_loss_large__mask_bbox_crop__lpips,lama__canonical__canonical__p033_loss_large,lama__canonical__canonical__p033_loss_large,lama__canonical__canonical__p033_loss_large,canonical__p033_loss_large,p033_loss_large,canonical__p033_loss_large,canonical,primary,p033,abstraction_surrealism,Movement,Marsden Hartley,,lama,p033_loss_large,loss_large,p033_loss_large,loss_large,mask_bbox_crop,248004,74,233,572,731,73172,False,> 127,8,alex,256,0.3692399561405182,0.11984775215387344,0.24939220398664474,0.05251269997097552,0.45415129989851266,2.0.0,restoration_eval.metrics_lpips,cuda,3.12.6,2.1.3,2.2.3,11.0.0,2.5.1+cu121,0.1.4,ok,
lama__canonical__canonical__p033_loss_small__full_image__lpips,lama__canonical__canonical__p033_loss_small,lama__canonical__canonical__p033_loss_small,lama__canonical__canonical__p033_loss_small,canonical__p033_loss_small,p033_loss_small,canonical__p033_loss_small,canonical,primary,p033,abstraction_surrealism,Movement,Marsden Hartley,,lama,p033_loss_small,loss_small,p033_loss_small,loss_small,full_image,589824,0,0,768,768,25311,False,> 127,8,alex,256,0.07924456894397736,0.006087813526391983,0.07315675541758537,0.06848410004749894,0.42808780004270375,2.0.0,restoration_eval.metrics_lpips,cuda,3.12.6,2.1.3,2.2.3,11.0.0,2.5.1+cu121,0.1.4,ok,
lama__canonical__canonical__p033_loss_small__content_region__lpips,lama__canonical__canonical__p033_loss_small,lama__canonical__canonical__p033_loss_small,lama__canonical__canonical__p033_loss_small,canonical__p033_loss_small,p033_loss_small,canonical__p033_loss_small,canonical,primary,p033,abstraction_surrealism,Movement,Marsden Hartley,,lama,p033_loss_small,loss_small,p033_loss_small,loss_small,content_region,585984,2,0,765,768,25311,False,> 127,8,alex,256,0.07776670902967453,0.0061972476541996,0.07156946137547493,0.07084369997028261,0.42808780004270375,2.0.0,restoration_eval.metrics_lpips,cuda,3.12.6,2.1.3,2.2.3,11.0.0,2.5.1+cu121,0.1.4,ok,
lama__canonical__canonical__p033_loss_small__mask_bbox_crop__lpips,lama__canonical__canonical__p033_loss_small,lama__canonical__canonical__p033_loss_small,lama__canonical__canonical__p033_loss_small,canonical__p033_loss_small,p033_loss_small,canonical__p033_loss_small,canonical,primary,p033,abstraction_surrealism,Movement,Marsden Hartley,,lama,p033_loss_small,loss_small,p033_loss_small,loss_small,mask_bbox_crop,418609,117,71,764,718,25311,False,> 127,8,alex,256,0.10670144110918045,0.009624078869819641,0.09707736223936081,0.06752929999493062,0.42808780004270375,2.0.0,restoration_eval.metrics_lpips,cuda,3.12.6,2.1.3,2.2.3,11.0.0,2.5.1+cu121,0.1.4,ok,
lama__canonical__canonical__p033_mixed_damage__full_image__lpips,lama__canonical__canonical__p033_mixed_damage,lama__canonical__canonical__p033_mixed_damage,lama__canonical__canonical__p033_mixed_damage,canonical__p033_mixed_damage,p033_mixed_damage,canonical__p033_mixed_damage,canonical,primary,p033,abstraction_surrealism,Movement,Marsden Hartley,,lama,p033_mixed_damage,mixed_damage,p033_mixed_damage,mixed_damage,full_image,589824,0,0,768,768,47371,False,> 127,8,alex,256,0.20794259011745453,0.01928616315126419,0.18865642696619034,0.06620170001406223,0.4414649000391364,2.0.0,restoration_eval.metrics_lpips,cuda,3.12.6,2.1.3,2.2.3,11.0.0,2.5.1+cu121,0.1.4,ok,
lama__canonical__canonical__p033_mixed_damage__content_region__lpips,lama__canonical__canonical__p033_mixed_damage,lama__canonical__canonical__p033_mixed_damage,lama__canonical__canonical__p033_mixed_damage,canonical__p033_mixed_damage,p033_mixed_damage,canonical__p033_mixed_damage,canonical,primary,p033,abstraction_surrealism,Movement,Marsden Hartley,,lama,p033_mixed_damage,mixed_damage,p033_mixed_damage,mixed_damage,content_region,585984,2,0,765,768,47371,False,> 127,8,alex,256,0.21176494657993317,0.019889097660779953,0.1918758489191532,0.07282820006366819,0.4414649000391364,2.0.0,restoration_eval.metrics_lpips,cuda,3.12.6,2.1.3,2.2.3,11.0.0,2.5.1+cu121,0.1.4,ok,
lama__canonical__canonical__p033_mixed_damage__mask_bbox_crop__lpips,lama__canonical__canonical__p033_mixed_damage,lama__canonical__canonical__p033_mixed_damage,lama__canonical__canonical__p033_mixed_damage,canonical__p033_mixed_damage,p033_mixed_damage,canonical__p033_mixed_damage,canonical,primary,p033,abstraction_surrealism,Movement,Marsden Hartley,,lama,p033_mixed_damage,mixed_damage,p033_mixed_damage,mixed_damage,mask_bbox_crop,589824,0,0,768,768,47371,False,> 127,8,alex,256,0.20794259011745453,0.01928616315126419,0.18865642696619034,0.0721936000045389,0.4414649000391364,2.0.0,restoration_eval.metrics_lpips,cuda,3.12.6,2.1.3,2.2.3,11.0.0,2.5.1+cu121,0.1.4,ok,
lama__canonical__canonical__p033_scratch_thin__full_image__lpips,lama__canonical__canonical__p033_scratch_thin,lama__canonical__canonical__p033_scratch_thin,lama__canonical__canonical__p033_scratch_thin,canonical__p033_scratch_thin,p033_scratch_thin,canonical__p033_scratch_thin,canonical,primary,p033,abstraction_surrealism,Movement,Marsden Hartley,,lama,p033_scratch_thin,scratch_thin,p033_scratch_thin,scratch_thin,full_image,589824,0,0,768,768,15664,False,> 127,8,alex,256,0.17448806762695312,0.000555414124391973,0.17393265350256115,0.06581479997839779,0.43250800005625933,2.0.0,restoration_eval.metrics_lpips,cuda,3.12.6,2.1.3,2.2.3,11.0.0,2.5.1+cu121,0.1.4,ok,
lama__canonical__canonical__p033_scratch_thin__content_region__lpips,lama__canonical__canonical__p033_scratch_thin,lama__canonical__canonical__p033_scratch_thin,lama__canonical__canonical__p033_scratch_thin,canonical__p033_scratch_thin,p033_scratch_thin,canonical__p033_scratch_thin,canonical,primary,p033,abstraction_surrealism,Movement,Marsden Hartley,,lama,p033_scratch_thin,scratch_thin,p033_scratch_thin,scratch_thin,content_region,585984,2,0,765,768,15664,False,> 127,8,alex,256,0.17736950516700745,0.0005150289507582784,0.17685447621624917,0.08177489996887743,0.43250800005625933,2.0.0,restoration_eval.metrics_lpips,cuda,3.12.6,2.1.3,2.2.3,11.0.0,2.5.1+cu121,0.1.4,ok,
lama__canonical__canonical__p033_scratch_thin__mask_bbox_crop__lpips,lama__canonical__canonical__p033_scratch_thin,lama__canonical__canonical__p033_scratch_thin,lama__canonical__canonical__p033_scratch_thin,canonical__p033_scratch_thin,p033_scratch_thin,canonical__p033_scratch_thin,canonical,primary,p033,abstraction_surrealism,Movement,Marsden Hartley,,lama,p033_scratch_thin,scratch_thin,p033_scratch_thin,scratch_thin,mask_bbox_crop,589824,0,0,768,768,15664,False,> 127,8,alex,256,0.17448806762695312,0.000555414124391973,0.17393265350256115,0.06757379998452961,0.43250800005625933,2.0.0,restoration_eval.metrics_lpips,cuda,3.12.6,2.1.3,2.2.3,11.0.0,2.5.1+cu121,0.1.4,ok,
lama__canonical__canonical__p033_zero_control__full_image__lpips,lama__canonical__canonical__p033_zero_control,lama__canonical__canonical__p033_zero_control,lama__canonical__canonical__p033_zero_control,canonical__p033_zero_control,p033_zero_control,canonical__p033_zero_control,canonical,primary,p033,abstraction_surrealism,Movement,Marsden Hartley,,lama,p033_zero_control,zero_control,p033_zero_control,zero_control,full_image,589824,0,0,768,768,0,True,> 127,8,alex,256,0.0,0.0,0.0,0.06119629996828735,0.31016220001038164,2.0.0,restoration_eval.metrics_lpips,cuda,3.12.6,2.1.3,2.2.3,11.0.0,2.5.1+cu121,0.1.4,ok,
lama__canonical__canonical__p033_zero_control__content_region__lpips,lama__canonical__canonical__p033_zero_control,lama__canonical__canonical__p033_zero_control,lama__canonical__canonical__p033_zero_control,canonical__p033_zero_control,p033_zero_control,canonical__p033_zero_control,canonical,primary,p033,abstraction_surrealism,Movement,Marsden Hartley,,lama,p033_zero_control,zero_control,p033_zero_control,zero_control,content_region,585984,2,0,765,768,0,True,> 127,8,alex,256,0.0,0.0,0.0,0.06555069994647056,0.31016220001038164,2.0.0,restoration_eval.metrics_lpips,cuda,3.12.6,2.1.3,2.2.3,11.0.0,2.5.1+cu121,0.1.4,ok,
lama__canonical__canonical__p034_loss_large__full_image__lpips,lama__canonical__canonical__p034_loss_large,lama__canonical__canonical__p034_loss_large,lama__canonical__canonical__p034_loss_large,canonical__p034_loss_large,p034_loss_large,canonical__p034_loss_large,canonical,primary,p034,abstraction_surrealism,Painting with Green Center,Wassily Kandinsky,,lama,p034_loss_large,loss_large,p034_loss_large,loss_large,full_image,589824,0,0,768,768,67682,False,> 127,8,alex,256,0.13137829303741455,0.07051041722297668,0.060867875814437866,0.06980120006483048,0.4048981999512762,2.0.0,restoration_eval.metrics_lpips,cuda,3.12.6,2.1.3,2.2.3,11.0.0,2.5.1+cu121,0.1.4,ok,
lama__canonical__canonical__p034_loss_large__content_region__lpips,lama__canonical__canonical__p034_loss_large,lama__canonical__canonical__p034_loss_large,lama__canonical__canonical__p034_loss_large,canonical__p034_loss_large,p034_loss_large,canonical__p034_loss_large,canonical,primary,p034,abstraction_surrealism,Painting with Green Center,Wassily Kandinsky,,lama,p034_loss_large,loss_large,p034_loss_large,loss_large,content_region,549120,0,26,768,741,67682,False,> 127,8,alex,256,0.14594992995262146,0.07513599097728729,0.07081393897533417,0.07287869998253882,0.4048981999512762,2.0.0,restoration_eval.metrics_lpips,cuda,3.12.6,2.1.3,2.2.3,11.0.0,2.5.1+cu121,0.1.4,ok,
lama__canonical__canonical__p034_loss_large__mask_bbox_crop__lpips,lama__canonical__canonical__p034_loss_large,lama__canonical__canonical__p034_loss_large,lama__canonical__canonical__p034_loss_large,canonical__p034_loss_large,p034_loss_large,canonical__p034_loss_large,canonical,primary,p034,abstraction_surrealism,Painting with Green Center,Wassily Kandinsky,,lama,p034_loss_large,loss_large,p034_loss_large,loss_large,mask_bbox_crop,156025,90,155,485,550,67682,False,> 127,8,alex,256,0.4821270704269409,0.2643835246562958,0.21774354577064514,0.041596799972467124,0.4048981999512762,2.0.0,restoration_eval.metrics_lpips,cuda,3.12.6,2.1.3,2.2.3,11.0.0,2.5.1+cu121,0.1.4,ok,
lama__canonical__canonical__p034_loss_small__full_image__lpips,lama__canonical__canonical__p034_loss_small,lama__canonical__canonical__p034_loss_small,lama__canonical__canonical__p034_loss_small,canonical__p034_loss_small,p034_loss_small,canonical__p034_loss_small,canonical,primary,p034,abstraction_surrealism,Painting with Green Center,Wassily Kandinsky,,lama,p034_loss_small,loss_small,p034_loss_small,loss_small,full_image,589824,0,0,768,768,17944,False,> 127,8,alex,256,0.0834709107875824,0.0034922505728900433,0.07997866021469235,0.09052460000384599,0.47278940002433956,2.0.0,restoration_eval.metrics_lpips,cuda,3.12.6,2.1.3,2.2.3,11.0.0,2.5.1+cu121,0.1.4,ok,
lama__canonical__canonical__p034_loss_small__content_region__lpips,lama__canonical__canonical__p034_loss_small,lama__canonical__canonical__p034_loss_small,lama__canonical__canonical__p034_loss_small,canonical__p034_loss_small,p034_loss_small,canonical__p034_loss_small,canonical,primary,p034,abstraction_surrealism,Painting with Green Center,Wassily Kandinsky,,lama,p034_loss_small,loss_small,p034_loss_small,loss_small,content_region,549120,0,26,768,741,17944,False,> 127,8,alex,256,0.08563203364610672,0.0029779288452118635,0.08265410480089486,0.08663809997960925,0.47278940002433956,2.0.0,restoration_eval.metrics_lpips,cuda,3.12.6,2.1.3,2.2.3,11.0.0,2.5.1+cu121,0.1.4,ok,
lama__canonical__canonical__p034_loss_small__mask_bbox_crop__lpips,lama__canonical__canonical__p034_loss_small,lama__canonical__canonical__p034_loss_small,lama__canonical__canonical__p034_loss_small,canonical__p034_loss_small,p034_loss_small,canonical__p034_loss_small,canonical,primary,p034,abstraction_surrealism,Painting with Green Center,Wassily Kandinsky,,lama,p034_loss_small,loss_small,p034_loss_small,loss_small,mask_bbox_crop,444889,49,25,716,692,17944,False,> 127,8,alex,256,0.08317379653453827,0.003391838865354657,0.07978195766918361,0.09302619996014982,0.47278940002433956,2.0.0,restoration_eval.metrics_lpips,cuda,3.12.6,2.1.3,2.2.3,11.0.0,2.5.1+cu121,0.1.4,ok,
lama__canonical__canonical__p034_mixed_damage__full_image__lpips,lama__canonical__canonical__p034_mixed_damage,lama__canonical__canonical__p034_mixed_damage,lama__canonical__canonical__p034_mixed_damage,canonical__p034_mixed_damage,p034_mixed_damage,canonical__p034_mixed_damage,canonical,primary,p034,abstraction_surrealism,Painting with Green Center,Wassily Kandinsky,,lama,p034_mixed_damage,mixed_damage,p034_mixed_damage,mixed_damage,full_image,589824,0,0,768,768,45233,False,> 127,8,alex,256,0.21713846921920776,0.029963964596390724,0.18717450462281704,0.08080470003187656,0.4216083000646904,2.0.0,restoration_eval.metrics_lpips,cuda,3.12.6,2.1.3,2.2.3,11.0.0,2.5.1+cu121,0.1.4,ok,
lama__canonical__canonical__p034_mixed_damage__content_region__lpips,lama__canonical__canonical__p034_mixed_damage,lama__canonical__canonical__p034_mixed_damage,lama__canonical__canonical__p034_mixed_damage,canonical__p034_mixed_damage,p034_mixed_damage,canonical__p034_mixed_damage,canonical,primary,p034,abstraction_surrealism,Painting with Green Center,Wassily Kandinsky,,lama,p034_mixed_damage,mixed_damage,p034_mixed_damage,mixed_damage,content_region,549120,0,26,768,741,45233,False,> 127,8,alex,256,0.20637157559394836,0.028334129601716995,0.17803744599223137,0.07492230006027967,0.4216083000646904,2.0.0,restoration_eval.metrics_lpips,cuda,3.12.6,2.1.3,2.2.3,11.0.0,2.5.1+cu121,0.1.4,ok,
lama__canonical__canonical__p034_mixed_damage__mask_bbox_crop__lpips,lama__canonical__canonical__p034_mixed_damage,lama__canonical__canonical__p034_mixed_damage,lama__canonical__canonical__p034_mixed_damage,canonical__p034_mixed_damage,p034_mixed_damage,canonical__p034_mixed_damage,canonical,primary,p034,abstraction_surrealism,Painting with Green Center,Wassily Kandinsky,,lama,p034_mixed_damage,mixed_damage,p034_mixed_damage,mixed_damage,mask_bbox_crop,574564,10,4,768,762,45233,False,> 127,8,alex,256,0.20853912830352783,0.03306009620428085,0.17547903209924698,0.07248279999475926,0.4216083000646904,2.0.0,restoration_eval.metrics_lpips,cuda,3.12.6,2.1.3,2.2.3,11.0.0,2.5.1+cu121,0.1.4,ok,
lama__canonical__canonical__p034_scratch_thin__full_image__lpips,lama__canonical__canonical__p034_scratch_thin,lama__canonical__canonical__p034_scratch_thin,lama__canonical__canonical__p034_scratch_thin,canonical__p034_scratch_thin,p034_scratch_thin,canonical__p034_scratch_thin,canonical,primary,p034,abstraction_surrealism,Painting with Green Center,Wassily Kandinsky,,lama,p034_scratch_thin,scratch_thin,p034_scratch_thin,scratch_thin,full_image,589824,0,0,768,768,6085,False,> 127,8,alex,256,0.09759163856506348,0.00032312236726284027,0.09726851619780064,0.06959089997690171,0.3771419000113383,2.0.0,restoration_eval.metrics_lpips,cuda,3.12.6,2.1.3,2.2.3,11.0.0,2.5.1+cu121,0.1.4,ok,
lama__canonical__canonical__p034_scratch_thin__content_region__lpips,lama__canonical__canonical__p034_scratch_thin,lama__canonical__canonical__p034_scratch_thin,lama__canonical__canonical__p034_scratch_thin,canonical__p034_scratch_thin,p034_scratch_thin,canonical__p034_scratch_thin,canonical,primary,p034,abstraction_surrealism,Painting with Green Center,Wassily Kandinsky,,lama,p034_scratch_thin,scratch_thin,p034_scratch_thin,scratch_thin,content_region,549120,0,26,768,741,6085,False,> 127,8,alex,256,0.10112766921520233,0.00028827355708926916,0.10083939565811306,0.06507530005183071,0.3771419000113383,2.0.0,restoration_eval.metrics_lpips,cuda,3.12.6,2.1.3,2.2.3,11.0.0,2.5.1+cu121,0.1.4,ok,
lama__canonical__canonical__p034_scratch_thin__mask_bbox_crop__lpips,lama__canonical__canonical__p034_scratch_thin,lama__canonical__canonical__p034_scratch_thin,lama__canonical__canonical__p034_scratch_thin,canonical__p034_scratch_thin,p034_scratch_thin,canonical__p034_scratch_thin,canonical,primary,p034,abstraction_surrealism,Painting with Green Center,Wassily Kandinsky,,lama,p034_scratch_thin,scratch_thin,p034_scratch_thin,scratch_thin,mask_bbox_crop,589824,0,0,768,768,6085,False,> 127,8,alex,256,0.09759163856506348,0.00032312236726284027,0.09726851619780064,0.06596679997164756,0.3771419000113383,2.0.0,restoration_eval.metrics_lpips,cuda,3.12.6,2.1.3,2.2.3,11.0.0,2.5.1+cu121,0.1.4,ok,
lama__canonical__canonical__p034_zero_control__full_image__lpips,lama__canonical__canonical__p034_zero_control,lama__canonical__canonical__p034_zero_control,lama__canonical__canonical__p034_zero_control,canonical__p034_zero_control,p034_zero_control,canonical__p034_zero_control,canonical,primary,p034,abstraction_surrealism,Painting with Green Center,Wassily Kandinsky,,lama,p034_zero_control,zero_control,p034_zero_control,zero_control,full_image,589824,0,0,768,768,0,True,> 127,8,alex,256,0.0,0.0,0.0,0.07152610004413873,0.31118980003520846,2.0.0,restoration_eval.metrics_lpips,cuda,3.12.6,2.1.3,2.2.3,11.0.0,2.5.1+cu121,0.1.4,ok,
lama__canonical__canonical__p034_zero_control__content_region__lpips,lama__canonical__canonical__p034_zero_control,lama__canonical__canonical__p034_zero_control,lama__canonical__canonical__p034_zero_control,canonical__p034_zero_control,p034_zero_control,canonical__p034_zero_control,canonical,primary,p034,abstraction_surrealism,Painting with Green Center,Wassily Kandinsky,,lama,p034_zero_control,zero_control,p034_zero_control,zero_control,content_region,549120,0,26,768,741,0,True,> 127,8,alex,256,0.0,0.0,0.0,0.06909610005095601,0.31118980003520846,2.0.0,restoration_eval.metrics_lpips,cuda,3.12.6,2.1.3,2.2.3,11.0.0,2.5.1+cu121,0.1.4,ok,
lama__canonical__canonical__p035_loss_large__full_image__lpips,lama__canonical__canonical__p035_loss_large,lama__canonical__canonical__p035_loss_large,lama__canonical__canonical__p035_loss_large,canonical__p035_loss_large,p035_loss_large,canonical__p035_loss_large,canonical,primary,p035,abstraction_surrealism,The Bewitched Mill,Franz Marc,,lama,p035_loss_large,loss_large,p035_loss_large,loss_large,full_image,589824,0,0,768,768,59478,False,> 127,8,alex,256,0.11282177269458771,0.04771221801638603,0.06510955467820168,0.07502740004565567,0.3716286999406293,2.0.0,restoration_eval.metrics_lpips,cuda,3.12.6,2.1.3,2.2.3,11.0.0,2.5.1+cu121,0.1.4,ok,
lama__canonical__canonical__p035_loss_large__content_region__lpips,lama__canonical__canonical__p035_loss_large,lama__canonical__canonical__p035_loss_large,lama__canonical__canonical__p035_loss_large,canonical__p035_loss_large,p035_loss_large,canonical__p035_loss_large,canonical,primary,p035,abstraction_surrealism,The Bewitched Mill,Franz Marc,,lama,p035_loss_large,loss_large,p035_loss_large,loss_large,content_region,407040,119,0,649,768,59478,False,> 127,8,alex,256,0.15515226125717163,0.0730656087398529,0.08208665251731873,0.0674442999297753,0.3716286999406293,2.0.0,restoration_eval.metrics_lpips,cuda,3.12.6,2.1.3,2.2.3,11.0.0,2.5.1+cu121,0.1.4,ok,
lama__canonical__canonical__p035_loss_large__mask_bbox_crop__lpips,lama__canonical__canonical__p035_loss_large,lama__canonical__canonical__p035_loss_large,lama__canonical__canonical__p035_loss_large,canonical__p035_loss_large,p035_loss_large,canonical__p035_loss_large,canonical,primary,p035,abstraction_surrealism,The Bewitched Mill,Franz Marc,,lama,p035_loss_large,loss_large,p035_loss_large,loss_large,mask_bbox_crop,156816,113,117,509,513,59478,False,> 127,8,alex,256,0.3841208815574646,0.20158372819423676,0.18253715336322784,0.03898129996377975,0.3716286999406293,2.0.0,restoration_eval.metrics_lpips,cuda,3.12.6,2.1.3,2.2.3,11.0.0,2.5.1+cu121,0.1.4,ok,
lama__canonical__canonical__p035_loss_small__full_image__lpips,lama__canonical__canonical__p035_loss_small,lama__canonical__canonical__p035_loss_small,lama__canonical__canonical__p035_loss_small,canonical__p035_loss_small,p035_loss_small,canonical__p035_loss_small,canonical,primary,p035,abstraction_surrealism,The Bewitched Mill,Franz Marc,,lama,p035_loss_small,loss_small,p035_loss_small,loss_small,full_image,589824,0,0,768,768,14406,False,> 127,8,alex,256,0.04010032117366791,0.003867942839860916,0.03623237833380699,0.0738862999714911,0.34201539994683117,2.0.0,restoration_eval.metrics_lpips,cuda,3.12.6,2.1.3,2.2.3,11.0.0,2.5.1+cu121,0.1.4,ok,
lama__canonical__canonical__p035_loss_small__content_region__lpips,lama__canonical__canonical__p035_loss_small,lama__canonical__canonical__p035_loss_small,lama__canonical__canonical__p035_loss_small,canonical__p035_loss_small,p035_loss_small,canonical__p035_loss_small,canonical,primary,p035,abstraction_surrealism,The Bewitched Mill,Franz Marc,,lama,p035_loss_small,loss_small,p035_loss_small,loss_small,content_region,407040,119,0,649,768,14406,False,> 127,8,alex,256,0.05023346468806267,0.006667661480605602,0.043565803207457066,0.06745380000211298,0.34201539994683117,2.0.0,restoration_eval.metrics_lpips,cuda,3.12.6,2.1.3,2.2.3,11.0.0,2.5.1+cu121,0.1.4,ok,
lama__canonical__canonical__p035_loss_small__mask_bbox_crop__lpips,lama__canonical__canonical__p035_loss_small,lama__canonical__canonical__p035_loss_small,lama__canonical__canonical__p035_loss_small,canonical__p035_loss_small,p035_loss_small,canonical__p035_loss_small,canonical,primary,p035,abstraction_surrealism,The Bewitched Mill,Franz Marc,,lama,p035_loss_small,loss_small,p035_loss_small,loss_small,mask_bbox_crop,184041,71,303,500,732,14406,False,> 127,8,alex,256,0.10552801936864853,0.015423381701111794,0.09010463766753674,0.046007500030100346,0.34201539994683117,2.0.0,restoration_eval.metrics_lpips,cuda,3.12.6,2.1.3,2.2.3,11.0.0,2.5.1+cu121,0.1.4,ok,
lama__canonical__canonical__p035_mixed_damage__full_image__lpips,lama__canonical__canonical__p035_mixed_damage,lama__canonical__canonical__p035_mixed_damage,lama__canonical__canonical__p035_mixed_damage,canonical__p035_mixed_damage,p035_mixed_damage,canonical__p035_mixed_damage,canonical,primary,p035,abstraction_surrealism,The Bewitched Mill,Franz Marc,,lama,p035_mixed_damage,mixed_damage,p035_mixed_damage,mixed_damage,full_image,589824,0,0,768,768,42995,False,> 127,8,alex,256,0.1833677589893341,0.016099583357572556,0.16726817563176155,0.08665329997893423,0.39833939995151013,2.0.0,restoration_eval.metrics_lpips,cuda,3.12.6,2.1.3,2.2.3,11.0.0,2.5.1+cu121,0.1.4,ok,
lama__canonical__canonical__p035_mixed_damage__content_region__lpips,lama__canonical__canonical__p035_mixed_damage,lama__canonical__canonical__p035_mixed_damage,lama__canonical__canonical__p035_mixed_damage,canonical__p035_mixed_damage,p035_mixed_damage,canonical__p035_mixed_damage,canonical,primary,p035,abstraction_surrealism,The Bewitched Mill,Franz Marc,,lama,p035_mixed_damage,mixed_damage,p035_mixed_damage,mixed_damage,content_region,407040,119,0,649,768,42995,False,> 127,8,alex,256,0.22401142120361328,0.023785868659615517,0.20022555254399776,0.06862489995546639,0.39833939995151013,2.0.0,restoration_eval.metrics_lpips,cuda,3.12.6,2.1.3,2.2.3,11.0.0,2.5.1+cu121,0.1.4,ok,
lama__canonical__canonical__p035_mixed_damage__mask_bbox_crop__lpips,lama__canonical__canonical__p035_mixed_damage,lama__canonical__canonical__p035_mixed_damage,lama__canonical__canonical__p035_mixed_damage,canonical__p035_mixed_damage,p035_mixed_damage,canonical__p035_mixed_damage,canonical,primary,p035,abstraction_surrealism,The Bewitched Mill,Franz Marc,,lama,p035_mixed_damage,mixed_damage,p035_mixed_damage,mixed_damage,mask_bbox_crop,555025,12,0,757,745,42995,False,> 127,8,alex,256,0.19238868355751038,0.017467886209487915,0.17492079734802246,0.07877209992147982,0.39833939995151013,2.0.0,restoration_eval.metrics_lpips,cuda,3.12.6,2.1.3,2.2.3,11.0.0,2.5.1+cu121,0.1.4,ok,
lama__canonical__canonical__p035_scratch_thin__full_image__lpips,lama__canonical__canonical__p035_scratch_thin,lama__canonical__canonical__p035_scratch_thin,lama__canonical__canonical__p035_scratch_thin,canonical__p035_scratch_thin,p035_scratch_thin,canonical__p035_scratch_thin,canonical,primary,p035,abstraction_surrealism,The Bewitched Mill,Franz Marc,,lama,p035_scratch_thin,scratch_thin,p035_scratch_thin,scratch_thin,full_image,589824,0,0,768,768,9287,False,> 127,8,alex,256,0.10672727227210999,0.001042876741848886,0.1056843955302611,0.0836872000945732,0.4027895999606699,2.0.0,restoration_eval.metrics_lpips,cuda,3.12.6,2.1.3,2.2.3,11.0.0,2.5.1+cu121,0.1.4,ok,
lama__canonical__canonical__p035_scratch_thin__content_region__lpips,lama__canonical__canonical__p035_scratch_thin,lama__canonical__canonical__p035_scratch_thin,lama__canonical__canonical__p035_scratch_thin,canonical__p035_scratch_thin,p035_scratch_thin,canonical__p035_scratch_thin,canonical,primary,p035,abstraction_surrealism,The Bewitched Mill,Franz Marc,,lama,p035_scratch_thin,scratch_thin,p035_scratch_thin,scratch_thin,content_region,407040,119,0,649,768,9287,False,> 127,8,alex,256,0.13670037686824799,0.0011183297028765082,0.13558204716537148,0.0778085000347346,0.4027895999606699,2.0.0,restoration_eval.metrics_lpips,cuda,3.12.6,2.1.3,2.2.3,11.0.0,2.5.1+cu121,0.1.4,ok,
lama__canonical__canonical__p035_scratch_thin__mask_bbox_crop__lpips,lama__canonical__canonical__p035_scratch_thin,lama__canonical__canonical__p035_scratch_thin,lama__canonical__canonical__p035_scratch_thin,canonical__p035_scratch_thin,p035_scratch_thin,canonical__p035_scratch_thin,canonical,primary,p035,abstraction_surrealism,The Bewitched Mill,Franz Marc,,lama,p035_scratch_thin,scratch_thin,p035_scratch_thin,scratch_thin,mask_bbox_crop,589824,0,0,768,768,9287,False,> 127,8,alex,256,0.10672727227210999,0.001042876741848886,0.1056843955302611,0.08035579998977482,0.4027895999606699,2.0.0,restoration_eval.metrics_lpips,cuda,3.12.6,2.1.3,2.2.3,11.0.0,2.5.1+cu121,0.1.4,ok,
lama__canonical__canonical__p035_zero_control__full_image__lpips,lama__canonical__canonical__p035_zero_control,lama__canonical__canonical__p035_zero_control,lama__canonical__canonical__p035_zero_control,canonical__p035_zero_control,p035_zero_control,canonical__p035_zero_control,canonical,primary,p035,abstraction_surrealism,The Bewitched Mill,Franz Marc,,lama,p035_zero_control,zero_control,p035_zero_control,zero_control,full_image,589824,0,0,768,768,0,True,> 127,8,alex,256,0.0,0.0,0.0,0.08132669993210584,0.31503249995876104,2.0.0,restoration_eval.metrics_lpips,cuda,3.12.6,2.1.3,2.2.3,11.0.0,2.5.1+cu121,0.1.4,ok,
lama__canonical__canonical__p035_zero_control__content_region__lpips,lama__canonical__canonical__p035_zero_control,lama__canonical__canonical__p035_zero_control,lama__canonical__canonical__p035_zero_control,canonical__p035_zero_control,p035_zero_control,canonical__p035_zero_control,canonical,primary,p035,abstraction_surrealism,The Bewitched Mill,Franz Marc,,lama,p035_zero_control,zero_control,p035_zero_control,zero_control,content_region,407040,119,0,649,768,0,True,> 127,8,alex,256,0.0,0.0,0.0,0.07450260000769049,0.31503249995876104,2.0.0,restoration_eval.metrics_lpips,cuda,3.12.6,2.1.3,2.2.3,11.0.0,2.5.1+cu121,0.1.4,ok,
lama__canonical__canonical__p036_loss_large__full_image__lpips,lama__canonical__canonical__p036_loss_large,lama__canonical__canonical__p036_loss_large,lama__canonical__canonical__p036_loss_large,canonical__p036_loss_large,p036_loss_large,canonical__p036_loss_large,canonical,primary,p036,abstraction_surrealism,"Lozenge Composition with Yellow, Black, Blue, Red, and Gray",Piet Mondrian,,lama,p036_loss_large,loss_large,p036_loss_large,loss_large,full_image,589824,0,0,768,768,79110,False,> 127,8,alex,256,0.17578110098838806,0.05749504268169403,0.11828605830669403,0.08314520004205406,0.4111044000601396,2.0.0,restoration_eval.metrics_lpips,cuda,3.12.6,2.1.3,2.2.3,11.0.0,2.5.1+cu121,0.1.4,ok,
lama__canonical__canonical__p036_loss_large__content_region__lpips,lama__canonical__canonical__p036_loss_large,lama__canonical__canonical__p036_loss_large,lama__canonical__canonical__p036_loss_large,canonical__p036_loss_large,p036_loss_large,canonical__p036_loss_large,canonical,primary,p036,abstraction_surrealism,"Lozenge Composition with Yellow, Black, Blue, Red, and Gray",Piet Mondrian,,lama,p036_loss_large,loss_large,p036_loss_large,loss_large,content_region,589824,0,0,768,768,79110,False,> 127,8,alex,256,0.17578110098838806,0.05749504268169403,0.11828605830669403,0.09318329999223351,0.4111044000601396,2.0.0,restoration_eval.metrics_lpips,cuda,3.12.6,2.1.3,2.2.3,11.0.0,2.5.1+cu121,0.1.4,ok,
lama__canonical__canonical__p036_loss_large__mask_bbox_crop__lpips,lama__canonical__canonical__p036_loss_large,lama__canonical__canonical__p036_loss_large,lama__canonical__canonical__p036_loss_large,canonical__p036_loss_large,p036_loss_large,canonical__p036_loss_large,canonical,primary,p036,abstraction_surrealism,"Lozenge Composition with Yellow, Black, Blue, Red, and Gray",Piet Mondrian,,lama,p036_loss_large,loss_large,p036_loss_large,loss_large,mask_bbox_crop,344569,164,0,751,587,79110,False,> 127,8,alex,256,0.2485557496547699,0.07396207004785538,0.17459367960691452,0.07155809993855655,0.4111044000601396,2.0.0,restoration_eval.metrics_lpips,cuda,3.12.6,2.1.3,2.2.3,11.0.0,2.5.1+cu121,0.1.4,ok,
lama__canonical__canonical__p036_loss_small__full_image__lpips,lama__canonical__canonical__p036_loss_small,lama__canonical__canonical__p036_loss_small,lama__canonical__canonical__p036_loss_small,canonical__p036_loss_small,p036_loss_small,canonical__p036_loss_small,canonical,primary,p036,abstraction_surrealism,"Lozenge Composition with Yellow, Black, Blue, Red, and Gray",Piet Mondrian,,lama,p036_loss_small,loss_small,p036_loss_small,loss_small,full_image,589824,0,0,768,768,21381,False,> 127,8,alex,256,0.07049983739852905,0.0003143118810839951,0.07018552551744506,0.09283270000014454,0.3889459000201896,2.0.0,restoration_eval.metrics_lpips,cuda,3.12.6,2.1.3,2.2.3,11.0.0,2.5.1+cu121,0.1.4,ok,
lama__canonical__canonical__p036_loss_small__content_region__lpips,lama__canonical__canonical__p036_loss_small,lama__canonical__canonical__p036_loss_small,lama__canonical__canonical__p036_loss_small,canonical__p036_loss_small,p036_loss_small,canonical__p036_loss_small,canonical,primary,p036,abstraction_surrealism,"Lozenge Composition with Yellow, Black, Blue, Red, and Gray",Piet Mondrian,,lama,p036_loss_small,loss_small,p036_loss_small,loss_small,content_region,589824,0,0,768,768,21381,False,> 127,8,alex,256,0.07049983739852905,0.0003143118810839951,0.07018552551744506,0.07700629997998476,0.3889459000201896,2.0.0,restoration_eval.metrics_lpips,cuda,3.12.6,2.1.3,2.2.3,11.0.0,2.5.1+cu121,0.1.4,ok,
lama__canonical__canonical__p036_loss_small__mask_bbox_crop__lpips,lama__canonical__canonical__p036_loss_small,lama__canonical__canonical__p036_loss_small,lama__canonical__canonical__p036_loss_small,canonical__p036_loss_small,p036_loss_small,canonical__p036_loss_small,canonical,primary,p036,abstraction_surrealism,"Lozenge Composition with Yellow, Black, Blue, Red, and Gray",Piet Mondrian,,lama,p036_loss_small,loss_small,p036_loss_small,loss_small,mask_bbox_crop,436921,65,0,726,661,21381,False,> 127,8,alex,256,0.0840047150850296,0.00044762244215235114,0.08355709264287725,0.07415709993802011,0.3889459000201896,2.0.0,restoration_eval.metrics_lpips,cuda,3.12.6,2.1.3,2.2.3,11.0.0,2.5.1+cu121,0.1.4,ok,
lama__canonical__canonical__p036_mixed_damage__full_image__lpips,lama__canonical__canonical__p036_mixed_damage,lama__canonical__canonical__p036_mixed_damage,lama__canonical__canonical__p036_mixed_damage,canonical__p036_mixed_damage,p036_mixed_damage,canonical__p036_mixed_damage,canonical,primary,p036,abstraction_surrealism,"Lozenge Composition with Yellow, Black, Blue, Red, and Gray",Piet Mondrian,,lama,p036_mixed_damage,mixed_damage,p036_mixed_damage,mixed_damage,full_image,589824,0,0,768,768,52887,False,> 127,8,alex,256,0.19253310561180115,0.0022697148378938437,0.1902633907739073,0.08138949994463474,0.365840999991633,2.0.0,restoration_eval.metrics_lpips,cuda,3.12.6,2.1.3,2.2.3,11.0.0,2.5.1+cu121,0.1.4,ok,
lama__canonical__canonical__p036_mixed_damage__content_region__lpips,lama__canonical__canonical__p036_mixed_damage,lama__canonical__canonical__p036_mixed_damage,lama__canonical__canonical__p036_mixed_damage,canonical__p036_mixed_damage,p036_mixed_damage,canonical__p036_mixed_damage,canonical,primary,p036,abstraction_surrealism,"Lozenge Composition with Yellow, Black, Blue, Red, and Gray",Piet Mondrian,,lama,p036_mixed_damage,mixed_damage,p036_mixed_damage,mixed_damage,content_region,589824,0,0,768,768,52887,False,> 127,8,alex,256,0.19253310561180115,0.0022697148378938437,0.1902633907739073,0.07931850000750273,0.365840999991633,2.0.0,restoration_eval.metrics_lpips,cuda,3.12.6,2.1.3,2.2.3,11.0.0,2.5.1+cu121,0.1.4,ok,
lama__canonical__canonical__p036_mixed_damage__mask_bbox_crop__lpips,lama__canonical__canonical__p036_mixed_damage,lama__canonical__canonical__p036_mixed_damage,lama__canonical__canonical__p036_mixed_damage,canonical__p036_mixed_damage,p036_mixed_damage,canonical__p036_mixed_damage,canonical,primary,p036,abstraction_surrealism,"Lozenge Composition with Yellow, Black, Blue, Red, and Gray",Piet Mondrian,,lama,p036_mixed_damage,mixed_damage,p036_mixed_damage,mixed_damage,mask_bbox_crop,589824,0,0,768,768,52887,False,> 127,8,alex,256,0.19253310561180115,0.0022697148378938437,0.1902633907739073,0.07239779992960393,0.365840999991633,2.0.0,restoration_eval.metrics_lpips,cuda,3.12.6,2.1.3,2.2.3,11.0.0,2.5.1+cu121,0.1.4,ok,
lama__canonical__canonical__p036_scratch_thin__full_image__lpips,lama__canonical__canonical__p036_scratch_thin,lama__canonical__canonical__p036_scratch_thin,lama__canonical__canonical__p036_scratch_thin,canonical__p036_scratch_thin,p036_scratch_thin,canonical__p036_scratch_thin,canonical,primary,p036,abstraction_surrealism,"Lozenge Composition with Yellow, Black, Blue, Red, and Gray",Piet Mondrian,,lama,p036_scratch_thin,scratch_thin,p036_scratch_thin,scratch_thin,full_image,589824,0,0,768,768,8289,False,> 127,8,alex,256,0.11645615845918655,0.000443785625975579,0.11601237283321097,0.08298140007536858,0.36008599994238466,2.0.0,restoration_eval.metrics_lpips,cuda,3.12.6,2.1.3,2.2.3,11.0.0,2.5.1+cu121,0.1.4,ok,
lama__canonical__canonical__p036_scratch_thin__content_region__lpips,lama__canonical__canonical__p036_scratch_thin,lama__canonical__canonical__p036_scratch_thin,lama__canonical__canonical__p036_scratch_thin,canonical__p036_scratch_thin,p036_scratch_thin,canonical__p036_scratch_thin,canonical,primary,p036,abstraction_surrealism,"Lozenge Composition with Yellow, Black, Blue, Red, and Gray",Piet Mondrian,,lama,p036_scratch_thin,scratch_thin,p036_scratch_thin,scratch_thin,content_region,589824,0,0,768,768,8289,False,> 127,8,alex,256,0.11645615845918655,0.000443785625975579,0.11601237283321097,0.07565630006138235,0.36008599994238466,2.0.0,restoration_eval.metrics_lpips,cuda,3.12.6,2.1.3,2.2.3,11.0.0,2.5.1+cu121,0.1.4,ok,
lama__canonical__canonical__p036_scratch_thin__mask_bbox_crop__lpips,lama__canonical__canonical__p036_scratch_thin,lama__canonical__canonical__p036_scratch_thin,lama__canonical__canonical__p036_scratch_thin,canonical__p036_scratch_thin,p036_scratch_thin,canonical__p036_scratch_thin,canonical,primary,p036,abstraction_surrealism,"Lozenge Composition with Yellow, Black, Blue, Red, and Gray",Piet Mondrian,,lama,p036_scratch_thin,scratch_thin,p036_scratch_thin,scratch_thin,mask_bbox_crop,589824,0,0,768,768,8289,False,> 127,8,alex,256,0.11645615845918655,0.000443785625975579,0.11601237283321097,0.06867670000065118,0.36008599994238466,2.0.0,restoration_eval.metrics_lpips,cuda,3.12.6,2.1.3,2.2.3,11.0.0,2.5.1+cu121,0.1.4,ok,
lama__canonical__canonical__p036_zero_control__full_image__lpips,lama__canonical__canonical__p036_zero_control,lama__canonical__canonical__p036_zero_control,lama__canonical__canonical__p036_zero_control,canonical__p036_zero_control,p036_zero_control,canonical__p036_zero_control,canonical,primary,p036,abstraction_surrealism,"Lozenge Composition with Yellow, Black, Blue, Red, and Gray",Piet Mondrian,,lama,p036_zero_control,zero_control,p036_zero_control,zero_control,full_image,589824,0,0,768,768,0,True,> 127,8,alex,256,0.0,0.0,0.0,0.06980589998420328,0.2579031999921426,2.0.0,restoration_eval.metrics_lpips,cuda,3.12.6,2.1.3,2.2.3,11.0.0,2.5.1+cu121,0.1.4,ok,
lama__canonical__canonical__p036_zero_control__content_region__lpips,lama__canonical__canonical__p036_zero_control,lama__canonical__canonical__p036_zero_control,lama__canonical__canonical__p036_zero_control,canonical__p036_zero_control,p036_zero_control,canonical__p036_zero_control,canonical,primary,p036,abstraction_surrealism,"Lozenge Composition with Yellow, Black, Blue, Red, and Gray",Piet Mondrian,,lama,p036_zero_control,zero_control,p036_zero_control,zero_control,content_region,589824,0,0,768,768,0,True,> 127,8,alex,256,0.0,0.0,0.0,0.07475939998403192,0.2579031999921426,2.0.0,restoration_eval.metrics_lpips,cuda,3.12.6,2.1.3,2.2.3,11.0.0,2.5.1+cu121,0.1.4,ok,
lama__canonical__canonical__p037_loss_large__full_image__lpips,lama__canonical__canonical__p037_loss_large,lama__canonical__canonical__p037_loss_large,lama__canonical__canonical__p037_loss_large,canonical__p037_loss_large,p037_loss_large,canonical__p037_loss_large,canonical,primary,p037,abstraction_surrealism,In the Sea,Arnold Böcklin,,lama,p037_loss_large,loss_large,p037_loss_large,loss_large,full_image,589824,0,0,768,768,47063,False,> 127,8,alex,256,0.12015577405691147,0.03860700502991676,0.0815487690269947,0.06960390007589012,0.3677984999958426,2.0.0,restoration_eval.metrics_lpips,cuda,3.12.6,2.1.3,2.2.3,11.0.0,2.5.1+cu121,0.1.4,ok,
lama__canonical__canonical__p037_loss_large__content_region__lpips,lama__canonical__canonical__p037_loss_large,lama__canonical__canonical__p037_loss_large,lama__canonical__canonical__p037_loss_large,canonical__p037_loss_large,p037_loss_large,canonical__p037_loss_large,canonical,primary,p037,abstraction_surrealism,In the Sea,Arnold Böcklin,,lama,p037_loss_large,loss_large,p037_loss_large,loss_large,content_region,444672,0,94,768,673,47063,False,> 127,8,alex,256,0.15873685479164124,0.056249357759952545,0.10248749703168869,0.06562409992329776,0.3677984999958426,2.0.0,restoration_eval.metrics_lpips,cuda,3.12.6,2.1.3,2.2.3,11.0.0,2.5.1+cu121,0.1.4,ok,
lama__canonical__canonical__p037_loss_large__mask_bbox_crop__lpips,lama__canonical__canonical__p037_loss_large,lama__canonical__canonical__p037_loss_large,lama__canonical__canonical__p037_loss_large,canonical__p037_loss_large,p037_loss_large,canonical__p037_loss_large,canonical,primary,p037,abstraction_surrealism,In the Sea,Arnold Böcklin,,lama,p037_loss_large,loss_large,p037_loss_large,loss_large,mask_bbox_crop,106929,383,295,710,622,47063,False,> 127,8,alex,256,0.516753077507019,0.2182868868112564,0.29846619069576263,0.03888170002028346,0.3677984999958426,2.0.0,restoration_eval.metrics_lpips,cuda,3.12.6,2.1.3,2.2.3,11.0.0,2.5.1+cu121,0.1.4,ok,
lama__canonical__canonical__p037_loss_small__full_image__lpips,lama__canonical__canonical__p037_loss_small,lama__canonical__canonical__p037_loss_small,lama__canonical__canonical__p037_loss_small,canonical__p037_loss_small,p037_loss_small,canonical__p037_loss_small,canonical,primary,p037,abstraction_surrealism,In the Sea,Arnold Böcklin,,lama,p037_loss_small,loss_small,p037_loss_small,loss_small,full_image,589824,0,0,768,768,15897,False,> 127,8,alex,256,0.1107272282242775,0.005408102180808783,0.10531912604346871,0.06633509998209774,0.33993949997238815,2.0.0,restoration_eval.metrics_lpips,cuda,3.12.6,2.1.3,2.2.3,11.0.0,2.5.1+cu121,0.1.4,ok,
lama__canonical__canonical__p037_loss_small__content_region__lpips,lama__canonical__canonical__p037_loss_small,lama__canonical__canonical__p037_loss_small,lama__canonical__canonical__p037_loss_small,canonical__p037_loss_small,p037_loss_small,canonical__p037_loss_small,canonical,primary,p037,abstraction_surrealism,In the Sea,Arnold Böcklin,,lama,p037_loss_small,loss_small,p037_loss_small,loss_small,content_region,444672,0,94,768,673,15897,False,> 127,8,alex,256,0.13181614875793457,0.00859439093619585,0.12322175782173872,0.0535507999593392,0.33993949997238815,2.0.0,restoration_eval.metrics_lpips,cuda,3.12.6,2.1.3,2.2.3,11.0.0,2.5.1+cu121,0.1.4,ok,
lama__canonical__canonical__p037_loss_small__mask_bbox_crop__lpips,lama__canonical__canonical__p037_loss_small,lama__canonical__canonical__p037_loss_small,lama__canonical__canonical__p037_loss_small,canonical__p037_loss_small,p037_loss_small,canonical__p037_loss_small,canonical,primary,p037,abstraction_surrealism,In the Sea,Arnold Böcklin,,lama,p037_loss_small,loss_small,p037_loss_small,loss_small,mask_bbox_crop,414736,20,66,664,710,15897,False,> 127,8,alex,256,0.1438063085079193,0.0086883045732975,0.1351180039346218,0.060288700042292476,0.33993949997238815,2.0.0,restoration_eval.metrics_lpips,cuda,3.12.6,2.1.3,2.2.3,11.0.0,2.5.1+cu121,0.1.4,ok,
lama__canonical__canonical__p037_mixed_damage__full_image__lpips,lama__canonical__canonical__p037_mixed_damage,lama__canonical__canonical__p037_mixed_damage,lama__canonical__canonical__p037_mixed_damage,canonical__p037_mixed_damage,p037_mixed_damage,canonical__p037_mixed_damage,canonical,primary,p037,abstraction_surrealism,In the Sea,Arnold Böcklin,,lama,p037_mixed_damage,mixed_damage,p037_mixed_damage,mixed_damage,full_image,589824,0,0,768,768,44213,False,> 127,8,alex,256,0.2772033214569092,0.023162372410297394,0.2540409490466118,0.07503279997035861,0.3845877000130713,2.0.0,restoration_eval.metrics_lpips,cuda,3.12.6,2.1.3,2.2.3,11.0.0,2.5.1+cu121,0.1.4,ok,
lama__canonical__canonical__p037_mixed_damage__content_region__lpips,lama__canonical__canonical__p037_mixed_damage,lama__canonical__canonical__p037_mixed_damage,lama__canonical__canonical__p037_mixed_damage,canonical__p037_mixed_damage,p037_mixed_damage,canonical__p037_mixed_damage,canonical,primary,p037,abstraction_surrealism,In the Sea,Arnold Böcklin,,lama,p037_mixed_damage,mixed_damage,p037_mixed_damage,mixed_damage,content_region,444672,0,94,768,673,44213,False,> 127,8,alex,256,0.3142971992492676,0.03612230345606804,0.27817489579319954,0.07161800004541874,0.3845877000130713,2.0.0,restoration_eval.metrics_lpips,cuda,3.12.6,2.1.3,2.2.3,11.0.0,2.5.1+cu121,0.1.4,ok,
lama__canonical__canonical__p037_mixed_damage__mask_bbox_crop__lpips,lama__canonical__canonical__p037_mixed_damage,lama__canonical__canonical__p037_mixed_damage,lama__canonical__canonical__p037_mixed_damage,canonical__p037_mixed_damage,p037_mixed_damage,canonical__p037_mixed_damage,canonical,primary,p037,abstraction_surrealism,In the Sea,Arnold Böcklin,,lama,p037_mixed_damage,mixed_damage,p037_mixed_damage,mixed_damage,mask_bbox_crop,589824,0,0,768,768,44213,False,> 127,8,alex,256,0.2772033214569092,0.023162372410297394,0.2540409490466118,0.07017159997485578,0.3845877000130713,2.0.0,restoration_eval.metrics_lpips,cuda,3.12.6,2.1.3,2.2.3,11.0.0,2.5.1+cu121,0.1.4,ok,
lama__canonical__canonical__p037_scratch_thin__full_image__lpips,lama__canonical__canonical__p037_scratch_thin,lama__canonical__canonical__p037_scratch_thin,lama__canonical__canonical__p037_scratch_thin,canonical__p037_scratch_thin,p037_scratch_thin,canonical__p037_scratch_thin,canonical,primary,p037,abstraction_surrealism,In the Sea,Arnold Böcklin,,lama,p037_scratch_thin,scratch_thin,p037_scratch_thin,scratch_thin,full_image,589824,0,0,768,768,7718,False,> 127,8,alex,256,0.1778298020362854,0.0014687702059745789,0.17636103183031082,0.07503409998025745,0.4109057999448851,2.0.0,restoration_eval.metrics_lpips,cuda,3.12.6,2.1.3,2.2.3,11.0.0,2.5.1+cu121,0.1.4,ok,
lama__canonical__canonical__p037_scratch_thin__content_region__lpips,lama__canonical__canonical__p037_scratch_thin,lama__canonical__canonical__p037_scratch_thin,lama__canonical__canonical__p037_scratch_thin,canonical__p037_scratch_thin,p037_scratch_thin,canonical__p037_scratch_thin,canonical,primary,p037,abstraction_surrealism,In the Sea,Arnold Böcklin,,lama,p037_scratch_thin,scratch_thin,p037_scratch_thin,scratch_thin,content_region,444672,0,94,768,673,7718,False,> 127,8,alex,256,0.17482124269008636,0.0011460287496447563,0.1736752139404416,0.06483589997515082,0.4109057999448851,2.0.0,restoration_eval.metrics_lpips,cuda,3.12.6,2.1.3,2.2.3,11.0.0,2.5.1+cu121,0.1.4,ok,
lama__canonical__canonical__p037_scratch_thin__mask_bbox_crop__lpips,lama__canonical__canonical__p037_scratch_thin,lama__canonical__canonical__p037_scratch_thin,lama__canonical__canonical__p037_scratch_thin,canonical__p037_scratch_thin,p037_scratch_thin,canonical__p037_scratch_thin,canonical,primary,p037,abstraction_surrealism,In the Sea,Arnold Böcklin,,lama,p037_scratch_thin,scratch_thin,p037_scratch_thin,scratch_thin,mask_bbox_crop,589824,0,0,768,768,7718,False,> 127,8,alex,256,0.1778298020362854,0.0014687702059745789,0.17636103183031082,0.09402419999241829,0.4109057999448851,2.0.0,restoration_eval.metrics_lpips,cuda,3.12.6,2.1.3,2.2.3,11.0.0,2.5.1+cu121,0.1.4,ok,
lama__canonical__canonical__p037_zero_control__full_image__lpips,lama__canonical__canonical__p037_zero_control,lama__canonical__canonical__p037_zero_control,lama__canonical__canonical__p037_zero_control,canonical__p037_zero_control,p037_zero_control,canonical__p037_zero_control,canonical,primary,p037,abstraction_surrealism,In the Sea,Arnold Böcklin,,lama,p037_zero_control,zero_control,p037_zero_control,zero_control,full_image,589824,0,0,768,768,0,True,> 127,8,alex,256,0.0,0.0,0.0,0.07975400006398559,0.3161219999892637,2.0.0,restoration_eval.metrics_lpips,cuda,3.12.6,2.1.3,2.2.3,11.0.0,2.5.1+cu121,0.1.4,ok,
lama__canonical__canonical__p037_zero_control__content_region__lpips,lama__canonical__canonical__p037_zero_control,lama__canonical__canonical__p037_zero_control,lama__canonical__canonical__p037_zero_control,canonical__p037_zero_control,p037_zero_control,canonical__p037_zero_control,canonical,primary,p037,abstraction_surrealism,In the Sea,Arnold Böcklin,,lama,p037_zero_control,zero_control,p037_zero_control,zero_control,content_region,444672,0,94,768,673,0,True,> 127,8,alex,256,0.0,0.0,0.0,0.07097209990024567,0.3161219999892637,2.0.0,restoration_eval.metrics_lpips,cuda,3.12.6,2.1.3,2.2.3,11.0.0,2.5.1+cu121,0.1.4,ok,
lama__canonical__canonical__p038_loss_large__full_image__lpips,lama__canonical__canonical__p038_loss_large,lama__canonical__canonical__p038_loss_large,lama__canonical__canonical__p038_loss_large,canonical__p038_loss_large,p038_loss_large,canonical__p038_loss_large,canonical,primary,p038,abstraction_surrealism,Mahana no atua (Day of the God),Paul Gauguin,,lama,p038_loss_large,loss_large,p038_loss_large,loss_large,full_image,589824,0,0,768,768,61070,False,> 127,8,alex,256,0.12520793080329895,0.056777361780405045,0.0684305690228939,0.08361129998229444,0.40322640002705157,2.0.0,restoration_eval.metrics_lpips,cuda,3.12.6,2.1.3,2.2.3,11.0.0,2.5.1+cu121,0.1.4,ok,
lama__canonical__canonical__p038_loss_large__content_region__lpips,lama__canonical__canonical__p038_loss_large,lama__canonical__canonical__p038_loss_large,lama__canonical__canonical__p038_loss_large,canonical__p038_loss_large,p038_loss_large,canonical__p038_loss_large,canonical,primary,p038,abstraction_surrealism,Mahana no atua (Day of the God),Paul Gauguin,,lama,p038_loss_large,loss_large,p038_loss_large,loss_large,content_region,440064,0,97,768,670,61070,False,> 127,8,alex,256,0.16021721065044403,0.08118734508752823,0.0790298655629158,0.07016090000979602,0.40322640002705157,2.0.0,restoration_eval.metrics_lpips,cuda,3.12.6,2.1.3,2.2.3,11.0.0,2.5.1+cu121,0.1.4,ok,
lama__canonical__canonical__p038_loss_large__mask_bbox_crop__lpips,lama__canonical__canonical__p038_loss_large,lama__canonical__canonical__p038_loss_large,lama__canonical__canonical__p038_loss_large,canonical__p038_loss_large,p038_loss_large,canonical__p038_loss_large,canonical,primary,p038,abstraction_surrealism,Mahana no atua (Day of the God),Paul Gauguin,,lama,p038_loss_large,loss_large,p038_loss_large,loss_large,mask_bbox_crop,163216,0,110,404,514,61070,False,> 127,8,alex,256,0.4052254259586334,0.21371257305145264,0.1915128529071808,0.053895499906502664,0.40322640002705157,2.0.0,restoration_eval.metrics_lpips,cuda,3.12.6,2.1.3,2.2.3,11.0.0,2.5.1+cu121,0.1.4,ok,
lama__canonical__canonical__p038_loss_small__full_image__lpips,lama__canonical__canonical__p038_loss_small,lama__canonical__canonical__p038_loss_small,lama__canonical__canonical__p038_loss_small,canonical__p038_loss_small,p038_loss_small,canonical__p038_loss_small,canonical,primary,p038,abstraction_surrealism,Mahana no atua (Day of the God),Paul Gauguin,,lama,p038_loss_small,loss_small,p038_loss_small,loss_small,full_image,589824,0,0,768,768,20821,False,> 127,8,alex,256,0.10632763803005219,0.007013461086899042,0.09931417694315314,0.25300060003064573,0.5760727000888437,2.0.0,restoration_eval.metrics_lpips,cuda,3.12.6,2.1.3,2.2.3,11.0.0,2.5.1+cu121,0.1.4,ok,
lama__canonical__canonical__p038_loss_small__content_region__lpips,lama__canonical__canonical__p038_loss_small,lama__canonical__canonical__p038_loss_small,lama__canonical__canonical__p038_loss_small,canonical__p038_loss_small,p038_loss_small,canonical__p038_loss_small,canonical,primary,p038,abstraction_surrealism,Mahana no atua (Day of the God),Paul Gauguin,,lama,p038_loss_small,loss_small,p038_loss_small,loss_small,content_region,440064,0,97,768,670,20821,False,> 127,8,alex,256,0.11540184170007706,0.010966911911964417,0.10443492978811264,0.06529319996479899,0.5760727000888437,2.0.0,restoration_eval.metrics_lpips,cuda,3.12.6,2.1.3,2.2.3,11.0.0,2.5.1+cu121,0.1.4,ok,
lama__canonical__canonical__p038_loss_small__mask_bbox_crop__lpips,lama__canonical__canonical__p038_loss_small,lama__canonical__canonical__p038_loss_small,lama__canonical__canonical__p038_loss_small,canonical__p038_loss_small,p038_loss_small,canonical__p038_loss_small,canonical,primary,p038,abstraction_surrealism,Mahana no atua (Day of the God),Paul Gauguin,,lama,p038_loss_small,loss_small,p038_loss_small,loss_small,mask_bbox_crop,518400,13,48,733,768,20821,False,> 127,8,alex,256,0.11396714299917221,0.006805265787988901,0.10716187721118331,0.07950250001158565,0.5760727000888437,2.0.0,restoration_eval.metrics_lpips,cuda,3.12.6,2.1.3,2.2.3,11.0.0,2.5.1+cu121,0.1.4,ok,
lama__canonical__canonical__p038_mixed_damage__full_image__lpips,lama__canonical__canonical__p038_mixed_damage,lama__canonical__canonical__p038_mixed_damage,lama__canonical__canonical__p038_mixed_damage,canonical__p038_mixed_damage,p038_mixed_damage,canonical__p038_mixed_damage,canonical,primary,p038,abstraction_surrealism,Mahana no atua (Day of the God),Paul Gauguin,,lama,p038_mixed_damage,mixed_damage,p038_mixed_damage,mixed_damage,full_image,589824,0,0,768,768,37262,False,> 127,8,alex,256,0.162192702293396,0.01932739093899727,0.14286531135439873,0.07339280005544424,0.42027830006554723,2.0.0,restoration_eval.metrics_lpips,cuda,3.12.6,2.1.3,2.2.3,11.0.0,2.5.1+cu121,0.1.4,ok,
lama__canonical__canonical__p038_mixed_damage__content_region__lpips,lama__canonical__canonical__p038_mixed_damage,lama__canonical__canonical__p038_mixed_damage,lama__canonical__canonical__p038_mixed_damage,canonical__p038_mixed_damage,p038_mixed_damage,canonical__p038_mixed_damage,canonical,primary,p038,abstraction_surrealism,Mahana no atua (Day of the God),Paul Gauguin,,lama,p038_mixed_damage,mixed_damage,p038_mixed_damage,mixed_damage,content_region,440064,0,97,768,670,37262,False,> 127,8,alex,256,0.1918758600950241,0.029525138437747955,0.16235072165727615,0.07750170002691448,0.42027830006554723,2.0.0,restoration_eval.metrics_lpips,cuda,3.12.6,2.1.3,2.2.3,11.0.0,2.5.1+cu121,0.1.4,ok,
lama__canonical__canonical__p038_mixed_damage__mask_bbox_crop__lpips,lama__canonical__canonical__p038_mixed_damage,lama__canonical__canonical__p038_mixed_damage,lama__canonical__canonical__p038_mixed_damage,canonical__p038_mixed_damage,p038_mixed_damage,canonical__p038_mixed_damage,canonical,primary,p038,abstraction_surrealism,Mahana no atua (Day of the God),Paul Gauguin,,lama,p038_mixed_damage,mixed_damage,p038_mixed_damage,mixed_damage,mask_bbox_crop,589824,0,0,768,768,37262,False,> 127,8,alex,256,0.162192702293396,0.01932739093899727,0.14286531135439873,0.08193440001923591,0.42027830006554723,2.0.0,restoration_eval.metrics_lpips,cuda,3.12.6,2.1.3,2.2.3,11.0.0,2.5.1+cu121,0.1.4,ok,
lama__canonical__canonical__p038_scratch_thin__full_image__lpips,lama__canonical__canonical__p038_scratch_thin,lama__canonical__canonical__p038_scratch_thin,lama__canonical__canonical__p038_scratch_thin,canonical__p038_scratch_thin,p038_scratch_thin,canonical__p038_scratch_thin,canonical,primary,p038,abstraction_surrealism,Mahana no atua (Day of the God),Paul Gauguin,,lama,p038_scratch_thin,scratch_thin,p038_scratch_thin,scratch_thin,full_image,589824,0,0,768,768,7229,False,> 127,8,alex,256,0.16890157759189606,0.0005502263084053993,0.16835135128349066,0.0765065000159666,0.3973998000146821,2.0.0,restoration_eval.metrics_lpips,cuda,3.12.6,2.1.3,2.2.3,11.0.0,2.5.1+cu121,0.1.4,ok,
lama__canonical__canonical__p038_scratch_thin__content_region__lpips,lama__canonical__canonical__p038_scratch_thin,lama__canonical__canonical__p038_scratch_thin,lama__canonical__canonical__p038_scratch_thin,canonical__p038_scratch_thin,p038_scratch_thin,canonical__p038_scratch_thin,canonical,primary,p038,abstraction_surrealism,Mahana no atua (Day of the God),Paul Gauguin,,lama,p038_scratch_thin,scratch_thin,p038_scratch_thin,scratch_thin,content_region,440064,0,97,768,670,7229,False,> 127,8,alex,256,0.1928391009569168,0.0007101080846041441,0.19212899287231266,0.06532049993984401,0.3973998000146821,2.0.0,restoration_eval.metrics_lpips,cuda,3.12.6,2.1.3,2.2.3,11.0.0,2.5.1+cu121,0.1.4,ok,
lama__canonical__canonical__p038_scratch_thin__mask_bbox_crop__lpips,lama__canonical__canonical__p038_scratch_thin,lama__canonical__canonical__p038_scratch_thin,lama__canonical__canonical__p038_scratch_thin,canonical__p038_scratch_thin,p038_scratch_thin,canonical__p038_scratch_thin,canonical,primary,p038,abstraction_surrealism,Mahana no atua (Day of the God),Paul Gauguin,,lama,p038_scratch_thin,scratch_thin,p038_scratch_thin,scratch_thin,mask_bbox_crop,589824,0,0,768,768,7229,False,> 127,8,alex,256,0.16890157759189606,0.0005502263084053993,0.16835135128349066,0.08745630003977567,0.3973998000146821,2.0.0,restoration_eval.metrics_lpips,cuda,3.12.6,2.1.3,2.2.3,11.0.0,2.5.1+cu121,0.1.4,ok,
lama__canonical__canonical__p038_zero_control__full_image__lpips,lama__canonical__canonical__p038_zero_control,lama__canonical__canonical__p038_zero_control,lama__canonical__canonical__p038_zero_control,canonical__p038_zero_control,p038_zero_control,canonical__p038_zero_control,canonical,primary,p038,abstraction_surrealism,Mahana no atua (Day of the God),Paul Gauguin,,lama,p038_zero_control,zero_control,p038_zero_control,zero_control,full_image,589824,0,0,768,768,0,True,> 127,8,alex,256,0.0,0.0,0.0,0.07700589997693896,0.32161909993737936,2.0.0,restoration_eval.metrics_lpips,cuda,3.12.6,2.1.3,2.2.3,11.0.0,2.5.1+cu121,0.1.4,ok,
lama__canonical__canonical__p038_zero_control__content_region__lpips,lama__canonical__canonical__p038_zero_control,lama__canonical__canonical__p038_zero_control,lama__canonical__canonical__p038_zero_control,canonical__p038_zero_control,p038_zero_control,canonical__p038_zero_control,canonical,primary,p038,abstraction_surrealism,Mahana no atua (Day of the God),Paul Gauguin,,lama,p038_zero_control,zero_control,p038_zero_control,zero_control,content_region,440064,0,97,768,670,0,True,> 127,8,alex,256,0.0,0.0,0.0,0.06257340009324253,0.32161909993737936,2.0.0,restoration_eval.metrics_lpips,cuda,3.12.6,2.1.3,2.2.3,11.0.0,2.5.1+cu121,0.1.4,ok,
lama__canonical__canonical__p039_loss_large__full_image__lpips,lama__canonical__canonical__p039_loss_large,lama__canonical__canonical__p039_loss_large,lama__canonical__canonical__p039_loss_large,canonical__p039_loss_large,p039_loss_large,canonical__p039_loss_large,canonical,primary,p039,abstraction_surrealism,Painting with Troika,Wassily Kandinsky,,lama,p039_loss_large,loss_large,p039_loss_large,loss_large,full_image,589824,0,0,768,768,47259,False,> 127,8,alex,256,0.11176268756389618,0.033249713480472565,0.07851297408342361,0.06972150004003197,0.37285799998790026,2.0.0,restoration_eval.metrics_lpips,cuda,3.12.6,2.1.3,2.2.3,11.0.0,2.5.1+cu121,0.1.4,ok,
lama__canonical__canonical__p039_loss_large__content_region__lpips,lama__canonical__canonical__p039_loss_large,lama__canonical__canonical__p039_loss_large,lama__canonical__canonical__p039_loss_large,canonical__p039_loss_large,p039_loss_large,canonical__p039_loss_large,canonical,primary,p039,abstraction_surrealism,Painting with Troika,Wassily Kandinsky,,lama,p039_loss_large,loss_large,p039_loss_large,loss_large,content_region,433152,0,102,768,666,47259,False,> 127,8,alex,256,0.1398666501045227,0.0471186488866806,0.0927480012178421,0.0615815999917686,0.37285799998790026,2.0.0,restoration_eval.metrics_lpips,cuda,3.12.6,2.1.3,2.2.3,11.0.0,2.5.1+cu121,0.1.4,ok,
lama__canonical__canonical__p039_loss_large__mask_bbox_crop__lpips,lama__canonical__canonical__p039_loss_large,lama__canonical__canonical__p039_loss_large,lama__canonical__canonical__p039_loss_large,canonical__p039_loss_large,p039_loss_large,canonical__p039_loss_large,canonical,primary,p039,abstraction_surrealism,Painting with Troika,Wassily Kandinsky,,lama,p039_loss_large,loss_large,p039_loss_large,loss_large,mask_bbox_crop,102400,211,114,531,434,47259,False,> 127,8,alex,256,0.5444135069847107,0.20701585710048676,0.33739764988422394,0.0384788999799639,0.37285799998790026,2.0.0,restoration_eval.metrics_lpips,cuda,3.12.6,2.1.3,2.2.3,11.0.0,2.5.1+cu121,0.1.4,ok,
lama__canonical__canonical__p039_loss_small__full_image__lpips,lama__canonical__canonical__p039_loss_small,lama__canonical__canonical__p039_loss_small,lama__canonical__canonical__p039_loss_small,canonical__p039_loss_small,p039_loss_small,canonical__p039_loss_small,canonical,primary,p039,abstraction_surrealism,Painting with Troika,Wassily Kandinsky,,lama,p039_loss_small,loss_small,p039_loss_small,loss_small,full_image,589824,0,0,768,768,13792,False,> 127,8,alex,256,0.08342987298965454,0.002321253065019846,0.0811086199246347,0.06533179990947247,0.35739270003978163,2.0.0,restoration_eval.metrics_lpips,cuda,3.12.6,2.1.3,2.2.3,11.0.0,2.5.1+cu121,0.1.4,ok,
lama__canonical__canonical__p039_loss_small__content_region__lpips,lama__canonical__canonical__p039_loss_small,lama__canonical__canonical__p039_loss_small,lama__canonical__canonical__p039_loss_small,canonical__p039_loss_small,p039_loss_small,canonical__p039_loss_small,canonical,primary,p039,abstraction_surrealism,Painting with Troika,Wassily Kandinsky,,lama,p039_loss_small,loss_small,p039_loss_small,loss_small,content_region,433152,0,102,768,666,13792,False,> 127,8,alex,256,0.10455511510372162,0.004079363774508238,0.10047575132921338,0.07033250003587455,0.35739270003978163,2.0.0,restoration_eval.metrics_lpips,cuda,3.12.6,2.1.3,2.2.3,11.0.0,2.5.1+cu121,0.1.4,ok,
lama__canonical__canonical__p039_loss_small__mask_bbox_crop__lpips,lama__canonical__canonical__p039_loss_small,lama__canonical__canonical__p039_loss_small,lama__canonical__canonical__p039_loss_small,canonical__p039_loss_small,p039_loss_small,canonical__p039_loss_small,canonical,primary,p039,abstraction_surrealism,Painting with Troika,Wassily Kandinsky,,lama,p039_loss_small,loss_small,p039_loss_small,loss_small,mask_bbox_crop,349281,149,93,740,684,13792,False,> 127,8,alex,256,0.12185148149728775,0.003147839568555355,0.1187036419287324,0.05968350009061396,0.35739270003978163,2.0.0,restoration_eval.metrics_lpips,cuda,3.12.6,2.1.3,2.2.3,11.0.0,2.5.1+cu121,0.1.4,ok,
lama__canonical__canonical__p039_mixed_damage__full_image__lpips,lama__canonical__canonical__p039_mixed_damage,lama__canonical__canonical__p039_mixed_damage,lama__canonical__canonical__p039_mixed_damage,canonical__p039_mixed_damage,p039_mixed_damage,canonical__p039_mixed_damage,canonical,primary,p039,abstraction_surrealism,Painting with Troika,Wassily Kandinsky,,lama,p039_mixed_damage,mixed_damage,p039_mixed_damage,mixed_damage,full_image,589824,0,0,768,768,44799,False,> 127,8,alex,256,0.25176623463630676,0.020809736102819443,0.23095649853348732,0.06816350005101413,0.3614929999457672,2.0.0,restoration_eval.metrics_lpips,cuda,3.12.6,2.1.3,2.2.3,11.0.0,2.5.1+cu121,0.1.4,ok,
lama__canonical__canonical__p039_mixed_damage__content_region__lpips,lama__canonical__canonical__p039_mixed_damage,lama__canonical__canonical__p039_mixed_damage,lama__canonical__canonical__p039_mixed_damage,canonical__p039_mixed_damage,p039_mixed_damage,canonical__p039_mixed_damage,canonical,primary,p039,abstraction_surrealism,Painting with Troika,Wassily Kandinsky,,lama,p039_mixed_damage,mixed_damage,p039_mixed_damage,mixed_damage,content_region,433152,0,102,768,666,44799,False,> 127,8,alex,256,0.2870657742023468,0.026458216831088066,0.26060755737125874,0.06079559994395822,0.3614929999457672,2.0.0,restoration_eval.metrics_lpips,cuda,3.12.6,2.1.3,2.2.3,11.0.0,2.5.1+cu121,0.1.4,ok,
lama__canonical__canonical__p039_mixed_damage__mask_bbox_crop__lpips,lama__canonical__canonical__p039_mixed_damage,lama__canonical__canonical__p039_mixed_damage,lama__canonical__canonical__p039_mixed_damage,canonical__p039_mixed_damage,p039_mixed_damage,canonical__p039_mixed_damage,canonical,primary,p039,abstraction_surrealism,Painting with Troika,Wassily Kandinsky,,lama,p039_mixed_damage,mixed_damage,p039_mixed_damage,mixed_damage,mask_bbox_crop,589824,0,0,768,768,44799,False,> 127,8,alex,256,0.25176623463630676,0.020809736102819443,0.23095649853348732,0.06723420007620007,0.3614929999457672,2.0.0,restoration_eval.metrics_lpips,cuda,3.12.6,2.1.3,2.2.3,11.0.0,2.5.1+cu121,0.1.4,ok,
lama__canonical__canonical__p039_scratch_thin__full_image__lpips,lama__canonical__canonical__p039_scratch_thin,lama__canonical__canonical__p039_scratch_thin,lama__canonical__canonical__p039_scratch_thin,canonical__p039_scratch_thin,p039_scratch_thin,canonical__p039_scratch_thin,canonical,primary,p039,abstraction_surrealism,Painting with Troika,Wassily Kandinsky,,lama,p039_scratch_thin,scratch_thin,p039_scratch_thin,scratch_thin,full_image,589824,0,0,768,768,11005,False,> 127,8,alex,256,0.17342495918273926,0.0009289693553000689,0.1724959898274392,0.07085040002129972,0.38723160000517964,2.0.0,restoration_eval.metrics_lpips,cuda,3.12.6,2.1.3,2.2.3,11.0.0,2.5.1+cu121,0.1.4,ok,
lama__canonical__canonical__p039_scratch_thin__content_region__lpips,lama__canonical__canonical__p039_scratch_thin,lama__canonical__canonical__p039_scratch_thin,lama__canonical__canonical__p039_scratch_thin,canonical__p039_scratch_thin,p039_scratch_thin,canonical__p039_scratch_thin,canonical,primary,p039,abstraction_surrealism,Painting with Troika,Wassily Kandinsky,,lama,p039_scratch_thin,scratch_thin,p039_scratch_thin,scratch_thin,content_region,433152,0,102,768,666,11005,False,> 127,8,alex,256,0.22565804421901703,0.0014810189604759216,0.2241770252585411,0.061189500032924116,0.38723160000517964,2.0.0,restoration_eval.metrics_lpips,cuda,3.12.6,2.1.3,2.2.3,11.0.0,2.5.1+cu121,0.1.4,ok,
lama__canonical__canonical__p039_scratch_thin__mask_bbox_crop__lpips,lama__canonical__canonical__p039_scratch_thin,lama__canonical__canonical__p039_scratch_thin,lama__canonical__canonical__p039_scratch_thin,canonical__p039_scratch_thin,p039_scratch_thin,canonical__p039_scratch_thin,canonical,primary,p039,abstraction_surrealism,Painting with Troika,Wassily Kandinsky,,lama,p039_scratch_thin,scratch_thin,p039_scratch_thin,scratch_thin,mask_bbox_crop,589824,0,0,768,768,11005,False,> 127,8,alex,256,0.17342495918273926,0.0009289693553000689,0.1724959898274392,0.07364939991384745,0.38723160000517964,2.0.0,restoration_eval.metrics_lpips,cuda,3.12.6,2.1.3,2.2.3,11.0.0,2.5.1+cu121,0.1.4,ok,
lama__canonical__canonical__p039_zero_control__full_image__lpips,lama__canonical__canonical__p039_zero_control,lama__canonical__canonical__p039_zero_control,lama__canonical__canonical__p039_zero_control,canonical__p039_zero_control,p039_zero_control,canonical__p039_zero_control,canonical,primary,p039,abstraction_surrealism,Painting with Troika,Wassily Kandinsky,,lama,p039_zero_control,zero_control,p039_zero_control,zero_control,full_image,589824,0,0,768,768,0,True,> 127,8,alex,256,0.0,0.0,0.0,0.06316290004178882,0.27434500004164875,2.0.0,restoration_eval.metrics_lpips,cuda,3.12.6,2.1.3,2.2.3,11.0.0,2.5.1+cu121,0.1.4,ok,
lama__canonical__canonical__p039_zero_control__content_region__lpips,lama__canonical__canonical__p039_zero_control,lama__canonical__canonical__p039_zero_control,lama__canonical__canonical__p039_zero_control,canonical__p039_zero_control,p039_zero_control,canonical__p039_zero_control,canonical,primary,p039,abstraction_surrealism,Painting with Troika,Wassily Kandinsky,,lama,p039_zero_control,zero_control,p039_zero_control,zero_control,content_region,433152,0,102,768,666,0,True,> 127,8,alex,256,0.0,0.0,0.0,0.0653296000091359,0.27434500004164875,2.0.0,restoration_eval.metrics_lpips,cuda,3.12.6,2.1.3,2.2.3,11.0.0,2.5.1+cu121,0.1.4,ok,
lama__canonical__canonical__p040_loss_large__full_image__lpips,lama__canonical__canonical__p040_loss_large,lama__canonical__canonical__p040_loss_large,lama__canonical__canonical__p040_loss_large,canonical__p040_loss_large,p040_loss_large,canonical__p040_loss_large,canonical,primary,p040,abstraction_surrealism,Houses at Murnau,Wassily Kandinsky,,lama,p040_loss_large,loss_large,p040_loss_large,loss_large,full_image,589824,0,0,768,768,62428,False,> 127,8,alex,256,0.14404165744781494,0.06472116708755493,0.07932049036026001,0.07799380004871637,0.39903870003763586,2.0.0,restoration_eval.metrics_lpips,cuda,3.12.6,2.1.3,2.2.3,11.0.0,2.5.1+cu121,0.1.4,ok,
lama__canonical__canonical__p040_loss_large__content_region__lpips,lama__canonical__canonical__p040_loss_large,lama__canonical__canonical__p040_loss_large,lama__canonical__canonical__p040_loss_large,canonical__p040_loss_large,p040_loss_large,canonical__p040_loss_large,canonical,primary,p040,abstraction_surrealism,Houses at Murnau,Wassily Kandinsky,,lama,p040_loss_large,loss_large,p040_loss_large,loss_large,content_region,454656,0,88,768,680,62428,False,> 127,8,alex,256,0.18201984465122223,0.0838007852435112,0.09821905940771103,0.06008199998177588,0.39903870003763586,2.0.0,restoration_eval.metrics_lpips,cuda,3.12.6,2.1.3,2.2.3,11.0.0,2.5.1+cu121,0.1.4,ok,
lama__canonical__canonical__p040_loss_large__mask_bbox_crop__lpips,lama__canonical__canonical__p040_loss_large,lama__canonical__canonical__p040_loss_large,lama__canonical__canonical__p040_loss_large,canonical__p040_loss_large,p040_loss_large,canonical__p040_loss_large,canonical,primary,p040,abstraction_surrealism,Houses at Murnau,Wassily Kandinsky,,lama,p040_loss_large,loss_large,p040_loss_large,loss_large,mask_bbox_crop,128881,127,291,486,650,62428,False,> 127,8,alex,256,0.5326076745986938,0.2948791980743408,0.23772847652435303,0.06593919999431819,0.39903870003763586,2.0.0,restoration_eval.metrics_lpips,cuda,3.12.6,2.1.3,2.2.3,11.0.0,2.5.1+cu121,0.1.4,ok,
lama__canonical__canonical__p040_loss_small__full_image__lpips,lama__canonical__canonical__p040_loss_small,lama__canonical__canonical__p040_loss_small,lama__canonical__canonical__p040_loss_small,canonical__p040_loss_small,p040_loss_small,canonical__p040_loss_small,canonical,primary,p040,abstraction_surrealism,Houses at Murnau,Wassily Kandinsky,,lama,p040_loss_small,loss_small,p040_loss_small,loss_small,full_image,589824,0,0,768,768,18450,False,> 127,8,alex,256,0.12125351279973984,0.008652857504785061,0.11260065529495478,0.06684750004205853,0.3816239000298083,2.0.0,restoration_eval.metrics_lpips,cuda,3.12.6,2.1.3,2.2.3,11.0.0,2.5.1+cu121,0.1.4,ok,
lama__canonical__canonical__p040_loss_small__content_region__lpips,lama__canonical__canonical__p040_loss_small,lama__canonical__canonical__p040_loss_small,lama__canonical__canonical__p040_loss_small,canonical__p040_loss_small,p040_loss_small,canonical__p040_loss_small,canonical,primary,p040,abstraction_surrealism,Houses at Murnau,Wassily Kandinsky,,lama,p040_loss_small,loss_small,p040_loss_small,loss_small,content_region,454656,0,88,768,680,18450,False,> 127,8,alex,256,0.14907801151275635,0.011279908940196037,0.1377981025725603,0.06833539996296167,0.3816239000298083,2.0.0,restoration_eval.metrics_lpips,cuda,3.12.6,2.1.3,2.2.3,11.0.0,2.5.1+cu121,0.1.4,ok,
lama__canonical__canonical__p040_loss_small__mask_bbox_crop__lpips,lama__canonical__canonical__p040_loss_small,lama__canonical__canonical__p040_loss_small,lama__canonical__canonical__p040_loss_small,canonical__p040_loss_small,p040_loss_small,canonical__p040_loss_small,canonical,primary,p040,abstraction_surrealism,Houses at Murnau,Wassily Kandinsky,,lama,p040_loss_small,loss_small,p040_loss_small,loss_small,mask_bbox_crop,447561,39,39,708,708,18450,False,> 127,8,alex,256,0.1300656497478485,0.012244115583598614,0.1178215341642499,0.06930220010690391,0.3816239000298083,2.0.0,restoration_eval.metrics_lpips,cuda,3.12.6,2.1.3,2.2.3,11.0.0,2.5.1+cu121,0.1.4,ok,
lama__canonical__canonical__p040_mixed_damage__full_image__lpips,lama__canonical__canonical__p040_mixed_damage,lama__canonical__canonical__p040_mixed_damage,lama__canonical__canonical__p040_mixed_damage,canonical__p040_mixed_damage,p040_mixed_damage,canonical__p040_mixed_damage,canonical,primary,p040,abstraction_surrealism,Houses at Murnau,Wassily Kandinsky,,lama,p040_mixed_damage,mixed_damage,p040_mixed_damage,mixed_damage,full_image,589824,0,0,768,768,42202,False,> 127,8,alex,256,0.21121779084205627,0.02444833144545555,0.18676945939660072,0.06783710001036525,0.4116559000685811,2.0.0,restoration_eval.metrics_lpips,cuda,3.12.6,2.1.3,2.2.3,11.0.0,2.5.1+cu121,0.1.4,ok,
lama__canonical__canonical__p040_mixed_damage__content_region__lpips,lama__canonical__canonical__p040_mixed_damage,lama__canonical__canonical__p040_mixed_damage,lama__canonical__canonical__p040_mixed_damage,canonical__p040_mixed_damage,p040_mixed_damage,canonical__p040_mixed_damage,canonical,primary,p040,abstraction_surrealism,Houses at Murnau,Wassily Kandinsky,,lama,p040_mixed_damage,mixed_damage,p040_mixed_damage,mixed_damage,content_region,454656,0,88,768,680,42202,False,> 127,8,alex,256,0.23788465559482574,0.02973290905356407,0.20815174654126167,0.09039099991787225,0.4116559000685811,2.0.0,restoration_eval.metrics_lpips,cuda,3.12.6,2.1.3,2.2.3,11.0.0,2.5.1+cu121,0.1.4,ok,
lama__canonical__canonical__p040_mixed_damage__mask_bbox_crop__lpips,lama__canonical__canonical__p040_mixed_damage,lama__canonical__canonical__p040_mixed_damage,lama__canonical__canonical__p040_mixed_damage,canonical__p040_mixed_damage,p040_mixed_damage,canonical__p040_mixed_damage,canonical,primary,p040,abstraction_surrealism,Houses at Murnau,Wassily Kandinsky,,lama,p040_mixed_damage,mixed_damage,p040_mixed_damage,mixed_damage,mask_bbox_crop,589824,0,0,768,768,42202,False,> 127,8,alex,256,0.21121779084205627,0.02444833144545555,0.18676945939660072,0.08545630006119609,0.4116559000685811,2.0.0,restoration_eval.metrics_lpips,cuda,3.12.6,2.1.3,2.2.3,11.0.0,2.5.1+cu121,0.1.4,ok,
lama__canonical__canonical__p040_scratch_thin__full_image__lpips,lama__canonical__canonical__p040_scratch_thin,lama__canonical__canonical__p040_scratch_thin,lama__canonical__canonical__p040_scratch_thin,canonical__p040_scratch_thin,p040_scratch_thin,canonical__p040_scratch_thin,canonical,primary,p040,abstraction_surrealism,Houses at Murnau,Wassily Kandinsky,,lama,p040_scratch_thin,scratch_thin,p040_scratch_thin,scratch_thin,full_image,589824,0,0,768,768,11164,False,> 127,8,alex,256,0.21755871176719666,0.001475649420171976,0.21608306234702468,0.10548539995215833,0.45853040006477386,2.0.0,restoration_eval.metrics_lpips,cuda,3.12.6,2.1.3,2.2.3,11.0.0,2.5.1+cu121,0.1.4,ok,
lama__canonical__canonical__p040_scratch_thin__content_region__lpips,lama__canonical__canonical__p040_scratch_thin,lama__canonical__canonical__p040_scratch_thin,lama__canonical__canonical__p040_scratch_thin,canonical__p040_scratch_thin,p040_scratch_thin,canonical__p040_scratch_thin,canonical,primary,p040,abstraction_surrealism,Houses at Murnau,Wassily Kandinsky,,lama,p040_scratch_thin,scratch_thin,p040_scratch_thin,scratch_thin,content_region,454656,0,88,768,680,11164,False,> 127,8,alex,256,0.22572478652000427,0.0011735983425751328,0.22455118817742914,0.07794129999820143,0.45853040006477386,2.0.0,restoration_eval.metrics_lpips,cuda,3.12.6,2.1.3,2.2.3,11.0.0,2.5.1+cu121,0.1.4,ok,
lama__canonical__canonical__p040_scratch_thin__mask_bbox_crop__lpips,lama__canonical__canonical__p040_scratch_thin,lama__canonical__canonical__p040_scratch_thin,lama__canonical__canonical__p040_scratch_thin,canonical__p040_scratch_thin,p040_scratch_thin,canonical__p040_scratch_thin,canonical,primary,p040,abstraction_surrealism,Houses at Murnau,Wassily Kandinsky,,lama,p040_scratch_thin,scratch_thin,p040_scratch_thin,scratch_thin,mask_bbox_crop,547600,28,14,768,754,11164,False,> 127,8,alex,256,0.22387012839317322,0.0017798362532630563,0.22209029213991016,0.07312360010109842,0.45853040006477386,2.0.0,restoration_eval.metrics_lpips,cuda,3.12.6,2.1.3,2.2.3,11.0.0,2.5.1+cu121,0.1.4,ok,
lama__canonical__canonical__p040_zero_control__full_image__lpips,lama__canonical__canonical__p040_zero_control,lama__canonical__canonical__p040_zero_control,lama__canonical__canonical__p040_zero_control,canonical__p040_zero_control,p040_zero_control,canonical__p040_zero_control,canonical,primary,p040,abstraction_surrealism,Houses at Murnau,Wassily Kandinsky,,lama,p040_zero_control,zero_control,p040_zero_control,zero_control,full_image,589824,0,0,768,768,0,True,> 127,8,alex,256,0.0,0.0,0.0,0.06344629998784512,0.30572549998760223,2.0.0,restoration_eval.metrics_lpips,cuda,3.12.6,2.1.3,2.2.3,11.0.0,2.5.1+cu121,0.1.4,ok,
lama__canonical__canonical__p040_zero_control__content_region__lpips,lama__canonical__canonical__p040_zero_control,lama__canonical__canonical__p040_zero_control,lama__canonical__canonical__p040_zero_control,canonical__p040_zero_control,p040_zero_control,canonical__p040_zero_control,canonical,primary,p040,abstraction_surrealism,Houses at Murnau,Wassily Kandinsky,,lama,p040_zero_control,zero_control,p040_zero_control,zero_control,content_region,454656,0,88,768,680,0,True,> 127,8,alex,256,0.0,0.0,0.0,0.06229139992501587,0.30572549998760223,2.0.0,restoration_eval.metrics_lpips,cuda,3.12.6,2.1.3,2.2.3,11.0.0,2.5.1+cu121,0.1.4,ok,
lama__canonical__canonical__p041_loss_large__full_image__lpips,lama__canonical__canonical__p041_loss_large,lama__canonical__canonical__p041_loss_large,lama__canonical__canonical__p041_loss_large,canonical__p041_loss_large,p041_loss_large,canonical__p041_loss_large,canonical,primary,p041,high_texture_brushwork,Wheat Field with Cypresses,Vincent van Gogh,Post-Impressionism,lama,p041_loss_large,loss_large,p041_loss_large,loss_large,full_image,589824,0,0,768,768,54043,False,> 127,8,alex,256,0.15453746914863586,0.04184067249298096,0.11269679665565491,0.06610840000212193,0.3406966000329703,2.0.0,restoration_eval.metrics_lpips,cuda,3.12.6,2.1.3,2.2.3,11.0.0,2.5.1+cu121,0.1.4,ok,
lama__canonical__canonical__p041_loss_large__content_region__lpips,lama__canonical__canonical__p041_loss_large,lama__canonical__canonical__p041_loss_large,lama__canonical__canonical__p041_loss_large,canonical__p041_loss_large,p041_loss_large,canonical__p041_loss_large,canonical,primary,p041,high_texture_brushwork,Wheat Field with Cypresses,Vincent van Gogh,Post-Impressionism,lama,p041_loss_large,loss_large,p041_loss_large,loss_large,content_region,469248,0,78,768,689,54043,False,> 127,8,alex,256,0.19211307168006897,0.05246170610189438,0.1396513655781746,0.05599759996403009,0.3406966000329703,2.0.0,restoration_eval.metrics_lpips,cuda,3.12.6,2.1.3,2.2.3,11.0.0,2.5.1+cu121,0.1.4,ok,
lama__canonical__canonical__p041_loss_large__mask_bbox_crop__lpips,lama__canonical__canonical__p041_loss_large,lama__canonical__canonical__p041_loss_large,lama__canonical__canonical__p041_loss_large,canonical__p041_loss_large,p041_loss_large,canonical__p041_loss_large,canonical,primary,p041,high_texture_brushwork,Wheat Field with Cypresses,Vincent van Gogh,Post-Impressionism,lama,p041_loss_large,loss_large,p041_loss_large,loss_large,mask_bbox_crop,101761,120,168,439,487,54043,False,> 127,8,alex,256,0.5645933151245117,0.22846391797065735,0.33612939715385437,0.03217569994740188,0.3406966000329703,2.0.0,restoration_eval.metrics_lpips,cuda,3.12.6,2.1.3,2.2.3,11.0.0,2.5.1+cu121,0.1.4,ok,
lama__canonical__canonical__p041_loss_small__full_image__lpips,lama__canonical__canonical__p041_loss_small,lama__canonical__canonical__p041_loss_small,lama__canonical__canonical__p041_loss_small,canonical__p041_loss_small,p041_loss_small,canonical__p041_loss_small,canonical,primary,p041,high_texture_brushwork,Wheat Field with Cypresses,Vincent van Gogh,Post-Impressionism,lama,p041_loss_small,loss_small,p041_loss_small,loss_small,full_image,589824,0,0,768,768,19456,False,> 127,8,alex,256,0.1334802806377411,0.005267930682748556,0.12821234995499253,0.0654109000461176,0.3208857000572607,2.0.0,restoration_eval.metrics_lpips,cuda,3.12.6,2.1.3,2.2.3,11.0.0,2.5.1+cu121,0.1.4,ok,
lama__canonical__canonical__p041_loss_small__content_region__lpips,lama__canonical__canonical__p041_loss_small,lama__canonical__canonical__p041_loss_small,lama__canonical__canonical__p041_loss_small,canonical__p041_loss_small,p041_loss_small,canonical__p041_loss_small,canonical,primary,p041,high_texture_brushwork,Wheat Field with Cypresses,Vincent van Gogh,Post-Impressionism,lama,p041_loss_small,loss_small,p041_loss_small,loss_small,content_region,469248,0,78,768,689,19456,False,> 127,8,alex,256,0.16073621809482574,0.007029004395008087,0.15370721369981766,0.057435199967585504,0.3208857000572607,2.0.0,restoration_eval.metrics_lpips,cuda,3.12.6,2.1.3,2.2.3,11.0.0,2.5.1+cu121,0.1.4,ok,
lama__canonical__canonical__p041_loss_small__mask_bbox_crop__lpips,lama__canonical__canonical__p041_loss_small,lama__canonical__canonical__p041_loss_small,lama__canonical__canonical__p041_loss_small,canonical__p041_loss_small,p041_loss_small,canonical__p041_loss_small,canonical,primary,p041,high_texture_brushwork,Wheat Field with Cypresses,Vincent van Gogh,Post-Impressionism,lama,p041_loss_small,loss_small,p041_loss_small,loss_small,mask_bbox_crop,321489,66,90,633,657,19456,False,> 127,8,alex,256,0.20056530833244324,0.012644387781620026,0.1879209205508232,0.05266030004713684,0.3208857000572607,2.0.0,restoration_eval.metrics_lpips,cuda,3.12.6,2.1.3,2.2.3,11.0.0,2.5.1+cu121,0.1.4,ok,
lama__canonical__canonical__p041_mixed_damage__full_image__lpips,lama__canonical__canonical__p041_mixed_damage,lama__canonical__canonical__p041_mixed_damage,lama__canonical__canonical__p041_mixed_damage,canonical__p041_mixed_damage,p041_mixed_damage,canonical__p041_mixed_damage,canonical,primary,p041,high_texture_brushwork,Wheat Field with Cypresses,Vincent van Gogh,Post-Impressionism,lama,p041_mixed_damage,mixed_damage,p041_mixed_damage,mixed_damage,full_image,589824,0,0,768,768,51197,False,> 127,8,alex,256,0.33871182799339294,0.027080999687314034,0.3116308283060789,0.06611920008435845,0.32724289991892874,2.0.0,restoration_eval.metrics_lpips,cuda,3.12.6,2.1.3,2.2.3,11.0.0,2.5.1+cu121,0.1.4,ok,
lama__canonical__canonical__p041_mixed_damage__content_region__lpips,lama__canonical__canonical__p041_mixed_damage,lama__canonical__canonical__p041_mixed_damage,lama__canonical__canonical__p041_mixed_damage,canonical__p041_mixed_damage,p041_mixed_damage,canonical__p041_mixed_damage,canonical,primary,p041,high_texture_brushwork,Wheat Field with Cypresses,Vincent van Gogh,Post-Impressionism,lama,p041_mixed_damage,mixed_damage,p041_mixed_damage,mixed_damage,content_region,469248,0,78,768,689,51197,False,> 127,8,alex,256,0.38827991485595703,0.03463222086429596,0.35364769399166107,0.05724869994446635,0.32724289991892874,2.0.0,restoration_eval.metrics_lpips,cuda,3.12.6,2.1.3,2.2.3,11.0.0,2.5.1+cu121,0.1.4,ok,
lama__canonical__canonical__p041_mixed_damage__mask_bbox_crop__lpips,lama__canonical__canonical__p041_mixed_damage,lama__canonical__canonical__p041_mixed_damage,lama__canonical__canonical__p041_mixed_damage,canonical__p041_mixed_damage,p041_mixed_damage,canonical__p041_mixed_damage,canonical,primary,p041,high_texture_brushwork,Wheat Field with Cypresses,Vincent van Gogh,Post-Impressionism,lama,p041_mixed_damage,mixed_damage,p041_mixed_damage,mixed_damage,mask_bbox_crop,448900,98,48,768,718,51197,False,> 127,8,alex,256,0.4025152325630188,0.034549809992313385,0.3679654225707054,0.05685669998638332,0.32724289991892874,2.0.0,restoration_eval.metrics_lpips,cuda,3.12.6,2.1.3,2.2.3,11.0.0,2.5.1+cu121,0.1.4,ok,
lama__canonical__canonical__p041_scratch_thin__full_image__lpips,lama__canonical__canonical__p041_scratch_thin,lama__canonical__canonical__p041_scratch_thin,lama__canonical__canonical__p041_scratch_thin,canonical__p041_scratch_thin,p041_scratch_thin,canonical__p041_scratch_thin,canonical,primary,p041,high_texture_brushwork,Wheat Field with Cypresses,Vincent van Gogh,Post-Impressionism,lama,p041_scratch_thin,scratch_thin,p041_scratch_thin,scratch_thin,full_image,589824,0,0,768,768,12949,False,> 127,8,alex,256,0.29355549812316895,0.0023312948178499937,0.29122420330531895,0.06214139994699508,0.3389308999758214,2.0.0,restoration_eval.metrics_lpips,cuda,3.12.6,2.1.3,2.2.3,11.0.0,2.5.1+cu121,0.1.4,ok,
lama__canonical__canonical__p041_scratch_thin__content_region__lpips,lama__canonical__canonical__p041_scratch_thin,lama__canonical__canonical__p041_scratch_thin,lama__canonical__canonical__p041_scratch_thin,canonical__p041_scratch_thin,p041_scratch_thin,canonical__p041_scratch_thin,canonical,primary,p041,high_texture_brushwork,Wheat Field with Cypresses,Vincent van Gogh,Post-Impressionism,lama,p041_scratch_thin,scratch_thin,p041_scratch_thin,scratch_thin,content_region,469248,0,78,768,689,12949,False,> 127,8,alex,256,0.3310301899909973,0.00496792234480381,0.3260622676461935,0.062302000005729496,0.3389308999758214,2.0.0,restoration_eval.metrics_lpips,cuda,3.12.6,2.1.3,2.2.3,11.0.0,2.5.1+cu121,0.1.4,ok,
lama__canonical__canonical__p041_scratch_thin__mask_bbox_crop__lpips,lama__canonical__canonical__p041_scratch_thin,lama__canonical__canonical__p041_scratch_thin,lama__canonical__canonical__p041_scratch_thin,canonical__p041_scratch_thin,p041_scratch_thin,canonical__p041_scratch_thin,canonical,primary,p041,high_texture_brushwork,Wheat Field with Cypresses,Vincent van Gogh,Post-Impressionism,lama,p041_scratch_thin,scratch_thin,p041_scratch_thin,scratch_thin,mask_bbox_crop,522729,0,22,723,745,12949,False,> 127,8,alex,256,0.3138701319694519,0.0031966567039489746,0.31067347526550293,0.05919699999503791,0.3389308999758214,2.0.0,restoration_eval.metrics_lpips,cuda,3.12.6,2.1.3,2.2.3,11.0.0,2.5.1+cu121,0.1.4,ok,
lama__canonical__canonical__p041_zero_control__full_image__lpips,lama__canonical__canonical__p041_zero_control,lama__canonical__canonical__p041_zero_control,lama__canonical__canonical__p041_zero_control,canonical__p041_zero_control,p041_zero_control,canonical__p041_zero_control,canonical,primary,p041,high_texture_brushwork,Wheat Field with Cypresses,Vincent van Gogh,Post-Impressionism,lama,p041_zero_control,zero_control,p041_zero_control,zero_control,full_image,589824,0,0,768,768,0,True,> 127,8,alex,256,0.0,0.0,0.0,0.0626327000791207,0.2548786000115797,2.0.0,restoration_eval.metrics_lpips,cuda,3.12.6,2.1.3,2.2.3,11.0.0,2.5.1+cu121,0.1.4,ok,
lama__canonical__canonical__p041_zero_control__content_region__lpips,lama__canonical__canonical__p041_zero_control,lama__canonical__canonical__p041_zero_control,lama__canonical__canonical__p041_zero_control,canonical__p041_zero_control,p041_zero_control,canonical__p041_zero_control,canonical,primary,p041,high_texture_brushwork,Wheat Field with Cypresses,Vincent van Gogh,Post-Impressionism,lama,p041_zero_control,zero_control,p041_zero_control,zero_control,content_region,469248,0,78,768,689,0,True,> 127,8,alex,256,0.0,0.0,0.0,0.055776000022888184,0.2548786000115797,2.0.0,restoration_eval.metrics_lpips,cuda,3.12.6,2.1.3,2.2.3,11.0.0,2.5.1+cu121,0.1.4,ok,
lama__canonical__canonical__p042_loss_large__full_image__lpips,lama__canonical__canonical__p042_loss_large,lama__canonical__canonical__p042_loss_large,lama__canonical__canonical__p042_loss_large,canonical__p042_loss_large,p042_loss_large,canonical__p042_loss_large,canonical,primary,p042,high_texture_brushwork,View of Beirut,Jules Coignet,,lama,p042_loss_large,loss_large,p042_loss_large,loss_large,full_image,589824,0,0,768,768,41198,False,> 127,8,alex,256,0.1277151107788086,0.002305980073288083,0.1254091307055205,0.07026599999517202,0.3586998999817297,2.0.0,restoration_eval.metrics_lpips,cuda,3.12.6,2.1.3,2.2.3,11.0.0,2.5.1+cu121,0.1.4,ok,
lama__canonical__canonical__p042_loss_large__content_region__lpips,lama__canonical__canonical__p042_loss_large,lama__canonical__canonical__p042_loss_large,lama__canonical__canonical__p042_loss_large,canonical__p042_loss_large,p042_loss_large,canonical__p042_loss_large,canonical,primary,p042,high_texture_brushwork,View of Beirut,Jules Coignet,,lama,p042_loss_large,loss_large,p042_loss_large,loss_large,content_region,379392,0,137,768,631,41198,False,> 127,8,alex,256,0.2112281620502472,0.0042588612996041775,0.20696930075064301,0.06313090003095567,0.3586998999817297,2.0.0,restoration_eval.metrics_lpips,cuda,3.12.6,2.1.3,2.2.3,11.0.0,2.5.1+cu121,0.1.4,ok,
lama__canonical__canonical__p042_loss_large__mask_bbox_crop__lpips,lama__canonical__canonical__p042_loss_large,lama__canonical__canonical__p042_loss_large,lama__canonical__canonical__p042_loss_large,canonical__p042_loss_large,p042_loss_large,canonical__p042_loss_large,canonical,primary,p042,high_texture_brushwork,View of Beirut,Jules Coignet,,lama,p042_loss_large,loss_large,p042_loss_large,loss_large,mask_bbox_crop,119716,395,173,741,519,41198,False,> 127,8,alex,256,0.4648437201976776,0.02343662455677986,0.44140709564089775,0.05398079997394234,0.3586998999817297,2.0.0,restoration_eval.metrics_lpips,cuda,3.12.6,2.1.3,2.2.3,11.0.0,2.5.1+cu121,0.1.4,ok,
lama__canonical__canonical__p042_loss_small__full_image__lpips,lama__canonical__canonical__p042_loss_small,lama__canonical__canonical__p042_loss_small,lama__canonical__canonical__p042_loss_small,canonical__p042_loss_small,p042_loss_small,canonical__p042_loss_small,canonical,primary,p042,high_texture_brushwork,View of Beirut,Jules Coignet,,lama,p042_loss_small,loss_small,p042_loss_small,loss_small,full_image,589824,0,0,768,768,12656,False,> 127,8,alex,256,0.1308668702840805,0.004566790536046028,0.12630007974803448,0.07075210008770227,0.32856719999108464,2.0.0,restoration_eval.metrics_lpips,cuda,3.12.6,2.1.3,2.2.3,11.0.0,2.5.1+cu121,0.1.4,ok,
lama__canonical__canonical__p042_loss_small__content_region__lpips,lama__canonical__canonical__p042_loss_small,lama__canonical__canonical__p042_loss_small,lama__canonical__canonical__p042_loss_small,canonical__p042_loss_small,p042_loss_small,canonical__p042_loss_small,canonical,primary,p042,high_texture_brushwork,View of Beirut,Jules Coignet,,lama,p042_loss_small,loss_small,p042_loss_small,loss_small,content_region,379392,0,137,768,631,12656,False,> 127,8,alex,256,0.18363121151924133,0.006465326063334942,0.1771658854559064,0.06165380007587373,0.32856719999108464,2.0.0,restoration_eval.metrics_lpips,cuda,3.12.6,2.1.3,2.2.3,11.0.0,2.5.1+cu121,0.1.4,ok,
lama__canonical__canonical__p042_loss_small__mask_bbox_crop__lpips,lama__canonical__canonical__p042_loss_small,lama__canonical__canonical__p042_loss_small,lama__canonical__canonical__p042_loss_small,canonical__p042_loss_small,p042_loss_small,canonical__p042_loss_small,canonical,primary,p042,high_texture_brushwork,View of Beirut,Jules Coignet,,lama,p042_loss_small,loss_small,p042_loss_small,loss_small,mask_bbox_crop,198916,223,206,669,652,12656,False,> 127,8,alex,256,0.2272500991821289,0.017487090080976486,0.20976300910115242,0.04997179994825274,0.32856719999108464,2.0.0,restoration_eval.metrics_lpips,cuda,3.12.6,2.1.3,2.2.3,11.0.0,2.5.1+cu121,0.1.4,ok,
lama__canonical__canonical__p042_mixed_damage__full_image__lpips,lama__canonical__canonical__p042_mixed_damage,lama__canonical__canonical__p042_mixed_damage,lama__canonical__canonical__p042_mixed_damage,canonical__p042_mixed_damage,p042_mixed_damage,canonical__p042_mixed_damage,canonical,primary,p042,high_texture_brushwork,View of Beirut,Jules Coignet,,lama,p042_mixed_damage,mixed_damage,p042_mixed_damage,mixed_damage,full_image,589824,0,0,768,768,40981,False,> 127,8,alex,256,0.25995755195617676,0.00418665399774909,0.25577089795842767,0.08014919993001968,0.3799783999565989,2.0.0,restoration_eval.metrics_lpips,cuda,3.12.6,2.1.3,2.2.3,11.0.0,2.5.1+cu121,0.1.4,ok,
lama__canonical__canonical__p042_mixed_damage__content_region__lpips,lama__canonical__canonical__p042_mixed_damage,lama__canonical__canonical__p042_mixed_damage,lama__canonical__canonical__p042_mixed_damage,canonical__p042_mixed_damage,p042_mixed_damage,canonical__p042_mixed_damage,canonical,primary,p042,high_texture_brushwork,View of Beirut,Jules Coignet,,lama,p042_mixed_damage,mixed_damage,p042_mixed_damage,mixed_damage,content_region,379392,0,137,768,631,40981,False,> 127,8,alex,256,0.39966654777526855,0.007766420021653175,0.3919001277536154,0.07058950001373887,0.3799783999565989,2.0.0,restoration_eval.metrics_lpips,cuda,3.12.6,2.1.3,2.2.3,11.0.0,2.5.1+cu121,0.1.4,ok,
lama__canonical__canonical__p042_mixed_damage__mask_bbox_crop__lpips,lama__canonical__canonical__p042_mixed_damage,lama__canonical__canonical__p042_mixed_damage,lama__canonical__canonical__p042_mixed_damage,canonical__p042_mixed_damage,p042_mixed_damage,canonical__p042_mixed_damage,canonical,primary,p042,high_texture_brushwork,View of Beirut,Jules Coignet,,lama,p042_mixed_damage,mixed_damage,p042_mixed_damage,mixed_damage,mask_bbox_crop,589824,0,0,768,768,40981,False,> 127,8,alex,256,0.25995755195617676,0.00418665399774909,0.25577089795842767,0.0766815000679344,0.3799783999565989,2.0.0,restoration_eval.metrics_lpips,cuda,3.12.6,2.1.3,2.2.3,11.0.0,2.5.1+cu121,0.1.4,ok,
lama__canonical__canonical__p042_scratch_thin__full_image__lpips,lama__canonical__canonical__p042_scratch_thin,lama__canonical__canonical__p042_scratch_thin,lama__canonical__canonical__p042_scratch_thin,canonical__p042_scratch_thin,p042_scratch_thin,canonical__p042_scratch_thin,canonical,primary,p042,high_texture_brushwork,View of Beirut,Jules Coignet,,lama,p042_scratch_thin,scratch_thin,p042_scratch_thin,scratch_thin,full_image,589824,0,0,768,768,8067,False,> 127,8,alex,256,0.19515040516853333,0.005277659744024277,0.18987274542450905,0.07392690004780889,0.3384527999442071,2.0.0,restoration_eval.metrics_lpips,cuda,3.12.6,2.1.3,2.2.3,11.0.0,2.5.1+cu121,0.1.4,ok,
lama__canonical__canonical__p042_scratch_thin__content_region__lpips,lama__canonical__canonical__p042_scratch_thin,lama__canonical__canonical__p042_scratch_thin,lama__canonical__canonical__p042_scratch_thin,canonical__p042_scratch_thin,p042_scratch_thin,canonical__p042_scratch_thin,canonical,primary,p042,high_texture_brushwork,View of Beirut,Jules Coignet,,lama,p042_scratch_thin,scratch_thin,p042_scratch_thin,scratch_thin,content_region,379392,0,137,768,631,8067,False,> 127,8,alex,256,0.31746482849121094,0.01795160211622715,0.2995132263749838,0.0554075000109151,0.3384527999442071,2.0.0,restoration_eval.metrics_lpips,cuda,3.12.6,2.1.3,2.2.3,11.0.0,2.5.1+cu121,0.1.4,ok,
lama__canonical__canonical__p042_scratch_thin__mask_bbox_crop__lpips,lama__canonical__canonical__p042_scratch_thin,lama__canonical__canonical__p042_scratch_thin,lama__canonical__canonical__p042_scratch_thin,canonical__p042_scratch_thin,p042_scratch_thin,canonical__p042_scratch_thin,canonical,primary,p042,high_texture_brushwork,View of Beirut,Jules Coignet,,lama,p042_scratch_thin,scratch_thin,p042_scratch_thin,scratch_thin,mask_bbox_crop,470596,82,77,768,763,8067,False,> 127,8,alex,256,0.24167749285697937,0.009278126992285252,0.23239936586469412,0.06281579995993525,0.3384527999442071,2.0.0,restoration_eval.metrics_lpips,cuda,3.12.6,2.1.3,2.2.3,11.0.0,2.5.1+cu121,0.1.4,ok,
lama__canonical__canonical__p042_zero_control__full_image__lpips,lama__canonical__canonical__p042_zero_control,lama__canonical__canonical__p042_zero_control,lama__canonical__canonical__p042_zero_control,canonical__p042_zero_control,p042_zero_control,canonical__p042_zero_control,canonical,primary,p042,high_texture_brushwork,View of Beirut,Jules Coignet,,lama,p042_zero_control,zero_control,p042_zero_control,zero_control,full_image,589824,0,0,768,768,0,True,> 127,8,alex,256,0.0,0.0,0.0,0.06909570004791021,0.2656289000296965,2.0.0,restoration_eval.metrics_lpips,cuda,3.12.6,2.1.3,2.2.3,11.0.0,2.5.1+cu121,0.1.4,ok,
lama__canonical__canonical__p042_zero_control__content_region__lpips,lama__canonical__canonical__p042_zero_control,lama__canonical__canonical__p042_zero_control,lama__canonical__canonical__p042_zero_control,canonical__p042_zero_control,p042_zero_control,canonical__p042_zero_control,canonical,primary,p042,high_texture_brushwork,View of Beirut,Jules Coignet,,lama,p042_zero_control,zero_control,p042_zero_control,zero_control,content_region,379392,0,137,768,631,0,True,> 127,8,alex,256,0.0,0.0,0.0,0.06779040000401437,0.2656289000296965,2.0.0,restoration_eval.metrics_lpips,cuda,3.12.6,2.1.3,2.2.3,11.0.0,2.5.1+cu121,0.1.4,ok,
lama__canonical__canonical__p043_loss_large__full_image__lpips,lama__canonical__canonical__p043_loss_large,lama__canonical__canonical__p043_loss_large,lama__canonical__canonical__p043_loss_large,canonical__p043_loss_large,p043_loss_large,canonical__p043_loss_large,canonical,primary,p043,high_texture_brushwork,The Card Players,Paul Cézanne,Post-Impressionism,lama,p043_loss_large,loss_large,p043_loss_large,loss_large,full_image,589824,0,0,768,768,64562,False,> 127,8,alex,256,0.1597621589899063,0.060625869780778885,0.09913628920912743,0.06785460002720356,0.3681055000051856,2.0.0,restoration_eval.metrics_lpips,cuda,3.12.6,2.1.3,2.2.3,11.0.0,2.5.1+cu121,0.1.4,ok,
lama__canonical__canonical__p043_loss_large__content_region__lpips,lama__canonical__canonical__p043_loss_large,lama__canonical__canonical__p043_loss_large,lama__canonical__canonical__p043_loss_large,canonical__p043_loss_large,p043_loss_large,canonical__p043_loss_large,canonical,primary,p043,high_texture_brushwork,The Card Players,Paul Cézanne,Post-Impressionism,lama,p043_loss_large,loss_large,p043_loss_large,loss_large,content_region,469248,0,78,768,689,64562,False,> 127,8,alex,256,0.1927686631679535,0.07785651087760925,0.11491215229034424,0.060007299995049834,0.3681055000051856,2.0.0,restoration_eval.metrics_lpips,cuda,3.12.6,2.1.3,2.2.3,11.0.0,2.5.1+cu121,0.1.4,ok,
lama__canonical__canonical__p043_loss_large__mask_bbox_crop__lpips,lama__canonical__canonical__p043_loss_large,lama__canonical__canonical__p043_loss_large,lama__canonical__canonical__p043_loss_large,canonical__p043_loss_large,p043_loss_large,canonical__p043_loss_large,canonical,primary,p043,high_texture_brushwork,The Card Players,Paul Cézanne,Post-Impressionism,lama,p043_loss_large,loss_large,p043_loss_large,loss_large,mask_bbox_crop,113569,31,185,368,522,64562,False,> 127,8,alex,256,0.6423620581626892,0.344364196062088,0.2979978621006012,0.03995040000882,0.3681055000051856,2.0.0,restoration_eval.metrics_lpips,cuda,3.12.6,2.1.3,2.2.3,11.0.0,2.5.1+cu121,0.1.4,ok,
lama__canonical__canonical__p043_loss_small__full_image__lpips,lama__canonical__canonical__p043_loss_small,lama__canonical__canonical__p043_loss_small,lama__canonical__canonical__p043_loss_small,canonical__p043_loss_small,p043_loss_small,canonical__p043_loss_small,canonical,primary,p043,high_texture_brushwork,The Card Players,Paul Cézanne,Post-Impressionism,lama,p043_loss_small,loss_small,p043_loss_small,loss_small,full_image,589824,0,0,768,768,14983,False,> 127,8,alex,256,0.09379742294549942,0.006526775658130646,0.08727064728736877,0.07444150000810623,0.36389290005899966,2.0.0,restoration_eval.metrics_lpips,cuda,3.12.6,2.1.3,2.2.3,11.0.0,2.5.1+cu121,0.1.4,ok,
lama__canonical__canonical__p043_loss_small__content_region__lpips,lama__canonical__canonical__p043_loss_small,lama__canonical__canonical__p043_loss_small,lama__canonical__canonical__p043_loss_small,canonical__p043_loss_small,p043_loss_small,canonical__p043_loss_small,canonical,primary,p043,high_texture_brushwork,The Card Players,Paul Cézanne,Post-Impressionism,lama,p043_loss_small,loss_small,p043_loss_small,loss_small,content_region,469248,0,78,768,689,14983,False,> 127,8,alex,256,0.10544030368328094,0.009593086317181587,0.09584721736609936,0.06183160003274679,0.36389290005899966,2.0.0,restoration_eval.metrics_lpips,cuda,3.12.6,2.1.3,2.2.3,11.0.0,2.5.1+cu121,0.1.4,ok,
lama__canonical__canonical__p043_loss_small__mask_bbox_crop__lpips,lama__canonical__canonical__p043_loss_small,lama__canonical__canonical__p043_loss_small,lama__canonical__canonical__p043_loss_small,canonical__p043_loss_small,p043_loss_small,canonical__p043_loss_small,canonical,primary,p043,high_texture_brushwork,The Card Players,Paul Cézanne,Post-Impressionism,lama,p043_loss_small,loss_small,p043_loss_small,loss_small,mask_bbox_crop,265225,164,103,679,618,14983,False,> 127,8,alex,256,0.13385728001594543,0.015705177560448647,0.11815210245549679,0.06019720004405826,0.36389290005899966,2.0.0,restoration_eval.metrics_lpips,cuda,3.12.6,2.1.3,2.2.3,11.0.0,2.5.1+cu121,0.1.4,ok,
lama__canonical__canonical__p043_mixed_damage__full_image__lpips,lama__canonical__canonical__p043_mixed_damage,lama__canonical__canonical__p043_mixed_damage,lama__canonical__canonical__p043_mixed_damage,canonical__p043_mixed_damage,p043_mixed_damage,canonical__p043_mixed_damage,canonical,primary,p043,high_texture_brushwork,The Card Players,Paul Cézanne,Post-Impressionism,lama,p043_mixed_damage,mixed_damage,p043_mixed_damage,mixed_damage,full_image,589824,0,0,768,768,50181,False,> 127,8,alex,256,0.32782068848609924,0.028726015239953995,0.29909467324614525,0.07303259999025613,0.385681499959901,2.0.0,restoration_eval.metrics_lpips,cuda,3.12.6,2.1.3,2.2.3,11.0.0,2.5.1+cu121,0.1.4,ok,
lama__canonical__canonical__p043_mixed_damage__content_region__lpips,lama__canonical__canonical__p043_mixed_damage,lama__canonical__canonical__p043_mixed_damage,lama__canonical__canonical__p043_mixed_damage,canonical__p043_mixed_damage,p043_mixed_damage,canonical__p043_mixed_damage,canonical,primary,p043,high_texture_brushwork,The Card Players,Paul Cézanne,Post-Impressionism,lama,p043_mixed_damage,mixed_damage,p043_mixed_damage,mixed_damage,content_region,469248,0,78,768,689,50181,False,> 127,8,alex,256,0.3685510754585266,0.03513658791780472,0.3334144875407219,0.07412790006492287,0.385681499959901,2.0.0,restoration_eval.metrics_lpips,cuda,3.12.6,2.1.3,2.2.3,11.0.0,2.5.1+cu121,0.1.4,ok,
lama__canonical__canonical__p043_mixed_damage__mask_bbox_crop__lpips,lama__canonical__canonical__p043_mixed_damage,lama__canonical__canonical__p043_mixed_damage,lama__canonical__canonical__p043_mixed_damage,canonical__p043_mixed_damage,p043_mixed_damage,canonical__p043_mixed_damage,canonical,primary,p043,high_texture_brushwork,The Card Players,Paul Cézanne,Post-Impressionism,lama,p043_mixed_damage,mixed_damage,p043_mixed_damage,mixed_damage,mask_bbox_crop,589824,0,0,768,768,50181,False,> 127,8,alex,256,0.32782068848609924,0.028726015239953995,0.29909467324614525,0.07593829999677837,0.385681499959901,2.0.0,restoration_eval.metrics_lpips,cuda,3.12.6,2.1.3,2.2.3,11.0.0,2.5.1+cu121,0.1.4,ok,
lama__canonical__canonical__p043_scratch_thin__full_image__lpips,lama__canonical__canonical__p043_scratch_thin,lama__canonical__canonical__p043_scratch_thin,lama__canonical__canonical__p043_scratch_thin,canonical__p043_scratch_thin,p043_scratch_thin,canonical__p043_scratch_thin,canonical,primary,p043,high_texture_brushwork,The Card Players,Paul Cézanne,Post-Impressionism,lama,p043_scratch_thin,scratch_thin,p043_scratch_thin,scratch_thin,full_image,589824,0,0,768,768,6818,False,> 127,8,alex,256,0.15632963180541992,0.0007209980394691229,0.1556086337659508,0.06879940000362694,0.3665547000709921,2.0.0,restoration_eval.metrics_lpips,cuda,3.12.6,2.1.3,2.2.3,11.0.0,2.5.1+cu121,0.1.4,ok,
lama__canonical__canonical__p043_scratch_thin__content_region__lpips,lama__canonical__canonical__p043_scratch_thin,lama__canonical__canonical__p043_scratch_thin,lama__canonical__canonical__p043_scratch_thin,canonical__p043_scratch_thin,p043_scratch_thin,canonical__p043_scratch_thin,canonical,primary,p043,high_texture_brushwork,The Card Players,Paul Cézanne,Post-Impressionism,lama,p043_scratch_thin,scratch_thin,p043_scratch_thin,scratch_thin,content_region,469248,0,78,768,689,6818,False,> 127,8,alex,256,0.16949562728405,0.0008936458034440875,0.1686019814806059,0.06569849990773946,0.3665547000709921,2.0.0,restoration_eval.metrics_lpips,cuda,3.12.6,2.1.3,2.2.3,11.0.0,2.5.1+cu121,0.1.4,ok,
lama__canonical__canonical__p043_scratch_thin__mask_bbox_crop__lpips,lama__canonical__canonical__p043_scratch_thin,lama__canonical__canonical__p043_scratch_thin,lama__canonical__canonical__p043_scratch_thin,canonical__p043_scratch_thin,p043_scratch_thin,canonical__p043_scratch_thin,canonical,primary,p043,high_texture_brushwork,The Card Players,Paul Cézanne,Post-Impressionism,lama,p043_scratch_thin,scratch_thin,p043_scratch_thin,scratch_thin,mask_bbox_crop,455625,0,40,675,715,6818,False,> 127,8,alex,256,0.18474240601062775,0.0010671757627278566,0.1836752302478999,0.06609369989018887,0.3665547000709921,2.0.0,restoration_eval.metrics_lpips,cuda,3.12.6,2.1.3,2.2.3,11.0.0,2.5.1+cu121,0.1.4,ok,
lama__canonical__canonical__p043_zero_control__full_image__lpips,lama__canonical__canonical__p043_zero_control,lama__canonical__canonical__p043_zero_control,lama__canonical__canonical__p043_zero_control,canonical__p043_zero_control,p043_zero_control,canonical__p043_zero_control,canonical,primary,p043,high_texture_brushwork,The Card Players,Paul Cézanne,Post-Impressionism,lama,p043_zero_control,zero_control,p043_zero_control,zero_control,full_image,589824,0,0,768,768,0,True,> 127,8,alex,256,0.0,0.0,0.0,0.07514229998923838,0.2975734000792727,2.0.0,restoration_eval.metrics_lpips,cuda,3.12.6,2.1.3,2.2.3,11.0.0,2.5.1+cu121,0.1.4,ok,
lama__canonical__canonical__p043_zero_control__content_region__lpips,lama__canonical__canonical__p043_zero_control,lama__canonical__canonical__p043_zero_control,lama__canonical__canonical__p043_zero_control,canonical__p043_zero_control,p043_zero_control,canonical__p043_zero_control,canonical,primary,p043,high_texture_brushwork,The Card Players,Paul Cézanne,Post-Impressionism,lama,p043_zero_control,zero_control,p043_zero_control,zero_control,content_region,469248,0,78,768,689,0,True,> 127,8,alex,256,0.0,0.0,0.0,0.06983610009774566,0.2975734000792727,2.0.0,restoration_eval.metrics_lpips,cuda,3.12.6,2.1.3,2.2.3,11.0.0,2.5.1+cu121,0.1.4,ok,
lama__canonical__canonical__p044_loss_large__full_image__lpips,lama__canonical__canonical__p044_loss_large,lama__canonical__canonical__p044_loss_large,lama__canonical__canonical__p044_loss_large,canonical__p044_loss_large,p044_loss_large,canonical__p044_loss_large,canonical,primary,p044,high_texture_brushwork,Versailles,Auguste Renoir,Impressionism,lama,p044_loss_large,loss_large,p044_loss_large,loss_large,full_image,589824,0,0,768,768,57276,False,> 127,8,alex,256,0.2144266813993454,0.049751900136470795,0.1646747812628746,0.0739047999959439,0.37493380007799715,2.0.0,restoration_eval.metrics_lpips,cuda,3.12.6,2.1.3,2.2.3,11.0.0,2.5.1+cu121,0.1.4,ok,
lama__canonical__canonical__p044_loss_large__content_region__lpips,lama__canonical__canonical__p044_loss_large,lama__canonical__canonical__p044_loss_large,lama__canonical__canonical__p044_loss_large,canonical__p044_loss_large,p044_loss_large,canonical__p044_loss_large,canonical,primary,p044,high_texture_brushwork,Versailles,Auguste Renoir,Impressionism,lama,p044_loss_large,loss_large,p044_loss_large,loss_large,content_region,492288,0,63,768,704,57276,False,> 127,8,alex,256,0.2555125951766968,0.06002809852361679,0.19548449665308,0.0652492999797687,0.37493380007799715,2.0.0,restoration_eval.metrics_lpips,cuda,3.12.6,2.1.3,2.2.3,11.0.0,2.5.1+cu121,0.1.4,ok,
lama__canonical__canonical__p044_loss_large__mask_bbox_crop__lpips,lama__canonical__canonical__p044_loss_large,lama__canonical__canonical__p044_loss_large,lama__canonical__canonical__p044_loss_large,canonical__p044_loss_large,p044_loss_large,canonical__p044_loss_large,canonical,primary,p044,high_texture_brushwork,Versailles,Auguste Renoir,Impressionism,lama,p044_loss_large,loss_large,p044_loss_large,loss_large,mask_bbox_crop,106276,136,122,462,448,57276,False,> 127,8,alex,256,0.7665926218032837,0.23546066880226135,0.5311319530010223,0.042592399986460805,0.37493380007799715,2.0.0,restoration_eval.metrics_lpips,cuda,3.12.6,2.1.3,2.2.3,11.0.0,2.5.1+cu121,0.1.4,ok,
lama__canonical__canonical__p044_loss_small__full_image__lpips,lama__canonical__canonical__p044_loss_small,lama__canonical__canonical__p044_loss_small,lama__canonical__canonical__p044_loss_small,canonical__p044_loss_small,p044_loss_small,canonical__p044_loss_small,canonical,primary,p044,high_texture_brushwork,Versailles,Auguste Renoir,Impressionism,lama,p044_loss_small,loss_small,p044_loss_small,loss_small,full_image,589824,0,0,768,768,19904,False,> 127,8,alex,256,0.13232505321502686,0.004627406131476164,0.1276976470835507,0.07249060005415231,0.3539524000370875,2.0.0,restoration_eval.metrics_lpips,cuda,3.12.6,2.1.3,2.2.3,11.0.0,2.5.1+cu121,0.1.4,ok,
lama__canonical__canonical__p044_loss_small__content_region__lpips,lama__canonical__canonical__p044_loss_small,lama__canonical__canonical__p044_loss_small,lama__canonical__canonical__p044_loss_small,canonical__p044_loss_small,p044_loss_small,canonical__p044_loss_small,canonical,primary,p044,high_texture_brushwork,Versailles,Auguste Renoir,Impressionism,lama,p044_loss_small,loss_small,p044_loss_small,loss_small,content_region,492288,0,63,768,704,19904,False,> 127,8,alex,256,0.16079600155353546,0.004824045114219189,0.15597195643931627,0.0730532999150455,0.3539524000370875,2.0.0,restoration_eval.metrics_lpips,cuda,3.12.6,2.1.3,2.2.3,11.0.0,2.5.1+cu121,0.1.4,ok,
lama__canonical__canonical__p044_loss_small__mask_bbox_crop__lpips,lama__canonical__canonical__p044_loss_small,lama__canonical__canonical__p044_loss_small,lama__canonical__canonical__p044_loss_small,canonical__p044_loss_small,p044_loss_small,canonical__p044_loss_small,canonical,primary,p044,high_texture_brushwork,Versailles,Auguste Renoir,Impressionism,lama,p044_loss_small,loss_small,p044_loss_small,loss_small,mask_bbox_crop,332929,191,81,768,658,19904,False,> 127,8,alex,256,0.21783167123794556,0.009951739571988583,0.20787993166595697,0.061964399996213615,0.3539524000370875,2.0.0,restoration_eval.metrics_lpips,cuda,3.12.6,2.1.3,2.2.3,11.0.0,2.5.1+cu121,0.1.4,ok,
lama__canonical__canonical__p044_mixed_damage__full_image__lpips,lama__canonical__canonical__p044_mixed_damage,lama__canonical__canonical__p044_mixed_damage,lama__canonical__canonical__p044_mixed_damage,canonical__p044_mixed_damage,p044_mixed_damage,canonical__p044_mixed_damage,canonical,primary,p044,high_texture_brushwork,Versailles,Auguste Renoir,Impressionism,lama,p044_mixed_damage,mixed_damage,p044_mixed_damage,mixed_damage,full_image,589824,0,0,768,768,42711,False,> 127,8,alex,256,0.37548649311065674,0.022046301513910294,0.35344019159674644,0.07713410002179444,0.4072726999875158,2.0.0,restoration_eval.metrics_lpips,cuda,3.12.6,2.1.3,2.2.3,11.0.0,2.5.1+cu121,0.1.4,ok,
lama__canonical__canonical__p044_mixed_damage__content_region__lpips,lama__canonical__canonical__p044_mixed_damage,lama__canonical__canonical__p044_mixed_damage,lama__canonical__canonical__p044_mixed_damage,canonical__p044_mixed_damage,p044_mixed_damage,canonical__p044_mixed_damage,canonical,primary,p044,high_texture_brushwork,Versailles,Auguste Renoir,Impressionism,lama,p044_mixed_damage,mixed_damage,p044_mixed_damage,mixed_damage,content_region,492288,0,63,768,704,42711,False,> 127,8,alex,256,0.4255814850330353,0.030848313122987747,0.39473317191004753,0.08481450006365776,0.4072726999875158,2.0.0,restoration_eval.metrics_lpips,cuda,3.12.6,2.1.3,2.2.3,11.0.0,2.5.1+cu121,0.1.4,ok,
lama__canonical__canonical__p044_mixed_damage__mask_bbox_crop__lpips,lama__canonical__canonical__p044_mixed_damage,lama__canonical__canonical__p044_mixed_damage,lama__canonical__canonical__p044_mixed_damage,canonical__p044_mixed_damage,p044_mixed_damage,canonical__p044_mixed_damage,canonical,primary,p044,high_texture_brushwork,Versailles,Auguste Renoir,Impressionism,lama,p044_mixed_damage,mixed_damage,p044_mixed_damage,mixed_damage,mask_bbox_crop,589824,0,0,768,768,42711,False,> 127,8,alex,256,0.37548649311065674,0.022046301513910294,0.35344019159674644,0.07653900003060699,0.4072726999875158,2.0.0,restoration_eval.metrics_lpips,cuda,3.12.6,2.1.3,2.2.3,11.0.0,2.5.1+cu121,0.1.4,ok,
lama__canonical__canonical__p044_scratch_thin__full_image__lpips,lama__canonical__canonical__p044_scratch_thin,lama__canonical__canonical__p044_scratch_thin,lama__canonical__canonical__p044_scratch_thin,canonical__p044_scratch_thin,p044_scratch_thin,canonical__p044_scratch_thin,canonical,primary,p044,high_texture_brushwork,Versailles,Auguste Renoir,Impressionism,lama,p044_scratch_thin,scratch_thin,p044_scratch_thin,scratch_thin,full_image,589824,0,0,768,768,7833,False,> 127,8,alex,256,0.27847743034362793,0.0005146607290953398,0.2779627696145326,0.07199610001407564,0.3726461000042036,2.0.0,restoration_eval.metrics_lpips,cuda,3.12.6,2.1.3,2.2.3,11.0.0,2.5.1+cu121,0.1.4,ok,
lama__canonical__canonical__p044_scratch_thin__content_region__lpips,lama__canonical__canonical__p044_scratch_thin,lama__canonical__canonical__p044_scratch_thin,lama__canonical__canonical__p044_scratch_thin,canonical__p044_scratch_thin,p044_scratch_thin,canonical__p044_scratch_thin,canonical,primary,p044,high_texture_brushwork,Versailles,Auguste Renoir,Impressionism,lama,p044_scratch_thin,scratch_thin,p044_scratch_thin,scratch_thin,content_region,492288,0,63,768,704,7833,False,> 127,8,alex,256,0.29971611499786377,0.0006563121569342911,0.2990598028409295,0.06974770000670105,0.3726461000042036,2.0.0,restoration_eval.metrics_lpips,cuda,3.12.6,2.1.3,2.2.3,11.0.0,2.5.1+cu121,0.1.4,ok,
lama__canonical__canonical__p044_scratch_thin__mask_bbox_crop__lpips,lama__canonical__canonical__p044_scratch_thin,lama__canonical__canonical__p044_scratch_thin,lama__canonical__canonical__p044_scratch_thin,canonical__p044_scratch_thin,p044_scratch_thin,canonical__p044_scratch_thin,canonical,primary,p044,high_texture_brushwork,Versailles,Auguste Renoir,Impressionism,lama,p044_scratch_thin,scratch_thin,p044_scratch_thin,scratch_thin,mask_bbox_crop,589824,0,0,768,768,7833,False,> 127,8,alex,256,0.27847743034362793,0.0005146607290953398,0.2779627696145326,0.06643040000926703,0.3726461000042036,2.0.0,restoration_eval.metrics_lpips,cuda,3.12.6,2.1.3,2.2.3,11.0.0,2.5.1+cu121,0.1.4,ok,
lama__canonical__canonical__p044_zero_control__full_image__lpips,lama__canonical__canonical__p044_zero_control,lama__canonical__canonical__p044_zero_control,lama__canonical__canonical__p044_zero_control,canonical__p044_zero_control,p044_zero_control,canonical__p044_zero_control,canonical,primary,p044,high_texture_brushwork,Versailles,Auguste Renoir,Impressionism,lama,p044_zero_control,zero_control,p044_zero_control,zero_control,full_image,589824,0,0,768,768,0,True,> 127,8,alex,256,0.0,0.0,0.0,0.08028920006472617,0.3069924999726936,2.0.0,restoration_eval.metrics_lpips,cuda,3.12.6,2.1.3,2.2.3,11.0.0,2.5.1+cu121,0.1.4,ok,
lama__canonical__canonical__p044_zero_control__content_region__lpips,lama__canonical__canonical__p044_zero_control,lama__canonical__canonical__p044_zero_control,lama__canonical__canonical__p044_zero_control,canonical__p044_zero_control,p044_zero_control,canonical__p044_zero_control,canonical,primary,p044,high_texture_brushwork,Versailles,Auguste Renoir,Impressionism,lama,p044_zero_control,zero_control,p044_zero_control,zero_control,content_region,492288,0,63,768,704,0,True,> 127,8,alex,256,0.0,0.0,0.0,0.06729170004837215,0.3069924999726936,2.0.0,restoration_eval.metrics_lpips,cuda,3.12.6,2.1.3,2.2.3,11.0.0,2.5.1+cu121,0.1.4,ok,
lama__canonical__canonical__p045_loss_large__full_image__lpips,lama__canonical__canonical__p045_loss_large,lama__canonical__canonical__p045_loss_large,lama__canonical__canonical__p045_loss_large,canonical__p045_loss_large,p045_loss_large,canonical__p045_loss_large,canonical,primary,p045,high_texture_brushwork,Two Girls with Parasols,John Singer Sargent,Impressionist outdoor figure painting,lama,p045_loss_large,loss_large,p045_loss_large,loss_large,full_image,589824,0,0,768,768,53249,False,> 127,8,alex,256,0.13705340027809143,0.055663011968135834,0.0813903883099556,0.06973889993969351,0.3807427000720054,2.0.0,restoration_eval.metrics_lpips,cuda,3.12.6,2.1.3,2.2.3,11.0.0,2.5.1+cu121,0.1.4,ok,
lama__canonical__canonical__p045_loss_large__content_region__lpips,lama__canonical__canonical__p045_loss_large,lama__canonical__canonical__p045_loss_large,lama__canonical__canonical__p045_loss_large,canonical__p045_loss_large,p045_loss_large,canonical__p045_loss_large,canonical,primary,p045,high_texture_brushwork,Two Girls with Parasols,John Singer Sargent,Impressionist outdoor figure painting,lama,p045_loss_large,loss_large,p045_loss_large,loss_large,content_region,492288,63,0,704,768,53249,False,> 127,8,alex,256,0.1678803265094757,0.0709225982427597,0.096957728266716,0.0604837000137195,0.3807427000720054,2.0.0,restoration_eval.metrics_lpips,cuda,3.12.6,2.1.3,2.2.3,11.0.0,2.5.1+cu121,0.1.4,ok,
lama__canonical__canonical__p045_loss_large__mask_bbox_crop__lpips,lama__canonical__canonical__p045_loss_large,lama__canonical__canonical__p045_loss_large,lama__canonical__canonical__p045_loss_large,canonical__p045_loss_large,p045_loss_large,canonical__p045_loss_large,canonical,primary,p045,high_texture_brushwork,Two Girls with Parasols,John Singer Sargent,Impressionist outdoor figure painting,lama,p045_loss_large,loss_large,p045_loss_large,loss_large,mask_bbox_crop,107584,209,187,537,515,53249,False,> 127,8,alex,256,0.5448774099349976,0.2813471555709839,0.26353025436401367,0.03480270004365593,0.3807427000720054,2.0.0,restoration_eval.metrics_lpips,cuda,3.12.6,2.1.3,2.2.3,11.0.0,2.5.1+cu121,0.1.4,ok,
lama__canonical__canonical__p045_loss_small__full_image__lpips,lama__canonical__canonical__p045_loss_small,lama__canonical__canonical__p045_loss_small,lama__canonical__canonical__p045_loss_small,canonical__p045_loss_small,p045_loss_small,canonical__p045_loss_small,canonical,primary,p045,high_texture_brushwork,Two Girls with Parasols,John Singer Sargent,Impressionist outdoor figure painting,lama,p045_loss_small,loss_small,p045_loss_small,loss_small,full_image,589824,0,0,768,768,21737,False,> 127,8,alex,256,0.12679177522659302,0.014032384380698204,0.11275939084589481,0.06695430004037917,0.3736122000264004,2.0.0,restoration_eval.metrics_lpips,cuda,3.12.6,2.1.3,2.2.3,11.0.0,2.5.1+cu121,0.1.4,ok,
lama__canonical__canonical__p045_loss_small__content_region__lpips,lama__canonical__canonical__p045_loss_small,lama__canonical__canonical__p045_loss_small,lama__canonical__canonical__p045_loss_small,canonical__p045_loss_small,p045_loss_small,canonical__p045_loss_small,canonical,primary,p045,high_texture_brushwork,Two Girls with Parasols,John Singer Sargent,Impressionist outdoor figure painting,lama,p045_loss_small,loss_small,p045_loss_small,loss_small,content_region,492288,63,0,704,768,21737,False,> 127,8,alex,256,0.1496124565601349,0.01768605038523674,0.13192640617489815,0.07109680003486574,0.3736122000264004,2.0.0,restoration_eval.metrics_lpips,cuda,3.12.6,2.1.3,2.2.3,11.0.0,2.5.1+cu121,0.1.4,ok,
lama__canonical__canonical__p045_loss_small__mask_bbox_crop__lpips,lama__canonical__canonical__p045_loss_small,lama__canonical__canonical__p045_loss_small,lama__canonical__canonical__p045_loss_small,canonical__p045_loss_small,p045_loss_small,canonical__p045_loss_small,canonical,primary,p045,high_texture_brushwork,Two Girls with Parasols,John Singer Sargent,Impressionist outdoor figure painting,lama,p045_loss_small,loss_small,p045_loss_small,loss_small,mask_bbox_crop,292681,18,52,559,593,21737,False,> 127,8,alex,256,0.20848016440868378,0.026335304602980614,0.18214485980570316,0.05590879998635501,0.3736122000264004,2.0.0,restoration_eval.metrics_lpips,cuda,3.12.6,2.1.3,2.2.3,11.0.0,2.5.1+cu121,0.1.4,ok,
lama__canonical__canonical__p045_mixed_damage__full_image__lpips,lama__canonical__canonical__p045_mixed_damage,lama__canonical__canonical__p045_mixed_damage,lama__canonical__canonical__p045_mixed_damage,canonical__p045_mixed_damage,p045_mixed_damage,canonical__p045_mixed_damage,canonical,primary,p045,high_texture_brushwork,Two Girls with Parasols,John Singer Sargent,Impressionist outdoor figure painting,lama,p045_mixed_damage,mixed_damage,p045_mixed_damage,mixed_damage,full_image,589824,0,0,768,768,40681,False,> 127,8,alex,256,0.27234670519828796,0.026757702231407166,0.2455890029668808,0.06575609999708831,0.3566413999069482,2.0.0,restoration_eval.metrics_lpips,cuda,3.12.6,2.1.3,2.2.3,11.0.0,2.5.1+cu121,0.1.4,ok,
lama__canonical__canonical__p045_mixed_damage__content_region__lpips,lama__canonical__canonical__p045_mixed_damage,lama__canonical__canonical__p045_mixed_damage,lama__canonical__canonical__p045_mixed_damage,canonical__p045_mixed_damage,p045_mixed_damage,canonical__p045_mixed_damage,canonical,primary,p045,high_texture_brushwork,Two Girls with Parasols,John Singer Sargent,Impressionist outdoor figure painting,lama,p045_mixed_damage,mixed_damage,p045_mixed_damage,mixed_damage,content_region,492288,63,0,704,768,40681,False,> 127,8,alex,256,0.2970864772796631,0.03237888962030411,0.264707587659359,0.057276299921795726,0.3566413999069482,2.0.0,restoration_eval.metrics_lpips,cuda,3.12.6,2.1.3,2.2.3,11.0.0,2.5.1+cu121,0.1.4,ok,
lama__canonical__canonical__p045_mixed_damage__mask_bbox_crop__lpips,lama__canonical__canonical__p045_mixed_damage,lama__canonical__canonical__p045_mixed_damage,lama__canonical__canonical__p045_mixed_damage,canonical__p045_mixed_damage,p045_mixed_damage,canonical__p045_mixed_damage,canonical,primary,p045,high_texture_brushwork,Two Girls with Parasols,John Singer Sargent,Impressionist outdoor figure painting,lama,p045_mixed_damage,mixed_damage,p045_mixed_damage,mixed_damage,mask_bbox_crop,589824,0,0,768,768,40681,False,> 127,8,alex,256,0.27234670519828796,0.026757702231407166,0.2455890029668808,0.06479490001220256,0.3566413999069482,2.0.0,restoration_eval.metrics_lpips,cuda,3.12.6,2.1.3,2.2.3,11.0.0,2.5.1+cu121,0.1.4,ok,
lama__canonical__canonical__p045_scratch_thin__full_image__lpips,lama__canonical__canonical__p045_scratch_thin,lama__canonical__canonical__p045_scratch_thin,lama__canonical__canonical__p045_scratch_thin,canonical__p045_scratch_thin,p045_scratch_thin,canonical__p045_scratch_thin,canonical,primary,p045,high_texture_brushwork,Two Girls with Parasols,John Singer Sargent,Impressionist outdoor figure painting,lama,p045_scratch_thin,scratch_thin,p045_scratch_thin,scratch_thin,full_image,589824,0,0,768,768,11850,False,> 127,8,alex,256,0.2739654779434204,0.0019791144877672195,0.2719863634556532,0.07513070001732558,0.37099660001695156,2.0.0,restoration_eval.metrics_lpips,cuda,3.12.6,2.1.3,2.2.3,11.0.0,2.5.1+cu121,0.1.4,ok,
lama__canonical__canonical__p045_scratch_thin__content_region__lpips,lama__canonical__canonical__p045_scratch_thin,lama__canonical__canonical__p045_scratch_thin,lama__canonical__canonical__p045_scratch_thin,canonical__p045_scratch_thin,p045_scratch_thin,canonical__p045_scratch_thin,canonical,primary,p045,high_texture_brushwork,Two Girls with Parasols,John Singer Sargent,Impressionist outdoor figure painting,lama,p045_scratch_thin,scratch_thin,p045_scratch_thin,scratch_thin,content_region,492288,63,0,704,768,11850,False,> 127,8,alex,256,0.287299782037735,0.001681322231888771,0.2856184598058462,0.06433070008642972,0.37099660001695156,2.0.0,restoration_eval.metrics_lpips,cuda,3.12.6,2.1.3,2.2.3,11.0.0,2.5.1+cu121,0.1.4,ok,
lama__canonical__canonical__p045_scratch_thin__mask_bbox_crop__lpips,lama__canonical__canonical__p045_scratch_thin,lama__canonical__canonical__p045_scratch_thin,lama__canonical__canonical__p045_scratch_thin,canonical__p045_scratch_thin,p045_scratch_thin,canonical__p045_scratch_thin,canonical,primary,p045,high_texture_brushwork,Two Girls with Parasols,John Singer Sargent,Impressionist outdoor figure painting,lama,p045_scratch_thin,scratch_thin,p045_scratch_thin,scratch_thin,mask_bbox_crop,589824,0,0,768,768,11850,False,> 127,8,alex,256,0.2739654779434204,0.0019791144877672195,0.2719863634556532,0.06567999999970198,0.37099660001695156,2.0.0,restoration_eval.metrics_lpips,cuda,3.12.6,2.1.3,2.2.3,11.0.0,2.5.1+cu121,0.1.4,ok,
lama__canonical__canonical__p045_zero_control__full_image__lpips,lama__canonical__canonical__p045_zero_control,lama__canonical__canonical__p045_zero_control,lama__canonical__canonical__p045_zero_control,canonical__p045_zero_control,p045_zero_control,canonical__p045_zero_control,canonical,primary,p045,high_texture_brushwork,Two Girls with Parasols,John Singer Sargent,Impressionist outdoor figure painting,lama,p045_zero_control,zero_control,p045_zero_control,zero_control,full_image,589824,0,0,768,768,0,True,> 127,8,alex,256,0.0,0.0,0.0,0.06902110006194562,0.3081970999483019,2.0.0,restoration_eval.metrics_lpips,cuda,3.12.6,2.1.3,2.2.3,11.0.0,2.5.1+cu121,0.1.4,ok,
lama__canonical__canonical__p045_zero_control__content_region__lpips,lama__canonical__canonical__p045_zero_control,lama__canonical__canonical__p045_zero_control,lama__canonical__canonical__p045_zero_control,canonical__p045_zero_control,p045_zero_control,canonical__p045_zero_control,canonical,primary,p045,high_texture_brushwork,Two Girls with Parasols,John Singer Sargent,Impressionist outdoor figure painting,lama,p045_zero_control,zero_control,p045_zero_control,zero_control,content_region,492288,63,0,704,768,0,True,> 127,8,alex,256,0.0,0.0,0.0,0.0723871000809595,0.3081970999483019,2.0.0,restoration_eval.metrics_lpips,cuda,3.12.6,2.1.3,2.2.3,11.0.0,2.5.1+cu121,0.1.4,ok,
lama__canonical__canonical__p046_loss_large__full_image__lpips,lama__canonical__canonical__p046_loss_large,lama__canonical__canonical__p046_loss_large,lama__canonical__canonical__p046_loss_large,canonical__p046_loss_large,p046_loss_large,canonical__p046_loss_large,canonical,primary,p046,high_texture_brushwork,Boating,Édouard Manet,Impressionism / modern French painting,lama,p046_loss_large,loss_large,p046_loss_large,loss_large,full_image,589824,0,0,768,768,47717,False,> 127,8,alex,256,0.12979412078857422,0.0250032227486372,0.10479089803993702,0.07426120003219694,0.35856770002283156,2.0.0,restoration_eval.metrics_lpips,cuda,3.12.6,2.1.3,2.2.3,11.0.0,2.5.1+cu121,0.1.4,ok,
lama__canonical__canonical__p046_loss_large__content_region__lpips,lama__canonical__canonical__p046_loss_large,lama__canonical__canonical__p046_loss_large,lama__canonical__canonical__p046_loss_large,canonical__p046_loss_large,p046_loss_large,canonical__p046_loss_large,canonical,primary,p046,high_texture_brushwork,Boating,Édouard Manet,Impressionism / modern French painting,lama,p046_loss_large,loss_large,p046_loss_large,loss_large,content_region,450048,0,91,768,677,47717,False,> 127,8,alex,256,0.16980218887329102,0.033001646399497986,0.13680054247379303,0.06825859996024519,0.35856770002283156,2.0.0,restoration_eval.metrics_lpips,cuda,3.12.6,2.1.3,2.2.3,11.0.0,2.5.1+cu121,0.1.4,ok,
lama__canonical__canonical__p046_loss_large__mask_bbox_crop__lpips,lama__canonical__canonical__p046_loss_large,lama__canonical__canonical__p046_loss_large,lama__canonical__canonical__p046_loss_large,canonical__p046_loss_large,p046_loss_large,canonical__p046_loss_large,canonical,primary,p046,high_texture_brushwork,Boating,Édouard Manet,Impressionism / modern French painting,lama,p046_loss_large,loss_large,p046_loss_large,loss_large,mask_bbox_crop,105625,383,168,708,493,47717,False,> 127,8,alex,256,0.5571912527084351,0.1443256437778473,0.41286560893058777,0.037658500019460917,0.35856770002283156,2.0.0,restoration_eval.metrics_lpips,cuda,3.12.6,2.1.3,2.2.3,11.0.0,2.5.1+cu121,0.1.4,ok,
lama__canonical__canonical__p046_loss_small__full_image__lpips,lama__canonical__canonical__p046_loss_small,lama__canonical__canonical__p046_loss_small,lama__canonical__canonical__p046_loss_small,canonical__p046_loss_small,p046_loss_small,canonical__p046_loss_small,canonical,primary,p046,high_texture_brushwork,Boating,Édouard Manet,Impressionism / modern French painting,lama,p046_loss_small,loss_small,p046_loss_small,loss_small,full_image,589824,0,0,768,768,20189,False,> 127,8,alex,256,0.10737937688827515,0.008668974041938782,0.09871040284633636,0.0736948000267148,0.37225769995711744,2.0.0,restoration_eval.metrics_lpips,cuda,3.12.6,2.1.3,2.2.3,11.0.0,2.5.1+cu121,0.1.4,ok,
lama__canonical__canonical__p046_loss_small__content_region__lpips,lama__canonical__canonical__p046_loss_small,lama__canonical__canonical__p046_loss_small,lama__canonical__canonical__p046_loss_small,canonical__p046_loss_small,p046_loss_small,canonical__p046_loss_small,canonical,primary,p046,high_texture_brushwork,Boating,Édouard Manet,Impressionism / modern French painting,lama,p046_loss_small,loss_small,p046_loss_small,loss_small,content_region,450048,0,91,768,677,20189,False,> 127,8,alex,256,0.13455608487129211,0.011591329239308834,0.12296475563198328,0.07457879988942295,0.37225769995711744,2.0.0,restoration_eval.metrics_lpips,cuda,3.12.6,2.1.3,2.2.3,11.0.0,2.5.1+cu121,0.1.4,ok,
lama__canonical__canonical__p046_loss_small__mask_bbox_crop__lpips,lama__canonical__canonical__p046_loss_small,lama__canonical__canonical__p046_loss_small,lama__canonical__canonical__p046_loss_small,canonical__p046_loss_small,p046_loss_small,canonical__p046_loss_small,canonical,primary,p046,high_texture_brushwork,Boating,Édouard Manet,Impressionism / modern French painting,lama,p046_loss_small,loss_small,p046_loss_small,loss_small,mask_bbox_crop,299209,7,127,554,674,20189,False,> 127,8,alex,256,0.15887215733528137,0.014502247795462608,0.14436990953981876,0.0731853999895975,0.37225769995711744,2.0.0,restoration_eval.metrics_lpips,cuda,3.12.6,2.1.3,2.2.3,11.0.0,2.5.1+cu121,0.1.4,ok,
lama__canonical__canonical__p046_mixed_damage__full_image__lpips,lama__canonical__canonical__p046_mixed_damage,lama__canonical__canonical__p046_mixed_damage,lama__canonical__canonical__p046_mixed_damage,canonical__p046_mixed_damage,p046_mixed_damage,canonical__p046_mixed_damage,canonical,primary,p046,high_texture_brushwork,Boating,Édouard Manet,Impressionism / modern French painting,lama,p046_mixed_damage,mixed_damage,p046_mixed_damage,mixed_damage,full_image,589824,0,0,768,768,46483,False,> 127,8,alex,256,0.34572073817253113,0.008106805384159088,0.33761393278837204,0.08397189993411303,0.36229700001422316,2.0.0,restoration_eval.metrics_lpips,cuda,3.12.6,2.1.3,2.2.3,11.0.0,2.5.1+cu121,0.1.4,ok,
lama__canonical__canonical__p046_mixed_damage__content_region__lpips,lama__canonical__canonical__p046_mixed_damage,lama__canonical__canonical__p046_mixed_damage,lama__canonical__canonical__p046_mixed_damage,canonical__p046_mixed_damage,p046_mixed_damage,canonical__p046_mixed_damage,canonical,primary,p046,high_texture_brushwork,Boating,Édouard Manet,Impressionism / modern French painting,lama,p046_mixed_damage,mixed_damage,p046_mixed_damage,mixed_damage,content_region,450048,0,91,768,677,46483,False,> 127,8,alex,256,0.41280990839004517,0.012182937003672123,0.40062697138637304,0.05779410002287477,0.36229700001422316,2.0.0,restoration_eval.metrics_lpips,cuda,3.12.6,2.1.3,2.2.3,11.0.0,2.5.1+cu121,0.1.4,ok,
lama__canonical__canonical__p046_mixed_damage__mask_bbox_crop__lpips,lama__canonical__canonical__p046_mixed_damage,lama__canonical__canonical__p046_mixed_damage,lama__canonical__canonical__p046_mixed_damage,canonical__p046_mixed_damage,p046_mixed_damage,canonical__p046_mixed_damage,canonical,primary,p046,high_texture_brushwork,Boating,Édouard Manet,Impressionism / modern French painting,lama,p046_mixed_damage,mixed_damage,p046_mixed_damage,mixed_damage,mask_bbox_crop,589824,0,0,768,768,46483,False,> 127,8,alex,256,0.34572073817253113,0.008106805384159088,0.33761393278837204,0.066259799990803,0.36229700001422316,2.0.0,restoration_eval.metrics_lpips,cuda,3.12.6,2.1.3,2.2.3,11.0.0,2.5.1+cu121,0.1.4,ok,
lama__canonical__canonical__p046_scratch_thin__full_image__lpips,lama__canonical__canonical__p046_scratch_thin,lama__canonical__canonical__p046_scratch_thin,lama__canonical__canonical__p046_scratch_thin,canonical__p046_scratch_thin,p046_scratch_thin,canonical__p046_scratch_thin,canonical,primary,p046,high_texture_brushwork,Boating,Édouard Manet,Impressionism / modern French painting,lama,p046_scratch_thin,scratch_thin,p046_scratch_thin,scratch_thin,full_image,589824,0,0,768,768,8893,False,> 127,8,alex,256,0.21982216835021973,0.0009554375428706408,0.21886673080734909,0.06292339996434748,0.346925700083375,2.0.0,restoration_eval.metrics_lpips,cuda,3.12.6,2.1.3,2.2.3,11.0.0,2.5.1+cu121,0.1.4,ok,
lama__canonical__canonical__p046_scratch_thin__content_region__lpips,lama__canonical__canonical__p046_scratch_thin,lama__canonical__canonical__p046_scratch_thin,lama__canonical__canonical__p046_scratch_thin,canonical__p046_scratch_thin,p046_scratch_thin,canonical__p046_scratch_thin,canonical,primary,p046,high_texture_brushwork,Boating,Édouard Manet,Impressionism / modern French painting,lama,p046_scratch_thin,scratch_thin,p046_scratch_thin,scratch_thin,content_region,450048,0,91,768,677,8893,False,> 127,8,alex,256,0.23530647158622742,0.0011280531762167811,0.23417841841001064,0.06625519995577633,0.346925700083375,2.0.0,restoration_eval.metrics_lpips,cuda,3.12.6,2.1.3,2.2.3,11.0.0,2.5.1+cu121,0.1.4,ok,
lama__canonical__canonical__p046_scratch_thin__mask_bbox_crop__lpips,lama__canonical__canonical__p046_scratch_thin,lama__canonical__canonical__p046_scratch_thin,lama__canonical__canonical__p046_scratch_thin,canonical__p046_scratch_thin,p046_scratch_thin,canonical__p046_scratch_thin,canonical,primary,p046,high_texture_brushwork,Boating,Édouard Manet,Impressionism / modern French painting,lama,p046_scratch_thin,scratch_thin,p046_scratch_thin,scratch_thin,mask_bbox_crop,589824,0,0,768,768,8893,False,> 127,8,alex,256,0.21982216835021973,0.0009554375428706408,0.21886673080734909,0.07316050003282726,0.346925700083375,2.0.0,restoration_eval.metrics_lpips,cuda,3.12.6,2.1.3,2.2.3,11.0.0,2.5.1+cu121,0.1.4,ok,
lama__canonical__canonical__p046_zero_control__full_image__lpips,lama__canonical__canonical__p046_zero_control,lama__canonical__canonical__p046_zero_control,lama__canonical__canonical__p046_zero_control,canonical__p046_zero_control,p046_zero_control,canonical__p046_zero_control,canonical,primary,p046,high_texture_brushwork,Boating,Édouard Manet,Impressionism / modern French painting,lama,p046_zero_control,zero_control,p046_zero_control,zero_control,full_image,589824,0,0,768,768,0,True,> 127,8,alex,256,0.0,0.0,0.0,0.06810779997613281,0.27710649999789894,2.0.0,restoration_eval.metrics_lpips,cuda,3.12.6,2.1.3,2.2.3,11.0.0,2.5.1+cu121,0.1.4,ok,
lama__canonical__canonical__p046_zero_control__content_region__lpips,lama__canonical__canonical__p046_zero_control,lama__canonical__canonical__p046_zero_control,lama__canonical__canonical__p046_zero_control,canonical__p046_zero_control,p046_zero_control,canonical__p046_zero_control,canonical,primary,p046,high_texture_brushwork,Boating,Édouard Manet,Impressionism / modern French painting,lama,p046_zero_control,zero_control,p046_zero_control,zero_control,content_region,450048,0,91,768,677,0,True,> 127,8,alex,256,0.0,0.0,0.0,0.06083329999819398,0.27710649999789894,2.0.0,restoration_eval.metrics_lpips,cuda,3.12.6,2.1.3,2.2.3,11.0.0,2.5.1+cu121,0.1.4,ok,
lama__canonical__canonical__p047_loss_large__full_image__lpips,lama__canonical__canonical__p047_loss_large,lama__canonical__canonical__p047_loss_large,lama__canonical__canonical__p047_loss_large,canonical__p047_loss_large,p047_loss_large,canonical__p047_loss_large,canonical,primary,p047,high_texture_brushwork,The Dance Class,Edgar Degas,Impressionism,lama,p047_loss_large,loss_large,p047_loss_large,loss_large,full_image,589824,0,0,768,768,70753,False,> 127,8,alex,256,0.24382492899894714,0.06286383420228958,0.18096109479665756,0.06322939996607602,0.39444449997972697,2.0.0,restoration_eval.metrics_lpips,cuda,3.12.6,2.1.3,2.2.3,11.0.0,2.5.1+cu121,0.1.4,ok,
lama__canonical__canonical__p047_loss_large__content_region__lpips,lama__canonical__canonical__p047_loss_large,lama__canonical__canonical__p047_loss_large,lama__canonical__canonical__p047_loss_large,canonical__p047_loss_large,p047_loss_large,canonical__p047_loss_large,canonical,primary,p047,high_texture_brushwork,The Dance Class,Edgar Degas,Impressionism,lama,p047_loss_large,loss_large,p047_loss_large,loss_large,content_region,546816,28,0,740,768,70753,False,> 127,8,alex,256,0.25595828890800476,0.06425521522760391,0.19170307368040085,0.06902279995847493,0.39444449997972697,2.0.0,restoration_eval.metrics_lpips,cuda,3.12.6,2.1.3,2.2.3,11.0.0,2.5.1+cu121,0.1.4,ok,
lama__canonical__canonical__p047_loss_large__mask_bbox_crop__lpips,lama__canonical__canonical__p047_loss_large,lama__canonical__canonical__p047_loss_large,lama__canonical__canonical__p047_loss_large,canonical__p047_loss_large,p047_loss_large,canonical__p047_loss_large,canonical,primary,p047,high_texture_brushwork,The Dance Class,Edgar Degas,Impressionism,lama,p047_loss_large,loss_large,p047_loss_large,loss_large,mask_bbox_crop,297025,16,65,561,610,70753,False,> 127,8,alex,256,0.3861888647079468,0.1158924475312233,0.2702964171767235,0.06496269989293069,0.39444449997972697,2.0.0,restoration_eval.metrics_lpips,cuda,3.12.6,2.1.3,2.2.3,11.0.0,2.5.1+cu121,0.1.4,ok,
lama__canonical__canonical__p047_loss_small__full_image__lpips,lama__canonical__canonical__p047_loss_small,lama__canonical__canonical__p047_loss_small,lama__canonical__canonical__p047_loss_small,canonical__p047_loss_small,p047_loss_small,canonical__p047_loss_small,canonical,primary,p047,high_texture_brushwork,The Dance Class,Edgar Degas,Impressionism,lama,p047_loss_small,loss_small,p047_loss_small,loss_small,full_image,589824,0,0,768,768,17490,False,> 127,8,alex,256,0.1466161161661148,0.006555961444973946,0.14006015472114086,0.06220929999835789,0.364472100045532,2.0.0,restoration_eval.metrics_lpips,cuda,3.12.6,2.1.3,2.2.3,11.0.0,2.5.1+cu121,0.1.4,ok,
lama__canonical__canonical__p047_loss_small__content_region__lpips,lama__canonical__canonical__p047_loss_small,lama__canonical__canonical__p047_loss_small,lama__canonical__canonical__p047_loss_small,canonical__p047_loss_small,p047_loss_small,canonical__p047_loss_small,canonical,primary,p047,high_texture_brushwork,The Dance Class,Edgar Degas,Impressionism,lama,p047_loss_small,loss_small,p047_loss_small,loss_small,content_region,546816,28,0,740,768,17490,False,> 127,8,alex,256,0.1550879329442978,0.006011391524225473,0.14907654142007232,0.06873960001394153,0.364472100045532,2.0.0,restoration_eval.metrics_lpips,cuda,3.12.6,2.1.3,2.2.3,11.0.0,2.5.1+cu121,0.1.4,ok,
lama__canonical__canonical__p047_loss_small__mask_bbox_crop__lpips,lama__canonical__canonical__p047_loss_small,lama__canonical__canonical__p047_loss_small,lama__canonical__canonical__p047_loss_small,canonical__p047_loss_small,p047_loss_small,canonical__p047_loss_small,canonical,primary,p047,high_texture_brushwork,The Dance Class,Edgar Degas,Impressionism,lama,p047_loss_small,loss_small,p047_loss_small,loss_small,mask_bbox_crop,391876,142,81,768,707,17490,False,> 127,8,alex,256,0.1727983057498932,0.007267442066222429,0.16553086368367076,0.05308400001376867,0.364472100045532,2.0.0,restoration_eval.metrics_lpips,cuda,3.12.6,2.1.3,2.2.3,11.0.0,2.5.1+cu121,0.1.4,ok,
lama__canonical__canonical__p047_mixed_damage__full_image__lpips,lama__canonical__canonical__p047_mixed_damage,lama__canonical__canonical__p047_mixed_damage,lama__canonical__canonical__p047_mixed_damage,canonical__p047_mixed_damage,p047_mixed_damage,canonical__p047_mixed_damage,canonical,primary,p047,high_texture_brushwork,The Dance Class,Edgar Degas,Impressionism,lama,p047_mixed_damage,mixed_damage,p047_mixed_damage,mixed_damage,full_image,589824,0,0,768,768,48787,False,> 127,8,alex,256,0.39585527777671814,0.008883695118129253,0.3869715826585889,0.06542450003325939,0.35462959995493293,2.0.0,restoration_eval.metrics_lpips,cuda,3.12.6,2.1.3,2.2.3,11.0.0,2.5.1+cu121,0.1.4,ok,
lama__canonical__canonical__p047_mixed_damage__content_region__lpips,lama__canonical__canonical__p047_mixed_damage,lama__canonical__canonical__p047_mixed_damage,lama__canonical__canonical__p047_mixed_damage,canonical__p047_mixed_damage,p047_mixed_damage,canonical__p047_mixed_damage,canonical,primary,p047,high_texture_brushwork,The Dance Class,Edgar Degas,Impressionism,lama,p047_mixed_damage,mixed_damage,p047_mixed_damage,mixed_damage,content_region,546816,28,0,740,768,48787,False,> 127,8,alex,256,0.39685261249542236,0.00984925962984562,0.38700335286557674,0.05925099994055927,0.35462959995493293,2.0.0,restoration_eval.metrics_lpips,cuda,3.12.6,2.1.3,2.2.3,11.0.0,2.5.1+cu121,0.1.4,ok,
lama__canonical__canonical__p047_mixed_damage__mask_bbox_crop__lpips,lama__canonical__canonical__p047_mixed_damage,lama__canonical__canonical__p047_mixed_damage,lama__canonical__canonical__p047_mixed_damage,canonical__p047_mixed_damage,p047_mixed_damage,canonical__p047_mixed_damage,canonical,primary,p047,high_texture_brushwork,The Dance Class,Edgar Degas,Impressionism,lama,p047_mixed_damage,mixed_damage,p047_mixed_damage,mixed_damage,mask_bbox_crop,589824,0,0,768,768,48787,False,> 127,8,alex,256,0.39585527777671814,0.008883695118129253,0.3869715826585889,0.06748299999162555,0.35462959995493293,2.0.0,restoration_eval.metrics_lpips,cuda,3.12.6,2.1.3,2.2.3,11.0.0,2.5.1+cu121,0.1.4,ok,
lama__canonical__canonical__p047_scratch_thin__full_image__lpips,lama__canonical__canonical__p047_scratch_thin,lama__canonical__canonical__p047_scratch_thin,lama__canonical__canonical__p047_scratch_thin,canonical__p047_scratch_thin,p047_scratch_thin,canonical__p047_scratch_thin,canonical,primary,p047,high_texture_brushwork,The Dance Class,Edgar Degas,Impressionism,lama,p047_scratch_thin,scratch_thin,p047_scratch_thin,scratch_thin,full_image,589824,0,0,768,768,13684,False,> 127,8,alex,256,0.35890835523605347,0.0011831612791866064,0.35772519395686686,0.07651189994066954,0.39413669996429235,2.0.0,restoration_eval.metrics_lpips,cuda,3.12.6,2.1.3,2.2.3,11.0.0,2.5.1+cu121,0.1.4,ok,
lama__canonical__canonical__p047_scratch_thin__content_region__lpips,lama__canonical__canonical__p047_scratch_thin,lama__canonical__canonical__p047_scratch_thin,lama__canonical__canonical__p047_scratch_thin,canonical__p047_scratch_thin,p047_scratch_thin,canonical__p047_scratch_thin,canonical,primary,p047,high_texture_brushwork,The Dance Class,Edgar Degas,Impressionism,lama,p047_scratch_thin,scratch_thin,p047_scratch_thin,scratch_thin,content_region,546816,28,0,740,768,13684,False,> 127,8,alex,256,0.3641539216041565,0.0012907783966511488,0.36286314320750535,0.07509529998060316,0.39413669996429235,2.0.0,restoration_eval.metrics_lpips,cuda,3.12.6,2.1.3,2.2.3,11.0.0,2.5.1+cu121,0.1.4,ok,
lama__canonical__canonical__p047_scratch_thin__mask_bbox_crop__lpips,lama__canonical__canonical__p047_scratch_thin,lama__canonical__canonical__p047_scratch_thin,lama__canonical__canonical__p047_scratch_thin,canonical__p047_scratch_thin,p047_scratch_thin,canonical__p047_scratch_thin,canonical,primary,p047,high_texture_brushwork,The Dance Class,Edgar Degas,Impressionism,lama,p047_scratch_thin,scratch_thin,p047_scratch_thin,scratch_thin,mask_bbox_crop,589824,0,0,768,768,13684,False,> 127,8,alex,256,0.35890835523605347,0.0011831612791866064,0.35772519395686686,0.07051420002244413,0.39413669996429235,2.0.0,restoration_eval.metrics_lpips,cuda,3.12.6,2.1.3,2.2.3,11.0.0,2.5.1+cu121,0.1.4,ok,
lama__canonical__canonical__p047_zero_control__full_image__lpips,lama__canonical__canonical__p047_zero_control,lama__canonical__canonical__p047_zero_control,lama__canonical__canonical__p047_zero_control,canonical__p047_zero_control,p047_zero_control,canonical__p047_zero_control,canonical,primary,p047,high_texture_brushwork,The Dance Class,Edgar Degas,Impressionism,lama,p047_zero_control,zero_control,p047_zero_control,zero_control,full_image,589824,0,0,768,768,0,True,> 127,8,alex,256,0.0,0.0,0.0,0.07295280008111149,0.30389360000845045,2.0.0,restoration_eval.metrics_lpips,cuda,3.12.6,2.1.3,2.2.3,11.0.0,2.5.1+cu121,0.1.4,ok,
lama__canonical__canonical__p047_zero_control__content_region__lpips,lama__canonical__canonical__p047_zero_control,lama__canonical__canonical__p047_zero_control,lama__canonical__canonical__p047_zero_control,canonical__p047_zero_control,p047_zero_control,canonical__p047_zero_control,canonical,primary,p047,high_texture_brushwork,The Dance Class,Edgar Degas,Impressionism,lama,p047_zero_control,zero_control,p047_zero_control,zero_control,content_region,546816,28,0,740,768,0,True,> 127,8,alex,256,0.0,0.0,0.0,0.07143190002534539,0.30389360000845045,2.0.0,restoration_eval.metrics_lpips,cuda,3.12.6,2.1.3,2.2.3,11.0.0,2.5.1+cu121,0.1.4,ok,
lama__canonical__canonical__p048_loss_large__full_image__lpips,lama__canonical__canonical__p048_loss_large,lama__canonical__canonical__p048_loss_large,lama__canonical__canonical__p048_loss_large,canonical__p048_loss_large,p048_loss_large,canonical__p048_loss_large,canonical,primary,p048,high_texture_brushwork,A Farm in Brittany,Paul Gauguin,Post-Impressionism,lama,p048_loss_large,loss_large,p048_loss_large,loss_large,full_image,589824,0,0,768,768,69776,False,> 127,8,alex,256,0.20220209658145905,0.06895913928747177,0.13324295729398727,0.07566039997618645,0.3972106999717653,2.0.0,restoration_eval.metrics_lpips,cuda,3.12.6,2.1.3,2.2.3,11.0.0,2.5.1+cu121,0.1.4,ok,
lama__canonical__canonical__p048_loss_large__content_region__lpips,lama__canonical__canonical__p048_loss_large,lama__canonical__canonical__p048_loss_large,lama__canonical__canonical__p048_loss_large,canonical__p048_loss_large,p048_loss_large,canonical__p048_loss_large,canonical,primary,p048,high_texture_brushwork,A Farm in Brittany,Paul Gauguin,Post-Impressionism,lama,p048_loss_large,loss_large,p048_loss_large,loss_large,content_region,470784,0,77,768,690,69776,False,> 127,8,alex,256,0.24801163375377655,0.08725623041391373,0.16075540333986282,0.08111489994917065,0.3972106999717653,2.0.0,restoration_eval.metrics_lpips,cuda,3.12.6,2.1.3,2.2.3,11.0.0,2.5.1+cu121,0.1.4,ok,
lama__canonical__canonical__p048_loss_large__mask_bbox_crop__lpips,lama__canonical__canonical__p048_loss_large,lama__canonical__canonical__p048_loss_large,lama__canonical__canonical__p048_loss_large,canonical__p048_loss_large,p048_loss_large,canonical__p048_loss_large,canonical,primary,p048,high_texture_brushwork,A Farm in Brittany,Paul Gauguin,Post-Impressionism,lama,p048_loss_large,loss_large,p048_loss_large,loss_large,mask_bbox_crop,156025,249,183,644,578,69776,False,> 127,8,alex,256,0.5918124318122864,0.2682502567768097,0.3235621750354767,0.04681819991674274,0.3972106999717653,2.0.0,restoration_eval.metrics_lpips,cuda,3.12.6,2.1.3,2.2.3,11.0.0,2.5.1+cu121,0.1.4,ok,
lama__canonical__canonical__p048_loss_small__full_image__lpips,lama__canonical__canonical__p048_loss_small,lama__canonical__canonical__p048_loss_small,lama__canonical__canonical__p048_loss_small,canonical__p048_loss_small,p048_loss_small,canonical__p048_loss_small,canonical,primary,p048,high_texture_brushwork,A Farm in Brittany,Paul Gauguin,Post-Impressionism,lama,p048_loss_small,loss_small,p048_loss_small,loss_small,full_image,589824,0,0,768,768,18114,False,> 127,8,alex,256,0.1112777590751648,0.01040559820830822,0.10087216086685658,0.0726719000376761,0.3586976000806317,2.0.0,restoration_eval.metrics_lpips,cuda,3.12.6,2.1.3,2.2.3,11.0.0,2.5.1+cu121,0.1.4,ok,
lama__canonical__canonical__p048_loss_small__content_region__lpips,lama__canonical__canonical__p048_loss_small,lama__canonical__canonical__p048_loss_small,lama__canonical__canonical__p048_loss_small,canonical__p048_loss_small,p048_loss_small,canonical__p048_loss_small,canonical,primary,p048,high_texture_brushwork,A Farm in Brittany,Paul Gauguin,Post-Impressionism,lama,p048_loss_small,loss_small,p048_loss_small,loss_small,content_region,470784,0,77,768,690,18114,False,> 127,8,alex,256,0.1347457766532898,0.013463650830090046,0.12128212582319975,0.07222139998339117,0.3586976000806317,2.0.0,restoration_eval.metrics_lpips,cuda,3.12.6,2.1.3,2.2.3,11.0.0,2.5.1+cu121,0.1.4,ok,
lama__canonical__canonical__p048_loss_small__mask_bbox_crop__lpips,lama__canonical__canonical__p048_loss_small,lama__canonical__canonical__p048_loss_small,lama__canonical__canonical__p048_loss_small,canonical__p048_loss_small,p048_loss_small,canonical__p048_loss_small,canonical,primary,p048,high_texture_brushwork,A Farm in Brittany,Paul Gauguin,Post-Impressionism,lama,p048_loss_small,loss_small,p048_loss_small,loss_small,mask_bbox_crop,142129,250,76,627,453,18114,False,> 127,8,alex,256,0.31606295704841614,0.04435071349143982,0.2717122435569763,0.05076880007982254,0.3586976000806317,2.0.0,restoration_eval.metrics_lpips,cuda,3.12.6,2.1.3,2.2.3,11.0.0,2.5.1+cu121,0.1.4,ok,
lama__canonical__canonical__p048_mixed_damage__full_image__lpips,lama__canonical__canonical__p048_mixed_damage,lama__canonical__canonical__p048_mixed_damage,lama__canonical__canonical__p048_mixed_damage,canonical__p048_mixed_damage,p048_mixed_damage,canonical__p048_mixed_damage,canonical,primary,p048,high_texture_brushwork,A Farm in Brittany,Paul Gauguin,Post-Impressionism,lama,p048_mixed_damage,mixed_damage,p048_mixed_damage,mixed_damage,full_image,589824,0,0,768,768,41222,False,> 127,8,alex,256,0.2714333236217499,0.017695458605885506,0.2537378650158644,0.0799264000961557,0.40115659998264164,2.0.0,restoration_eval.metrics_lpips,cuda,3.12.6,2.1.3,2.2.3,11.0.0,2.5.1+cu121,0.1.4,ok,
lama__canonical__canonical__p048_mixed_damage__content_region__lpips,lama__canonical__canonical__p048_mixed_damage,lama__canonical__canonical__p048_mixed_damage,lama__canonical__canonical__p048_mixed_damage,canonical__p048_mixed_damage,p048_mixed_damage,canonical__p048_mixed_damage,canonical,primary,p048,high_texture_brushwork,A Farm in Brittany,Paul Gauguin,Post-Impressionism,lama,p048_mixed_damage,mixed_damage,p048_mixed_damage,mixed_damage,content_region,470784,0,77,768,690,41222,False,> 127,8,alex,256,0.3440362215042114,0.021679416298866272,0.32235680520534515,0.0677428999915719,0.40115659998264164,2.0.0,restoration_eval.metrics_lpips,cuda,3.12.6,2.1.3,2.2.3,11.0.0,2.5.1+cu121,0.1.4,ok,
lama__canonical__canonical__p048_mixed_damage__mask_bbox_crop__lpips,lama__canonical__canonical__p048_mixed_damage,lama__canonical__canonical__p048_mixed_damage,lama__canonical__canonical__p048_mixed_damage,canonical__p048_mixed_damage,p048_mixed_damage,canonical__p048_mixed_damage,canonical,primary,p048,high_texture_brushwork,A Farm in Brittany,Paul Gauguin,Post-Impressionism,lama,p048_mixed_damage,mixed_damage,p048_mixed_damage,mixed_damage,mask_bbox_crop,589824,0,0,768,768,41222,False,> 127,8,alex,256,0.2714333236217499,0.017695458605885506,0.2537378650158644,0.07595940004102886,0.40115659998264164,2.0.0,restoration_eval.metrics_lpips,cuda,3.12.6,2.1.3,2.2.3,11.0.0,2.5.1+cu121,0.1.4,ok,
lama__canonical__canonical__p048_scratch_thin__full_image__lpips,lama__canonical__canonical__p048_scratch_thin,lama__canonical__canonical__p048_scratch_thin,lama__canonical__canonical__p048_scratch_thin,canonical__p048_scratch_thin,p048_scratch_thin,canonical__p048_scratch_thin,canonical,primary,p048,high_texture_brushwork,A Farm in Brittany,Paul Gauguin,Post-Impressionism,lama,p048_scratch_thin,scratch_thin,p048_scratch_thin,scratch_thin,full_image,589824,0,0,768,768,8085,False,> 127,8,alex,256,0.23296058177947998,0.000668300490360707,0.23229228128911927,0.06805400003213435,0.38181060005445033,2.0.0,restoration_eval.metrics_lpips,cuda,3.12.6,2.1.3,2.2.3,11.0.0,2.5.1+cu121,0.1.4,ok,
lama__canonical__canonical__p048_scratch_thin__content_region__lpips,lama__canonical__canonical__p048_scratch_thin,lama__canonical__canonical__p048_scratch_thin,lama__canonical__canonical__p048_scratch_thin,canonical__p048_scratch_thin,p048_scratch_thin,canonical__p048_scratch_thin,canonical,primary,p048,high_texture_brushwork,A Farm in Brittany,Paul Gauguin,Post-Impressionism,lama,p048_scratch_thin,scratch_thin,p048_scratch_thin,scratch_thin,content_region,470784,0,77,768,690,8085,False,> 127,8,alex,256,0.27833276987075806,0.0009003904415294528,0.2774323794292286,0.06520089996047318,0.38181060005445033,2.0.0,restoration_eval.metrics_lpips,cuda,3.12.6,2.1.3,2.2.3,11.0.0,2.5.1+cu121,0.1.4,ok,
lama__canonical__canonical__p048_scratch_thin__mask_bbox_crop__lpips,lama__canonical__canonical__p048_scratch_thin,lama__canonical__canonical__p048_scratch_thin,lama__canonical__canonical__p048_scratch_thin,canonical__p048_scratch_thin,p048_scratch_thin,canonical__p048_scratch_thin,canonical,primary,p048,high_texture_brushwork,A Farm in Brittany,Paul Gauguin,Post-Impressionism,lama,p048_scratch_thin,scratch_thin,p048_scratch_thin,scratch_thin,mask_bbox_crop,589824,0,0,768,768,8085,False,> 127,8,alex,256,0.23296058177947998,0.000668300490360707,0.23229228128911927,0.07689919997937977,0.38181060005445033,2.0.0,restoration_eval.metrics_lpips,cuda,3.12.6,2.1.3,2.2.3,11.0.0,2.5.1+cu121,0.1.4,ok,
lama__canonical__canonical__p048_zero_control__full_image__lpips,lama__canonical__canonical__p048_zero_control,lama__canonical__canonical__p048_zero_control,lama__canonical__canonical__p048_zero_control,canonical__p048_zero_control,p048_zero_control,canonical__p048_zero_control,canonical,primary,p048,high_texture_brushwork,A Farm in Brittany,Paul Gauguin,Post-Impressionism,lama,p048_zero_control,zero_control,p048_zero_control,zero_control,full_image,589824,0,0,768,768,0,True,> 127,8,alex,256,0.0,0.0,0.0,0.08000289998017251,0.3200535000069067,2.0.0,restoration_eval.metrics_lpips,cuda,3.12.6,2.1.3,2.2.3,11.0.0,2.5.1+cu121,0.1.4,ok,
lama__canonical__canonical__p048_zero_control__content_region__lpips,lama__canonical__canonical__p048_zero_control,lama__canonical__canonical__p048_zero_control,lama__canonical__canonical__p048_zero_control,canonical__p048_zero_control,p048_zero_control,canonical__p048_zero_control,canonical,primary,p048,high_texture_brushwork,A Farm in Brittany,Paul Gauguin,Post-Impressionism,lama,p048_zero_control,zero_control,p048_zero_control,zero_control,content_region,470784,0,77,768,690,0,True,> 127,8,alex,256,0.0,0.0,0.0,0.0878968999022618,0.3200535000069067,2.0.0,restoration_eval.metrics_lpips,cuda,3.12.6,2.1.3,2.2.3,11.0.0,2.5.1+cu121,0.1.4,ok,
lama__canonical__canonical__p049_loss_large__full_image__lpips,lama__canonical__canonical__p049_loss_large,lama__canonical__canonical__p049_loss_large,lama__canonical__canonical__p049_loss_large,canonical__p049_loss_large,p049_loss_large,canonical__p049_loss_large,canonical,primary,p049,high_texture_brushwork,Peonies,Édouard Manet,Modern French painting,lama,p049_loss_large,loss_large,p049_loss_large,loss_large,full_image,589824,0,0,768,768,45001,False,> 127,8,alex,256,0.1195995882153511,0.03900698572397232,0.08059260249137878,0.09474530001170933,0.3791045000543818,2.0.0,restoration_eval.metrics_lpips,cuda,3.12.6,2.1.3,2.2.3,11.0.0,2.5.1+cu121,0.1.4,ok,
lama__canonical__canonical__p049_loss_large__content_region__lpips,lama__canonical__canonical__p049_loss_large,lama__canonical__canonical__p049_loss_large,lama__canonical__canonical__p049_loss_large,canonical__p049_loss_large,p049_loss_large,canonical__p049_loss_large,canonical,primary,p049,high_texture_brushwork,Peonies,Édouard Manet,Modern French painting,lama,p049_loss_large,loss_large,p049_loss_large,loss_large,content_region,370944,142,0,625,768,45001,False,> 127,8,alex,256,0.1871000975370407,0.059477534145116806,0.1276225633919239,0.06687920005060732,0.3791045000543818,2.0.0,restoration_eval.metrics_lpips,cuda,3.12.6,2.1.3,2.2.3,11.0.0,2.5.1+cu121,0.1.4,ok,
lama__canonical__canonical__p049_loss_large__mask_bbox_crop__lpips,lama__canonical__canonical__p049_loss_large,lama__canonical__canonical__p049_loss_large,lama__canonical__canonical__p049_loss_large,canonical__p049_loss_large,p049_loss_large,canonical__p049_loss_large,canonical,primary,p049,high_texture_brushwork,Peonies,Édouard Manet,Modern French painting,lama,p049_loss_large,loss_large,p049_loss_large,loss_large,mask_bbox_crop,92416,192,93,496,397,45001,False,> 127,8,alex,256,0.5539426207542419,0.256023645401001,0.29791897535324097,0.0418256000848487,0.3791045000543818,2.0.0,restoration_eval.metrics_lpips,cuda,3.12.6,2.1.3,2.2.3,11.0.0,2.5.1+cu121,0.1.4,ok,
lama__canonical__canonical__p049_loss_small__full_image__lpips,lama__canonical__canonical__p049_loss_small,lama__canonical__canonical__p049_loss_small,lama__canonical__canonical__p049_loss_small,canonical__p049_loss_small,p049_loss_small,canonical__p049_loss_small,canonical,primary,p049,high_texture_brushwork,Peonies,Édouard Manet,Modern French painting,lama,p049_loss_small,loss_small,p049_loss_small,loss_small,full_image,589824,0,0,768,768,14475,False,> 127,8,alex,256,0.11301113665103912,0.003954402171075344,0.10905673447996378,0.07394429994747043,0.36368720000609756,2.0.0,restoration_eval.metrics_lpips,cuda,3.12.6,2.1.3,2.2.3,11.0.0,2.5.1+cu121,0.1.4,ok,
lama__canonical__canonical__p049_loss_small__content_region__lpips,lama__canonical__canonical__p049_loss_small,lama__canonical__canonical__p049_loss_small,lama__canonical__canonical__p049_loss_small,canonical__p049_loss_small,p049_loss_small,canonical__p049_loss_small,canonical,primary,p049,high_texture_brushwork,Peonies,Édouard Manet,Modern French painting,lama,p049_loss_small,loss_small,p049_loss_small,loss_small,content_region,370944,142,0,625,768,14475,False,> 127,8,alex,256,0.151131272315979,0.00773406820371747,0.14339720411226153,0.06163010001182556,0.36368720000609756,2.0.0,restoration_eval.metrics_lpips,cuda,3.12.6,2.1.3,2.2.3,11.0.0,2.5.1+cu121,0.1.4,ok,
lama__canonical__canonical__p049_loss_small__mask_bbox_crop__lpips,lama__canonical__canonical__p049_loss_small,lama__canonical__canonical__p049_loss_small,lama__canonical__canonical__p049_loss_small,canonical__p049_loss_small,p049_loss_small,canonical__p049_loss_small,canonical,primary,p049,high_texture_brushwork,Peonies,Édouard Manet,Modern French painting,lama,p049_loss_small,loss_small,p049_loss_small,loss_small,mask_bbox_crop,360000,78,43,678,643,14475,False,> 127,8,alex,256,0.13524098694324493,0.0069115739315748215,0.1283294130116701,0.05680739996023476,0.36368720000609756,2.0.0,restoration_eval.metrics_lpips,cuda,3.12.6,2.1.3,2.2.3,11.0.0,2.5.1+cu121,0.1.4,ok,
lama__canonical__canonical__p049_mixed_damage__full_image__lpips,lama__canonical__canonical__p049_mixed_damage,lama__canonical__canonical__p049_mixed_damage,lama__canonical__canonical__p049_mixed_damage,canonical__p049_mixed_damage,p049_mixed_damage,canonical__p049_mixed_damage,canonical,primary,p049,high_texture_brushwork,Peonies,Édouard Manet,Modern French painting,lama,p049_mixed_damage,mixed_damage,p049_mixed_damage,mixed_damage,full_image,589824,0,0,768,768,49278,False,> 127,8,alex,256,0.3335418999195099,0.024737313389778137,0.30880458652973175,0.07854160002898425,0.37557410006411374,2.0.0,restoration_eval.metrics_lpips,cuda,3.12.6,2.1.3,2.2.3,11.0.0,2.5.1+cu121,0.1.4,ok,
lama__canonical__canonical__p049_mixed_damage__content_region__lpips,lama__canonical__canonical__p049_mixed_damage,lama__canonical__canonical__p049_mixed_damage,lama__canonical__canonical__p049_mixed_damage,canonical__p049_mixed_damage,p049_mixed_damage,canonical__p049_mixed_damage,canonical,primary,p049,high_texture_brushwork,Peonies,Édouard Manet,Modern French painting,lama,p049_mixed_damage,mixed_damage,p049_mixed_damage,mixed_damage,content_region,370944,142,0,625,768,49278,False,> 127,8,alex,256,0.41680908203125,0.039430927485227585,0.3773781545460224,0.06436550000216812,0.37557410006411374,2.0.0,restoration_eval.metrics_lpips,cuda,3.12.6,2.1.3,2.2.3,11.0.0,2.5.1+cu121,0.1.4,ok,
lama__canonical__canonical__p049_mixed_damage__mask_bbox_crop__lpips,lama__canonical__canonical__p049_mixed_damage,lama__canonical__canonical__p049_mixed_damage,lama__canonical__canonical__p049_mixed_damage,canonical__p049_mixed_damage,p049_mixed_damage,canonical__p049_mixed_damage,canonical,primary,p049,high_texture_brushwork,Peonies,Édouard Manet,Modern French painting,lama,p049_mixed_damage,mixed_damage,p049_mixed_damage,mixed_damage,mask_bbox_crop,589824,0,0,768,768,49278,False,> 127,8,alex,256,0.3335418999195099,0.024737313389778137,0.30880458652973175,0.07233830005861819,0.37557410006411374,2.0.0,restoration_eval.metrics_lpips,cuda,3.12.6,2.1.3,2.2.3,11.0.0,2.5.1+cu121,0.1.4,ok,
lama__canonical__canonical__p049_scratch_thin__full_image__lpips,lama__canonical__canonical__p049_scratch_thin,lama__canonical__canonical__p049_scratch_thin,lama__canonical__canonical__p049_scratch_thin,canonical__p049_scratch_thin,p049_scratch_thin,canonical__p049_scratch_thin,canonical,primary,p049,high_texture_brushwork,Peonies,Édouard Manet,Modern French painting,lama,p049_scratch_thin,scratch_thin,p049_scratch_thin,scratch_thin,full_image,589824,0,0,768,768,9601,False,> 127,8,alex,256,0.3013269603252411,0.0007344228797592223,0.30059253744548187,0.07080039998982102,0.3598630999913439,2.0.0,restoration_eval.metrics_lpips,cuda,3.12.6,2.1.3,2.2.3,11.0.0,2.5.1+cu121,0.1.4,ok,
lama__canonical__canonical__p049_scratch_thin__content_region__lpips,lama__canonical__canonical__p049_scratch_thin,lama__canonical__canonical__p049_scratch_thin,lama__canonical__canonical__p049_scratch_thin,canonical__p049_scratch_thin,p049_scratch_thin,canonical__p049_scratch_thin,canonical,primary,p049,high_texture_brushwork,Peonies,Édouard Manet,Modern French painting,lama,p049_scratch_thin,scratch_thin,p049_scratch_thin,scratch_thin,content_region,370944,142,0,625,768,9601,False,> 127,8,alex,256,0.3385690450668335,0.0011319920886307955,0.3374370529782027,0.05719719990156591,0.3598630999913439,2.0.0,restoration_eval.metrics_lpips,cuda,3.12.6,2.1.3,2.2.3,11.0.0,2.5.1+cu121,0.1.4,ok,
lama__canonical__canonical__p049_scratch_thin__mask_bbox_crop__lpips,lama__canonical__canonical__p049_scratch_thin,lama__canonical__canonical__p049_scratch_thin,lama__canonical__canonical__p049_scratch_thin,canonical__p049_scratch_thin,p049_scratch_thin,canonical__p049_scratch_thin,canonical,primary,p049,high_texture_brushwork,Peonies,Édouard Manet,Modern French painting,lama,p049_scratch_thin,scratch_thin,p049_scratch_thin,scratch_thin,mask_bbox_crop,589824,0,0,768,768,9601,False,> 127,8,alex,256,0.3013269603252411,0.0007344228797592223,0.30059253744548187,0.07222380000166595,0.3598630999913439,2.0.0,restoration_eval.metrics_lpips,cuda,3.12.6,2.1.3,2.2.3,11.0.0,2.5.1+cu121,0.1.4,ok,
lama__canonical__canonical__p049_zero_control__full_image__lpips,lama__canonical__canonical__p049_zero_control,lama__canonical__canonical__p049_zero_control,lama__canonical__canonical__p049_zero_control,canonical__p049_zero_control,p049_zero_control,canonical__p049_zero_control,canonical,primary,p049,high_texture_brushwork,Peonies,Édouard Manet,Modern French painting,lama,p049_zero_control,zero_control,p049_zero_control,zero_control,full_image,589824,0,0,768,768,0,True,> 127,8,alex,256,0.0,0.0,0.0,0.06929540005512536,0.2681445999769494,2.0.0,restoration_eval.metrics_lpips,cuda,3.12.6,2.1.3,2.2.3,11.0.0,2.5.1+cu121,0.1.4,ok,
lama__canonical__canonical__p049_zero_control__content_region__lpips,lama__canonical__canonical__p049_zero_control,lama__canonical__canonical__p049_zero_control,lama__canonical__canonical__p049_zero_control,canonical__p049_zero_control,p049_zero_control,canonical__p049_zero_control,canonical,primary,p049,high_texture_brushwork,Peonies,Édouard Manet,Modern French painting,lama,p049_zero_control,zero_control,p049_zero_control,zero_control,content_region,370944,142,0,625,768,0,True,> 127,8,alex,256,0.0,0.0,0.0,0.0603275999892503,0.2681445999769494,2.0.0,restoration_eval.metrics_lpips,cuda,3.12.6,2.1.3,2.2.3,11.0.0,2.5.1+cu121,0.1.4,ok,
lama__canonical__canonical__p050_loss_large__full_image__lpips,lama__canonical__canonical__p050_loss_large,lama__canonical__canonical__p050_loss_large,lama__canonical__canonical__p050_loss_large,canonical__p050_loss_large,p050_loss_large,canonical__p050_loss_large,canonical,primary,p050,high_texture_brushwork,Landscape with a Sunlit Stream,Charles-François Daubigny,,lama,p050_loss_large,loss_large,p050_loss_large,loss_large,full_image,589824,0,0,768,768,54911,False,> 127,8,alex,256,0.2450484037399292,0.05741143226623535,0.18763697147369385,0.06685709999874234,0.3535377000225708,2.0.0,restoration_eval.metrics_lpips,cuda,3.12.6,2.1.3,2.2.3,11.0.0,2.5.1+cu121,0.1.4,ok,
lama__canonical__canonical__p050_loss_large__content_region__lpips,lama__canonical__canonical__p050_loss_large,lama__canonical__canonical__p050_loss_large,lama__canonical__canonical__p050_loss_large,canonical__p050_loss_large,p050_loss_large,canonical__p050_loss_large,canonical,primary,p050,high_texture_brushwork,Landscape with a Sunlit Stream,Charles-François Daubigny,,lama,p050_loss_large,loss_large,p050_loss_large,loss_large,content_region,446976,93,0,675,768,54911,False,> 127,8,alex,256,0.2985846698284149,0.07534578442573547,0.22323888540267944,0.07208459998946637,0.3535377000225708,2.0.0,restoration_eval.metrics_lpips,cuda,3.12.6,2.1.3,2.2.3,11.0.0,2.5.1+cu121,0.1.4,ok,
lama__canonical__canonical__p050_loss_large__mask_bbox_crop__lpips,lama__canonical__canonical__p050_loss_large,lama__canonical__canonical__p050_loss_large,lama__canonical__canonical__p050_loss_large,canonical__p050_loss_large,p050_loss_large,canonical__p050_loss_large,canonical,primary,p050,high_texture_brushwork,Landscape with a Sunlit Stream,Charles-François Daubigny,,lama,p050_loss_large,loss_large,p050_loss_large,loss_large,mask_bbox_crop,102400,324,141,644,461,54911,False,> 127,8,alex,256,0.7497531175613403,0.25841525197029114,0.4913378655910492,0.04436389997135848,0.3535377000225708,2.0.0,restoration_eval.metrics_lpips,cuda,3.12.6,2.1.3,2.2.3,11.0.0,2.5.1+cu121,0.1.4,ok,
lama__canonical__canonical__p050_loss_small__full_image__lpips,lama__canonical__canonical__p050_loss_small,lama__canonical__canonical__p050_loss_small,lama__canonical__canonical__p050_loss_small,canonical__p050_loss_small,p050_loss_small,canonical__p050_loss_small,canonical,primary,p050,high_texture_brushwork,Landscape with a Sunlit Stream,Charles-François Daubigny,,lama,p050_loss_small,loss_small,p050_loss_small,loss_small,full_image,589824,0,0,768,768,18082,False,> 127,8,alex,256,0.29731160402297974,0.010164599865674973,0.28714700415730476,0.07448690000455827,0.3528350000269711,2.0.0,restoration_eval.metrics_lpips,cuda,3.12.6,2.1.3,2.2.3,11.0.0,2.5.1+cu121,0.1.4,ok,
lama__canonical__canonical__p050_loss_small__content_region__lpips,lama__canonical__canonical__p050_loss_small,lama__canonical__canonical__p050_loss_small,lama__canonical__canonical__p050_loss_small,canonical__p050_loss_small,p050_loss_small,canonical__p050_loss_small,canonical,primary,p050,high_texture_brushwork,Landscape with a Sunlit Stream,Charles-François Daubigny,,lama,p050_loss_small,loss_small,p050_loss_small,loss_small,content_region,446976,93,0,675,768,18082,False,> 127,8,alex,256,0.3304612636566162,0.012765269726514816,0.3176959939301014,0.07024000003002584,0.3528350000269711,2.0.0,restoration_eval.metrics_lpips,cuda,3.12.6,2.1.3,2.2.3,11.0.0,2.5.1+cu121,0.1.4,ok,
lama__canonical__canonical__p050_loss_small__mask_bbox_crop__lpips,lama__canonical__canonical__p050_loss_small,lama__canonical__canonical__p050_loss_small,lama__canonical__canonical__p050_loss_small,canonical__p050_loss_small,p050_loss_small,canonical__p050_loss_small,canonical,primary,p050,high_texture_brushwork,Landscape with a Sunlit Stream,Charles-François Daubigny,,lama,p050_loss_small,loss_small,p050_loss_small,loss_small,mask_bbox_crop,290521,127,158,666,697,18082,False,> 127,8,alex,256,0.37453293800354004,0.022890182211995125,0.3516427557915449,0.05106180009897798,0.3528350000269711,2.0.0,restoration_eval.metrics_lpips,cuda,3.12.6,2.1.3,2.2.3,11.0.0,2.5.1+cu121,0.1.4,ok,
lama__canonical__canonical__p050_mixed_damage__full_image__lpips,lama__canonical__canonical__p050_mixed_damage,lama__canonical__canonical__p050_mixed_damage,lama__canonical__canonical__p050_mixed_damage,canonical__p050_mixed_damage,p050_mixed_damage,canonical__p050_mixed_damage,canonical,primary,p050,high_texture_brushwork,Landscape with a Sunlit Stream,Charles-François Daubigny,,lama,p050_mixed_damage,mixed_damage,p050_mixed_damage,mixed_damage,full_image,589824,0,0,768,768,50756,False,> 127,8,alex,256,0.4446590542793274,0.02173755317926407,0.4229215011000633,0.08144560002256185,0.38948310003615916,2.0.0,restoration_eval.metrics_lpips,cuda,3.12.6,2.1.3,2.2.3,11.0.0,2.5.1+cu121,0.1.4,ok,
lama__canonical__canonical__p050_mixed_damage__content_region__lpips,lama__canonical__canonical__p050_mixed_damage,lama__canonical__canonical__p050_mixed_damage,lama__canonical__canonical__p050_mixed_damage,canonical__p050_mixed_damage,p050_mixed_damage,canonical__p050_mixed_damage,canonical,primary,p050,high_texture_brushwork,Landscape with a Sunlit Stream,Charles-François Daubigny,,lama,p050_mixed_damage,mixed_damage,p050_mixed_damage,mixed_damage,content_region,446976,93,0,675,768,50756,False,> 127,8,alex,256,0.5265697836875916,0.03523169830441475,0.4913380853831768,0.07795250008348376,0.38948310003615916,2.0.0,restoration_eval.metrics_lpips,cuda,3.12.6,2.1.3,2.2.3,11.0.0,2.5.1+cu121,0.1.4,ok,
lama__canonical__canonical__p050_mixed_damage__mask_bbox_crop__lpips,lama__canonical__canonical__p050_mixed_damage,lama__canonical__canonical__p050_mixed_damage,lama__canonical__canonical__p050_mixed_damage,canonical__p050_mixed_damage,p050_mixed_damage,canonical__p050_mixed_damage,canonical,primary,p050,high_texture_brushwork,Landscape with a Sunlit Stream,Charles-François Daubigny,,lama,p050_mixed_damage,mixed_damage,p050_mixed_damage,mixed_damage,mask_bbox_crop,589824,0,0,768,768,50756,False,> 127,8,alex,256,0.4446590542793274,0.02173755317926407,0.4229215011000633,0.06754340010229498,0.38948310003615916,2.0.0,restoration_eval.metrics_lpips,cuda,3.12.6,2.1.3,2.2.3,11.0.0,2.5.1+cu121,0.1.4,ok,
lama__canonical__canonical__p050_scratch_thin__full_image__lpips,lama__canonical__canonical__p050_scratch_thin,lama__canonical__canonical__p050_scratch_thin,lama__canonical__canonical__p050_scratch_thin,canonical__p050_scratch_thin,p050_scratch_thin,canonical__p050_scratch_thin,canonical,primary,p050,high_texture_brushwork,Landscape with a Sunlit Stream,Charles-François Daubigny,,lama,p050_scratch_thin,scratch_thin,p050_scratch_thin,scratch_thin,full_image,589824,0,0,768,768,9208,False,> 127,8,alex,256,0.4285852313041687,0.0025339520070701838,0.4260512792970985,0.07182140008080751,0.3850922000128776,2.0.0,restoration_eval.metrics_lpips,cuda,3.12.6,2.1.3,2.2.3,11.0.0,2.5.1+cu121,0.1.4,ok,
lama__canonical__canonical__p050_scratch_thin__content_region__lpips,lama__canonical__canonical__p050_scratch_thin,lama__canonical__canonical__p050_scratch_thin,lama__canonical__canonical__p050_scratch_thin,canonical__p050_scratch_thin,p050_scratch_thin,canonical__p050_scratch_thin,canonical,primary,p050,high_texture_brushwork,Landscape with a Sunlit Stream,Charles-François Daubigny,,lama,p050_scratch_thin,scratch_thin,p050_scratch_thin,scratch_thin,content_region,446976,93,0,675,768,9208,False,> 127,8,alex,256,0.4553123414516449,0.0033370289020240307,0.45197531254962087,0.07051670004148036,0.3850922000128776,2.0.0,restoration_eval.metrics_lpips,cuda,3.12.6,2.1.3,2.2.3,11.0.0,2.5.1+cu121,0.1.4,ok,
lama__canonical__canonical__p050_scratch_thin__mask_bbox_crop__lpips,lama__canonical__canonical__p050_scratch_thin,lama__canonical__canonical__p050_scratch_thin,lama__canonical__canonical__p050_scratch_thin,canonical__p050_scratch_thin,p050_scratch_thin,canonical__p050_scratch_thin,canonical,primary,p050,high_texture_brushwork,Landscape with a Sunlit Stream,Charles-François Daubigny,,lama,p050_scratch_thin,scratch_thin,p050_scratch_thin,scratch_thin,mask_bbox_crop,589824,0,0,768,768,9208,False,> 127,8,alex,256,0.4285852313041687,0.0025339520070701838,0.4260512792970985,0.07831440004520118,0.3850922000128776,2.0.0,restoration_eval.metrics_lpips,cuda,3.12.6,2.1.3,2.2.3,11.0.0,2.5.1+cu121,0.1.4,ok,
lama__canonical__canonical__p050_zero_control__full_image__lpips,lama__canonical__canonical__p050_zero_control,lama__canonical__canonical__p050_zero_control,lama__canonical__canonical__p050_zero_control,canonical__p050_zero_control,p050_zero_control,canonical__p050_zero_control,canonical,primary,p050,high_texture_brushwork,Landscape with a Sunlit Stream,Charles-François Daubigny,,lama,p050_zero_control,zero_control,p050_zero_control,zero_control,full_image,589824,0,0,768,768,0,True,> 127,8,alex,256,0.0,0.0,0.0,0.07520930003374815,0.30742939992342144,2.0.0,restoration_eval.metrics_lpips,cuda,3.12.6,2.1.3,2.2.3,11.0.0,2.5.1+cu121,0.1.4,ok,
lama__canonical__canonical__p050_zero_control__content_region__lpips,lama__canonical__canonical__p050_zero_control,lama__canonical__canonical__p050_zero_control,lama__canonical__canonical__p050_zero_control,canonical__p050_zero_control,p050_zero_control,canonical__p050_zero_control,canonical,primary,p050,high_texture_brushwork,Landscape with a Sunlit Stream,Charles-François Daubigny,,lama,p050_zero_control,zero_control,p050_zero_control,zero_control,content_region,446976,93,0,675,768,0,True,> 127,8,alex,256,0.0,0.0,0.0,0.08389200002420694,0.30742939992342144,2.0.0,restoration_eval.metrics_lpips,cuda,3.12.6,2.1.3,2.2.3,11.0.0,2.5.1+cu121,0.1.4,ok,
lama__damage_size__damage_size__p001__loss_large__size_02pct__full_image__lpips,lama__damage_size__damage_size__p001__loss_large__size_02pct,lama__damage_size__damage_size__p001__loss_large__size_02pct,lama__damage_size__damage_size__p001__loss_large__size_02pct,damage_size__p001__loss_large__size_02pct,p001__loss_large__size_02pct,damage_size__p001__loss_large__size_02pct,damage_size,primary,p001,portrait_figure,Juan de Pareja,Diego Velázquez,Baroque,lama,,,,,full_image,589824,0,0,768,768,10169,False,> 127,8,alex,256,0.11298781633377075,0.0037865873891860247,0.10920122894458473,0.07994519989006221,0.3654296000022441,2.0.0,restoration_eval.metrics_lpips,cuda,3.12.6,2.1.3,2.2.3,11.0.0,2.5.1+cu121,0.1.4,ok,
lama__damage_size__damage_size__p001__loss_large__size_02pct__content_region__lpips,lama__damage_size__damage_size__p001__loss_large__size_02pct,lama__damage_size__damage_size__p001__loss_large__size_02pct,lama__damage_size__damage_size__p001__loss_large__size_02pct,damage_size__p001__loss_large__size_02pct,p001__loss_large__size_02pct,damage_size__p001__loss_large__size_02pct,damage_size,primary,p001,portrait_figure,Juan de Pareja,Diego Velázquez,Baroque,lama,,,,,content_region,509184,52,0,715,768,10169,False,> 127,8,alex,256,0.12216247618198395,0.005055128131061792,0.11710734805092216,0.08205720002297312,0.3654296000022441,2.0.0,restoration_eval.metrics_lpips,cuda,3.12.6,2.1.3,2.2.3,11.0.0,2.5.1+cu121,0.1.4,ok,
lama__damage_size__damage_size__p001__loss_large__size_02pct__mask_bbox_crop__lpips,lama__damage_size__damage_size__p001__loss_large__size_02pct,lama__damage_size__damage_size__p001__loss_large__size_02pct,lama__damage_size__damage_size__p001__loss_large__size_02pct,damage_size__p001__loss_large__size_02pct,p001__loss_large__size_02pct,damage_size__p001__loss_large__size_02pct,damage_size,primary,p001,portrait_figure,Juan de Pareja,Diego Velázquez,Baroque,lama,,,,,mask_bbox_crop,32761,326,125,507,306,10169,False,> 127,8,alex,256,0.6093716621398926,0.07560780644416809,0.5337638556957245,0.03274309996049851,0.3654296000022441,2.0.0,restoration_eval.metrics_lpips,cuda,3.12.6,2.1.3,2.2.3,11.0.0,2.5.1+cu121,0.1.4,ok,
lama__damage_size__damage_size__p001__loss_large__size_04pct__full_image__lpips,lama__damage_size__damage_size__p001__loss_large__size_04pct,lama__damage_size__damage_size__p001__loss_large__size_04pct,lama__damage_size__damage_size__p001__loss_large__size_04pct,damage_size__p001__loss_large__size_04pct,p001__loss_large__size_04pct,damage_size__p001__loss_large__size_04pct,damage_size,primary,p001,portrait_figure,Juan de Pareja,Diego Velázquez,Baroque,lama,,,,,full_image,589824,0,0,768,768,20290,False,> 127,8,alex,256,0.15624479949474335,0.010658850893378258,0.1455859486013651,0.06354799994733185,0.30259910004679114,2.0.0,restoration_eval.metrics_lpips,cuda,3.12.6,2.1.3,2.2.3,11.0.0,2.5.1+cu121,0.1.4,ok,
lama__damage_size__damage_size__p001__loss_large__size_04pct__content_region__lpips,lama__damage_size__damage_size__p001__loss_large__size_04pct,lama__damage_size__damage_size__p001__loss_large__size_04pct,lama__damage_size__damage_size__p001__loss_large__size_04pct,damage_size__p001__loss_large__size_04pct,p001__loss_large__size_04pct,damage_size__p001__loss_large__size_04pct,damage_size,primary,p001,portrait_figure,Juan de Pareja,Diego Velázquez,Baroque,lama,,,,,content_region,509184,52,0,715,768,20290,False,> 127,8,alex,256,0.1711646318435669,0.01380770280957222,0.15735692903399467,0.05989960010629147,0.30259910004679114,2.0.0,restoration_eval.metrics_lpips,cuda,3.12.6,2.1.3,2.2.3,11.0.0,2.5.1+cu121,0.1.4,ok,
lama__damage_size__damage_size__p001__loss_large__size_04pct__mask_bbox_crop__lpips,lama__damage_size__damage_size__p001__loss_large__size_04pct,lama__damage_size__damage_size__p001__loss_large__size_04pct,lama__damage_size__damage_size__p001__loss_large__size_04pct,damage_size__p001__loss_large__size_04pct,p001__loss_large__size_04pct,damage_size__p001__loss_large__size_04pct,damage_size,primary,p001,portrait_figure,Juan de Pareja,Diego Velázquez,Baroque,lama,,,,,mask_bbox_crop,62001,292,91,541,340,20290,False,> 127,8,alex,256,0.6345361471176147,0.10844222456216812,0.5260939225554466,0.03151919995434582,0.30259910004679114,2.0.0,restoration_eval.metrics_lpips,cuda,3.12.6,2.1.3,2.2.3,11.0.0,2.5.1+cu121,0.1.4,ok,
lama__damage_size__damage_size__p001__loss_large__size_06pct__full_image__lpips,lama__damage_size__damage_size__p001__loss_large__size_06pct,lama__damage_size__damage_size__p001__loss_large__size_06pct,lama__damage_size__damage_size__p001__loss_large__size_06pct,damage_size__p001__loss_large__size_06pct,p001__loss_large__size_06pct,damage_size__p001__loss_large__size_06pct,damage_size,primary,p001,portrait_figure,Juan de Pareja,Diego Velázquez,Baroque,lama,,,,,full_image,589824,0,0,768,768,30565,False,> 127,8,alex,256,0.18868473172187805,0.025804581120610237,0.16288015060126781,0.06646520004142076,0.303814799990505,2.0.0,restoration_eval.metrics_lpips,cuda,3.12.6,2.1.3,2.2.3,11.0.0,2.5.1+cu121,0.1.4,ok,
lama__damage_size__damage_size__p001__loss_large__size_06pct__content_region__lpips,lama__damage_size__damage_size__p001__loss_large__size_06pct,lama__damage_size__damage_size__p001__loss_large__size_06pct,lama__damage_size__damage_size__p001__loss_large__size_06pct,damage_size__p001__loss_large__size_06pct,p001__loss_large__size_06pct,damage_size__p001__loss_large__size_06pct,damage_size,primary,p001,portrait_figure,Juan de Pareja,Diego Velázquez,Baroque,lama,,,,,content_region,509184,52,0,715,768,30565,False,> 127,8,alex,256,0.21301794052124023,0.029839467257261276,0.18317847326397896,0.06040610000491142,0.303814799990505,2.0.0,restoration_eval.metrics_lpips,cuda,3.12.6,2.1.3,2.2.3,11.0.0,2.5.1+cu121,0.1.4,ok,
lama__damage_size__damage_size__p001__loss_large__size_06pct__mask_bbox_crop__lpips,lama__damage_size__damage_size__p001__loss_large__size_06pct,lama__damage_size__damage_size__p001__loss_large__size_06pct,lama__damage_size__damage_size__p001__loss_large__size_06pct,damage_size__p001__loss_large__size_06pct,p001__loss_large__size_06pct,damage_size__p001__loss_large__size_06pct,damage_size,primary,p001,portrait_figure,Juan de Pareja,Diego Velázquez,Baroque,lama,,,,,mask_bbox_crop,90601,266,66,567,367,30565,False,> 127,8,alex,256,0.6535192728042603,0.14082959294319153,0.5126896798610687,0.03208569996058941,0.303814799990505,2.0.0,restoration_eval.metrics_lpips,cuda,3.12.6,2.1.3,2.2.3,11.0.0,2.5.1+cu121,0.1.4,ok,
lama__damage_size__damage_size__p001__loss_large__size_08pct__full_image__lpips,lama__damage_size__damage_size__p001__loss_large__size_08pct,lama__damage_size__damage_size__p001__loss_large__size_08pct,lama__damage_size__damage_size__p001__loss_large__size_08pct,damage_size__p001__loss_large__size_08pct,p001__loss_large__size_08pct,damage_size__p001__loss_large__size_08pct,damage_size,primary,p001,portrait_figure,Juan de Pareja,Diego Velázquez,Baroque,lama,,,,,full_image,589824,0,0,768,768,40785,False,> 127,8,alex,256,0.22953854501247406,0.05595681071281433,0.17358173429965973,0.07217200007289648,0.35388790001161397,2.0.0,restoration_eval.metrics_lpips,cuda,3.12.6,2.1.3,2.2.3,11.0.0,2.5.1+cu121,0.1.4,ok,
lama__damage_size__damage_size__p001__loss_large__size_08pct__content_region__lpips,lama__damage_size__damage_size__p001__loss_large__size_08pct,lama__damage_size__damage_size__p001__loss_large__size_08pct,lama__damage_size__damage_size__p001__loss_large__size_08pct,damage_size__p001__loss_large__size_08pct,p001__loss_large__size_08pct,damage_size__p001__loss_large__size_08pct,damage_size,primary,p001,portrait_figure,Juan de Pareja,Diego Velázquez,Baroque,lama,,,,,content_region,509184,52,0,715,768,40785,False,> 127,8,alex,256,0.25207632780075073,0.06388639658689499,0.18818993121385574,0.07573939999565482,0.35388790001161397,2.0.0,restoration_eval.metrics_lpips,cuda,3.12.6,2.1.3,2.2.3,11.0.0,2.5.1+cu121,0.1.4,ok,
lama__damage_size__damage_size__p001__loss_large__size_08pct__mask_bbox_crop__lpips,lama__damage_size__damage_size__p001__loss_large__size_08pct,lama__damage_size__damage_size__p001__loss_large__size_08pct,lama__damage_size__damage_size__p001__loss_large__size_08pct,damage_size__p001__loss_large__size_08pct,p001__loss_large__size_08pct,damage_size__p001__loss_large__size_08pct,damage_size,primary,p001,portrait_figure,Juan de Pareja,Diego Velázquez,Baroque,lama,,,,,mask_bbox_crop,119716,243,42,589,388,40785,False,> 127,8,alex,256,0.6465744972229004,0.2304140329360962,0.4161604642868042,0.03679170005489141,0.35388790001161397,2.0.0,restoration_eval.metrics_lpips,cuda,3.12.6,2.1.3,2.2.3,11.0.0,2.5.1+cu121,0.1.4,ok,
lama__damage_size__damage_size__p001__loss_large__size_10pct__full_image__lpips,lama__damage_size__damage_size__p001__loss_large__size_10pct,lama__damage_size__damage_size__p001__loss_large__size_10pct,lama__damage_size__damage_size__p001__loss_large__size_10pct,damage_size__p001__loss_large__size_10pct,p001__loss_large__size_10pct,damage_size__p001__loss_large__size_10pct,damage_size,primary,p001,portrait_figure,Juan de Pareja,Diego Velázquez,Baroque,lama,,,,,full_image,589824,0,0,768,768,50905,False,> 127,8,alex,256,0.25051191449165344,0.06346951425075531,0.18704240024089813,0.06876079994253814,0.3275762000121176,2.0.0,restoration_eval.metrics_lpips,cuda,3.12.6,2.1.3,2.2.3,11.0.0,2.5.1+cu121,0.1.4,ok,
lama__damage_size__damage_size__p001__loss_large__size_10pct__content_region__lpips,lama__damage_size__damage_size__p001__loss_large__size_10pct,lama__damage_size__damage_size__p001__loss_large__size_10pct,lama__damage_size__damage_size__p001__loss_large__size_10pct,damage_size__p001__loss_large__size_10pct,p001__loss_large__size_10pct,damage_size__p001__loss_large__size_10pct,damage_size,primary,p001,portrait_figure,Juan de Pareja,Diego Velázquez,Baroque,lama,,,,,content_region,509184,52,0,715,768,50905,False,> 127,8,alex,256,0.28399592638015747,0.07252940535545349,0.21146652102470398,0.06139319995418191,0.3275762000121176,2.0.0,restoration_eval.metrics_lpips,cuda,3.12.6,2.1.3,2.2.3,11.0.0,2.5.1+cu121,0.1.4,ok,
lama__damage_size__damage_size__p001__loss_large__size_10pct__mask_bbox_crop__lpips,lama__damage_size__damage_size__p001__loss_large__size_10pct,lama__damage_size__damage_size__p001__loss_large__size_10pct,lama__damage_size__damage_size__p001__loss_large__size_10pct,damage_size__p001__loss_large__size_10pct,p001__loss_large__size_10pct,damage_size__p001__loss_large__size_10pct,damage_size,primary,p001,portrait_figure,Juan de Pareja,Diego Velázquez,Baroque,lama,,,,,mask_bbox_crop,147456,224,23,608,407,50905,False,> 127,8,alex,256,0.6546342968940735,0.21187029778957367,0.4427639991044998,0.03720140003133565,0.3275762000121176,2.0.0,restoration_eval.metrics_lpips,cuda,3.12.6,2.1.3,2.2.3,11.0.0,2.5.1+cu121,0.1.4,ok,
lama__damage_size__damage_size__p001__loss_large__size_15pct__full_image__lpips,lama__damage_size__damage_size__p001__loss_large__size_15pct,lama__damage_size__damage_size__p001__loss_large__size_15pct,lama__damage_size__damage_size__p001__loss_large__size_15pct,damage_size__p001__loss_large__size_15pct,p001__loss_large__size_15pct,damage_size__p001__loss_large__size_15pct,damage_size,primary,p001,portrait_figure,Juan de Pareja,Diego Velázquez,Baroque,lama,,,,,full_image,589824,0,0,768,768,76373,False,> 127,8,alex,256,0.3121989965438843,0.0817796066403389,0.23041938990354538,0.06988970004022121,0.3324163000797853,2.0.0,restoration_eval.metrics_lpips,cuda,3.12.6,2.1.3,2.2.3,11.0.0,2.5.1+cu121,0.1.4,ok,
lama__damage_size__damage_size__p001__loss_large__size_15pct__content_region__lpips,lama__damage_size__damage_size__p001__loss_large__size_15pct,lama__damage_size__damage_size__p001__loss_large__size_15pct,lama__damage_size__damage_size__p001__loss_large__size_15pct,damage_size__p001__loss_large__size_15pct,p001__loss_large__size_15pct,damage_size__p001__loss_large__size_15pct,damage_size,primary,p001,portrait_figure,Juan de Pareja,Diego Velázquez,Baroque,lama,,,,,content_region,509184,52,0,715,768,76373,False,> 127,8,alex,256,0.3392205834388733,0.09181255102157593,0.24740803241729736,0.07286210008896887,0.3324163000797853,2.0.0,restoration_eval.metrics_lpips,cuda,3.12.6,2.1.3,2.2.3,11.0.0,2.5.1+cu121,0.1.4,ok,
lama__damage_size__damage_size__p001__loss_large__size_15pct__mask_bbox_crop__lpips,lama__damage_size__damage_size__p001__loss_large__size_15pct,lama__damage_size__damage_size__p001__loss_large__size_15pct,lama__damage_size__damage_size__p001__loss_large__size_15pct,damage_size__p001__loss_large__size_15pct,p001__loss_large__size_15pct,damage_size__p001__loss_large__size_15pct,damage_size,primary,p001,portrait_figure,Juan de Pareja,Diego Velázquez,Baroque,lama,,,,,mask_bbox_crop,218089,183,0,650,467,76373,False,> 127,8,alex,256,0.6319374442100525,0.1957254558801651,0.4362119883298874,0.04182059993036091,0.3324163000797853,2.0.0,restoration_eval.metrics_lpips,cuda,3.12.6,2.1.3,2.2.3,11.0.0,2.5.1+cu121,0.1.4,ok,
lama__damage_size__damage_size__p001__loss_large__size_20pct__full_image__lpips,lama__damage_size__damage_size__p001__loss_large__size_20pct,lama__damage_size__damage_size__p001__loss_large__size_20pct,lama__damage_size__damage_size__p001__loss_large__size_20pct,damage_size__p001__loss_large__size_20pct,p001__loss_large__size_20pct,damage_size__p001__loss_large__size_20pct,damage_size,primary,p001,portrait_figure,Juan de Pareja,Diego Velázquez,Baroque,lama,,,,,full_image,589824,0,0,768,768,101967,False,> 127,8,alex,256,0.3459026515483856,0.09416909515857697,0.25173355638980865,0.06606790004298091,0.32598460000008345,2.0.0,restoration_eval.metrics_lpips,cuda,3.12.6,2.1.3,2.2.3,11.0.0,2.5.1+cu121,0.1.4,ok,
lama__damage_size__damage_size__p001__loss_large__size_20pct__content_region__lpips,lama__damage_size__damage_size__p001__loss_large__size_20pct,lama__damage_size__damage_size__p001__loss_large__size_20pct,lama__damage_size__damage_size__p001__loss_large__size_20pct,damage_size__p001__loss_large__size_20pct,p001__loss_large__size_20pct,damage_size__p001__loss_large__size_20pct,damage_size,primary,p001,portrait_figure,Juan de Pareja,Diego Velázquez,Baroque,lama,,,,,content_region,509184,52,0,715,768,101967,False,> 127,8,alex,256,0.38026323914527893,0.10928724706172943,0.2709759920835495,0.06939499999862164,0.32598460000008345,2.0.0,restoration_eval.metrics_lpips,cuda,3.12.6,2.1.3,2.2.3,11.0.0,2.5.1+cu121,0.1.4,ok,
lama__damage_size__damage_size__p001__loss_large__size_20pct__mask_bbox_crop__lpips,lama__damage_size__damage_size__p001__loss_large__size_20pct,lama__damage_size__damage_size__p001__loss_large__size_20pct,lama__damage_size__damage_size__p001__loss_large__size_20pct,damage_size__p001__loss_large__size_20pct,p001__loss_large__size_20pct,damage_size__p001__loss_large__size_20pct,damage_size,primary,p001,portrait_figure,Juan de Pareja,Diego Velázquez,Baroque,lama,,,,,mask_bbox_crop,288369,148,0,685,537,101967,False,> 127,8,alex,256,0.5861526131629944,0.18876320123672485,0.39738941192626953,0.05097930005285889,0.32598460000008345,2.0.0,restoration_eval.metrics_lpips,cuda,3.12.6,2.1.3,2.2.3,11.0.0,2.5.1+cu121,0.1.4,ok,
lama__damage_size__damage_size__p018__loss_large__size_02pct__full_image__lpips,lama__damage_size__damage_size__p018__loss_large__size_02pct,lama__damage_size__damage_size__p018__loss_large__size_02pct,lama__damage_size__damage_size__p018__loss_large__size_02pct,damage_size__p018__loss_large__size_02pct,p018__loss_large__size_02pct,damage_size__p018__loss_large__size_02pct,damage_size,primary,p018,landscape_natural,Classical Landscape with Figures,Henri Mauperché,,lama,,,,,full_image,589824,0,0,768,768,7777,False,> 127,8,alex,256,0.04368113726377487,0.010051814839243889,0.03362932242453098,0.07453510002233088,0.34477079997304827,2.0.0,restoration_eval.metrics_lpips,cuda,3.12.6,2.1.3,2.2.3,11.0.0,2.5.1+cu121,0.1.4,ok,
lama__damage_size__damage_size__p018__loss_large__size_02pct__content_region__lpips,lama__damage_size__damage_size__p018__loss_large__size_02pct,lama__damage_size__damage_size__p018__loss_large__size_02pct,lama__damage_size__damage_size__p018__loss_large__size_02pct,damage_size__p018__loss_large__size_02pct,p018__loss_large__size_02pct,damage_size__p018__loss_large__size_02pct,damage_size,primary,p018,landscape_natural,Classical Landscape with Figures,Henri Mauperché,,lama,,,,,content_region,389376,0,130,768,637,7777,False,> 127,8,alex,256,0.06427206844091415,0.019773317500948906,0.04449875093996525,0.07273279991932213,0.34477079997304827,2.0.0,restoration_eval.metrics_lpips,cuda,3.12.6,2.1.3,2.2.3,11.0.0,2.5.1+cu121,0.1.4,ok,
lama__damage_size__damage_size__p018__loss_large__size_02pct__mask_bbox_crop__lpips,lama__damage_size__damage_size__p018__loss_large__size_02pct,lama__damage_size__damage_size__p018__loss_large__size_02pct,lama__damage_size__damage_size__p018__loss_large__size_02pct,damage_size__p018__loss_large__size_02pct,p018__loss_large__size_02pct,damage_size__p018__loss_large__size_02pct,damage_size,primary,p018,landscape_natural,Classical Landscape with Figures,Henri Mauperché,,lama,,,,,mask_bbox_crop,18225,136,344,271,479,7777,False,> 127,8,alex,256,0.6135222911834717,0.26703327894210815,0.3464890122413635,0.04801099991891533,0.34477079997304827,2.0.0,restoration_eval.metrics_lpips,cuda,3.12.6,2.1.3,2.2.3,11.0.0,2.5.1+cu121,0.1.4,ok,
lama__damage_size__damage_size__p018__loss_large__size_04pct__full_image__lpips,lama__damage_size__damage_size__p018__loss_large__size_04pct,lama__damage_size__damage_size__p018__loss_large__size_04pct,lama__damage_size__damage_size__p018__loss_large__size_04pct,damage_size__p018__loss_large__size_04pct,p018__loss_large__size_04pct,damage_size__p018__loss_large__size_04pct,damage_size,primary,p018,landscape_natural,Classical Landscape with Figures,Henri Mauperché,,lama,,,,,full_image,589824,0,0,768,768,15531,False,> 127,8,alex,256,0.06854486465454102,0.01334499940276146,0.055199865251779556,0.08575660001952201,0.3405302999308333,2.0.0,restoration_eval.metrics_lpips,cuda,3.12.6,2.1.3,2.2.3,11.0.0,2.5.1+cu121,0.1.4,ok,
lama__damage_size__damage_size__p018__loss_large__size_04pct__content_region__lpips,lama__damage_size__damage_size__p018__loss_large__size_04pct,lama__damage_size__damage_size__p018__loss_large__size_04pct,lama__damage_size__damage_size__p018__loss_large__size_04pct,damage_size__p018__loss_large__size_04pct,p018__loss_large__size_04pct,damage_size__p018__loss_large__size_04pct,damage_size,primary,p018,landscape_natural,Classical Landscape with Figures,Henri Mauperché,,lama,,,,,content_region,389376,0,130,768,637,15531,False,> 127,8,alex,256,0.09788903594017029,0.023900436237454414,0.07398859970271587,0.06274580000899732,0.3405302999308333,2.0.0,restoration_eval.metrics_lpips,cuda,3.12.6,2.1.3,2.2.3,11.0.0,2.5.1+cu121,0.1.4,ok,
lama__damage_size__damage_size__p018__loss_large__size_04pct__mask_bbox_crop__lpips,lama__damage_size__damage_size__p018__loss_large__size_04pct,lama__damage_size__damage_size__p018__loss_large__size_04pct,lama__damage_size__damage_size__p018__loss_large__size_04pct,damage_size__p018__loss_large__size_04pct,p018__loss_large__size_04pct,damage_size__p018__loss_large__size_04pct,damage_size,primary,p018,landscape_natural,Classical Landscape with Figures,Henri Mauperché,,lama,,,,,mask_bbox_crop,33489,112,320,295,503,15531,False,> 127,8,alex,256,0.6245996952056885,0.23629727959632874,0.38830241560935974,0.04163879994302988,0.3405302999308333,2.0.0,restoration_eval.metrics_lpips,cuda,3.12.6,2.1.3,2.2.3,11.0.0,2.5.1+cu121,0.1.4,ok,
lama__damage_size__damage_size__p018__loss_large__size_06pct__full_image__lpips,lama__damage_size__damage_size__p018__loss_large__size_06pct,lama__damage_size__damage_size__p018__loss_large__size_06pct,lama__damage_size__damage_size__p018__loss_large__size_06pct,damage_size__p018__loss_large__size_06pct,p018__loss_large__size_06pct,damage_size__p018__loss_large__size_06pct,damage_size,primary,p018,landscape_natural,Classical Landscape with Figures,Henri Mauperché,,lama,,,,,full_image,589824,0,0,768,768,23407,False,> 127,8,alex,256,0.08698108792304993,0.0197976715862751,0.06718341633677483,0.07650439999997616,0.33381360000930727,2.0.0,restoration_eval.metrics_lpips,cuda,3.12.6,2.1.3,2.2.3,11.0.0,2.5.1+cu121,0.1.4,ok,
lama__damage_size__damage_size__p018__loss_large__size_06pct__content_region__lpips,lama__damage_size__damage_size__p018__loss_large__size_06pct,lama__damage_size__damage_size__p018__loss_large__size_06pct,lama__damage_size__damage_size__p018__loss_large__size_06pct,damage_size__p018__loss_large__size_06pct,p018__loss_large__size_06pct,damage_size__p018__loss_large__size_06pct,damage_size,primary,p018,landscape_natural,Classical Landscape with Figures,Henri Mauperché,,lama,,,,,content_region,389376,0,130,768,637,23407,False,> 127,8,alex,256,0.131101593375206,0.03288859874010086,0.09821299463510513,0.08633329998701811,0.33381360000930727,2.0.0,restoration_eval.metrics_lpips,cuda,3.12.6,2.1.3,2.2.3,11.0.0,2.5.1+cu121,0.1.4,ok,
lama__damage_size__damage_size__p018__loss_large__size_06pct__mask_bbox_crop__lpips,lama__damage_size__damage_size__p018__loss_large__size_06pct,lama__damage_size__damage_size__p018__loss_large__size_06pct,lama__damage_size__damage_size__p018__loss_large__size_06pct,damage_size__p018__loss_large__size_06pct,p018__loss_large__size_06pct,damage_size__p018__loss_large__size_06pct,damage_size,primary,p018,landscape_natural,Classical Landscape with Figures,Henri Mauperché,,lama,,,,,mask_bbox_crop,48841,93,301,314,522,23407,False,> 127,8,alex,256,0.6265453696250916,0.2242703139781952,0.40227505564689636,0.03664780000690371,0.33381360000930727,2.0.0,restoration_eval.metrics_lpips,cuda,3.12.6,2.1.3,2.2.3,11.0.0,2.5.1+cu121,0.1.4,ok,
lama__damage_size__damage_size__p018__loss_large__size_08pct__full_image__lpips,lama__damage_size__damage_size__p018__loss_large__size_08pct,lama__damage_size__damage_size__p018__loss_large__size_08pct,lama__damage_size__damage_size__p018__loss_large__size_08pct,damage_size__p018__loss_large__size_08pct,p018__loss_large__size_08pct,damage_size__p018__loss_large__size_08pct,damage_size,primary,p018,landscape_natural,Classical Landscape with Figures,Henri Mauperché,,lama,,,,,full_image,589824,0,0,768,768,31189,False,> 127,8,alex,256,0.10274414718151093,0.02210470475256443,0.0806394424289465,0.06574830005411059,0.30239179998170584,2.0.0,restoration_eval.metrics_lpips,cuda,3.12.6,2.1.3,2.2.3,11.0.0,2.5.1+cu121,0.1.4,ok,
lama__damage_size__damage_size__p018__loss_large__size_08pct__content_region__lpips,lama__damage_size__damage_size__p018__loss_large__size_08pct,lama__damage_size__damage_size__p018__loss_large__size_08pct,lama__damage_size__damage_size__p018__loss_large__size_08pct,damage_size__p018__loss_large__size_08pct,p018__loss_large__size_08pct,damage_size__p018__loss_large__size_08pct,damage_size,primary,p018,landscape_natural,Classical Landscape with Figures,Henri Mauperché,,lama,,,,,content_region,389376,0,130,768,637,31189,False,> 127,8,alex,256,0.14786101877689362,0.039403948932886124,0.10845706984400749,0.053397699957713485,0.30239179998170584,2.0.0,restoration_eval.metrics_lpips,cuda,3.12.6,2.1.3,2.2.3,11.0.0,2.5.1+cu121,0.1.4,ok,
lama__damage_size__damage_size__p018__loss_large__size_08pct__mask_bbox_crop__lpips,lama__damage_size__damage_size__p018__loss_large__size_08pct,lama__damage_size__damage_size__p018__loss_large__size_08pct,lama__damage_size__damage_size__p018__loss_large__size_08pct,damage_size__p018__loss_large__size_08pct,p018__loss_large__size_08pct,damage_size__p018__loss_large__size_08pct,damage_size,primary,p018,landscape_natural,Classical Landscape with Figures,Henri Mauperché,,lama,,,,,mask_bbox_crop,64009,77,285,330,538,31189,False,> 127,8,alex,256,0.6462397575378418,0.2187238335609436,0.4275159239768982,0.03109330008737743,0.30239179998170584,2.0.0,restoration_eval.metrics_lpips,cuda,3.12.6,2.1.3,2.2.3,11.0.0,2.5.1+cu121,0.1.4,ok,
lama__damage_size__damage_size__p018__loss_large__size_10pct__full_image__lpips,lama__damage_size__damage_size__p018__loss_large__size_10pct,lama__damage_size__damage_size__p018__loss_large__size_10pct,lama__damage_size__damage_size__p018__loss_large__size_10pct,damage_size__p018__loss_large__size_10pct,p018__loss_large__size_10pct,damage_size__p018__loss_large__size_10pct,damage_size,primary,p018,landscape_natural,Classical Landscape with Figures,Henri Mauperché,,lama,,,,,full_image,589824,0,0,768,768,38979,False,> 127,8,alex,256,0.12006676942110062,0.026451990008354187,0.09361477941274643,0.0660109999589622,0.29831610003020614,2.0.0,restoration_eval.metrics_lpips,cuda,3.12.6,2.1.3,2.2.3,11.0.0,2.5.1+cu121,0.1.4,ok,
lama__damage_size__damage_size__p018__loss_large__size_10pct__content_region__lpips,lama__damage_size__damage_size__p018__loss_large__size_10pct,lama__damage_size__damage_size__p018__loss_large__size_10pct,lama__damage_size__damage_size__p018__loss_large__size_10pct,damage_size__p018__loss_large__size_10pct,p018__loss_large__size_10pct,damage_size__p018__loss_large__size_10pct,damage_size,primary,p018,landscape_natural,Classical Landscape with Figures,Henri Mauperché,,lama,,,,,content_region,389376,0,130,768,637,38979,False,> 127,8,alex,256,0.16900037229061127,0.04568498954176903,0.12331538274884224,0.05198939994443208,0.29831610003020614,2.0.0,restoration_eval.metrics_lpips,cuda,3.12.6,2.1.3,2.2.3,11.0.0,2.5.1+cu121,0.1.4,ok,
lama__damage_size__damage_size__p018__loss_large__size_10pct__mask_bbox_crop__lpips,lama__damage_size__damage_size__p018__loss_large__size_10pct,lama__damage_size__damage_size__p018__loss_large__size_10pct,lama__damage_size__damage_size__p018__loss_large__size_10pct,damage_size__p018__loss_large__size_10pct,p018__loss_large__size_10pct,damage_size__p018__loss_large__size_10pct,damage_size,primary,p018,landscape_natural,Classical Landscape with Figures,Henri Mauperché,,lama,,,,,mask_bbox_crop,78961,63,271,344,552,38979,False,> 127,8,alex,256,0.6515640616416931,0.2333865910768509,0.4181774705648422,0.03097750002052635,0.29831610003020614,2.0.0,restoration_eval.metrics_lpips,cuda,3.12.6,2.1.3,2.2.3,11.0.0,2.5.1+cu121,0.1.4,ok,
lama__damage_size__damage_size__p018__loss_large__size_15pct__full_image__lpips,lama__damage_size__damage_size__p018__loss_large__size_15pct,lama__damage_size__damage_size__p018__loss_large__size_15pct,lama__damage_size__damage_size__p018__loss_large__size_15pct,damage_size__p018__loss_large__size_15pct,p018__loss_large__size_15pct,damage_size__p018__loss_large__size_15pct,damage_size,primary,p018,landscape_natural,Classical Landscape with Figures,Henri Mauperché,,lama,,,,,full_image,589824,0,0,768,768,58322,False,> 127,8,alex,256,0.14450305700302124,0.03397930786013603,0.11052374914288521,0.06315910001285374,0.2925375000340864,2.0.0,restoration_eval.metrics_lpips,cuda,3.12.6,2.1.3,2.2.3,11.0.0,2.5.1+cu121,0.1.4,ok,
lama__damage_size__damage_size__p018__loss_large__size_15pct__content_region__lpips,lama__damage_size__damage_size__p018__loss_large__size_15pct,lama__damage_size__damage_size__p018__loss_large__size_15pct,lama__damage_size__damage_size__p018__loss_large__size_15pct,damage_size__p018__loss_large__size_15pct,p018__loss_large__size_15pct,damage_size__p018__loss_large__size_15pct,damage_size,primary,p018,landscape_natural,Classical Landscape with Figures,Henri Mauperché,,lama,,,,,content_region,389376,0,130,768,637,58322,False,> 127,8,alex,256,0.2098197191953659,0.058038610965013504,0.1517811082303524,0.05013689992483705,0.2925375000340864,2.0.0,restoration_eval.metrics_lpips,cuda,3.12.6,2.1.3,2.2.3,11.0.0,2.5.1+cu121,0.1.4,ok,
lama__damage_size__damage_size__p018__loss_large__size_15pct__mask_bbox_crop__lpips,lama__damage_size__damage_size__p018__loss_large__size_15pct,lama__damage_size__damage_size__p018__loss_large__size_15pct,lama__damage_size__damage_size__p018__loss_large__size_15pct,damage_size__p018__loss_large__size_15pct,p018__loss_large__size_15pct,damage_size__p018__loss_large__size_15pct,damage_size,primary,p018,landscape_natural,Classical Landscape with Figures,Henri Mauperché,,lama,,,,,mask_bbox_crop,115600,33,242,373,582,58322,False,> 127,8,alex,256,0.6205376386642456,0.2162725329399109,0.4042651057243347,0.03665439994074404,0.2925375000340864,2.0.0,restoration_eval.metrics_lpips,cuda,3.12.6,2.1.3,2.2.3,11.0.0,2.5.1+cu121,0.1.4,ok,
lama__damage_size__damage_size__p018__loss_large__size_20pct__full_image__lpips,lama__damage_size__damage_size__p018__loss_large__size_20pct,lama__damage_size__damage_size__p018__loss_large__size_20pct,lama__damage_size__damage_size__p018__loss_large__size_20pct,damage_size__p018__loss_large__size_20pct,p018__loss_large__size_20pct,damage_size__p018__loss_large__size_20pct,damage_size,primary,p018,landscape_natural,Classical Landscape with Figures,Henri Mauperché,,lama,,,,,full_image,589824,0,0,768,768,77936,False,> 127,8,alex,256,0.17897213995456696,0.05199505388736725,0.1269770860671997,0.06354350002948195,0.30522670003119856,2.0.0,restoration_eval.metrics_lpips,cuda,3.12.6,2.1.3,2.2.3,11.0.0,2.5.1+cu121,0.1.4,ok,
lama__damage_size__damage_size__p018__loss_large__size_20pct__content_region__lpips,lama__damage_size__damage_size__p018__loss_large__size_20pct,lama__damage_size__damage_size__p018__loss_large__size_20pct,lama__damage_size__damage_size__p018__loss_large__size_20pct,damage_size__p018__loss_large__size_20pct,p018__loss_large__size_20pct,damage_size__p018__loss_large__size_20pct,damage_size,primary,p018,landscape_natural,Classical Landscape with Figures,Henri Mauperché,,lama,,,,,content_region,389376,0,130,768,637,77936,False,> 127,8,alex,256,0.2547188103199005,0.08862181007862091,0.1660970002412796,0.054333999985828996,0.30522670003119856,2.0.0,restoration_eval.metrics_lpips,cuda,3.12.6,2.1.3,2.2.3,11.0.0,2.5.1+cu121,0.1.4,ok,
lama__damage_size__damage_size__p018__loss_large__size_20pct__mask_bbox_crop__lpips,lama__damage_size__damage_size__p018__loss_large__size_20pct,lama__damage_size__damage_size__p018__loss_large__size_20pct,lama__damage_size__damage_size__p018__loss_large__size_20pct,damage_size__p018__loss_large__size_20pct,p018__loss_large__size_20pct,damage_size__p018__loss_large__size_20pct,damage_size,primary,p018,landscape_natural,Classical Landscape with Figures,Henri Mauperché,,lama,,,,,mask_bbox_crop,152881,8,216,399,607,77936,False,> 127,8,alex,256,0.6084251403808594,0.24454155564308167,0.3638835847377777,0.03575849998742342,0.30522670003119856,2.0.0,restoration_eval.metrics_lpips,cuda,3.12.6,2.1.3,2.2.3,11.0.0,2.5.1+cu121,0.1.4,ok,
lama__damage_size__damage_size__p026__loss_large__size_02pct__full_image__lpips,lama__damage_size__damage_size__p026__loss_large__size_02pct,lama__damage_size__damage_size__p026__loss_large__size_02pct,lama__damage_size__damage_size__p026__loss_large__size_02pct,damage_size__p026__loss_large__size_02pct,p026__loss_large__size_02pct,damage_size__p026__loss_large__size_02pct,damage_size,primary,p026,architecture_structured,View of a Village along a River,attributed to Jan Brueghel I,,lama,,,,,full_image,589824,0,0,768,768,8147,False,> 127,8,alex,256,0.06694623827934265,0.0006098918966017663,0.06633634638274089,0.06932709994725883,0.3397238999605179,2.0.0,restoration_eval.metrics_lpips,cuda,3.12.6,2.1.3,2.2.3,11.0.0,2.5.1+cu121,0.1.4,ok,
lama__damage_size__damage_size__p026__loss_large__size_02pct__content_region__lpips,lama__damage_size__damage_size__p026__loss_large__size_02pct,lama__damage_size__damage_size__p026__loss_large__size_02pct,lama__damage_size__damage_size__p026__loss_large__size_02pct,damage_size__p026__loss_large__size_02pct,p026__loss_large__size_02pct,damage_size__p026__loss_large__size_02pct,damage_size,primary,p026,architecture_structured,View of a Village along a River,attributed to Jan Brueghel I,,lama,,,,,content_region,406272,0,119,768,648,8147,False,> 127,8,alex,256,0.08602499961853027,0.0009354595676995814,0.08508954005083069,0.058851599926128983,0.3397238999605179,2.0.0,restoration_eval.metrics_lpips,cuda,3.12.6,2.1.3,2.2.3,11.0.0,2.5.1+cu121,0.1.4,ok,
lama__damage_size__damage_size__p026__loss_large__size_02pct__mask_bbox_crop__lpips,lama__damage_size__damage_size__p026__loss_large__size_02pct,lama__damage_size__damage_size__p026__loss_large__size_02pct,lama__damage_size__damage_size__p026__loss_large__size_02pct,damage_size__p026__loss_large__size_02pct,p026__loss_large__size_02pct,damage_size__p026__loss_large__size_02pct,damage_size,primary,p026,architecture_structured,View of a Village along a River,attributed to Jan Brueghel I,,lama,,,,,mask_bbox_crop,16384,479,262,607,390,8147,False,> 127,8,alex,256,0.6553181409835815,0.09630772471427917,0.5590104162693024,0.03779129998292774,0.3397238999605179,2.0.0,restoration_eval.metrics_lpips,cuda,3.12.6,2.1.3,2.2.3,11.0.0,2.5.1+cu121,0.1.4,ok,
lama__damage_size__damage_size__p026__loss_large__size_04pct__full_image__lpips,lama__damage_size__damage_size__p026__loss_large__size_04pct,lama__damage_size__damage_size__p026__loss_large__size_04pct,lama__damage_size__damage_size__p026__loss_large__size_04pct,damage_size__p026__loss_large__size_04pct,p026__loss_large__size_04pct,damage_size__p026__loss_large__size_04pct,damage_size,primary,p026,architecture_structured,View of a Village along a River,attributed to Jan Brueghel I,,lama,,,,,full_image,589824,0,0,768,768,16243,False,> 127,8,alex,256,0.08601473271846771,0.0028952700085937977,0.08311946270987391,0.06803570000920445,0.33969470008742064,2.0.0,restoration_eval.metrics_lpips,cuda,3.12.6,2.1.3,2.2.3,11.0.0,2.5.1+cu121,0.1.4,ok,
lama__damage_size__damage_size__p026__loss_large__size_04pct__content_region__lpips,lama__damage_size__damage_size__p026__loss_large__size_04pct,lama__damage_size__damage_size__p026__loss_large__size_04pct,lama__damage_size__damage_size__p026__loss_large__size_04pct,damage_size__p026__loss_large__size_04pct,p026__loss_large__size_04pct,damage_size__p026__loss_large__size_04pct,damage_size,primary,p026,architecture_structured,View of a Village along a River,attributed to Jan Brueghel I,,lama,,,,,content_region,406272,0,119,768,648,16243,False,> 127,8,alex,256,0.11563964188098907,0.004366892855614424,0.11127274902537465,0.062256100005470216,0.33969470008742064,2.0.0,restoration_eval.metrics_lpips,cuda,3.12.6,2.1.3,2.2.3,11.0.0,2.5.1+cu121,0.1.4,ok,
lama__damage_size__damage_size__p026__loss_large__size_04pct__mask_bbox_crop__lpips,lama__damage_size__damage_size__p026__loss_large__size_04pct,lama__damage_size__damage_size__p026__loss_large__size_04pct,lama__damage_size__damage_size__p026__loss_large__size_04pct,damage_size__p026__loss_large__size_04pct,p026__loss_large__size_04pct,damage_size__p026__loss_large__size_04pct,damage_size,primary,p026,architecture_structured,View of a Village along a River,attributed to Jan Brueghel I,,lama,,,,,mask_bbox_crop,30625,456,240,631,415,16243,False,> 127,8,alex,256,0.6535576581954956,0.1319011151790619,0.5216565430164337,0.03885110002011061,0.33969470008742064,2.0.0,restoration_eval.metrics_lpips,cuda,3.12.6,2.1.3,2.2.3,11.0.0,2.5.1+cu121,0.1.4,ok,
lama__damage_size__damage_size__p026__loss_large__size_06pct__full_image__lpips,lama__damage_size__damage_size__p026__loss_large__size_06pct,lama__damage_size__damage_size__p026__loss_large__size_06pct,lama__damage_size__damage_size__p026__loss_large__size_06pct,damage_size__p026__loss_large__size_06pct,p026__loss_large__size_06pct,damage_size__p026__loss_large__size_06pct,damage_size,primary,p026,architecture_structured,View of a Village along a River,attributed to Jan Brueghel I,,lama,,,,,full_image,589824,0,0,768,768,24409,False,> 127,8,alex,256,0.11272639036178589,0.006675741635262966,0.10605064872652292,0.07731600000988692,0.3471360000548884,2.0.0,restoration_eval.metrics_lpips,cuda,3.12.6,2.1.3,2.2.3,11.0.0,2.5.1+cu121,0.1.4,ok,
lama__damage_size__damage_size__p026__loss_large__size_06pct__content_region__lpips,lama__damage_size__damage_size__p026__loss_large__size_06pct,lama__damage_size__damage_size__p026__loss_large__size_06pct,lama__damage_size__damage_size__p026__loss_large__size_06pct,damage_size__p026__loss_large__size_06pct,p026__loss_large__size_06pct,damage_size__p026__loss_large__size_06pct,damage_size,primary,p026,architecture_structured,View of a Village along a River,attributed to Jan Brueghel I,,lama,,,,,content_region,406272,0,119,768,648,24409,False,> 127,8,alex,256,0.14517992734909058,0.009521141648292542,0.13565878570079803,0.06624269997701049,0.3471360000548884,2.0.0,restoration_eval.metrics_lpips,cuda,3.12.6,2.1.3,2.2.3,11.0.0,2.5.1+cu121,0.1.4,ok,
lama__damage_size__damage_size__p026__loss_large__size_06pct__mask_bbox_crop__lpips,lama__damage_size__damage_size__p026__loss_large__size_06pct,lama__damage_size__damage_size__p026__loss_large__size_06pct,lama__damage_size__damage_size__p026__loss_large__size_06pct,damage_size__p026__loss_large__size_06pct,p026__loss_large__size_06pct,damage_size__p026__loss_large__size_06pct,damage_size,primary,p026,architecture_structured,View of a Village along a River,attributed to Jan Brueghel I,,lama,,,,,mask_bbox_crop,44521,438,221,649,432,24409,False,> 127,8,alex,256,0.6626418232917786,0.1444486379623413,0.5181931853294373,0.04087239992804825,0.3471360000548884,2.0.0,restoration_eval.metrics_lpips,cuda,3.12.6,2.1.3,2.2.3,11.0.0,2.5.1+cu121,0.1.4,ok,
lama__damage_size__damage_size__p026__loss_large__size_08pct__full_image__lpips,lama__damage_size__damage_size__p026__loss_large__size_08pct,lama__damage_size__damage_size__p026__loss_large__size_08pct,lama__damage_size__damage_size__p026__loss_large__size_08pct,damage_size__p026__loss_large__size_08pct,p026__loss_large__size_08pct,damage_size__p026__loss_large__size_08pct,damage_size,primary,p026,architecture_structured,View of a Village along a River,attributed to Jan Brueghel I,,lama,,,,,full_image,589824,0,0,768,768,32448,False,> 127,8,alex,256,0.13129858672618866,0.00831673014909029,0.12298185657709837,0.07259450003039092,0.34818700002506375,2.0.0,restoration_eval.metrics_lpips,cuda,3.12.6,2.1.3,2.2.3,11.0.0,2.5.1+cu121,0.1.4,ok,
lama__damage_size__damage_size__p026__loss_large__size_08pct__content_region__lpips,lama__damage_size__damage_size__p026__loss_large__size_08pct,lama__damage_size__damage_size__p026__loss_large__size_08pct,lama__damage_size__damage_size__p026__loss_large__size_08pct,damage_size__p026__loss_large__size_08pct,p026__loss_large__size_08pct,damage_size__p026__loss_large__size_08pct,damage_size,primary,p026,architecture_structured,View of a Village along a River,attributed to Jan Brueghel I,,lama,,,,,content_region,406272,0,119,768,648,32448,False,> 127,8,alex,256,0.1714996099472046,0.015014082193374634,0.15648552775382996,0.061426900094375014,0.34818700002506375,2.0.0,restoration_eval.metrics_lpips,cuda,3.12.6,2.1.3,2.2.3,11.0.0,2.5.1+cu121,0.1.4,ok,
lama__damage_size__damage_size__p026__loss_large__size_08pct__mask_bbox_crop__lpips,lama__damage_size__damage_size__p026__loss_large__size_08pct,lama__damage_size__damage_size__p026__loss_large__size_08pct,lama__damage_size__damage_size__p026__loss_large__size_08pct,damage_size__p026__loss_large__size_08pct,p026__loss_large__size_08pct,damage_size__p026__loss_large__size_08pct,damage_size,primary,p026,architecture_structured,View of a Village along a River,attributed to Jan Brueghel I,,lama,,,,,mask_bbox_crop,57600,423,206,663,446,32448,False,> 127,8,alex,256,0.6642674207687378,0.14776204526424408,0.5165053755044937,0.05523599998559803,0.34818700002506375,2.0.0,restoration_eval.metrics_lpips,cuda,3.12.6,2.1.3,2.2.3,11.0.0,2.5.1+cu121,0.1.4,ok,
lama__damage_size__damage_size__p026__loss_large__size_10pct__full_image__lpips,lama__damage_size__damage_size__p026__loss_large__size_10pct,lama__damage_size__damage_size__p026__loss_large__size_10pct,lama__damage_size__damage_size__p026__loss_large__size_10pct,damage_size__p026__loss_large__size_10pct,p026__loss_large__size_10pct,damage_size__p026__loss_large__size_10pct,damage_size,primary,p026,architecture_structured,View of a Village along a River,attributed to Jan Brueghel I,,lama,,,,,full_image,589824,0,0,768,768,40622,False,> 127,8,alex,256,0.14935944974422455,0.014410552568733692,0.13494889717549086,0.07724240003153682,0.34192549996078014,2.0.0,restoration_eval.metrics_lpips,cuda,3.12.6,2.1.3,2.2.3,11.0.0,2.5.1+cu121,0.1.4,ok,
lama__damage_size__damage_size__p026__loss_large__size_10pct__content_region__lpips,lama__damage_size__damage_size__p026__loss_large__size_10pct,lama__damage_size__damage_size__p026__loss_large__size_10pct,lama__damage_size__damage_size__p026__loss_large__size_10pct,damage_size__p026__loss_large__size_10pct,p026__loss_large__size_10pct,damage_size__p026__loss_large__size_10pct,damage_size,primary,p026,architecture_structured,View of a Village along a River,attributed to Jan Brueghel I,,lama,,,,,content_region,406272,0,119,768,648,40622,False,> 127,8,alex,256,0.2004183679819107,0.023013759404420853,0.17740460857748985,0.06391940009780228,0.34192549996078014,2.0.0,restoration_eval.metrics_lpips,cuda,3.12.6,2.1.3,2.2.3,11.0.0,2.5.1+cu121,0.1.4,ok,
lama__damage_size__damage_size__p026__loss_large__size_10pct__mask_bbox_crop__lpips,lama__damage_size__damage_size__p026__loss_large__size_10pct,lama__damage_size__damage_size__p026__loss_large__size_10pct,lama__damage_size__damage_size__p026__loss_large__size_10pct,damage_size__p026__loss_large__size_10pct,p026__loss_large__size_10pct,damage_size__p026__loss_large__size_10pct,damage_size,primary,p026,architecture_structured,View of a Village along a River,attributed to Jan Brueghel I,,lama,,,,,mask_bbox_crop,71289,410,193,677,460,40622,False,> 127,8,alex,256,0.6740133762359619,0.1717798262834549,0.502233549952507,0.04780689999461174,0.34192549996078014,2.0.0,restoration_eval.metrics_lpips,cuda,3.12.6,2.1.3,2.2.3,11.0.0,2.5.1+cu121,0.1.4,ok,
lama__damage_size__damage_size__p026__loss_large__size_15pct__full_image__lpips,lama__damage_size__damage_size__p026__loss_large__size_15pct,lama__damage_size__damage_size__p026__loss_large__size_15pct,lama__damage_size__damage_size__p026__loss_large__size_15pct,damage_size__p026__loss_large__size_15pct,p026__loss_large__size_15pct,damage_size__p026__loss_large__size_15pct,damage_size,primary,p026,architecture_structured,View of a Village along a River,attributed to Jan Brueghel I,,lama,,,,,full_image,589824,0,0,768,768,60957,False,> 127,8,alex,256,0.19142252206802368,0.03632178530097008,0.1551007367670536,0.12828629999421537,0.4154061999870464,2.0.0,restoration_eval.metrics_lpips,cuda,3.12.6,2.1.3,2.2.3,11.0.0,2.5.1+cu121,0.1.4,ok,
lama__damage_size__damage_size__p026__loss_large__size_15pct__content_region__lpips,lama__damage_size__damage_size__p026__loss_large__size_15pct,lama__damage_size__damage_size__p026__loss_large__size_15pct,lama__damage_size__damage_size__p026__loss_large__size_15pct,damage_size__p026__loss_large__size_15pct,p026__loss_large__size_15pct,damage_size__p026__loss_large__size_15pct,damage_size,primary,p026,architecture_structured,View of a Village along a River,attributed to Jan Brueghel I,,lama,,,,,content_region,406272,0,119,768,648,60957,False,> 127,8,alex,256,0.25955724716186523,0.05786780267953873,0.2016894444823265,0.06768340000417084,0.4154061999870464,2.0.0,restoration_eval.metrics_lpips,cuda,3.12.6,2.1.3,2.2.3,11.0.0,2.5.1+cu121,0.1.4,ok,
lama__damage_size__damage_size__p026__loss_large__size_15pct__mask_bbox_crop__lpips,lama__damage_size__damage_size__p026__loss_large__size_15pct,lama__damage_size__damage_size__p026__loss_large__size_15pct,lama__damage_size__damage_size__p026__loss_large__size_15pct,damage_size__p026__loss_large__size_15pct,p026__loss_large__size_15pct,damage_size__p026__loss_large__size_15pct,damage_size,primary,p026,architecture_structured,View of a Village along a River,attributed to Jan Brueghel I,,lama,,,,,mask_bbox_crop,104976,381,165,705,489,60957,False,> 127,8,alex,256,0.6818256378173828,0.2299642562866211,0.4518613815307617,0.04940550005994737,0.4154061999870464,2.0.0,restoration_eval.metrics_lpips,cuda,3.12.6,2.1.3,2.2.3,11.0.0,2.5.1+cu121,0.1.4,ok,
lama__damage_size__damage_size__p026__loss_large__size_20pct__full_image__lpips,lama__damage_size__damage_size__p026__loss_large__size_20pct,lama__damage_size__damage_size__p026__loss_large__size_20pct,lama__damage_size__damage_size__p026__loss_large__size_20pct,damage_size__p026__loss_large__size_20pct,p026__loss_large__size_20pct,damage_size__p026__loss_large__size_20pct,damage_size,primary,p026,architecture_structured,View of a Village along a River,attributed to Jan Brueghel I,,lama,,,,,full_image,589824,0,0,768,768,81200,False,> 127,8,alex,256,0.2377534955739975,0.05516587942838669,0.1825876161456108,0.0732663000235334,0.3575727000134066,2.0.0,restoration_eval.metrics_lpips,cuda,3.12.6,2.1.3,2.2.3,11.0.0,2.5.1+cu121,0.1.4,ok,
lama__damage_size__damage_size__p026__loss_large__size_20pct__content_region__lpips,lama__damage_size__damage_size__p026__loss_large__size_20pct,lama__damage_size__damage_size__p026__loss_large__size_20pct,lama__damage_size__damage_size__p026__loss_large__size_20pct,damage_size__p026__loss_large__size_20pct,p026__loss_large__size_20pct,damage_size__p026__loss_large__size_20pct,damage_size,primary,p026,architecture_structured,View of a Village along a River,attributed to Jan Brueghel I,,lama,,,,,content_region,406272,0,119,768,648,81200,False,> 127,8,alex,256,0.31139975786209106,0.08953507989645004,0.22186467796564102,0.06608099990990013,0.3575727000134066,2.0.0,restoration_eval.metrics_lpips,cuda,3.12.6,2.1.3,2.2.3,11.0.0,2.5.1+cu121,0.1.4,ok,
lama__damage_size__damage_size__p026__loss_large__size_20pct__mask_bbox_crop__lpips,lama__damage_size__damage_size__p026__loss_large__size_20pct,lama__damage_size__damage_size__p026__loss_large__size_20pct,lama__damage_size__damage_size__p026__loss_large__size_20pct,damage_size__p026__loss_large__size_20pct,p026__loss_large__size_20pct,damage_size__p026__loss_large__size_20pct,damage_size,primary,p026,architecture_structured,View of a Village along a River,attributed to Jan Brueghel I,,lama,,,,,mask_bbox_crop,137641,358,141,729,512,81200,False,> 127,8,alex,256,0.7032118439674377,0.2446129024028778,0.45859894156455994,0.041669399943202734,0.3575727000134066,2.0.0,restoration_eval.metrics_lpips,cuda,3.12.6,2.1.3,2.2.3,11.0.0,2.5.1+cu121,0.1.4,ok,
lama__damage_size__damage_size__p039__loss_large__size_02pct__full_image__lpips,lama__damage_size__damage_size__p039__loss_large__size_02pct,lama__damage_size__damage_size__p039__loss_large__size_02pct,lama__damage_size__damage_size__p039__loss_large__size_02pct,damage_size__p039__loss_large__size_02pct,p039__loss_large__size_02pct,damage_size__p039__loss_large__size_02pct,damage_size,primary,p039,abstraction_surrealism,Painting with Troika,Wassily Kandinsky,,lama,,,,,full_image,589824,0,0,768,768,8683,False,> 127,8,alex,256,0.03661829233169556,0.0013950299471616745,0.03522326238453388,0.07554039999376982,0.3385433000512421,2.0.0,restoration_eval.metrics_lpips,cuda,3.12.6,2.1.3,2.2.3,11.0.0,2.5.1+cu121,0.1.4,ok,
lama__damage_size__damage_size__p039__loss_large__size_02pct__content_region__lpips,lama__damage_size__damage_size__p039__loss_large__size_02pct,lama__damage_size__damage_size__p039__loss_large__size_02pct,lama__damage_size__damage_size__p039__loss_large__size_02pct,damage_size__p039__loss_large__size_02pct,p039__loss_large__size_02pct,damage_size__p039__loss_large__size_02pct,damage_size,primary,p039,abstraction_surrealism,Painting with Troika,Wassily Kandinsky,,lama,,,,,content_region,433152,0,102,768,666,8683,False,> 127,8,alex,256,0.046987149864435196,0.0018282784149050713,0.045158871449530125,0.06800560001283884,0.3385433000512421,2.0.0,restoration_eval.metrics_lpips,cuda,3.12.6,2.1.3,2.2.3,11.0.0,2.5.1+cu121,0.1.4,ok,
lama__damage_size__damage_size__p039__loss_large__size_02pct__mask_bbox_crop__lpips,lama__damage_size__damage_size__p039__loss_large__size_02pct,lama__damage_size__damage_size__p039__loss_large__size_02pct,lama__damage_size__damage_size__p039__loss_large__size_02pct,damage_size__p039__loss_large__size_02pct,p039__loss_large__size_02pct,damage_size__p039__loss_large__size_02pct,damage_size,primary,p039,abstraction_surrealism,Painting with Troika,Wassily Kandinsky,,lama,,,,,mask_bbox_crop,21316,295,204,441,350,8683,False,> 127,8,alex,256,0.5928177833557129,0.12462853640317917,0.4681892469525337,0.03159070003312081,0.3385433000512421,2.0.0,restoration_eval.metrics_lpips,cuda,3.12.6,2.1.3,2.2.3,11.0.0,2.5.1+cu121,0.1.4,ok,
lama__damage_size__damage_size__p039__loss_large__size_04pct__full_image__lpips,lama__damage_size__damage_size__p039__loss_large__size_04pct,lama__damage_size__damage_size__p039__loss_large__size_04pct,lama__damage_size__damage_size__p039__loss_large__size_04pct,damage_size__p039__loss_large__size_04pct,p039__loss_large__size_04pct,damage_size__p039__loss_large__size_04pct,damage_size,primary,p039,abstraction_surrealism,Painting with Troika,Wassily Kandinsky,,lama,,,,,full_image,589824,0,0,768,768,17329,False,> 127,8,alex,256,0.05547458678483963,0.0035405789967626333,0.051934007788077,0.07072100008372217,0.33843769994564354,2.0.0,restoration_eval.metrics_lpips,cuda,3.12.6,2.1.3,2.2.3,11.0.0,2.5.1+cu121,0.1.4,ok,
lama__damage_size__damage_size__p039__loss_large__size_04pct__content_region__lpips,lama__damage_size__damage_size__p039__loss_large__size_04pct,lama__damage_size__damage_size__p039__loss_large__size_04pct,lama__damage_size__damage_size__p039__loss_large__size_04pct,damage_size__p039__loss_large__size_04pct,p039__loss_large__size_04pct,damage_size__p039__loss_large__size_04pct,damage_size,primary,p039,abstraction_surrealism,Painting with Troika,Wassily Kandinsky,,lama,,,,,content_region,433152,0,102,768,666,17329,False,> 127,8,alex,256,0.07232613861560822,0.004997313488274813,0.0673288251273334,0.06727520003914833,0.33843769994564354,2.0.0,restoration_eval.metrics_lpips,cuda,3.12.6,2.1.3,2.2.3,11.0.0,2.5.1+cu121,0.1.4,ok,
lama__damage_size__damage_size__p039__loss_large__size_04pct__mask_bbox_crop__lpips,lama__damage_size__damage_size__p039__loss_large__size_04pct,lama__damage_size__damage_size__p039__loss_large__size_04pct,lama__damage_size__damage_size__p039__loss_large__size_04pct,damage_size__p039__loss_large__size_04pct,p039__loss_large__size_04pct,damage_size__p039__loss_large__size_04pct,damage_size,primary,p039,abstraction_surrealism,Painting with Troika,Wassily Kandinsky,,lama,,,,,mask_bbox_crop,40000,269,177,469,377,17329,False,> 127,8,alex,256,0.5608585476875305,0.12334850430488586,0.43751004338264465,0.036488200072199106,0.33843769994564354,2.0.0,restoration_eval.metrics_lpips,cuda,3.12.6,2.1.3,2.2.3,11.0.0,2.5.1+cu121,0.1.4,ok,
lama__damage_size__damage_size__p039__loss_large__size_06pct__full_image__lpips,lama__damage_size__damage_size__p039__loss_large__size_06pct,lama__damage_size__damage_size__p039__loss_large__size_06pct,lama__damage_size__damage_size__p039__loss_large__size_06pct,damage_size__p039__loss_large__size_06pct,p039__loss_large__size_06pct,damage_size__p039__loss_large__size_06pct,damage_size,primary,p039,abstraction_surrealism,Painting with Troika,Wassily Kandinsky,,lama,,,,,full_image,589824,0,0,768,768,25949,False,> 127,8,alex,256,0.07332685589790344,0.007065222132951021,0.06626163376495242,0.07211399998050183,0.3463927999837324,2.0.0,restoration_eval.metrics_lpips,cuda,3.12.6,2.1.3,2.2.3,11.0.0,2.5.1+cu121,0.1.4,ok,
lama__damage_size__damage_size__p039__loss_large__size_06pct__content_region__lpips,lama__damage_size__damage_size__p039__loss_large__size_06pct,lama__damage_size__damage_size__p039__loss_large__size_06pct,lama__damage_size__damage_size__p039__loss_large__size_06pct,damage_size__p039__loss_large__size_06pct,p039__loss_large__size_06pct,damage_size__p039__loss_large__size_06pct,damage_size,primary,p039,abstraction_surrealism,Painting with Troika,Wassily Kandinsky,,lama,,,,,content_region,433152,0,102,768,666,25949,False,> 127,8,alex,256,0.09454779326915741,0.008822462521493435,0.08572533074766397,0.06361349998041987,0.3463927999837324,2.0.0,restoration_eval.metrics_lpips,cuda,3.12.6,2.1.3,2.2.3,11.0.0,2.5.1+cu121,0.1.4,ok,
lama__damage_size__damage_size__p039__loss_large__size_06pct__mask_bbox_crop__lpips,lama__damage_size__damage_size__p039__loss_large__size_06pct,lama__damage_size__damage_size__p039__loss_large__size_06pct,lama__damage_size__damage_size__p039__loss_large__size_06pct,damage_size__p039__loss_large__size_06pct,p039__loss_large__size_06pct,damage_size__p039__loss_large__size_06pct,damage_size,primary,p039,abstraction_surrealism,Painting with Troika,Wassily Kandinsky,,lama,,,,,mask_bbox_crop,58081,249,156,490,397,25949,False,> 127,8,alex,256,0.5590535402297974,0.15585947036743164,0.4031940698623657,0.041054700035601854,0.3463927999837324,2.0.0,restoration_eval.metrics_lpips,cuda,3.12.6,2.1.3,2.2.3,11.0.0,2.5.1+cu121,0.1.4,ok,
lama__damage_size__damage_size__p039__loss_large__size_08pct__full_image__lpips,lama__damage_size__damage_size__p039__loss_large__size_08pct,lama__damage_size__damage_size__p039__loss_large__size_08pct,lama__damage_size__damage_size__p039__loss_large__size_08pct,damage_size__p039__loss_large__size_08pct,p039__loss_large__size_08pct,damage_size__p039__loss_large__size_08pct,damage_size,primary,p039,abstraction_surrealism,Painting with Troika,Wassily Kandinsky,,lama,,,,,full_image,589824,0,0,768,768,34593,False,> 127,8,alex,256,0.08788509666919708,0.017293250188231468,0.07059184648096561,0.06952749995980412,0.3160042999079451,2.0.0,restoration_eval.metrics_lpips,cuda,3.12.6,2.1.3,2.2.3,11.0.0,2.5.1+cu121,0.1.4,ok,
lama__damage_size__damage_size__p039__loss_large__size_08pct__content_region__lpips,lama__damage_size__damage_size__p039__loss_large__size_08pct,lama__damage_size__damage_size__p039__loss_large__size_08pct,lama__damage_size__damage_size__p039__loss_large__size_08pct,damage_size__p039__loss_large__size_08pct,p039__loss_large__size_08pct,damage_size__p039__loss_large__size_08pct,damage_size,primary,p039,abstraction_surrealism,Painting with Troika,Wassily Kandinsky,,lama,,,,,content_region,433152,0,102,768,666,34593,False,> 127,8,alex,256,0.11632052063941956,0.022621138021349907,0.09369938261806965,0.06282720004674047,0.3160042999079451,2.0.0,restoration_eval.metrics_lpips,cuda,3.12.6,2.1.3,2.2.3,11.0.0,2.5.1+cu121,0.1.4,ok,
lama__damage_size__damage_size__p039__loss_large__size_08pct__mask_bbox_crop__lpips,lama__damage_size__damage_size__p039__loss_large__size_08pct,lama__damage_size__damage_size__p039__loss_large__size_08pct,lama__damage_size__damage_size__p039__loss_large__size_08pct,damage_size__p039__loss_large__size_08pct,p039__loss_large__size_08pct,damage_size__p039__loss_large__size_08pct,damage_size,primary,p039,abstraction_surrealism,Painting with Troika,Wassily Kandinsky,,lama,,,,,mask_bbox_crop,76176,230,139,506,415,34593,False,> 127,8,alex,256,0.5587583184242249,0.1834149956703186,0.37534332275390625,0.034301300067454576,0.3160042999079451,2.0.0,restoration_eval.metrics_lpips,cuda,3.12.6,2.1.3,2.2.3,11.0.0,2.5.1+cu121,0.1.4,ok,
lama__damage_size__damage_size__p039__loss_large__size_10pct__full_image__lpips,lama__damage_size__damage_size__p039__loss_large__size_10pct,lama__damage_size__damage_size__p039__loss_large__size_10pct,lama__damage_size__damage_size__p039__loss_large__size_10pct,damage_size__p039__loss_large__size_10pct,p039__loss_large__size_10pct,damage_size__p039__loss_large__size_10pct,damage_size,primary,p039,abstraction_surrealism,Painting with Troika,Wassily Kandinsky,,lama,,,,,full_image,589824,0,0,768,768,43405,False,> 127,8,alex,256,0.10122460871934891,0.03198598325252533,0.06923862546682358,0.0722165999468416,0.3404332000063732,2.0.0,restoration_eval.metrics_lpips,cuda,3.12.6,2.1.3,2.2.3,11.0.0,2.5.1+cu121,0.1.4,ok,
lama__damage_size__damage_size__p039__loss_large__size_10pct__content_region__lpips,lama__damage_size__damage_size__p039__loss_large__size_10pct,lama__damage_size__damage_size__p039__loss_large__size_10pct,lama__damage_size__damage_size__p039__loss_large__size_10pct,damage_size__p039__loss_large__size_10pct,p039__loss_large__size_10pct,damage_size__p039__loss_large__size_10pct,damage_size,primary,p039,abstraction_surrealism,Painting with Troika,Wassily Kandinsky,,lama,,,,,content_region,433152,0,102,768,666,43405,False,> 127,8,alex,256,0.12987712025642395,0.04247824475169182,0.08739887550473213,0.07056489994283766,0.3404332000063732,2.0.0,restoration_eval.metrics_lpips,cuda,3.12.6,2.1.3,2.2.3,11.0.0,2.5.1+cu121,0.1.4,ok,
lama__damage_size__damage_size__p039__loss_large__size_10pct__mask_bbox_crop__lpips,lama__damage_size__damage_size__p039__loss_large__size_10pct,lama__damage_size__damage_size__p039__loss_large__size_10pct,lama__damage_size__damage_size__p039__loss_large__size_10pct,damage_size__p039__loss_large__size_10pct,p039__loss_large__size_10pct,damage_size__p039__loss_large__size_10pct,damage_size,primary,p039,abstraction_surrealism,Painting with Troika,Wassily Kandinsky,,lama,,,,,mask_bbox_crop,94249,215,123,522,430,43405,False,> 127,8,alex,256,0.548204779624939,0.21302823722362518,0.3351765424013138,0.039906400023028255,0.3404332000063732,2.0.0,restoration_eval.metrics_lpips,cuda,3.12.6,2.1.3,2.2.3,11.0.0,2.5.1+cu121,0.1.4,ok,
lama__damage_size__damage_size__p039__loss_large__size_15pct__full_image__lpips,lama__damage_size__damage_size__p039__loss_large__size_15pct,lama__damage_size__damage_size__p039__loss_large__size_15pct,lama__damage_size__damage_size__p039__loss_large__size_15pct,damage_size__p039__loss_large__size_15pct,p039__loss_large__size_15pct,damage_size__p039__loss_large__size_15pct,damage_size,primary,p039,abstraction_surrealism,Painting with Troika,Wassily Kandinsky,,lama,,,,,full_image,589824,0,0,768,768,64917,False,> 127,8,alex,256,0.14339052140712738,0.058206573128700256,0.08518394827842712,0.07128819997888058,0.355286700068973,2.0.0,restoration_eval.metrics_lpips,cuda,3.12.6,2.1.3,2.2.3,11.0.0,2.5.1+cu121,0.1.4,ok,
lama__damage_size__damage_size__p039__loss_large__size_15pct__content_region__lpips,lama__damage_size__damage_size__p039__loss_large__size_15pct,lama__damage_size__damage_size__p039__loss_large__size_15pct,lama__damage_size__damage_size__p039__loss_large__size_15pct,damage_size__p039__loss_large__size_15pct,p039__loss_large__size_15pct,damage_size__p039__loss_large__size_15pct,damage_size,primary,p039,abstraction_surrealism,Painting with Troika,Wassily Kandinsky,,lama,,,,,content_region,433152,0,102,768,666,64917,False,> 127,8,alex,256,0.17197147011756897,0.07622383534908295,0.09574763476848602,0.06324309995397925,0.355286700068973,2.0.0,restoration_eval.metrics_lpips,cuda,3.12.6,2.1.3,2.2.3,11.0.0,2.5.1+cu121,0.1.4,ok,
lama__damage_size__damage_size__p039__loss_large__size_15pct__mask_bbox_crop__lpips,lama__damage_size__damage_size__p039__loss_large__size_15pct,lama__damage_size__damage_size__p039__loss_large__size_15pct,lama__damage_size__damage_size__p039__loss_large__size_15pct,damage_size__p039__loss_large__size_15pct,p039__loss_large__size_15pct,damage_size__p039__loss_large__size_15pct,damage_size,primary,p039,abstraction_surrealism,Painting with Troika,Wassily Kandinsky,,lama,,,,,mask_bbox_crop,138384,182,94,554,466,64917,False,> 127,8,alex,256,0.5273362994194031,0.23574313521385193,0.29159316420555115,0.04683739994652569,0.355286700068973,2.0.0,restoration_eval.metrics_lpips,cuda,3.12.6,2.1.3,2.2.3,11.0.0,2.5.1+cu121,0.1.4,ok,
lama__damage_size__damage_size__p039__loss_large__size_20pct__full_image__lpips,lama__damage_size__damage_size__p039__loss_large__size_20pct,lama__damage_size__damage_size__p039__loss_large__size_20pct,lama__damage_size__damage_size__p039__loss_large__size_20pct,damage_size__p039__loss_large__size_20pct,p039__loss_large__size_20pct,damage_size__p039__loss_large__size_20pct,damage_size,primary,p039,abstraction_surrealism,Painting with Troika,Wassily Kandinsky,,lama,,,,,full_image,589824,0,0,768,768,86644,False,> 127,8,alex,256,0.18233591318130493,0.0871126726269722,0.09522324055433273,0.08113750000484288,0.3565543000586331,2.0.0,restoration_eval.metrics_lpips,cuda,3.12.6,2.1.3,2.2.3,11.0.0,2.5.1+cu121,0.1.4,ok,
lama__damage_size__damage_size__p039__loss_large__size_20pct__content_region__lpips,lama__damage_size__damage_size__p039__loss_large__size_20pct,lama__damage_size__damage_size__p039__loss_large__size_20pct,lama__damage_size__damage_size__p039__loss_large__size_20pct,damage_size__p039__loss_large__size_20pct,p039__loss_large__size_20pct,damage_size__p039__loss_large__size_20pct,damage_size,primary,p039,abstraction_surrealism,Painting with Troika,Wassily Kandinsky,,lama,,,,,content_region,433152,0,102,768,666,86644,False,> 127,8,alex,256,0.22976446151733398,0.11542250216007233,0.11434195935726166,0.07414509996306151,0.3565543000586331,2.0.0,restoration_eval.metrics_lpips,cuda,3.12.6,2.1.3,2.2.3,11.0.0,2.5.1+cu121,0.1.4,ok,
lama__damage_size__damage_size__p039__loss_large__size_20pct__mask_bbox_crop__lpips,lama__damage_size__damage_size__p039__loss_large__size_20pct,lama__damage_size__damage_size__p039__loss_large__size_20pct,lama__damage_size__damage_size__p039__loss_large__size_20pct,damage_size__p039__loss_large__size_20pct,p039__loss_large__size_20pct,damage_size__p039__loss_large__size_20pct,damage_size,primary,p039,abstraction_surrealism,Painting with Troika,Wassily Kandinsky,,lama,,,,,mask_bbox_crop,183184,155,94,583,522,86644,False,> 127,8,alex,256,0.5125830173492432,0.2889529764652252,0.22363004088401794,0.044195700087584555,0.3565543000586331,2.0.0,restoration_eval.metrics_lpips,cuda,3.12.6,2.1.3,2.2.3,11.0.0,2.5.1+cu121,0.1.4,ok,
lama__damage_size__damage_size__p043__loss_large__size_02pct__full_image__lpips,lama__damage_size__damage_size__p043__loss_large__size_02pct,lama__damage_size__damage_size__p043__loss_large__size_02pct,lama__damage_size__damage_size__p043__loss_large__size_02pct,damage_size__p043__loss_large__size_02pct,p043__loss_large__size_02pct,damage_size__p043__loss_large__size_02pct,damage_size,primary,p043,high_texture_brushwork,The Card Players,Paul Cézanne,Post-Impressionism,lama,,,,,full_image,589824,0,0,768,768,9418,False,> 127,8,alex,256,0.05133749172091484,0.004348370246589184,0.04698912147432566,0.07412909995764494,0.3136080000549555,2.0.0,restoration_eval.metrics_lpips,cuda,3.12.6,2.1.3,2.2.3,11.0.0,2.5.1+cu121,0.1.4,ok,
lama__damage_size__damage_size__p043__loss_large__size_02pct__content_region__lpips,lama__damage_size__damage_size__p043__loss_large__size_02pct,lama__damage_size__damage_size__p043__loss_large__size_02pct,lama__damage_size__damage_size__p043__loss_large__size_02pct,damage_size__p043__loss_large__size_02pct,p043__loss_large__size_02pct,damage_size__p043__loss_large__size_02pct,damage_size,primary,p043,high_texture_brushwork,The Card Players,Paul Cézanne,Post-Impressionism,lama,,,,,content_region,469248,0,78,768,689,9418,False,> 127,8,alex,256,0.05488346144556999,0.004769821651279926,0.050113639794290066,0.06032639998011291,0.3136080000549555,2.0.0,restoration_eval.metrics_lpips,cuda,3.12.6,2.1.3,2.2.3,11.0.0,2.5.1+cu121,0.1.4,ok,
lama__damage_size__damage_size__p043__loss_large__size_02pct__mask_bbox_crop__lpips,lama__damage_size__damage_size__p043__loss_large__size_02pct,lama__damage_size__damage_size__p043__loss_large__size_02pct,lama__damage_size__damage_size__p043__loss_large__size_02pct,damage_size__p043__loss_large__size_02pct,p043__loss_large__size_02pct,damage_size__p043__loss_large__size_02pct,damage_size,primary,p043,high_texture_brushwork,The Card Players,Paul Cézanne,Post-Impressionism,lama,,,,,mask_bbox_crop,19321,125,286,264,425,9418,False,> 127,8,alex,256,0.634861409664154,0.23074406385421753,0.4041173458099365,0.03304180002305657,0.3136080000549555,2.0.0,restoration_eval.metrics_lpips,cuda,3.12.6,2.1.3,2.2.3,11.0.0,2.5.1+cu121,0.1.4,ok,
lama__damage_size__damage_size__p043__loss_large__size_04pct__full_image__lpips,lama__damage_size__damage_size__p043__loss_large__size_04pct,lama__damage_size__damage_size__p043__loss_large__size_04pct,lama__damage_size__damage_size__p043__loss_large__size_04pct,damage_size__p043__loss_large__size_04pct,p043__loss_large__size_04pct,damage_size__p043__loss_large__size_04pct,damage_size,primary,p043,high_texture_brushwork,The Card Players,Paul Cézanne,Post-Impressionism,lama,,,,,full_image,589824,0,0,768,768,18765,False,> 127,8,alex,256,0.07333657145500183,0.013243730179965496,0.060092841275036335,0.09611409995704889,0.4050120000028983,2.0.0,restoration_eval.metrics_lpips,cuda,3.12.6,2.1.3,2.2.3,11.0.0,2.5.1+cu121,0.1.4,ok,
lama__damage_size__damage_size__p043__loss_large__size_04pct__content_region__lpips,lama__damage_size__damage_size__p043__loss_large__size_04pct,lama__damage_size__damage_size__p043__loss_large__size_04pct,lama__damage_size__damage_size__p043__loss_large__size_04pct,damage_size__p043__loss_large__size_04pct,p043__loss_large__size_04pct,damage_size__p043__loss_large__size_04pct,damage_size,primary,p043,high_texture_brushwork,The Card Players,Paul Cézanne,Post-Impressionism,lama,,,,,content_region,469248,0,78,768,689,18765,False,> 127,8,alex,256,0.08559580892324448,0.015252949669957161,0.07034285925328732,0.0806950000114739,0.4050120000028983,2.0.0,restoration_eval.metrics_lpips,cuda,3.12.6,2.1.3,2.2.3,11.0.0,2.5.1+cu121,0.1.4,ok,
lama__damage_size__damage_size__p043__loss_large__size_04pct__mask_bbox_crop__lpips,lama__damage_size__damage_size__p043__loss_large__size_04pct,lama__damage_size__damage_size__p043__loss_large__size_04pct,lama__damage_size__damage_size__p043__loss_large__size_04pct,damage_size__p043__loss_large__size_04pct,p043__loss_large__size_04pct,damage_size__p043__loss_large__size_04pct,damage_size,primary,p043,high_texture_brushwork,The Card Players,Paul Cézanne,Post-Impressionism,lama,,,,,mask_bbox_crop,35721,100,261,289,450,18765,False,> 127,8,alex,256,0.6459532380104065,0.2765715420246124,0.36938169598579407,0.05179290007799864,0.4050120000028983,2.0.0,restoration_eval.metrics_lpips,cuda,3.12.6,2.1.3,2.2.3,11.0.0,2.5.1+cu121,0.1.4,ok,
lama__damage_size__damage_size__p043__loss_large__size_06pct__full_image__lpips,lama__damage_size__damage_size__p043__loss_large__size_06pct,lama__damage_size__damage_size__p043__loss_large__size_06pct,lama__damage_size__damage_size__p043__loss_large__size_06pct,damage_size__p043__loss_large__size_06pct,p043__loss_large__size_06pct,damage_size__p043__loss_large__size_06pct,damage_size,primary,p043,high_texture_brushwork,The Card Players,Paul Cézanne,Post-Impressionism,lama,,,,,full_image,589824,0,0,768,768,28081,False,> 127,8,alex,256,0.09838718175888062,0.024209553375840187,0.07417762838304043,0.0673959000268951,0.32671359996311367,2.0.0,restoration_eval.metrics_lpips,cuda,3.12.6,2.1.3,2.2.3,11.0.0,2.5.1+cu121,0.1.4,ok,
lama__damage_size__damage_size__p043__loss_large__size_06pct__content_region__lpips,lama__damage_size__damage_size__p043__loss_large__size_06pct,lama__damage_size__damage_size__p043__loss_large__size_06pct,lama__damage_size__damage_size__p043__loss_large__size_06pct,damage_size__p043__loss_large__size_06pct,p043__loss_large__size_06pct,damage_size__p043__loss_large__size_06pct,damage_size,primary,p043,high_texture_brushwork,The Card Players,Paul Cézanne,Post-Impressionism,lama,,,,,content_region,469248,0,78,768,689,28081,False,> 127,8,alex,256,0.11180783808231354,0.029225096106529236,0.0825827419757843,0.05637090001255274,0.32671359996311367,2.0.0,restoration_eval.metrics_lpips,cuda,3.12.6,2.1.3,2.2.3,11.0.0,2.5.1+cu121,0.1.4,ok,
lama__damage_size__damage_size__p043__loss_large__size_06pct__mask_bbox_crop__lpips,lama__damage_size__damage_size__p043__loss_large__size_06pct,lama__damage_size__damage_size__p043__loss_large__size_06pct,lama__damage_size__damage_size__p043__loss_large__size_06pct,damage_size__p043__loss_large__size_06pct,p043__loss_large__size_06pct,damage_size__p043__loss_large__size_06pct,damage_size,primary,p043,high_texture_brushwork,The Card Players,Paul Cézanne,Post-Impressionism,lama,,,,,mask_bbox_crop,51984,80,241,308,469,28081,False,> 127,8,alex,256,0.6566920280456543,0.2946905493736267,0.3620014786720276,0.031889299978502095,0.32671359996311367,2.0.0,restoration_eval.metrics_lpips,cuda,3.12.6,2.1.3,2.2.3,11.0.0,2.5.1+cu121,0.1.4,ok,
lama__damage_size__damage_size__p043__loss_large__size_08pct__full_image__lpips,lama__damage_size__damage_size__p043__loss_large__size_08pct,lama__damage_size__damage_size__p043__loss_large__size_08pct,lama__damage_size__damage_size__p043__loss_large__size_08pct,damage_size__p043__loss_large__size_08pct,p043__loss_large__size_08pct,damage_size__p043__loss_large__size_08pct,damage_size,primary,p043,high_texture_brushwork,The Card Players,Paul Cézanne,Post-Impressionism,lama,,,,,full_image,589824,0,0,768,768,37511,False,> 127,8,alex,256,0.11619554460048676,0.03373422846198082,0.08246131613850594,0.07005850004497916,0.343269000062719,2.0.0,restoration_eval.metrics_lpips,cuda,3.12.6,2.1.3,2.2.3,11.0.0,2.5.1+cu121,0.1.4,ok,
lama__damage_size__damage_size__p043__loss_large__size_08pct__content_region__lpips,lama__damage_size__damage_size__p043__loss_large__size_08pct,lama__damage_size__damage_size__p043__loss_large__size_08pct,lama__damage_size__damage_size__p043__loss_large__size_08pct,damage_size__p043__loss_large__size_08pct,p043__loss_large__size_08pct,damage_size__p043__loss_large__size_08pct,damage_size,primary,p043,high_texture_brushwork,The Card Players,Paul Cézanne,Post-Impressionism,lama,,,,,content_region,469248,0,78,768,689,37511,False,> 127,8,alex,256,0.1388918161392212,0.045663751661777496,0.0932280644774437,0.06255219993181527,0.343269000062719,2.0.0,restoration_eval.metrics_lpips,cuda,3.12.6,2.1.3,2.2.3,11.0.0,2.5.1+cu121,0.1.4,ok,
lama__damage_size__damage_size__p043__loss_large__size_08pct__mask_bbox_crop__lpips,lama__damage_size__damage_size__p043__loss_large__size_08pct,lama__damage_size__damage_size__p043__loss_large__size_08pct,lama__damage_size__damage_size__p043__loss_large__size_08pct,damage_size__p043__loss_large__size_08pct,p043__loss_large__size_08pct,damage_size__p043__loss_large__size_08pct,damage_size,primary,p043,high_texture_brushwork,The Card Players,Paul Cézanne,Post-Impressionism,lama,,,,,mask_bbox_crop,68121,65,225,326,486,37511,False,> 127,8,alex,256,0.6609734892845154,0.3254561722278595,0.3355173170566559,0.03339200001209974,0.343269000062719,2.0.0,restoration_eval.metrics_lpips,cuda,3.12.6,2.1.3,2.2.3,11.0.0,2.5.1+cu121,0.1.4,ok,
lama__damage_size__damage_size__p043__loss_large__size_10pct__full_image__lpips,lama__damage_size__damage_size__p043__loss_large__size_10pct,lama__damage_size__damage_size__p043__loss_large__size_10pct,lama__damage_size__damage_size__p043__loss_large__size_10pct,damage_size__p043__loss_large__size_10pct,p043__loss_large__size_10pct,damage_size__p043__loss_large__size_10pct,damage_size,primary,p043,high_texture_brushwork,The Card Players,Paul Cézanne,Post-Impressionism,lama,,,,,full_image,589824,0,0,768,768,46880,False,> 127,8,alex,256,0.13373598456382751,0.04800470173358917,0.08573128283023834,0.06951149995438755,0.3541156999999657,2.0.0,restoration_eval.metrics_lpips,cuda,3.12.6,2.1.3,2.2.3,11.0.0,2.5.1+cu121,0.1.4,ok,
lama__damage_size__damage_size__p043__loss_large__size_10pct__content_region__lpips,lama__damage_size__damage_size__p043__loss_large__size_10pct,lama__damage_size__damage_size__p043__loss_large__size_10pct,lama__damage_size__damage_size__p043__loss_large__size_10pct,damage_size__p043__loss_large__size_10pct,p043__loss_large__size_10pct,damage_size__p043__loss_large__size_10pct,damage_size,primary,p043,high_texture_brushwork,The Card Players,Paul Cézanne,Post-Impressionism,lama,,,,,content_region,469248,0,78,768,689,46880,False,> 127,8,alex,256,0.15814754366874695,0.05972681939601898,0.09842072427272797,0.06892150000203401,0.3541156999999657,2.0.0,restoration_eval.metrics_lpips,cuda,3.12.6,2.1.3,2.2.3,11.0.0,2.5.1+cu121,0.1.4,ok,
lama__damage_size__damage_size__p043__loss_large__size_10pct__mask_bbox_crop__lpips,lama__damage_size__damage_size__p043__loss_large__size_10pct,lama__damage_size__damage_size__p043__loss_large__size_10pct,lama__damage_size__damage_size__p043__loss_large__size_10pct,damage_size__p043__loss_large__size_10pct,p043__loss_large__size_10pct,damage_size__p043__loss_large__size_10pct,damage_size,primary,p043,high_texture_brushwork,The Card Players,Paul Cézanne,Post-Impressionism,lama,,,,,mask_bbox_crop,84100,49,210,339,500,46880,False,> 127,8,alex,256,0.6643978357315063,0.3403298854827881,0.32406795024871826,0.03998600004706532,0.3541156999999657,2.0.0,restoration_eval.metrics_lpips,cuda,3.12.6,2.1.3,2.2.3,11.0.0,2.5.1+cu121,0.1.4,ok,
lama__damage_size__damage_size__p043__loss_large__size_15pct__full_image__lpips,lama__damage_size__damage_size__p043__loss_large__size_15pct,lama__damage_size__damage_size__p043__loss_large__size_15pct,lama__damage_size__damage_size__p043__loss_large__size_15pct,damage_size__p043__loss_large__size_15pct,p043__loss_large__size_15pct,damage_size__p043__loss_large__size_15pct,damage_size,primary,p043,high_texture_brushwork,The Card Players,Paul Cézanne,Post-Impressionism,lama,,,,,full_image,589824,0,0,768,768,70314,False,> 127,8,alex,256,0.1683913767337799,0.06781692057847977,0.10057445615530014,0.06879040005151182,0.34301060007419437,2.0.0,restoration_eval.metrics_lpips,cuda,3.12.6,2.1.3,2.2.3,11.0.0,2.5.1+cu121,0.1.4,ok,
lama__damage_size__damage_size__p043__loss_large__size_15pct__content_region__lpips,lama__damage_size__damage_size__p043__loss_large__size_15pct,lama__damage_size__damage_size__p043__loss_large__size_15pct,lama__damage_size__damage_size__p043__loss_large__size_15pct,damage_size__p043__loss_large__size_15pct,p043__loss_large__size_15pct,damage_size__p043__loss_large__size_15pct,damage_size,primary,p043,high_texture_brushwork,The Card Players,Paul Cézanne,Post-Impressionism,lama,,,,,content_region,469248,0,78,768,689,70314,False,> 127,8,alex,256,0.20561394095420837,0.08410719782114029,0.12150674313306808,0.06213219999335706,0.34301060007419437,2.0.0,restoration_eval.metrics_lpips,cuda,3.12.6,2.1.3,2.2.3,11.0.0,2.5.1+cu121,0.1.4,ok,
lama__damage_size__damage_size__p043__loss_large__size_15pct__mask_bbox_crop__lpips,lama__damage_size__damage_size__p043__loss_large__size_15pct,lama__damage_size__damage_size__p043__loss_large__size_15pct,lama__damage_size__damage_size__p043__loss_large__size_15pct,damage_size__p043__loss_large__size_15pct,p043__loss_large__size_15pct,damage_size__p043__loss_large__size_15pct,damage_size,primary,p043,high_texture_brushwork,The Card Players,Paul Cézanne,Post-Impressionism,lama,,,,,mask_bbox_crop,123201,19,180,370,531,70314,False,> 127,8,alex,256,0.6368812918663025,0.3597050905227661,0.2771762013435364,0.03488729998935014,0.34301060007419437,2.0.0,restoration_eval.metrics_lpips,cuda,3.12.6,2.1.3,2.2.3,11.0.0,2.5.1+cu121,0.1.4,ok,
lama__damage_size__damage_size__p043__loss_large__size_20pct__full_image__lpips,lama__damage_size__damage_size__p043__loss_large__size_20pct,lama__damage_size__damage_size__p043__loss_large__size_20pct,lama__damage_size__damage_size__p043__loss_large__size_20pct,damage_size__p043__loss_large__size_20pct,p043__loss_large__size_20pct,damage_size__p043__loss_large__size_20pct,damage_size,primary,p043,high_texture_brushwork,The Card Players,Paul Cézanne,Post-Impressionism,lama,,,,,full_image,589824,0,0,768,768,93869,False,> 127,8,alex,256,0.20238766074180603,0.09268660098314285,0.10970105975866318,0.06755069992505014,0.3348857000237331,2.0.0,restoration_eval.metrics_lpips,cuda,3.12.6,2.1.3,2.2.3,11.0.0,2.5.1+cu121,0.1.4,ok,
lama__damage_size__damage_size__p043__loss_large__size_20pct__content_region__lpips,lama__damage_size__damage_size__p043__loss_large__size_20pct,lama__damage_size__damage_size__p043__loss_large__size_20pct,lama__damage_size__damage_size__p043__loss_large__size_20pct,damage_size__p043__loss_large__size_20pct,p043__loss_large__size_20pct,damage_size__p043__loss_large__size_20pct,damage_size,primary,p043,high_texture_brushwork,The Card Players,Paul Cézanne,Post-Impressionism,lama,,,,,content_region,469248,0,78,768,689,93869,False,> 127,8,alex,256,0.2449190318584442,0.11650270223617554,0.12841632962226868,0.06312940001953393,0.3348857000237331,2.0.0,restoration_eval.metrics_lpips,cuda,3.12.6,2.1.3,2.2.3,11.0.0,2.5.1+cu121,0.1.4,ok,
lama__damage_size__damage_size__p043__loss_large__size_20pct__mask_bbox_crop__lpips,lama__damage_size__damage_size__p043__loss_large__size_20pct,lama__damage_size__damage_size__p043__loss_large__size_20pct,lama__damage_size__damage_size__p043__loss_large__size_20pct,damage_size__p043__loss_large__size_20pct,p043__loss_large__size_20pct,damage_size__p043__loss_large__size_20pct,damage_size,primary,p043,high_texture_brushwork,The Card Players,Paul Cézanne,Post-Impressionism,lama,,,,,mask_bbox_crop,162409,0,154,403,557,93869,False,> 127,8,alex,256,0.6222708225250244,0.3395453691482544,0.28272545337677,0.04572109994478524,0.3348857000237331,2.0.0,restoration_eval.metrics_lpips,cuda,3.12.6,2.1.3,2.2.3,11.0.0,2.5.1+cu121,0.1.4,ok,
lama__mask_robustness__mask_robustness__p001__loss_large__variant_01__full_image__lpips,lama__mask_robustness__mask_robustness__p001__loss_large__variant_01,lama__mask_robustness__mask_robustness__p001__loss_large__variant_01,lama__mask_robustness__mask_robustness__p001__loss_large__variant_01,mask_robustness__p001__loss_large__variant_01,p001__loss_large__variant_01,mask_robustness__p001__loss_large__variant_01,mask_robustness,primary,p001,portrait_figure,Juan de Pareja,Diego Velázquez,Baroque,lama,,,,,full_image,589824,0,0,768,768,63739,False,> 127,8,alex,256,0.2553127408027649,0.07123176008462906,0.18408098071813583,0.07193480001296848,0.3539492000127211,2.0.0,restoration_eval.metrics_lpips,cuda,3.12.6,2.1.3,2.2.3,11.0.0,2.5.1+cu121,0.1.4,ok,
lama__mask_robustness__mask_robustness__p001__loss_large__variant_01__content_region__lpips,lama__mask_robustness__mask_robustness__p001__loss_large__variant_01,lama__mask_robustness__mask_robustness__p001__loss_large__variant_01,lama__mask_robustness__mask_robustness__p001__loss_large__variant_01,mask_robustness__p001__loss_large__variant_01,p001__loss_large__variant_01,mask_robustness__p001__loss_large__variant_01,mask_robustness,primary,p001,portrait_figure,Juan de Pareja,Diego Velázquez,Baroque,lama,,,,,content_region,509184,52,0,715,768,63739,False,> 127,8,alex,256,0.2837485373020172,0.07734505832195282,0.2064034789800644,0.08001889998558909,0.3539492000127211,2.0.0,restoration_eval.metrics_lpips,cuda,3.12.6,2.1.3,2.2.3,11.0.0,2.5.1+cu121,0.1.4,ok,
lama__mask_robustness__mask_robustness__p001__loss_large__variant_01__mask_bbox_crop__lpips,lama__mask_robustness__mask_robustness__p001__loss_large__variant_01,lama__mask_robustness__mask_robustness__p001__loss_large__variant_01,lama__mask_robustness__mask_robustness__p001__loss_large__variant_01,mask_robustness__p001__loss_large__variant_01,p001__loss_large__variant_01,mask_robustness__p001__loss_large__variant_01,mask_robustness,primary,p001,portrait_figure,Juan de Pareja,Diego Velázquez,Baroque,lama,,,,,mask_bbox_crop,131044,212,0,574,362,63739,False,> 127,8,alex,256,0.7758724689483643,0.27804455161094666,0.4978279173374176,0.04575340007431805,0.3539492000127211,2.0.0,restoration_eval.metrics_lpips,cuda,3.12.6,2.1.3,2.2.3,11.0.0,2.5.1+cu121,0.1.4,ok,
lama__mask_robustness__mask_robustness__p001__loss_large__variant_02__full_image__lpips,lama__mask_robustness__mask_robustness__p001__loss_large__variant_02,lama__mask_robustness__mask_robustness__p001__loss_large__variant_02,lama__mask_robustness__mask_robustness__p001__loss_large__variant_02,mask_robustness__p001__loss_large__variant_02,p001__loss_large__variant_02,mask_robustness__p001__loss_large__variant_02,mask_robustness,primary,p001,portrait_figure,Juan de Pareja,Diego Velázquez,Baroque,lama,,,,,full_image,589824,0,0,768,768,63746,False,> 127,8,alex,256,0.2888583838939667,0.0351499542593956,0.2537084296345711,0.06806329998653382,0.32274069997947663,2.0.0,restoration_eval.metrics_lpips,cuda,3.12.6,2.1.3,2.2.3,11.0.0,2.5.1+cu121,0.1.4,ok,
lama__mask_robustness__mask_robustness__p001__loss_large__variant_02__content_region__lpips,lama__mask_robustness__mask_robustness__p001__loss_large__variant_02,lama__mask_robustness__mask_robustness__p001__loss_large__variant_02,lama__mask_robustness__mask_robustness__p001__loss_large__variant_02,mask_robustness__p001__loss_large__variant_02,p001__loss_large__variant_02,mask_robustness__p001__loss_large__variant_02,mask_robustness,primary,p001,portrait_figure,Juan de Pareja,Diego Velázquez,Baroque,lama,,,,,content_region,509184,52,0,715,768,63746,False,> 127,8,alex,256,0.3171052634716034,0.04294934123754501,0.2741559222340584,0.07090070005506277,0.32274069997947663,2.0.0,restoration_eval.metrics_lpips,cuda,3.12.6,2.1.3,2.2.3,11.0.0,2.5.1+cu121,0.1.4,ok,
lama__mask_robustness__mask_robustness__p001__loss_large__variant_02__mask_bbox_crop__lpips,lama__mask_robustness__mask_robustness__p001__loss_large__variant_02,lama__mask_robustness__mask_robustness__p001__loss_large__variant_02,lama__mask_robustness__mask_robustness__p001__loss_large__variant_02,mask_robustness__p001__loss_large__variant_02,p001__loss_large__variant_02,mask_robustness__p001__loss_large__variant_02,mask_robustness,primary,p001,portrait_figure,Juan de Pareja,Diego Velázquez,Baroque,lama,,,,,mask_bbox_crop,200704,148,216,596,664,63746,False,> 127,8,alex,256,0.5446783304214478,0.10757263749837875,0.437105692923069,0.04221099999267608,0.32274069997947663,2.0.0,restoration_eval.metrics_lpips,cuda,3.12.6,2.1.3,2.2.3,11.0.0,2.5.1+cu121,0.1.4,ok,
lama__mask_robustness__mask_robustness__p001__loss_large__variant_03__full_image__lpips,lama__mask_robustness__mask_robustness__p001__loss_large__variant_03,lama__mask_robustness__mask_robustness__p001__loss_large__variant_03,lama__mask_robustness__mask_robustness__p001__loss_large__variant_03,mask_robustness__p001__loss_large__variant_03,p001__loss_large__variant_03,mask_robustness__p001__loss_large__variant_03,mask_robustness,primary,p001,portrait_figure,Juan de Pareja,Diego Velázquez,Baroque,lama,,,,,full_image,589824,0,0,768,768,63593,False,> 127,8,alex,256,0.2157176285982132,0.030655285343527794,0.1850623432546854,0.09644579992163926,0.38303029991220683,2.0.0,restoration_eval.metrics_lpips,cuda,3.12.6,2.1.3,2.2.3,11.0.0,2.5.1+cu121,0.1.4,ok,
lama__mask_robustness__mask_robustness__p001__loss_large__variant_03__content_region__lpips,lama__mask_robustness__mask_robustness__p001__loss_large__variant_03,lama__mask_robustness__mask_robustness__p001__loss_large__variant_03,lama__mask_robustness__mask_robustness__p001__loss_large__variant_03,mask_robustness__p001__loss_large__variant_03,p001__loss_large__variant_03,mask_robustness__p001__loss_large__variant_03,mask_robustness,primary,p001,portrait_figure,Juan de Pareja,Diego Velázquez,Baroque,lama,,,,,content_region,509184,52,0,715,768,63593,False,> 127,8,alex,256,0.23067821562290192,0.03751322999596596,0.19316498562693596,0.07823129999451339,0.38303029991220683,2.0.0,restoration_eval.metrics_lpips,cuda,3.12.6,2.1.3,2.2.3,11.0.0,2.5.1+cu121,0.1.4,ok,
lama__mask_robustness__mask_robustness__p001__loss_large__variant_03__mask_bbox_crop__lpips,lama__mask_robustness__mask_robustness__p001__loss_large__variant_03,lama__mask_robustness__mask_robustness__p001__loss_large__variant_03,lama__mask_robustness__mask_robustness__p001__loss_large__variant_03,mask_robustness__p001__loss_large__variant_03,p001__loss_large__variant_03,mask_robustness__p001__loss_large__variant_03,mask_robustness,primary,p001,portrait_figure,Juan de Pareja,Diego Velázquez,Baroque,lama,,,,,mask_bbox_crop,122500,65,105,415,455,63593,False,> 127,8,alex,256,0.7212536931037903,0.20486554503440857,0.5163881480693817,0.05961420002859086,0.38303029991220683,2.0.0,restoration_eval.metrics_lpips,cuda,3.12.6,2.1.3,2.2.3,11.0.0,2.5.1+cu121,0.1.4,ok,
lama__mask_robustness__mask_robustness__p001__loss_large__variant_04__full_image__lpips,lama__mask_robustness__mask_robustness__p001__loss_large__variant_04,lama__mask_robustness__mask_robustness__p001__loss_large__variant_04,lama__mask_robustness__mask_robustness__p001__loss_large__variant_04,mask_robustness__p001__loss_large__variant_04,p001__loss_large__variant_04,mask_robustness__p001__loss_large__variant_04,mask_robustness,primary,p001,portrait_figure,Juan de Pareja,Diego Velázquez,Baroque,lama,,,,,full_image,589824,0,0,768,768,63653,False,> 127,8,alex,256,0.22202849388122559,0.07486093044281006,0.14716756343841553,0.0767858000472188,0.3301963999401778,2.0.0,restoration_eval.metrics_lpips,cuda,3.12.6,2.1.3,2.2.3,11.0.0,2.5.1+cu121,0.1.4,ok,
lama__mask_robustness__mask_robustness__p001__loss_large__variant_04__content_region__lpips,lama__mask_robustness__mask_robustness__p001__loss_large__variant_04,lama__mask_robustness__mask_robustness__p001__loss_large__variant_04,lama__mask_robustness__mask_robustness__p001__loss_large__variant_04,mask_robustness__p001__loss_large__variant_04,p001__loss_large__variant_04,mask_robustness__p001__loss_large__variant_04,mask_robustness,primary,p001,portrait_figure,Juan de Pareja,Diego Velázquez,Baroque,lama,,,,,content_region,509184,52,0,715,768,63653,False,> 127,8,alex,256,0.23046688735485077,0.08729866147041321,0.14316822588443756,0.06826870003715158,0.3301963999401778,2.0.0,restoration_eval.metrics_lpips,cuda,3.12.6,2.1.3,2.2.3,11.0.0,2.5.1+cu121,0.1.4,ok,
lama__mask_robustness__mask_robustness__p001__loss_large__variant_04__mask_bbox_crop__lpips,lama__mask_robustness__mask_robustness__p001__loss_large__variant_04,lama__mask_robustness__mask_robustness__p001__loss_large__variant_04,lama__mask_robustness__mask_robustness__p001__loss_large__variant_04,mask_robustness__p001__loss_large__variant_04,p001__loss_large__variant_04,mask_robustness__p001__loss_large__variant_04,mask_robustness,primary,p001,portrait_figure,Juan de Pareja,Diego Velázquez,Baroque,lama,,,,,mask_bbox_crop,144400,16,265,396,645,63653,False,> 127,8,alex,256,0.6490569114685059,0.2817389667034149,0.36731794476509094,0.046011999947950244,0.3301963999401778,2.0.0,restoration_eval.metrics_lpips,cuda,3.12.6,2.1.3,2.2.3,11.0.0,2.5.1+cu121,0.1.4,ok,
lama__mask_robustness__mask_robustness__p001__loss_large__variant_05__full_image__lpips,lama__mask_robustness__mask_robustness__p001__loss_large__variant_05,lama__mask_robustness__mask_robustness__p001__loss_large__variant_05,lama__mask_robustness__mask_robustness__p001__loss_large__variant_05,mask_robustness__p001__loss_large__variant_05,p001__loss_large__variant_05,mask_robustness__p001__loss_large__variant_05,mask_robustness,primary,p001,portrait_figure,Juan de Pareja,Diego Velázquez,Baroque,lama,,,,,full_image,589824,0,0,768,768,63643,False,> 127,8,alex,256,0.24742227792739868,0.02400289848446846,0.22341937944293022,0.09542949998285621,0.3719652999425307,2.0.0,restoration_eval.metrics_lpips,cuda,3.12.6,2.1.3,2.2.3,11.0.0,2.5.1+cu121,0.1.4,ok,
lama__mask_robustness__mask_robustness__p001__loss_large__variant_05__content_region__lpips,lama__mask_robustness__mask_robustness__p001__loss_large__variant_05,lama__mask_robustness__mask_robustness__p001__loss_large__variant_05,lama__mask_robustness__mask_robustness__p001__loss_large__variant_05,mask_robustness__p001__loss_large__variant_05,p001__loss_large__variant_05,mask_robustness__p001__loss_large__variant_05,mask_robustness,primary,p001,portrait_figure,Juan de Pareja,Diego Velázquez,Baroque,lama,,,,,content_region,509184,52,0,715,768,63643,False,> 127,8,alex,256,0.27220648527145386,0.027896268293261528,0.24431021697819233,0.07430670002941042,0.3719652999425307,2.0.0,restoration_eval.metrics_lpips,cuda,3.12.6,2.1.3,2.2.3,11.0.0,2.5.1+cu121,0.1.4,ok,
lama__mask_robustness__mask_robustness__p001__loss_large__variant_05__mask_bbox_crop__lpips,lama__mask_robustness__mask_robustness__p001__loss_large__variant_05,lama__mask_robustness__mask_robustness__p001__loss_large__variant_05,lama__mask_robustness__mask_robustness__p001__loss_large__variant_05,mask_robustness__p001__loss_large__variant_05,p001__loss_large__variant_05,mask_robustness__p001__loss_large__variant_05,mask_robustness,primary,p001,portrait_figure,Juan de Pareja,Diego Velázquez,Baroque,lama,,,,,mask_bbox_crop,143641,306,101,685,480,63643,False,> 127,8,alex,256,0.6983163356781006,0.09651003032922745,0.6018063053488731,0.052498199976980686,0.3719652999425307,2.0.0,restoration_eval.metrics_lpips,cuda,3.12.6,2.1.3,2.2.3,11.0.0,2.5.1+cu121,0.1.4,ok,
lama__mask_robustness__mask_robustness__p001__loss_small__variant_01__full_image__lpips,lama__mask_robustness__mask_robustness__p001__loss_small__variant_01,lama__mask_robustness__mask_robustness__p001__loss_small__variant_01,lama__mask_robustness__mask_robustness__p001__loss_small__variant_01,mask_robustness__p001__loss_small__variant_01,p001__loss_small__variant_01,mask_robustness__p001__loss_small__variant_01,mask_robustness,primary,p001,portrait_figure,Juan de Pareja,Diego Velázquez,Baroque,lama,,,,,full_image,589824,0,0,768,768,22079,False,> 127,8,alex,256,0.21429358422756195,0.004842217080295086,0.20945136714726686,0.06649200001265854,0.32463869999628514,2.0.0,restoration_eval.metrics_lpips,cuda,3.12.6,2.1.3,2.2.3,11.0.0,2.5.1+cu121,0.1.4,ok,
lama__mask_robustness__mask_robustness__p001__loss_small__variant_01__content_region__lpips,lama__mask_robustness__mask_robustness__p001__loss_small__variant_01,lama__mask_robustness__mask_robustness__p001__loss_small__variant_01,lama__mask_robustness__mask_robustness__p001__loss_small__variant_01,mask_robustness__p001__loss_small__variant_01,p001__loss_small__variant_01,mask_robustness__p001__loss_small__variant_01,mask_robustness,primary,p001,portrait_figure,Juan de Pareja,Diego Velázquez,Baroque,lama,,,,,content_region,509184,52,0,715,768,22079,False,> 127,8,alex,256,0.22511065006256104,0.004994876217097044,0.220115773845464,0.06161410000640899,0.32463869999628514,2.0.0,restoration_eval.metrics_lpips,cuda,3.12.6,2.1.3,2.2.3,11.0.0,2.5.1+cu121,0.1.4,ok,
lama__mask_robustness__mask_robustness__p001__loss_small__variant_01__mask_bbox_crop__lpips,lama__mask_robustness__mask_robustness__p001__loss_small__variant_01,lama__mask_robustness__mask_robustness__p001__loss_small__variant_01,lama__mask_robustness__mask_robustness__p001__loss_small__variant_01,mask_robustness__p001__loss_small__variant_01,p001__loss_small__variant_01,mask_robustness__p001__loss_small__variant_01,mask_robustness,primary,p001,portrait_figure,Juan de Pareja,Diego Velázquez,Baroque,lama,,,,,mask_bbox_crop,589824,0,0,768,768,22079,False,> 127,8,alex,256,0.21429358422756195,0.004842217080295086,0.20945136714726686,0.06399219995364547,0.32463869999628514,2.0.0,restoration_eval.metrics_lpips,cuda,3.12.6,2.1.3,2.2.3,11.0.0,2.5.1+cu121,0.1.4,ok,
lama__mask_robustness__mask_robustness__p001__loss_small__variant_02__full_image__lpips,lama__mask_robustness__mask_robustness__p001__loss_small__variant_02,lama__mask_robustness__mask_robustness__p001__loss_small__variant_02,lama__mask_robustness__mask_robustness__p001__loss_small__variant_02,mask_robustness__p001__loss_small__variant_02,p001__loss_small__variant_02,mask_robustness__p001__loss_small__variant_02,mask_robustness,primary,p001,portrait_figure,Juan de Pareja,Diego Velázquez,Baroque,lama,,,,,full_image,589824,0,0,768,768,22880,False,> 127,8,alex,256,0.27816030383110046,0.005249133799225092,0.27291117003187537,0.06705149996560067,0.36874219996389,2.0.0,restoration_eval.metrics_lpips,cuda,3.12.6,2.1.3,2.2.3,11.0.0,2.5.1+cu121,0.1.4,ok,
lama__mask_robustness__mask_robustness__p001__loss_small__variant_02__content_region__lpips,lama__mask_robustness__mask_robustness__p001__loss_small__variant_02,lama__mask_robustness__mask_robustness__p001__loss_small__variant_02,lama__mask_robustness__mask_robustness__p001__loss_small__variant_02,mask_robustness__p001__loss_small__variant_02,p001__loss_small__variant_02,mask_robustness__p001__loss_small__variant_02,mask_robustness,primary,p001,portrait_figure,Juan de Pareja,Diego Velázquez,Baroque,lama,,,,,content_region,509184,52,0,715,768,22880,False,> 127,8,alex,256,0.28313055634498596,0.007596589624881744,0.2755339667201042,0.06503209995571524,0.36874219996389,2.0.0,restoration_eval.metrics_lpips,cuda,3.12.6,2.1.3,2.2.3,11.0.0,2.5.1+cu121,0.1.4,ok,
lama__mask_robustness__mask_robustness__p001__loss_small__variant_02__mask_bbox_crop__lpips,lama__mask_robustness__mask_robustness__p001__loss_small__variant_02,lama__mask_robustness__mask_robustness__p001__loss_small__variant_02,lama__mask_robustness__mask_robustness__p001__loss_small__variant_02,mask_robustness__p001__loss_small__variant_02,p001__loss_small__variant_02,mask_robustness__p001__loss_small__variant_02,mask_robustness,primary,p001,portrait_figure,Juan de Pareja,Diego Velázquez,Baroque,lama,,,,,mask_bbox_crop,564001,17,17,768,768,22880,False,> 127,8,alex,256,0.2847035825252533,0.0042944736778736115,0.2804091088473797,0.06655490002594888,0.36874219996389,2.0.0,restoration_eval.metrics_lpips,cuda,3.12.6,2.1.3,2.2.3,11.0.0,2.5.1+cu121,0.1.4,ok,
lama__mask_robustness__mask_robustness__p001__loss_small__variant_03__full_image__lpips,lama__mask_robustness__mask_robustness__p001__loss_small__variant_03,lama__mask_robustness__mask_robustness__p001__loss_small__variant_03,lama__mask_robustness__mask_robustness__p001__loss_small__variant_03,mask_robustness__p001__loss_small__variant_03,p001__loss_small__variant_03,mask_robustness__p001__loss_small__variant_03,mask_robustness,primary,p001,portrait_figure,Juan de Pareja,Diego Velázquez,Baroque,lama,,,,,full_image,589824,0,0,768,768,22960,False,> 127,8,alex,256,0.27479755878448486,0.004772563930600882,0.270024994853884,0.06464420002885163,0.3361862999154255,2.0.0,restoration_eval.metrics_lpips,cuda,3.12.6,2.1.3,2.2.3,11.0.0,2.5.1+cu121,0.1.4,ok,
lama__mask_robustness__mask_robustness__p001__loss_small__variant_03__content_region__lpips,lama__mask_robustness__mask_robustness__p001__loss_small__variant_03,lama__mask_robustness__mask_robustness__p001__loss_small__variant_03,lama__mask_robustness__mask_robustness__p001__loss_small__variant_03,mask_robustness__p001__loss_small__variant_03,p001__loss_small__variant_03,mask_robustness__p001__loss_small__variant_03,mask_robustness,primary,p001,portrait_figure,Juan de Pareja,Diego Velázquez,Baroque,lama,,,,,content_region,509184,52,0,715,768,22960,False,> 127,8,alex,256,0.26828432083129883,0.006750155705958605,0.2615341651253402,0.06232730008196086,0.3361862999154255,2.0.0,restoration_eval.metrics_lpips,cuda,3.12.6,2.1.3,2.2.3,11.0.0,2.5.1+cu121,0.1.4,ok,
lama__mask_robustness__mask_robustness__p001__loss_small__variant_03__mask_bbox_crop__lpips,lama__mask_robustness__mask_robustness__p001__loss_small__variant_03,lama__mask_robustness__mask_robustness__p001__loss_small__variant_03,lama__mask_robustness__mask_robustness__p001__loss_small__variant_03,mask_robustness__p001__loss_small__variant_03,p001__loss_small__variant_03,mask_robustness__p001__loss_small__variant_03,mask_robustness,primary,p001,portrait_figure,Juan de Pareja,Diego Velázquez,Baroque,lama,,,,,mask_bbox_crop,568516,0,14,754,768,22960,False,> 127,8,alex,256,0.27171003818511963,0.006665379274636507,0.2650446589104831,0.06310079991817474,0.3361862999154255,2.0.0,restoration_eval.metrics_lpips,cuda,3.12.6,2.1.3,2.2.3,11.0.0,2.5.1+cu121,0.1.4,ok,
lama__mask_robustness__mask_robustness__p001__loss_small__variant_04__full_image__lpips,lama__mask_robustness__mask_robustness__p001__loss_small__variant_04,lama__mask_robustness__mask_robustness__p001__loss_small__variant_04,lama__mask_robustness__mask_robustness__p001__loss_small__variant_04,mask_robustness__p001__loss_small__variant_04,p001__loss_small__variant_04,mask_robustness__p001__loss_small__variant_04,mask_robustness,primary,p001,portrait_figure,Juan de Pareja,Diego Velázquez,Baroque,lama,,,,,full_image,589824,0,0,768,768,22924,False,> 127,8,alex,256,0.2944309413433075,0.004977052100002766,0.28945388924330473,0.06850469997152686,0.3557013999670744,2.0.0,restoration_eval.metrics_lpips,cuda,3.12.6,2.1.3,2.2.3,11.0.0,2.5.1+cu121,0.1.4,ok,
lama__mask_robustness__mask_robustness__p001__loss_small__variant_04__content_region__lpips,lama__mask_robustness__mask_robustness__p001__loss_small__variant_04,lama__mask_robustness__mask_robustness__p001__loss_small__variant_04,lama__mask_robustness__mask_robustness__p001__loss_small__variant_04,mask_robustness__p001__loss_small__variant_04,p001__loss_small__variant_04,mask_robustness__p001__loss_small__variant_04,mask_robustness,primary,p001,portrait_figure,Juan de Pareja,Diego Velázquez,Baroque,lama,,,,,content_region,509184,52,0,715,768,22924,False,> 127,8,alex,256,0.29347947239875793,0.008311934769153595,0.28516753762960434,0.0681323999306187,0.3557013999670744,2.0.0,restoration_eval.metrics_lpips,cuda,3.12.6,2.1.3,2.2.3,11.0.0,2.5.1+cu121,0.1.4,ok,
lama__mask_robustness__mask_robustness__p001__loss_small__variant_04__mask_bbox_crop__lpips,lama__mask_robustness__mask_robustness__p001__loss_small__variant_04,lama__mask_robustness__mask_robustness__p001__loss_small__variant_04,lama__mask_robustness__mask_robustness__p001__loss_small__variant_04,mask_robustness__p001__loss_small__variant_04,p001__loss_small__variant_04,mask_robustness__p001__loss_small__variant_04,mask_robustness,primary,p001,portrait_figure,Juan de Pareja,Diego Velázquez,Baroque,lama,,,,,mask_bbox_crop,399424,93,69,725,701,22924,False,> 127,8,alex,256,0.2770496606826782,0.008529633283615112,0.2685200273990631,0.05582060001324862,0.3557013999670744,2.0.0,restoration_eval.metrics_lpips,cuda,3.12.6,2.1.3,2.2.3,11.0.0,2.5.1+cu121,0.1.4,ok,
lama__mask_robustness__mask_robustness__p001__loss_small__variant_05__full_image__lpips,lama__mask_robustness__mask_robustness__p001__loss_small__variant_05,lama__mask_robustness__mask_robustness__p001__loss_small__variant_05,lama__mask_robustness__mask_robustness__p001__loss_small__variant_05,mask_robustness__p001__loss_small__variant_05,p001__loss_small__variant_05,mask_robustness__p001__loss_small__variant_05,mask_robustness,primary,p001,portrait_figure,Juan de Pareja,Diego Velázquez,Baroque,lama,,,,,full_image,589824,0,0,768,768,22900,False,> 127,8,alex,256,0.23458658158779144,0.004304233938455582,0.23028234764933586,0.06846919993404299,0.3385255999164656,2.0.0,restoration_eval.metrics_lpips,cuda,3.12.6,2.1.3,2.2.3,11.0.0,2.5.1+cu121,0.1.4,ok,
lama__mask_robustness__mask_robustness__p001__loss_small__variant_05__content_region__lpips,lama__mask_robustness__mask_robustness__p001__loss_small__variant_05,lama__mask_robustness__mask_robustness__p001__loss_small__variant_05,lama__mask_robustness__mask_robustness__p001__loss_small__variant_05,mask_robustness__p001__loss_small__variant_05,p001__loss_small__variant_05,mask_robustness__p001__loss_small__variant_05,mask_robustness,primary,p001,portrait_figure,Juan de Pareja,Diego Velázquez,Baroque,lama,,,,,content_region,509184,52,0,715,768,22900,False,> 127,8,alex,256,0.2376481294631958,0.005477377213537693,0.2321707522496581,0.0626914999447763,0.3385255999164656,2.0.0,restoration_eval.metrics_lpips,cuda,3.12.6,2.1.3,2.2.3,11.0.0,2.5.1+cu121,0.1.4,ok,
lama__mask_robustness__mask_robustness__p001__loss_small__variant_05__mask_bbox_crop__lpips,lama__mask_robustness__mask_robustness__p001__loss_small__variant_05,lama__mask_robustness__mask_robustness__p001__loss_small__variant_05,lama__mask_robustness__mask_robustness__p001__loss_small__variant_05,mask_robustness__p001__loss_small__variant_05,p001__loss_small__variant_05,mask_robustness__p001__loss_small__variant_05,mask_robustness,primary,p001,portrait_figure,Juan de Pareja,Diego Velázquez,Baroque,lama,,,,,mask_bbox_crop,376996,44,0,658,614,22900,False,> 127,8,alex,256,0.280618280172348,0.009602522477507591,0.27101575769484043,0.060533100040629506,0.3385255999164656,2.0.0,restoration_eval.metrics_lpips,cuda,3.12.6,2.1.3,2.2.3,11.0.0,2.5.1+cu121,0.1.4,ok,
lama__mask_robustness__mask_robustness__p001__scratch_thin__variant_01__full_image__lpips,lama__mask_robustness__mask_robustness__p001__scratch_thin__variant_01,lama__mask_robustness__mask_robustness__p001__scratch_thin__variant_01,lama__mask_robustness__mask_robustness__p001__scratch_thin__variant_01,mask_robustness__p001__scratch_thin__variant_01,p001__scratch_thin__variant_01,mask_robustness__p001__scratch_thin__variant_01,mask_robustness,primary,p001,portrait_figure,Juan de Pareja,Diego Velázquez,Baroque,lama,,,,,full_image,589824,0,0,768,768,10186,False,> 127,8,alex,256,0.17202985286712646,0.0007144729606807232,0.17131537990644574,0.07737210008781403,0.35743709991220385,2.0.0,restoration_eval.metrics_lpips,cuda,3.12.6,2.1.3,2.2.3,11.0.0,2.5.1+cu121,0.1.4,ok,
lama__mask_robustness__mask_robustness__p001__scratch_thin__variant_01__content_region__lpips,lama__mask_robustness__mask_robustness__p001__scratch_thin__variant_01,lama__mask_robustness__mask_robustness__p001__scratch_thin__variant_01,lama__mask_robustness__mask_robustness__p001__scratch_thin__variant_01,mask_robustness__p001__scratch_thin__variant_01,p001__scratch_thin__variant_01,mask_robustness__p001__scratch_thin__variant_01,mask_robustness,primary,p001,portrait_figure,Juan de Pareja,Diego Velázquez,Baroque,lama,,,,,content_region,509184,52,0,715,768,10186,False,> 127,8,alex,256,0.1792563796043396,0.0007412912673316896,0.1785150883370079,0.06845399993471801,0.35743709991220385,2.0.0,restoration_eval.metrics_lpips,cuda,3.12.6,2.1.3,2.2.3,11.0.0,2.5.1+cu121,0.1.4,ok,
lama__mask_robustness__mask_robustness__p001__scratch_thin__variant_01__mask_bbox_crop__lpips,lama__mask_robustness__mask_robustness__p001__scratch_thin__variant_01,lama__mask_robustness__mask_robustness__p001__scratch_thin__variant_01,lama__mask_robustness__mask_robustness__p001__scratch_thin__variant_01,mask_robustness__p001__scratch_thin__variant_01,p001__scratch_thin__variant_01,mask_robustness__p001__scratch_thin__variant_01,mask_robustness,primary,p001,portrait_figure,Juan de Pareja,Diego Velázquez,Baroque,lama,,,,,mask_bbox_crop,461041,44,0,723,679,10186,False,> 127,8,alex,256,0.1959628313779831,0.001080455956980586,0.1948823754210025,0.06339089991524816,0.35743709991220385,2.0.0,restoration_eval.metrics_lpips,cuda,3.12.6,2.1.3,2.2.3,11.0.0,2.5.1+cu121,0.1.4,ok,
lama__mask_robustness__mask_robustness__p001__scratch_thin__variant_02__full_image__lpips,lama__mask_robustness__mask_robustness__p001__scratch_thin__variant_02,lama__mask_robustness__mask_robustness__p001__scratch_thin__variant_02,lama__mask_robustness__mask_robustness__p001__scratch_thin__variant_02,mask_robustness__p001__scratch_thin__variant_02,p001__scratch_thin__variant_02,mask_robustness__p001__scratch_thin__variant_02,mask_robustness,primary,p001,portrait_figure,Juan de Pareja,Diego Velázquez,Baroque,lama,,,,,full_image,589824,0,0,768,768,10191,False,> 127,8,alex,256,0.3640151023864746,0.0036348989233374596,0.36038020346313715,0.0765294999582693,0.3646853999234736,2.0.0,restoration_eval.metrics_lpips,cuda,3.12.6,2.1.3,2.2.3,11.0.0,2.5.1+cu121,0.1.4,ok,
lama__mask_robustness__mask_robustness__p001__scratch_thin__variant_02__content_region__lpips,lama__mask_robustness__mask_robustness__p001__scratch_thin__variant_02,lama__mask_robustness__mask_robustness__p001__scratch_thin__variant_02,lama__mask_robustness__mask_robustness__p001__scratch_thin__variant_02,mask_robustness__p001__scratch_thin__variant_02,p001__scratch_thin__variant_02,mask_robustness__p001__scratch_thin__variant_02,mask_robustness,primary,p001,portrait_figure,Juan de Pareja,Diego Velázquez,Baroque,lama,,,,,content_region,509184,52,0,715,768,10191,False,> 127,8,alex,256,0.3902099132537842,0.002830054610967636,0.38737985864281654,0.07162689999677241,0.3646853999234736,2.0.0,restoration_eval.metrics_lpips,cuda,3.12.6,2.1.3,2.2.3,11.0.0,2.5.1+cu121,0.1.4,ok,
lama__mask_robustness__mask_robustness__p001__scratch_thin__variant_02__mask_bbox_crop__lpips,lama__mask_robustness__mask_robustness__p001__scratch_thin__variant_02,lama__mask_robustness__mask_robustness__p001__scratch_thin__variant_02,lama__mask_robustness__mask_robustness__p001__scratch_thin__variant_02,mask_robustness__p001__scratch_thin__variant_02,p001__scratch_thin__variant_02,mask_robustness__p001__scratch_thin__variant_02,mask_robustness,primary,p001,portrait_figure,Juan de Pareja,Diego Velázquez,Baroque,lama,,,,,mask_bbox_crop,454276,44,0,718,674,10191,False,> 127,8,alex,256,0.4404289722442627,0.0029224101454019547,0.43750656209886074,0.08309829991776496,0.3646853999234736,2.0.0,restoration_eval.metrics_lpips,cuda,3.12.6,2.1.3,2.2.3,11.0.0,2.5.1+cu121,0.1.4,ok,
lama__mask_robustness__mask_robustness__p001__scratch_thin__variant_03__full_image__lpips,lama__mask_robustness__mask_robustness__p001__scratch_thin__variant_03,lama__mask_robustness__mask_robustness__p001__scratch_thin__variant_03,lama__mask_robustness__mask_robustness__p001__scratch_thin__variant_03,mask_robustness__p001__scratch_thin__variant_03,p001__scratch_thin__variant_03,mask_robustness__p001__scratch_thin__variant_03,mask_robustness,primary,p001,portrait_figure,Juan de Pareja,Diego Velázquez,Baroque,lama,,,,,full_image,589824,0,0,768,768,8635,False,> 127,8,alex,256,0.43873167037963867,0.0007376496214419603,0.4379940207581967,0.07549169997218996,0.3952493999386206,2.0.0,restoration_eval.metrics_lpips,cuda,3.12.6,2.1.3,2.2.3,11.0.0,2.5.1+cu121,0.1.4,ok,
lama__mask_robustness__mask_robustness__p001__scratch_thin__variant_03__content_region__lpips,lama__mask_robustness__mask_robustness__p001__scratch_thin__variant_03,lama__mask_robustness__mask_robustness__p001__scratch_thin__variant_03,lama__mask_robustness__mask_robustness__p001__scratch_thin__variant_03,mask_robustness__p001__scratch_thin__variant_03,p001__scratch_thin__variant_03,mask_robustness__p001__scratch_thin__variant_03,mask_robustness,primary,p001,portrait_figure,Juan de Pareja,Diego Velázquez,Baroque,lama,,,,,content_region,509184,52,0,715,768,8635,False,> 127,8,alex,256,0.45974406599998474,0.0006800502305850387,0.4590640157693997,0.08445059997029603,0.3952493999386206,2.0.0,restoration_eval.metrics_lpips,cuda,3.12.6,2.1.3,2.2.3,11.0.0,2.5.1+cu121,0.1.4,ok,
lama__mask_robustness__mask_robustness__p001__scratch_thin__variant_03__mask_bbox_crop__lpips,lama__mask_robustness__mask_robustness__p001__scratch_thin__variant_03,lama__mask_robustness__mask_robustness__p001__scratch_thin__variant_03,lama__mask_robustness__mask_robustness__p001__scratch_thin__variant_03,mask_robustness__p001__scratch_thin__variant_03,p001__scratch_thin__variant_03,mask_robustness__p001__scratch_thin__variant_03,mask_robustness,primary,p001,portrait_figure,Juan de Pareja,Diego Velázquez,Baroque,lama,,,,,mask_bbox_crop,466489,42,0,725,683,8635,False,> 127,8,alex,256,0.45317286252975464,0.0006942880572751164,0.4524785744724795,0.07370730000548065,0.3952493999386206,2.0.0,restoration_eval.metrics_lpips,cuda,3.12.6,2.1.3,2.2.3,11.0.0,2.5.1+cu121,0.1.4,ok,
lama__mask_robustness__mask_robustness__p001__scratch_thin__variant_04__full_image__lpips,lama__mask_robustness__mask_robustness__p001__scratch_thin__variant_04,lama__mask_robustness__mask_robustness__p001__scratch_thin__variant_04,lama__mask_robustness__mask_robustness__p001__scratch_thin__variant_04,mask_robustness__p001__scratch_thin__variant_04,p001__scratch_thin__variant_04,mask_robustness__p001__scratch_thin__variant_04,mask_robustness,primary,p001,portrait_figure,Juan de Pareja,Diego Velázquez,Baroque,lama,,,,,full_image,589824,0,0,768,768,10157,False,> 127,8,alex,256,0.46500974893569946,0.005843771621584892,0.45916597731411457,0.07733949995599687,0.3800826999358833,2.0.0,restoration_eval.metrics_lpips,cuda,3.12.6,2.1.3,2.2.3,11.0.0,2.5.1+cu121,0.1.4,ok,
lama__mask_robustness__mask_robustness__p001__scratch_thin__variant_04__content_region__lpips,lama__mask_robustness__mask_robustness__p001__scratch_thin__variant_04,lama__mask_robustness__mask_robustness__p001__scratch_thin__variant_04,lama__mask_robustness__mask_robustness__p001__scratch_thin__variant_04,mask_robustness__p001__scratch_thin__variant_04,p001__scratch_thin__variant_04,mask_robustness__p001__scratch_thin__variant_04,mask_robustness,primary,p001,portrait_figure,Juan de Pareja,Diego Velázquez,Baroque,lama,,,,,content_region,509184,52,0,715,768,10157,False,> 127,8,alex,256,0.5007038116455078,0.004021362401545048,0.49668244924396276,0.07268260000273585,0.3800826999358833,2.0.0,restoration_eval.metrics_lpips,cuda,3.12.6,2.1.3,2.2.3,11.0.0,2.5.1+cu121,0.1.4,ok,
lama__mask_robustness__mask_robustness__p001__scratch_thin__variant_04__mask_bbox_crop__lpips,lama__mask_robustness__mask_robustness__p001__scratch_thin__variant_04,lama__mask_robustness__mask_robustness__p001__scratch_thin__variant_04,lama__mask_robustness__mask_robustness__p001__scratch_thin__variant_04,mask_robustness__p001__scratch_thin__variant_04,p001__scratch_thin__variant_04,mask_robustness__p001__scratch_thin__variant_04,mask_robustness,primary,p001,portrait_figure,Juan de Pareja,Diego Velázquez,Baroque,lama,,,,,mask_bbox_crop,514089,0,0,717,717,10157,False,> 127,8,alex,256,0.5044704079627991,0.00542272487655282,0.49904768308624625,0.07029060006607324,0.3800826999358833,2.0.0,restoration_eval.metrics_lpips,cuda,3.12.6,2.1.3,2.2.3,11.0.0,2.5.1+cu121,0.1.4,ok,
lama__mask_robustness__mask_robustness__p001__scratch_thin__variant_05__full_image__lpips,lama__mask_robustness__mask_robustness__p001__scratch_thin__variant_05,lama__mask_robustness__mask_robustness__p001__scratch_thin__variant_05,lama__mask_robustness__mask_robustness__p001__scratch_thin__variant_05,mask_robustness__p001__scratch_thin__variant_05,p001__scratch_thin__variant_05,mask_robustness__p001__scratch_thin__variant_05,mask_robustness,primary,p001,portrait_figure,Juan de Pareja,Diego Velázquez,Baroque,lama,,,,,full_image,589824,0,0,768,768,10152,False,> 127,8,alex,256,0.49826157093048096,0.0026080782990902662,0.4956534926313907,0.10058049997314811,0.4155389000661671,2.0.0,restoration_eval.metrics_lpips,cuda,3.12.6,2.1.3,2.2.3,11.0.0,2.5.1+cu121,0.1.4,ok,
lama__mask_robustness__mask_robustness__p001__scratch_thin__variant_05__content_region__lpips,lama__mask_robustness__mask_robustness__p001__scratch_thin__variant_05,lama__mask_robustness__mask_robustness__p001__scratch_thin__variant_05,lama__mask_robustness__mask_robustness__p001__scratch_thin__variant_05,mask_robustness__p001__scratch_thin__variant_05,p001__scratch_thin__variant_05,mask_robustness__p001__scratch_thin__variant_05,mask_robustness,primary,p001,portrait_figure,Juan de Pareja,Diego Velázquez,Baroque,lama,,,,,content_region,509184,52,0,715,768,10152,False,> 127,8,alex,256,0.5091672539710999,0.0013597634388133883,0.5078074905322865,0.07543319999240339,0.4155389000661671,2.0.0,restoration_eval.metrics_lpips,cuda,3.12.6,2.1.3,2.2.3,11.0.0,2.5.1+cu121,0.1.4,ok,
lama__mask_robustness__mask_robustness__p001__scratch_thin__variant_05__mask_bbox_crop__lpips,lama__mask_robustness__mask_robustness__p001__scratch_thin__variant_05,lama__mask_robustness__mask_robustness__p001__scratch_thin__variant_05,lama__mask_robustness__mask_robustness__p001__scratch_thin__variant_05,mask_robustness__p001__scratch_thin__variant_05,p001__scratch_thin__variant_05,mask_robustness__p001__scratch_thin__variant_05,mask_robustness,primary,p001,portrait_figure,Juan de Pareja,Diego Velázquez,Baroque,lama,,,,,mask_bbox_crop,589824,0,0,768,768,10152,False,> 127,8,alex,256,0.49826157093048096,0.0026080782990902662,0.4956534926313907,0.07899199996609241,0.4155389000661671,2.0.0,restoration_eval.metrics_lpips,cuda,3.12.6,2.1.3,2.2.3,11.0.0,2.5.1+cu121,0.1.4,ok,
lama__mask_robustness__mask_robustness__p018__loss_large__variant_01__full_image__lpips,lama__mask_robustness__mask_robustness__p018__loss_large__variant_01,lama__mask_robustness__mask_robustness__p018__loss_large__variant_01,lama__mask_robustness__mask_robustness__p018__loss_large__variant_01,mask_robustness__p018__loss_large__variant_01,p018__loss_large__variant_01,mask_robustness__p018__loss_large__variant_01,mask_robustness,primary,p018,landscape_natural,Classical Landscape with Figures,Henri Mauperché,,lama,,,,,full_image,589824,0,0,768,768,48662,False,> 127,8,alex,256,0.1710672825574875,0.02557421289384365,0.14549306966364384,0.07150210009422153,0.3399491999298334,2.0.0,restoration_eval.metrics_lpips,cuda,3.12.6,2.1.3,2.2.3,11.0.0,2.5.1+cu121,0.1.4,ok,
lama__mask_robustness__mask_robustness__p018__loss_large__variant_01__content_region__lpips,lama__mask_robustness__mask_robustness__p018__loss_large__variant_01,lama__mask_robustness__mask_robustness__p018__loss_large__variant_01,lama__mask_robustness__mask_robustness__p018__loss_large__variant_01,mask_robustness__p018__loss_large__variant_01,p018__loss_large__variant_01,mask_robustness__p018__loss_large__variant_01,mask_robustness,primary,p018,landscape_natural,Classical Landscape with Figures,Henri Mauperché,,lama,,,,,content_region,389376,0,130,768,637,48662,False,> 127,8,alex,256,0.25058093667030334,0.03934605047106743,0.21123488619923592,0.06864750001113862,0.3399491999298334,2.0.0,restoration_eval.metrics_lpips,cuda,3.12.6,2.1.3,2.2.3,11.0.0,2.5.1+cu121,0.1.4,ok,
lama__mask_robustness__mask_robustness__p018__loss_large__variant_01__mask_bbox_crop__lpips,lama__mask_robustness__mask_robustness__p018__loss_large__variant_01,lama__mask_robustness__mask_robustness__p018__loss_large__variant_01,lama__mask_robustness__mask_robustness__p018__loss_large__variant_01,mask_robustness__p018__loss_large__variant_01,p018__loss_large__variant_01,mask_robustness__p018__loss_large__variant_01,mask_robustness,primary,p018,landscape_natural,Classical Landscape with Figures,Henri Mauperché,,lama,,,,,mask_bbox_crop,123201,334,192,685,543,48662,False,> 127,8,alex,256,0.5293298959732056,0.13849160075187683,0.39083829522132874,0.04459000006318092,0.3399491999298334,2.0.0,restoration_eval.metrics_lpips,cuda,3.12.6,2.1.3,2.2.3,11.0.0,2.5.1+cu121,0.1.4,ok,
lama__mask_robustness__mask_robustness__p018__loss_large__variant_02__full_image__lpips,lama__mask_robustness__mask_robustness__p018__loss_large__variant_02,lama__mask_robustness__mask_robustness__p018__loss_large__variant_02,lama__mask_robustness__mask_robustness__p018__loss_large__variant_02,mask_robustness__p018__loss_large__variant_02,p018__loss_large__variant_02,mask_robustness__p018__loss_large__variant_02,mask_robustness,primary,p018,landscape_natural,Classical Landscape with Figures,Henri Mauperché,,lama,,,,,full_image,589824,0,0,768,768,48683,False,> 127,8,alex,256,0.15558217465877533,0.022257983684539795,0.13332419097423553,0.07185059995390475,0.3312219000654295,2.0.0,restoration_eval.metrics_lpips,cuda,3.12.6,2.1.3,2.2.3,11.0.0,2.5.1+cu121,0.1.4,ok,
lama__mask_robustness__mask_robustness__p018__loss_large__variant_02__content_region__lpips,lama__mask_robustness__mask_robustness__p018__loss_large__variant_02,lama__mask_robustness__mask_robustness__p018__loss_large__variant_02,lama__mask_robustness__mask_robustness__p018__loss_large__variant_02,mask_robustness__p018__loss_large__variant_02,p018__loss_large__variant_02,mask_robustness__p018__loss_large__variant_02,mask_robustness,primary,p018,landscape_natural,Classical Landscape with Figures,Henri Mauperché,,lama,,,,,content_region,389376,0,130,768,637,48683,False,> 127,8,alex,256,0.20452666282653809,0.03634583577513695,0.16818082705140114,0.05663749994710088,0.3312219000654295,2.0.0,restoration_eval.metrics_lpips,cuda,3.12.6,2.1.3,2.2.3,11.0.0,2.5.1+cu121,0.1.4,ok,
lama__mask_robustness__mask_robustness__p018__loss_large__variant_02__mask_bbox_crop__lpips,lama__mask_robustness__mask_robustness__p018__loss_large__variant_02,lama__mask_robustness__mask_robustness__p018__loss_large__variant_02,lama__mask_robustness__mask_robustness__p018__loss_large__variant_02,mask_robustness__p018__loss_large__variant_02,p018__loss_large__variant_02,mask_robustness__p018__loss_large__variant_02,mask_robustness,primary,p018,landscape_natural,Classical Landscape with Figures,Henri Mauperché,,lama,,,,,mask_bbox_crop,179776,171,135,595,559,48683,False,> 127,8,alex,256,0.3426811993122101,0.07787345349788666,0.2648077458143234,0.04657899995800108,0.3312219000654295,2.0.0,restoration_eval.metrics_lpips,cuda,3.12.6,2.1.3,2.2.3,11.0.0,2.5.1+cu121,0.1.4,ok,
lama__mask_robustness__mask_robustness__p018__loss_large__variant_03__full_image__lpips,lama__mask_robustness__mask_robustness__p018__loss_large__variant_03,lama__mask_robustness__mask_robustness__p018__loss_large__variant_03,lama__mask_robustness__mask_robustness__p018__loss_large__variant_03,mask_robustness__p018__loss_large__variant_03,p018__loss_large__variant_03,mask_robustness__p018__loss_large__variant_03,mask_robustness,primary,p018,landscape_natural,Classical Landscape with Figures,Henri Mauperché,,lama,,,,,full_image,589824,0,0,768,768,48634,False,> 127,8,alex,256,0.1347207874059677,0.021263670176267624,0.11345711722970009,0.07215580006595701,0.3267975999042392,2.0.0,restoration_eval.metrics_lpips,cuda,3.12.6,2.1.3,2.2.3,11.0.0,2.5.1+cu121,0.1.4,ok,
lama__mask_robustness__mask_robustness__p018__loss_large__variant_03__content_region__lpips,lama__mask_robustness__mask_robustness__p018__loss_large__variant_03,lama__mask_robustness__mask_robustness__p018__loss_large__variant_03,lama__mask_robustness__mask_robustness__p018__loss_large__variant_03,mask_robustness__p018__loss_large__variant_03,p018__loss_large__variant_03,mask_robustness__p018__loss_large__variant_03,mask_robustness,primary,p018,landscape_natural,Classical Landscape with Figures,Henri Mauperché,,lama,,,,,content_region,389376,0,130,768,637,48634,False,> 127,8,alex,256,0.19140274822711945,0.039955396205186844,0.1514473520219326,0.0678061000071466,0.3267975999042392,2.0.0,restoration_eval.metrics_lpips,cuda,3.12.6,2.1.3,2.2.3,11.0.0,2.5.1+cu121,0.1.4,ok,
lama__mask_robustness__mask_robustness__p018__loss_large__variant_03__mask_bbox_crop__lpips,lama__mask_robustness__mask_robustness__p018__loss_large__variant_03,lama__mask_robustness__mask_robustness__p018__loss_large__variant_03,lama__mask_robustness__mask_robustness__p018__loss_large__variant_03,mask_robustness__p018__loss_large__variant_03,p018__loss_large__variant_03,mask_robustness__p018__loss_large__variant_03,mask_robustness,primary,p018,landscape_natural,Classical Landscape with Figures,Henri Mauperché,,lama,,,,,mask_bbox_crop,108241,178,264,507,593,48634,False,> 127,8,alex,256,0.5530110001564026,0.14749237895011902,0.40551862120628357,0.04137919994536787,0.3267975999042392,2.0.0,restoration_eval.metrics_lpips,cuda,3.12.6,2.1.3,2.2.3,11.0.0,2.5.1+cu121,0.1.4,ok,
lama__mask_robustness__mask_robustness__p018__loss_large__variant_04__full_image__lpips,lama__mask_robustness__mask_robustness__p018__loss_large__variant_04,lama__mask_robustness__mask_robustness__p018__loss_large__variant_04,lama__mask_robustness__mask_robustness__p018__loss_large__variant_04,mask_robustness__p018__loss_large__variant_04,p018__loss_large__variant_04,mask_robustness__p018__loss_large__variant_04,mask_robustness,primary,p018,landscape_natural,Classical Landscape with Figures,Henri Mauperché,,lama,,,,,full_image,589824,0,0,768,768,48681,False,> 127,8,alex,256,0.1608980894088745,0.026943938806653023,0.1339541506022215,0.07076899998355657,0.30669519992079586,2.0.0,restoration_eval.metrics_lpips,cuda,3.12.6,2.1.3,2.2.3,11.0.0,2.5.1+cu121,0.1.4,ok,
lama__mask_robustness__mask_robustness__p018__loss_large__variant_04__content_region__lpips,lama__mask_robustness__mask_robustness__p018__loss_large__variant_04,lama__mask_robustness__mask_robustness__p018__loss_large__variant_04,lama__mask_robustness__mask_robustness__p018__loss_large__variant_04,mask_robustness__p018__loss_large__variant_04,p018__loss_large__variant_04,mask_robustness__p018__loss_large__variant_04,mask_robustness,primary,p018,landscape_natural,Classical Landscape with Figures,Henri Mauperché,,lama,,,,,content_region,389376,0,130,768,637,48681,False,> 127,8,alex,256,0.22272677719593048,0.0398334302008152,0.18289334699511528,0.057799900067038834,0.30669519992079586,2.0.0,restoration_eval.metrics_lpips,cuda,3.12.6,2.1.3,2.2.3,11.0.0,2.5.1+cu121,0.1.4,ok,
lama__mask_robustness__mask_robustness__p018__loss_large__variant_04__mask_bbox_crop__lpips,lama__mask_robustness__mask_robustness__p018__loss_large__variant_04,lama__mask_robustness__mask_robustness__p018__loss_large__variant_04,lama__mask_robustness__mask_robustness__p018__loss_large__variant_04,mask_robustness__p018__loss_large__variant_04,p018__loss_large__variant_04,mask_robustness__p018__loss_large__variant_04,mask_robustness,primary,p018,landscape_natural,Classical Landscape with Figures,Henri Mauperché,,lama,,,,,mask_bbox_crop,106276,346,249,672,575,48681,False,> 127,8,alex,256,0.5697481632232666,0.15912020206451416,0.41062796115875244,0.034498700057156384,0.30669519992079586,2.0.0,restoration_eval.metrics_lpips,cuda,3.12.6,2.1.3,2.2.3,11.0.0,2.5.1+cu121,0.1.4,ok,
lama__mask_robustness__mask_robustness__p018__loss_large__variant_05__full_image__lpips,lama__mask_robustness__mask_robustness__p018__loss_large__variant_05,lama__mask_robustness__mask_robustness__p018__loss_large__variant_05,lama__mask_robustness__mask_robustness__p018__loss_large__variant_05,mask_robustness__p018__loss_large__variant_05,p018__loss_large__variant_05,mask_robustness__p018__loss_large__variant_05,mask_robustness,primary,p018,landscape_natural,Classical Landscape with Figures,Henri Mauperché,,lama,,,,,full_image,589824,0,0,768,768,48678,False,> 127,8,alex,256,0.14991383254528046,0.0167456716299057,0.13316816091537476,0.07194699998944998,0.32526599999982864,2.0.0,restoration_eval.metrics_lpips,cuda,3.12.6,2.1.3,2.2.3,11.0.0,2.5.1+cu121,0.1.4,ok,
lama__mask_robustness__mask_robustness__p018__loss_large__variant_05__content_region__lpips,lama__mask_robustness__mask_robustness__p018__loss_large__variant_05,lama__mask_robustness__mask_robustness__p018__loss_large__variant_05,lama__mask_robustness__mask_robustness__p018__loss_large__variant_05,mask_robustness__p018__loss_large__variant_05,p018__loss_large__variant_05,mask_robustness__p018__loss_large__variant_05,mask_robustness,primary,p018,landscape_natural,Classical Landscape with Figures,Henri Mauperché,,lama,,,,,content_region,389376,0,130,768,637,48678,False,> 127,8,alex,256,0.2219933271408081,0.029503390192985535,0.19248993694782257,0.06405739998444915,0.32526599999982864,2.0.0,restoration_eval.metrics_lpips,cuda,3.12.6,2.1.3,2.2.3,11.0.0,2.5.1+cu121,0.1.4,ok,
lama__mask_robustness__mask_robustness__p018__loss_large__variant_05__mask_bbox_crop__lpips,lama__mask_robustness__mask_robustness__p018__loss_large__variant_05,lama__mask_robustness__mask_robustness__p018__loss_large__variant_05,lama__mask_robustness__mask_robustness__p018__loss_large__variant_05,mask_robustness__p018__loss_large__variant_05,p018__loss_large__variant_05,mask_robustness__p018__loss_large__variant_05,mask_robustness,primary,p018,landscape_natural,Classical Landscape with Figures,Henri Mauperché,,lama,,,,,mask_bbox_crop,214369,149,108,612,571,48678,False,> 127,8,alex,256,0.3204394578933716,0.05675435811281204,0.26368509978055954,0.04385499993804842,0.32526599999982864,2.0.0,restoration_eval.metrics_lpips,cuda,3.12.6,2.1.3,2.2.3,11.0.0,2.5.1+cu121,0.1.4,ok,
lama__mask_robustness__mask_robustness__p018__loss_small__variant_01__full_image__lpips,lama__mask_robustness__mask_robustness__p018__loss_small__variant_01,lama__mask_robustness__mask_robustness__p018__loss_small__variant_01,lama__mask_robustness__mask_robustness__p018__loss_small__variant_01,mask_robustness__p018__loss_small__variant_01,p018__loss_small__variant_01,mask_robustness__p018__loss_small__variant_01,mask_robustness,primary,p018,landscape_natural,Classical Landscape with Figures,Henri Mauperché,,lama,,,,,full_image,589824,0,0,768,768,17562,False,> 127,8,alex,256,0.11840467154979706,0.006796092726290226,0.11160857882350683,0.07133770000655204,0.3422988000093028,2.0.0,restoration_eval.metrics_lpips,cuda,3.12.6,2.1.3,2.2.3,11.0.0,2.5.1+cu121,0.1.4,ok,
lama__mask_robustness__mask_robustness__p018__loss_small__variant_01__content_region__lpips,lama__mask_robustness__mask_robustness__p018__loss_small__variant_01,lama__mask_robustness__mask_robustness__p018__loss_small__variant_01,lama__mask_robustness__mask_robustness__p018__loss_small__variant_01,mask_robustness__p018__loss_small__variant_01,p018__loss_small__variant_01,mask_robustness__p018__loss_small__variant_01,mask_robustness,primary,p018,landscape_natural,Classical Landscape with Figures,Henri Mauperché,,lama,,,,,content_region,389376,0,130,768,637,17562,False,> 127,8,alex,256,0.15763700008392334,0.013136712834239006,0.14450028724968433,0.05570260004606098,0.3422988000093028,2.0.0,restoration_eval.metrics_lpips,cuda,3.12.6,2.1.3,2.2.3,11.0.0,2.5.1+cu121,0.1.4,ok,
lama__mask_robustness__mask_robustness__p018__loss_small__variant_01__mask_bbox_crop__lpips,lama__mask_robustness__mask_robustness__p018__loss_small__variant_01,lama__mask_robustness__mask_robustness__p018__loss_small__variant_01,lama__mask_robustness__mask_robustness__p018__loss_small__variant_01,mask_robustness__p018__loss_small__variant_01,p018__loss_small__variant_01,mask_robustness__p018__loss_small__variant_01,mask_robustness,primary,p018,landscape_natural,Classical Landscape with Figures,Henri Mauperché,,lama,,,,,mask_bbox_crop,435600,92,68,752,728,17562,False,> 127,8,alex,256,0.13673415780067444,0.008356167003512383,0.12837799079716206,0.05896010005380958,0.3422988000093028,2.0.0,restoration_eval.metrics_lpips,cuda,3.12.6,2.1.3,2.2.3,11.0.0,2.5.1+cu121,0.1.4,ok,
lama__mask_robustness__mask_robustness__p018__loss_small__variant_02__full_image__lpips,lama__mask_robustness__mask_robustness__p018__loss_small__variant_02,lama__mask_robustness__mask_robustness__p018__loss_small__variant_02,lama__mask_robustness__mask_robustness__p018__loss_small__variant_02,mask_robustness__p018__loss_small__variant_02,p018__loss_small__variant_02,mask_robustness__p018__loss_small__variant_02,mask_robustness,primary,p018,landscape_natural,Classical Landscape with Figures,Henri Mauperché,,lama,,,,,full_image,589824,0,0,768,768,17494,False,> 127,8,alex,256,0.1408359706401825,0.003948631696403027,0.13688733894377947,0.07722019997891039,0.3340850999811664,2.0.0,restoration_eval.metrics_lpips,cuda,3.12.6,2.1.3,2.2.3,11.0.0,2.5.1+cu121,0.1.4,ok,
lama__mask_robustness__mask_robustness__p018__loss_small__variant_02__content_region__lpips,lama__mask_robustness__mask_robustness__p018__loss_small__variant_02,lama__mask_robustness__mask_robustness__p018__loss_small__variant_02,lama__mask_robustness__mask_robustness__p018__loss_small__variant_02,mask_robustness__p018__loss_small__variant_02,p018__loss_small__variant_02,mask_robustness__p018__loss_small__variant_02,mask_robustness,primary,p018,landscape_natural,Classical Landscape with Figures,Henri Mauperché,,lama,,,,,content_region,389376,0,130,768,637,17494,False,> 127,8,alex,256,0.16959472000598907,0.006465916521847248,0.16312880348414183,0.06113569997251034,0.3340850999811664,2.0.0,restoration_eval.metrics_lpips,cuda,3.12.6,2.1.3,2.2.3,11.0.0,2.5.1+cu121,0.1.4,ok,
lama__mask_robustness__mask_robustness__p018__loss_small__variant_02__mask_bbox_crop__lpips,lama__mask_robustness__mask_robustness__p018__loss_small__variant_02,lama__mask_robustness__mask_robustness__p018__loss_small__variant_02,lama__mask_robustness__mask_robustness__p018__loss_small__variant_02,mask_robustness__p018__loss_small__variant_02,p018__loss_small__variant_02,mask_robustness__p018__loss_small__variant_02,mask_robustness,primary,p018,landscape_natural,Classical Landscape with Figures,Henri Mauperché,,lama,,,,,mask_bbox_crop,412164,53,95,695,737,17494,False,> 127,8,alex,256,0.17400340735912323,0.006734264548867941,0.1672691428102553,0.06418289989233017,0.3340850999811664,2.0.0,restoration_eval.metrics_lpips,cuda,3.12.6,2.1.3,2.2.3,11.0.0,2.5.1+cu121,0.1.4,ok,
lama__mask_robustness__mask_robustness__p018__loss_small__variant_03__full_image__lpips,lama__mask_robustness__mask_robustness__p018__loss_small__variant_03,lama__mask_robustness__mask_robustness__p018__loss_small__variant_03,lama__mask_robustness__mask_robustness__p018__loss_small__variant_03,mask_robustness__p018__loss_small__variant_03,p018__loss_small__variant_03,mask_robustness__p018__loss_small__variant_03,mask_robustness,primary,p018,landscape_natural,Classical Landscape with Figures,Henri Mauperché,,lama,,,,,full_image,589824,0,0,768,768,17537,False,> 127,8,alex,256,0.12119638919830322,0.003412256482988596,0.11778413271531463,0.09835700003895909,0.4039248999906704,2.0.0,restoration_eval.metrics_lpips,cuda,3.12.6,2.1.3,2.2.3,11.0.0,2.5.1+cu121,0.1.4,ok,
lama__mask_robustness__mask_robustness__p018__loss_small__variant_03__content_region__lpips,lama__mask_robustness__mask_robustness__p018__loss_small__variant_03,lama__mask_robustness__mask_robustness__p018__loss_small__variant_03,lama__mask_robustness__mask_robustness__p018__loss_small__variant_03,mask_robustness__p018__loss_small__variant_03,p018__loss_small__variant_03,mask_robustness__p018__loss_small__variant_03,mask_robustness,primary,p018,landscape_natural,Classical Landscape with Figures,Henri Mauperché,,lama,,,,,content_region,389376,0,130,768,637,17537,False,> 127,8,alex,256,0.1625329852104187,0.0059271459467709064,0.1566058392636478,0.09531640005297959,0.4039248999906704,2.0.0,restoration_eval.metrics_lpips,cuda,3.12.6,2.1.3,2.2.3,11.0.0,2.5.1+cu121,0.1.4,ok,
lama__mask_robustness__mask_robustness__p018__loss_small__variant_03__mask_bbox_crop__lpips,lama__mask_robustness__mask_robustness__p018__loss_small__variant_03,lama__mask_robustness__mask_robustness__p018__loss_small__variant_03,lama__mask_robustness__mask_robustness__p018__loss_small__variant_03,mask_robustness__p018__loss_small__variant_03,p018__loss_small__variant_03,mask_robustness__p018__loss_small__variant_03,mask_robustness,primary,p018,landscape_natural,Classical Landscape with Figures,Henri Mauperché,,lama,,,,,mask_bbox_crop,209764,0,107,458,565,17537,False,> 127,8,alex,256,0.25723809003829956,0.01134677417576313,0.24589131586253643,0.07291209988761693,0.4039248999906704,2.0.0,restoration_eval.metrics_lpips,cuda,3.12.6,2.1.3,2.2.3,11.0.0,2.5.1+cu121,0.1.4,ok,
lama__mask_robustness__mask_robustness__p018__loss_small__variant_04__full_image__lpips,lama__mask_robustness__mask_robustness__p018__loss_small__variant_04,lama__mask_robustness__mask_robustness__p018__loss_small__variant_04,lama__mask_robustness__mask_robustness__p018__loss_small__variant_04,mask_robustness__p018__loss_small__variant_04,p018__loss_small__variant_04,mask_robustness__p018__loss_small__variant_04,mask_robustness,primary,p018,landscape_natural,Classical Landscape with Figures,Henri Mauperché,,lama,,,,,full_image,589824,0,0,768,768,17521,False,> 127,8,alex,256,0.15289920568466187,0.0023390871938318014,0.15056011849083006,0.07095590000972152,0.3328981000231579,2.0.0,restoration_eval.metrics_lpips,cuda,3.12.6,2.1.3,2.2.3,11.0.0,2.5.1+cu121,0.1.4,ok,
lama__mask_robustness__mask_robustness__p018__loss_small__variant_04__content_region__lpips,lama__mask_robustness__mask_robustness__p018__loss_small__variant_04,lama__mask_robustness__mask_robustness__p018__loss_small__variant_04,lama__mask_robustness__mask_robustness__p018__loss_small__variant_04,mask_robustness__p018__loss_small__variant_04,p018__loss_small__variant_04,mask_robustness__p018__loss_small__variant_04,mask_robustness,primary,p018,landscape_natural,Classical Landscape with Figures,Henri Mauperché,,lama,,,,,content_region,389376,0,130,768,637,17521,False,> 127,8,alex,256,0.2203395664691925,0.003350521670654416,0.2169890447985381,0.05485640000551939,0.3328981000231579,2.0.0,restoration_eval.metrics_lpips,cuda,3.12.6,2.1.3,2.2.3,11.0.0,2.5.1+cu121,0.1.4,ok,
lama__mask_robustness__mask_robustness__p018__loss_small__variant_04__mask_bbox_crop__lpips,lama__mask_robustness__mask_robustness__p018__loss_small__variant_04,lama__mask_robustness__mask_robustness__p018__loss_small__variant_04,lama__mask_robustness__mask_robustness__p018__loss_small__variant_04,mask_robustness__p018__loss_small__variant_04,p018__loss_small__variant_04,mask_robustness__p018__loss_small__variant_04,mask_robustness,primary,p018,landscape_natural,Classical Landscape with Figures,Henri Mauperché,,lama,,,,,mask_bbox_crop,425104,4,29,656,681,17521,False,> 127,8,alex,256,0.1798238903284073,0.0032061890233308077,0.17661770130507648,0.05750820005778223,0.3328981000231579,2.0.0,restoration_eval.metrics_lpips,cuda,3.12.6,2.1.3,2.2.3,11.0.0,2.5.1+cu121,0.1.4,ok,
lama__mask_robustness__mask_robustness__p018__loss_small__variant_05__full_image__lpips,lama__mask_robustness__mask_robustness__p018__loss_small__variant_05,lama__mask_robustness__mask_robustness__p018__loss_small__variant_05,lama__mask_robustness__mask_robustness__p018__loss_small__variant_05,mask_robustness__p018__loss_small__variant_05,p018__loss_small__variant_05,mask_robustness__p018__loss_small__variant_05,mask_robustness,primary,p018,landscape_natural,Classical Landscape with Figures,Henri Mauperché,,lama,,,,,full_image,589824,0,0,768,768,17483,False,> 127,8,alex,256,0.1568477898836136,0.010881513357162476,0.1459662765264511,0.08224200003314763,0.33538509998470545,2.0.0,restoration_eval.metrics_lpips,cuda,3.12.6,2.1.3,2.2.3,11.0.0,2.5.1+cu121,0.1.4,ok,
lama__mask_robustness__mask_robustness__p018__loss_small__variant_05__content_region__lpips,lama__mask_robustness__mask_robustness__p018__loss_small__variant_05,lama__mask_robustness__mask_robustness__p018__loss_small__variant_05,lama__mask_robustness__mask_robustness__p018__loss_small__variant_05,mask_robustness__p018__loss_small__variant_05,p018__loss_small__variant_05,mask_robustness__p018__loss_small__variant_05,mask_robustness,primary,p018,landscape_natural,Classical Landscape with Figures,Henri Mauperché,,lama,,,,,content_region,389376,0,130,768,637,17483,False,> 127,8,alex,256,0.2162531167268753,0.016122423112392426,0.20013069361448288,0.052002200041897595,0.33538509998470545,2.0.0,restoration_eval.metrics_lpips,cuda,3.12.6,2.1.3,2.2.3,11.0.0,2.5.1+cu121,0.1.4,ok,
lama__mask_robustness__mask_robustness__p018__loss_small__variant_05__mask_bbox_crop__lpips,lama__mask_robustness__mask_robustness__p018__loss_small__variant_05,lama__mask_robustness__mask_robustness__p018__loss_small__variant_05,lama__mask_robustness__mask_robustness__p018__loss_small__variant_05,mask_robustness__p018__loss_small__variant_05,p018__loss_small__variant_05,mask_robustness__p018__loss_small__variant_05,mask_robustness,primary,p018,landscape_natural,Classical Landscape with Figures,Henri Mauperché,,lama,,,,,mask_bbox_crop,339889,52,115,635,698,17483,False,> 127,8,alex,256,0.21045488119125366,0.018255341798067093,0.19219953939318657,0.053634699899703264,0.33538509998470545,2.0.0,restoration_eval.metrics_lpips,cuda,3.12.6,2.1.3,2.2.3,11.0.0,2.5.1+cu121,0.1.4,ok,
lama__mask_robustness__mask_robustness__p018__scratch_thin__variant_01__full_image__lpips,lama__mask_robustness__mask_robustness__p018__scratch_thin__variant_01,lama__mask_robustness__mask_robustness__p018__scratch_thin__variant_01,lama__mask_robustness__mask_robustness__p018__scratch_thin__variant_01,mask_robustness__p018__scratch_thin__variant_01,p018__scratch_thin__variant_01,mask_robustness__p018__scratch_thin__variant_01,mask_robustness,primary,p018,landscape_natural,Classical Landscape with Figures,Henri Mauperché,,lama,,,,,full_image,589824,0,0,768,768,7822,False,> 127,8,alex,256,0.25236815214157104,0.0005989645142108202,0.2517691876273602,0.07127849990502,0.34228179999627173,2.0.0,restoration_eval.metrics_lpips,cuda,3.12.6,2.1.3,2.2.3,11.0.0,2.5.1+cu121,0.1.4,ok,
lama__mask_robustness__mask_robustness__p018__scratch_thin__variant_01__content_region__lpips,lama__mask_robustness__mask_robustness__p018__scratch_thin__variant_01,lama__mask_robustness__mask_robustness__p018__scratch_thin__variant_01,lama__mask_robustness__mask_robustness__p018__scratch_thin__variant_01,mask_robustness__p018__scratch_thin__variant_01,p018__scratch_thin__variant_01,mask_robustness__p018__scratch_thin__variant_01,mask_robustness,primary,p018,landscape_natural,Classical Landscape with Figures,Henri Mauperché,,lama,,,,,content_region,389376,0,130,768,637,7822,False,> 127,8,alex,256,0.3027119040489197,0.000947442080359906,0.30176446196855977,0.05068819993175566,0.34228179999627173,2.0.0,restoration_eval.metrics_lpips,cuda,3.12.6,2.1.3,2.2.3,11.0.0,2.5.1+cu121,0.1.4,ok,
lama__mask_robustness__mask_robustness__p018__scratch_thin__variant_01__mask_bbox_crop__lpips,lama__mask_robustness__mask_robustness__p018__scratch_thin__variant_01,lama__mask_robustness__mask_robustness__p018__scratch_thin__variant_01,lama__mask_robustness__mask_robustness__p018__scratch_thin__variant_01,mask_robustness__p018__scratch_thin__variant_01,p018__scratch_thin__variant_01,mask_robustness__p018__scratch_thin__variant_01,mask_robustness,primary,p018,landscape_natural,Classical Landscape with Figures,Henri Mauperché,,lama,,,,,mask_bbox_crop,576081,0,9,759,768,7822,False,> 127,8,alex,256,0.25402602553367615,0.0006258885841816664,0.2534001369494945,0.06607489997986704,0.34228179999627173,2.0.0,restoration_eval.metrics_lpips,cuda,3.12.6,2.1.3,2.2.3,11.0.0,2.5.1+cu121,0.1.4,ok,
lama__mask_robustness__mask_robustness__p018__scratch_thin__variant_02__full_image__lpips,lama__mask_robustness__mask_robustness__p018__scratch_thin__variant_02,lama__mask_robustness__mask_robustness__p018__scratch_thin__variant_02,lama__mask_robustness__mask_robustness__p018__scratch_thin__variant_02,mask_robustness__p018__scratch_thin__variant_02,p018__scratch_thin__variant_02,mask_robustness__p018__scratch_thin__variant_02,mask_robustness,primary,p018,landscape_natural,Classical Landscape with Figures,Henri Mauperché,,lama,,,,,full_image,589824,0,0,768,768,7894,False,> 127,8,alex,256,0.2297752946615219,0.0008688878151588142,0.2289064068463631,0.06881359999533743,0.3414691999787465,2.0.0,restoration_eval.metrics_lpips,cuda,3.12.6,2.1.3,2.2.3,11.0.0,2.5.1+cu121,0.1.4,ok,
lama__mask_robustness__mask_robustness__p018__scratch_thin__variant_02__content_region__lpips,lama__mask_robustness__mask_robustness__p018__scratch_thin__variant_02,lama__mask_robustness__mask_robustness__p018__scratch_thin__variant_02,lama__mask_robustness__mask_robustness__p018__scratch_thin__variant_02,mask_robustness__p018__scratch_thin__variant_02,p018__scratch_thin__variant_02,mask_robustness__p018__scratch_thin__variant_02,mask_robustness,primary,p018,landscape_natural,Classical Landscape with Figures,Henri Mauperché,,lama,,,,,content_region,389376,0,130,768,637,7894,False,> 127,8,alex,256,0.29373642802238464,0.0009401289862580597,0.2927962990361266,0.05807729996740818,0.3414691999787465,2.0.0,restoration_eval.metrics_lpips,cuda,3.12.6,2.1.3,2.2.3,11.0.0,2.5.1+cu121,0.1.4,ok,
lama__mask_robustness__mask_robustness__p018__scratch_thin__variant_02__mask_bbox_crop__lpips,lama__mask_robustness__mask_robustness__p018__scratch_thin__variant_02,lama__mask_robustness__mask_robustness__p018__scratch_thin__variant_02,lama__mask_robustness__mask_robustness__p018__scratch_thin__variant_02,mask_robustness__p018__scratch_thin__variant_02,p018__scratch_thin__variant_02,mask_robustness__p018__scratch_thin__variant_02,mask_robustness,primary,p018,landscape_natural,Classical Landscape with Figures,Henri Mauperché,,lama,,,,,mask_bbox_crop,443556,17,89,683,755,7894,False,> 127,8,alex,256,0.2949458658695221,0.0011967626633122563,0.29374910320620984,0.05925229995045811,0.3414691999787465,2.0.0,restoration_eval.metrics_lpips,cuda,3.12.6,2.1.3,2.2.3,11.0.0,2.5.1+cu121,0.1.4,ok,
lama__mask_robustness__mask_robustness__p018__scratch_thin__variant_03__full_image__lpips,lama__mask_robustness__mask_robustness__p018__scratch_thin__variant_03,lama__mask_robustness__mask_robustness__p018__scratch_thin__variant_03,lama__mask_robustness__mask_robustness__p018__scratch_thin__variant_03,mask_robustness__p018__scratch_thin__variant_03,p018__scratch_thin__variant_03,mask_robustness__p018__scratch_thin__variant_03,mask_robustness,primary,p018,landscape_natural,Classical Landscape with Figures,Henri Mauperché,,lama,,,,,full_image,589824,0,0,768,768,7790,False,> 127,8,alex,256,0.27738335728645325,0.0007453712169080973,0.27663798606954515,0.076617700047791,0.3793663999531418,2.0.0,restoration_eval.metrics_lpips,cuda,3.12.6,2.1.3,2.2.3,11.0.0,2.5.1+cu121,0.1.4,ok,
lama__mask_robustness__mask_robustness__p018__scratch_thin__variant_03__content_region__lpips,lama__mask_robustness__mask_robustness__p018__scratch_thin__variant_03,lama__mask_robustness__mask_robustness__p018__scratch_thin__variant_03,lama__mask_robustness__mask_robustness__p018__scratch_thin__variant_03,mask_robustness__p018__scratch_thin__variant_03,p018__scratch_thin__variant_03,mask_robustness__p018__scratch_thin__variant_03,mask_robustness,primary,p018,landscape_natural,Classical Landscape with Figures,Henri Mauperché,,lama,,,,,content_region,389376,0,130,768,637,7790,False,> 127,8,alex,256,0.30299386382102966,0.001206637010909617,0.30178722681012005,0.0550031999591738,0.3793663999531418,2.0.0,restoration_eval.metrics_lpips,cuda,3.12.6,2.1.3,2.2.3,11.0.0,2.5.1+cu121,0.1.4,ok,
lama__mask_robustness__mask_robustness__p018__scratch_thin__variant_03__mask_bbox_crop__lpips,lama__mask_robustness__mask_robustness__p018__scratch_thin__variant_03,lama__mask_robustness__mask_robustness__p018__scratch_thin__variant_03,lama__mask_robustness__mask_robustness__p018__scratch_thin__variant_03,mask_robustness__p018__scratch_thin__variant_03,p018__scratch_thin__variant_03,mask_robustness__p018__scratch_thin__variant_03,mask_robustness,primary,p018,landscape_natural,Classical Landscape with Figures,Henri Mauperché,,lama,,,,,mask_bbox_crop,589824,0,0,768,768,7790,False,> 127,8,alex,256,0.27738335728645325,0.0007453712169080973,0.27663798606954515,0.071375000057742,0.3793663999531418,2.0.0,restoration_eval.metrics_lpips,cuda,3.12.6,2.1.3,2.2.3,11.0.0,2.5.1+cu121,0.1.4,ok,
lama__mask_robustness__mask_robustness__p018__scratch_thin__variant_04__full_image__lpips,lama__mask_robustness__mask_robustness__p018__scratch_thin__variant_04,lama__mask_robustness__mask_robustness__p018__scratch_thin__variant_04,lama__mask_robustness__mask_robustness__p018__scratch_thin__variant_04,mask_robustness__p018__scratch_thin__variant_04,p018__scratch_thin__variant_04,mask_robustness__p018__scratch_thin__variant_04,mask_robustness,primary,p018,landscape_natural,Classical Landscape with Figures,Henri Mauperché,,lama,,,,,full_image,589824,0,0,768,768,7788,False,> 127,8,alex,256,0.23053330183029175,0.0012549360981211066,0.22927836573217064,0.07947660004720092,0.3761151999933645,2.0.0,restoration_eval.metrics_lpips,cuda,3.12.6,2.1.3,2.2.3,11.0.0,2.5.1+cu121,0.1.4,ok,
lama__mask_robustness__mask_robustness__p018__scratch_thin__variant_04__content_region__lpips,lama__mask_robustness__mask_robustness__p018__scratch_thin__variant_04,lama__mask_robustness__mask_robustness__p018__scratch_thin__variant_04,lama__mask_robustness__mask_robustness__p018__scratch_thin__variant_04,mask_robustness__p018__scratch_thin__variant_04,p018__scratch_thin__variant_04,mask_robustness__p018__scratch_thin__variant_04,mask_robustness,primary,p018,landscape_natural,Classical Landscape with Figures,Henri Mauperché,,lama,,,,,content_region,389376,0,130,768,637,7788,False,> 127,8,alex,256,0.3282673954963684,0.0021630218252539635,0.32610437367111444,0.06765970005653799,0.3761151999933645,2.0.0,restoration_eval.metrics_lpips,cuda,3.12.6,2.1.3,2.2.3,11.0.0,2.5.1+cu121,0.1.4,ok,
lama__mask_robustness__mask_robustness__p018__scratch_thin__variant_04__mask_bbox_crop__lpips,lama__mask_robustness__mask_robustness__p018__scratch_thin__variant_04,lama__mask_robustness__mask_robustness__p018__scratch_thin__variant_04,lama__mask_robustness__mask_robustness__p018__scratch_thin__variant_04,mask_robustness__p018__scratch_thin__variant_04,p018__scratch_thin__variant_04,mask_robustness__p018__scratch_thin__variant_04,mask_robustness,primary,p018,landscape_natural,Classical Landscape with Figures,Henri Mauperché,,lama,,,,,mask_bbox_crop,344569,0,95,587,682,7788,False,> 127,8,alex,256,0.35267969965934753,0.0033092694357037544,0.3493704302236438,0.0601058000465855,0.3761151999933645,2.0.0,restoration_eval.metrics_lpips,cuda,3.12.6,2.1.3,2.2.3,11.0.0,2.5.1+cu121,0.1.4,ok,
lama__mask_robustness__mask_robustness__p018__scratch_thin__variant_05__full_image__lpips,lama__mask_robustness__mask_robustness__p018__scratch_thin__variant_05,lama__mask_robustness__mask_robustness__p018__scratch_thin__variant_05,lama__mask_robustness__mask_robustness__p018__scratch_thin__variant_05,mask_robustness__p018__scratch_thin__variant_05,p018__scratch_thin__variant_05,mask_robustness__p018__scratch_thin__variant_05,mask_robustness,primary,p018,landscape_natural,Classical Landscape with Figures,Henri Mauperché,,lama,,,,,full_image,589824,0,0,768,768,7782,False,> 127,8,alex,256,0.2614902853965759,0.0005201175226829946,0.26097016787389293,0.07302920008078218,0.3508113999851048,2.0.0,restoration_eval.metrics_lpips,cuda,3.12.6,2.1.3,2.2.3,11.0.0,2.5.1+cu121,0.1.4,ok,
lama__mask_robustness__mask_robustness__p018__scratch_thin__variant_05__content_region__lpips,lama__mask_robustness__mask_robustness__p018__scratch_thin__variant_05,lama__mask_robustness__mask_robustness__p018__scratch_thin__variant_05,lama__mask_robustness__mask_robustness__p018__scratch_thin__variant_05,mask_robustness__p018__scratch_thin__variant_05,p018__scratch_thin__variant_05,mask_robustness__p018__scratch_thin__variant_05,mask_robustness,primary,p018,landscape_natural,Classical Landscape with Figures,Henri Mauperché,,lama,,,,,content_region,389376,0,130,768,637,7782,False,> 127,8,alex,256,0.38288483023643494,0.0012982729822397232,0.3815865572541952,0.061153899994678795,0.3508113999851048,2.0.0,restoration_eval.metrics_lpips,cuda,3.12.6,2.1.3,2.2.3,11.0.0,2.5.1+cu121,0.1.4,ok,
lama__mask_robustness__mask_robustness__p018__scratch_thin__variant_05__mask_bbox_crop__lpips,lama__mask_robustness__mask_robustness__p018__scratch_thin__variant_05,lama__mask_robustness__mask_robustness__p018__scratch_thin__variant_05,lama__mask_robustness__mask_robustness__p018__scratch_thin__variant_05,mask_robustness__p018__scratch_thin__variant_05,p018__scratch_thin__variant_05,mask_robustness__p018__scratch_thin__variant_05,mask_robustness,primary,p018,landscape_natural,Classical Landscape with Figures,Henri Mauperché,,lama,,,,,mask_bbox_crop,351649,65,100,658,693,7782,False,> 127,8,alex,256,0.3678722381591797,0.0013604105915874243,0.36651182756759226,0.05896260007284582,0.3508113999851048,2.0.0,restoration_eval.metrics_lpips,cuda,3.12.6,2.1.3,2.2.3,11.0.0,2.5.1+cu121,0.1.4,ok,
lama__mask_robustness__mask_robustness__p026__loss_large__variant_01__full_image__lpips,lama__mask_robustness__mask_robustness__p026__loss_large__variant_01,lama__mask_robustness__mask_robustness__p026__loss_large__variant_01,lama__mask_robustness__mask_robustness__p026__loss_large__variant_01,mask_robustness__p026__loss_large__variant_01,p026__loss_large__variant_01,mask_robustness__p026__loss_large__variant_01,mask_robustness,primary,p026,architecture_structured,View of a Village along a River,attributed to Jan Brueghel I,,lama,,,,,full_image,589824,0,0,768,768,50871,False,> 127,8,alex,256,0.2327888309955597,0.049735136330127716,0.18305369466543198,0.0745083000510931,0.3410661000525579,2.0.0,restoration_eval.metrics_lpips,cuda,3.12.6,2.1.3,2.2.3,11.0.0,2.5.1+cu121,0.1.4,ok,
lama__mask_robustness__mask_robustness__p026__loss_large__variant_01__content_region__lpips,lama__mask_robustness__mask_robustness__p026__loss_large__variant_01,lama__mask_robustness__mask_robustness__p026__loss_large__variant_01,lama__mask_robustness__mask_robustness__p026__loss_large__variant_01,mask_robustness__p026__loss_large__variant_01,p026__loss_large__variant_01,mask_robustness__p026__loss_large__variant_01,mask_robustness,primary,p026,architecture_structured,View of a Village along a River,attributed to Jan Brueghel I,,lama,,,,,content_region,406272,0,119,768,648,50871,False,> 127,8,alex,256,0.30806681513786316,0.0674917995929718,0.24057501554489136,0.07059000001754612,0.3410661000525579,2.0.0,restoration_eval.metrics_lpips,cuda,3.12.6,2.1.3,2.2.3,11.0.0,2.5.1+cu121,0.1.4,ok,
lama__mask_robustness__mask_robustness__p026__loss_large__variant_01__mask_bbox_crop__lpips,lama__mask_robustness__mask_robustness__p026__loss_large__variant_01,lama__mask_robustness__mask_robustness__p026__loss_large__variant_01,lama__mask_robustness__mask_robustness__p026__loss_large__variant_01,mask_robustness__p026__loss_large__variant_01,p026__loss_large__variant_01,mask_robustness__p026__loss_large__variant_01,mask_robustness,primary,p026,architecture_structured,View of a Village along a River,attributed to Jan Brueghel I,,lama,,,,,mask_bbox_crop,110224,98,247,430,579,50871,False,> 127,8,alex,256,0.7066551446914673,0.2371981143951416,0.4694570302963257,0.04054690001066774,0.3410661000525579,2.0.0,restoration_eval.metrics_lpips,cuda,3.12.6,2.1.3,2.2.3,11.0.0,2.5.1+cu121,0.1.4,ok,
lama__mask_robustness__mask_robustness__p026__loss_large__variant_02__full_image__lpips,lama__mask_robustness__mask_robustness__p026__loss_large__variant_02,lama__mask_robustness__mask_robustness__p026__loss_large__variant_02,lama__mask_robustness__mask_robustness__p026__loss_large__variant_02,mask_robustness__p026__loss_large__variant_02,p026__loss_large__variant_02,mask_robustness__p026__loss_large__variant_02,mask_robustness,primary,p026,architecture_structured,View of a Village along a River,attributed to Jan Brueghel I,,lama,,,,,full_image,589824,0,0,768,768,50836,False,> 127,8,alex,256,0.2154865562915802,0.04822184145450592,0.16726471483707428,0.0713551000226289,0.3388283000094816,2.0.0,restoration_eval.metrics_lpips,cuda,3.12.6,2.1.3,2.2.3,11.0.0,2.5.1+cu121,0.1.4,ok,
lama__mask_robustness__mask_robustness__p026__loss_large__variant_02__content_region__lpips,lama__mask_robustness__mask_robustness__p026__loss_large__variant_02,lama__mask_robustness__mask_robustness__p026__loss_large__variant_02,lama__mask_robustness__mask_robustness__p026__loss_large__variant_02,mask_robustness__p026__loss_large__variant_02,p026__loss_large__variant_02,mask_robustness__p026__loss_large__variant_02,mask_robustness,primary,p026,architecture_structured,View of a Village along a River,attributed to Jan Brueghel I,,lama,,,,,content_region,406272,0,119,768,648,50836,False,> 127,8,alex,256,0.2781982719898224,0.06240146979689598,0.2157968021929264,0.07415730005595833,0.3388283000094816,2.0.0,restoration_eval.metrics_lpips,cuda,3.12.6,2.1.3,2.2.3,11.0.0,2.5.1+cu121,0.1.4,ok,
lama__mask_robustness__mask_robustness__p026__loss_large__variant_02__mask_bbox_crop__lpips,lama__mask_robustness__mask_robustness__p026__loss_large__variant_02,lama__mask_robustness__mask_robustness__p026__loss_large__variant_02,lama__mask_robustness__mask_robustness__p026__loss_large__variant_02,mask_robustness__p026__loss_large__variant_02,p026__loss_large__variant_02,mask_robustness__p026__loss_large__variant_02,mask_robustness,primary,p026,architecture_structured,View of a Village along a River,attributed to Jan Brueghel I,,lama,,,,,mask_bbox_crop,123904,347,258,699,610,50836,False,> 127,8,alex,256,0.6255574226379395,0.21416057646274567,0.4113968461751938,0.049929399974644184,0.3388283000094816,2.0.0,restoration_eval.metrics_lpips,cuda,3.12.6,2.1.3,2.2.3,11.0.0,2.5.1+cu121,0.1.4,ok,
lama__mask_robustness__mask_robustness__p026__loss_large__variant_03__full_image__lpips,lama__mask_robustness__mask_robustness__p026__loss_large__variant_03,lama__mask_robustness__mask_robustness__p026__loss_large__variant_03,lama__mask_robustness__mask_robustness__p026__loss_large__variant_03,mask_robustness__p026__loss_large__variant_03,p026__loss_large__variant_03,mask_robustness__p026__loss_large__variant_03,mask_robustness,primary,p026,architecture_structured,View of a Village along a River,attributed to Jan Brueghel I,,lama,,,,,full_image,589824,0,0,768,768,50777,False,> 127,8,alex,256,0.24734316766262054,0.06362797319889069,0.18371519446372986,0.0756253000581637,0.34454920003190637,2.0.0,restoration_eval.metrics_lpips,cuda,3.12.6,2.1.3,2.2.3,11.0.0,2.5.1+cu121,0.1.4,ok,
lama__mask_robustness__mask_robustness__p026__loss_large__variant_03__content_region__lpips,lama__mask_robustness__mask_robustness__p026__loss_large__variant_03,lama__mask_robustness__mask_robustness__p026__loss_large__variant_03,lama__mask_robustness__mask_robustness__p026__loss_large__variant_03,mask_robustness__p026__loss_large__variant_03,p026__loss_large__variant_03,mask_robustness__p026__loss_large__variant_03,mask_robustness,primary,p026,architecture_structured,View of a Village along a River,attributed to Jan Brueghel I,,lama,,,,,content_region,406272,0,119,768,648,50777,False,> 127,8,alex,256,0.31987106800079346,0.08802665024995804,0.23184441775083542,0.07144870003685355,0.34454920003190637,2.0.0,restoration_eval.metrics_lpips,cuda,3.12.6,2.1.3,2.2.3,11.0.0,2.5.1+cu121,0.1.4,ok,
lama__mask_robustness__mask_robustness__p026__loss_large__variant_03__mask_bbox_crop__lpips,lama__mask_robustness__mask_robustness__p026__loss_large__variant_03,lama__mask_robustness__mask_robustness__p026__loss_large__variant_03,lama__mask_robustness__mask_robustness__p026__loss_large__variant_03,mask_robustness__p026__loss_large__variant_03,p026__loss_large__variant_03,mask_robustness__p026__loss_large__variant_03,mask_robustness,primary,p026,architecture_structured,View of a Village along a River,attributed to Jan Brueghel I,,lama,,,,,mask_bbox_crop,183184,82,231,510,659,50777,False,> 127,8,alex,256,0.534848690032959,0.1557517796754837,0.3790969103574753,0.04620700003579259,0.34454920003190637,2.0.0,restoration_eval.metrics_lpips,cuda,3.12.6,2.1.3,2.2.3,11.0.0,2.5.1+cu121,0.1.4,ok,
lama__mask_robustness__mask_robustness__p026__loss_large__variant_04__full_image__lpips,lama__mask_robustness__mask_robustness__p026__loss_large__variant_04,lama__mask_robustness__mask_robustness__p026__loss_large__variant_04,lama__mask_robustness__mask_robustness__p026__loss_large__variant_04,mask_robustness__p026__loss_large__variant_04,p026__loss_large__variant_04,mask_robustness__p026__loss_large__variant_04,mask_robustness,primary,p026,architecture_structured,View of a Village along a River,attributed to Jan Brueghel I,,lama,,,,,full_image,589824,0,0,768,768,50794,False,> 127,8,alex,256,0.2680239677429199,0.03581242635846138,0.23221154138445854,0.07705209997948259,0.3290033000521362,2.0.0,restoration_eval.metrics_lpips,cuda,3.12.6,2.1.3,2.2.3,11.0.0,2.5.1+cu121,0.1.4,ok,
lama__mask_robustness__mask_robustness__p026__loss_large__variant_04__content_region__lpips,lama__mask_robustness__mask_robustness__p026__loss_large__variant_04,lama__mask_robustness__mask_robustness__p026__loss_large__variant_04,lama__mask_robustness__mask_robustness__p026__loss_large__variant_04,mask_robustness__p026__loss_large__variant_04,p026__loss_large__variant_04,mask_robustness__p026__loss_large__variant_04,mask_robustness,primary,p026,architecture_structured,View of a Village along a River,attributed to Jan Brueghel I,,lama,,,,,content_region,406272,0,119,768,648,50794,False,> 127,8,alex,256,0.3416784405708313,0.05789581686258316,0.28378262370824814,0.06468329997733235,0.3290033000521362,2.0.0,restoration_eval.metrics_lpips,cuda,3.12.6,2.1.3,2.2.3,11.0.0,2.5.1+cu121,0.1.4,ok,
lama__mask_robustness__mask_robustness__p026__loss_large__variant_04__mask_bbox_crop__lpips,lama__mask_robustness__mask_robustness__p026__loss_large__variant_04,lama__mask_robustness__mask_robustness__p026__loss_large__variant_04,lama__mask_robustness__mask_robustness__p026__loss_large__variant_04,mask_robustness__p026__loss_large__variant_04,p026__loss_large__variant_04,mask_robustness__p026__loss_large__variant_04,mask_robustness,primary,p026,architecture_structured,View of a Village along a River,attributed to Jan Brueghel I,,lama,,,,,mask_bbox_crop,272484,138,166,660,688,50794,False,> 127,8,alex,256,0.3992314636707306,0.08485358208417892,0.31437788158655167,0.0496539999730885,0.3290033000521362,2.0.0,restoration_eval.metrics_lpips,cuda,3.12.6,2.1.3,2.2.3,11.0.0,2.5.1+cu121,0.1.4,ok,
lama__mask_robustness__mask_robustness__p026__loss_large__variant_05__full_image__lpips,lama__mask_robustness__mask_robustness__p026__loss_large__variant_05,lama__mask_robustness__mask_robustness__p026__loss_large__variant_05,lama__mask_robustness__mask_robustness__p026__loss_large__variant_05,mask_robustness__p026__loss_large__variant_05,p026__loss_large__variant_05,mask_robustness__p026__loss_large__variant_05,mask_robustness,primary,p026,architecture_structured,View of a Village along a River,attributed to Jan Brueghel I,,lama,,,,,full_image,589824,0,0,768,768,50704,False,> 127,8,alex,256,0.21987560391426086,0.05130926892161369,0.16856633499264717,0.08796899998560548,0.3645892000058666,2.0.0,restoration_eval.metrics_lpips,cuda,3.12.6,2.1.3,2.2.3,11.0.0,2.5.1+cu121,0.1.4,ok,
lama__mask_robustness__mask_robustness__p026__loss_large__variant_05__content_region__lpips,lama__mask_robustness__mask_robustness__p026__loss_large__variant_05,lama__mask_robustness__mask_robustness__p026__loss_large__variant_05,lama__mask_robustness__mask_robustness__p026__loss_large__variant_05,mask_robustness__p026__loss_large__variant_05,p026__loss_large__variant_05,mask_robustness__p026__loss_large__variant_05,mask_robustness,primary,p026,architecture_structured,View of a Village along a River,attributed to Jan Brueghel I,,lama,,,,,content_region,406272,0,119,768,648,50704,False,> 127,8,alex,256,0.29723504185676575,0.06666003912687302,0.23057500272989273,0.07680949999485165,0.3645892000058666,2.0.0,restoration_eval.metrics_lpips,cuda,3.12.6,2.1.3,2.2.3,11.0.0,2.5.1+cu121,0.1.4,ok,
lama__mask_robustness__mask_robustness__p026__loss_large__variant_05__mask_bbox_crop__lpips,lama__mask_robustness__mask_robustness__p026__loss_large__variant_05,lama__mask_robustness__mask_robustness__p026__loss_large__variant_05,lama__mask_robustness__mask_robustness__p026__loss_large__variant_05,mask_robustness__p026__loss_large__variant_05,p026__loss_large__variant_05,mask_robustness__p026__loss_large__variant_05,mask_robustness,primary,p026,architecture_structured,View of a Village along a River,attributed to Jan Brueghel I,,lama,,,,,mask_bbox_crop,137641,127,194,498,565,50704,False,> 127,8,alex,256,0.5905044674873352,0.17611786723136902,0.4143866002559662,0.05329670000355691,0.3645892000058666,2.0.0,restoration_eval.metrics_lpips,cuda,3.12.6,2.1.3,2.2.3,11.0.0,2.5.1+cu121,0.1.4,ok,
lama__mask_robustness__mask_robustness__p026__loss_small__variant_01__full_image__lpips,lama__mask_robustness__mask_robustness__p026__loss_small__variant_01,lama__mask_robustness__mask_robustness__p026__loss_small__variant_01,lama__mask_robustness__mask_robustness__p026__loss_small__variant_01,mask_robustness__p026__loss_small__variant_01,p026__loss_small__variant_01,mask_robustness__p026__loss_small__variant_01,mask_robustness,primary,p026,architecture_structured,View of a Village along a River,attributed to Jan Brueghel I,,lama,,,,,full_image,589824,0,0,768,768,18250,False,> 127,8,alex,256,0.21697646379470825,0.006576563231647015,0.21039990056306124,0.06564829999115318,0.3261235000099987,2.0.0,restoration_eval.metrics_lpips,cuda,3.12.6,2.1.3,2.2.3,11.0.0,2.5.1+cu121,0.1.4,ok,
lama__mask_robustness__mask_robustness__p026__loss_small__variant_01__content_region__lpips,lama__mask_robustness__mask_robustness__p026__loss_small__variant_01,lama__mask_robustness__mask_robustness__p026__loss_small__variant_01,lama__mask_robustness__mask_robustness__p026__loss_small__variant_01,mask_robustness__p026__loss_small__variant_01,p026__loss_small__variant_01,mask_robustness__p026__loss_small__variant_01,mask_robustness,primary,p026,architecture_structured,View of a Village along a River,attributed to Jan Brueghel I,,lama,,,,,content_region,406272,0,119,768,648,18250,False,> 127,8,alex,256,0.26536205410957336,0.009729323908686638,0.2556327302008867,0.05672019999474287,0.3261235000099987,2.0.0,restoration_eval.metrics_lpips,cuda,3.12.6,2.1.3,2.2.3,11.0.0,2.5.1+cu121,0.1.4,ok,
lama__mask_robustness__mask_robustness__p026__loss_small__variant_01__mask_bbox_crop__lpips,lama__mask_robustness__mask_robustness__p026__loss_small__variant_01,lama__mask_robustness__mask_robustness__p026__loss_small__variant_01,lama__mask_robustness__mask_robustness__p026__loss_small__variant_01,mask_robustness__p026__loss_small__variant_01,p026__loss_small__variant_01,mask_robustness__p026__loss_small__variant_01,mask_robustness,primary,p026,architecture_structured,View of a Village along a River,attributed to Jan Brueghel I,,lama,,,,,mask_bbox_crop,332929,172,175,749,752,18250,False,> 127,8,alex,256,0.2772047817707062,0.010884972289204597,0.2663198094815016,0.05078019993379712,0.3261235000099987,2.0.0,restoration_eval.metrics_lpips,cuda,3.12.6,2.1.3,2.2.3,11.0.0,2.5.1+cu121,0.1.4,ok,
lama__mask_robustness__mask_robustness__p026__loss_small__variant_02__full_image__lpips,lama__mask_robustness__mask_robustness__p026__loss_small__variant_02,lama__mask_robustness__mask_robustness__p026__loss_small__variant_02,lama__mask_robustness__mask_robustness__p026__loss_small__variant_02,mask_robustness__p026__loss_small__variant_02,p026__loss_small__variant_02,mask_robustness__p026__loss_small__variant_02,mask_robustness,primary,p026,architecture_structured,View of a Village along a River,attributed to Jan Brueghel I,,lama,,,,,full_image,589824,0,0,768,768,18265,False,> 127,8,alex,256,0.1865970641374588,0.0029104906134307384,0.18368657352402806,0.06119310006033629,0.3552511000307277,2.0.0,restoration_eval.metrics_lpips,cuda,3.12.6,2.1.3,2.2.3,11.0.0,2.5.1+cu121,0.1.4,ok,
lama__mask_robustness__mask_robustness__p026__loss_small__variant_02__content_region__lpips,lama__mask_robustness__mask_robustness__p026__loss_small__variant_02,lama__mask_robustness__mask_robustness__p026__loss_small__variant_02,lama__mask_robustness__mask_robustness__p026__loss_small__variant_02,mask_robustness__p026__loss_small__variant_02,p026__loss_small__variant_02,mask_robustness__p026__loss_small__variant_02,mask_robustness,primary,p026,architecture_structured,View of a Village along a River,attributed to Jan Brueghel I,,lama,,,,,content_region,406272,0,119,768,648,18265,False,> 127,8,alex,256,0.22092868387699127,0.005733426660299301,0.21519525721669197,0.05128309992142022,0.3552511000307277,2.0.0,restoration_eval.metrics_lpips,cuda,3.12.6,2.1.3,2.2.3,11.0.0,2.5.1+cu121,0.1.4,ok,
lama__mask_robustness__mask_robustness__p026__loss_small__variant_02__mask_bbox_crop__lpips,lama__mask_robustness__mask_robustness__p026__loss_small__variant_02,lama__mask_robustness__mask_robustness__p026__loss_small__variant_02,lama__mask_robustness__mask_robustness__p026__loss_small__variant_02,mask_robustness__p026__loss_small__variant_02,p026__loss_small__variant_02,mask_robustness__p026__loss_small__variant_02,mask_robustness,primary,p026,architecture_structured,View of a Village along a River,attributed to Jan Brueghel I,,lama,,,,,mask_bbox_crop,471969,81,70,768,757,18265,False,> 127,8,alex,256,0.19479812681674957,0.003684385446831584,0.191113741369918,0.06622339994646609,0.3552511000307277,2.0.0,restoration_eval.metrics_lpips,cuda,3.12.6,2.1.3,2.2.3,11.0.0,2.5.1+cu121,0.1.4,ok,
lama__mask_robustness__mask_robustness__p026__loss_small__variant_03__full_image__lpips,lama__mask_robustness__mask_robustness__p026__loss_small__variant_03,lama__mask_robustness__mask_robustness__p026__loss_small__variant_03,lama__mask_robustness__mask_robustness__p026__loss_small__variant_03,mask_robustness__p026__loss_small__variant_03,p026__loss_small__variant_03,mask_robustness__p026__loss_small__variant_03,mask_robustness,primary,p026,architecture_structured,View of a Village along a River,attributed to Jan Brueghel I,,lama,,,,,full_image,589824,0,0,768,768,18241,False,> 127,8,alex,256,0.20232835412025452,0.016479624435305595,0.18584872968494892,0.06808130000717938,0.3499260999960825,2.0.0,restoration_eval.metrics_lpips,cuda,3.12.6,2.1.3,2.2.3,11.0.0,2.5.1+cu121,0.1.4,ok,
lama__mask_robustness__mask_robustness__p026__loss_small__variant_03__content_region__lpips,lama__mask_robustness__mask_robustness__p026__loss_small__variant_03,lama__mask_robustness__mask_robustness__p026__loss_small__variant_03,lama__mask_robustness__mask_robustness__p026__loss_small__variant_03,mask_robustness__p026__loss_small__variant_03,p026__loss_small__variant_03,mask_robustness__p026__loss_small__variant_03,mask_robustness,primary,p026,architecture_structured,View of a Village along a River,attributed to Jan Brueghel I,,lama,,,,,content_region,406272,0,119,768,648,18241,False,> 127,8,alex,256,0.23161600530147552,0.022513655945658684,0.20910234935581684,0.060619199997745454,0.3499260999960825,2.0.0,restoration_eval.metrics_lpips,cuda,3.12.6,2.1.3,2.2.3,11.0.0,2.5.1+cu121,0.1.4,ok,
lama__mask_robustness__mask_robustness__p026__loss_small__variant_03__mask_bbox_crop__lpips,lama__mask_robustness__mask_robustness__p026__loss_small__variant_03,lama__mask_robustness__mask_robustness__p026__loss_small__variant_03,lama__mask_robustness__mask_robustness__p026__loss_small__variant_03,mask_robustness__p026__loss_small__variant_03,p026__loss_small__variant_03,mask_robustness__p026__loss_small__variant_03,mask_robustness,primary,p026,architecture_structured,View of a Village along a River,attributed to Jan Brueghel I,,lama,,,,,mask_bbox_crop,398161,0,129,631,760,18241,False,> 127,8,alex,256,0.23939089477062225,0.025119105353951454,0.2142717894166708,0.05672790005337447,0.3499260999960825,2.0.0,restoration_eval.metrics_lpips,cuda,3.12.6,2.1.3,2.2.3,11.0.0,2.5.1+cu121,0.1.4,ok,
lama__mask_robustness__mask_robustness__p026__loss_small__variant_04__full_image__lpips,lama__mask_robustness__mask_robustness__p026__loss_small__variant_04,lama__mask_robustness__mask_robustness__p026__loss_small__variant_04,lama__mask_robustness__mask_robustness__p026__loss_small__variant_04,mask_robustness__p026__loss_small__variant_04,p026__loss_small__variant_04,mask_robustness__p026__loss_small__variant_04,mask_robustness,primary,p026,architecture_structured,View of a Village along a River,attributed to Jan Brueghel I,,lama,,,,,full_image,589824,0,0,768,768,18235,False,> 127,8,alex,256,0.21662551164627075,0.004515694919973612,0.21210981672629714,0.0653417999856174,0.31915510003454983,2.0.0,restoration_eval.metrics_lpips,cuda,3.12.6,2.1.3,2.2.3,11.0.0,2.5.1+cu121,0.1.4,ok,
lama__mask_robustness__mask_robustness__p026__loss_small__variant_04__content_region__lpips,lama__mask_robustness__mask_robustness__p026__loss_small__variant_04,lama__mask_robustness__mask_robustness__p026__loss_small__variant_04,lama__mask_robustness__mask_robustness__p026__loss_small__variant_04,mask_robustness__p026__loss_small__variant_04,p026__loss_small__variant_04,mask_robustness__p026__loss_small__variant_04,mask_robustness,primary,p026,architecture_structured,View of a Village along a River,attributed to Jan Brueghel I,,lama,,,,,content_region,406272,0,119,768,648,18235,False,> 127,8,alex,256,0.26075613498687744,0.008790201507508755,0.2519659334793687,0.05110769998282194,0.31915510003454983,2.0.0,restoration_eval.metrics_lpips,cuda,3.12.6,2.1.3,2.2.3,11.0.0,2.5.1+cu121,0.1.4,ok,
lama__mask_robustness__mask_robustness__p026__loss_small__variant_04__mask_bbox_crop__lpips,lama__mask_robustness__mask_robustness__p026__loss_small__variant_04,lama__mask_robustness__mask_robustness__p026__loss_small__variant_04,lama__mask_robustness__mask_robustness__p026__loss_small__variant_04,mask_robustness__p026__loss_small__variant_04,p026__loss_small__variant_04,mask_robustness__p026__loss_small__variant_04,mask_robustness,primary,p026,architecture_structured,View of a Village along a River,attributed to Jan Brueghel I,,lama,,,,,mask_bbox_crop,206116,210,111,664,565,18235,False,> 127,8,alex,256,0.36392688751220703,0.01747843250632286,0.34644845500588417,0.041304599959403276,0.31915510003454983,2.0.0,restoration_eval.metrics_lpips,cuda,3.12.6,2.1.3,2.2.3,11.0.0,2.5.1+cu121,0.1.4,ok,
lama__mask_robustness__mask_robustness__p026__loss_small__variant_05__full_image__lpips,lama__mask_robustness__mask_robustness__p026__loss_small__variant_05,lama__mask_robustness__mask_robustness__p026__loss_small__variant_05,lama__mask_robustness__mask_robustness__p026__loss_small__variant_05,mask_robustness__p026__loss_small__variant_05,p026__loss_small__variant_05,mask_robustness__p026__loss_small__variant_05,mask_robustness,primary,p026,architecture_structured,View of a Village along a River,attributed to Jan Brueghel I,,lama,,,,,full_image,589824,0,0,768,768,18265,False,> 127,8,alex,256,0.176548033952713,0.008718650788068771,0.16782938316464424,0.065470099914819,0.33945779991336167,2.0.0,restoration_eval.metrics_lpips,cuda,3.12.6,2.1.3,2.2.3,11.0.0,2.5.1+cu121,0.1.4,ok,
lama__mask_robustness__mask_robustness__p026__loss_small__variant_05__content_region__lpips,lama__mask_robustness__mask_robustness__p026__loss_small__variant_05,lama__mask_robustness__mask_robustness__p026__loss_small__variant_05,lama__mask_robustness__mask_robustness__p026__loss_small__variant_05,mask_robustness__p026__loss_small__variant_05,p026__loss_small__variant_05,mask_robustness__p026__loss_small__variant_05,mask_robustness,primary,p026,architecture_structured,View of a Village along a River,attributed to Jan Brueghel I,,lama,,,,,content_region,406272,0,119,768,648,18265,False,> 127,8,alex,256,0.22664114832878113,0.015283789485692978,0.21135735884308815,0.06678540003485978,0.33945779991336167,2.0.0,restoration_eval.metrics_lpips,cuda,3.12.6,2.1.3,2.2.3,11.0.0,2.5.1+cu121,0.1.4,ok,
lama__mask_robustness__mask_robustness__p026__loss_small__variant_05__mask_bbox_crop__lpips,lama__mask_robustness__mask_robustness__p026__loss_small__variant_05,lama__mask_robustness__mask_robustness__p026__loss_small__variant_05,lama__mask_robustness__mask_robustness__p026__loss_small__variant_05,mask_robustness__p026__loss_small__variant_05,p026__loss_small__variant_05,mask_robustness__p026__loss_small__variant_05,mask_robustness,primary,p026,architecture_structured,View of a Village along a River,attributed to Jan Brueghel I,,lama,,,,,mask_bbox_crop,277729,241,170,768,697,18265,False,> 127,8,alex,256,0.24378561973571777,0.021624496206641197,0.22216112352907658,0.04911529994569719,0.33945779991336167,2.0.0,restoration_eval.metrics_lpips,cuda,3.12.6,2.1.3,2.2.3,11.0.0,2.5.1+cu121,0.1.4,ok,
lama__mask_robustness__mask_robustness__p026__scratch_thin__variant_01__full_image__lpips,lama__mask_robustness__mask_robustness__p026__scratch_thin__variant_01,lama__mask_robustness__mask_robustness__p026__scratch_thin__variant_01,lama__mask_robustness__mask_robustness__p026__scratch_thin__variant_01,mask_robustness__p026__scratch_thin__variant_01,p026__scratch_thin__variant_01,mask_robustness__p026__scratch_thin__variant_01,mask_robustness,primary,p026,architecture_structured,View of a Village along a River,attributed to Jan Brueghel I,,lama,,,,,full_image,589824,0,0,768,768,8139,False,> 127,8,alex,256,0.26221221685409546,0.0015823410358279943,0.26062987581826746,0.07886150002013892,0.36163880000822246,2.0.0,restoration_eval.metrics_lpips,cuda,3.12.6,2.1.3,2.2.3,11.0.0,2.5.1+cu121,0.1.4,ok,
lama__mask_robustness__mask_robustness__p026__scratch_thin__variant_01__content_region__lpips,lama__mask_robustness__mask_robustness__p026__scratch_thin__variant_01,lama__mask_robustness__mask_robustness__p026__scratch_thin__variant_01,lama__mask_robustness__mask_robustness__p026__scratch_thin__variant_01,mask_robustness__p026__scratch_thin__variant_01,p026__scratch_thin__variant_01,mask_robustness__p026__scratch_thin__variant_01,mask_robustness,primary,p026,architecture_structured,View of a Village along a River,attributed to Jan Brueghel I,,lama,,,,,content_region,406272,0,119,768,648,8139,False,> 127,8,alex,256,0.3238314390182495,0.002307476243004203,0.3215239627752453,0.06503230007365346,0.36163880000822246,2.0.0,restoration_eval.metrics_lpips,cuda,3.12.6,2.1.3,2.2.3,11.0.0,2.5.1+cu121,0.1.4,ok,
lama__mask_robustness__mask_robustness__p026__scratch_thin__variant_01__mask_bbox_crop__lpips,lama__mask_robustness__mask_robustness__p026__scratch_thin__variant_01,lama__mask_robustness__mask_robustness__p026__scratch_thin__variant_01,lama__mask_robustness__mask_robustness__p026__scratch_thin__variant_01,mask_robustness__p026__scratch_thin__variant_01,p026__scratch_thin__variant_01,mask_robustness__p026__scratch_thin__variant_01,mask_robustness,primary,p026,architecture_structured,View of a Village along a River,attributed to Jan Brueghel I,,lama,,,,,mask_bbox_crop,404496,132,65,768,701,8139,False,> 127,8,alex,256,0.32841718196868896,0.0033553862012922764,0.3250617957673967,0.06578429997898638,0.36163880000822246,2.0.0,restoration_eval.metrics_lpips,cuda,3.12.6,2.1.3,2.2.3,11.0.0,2.5.1+cu121,0.1.4,ok,
lama__mask_robustness__mask_robustness__p026__scratch_thin__variant_02__full_image__lpips,lama__mask_robustness__mask_robustness__p026__scratch_thin__variant_02,lama__mask_robustness__mask_robustness__p026__scratch_thin__variant_02,lama__mask_robustness__mask_robustness__p026__scratch_thin__variant_02,mask_robustness__p026__scratch_thin__variant_02,p026__scratch_thin__variant_02,mask_robustness__p026__scratch_thin__variant_02,mask_robustness,primary,p026,architecture_structured,View of a Village along a River,attributed to Jan Brueghel I,,lama,,,,,full_image,589824,0,0,768,768,8220,False,> 127,8,alex,256,0.3155934810638428,0.001705468399450183,0.3138880126643926,0.07239300000946969,0.3904299000278115,2.0.0,restoration_eval.metrics_lpips,cuda,3.12.6,2.1.3,2.2.3,11.0.0,2.5.1+cu121,0.1.4,ok,
lama__mask_robustness__mask_robustness__p026__scratch_thin__variant_02__content_region__lpips,lama__mask_robustness__mask_robustness__p026__scratch_thin__variant_02,lama__mask_robustness__mask_robustness__p026__scratch_thin__variant_02,lama__mask_robustness__mask_robustness__p026__scratch_thin__variant_02,mask_robustness__p026__scratch_thin__variant_02,p026__scratch_thin__variant_02,mask_robustness__p026__scratch_thin__variant_02,mask_robustness,primary,p026,architecture_structured,View of a Village along a River,attributed to Jan Brueghel I,,lama,,,,,content_region,406272,0,119,768,648,8220,False,> 127,8,alex,256,0.3750777244567871,0.0033418009988963604,0.37173592345789075,0.06815910001751035,0.3904299000278115,2.0.0,restoration_eval.metrics_lpips,cuda,3.12.6,2.1.3,2.2.3,11.0.0,2.5.1+cu121,0.1.4,ok,
lama__mask_robustness__mask_robustness__p026__scratch_thin__variant_02__mask_bbox_crop__lpips,lama__mask_robustness__mask_robustness__p026__scratch_thin__variant_02,lama__mask_robustness__mask_robustness__p026__scratch_thin__variant_02,lama__mask_robustness__mask_robustness__p026__scratch_thin__variant_02,mask_robustness__p026__scratch_thin__variant_02,p026__scratch_thin__variant_02,mask_robustness__p026__scratch_thin__variant_02,mask_robustness,primary,p026,architecture_structured,View of a Village along a River,attributed to Jan Brueghel I,,lama,,,,,mask_bbox_crop,426409,115,15,768,668,8220,False,> 127,8,alex,256,0.38672205805778503,0.003067473880946636,0.3836545841768384,0.07312009995803237,0.3904299000278115,2.0.0,restoration_eval.metrics_lpips,cuda,3.12.6,2.1.3,2.2.3,11.0.0,2.5.1+cu121,0.1.4,ok,
lama__mask_robustness__mask_robustness__p026__scratch_thin__variant_03__full_image__lpips,lama__mask_robustness__mask_robustness__p026__scratch_thin__variant_03,lama__mask_robustness__mask_robustness__p026__scratch_thin__variant_03,lama__mask_robustness__mask_robustness__p026__scratch_thin__variant_03,mask_robustness__p026__scratch_thin__variant_03,p026__scratch_thin__variant_03,mask_robustness__p026__scratch_thin__variant_03,mask_robustness,primary,p026,architecture_structured,View of a Village along a River,attributed to Jan Brueghel I,,lama,,,,,full_image,589824,0,0,768,768,8049,False,> 127,8,alex,256,0.10380563139915466,0.0367032028734684,0.06710242852568626,0.08410999993793666,0.38732939993496984,2.0.0,restoration_eval.metrics_lpips,cuda,3.12.6,2.1.3,2.2.3,11.0.0,2.5.1+cu121,0.1.4,ok,
lama__mask_robustness__mask_robustness__p026__scratch_thin__variant_03__content_region__lpips,lama__mask_robustness__mask_robustness__p026__scratch_thin__variant_03,lama__mask_robustness__mask_robustness__p026__scratch_thin__variant_03,lama__mask_robustness__mask_robustness__p026__scratch_thin__variant_03,mask_robustness__p026__scratch_thin__variant_03,p026__scratch_thin__variant_03,mask_robustness__p026__scratch_thin__variant_03,mask_robustness,primary,p026,architecture_structured,View of a Village along a River,attributed to Jan Brueghel I,,lama,,,,,content_region,406272,0,119,768,648,8049,False,> 127,8,alex,256,0.10239580273628235,0.012141689658164978,0.09025411307811737,0.06478429993148893,0.38732939993496984,2.0.0,restoration_eval.metrics_lpips,cuda,3.12.6,2.1.3,2.2.3,11.0.0,2.5.1+cu121,0.1.4,ok,
lama__mask_robustness__mask_robustness__p026__scratch_thin__variant_03__mask_bbox_crop__lpips,lama__mask_robustness__mask_robustness__p026__scratch_thin__variant_03,lama__mask_robustness__mask_robustness__p026__scratch_thin__variant_03,lama__mask_robustness__mask_robustness__p026__scratch_thin__variant_03,mask_robustness__p026__scratch_thin__variant_03,p026__scratch_thin__variant_03,mask_robustness__p026__scratch_thin__variant_03,mask_robustness,primary,p026,architecture_structured,View of a Village along a River,attributed to Jan Brueghel I,,lama,,,,,mask_bbox_crop,455625,93,0,768,675,8049,False,> 127,8,alex,256,0.11482343822717667,0.06824001669883728,0.046583421528339386,0.06354759994428605,0.38732939993496984,2.0.0,restoration_eval.metrics_lpips,cuda,3.12.6,2.1.3,2.2.3,11.0.0,2.5.1+cu121,0.1.4,ok,
lama__mask_robustness__mask_robustness__p026__scratch_thin__variant_04__full_image__lpips,lama__mask_robustness__mask_robustness__p026__scratch_thin__variant_04,lama__mask_robustness__mask_robustness__p026__scratch_thin__variant_04,lama__mask_robustness__mask_robustness__p026__scratch_thin__variant_04,mask_robustness__p026__scratch_thin__variant_04,p026__scratch_thin__variant_04,mask_robustness__p026__scratch_thin__variant_04,mask_robustness,primary,p026,architecture_structured,View of a Village along a River,attributed to Jan Brueghel I,,lama,,,,,full_image,589824,0,0,768,768,7698,False,> 127,8,alex,256,0.339344322681427,0.0018250229768455029,0.3375192997045815,0.06241999997291714,0.3584901998983696,2.0.0,restoration_eval.metrics_lpips,cuda,3.12.6,2.1.3,2.2.3,11.0.0,2.5.1+cu121,0.1.4,ok,
lama__mask_robustness__mask_robustness__p026__scratch_thin__variant_04__content_region__lpips,lama__mask_robustness__mask_robustness__p026__scratch_thin__variant_04,lama__mask_robustness__mask_robustness__p026__scratch_thin__variant_04,lama__mask_robustness__mask_robustness__p026__scratch_thin__variant_04,mask_robustness__p026__scratch_thin__variant_04,p026__scratch_thin__variant_04,mask_robustness__p026__scratch_thin__variant_04,mask_robustness,primary,p026,architecture_structured,View of a Village along a River,attributed to Jan Brueghel I,,lama,,,,,content_region,406272,0,119,768,648,7698,False,> 127,8,alex,256,0.3530227839946747,0.0030385113786906004,0.3499842726159841,0.05358080007135868,0.3584901998983696,2.0.0,restoration_eval.metrics_lpips,cuda,3.12.6,2.1.3,2.2.3,11.0.0,2.5.1+cu121,0.1.4,ok,
lama__mask_robustness__mask_robustness__p026__scratch_thin__variant_04__mask_bbox_crop__lpips,lama__mask_robustness__mask_robustness__p026__scratch_thin__variant_04,lama__mask_robustness__mask_robustness__p026__scratch_thin__variant_04,lama__mask_robustness__mask_robustness__p026__scratch_thin__variant_04,mask_robustness__p026__scratch_thin__variant_04,p026__scratch_thin__variant_04,mask_robustness__p026__scratch_thin__variant_04,mask_robustness,primary,p026,architecture_structured,View of a Village along a River,attributed to Jan Brueghel I,,lama,,,,,mask_bbox_crop,458329,17,45,694,722,7698,False,> 127,8,alex,256,0.3445730209350586,0.0022313473746180534,0.34234167356044054,0.06907660001888871,0.3584901998983696,2.0.0,restoration_eval.metrics_lpips,cuda,3.12.6,2.1.3,2.2.3,11.0.0,2.5.1+cu121,0.1.4,ok,
lama__mask_robustness__mask_robustness__p026__scratch_thin__variant_05__full_image__lpips,lama__mask_robustness__mask_robustness__p026__scratch_thin__variant_05,lama__mask_robustness__mask_robustness__p026__scratch_thin__variant_05,lama__mask_robustness__mask_robustness__p026__scratch_thin__variant_05,mask_robustness__p026__scratch_thin__variant_05,p026__scratch_thin__variant_05,mask_robustness__p026__scratch_thin__variant_05,mask_robustness,primary,p026,architecture_structured,View of a Village along a River,attributed to Jan Brueghel I,,lama,,,,,full_image,589824,0,0,768,768,8248,False,> 127,8,alex,256,0.3293134272098541,0.002898755017668009,0.3264146721921861,0.07285979995504022,0.35926820000167936,2.0.0,restoration_eval.metrics_lpips,cuda,3.12.6,2.1.3,2.2.3,11.0.0,2.5.1+cu121,0.1.4,ok,
lama__mask_robustness__mask_robustness__p026__scratch_thin__variant_05__content_region__lpips,lama__mask_robustness__mask_robustness__p026__scratch_thin__variant_05,lama__mask_robustness__mask_robustness__p026__scratch_thin__variant_05,lama__mask_robustness__mask_robustness__p026__scratch_thin__variant_05,mask_robustness__p026__scratch_thin__variant_05,p026__scratch_thin__variant_05,mask_robustness__p026__scratch_thin__variant_05,mask_robustness,primary,p026,architecture_structured,View of a Village along a River,attributed to Jan Brueghel I,,lama,,,,,content_region,406272,0,119,768,648,8248,False,> 127,8,alex,256,0.3903539478778839,0.0033583659678697586,0.38699558191001415,0.054334199987351894,0.35926820000167936,2.0.0,restoration_eval.metrics_lpips,cuda,3.12.6,2.1.3,2.2.3,11.0.0,2.5.1+cu121,0.1.4,ok,
lama__mask_robustness__mask_robustness__p026__scratch_thin__variant_05__mask_bbox_crop__lpips,lama__mask_robustness__mask_robustness__p026__scratch_thin__variant_05,lama__mask_robustness__mask_robustness__p026__scratch_thin__variant_05,lama__mask_robustness__mask_robustness__p026__scratch_thin__variant_05,mask_robustness__p026__scratch_thin__variant_05,p026__scratch_thin__variant_05,mask_robustness__p026__scratch_thin__variant_05,mask_robustness,primary,p026,architecture_structured,View of a Village along a River,attributed to Jan Brueghel I,,lama,,,,,mask_bbox_crop,544644,30,30,768,768,8248,False,> 127,8,alex,256,0.34452348947525024,0.003374961204826832,0.3411485282704234,0.07006920001003891,0.35926820000167936,2.0.0,restoration_eval.metrics_lpips,cuda,3.12.6,2.1.3,2.2.3,11.0.0,2.5.1+cu121,0.1.4,ok,
lama__mask_robustness__mask_robustness__p039__loss_large__variant_01__full_image__lpips,lama__mask_robustness__mask_robustness__p039__loss_large__variant_01,lama__mask_robustness__mask_robustness__p039__loss_large__variant_01,lama__mask_robustness__mask_robustness__p039__loss_large__variant_01,mask_robustness__p039__loss_large__variant_01,p039__loss_large__variant_01,mask_robustness__p039__loss_large__variant_01,mask_robustness,primary,p039,abstraction_surrealism,Painting with Troika,Wassily Kandinsky,,lama,,,,,full_image,589824,0,0,768,768,54225,False,> 127,8,alex,256,0.11652343720197678,0.04483286291360855,0.07169057428836823,0.06676670000888407,0.3231087999884039,2.0.0,restoration_eval.metrics_lpips,cuda,3.12.6,2.1.3,2.2.3,11.0.0,2.5.1+cu121,0.1.4,ok,
lama__mask_robustness__mask_robustness__p039__loss_large__variant_01__content_region__lpips,lama__mask_robustness__mask_robustness__p039__loss_large__variant_01,lama__mask_robustness__mask_robustness__p039__loss_large__variant_01,lama__mask_robustness__mask_robustness__p039__loss_large__variant_01,mask_robustness__p039__loss_large__variant_01,p039__loss_large__variant_01,mask_robustness__p039__loss_large__variant_01,mask_robustness,primary,p039,abstraction_surrealism,Painting with Troika,Wassily Kandinsky,,lama,,,,,content_region,433152,0,102,768,666,54225,False,> 127,8,alex,256,0.14552253484725952,0.05891496688127518,0.08660756796598434,0.05614060000516474,0.3231087999884039,2.0.0,restoration_eval.metrics_lpips,cuda,3.12.6,2.1.3,2.2.3,11.0.0,2.5.1+cu121,0.1.4,ok,
lama__mask_robustness__mask_robustness__p039__loss_large__variant_01__mask_bbox_crop__lpips,lama__mask_robustness__mask_robustness__p039__loss_large__variant_01,lama__mask_robustness__mask_robustness__p039__loss_large__variant_01,lama__mask_robustness__mask_robustness__p039__loss_large__variant_01,mask_robustness__p039__loss_large__variant_01,p039__loss_large__variant_01,mask_robustness__p039__loss_large__variant_01,mask_robustness,primary,p039,abstraction_surrealism,Painting with Troika,Wassily Kandinsky,,lama,,,,,mask_bbox_crop,97344,187,126,499,438,54225,False,> 127,8,alex,256,0.5884524583816528,0.2687256634235382,0.3197267949581146,0.03237740008626133,0.3231087999884039,2.0.0,restoration_eval.metrics_lpips,cuda,3.12.6,2.1.3,2.2.3,11.0.0,2.5.1+cu121,0.1.4,ok,
lama__mask_robustness__mask_robustness__p039__loss_large__variant_02__full_image__lpips,lama__mask_robustness__mask_robustness__p039__loss_large__variant_02,lama__mask_robustness__mask_robustness__p039__loss_large__variant_02,lama__mask_robustness__mask_robustness__p039__loss_large__variant_02,mask_robustness__p039__loss_large__variant_02,p039__loss_large__variant_02,mask_robustness__p039__loss_large__variant_02,mask_robustness,primary,p039,abstraction_surrealism,Painting with Troika,Wassily Kandinsky,,lama,,,,,full_image,589824,0,0,768,768,54174,False,> 127,8,alex,256,0.13424324989318848,0.05437769740819931,0.07986555248498917,0.06410960003267974,0.3174064999911934,2.0.0,restoration_eval.metrics_lpips,cuda,3.12.6,2.1.3,2.2.3,11.0.0,2.5.1+cu121,0.1.4,ok,
lama__mask_robustness__mask_robustness__p039__loss_large__variant_02__content_region__lpips,lama__mask_robustness__mask_robustness__p039__loss_large__variant_02,lama__mask_robustness__mask_robustness__p039__loss_large__variant_02,lama__mask_robustness__mask_robustness__p039__loss_large__variant_02,mask_robustness__p039__loss_large__variant_02,p039__loss_large__variant_02,mask_robustness__p039__loss_large__variant_02,mask_robustness,primary,p039,abstraction_surrealism,Painting with Troika,Wassily Kandinsky,,lama,,,,,content_region,433152,0,102,768,666,54174,False,> 127,8,alex,256,0.16552352905273438,0.07484342157840729,0.09068010747432709,0.05583849991671741,0.3174064999911934,2.0.0,restoration_eval.metrics_lpips,cuda,3.12.6,2.1.3,2.2.3,11.0.0,2.5.1+cu121,0.1.4,ok,
lama__mask_robustness__mask_robustness__p039__loss_large__variant_02__mask_bbox_crop__lpips,lama__mask_robustness__mask_robustness__p039__loss_large__variant_02,lama__mask_robustness__mask_robustness__p039__loss_large__variant_02,lama__mask_robustness__mask_robustness__p039__loss_large__variant_02,mask_robustness__p039__loss_large__variant_02,p039__loss_large__variant_02,mask_robustness__p039__loss_large__variant_02,mask_robustness,primary,p039,abstraction_surrealism,Painting with Troika,Wassily Kandinsky,,lama,,,,,mask_bbox_crop,119716,365,281,711,627,54174,False,> 127,8,alex,256,0.5011232495307922,0.24078164994716644,0.2603415995836258,0.03531059995293617,0.3174064999911934,2.0.0,restoration_eval.metrics_lpips,cuda,3.12.6,2.1.3,2.2.3,11.0.0,2.5.1+cu121,0.1.4,ok,
lama__mask_robustness__mask_robustness__p039__loss_large__variant_03__full_image__lpips,lama__mask_robustness__mask_robustness__p039__loss_large__variant_03,lama__mask_robustness__mask_robustness__p039__loss_large__variant_03,lama__mask_robustness__mask_robustness__p039__loss_large__variant_03,mask_robustness__p039__loss_large__variant_03,p039__loss_large__variant_03,mask_robustness__p039__loss_large__variant_03,mask_robustness,primary,p039,abstraction_surrealism,Painting with Troika,Wassily Kandinsky,,lama,,,,,full_image,589824,0,0,768,768,54253,False,> 127,8,alex,256,0.12971384823322296,0.06328284740447998,0.06643100082874298,0.06576559995301068,0.32194669998716563,2.0.0,restoration_eval.metrics_lpips,cuda,3.12.6,2.1.3,2.2.3,11.0.0,2.5.1+cu121,0.1.4,ok,
lama__mask_robustness__mask_robustness__p039__loss_large__variant_03__content_region__lpips,lama__mask_robustness__mask_robustness__p039__loss_large__variant_03,lama__mask_robustness__mask_robustness__p039__loss_large__variant_03,lama__mask_robustness__mask_robustness__p039__loss_large__variant_03,mask_robustness__p039__loss_large__variant_03,p039__loss_large__variant_03,mask_robustness__p039__loss_large__variant_03,mask_robustness,primary,p039,abstraction_surrealism,Painting with Troika,Wassily Kandinsky,,lama,,,,,content_region,433152,0,102,768,666,54253,False,> 127,8,alex,256,0.16563643515110016,0.08165757358074188,0.08397886157035828,0.05525079998187721,0.32194669998716563,2.0.0,restoration_eval.metrics_lpips,cuda,3.12.6,2.1.3,2.2.3,11.0.0,2.5.1+cu121,0.1.4,ok,
lama__mask_robustness__mask_robustness__p039__loss_large__variant_03__mask_bbox_crop__lpips,lama__mask_robustness__mask_robustness__p039__loss_large__variant_03,lama__mask_robustness__mask_robustness__p039__loss_large__variant_03,lama__mask_robustness__mask_robustness__p039__loss_large__variant_03,mask_robustness__p039__loss_large__variant_03,p039__loss_large__variant_03,mask_robustness__p039__loss_large__variant_03,mask_robustness,primary,p039,abstraction_surrealism,Painting with Troika,Wassily Kandinsky,,lama,,,,,mask_bbox_crop,148996,244,266,630,652,54253,False,> 127,8,alex,256,0.41602930426597595,0.2139723151922226,0.20205698907375336,0.03635299997404218,0.32194669998716563,2.0.0,restoration_eval.metrics_lpips,cuda,3.12.6,2.1.3,2.2.3,11.0.0,2.5.1+cu121,0.1.4,ok,
lama__mask_robustness__mask_robustness__p039__loss_large__variant_04__full_image__lpips,lama__mask_robustness__mask_robustness__p039__loss_large__variant_04,lama__mask_robustness__mask_robustness__p039__loss_large__variant_04,lama__mask_robustness__mask_robustness__p039__loss_large__variant_04,mask_robustness__p039__loss_large__variant_04,p039__loss_large__variant_04,mask_robustness__p039__loss_large__variant_04,mask_robustness,primary,p039,abstraction_surrealism,Painting with Troika,Wassily Kandinsky,,lama,,,,,full_image,589824,0,0,768,768,54217,False,> 127,8,alex,256,0.1334013193845749,0.05597788095474243,0.07742343842983246,0.06943830009549856,0.3516378999920562,2.0.0,restoration_eval.metrics_lpips,cuda,3.12.6,2.1.3,2.2.3,11.0.0,2.5.1+cu121,0.1.4,ok,
lama__mask_robustness__mask_robustness__p039__loss_large__variant_04__content_region__lpips,lama__mask_robustness__mask_robustness__p039__loss_large__variant_04,lama__mask_robustness__mask_robustness__p039__loss_large__variant_04,lama__mask_robustness__mask_robustness__p039__loss_large__variant_04,mask_robustness__p039__loss_large__variant_04,p039__loss_large__variant_04,mask_robustness__p039__loss_large__variant_04,mask_robustness,primary,p039,abstraction_surrealism,Painting with Troika,Wassily Kandinsky,,lama,,,,,content_region,433152,0,102,768,666,54217,False,> 127,8,alex,256,0.16446450352668762,0.0767444521188736,0.08772005140781403,0.06594900006894022,0.3516378999920562,2.0.0,restoration_eval.metrics_lpips,cuda,3.12.6,2.1.3,2.2.3,11.0.0,2.5.1+cu121,0.1.4,ok,
lama__mask_robustness__mask_robustness__p039__loss_large__variant_04__mask_bbox_crop__lpips,lama__mask_robustness__mask_robustness__p039__loss_large__variant_04,lama__mask_robustness__mask_robustness__p039__loss_large__variant_04,lama__mask_robustness__mask_robustness__p039__loss_large__variant_04,mask_robustness__p039__loss_large__variant_04,p039__loss_large__variant_04,mask_robustness__p039__loss_large__variant_04,mask_robustness,primary,p039,abstraction_surrealism,Painting with Troika,Wassily Kandinsky,,lama,,,,,mask_bbox_crop,112896,384,320,720,656,54217,False,> 127,8,alex,256,0.5350961089134216,0.2738214135169983,0.26127469539642334,0.043921500095166266,0.3516378999920562,2.0.0,restoration_eval.metrics_lpips,cuda,3.12.6,2.1.3,2.2.3,11.0.0,2.5.1+cu121,0.1.4,ok,
lama__mask_robustness__mask_robustness__p039__loss_large__variant_05__full_image__lpips,lama__mask_robustness__mask_robustness__p039__loss_large__variant_05,lama__mask_robustness__mask_robustness__p039__loss_large__variant_05,lama__mask_robustness__mask_robustness__p039__loss_large__variant_05,mask_robustness__p039__loss_large__variant_05,p039__loss_large__variant_05,mask_robustness__p039__loss_large__variant_05,mask_robustness,primary,p039,abstraction_surrealism,Painting with Troika,Wassily Kandinsky,,lama,,,,,full_image,589824,0,0,768,768,54127,False,> 127,8,alex,256,0.1321485936641693,0.03411451727151871,0.0980340763926506,0.07472730008885264,0.34709890000522137,2.0.0,restoration_eval.metrics_lpips,cuda,3.12.6,2.1.3,2.2.3,11.0.0,2.5.1+cu121,0.1.4,ok,
lama__mask_robustness__mask_robustness__p039__loss_large__variant_05__content_region__lpips,lama__mask_robustness__mask_robustness__p039__loss_large__variant_05,lama__mask_robustness__mask_robustness__p039__loss_large__variant_05,lama__mask_robustness__mask_robustness__p039__loss_large__variant_05,mask_robustness__p039__loss_large__variant_05,p039__loss_large__variant_05,mask_robustness__p039__loss_large__variant_05,mask_robustness,primary,p039,abstraction_surrealism,Painting with Troika,Wassily Kandinsky,,lama,,,,,content_region,433152,0,102,768,666,54127,False,> 127,8,alex,256,0.15070664882659912,0.05065673217177391,0.10004991665482521,0.0696939000627026,0.34709890000522137,2.0.0,restoration_eval.metrics_lpips,cuda,3.12.6,2.1.3,2.2.3,11.0.0,2.5.1+cu121,0.1.4,ok,
lama__mask_robustness__mask_robustness__p039__loss_large__variant_05__mask_bbox_crop__lpips,lama__mask_robustness__mask_robustness__p039__loss_large__variant_05,lama__mask_robustness__mask_robustness__p039__loss_large__variant_05,lama__mask_robustness__mask_robustness__p039__loss_large__variant_05,mask_robustness__p039__loss_large__variant_05,p039__loss_large__variant_05,mask_robustness__p039__loss_large__variant_05,mask_robustness,primary,p039,abstraction_surrealism,Painting with Troika,Wassily Kandinsky,,lama,,,,,mask_bbox_crop,121104,152,100,500,448,54127,False,> 127,8,alex,256,0.4971795380115509,0.20011088252067566,0.29706865549087524,0.04627479996997863,0.34709890000522137,2.0.0,restoration_eval.metrics_lpips,cuda,3.12.6,2.1.3,2.2.3,11.0.0,2.5.1+cu121,0.1.4,ok,
lama__mask_robustness__mask_robustness__p039__loss_small__variant_01__full_image__lpips,lama__mask_robustness__mask_robustness__p039__loss_small__variant_01,lama__mask_robustness__mask_robustness__p039__loss_small__variant_01,lama__mask_robustness__mask_robustness__p039__loss_small__variant_01,mask_robustness__p039__loss_small__variant_01,p039__loss_small__variant_01,mask_robustness__p039__loss_small__variant_01,mask_robustness,primary,p039,abstraction_surrealism,Painting with Troika,Wassily Kandinsky,,lama,,,,,full_image,589824,0,0,768,768,19494,False,> 127,8,alex,256,0.09124977141618729,0.006200919393450022,0.08504885202273726,0.07156640000175685,0.37015219999011606,2.0.0,restoration_eval.metrics_lpips,cuda,3.12.6,2.1.3,2.2.3,11.0.0,2.5.1+cu121,0.1.4,ok,
lama__mask_robustness__mask_robustness__p039__loss_small__variant_01__content_region__lpips,lama__mask_robustness__mask_robustness__p039__loss_small__variant_01,lama__mask_robustness__mask_robustness__p039__loss_small__variant_01,lama__mask_robustness__mask_robustness__p039__loss_small__variant_01,mask_robustness__p039__loss_small__variant_01,p039__loss_small__variant_01,mask_robustness__p039__loss_small__variant_01,mask_robustness,primary,p039,abstraction_surrealism,Painting with Troika,Wassily Kandinsky,,lama,,,,,content_region,433152,0,102,768,666,19494,False,> 127,8,alex,256,0.1240699291229248,0.009539412334561348,0.11453051678836346,0.06604780000634491,0.37015219999011606,2.0.0,restoration_eval.metrics_lpips,cuda,3.12.6,2.1.3,2.2.3,11.0.0,2.5.1+cu121,0.1.4,ok,
lama__mask_robustness__mask_robustness__p039__loss_small__variant_01__mask_bbox_crop__lpips,lama__mask_robustness__mask_robustness__p039__loss_small__variant_01,lama__mask_robustness__mask_robustness__p039__loss_small__variant_01,lama__mask_robustness__mask_robustness__p039__loss_small__variant_01,mask_robustness__p039__loss_small__variant_01,p039__loss_small__variant_01,mask_robustness__p039__loss_small__variant_01,mask_robustness,primary,p039,abstraction_surrealism,Painting with Troika,Wassily Kandinsky,,lama,,,,,mask_bbox_crop,412164,28,14,670,656,19494,False,> 127,8,alex,256,0.11434001475572586,0.009829610586166382,0.10451040416955948,0.06304320006165653,0.37015219999011606,2.0.0,restoration_eval.metrics_lpips,cuda,3.12.6,2.1.3,2.2.3,11.0.0,2.5.1+cu121,0.1.4,ok,
lama__mask_robustness__mask_robustness__p039__loss_small__variant_02__full_image__lpips,lama__mask_robustness__mask_robustness__p039__loss_small__variant_02,lama__mask_robustness__mask_robustness__p039__loss_small__variant_02,lama__mask_robustness__mask_robustness__p039__loss_small__variant_02,mask_robustness__p039__loss_small__variant_02,p039__loss_small__variant_02,mask_robustness__p039__loss_small__variant_02,mask_robustness,primary,p039,abstraction_surrealism,Painting with Troika,Wassily Kandinsky,,lama,,,,,full_image,589824,0,0,768,768,19485,False,> 127,8,alex,256,0.08810853213071823,0.0044061169028282166,0.08370241522789001,0.07266529998742044,0.39660769992042333,2.0.0,restoration_eval.metrics_lpips,cuda,3.12.6,2.1.3,2.2.3,11.0.0,2.5.1+cu121,0.1.4,ok,
lama__mask_robustness__mask_robustness__p039__loss_small__variant_02__content_region__lpips,lama__mask_robustness__mask_robustness__p039__loss_small__variant_02,lama__mask_robustness__mask_robustness__p039__loss_small__variant_02,lama__mask_robustness__mask_robustness__p039__loss_small__variant_02,mask_robustness__p039__loss_small__variant_02,p039__loss_small__variant_02,mask_robustness__p039__loss_small__variant_02,mask_robustness,primary,p039,abstraction_surrealism,Painting with Troika,Wassily Kandinsky,,lama,,,,,content_region,433152,0,102,768,666,19485,False,> 127,8,alex,256,0.11174444854259491,0.007854733616113663,0.10388971492648125,0.07591000001411885,0.39660769992042333,2.0.0,restoration_eval.metrics_lpips,cuda,3.12.6,2.1.3,2.2.3,11.0.0,2.5.1+cu121,0.1.4,ok,
lama__mask_robustness__mask_robustness__p039__loss_small__variant_02__mask_bbox_crop__lpips,lama__mask_robustness__mask_robustness__p039__loss_small__variant_02,lama__mask_robustness__mask_robustness__p039__loss_small__variant_02,lama__mask_robustness__mask_robustness__p039__loss_small__variant_02,mask_robustness__p039__loss_small__variant_02,p039__loss_small__variant_02,mask_robustness__p039__loss_small__variant_02,mask_robustness,primary,p039,abstraction_surrealism,Painting with Troika,Wassily Kandinsky,,lama,,,,,mask_bbox_crop,550564,26,26,768,768,19485,False,> 127,8,alex,256,0.08989568799734116,0.006043503060936928,0.08385218493640423,0.07691160007379949,0.39660769992042333,2.0.0,restoration_eval.metrics_lpips,cuda,3.12.6,2.1.3,2.2.3,11.0.0,2.5.1+cu121,0.1.4,ok,
lama__mask_robustness__mask_robustness__p039__loss_small__variant_03__full_image__lpips,lama__mask_robustness__mask_robustness__p039__loss_small__variant_03,lama__mask_robustness__mask_robustness__p039__loss_small__variant_03,lama__mask_robustness__mask_robustness__p039__loss_small__variant_03,mask_robustness__p039__loss_small__variant_03,p039__loss_small__variant_03,mask_robustness__p039__loss_small__variant_03,mask_robustness,primary,p039,abstraction_surrealism,Painting with Troika,Wassily Kandinsky,,lama,,,,,full_image,589824,0,0,768,768,19500,False,> 127,8,alex,256,0.04519765079021454,0.011801089160144329,0.03339656163007021,0.09747209993656725,0.3829523000167683,2.0.0,restoration_eval.metrics_lpips,cuda,3.12.6,2.1.3,2.2.3,11.0.0,2.5.1+cu121,0.1.4,ok,
lama__mask_robustness__mask_robustness__p039__loss_small__variant_03__content_region__lpips,lama__mask_robustness__mask_robustness__p039__loss_small__variant_03,lama__mask_robustness__mask_robustness__p039__loss_small__variant_03,lama__mask_robustness__mask_robustness__p039__loss_small__variant_03,mask_robustness__p039__loss_small__variant_03,p039__loss_small__variant_03,mask_robustness__p039__loss_small__variant_03,mask_robustness,primary,p039,abstraction_surrealism,Painting with Troika,Wassily Kandinsky,,lama,,,,,content_region,433152,0,102,768,666,19500,False,> 127,8,alex,256,0.05317821353673935,0.013183999806642532,0.03999421373009682,0.06610109994653612,0.3829523000167683,2.0.0,restoration_eval.metrics_lpips,cuda,3.12.6,2.1.3,2.2.3,11.0.0,2.5.1+cu121,0.1.4,ok,
lama__mask_robustness__mask_robustness__p039__loss_small__variant_03__mask_bbox_crop__lpips,lama__mask_robustness__mask_robustness__p039__loss_small__variant_03,lama__mask_robustness__mask_robustness__p039__loss_small__variant_03,lama__mask_robustness__mask_robustness__p039__loss_small__variant_03,mask_robustness__p039__loss_small__variant_03,p039__loss_small__variant_03,mask_robustness__p039__loss_small__variant_03,mask_robustness,primary,p039,abstraction_surrealism,Painting with Troika,Wassily Kandinsky,,lama,,,,,mask_bbox_crop,44944,0,94,212,306,19500,False,> 127,8,alex,256,0.4735260307788849,0.1934862732887268,0.2800397574901581,0.05334500002209097,0.3829523000167683,2.0.0,restoration_eval.metrics_lpips,cuda,3.12.6,2.1.3,2.2.3,11.0.0,2.5.1+cu121,0.1.4,ok,
lama__mask_robustness__mask_robustness__p039__loss_small__variant_04__full_image__lpips,lama__mask_robustness__mask_robustness__p039__loss_small__variant_04,lama__mask_robustness__mask_robustness__p039__loss_small__variant_04,lama__mask_robustness__mask_robustness__p039__loss_small__variant_04,mask_robustness__p039__loss_small__variant_04,p039__loss_small__variant_04,mask_robustness__p039__loss_small__variant_04,mask_robustness,primary,p039,abstraction_surrealism,Painting with Troika,Wassily Kandinsky,,lama,,,,,full_image,589824,0,0,768,768,19494,False,> 127,8,alex,256,0.05998506769537926,0.007245555520057678,0.05273951217532158,0.07135460001882166,0.32056100002955645,2.0.0,restoration_eval.metrics_lpips,cuda,3.12.6,2.1.3,2.2.3,11.0.0,2.5.1+cu121,0.1.4,ok,
lama__mask_robustness__mask_robustness__p039__loss_small__variant_04__content_region__lpips,lama__mask_robustness__mask_robustness__p039__loss_small__variant_04,lama__mask_robustness__mask_robustness__p039__loss_small__variant_04,lama__mask_robustness__mask_robustness__p039__loss_small__variant_04,mask_robustness__p039__loss_small__variant_04,p039__loss_small__variant_04,mask_robustness__p039__loss_small__variant_04,mask_robustness,primary,p039,abstraction_surrealism,Painting with Troika,Wassily Kandinsky,,lama,,,,,content_region,433152,0,102,768,666,19494,False,> 127,8,alex,256,0.06601202487945557,0.011068078689277172,0.054943946190178394,0.0626983999973163,0.32056100002955645,2.0.0,restoration_eval.metrics_lpips,cuda,3.12.6,2.1.3,2.2.3,11.0.0,2.5.1+cu121,0.1.4,ok,
lama__mask_robustness__mask_robustness__p039__loss_small__variant_04__mask_bbox_crop__lpips,lama__mask_robustness__mask_robustness__p039__loss_small__variant_04,lama__mask_robustness__mask_robustness__p039__loss_small__variant_04,lama__mask_robustness__mask_robustness__p039__loss_small__variant_04,mask_robustness__p039__loss_small__variant_04,p039__loss_small__variant_04,mask_robustness__p039__loss_small__variant_04,mask_robustness,primary,p039,abstraction_surrealism,Painting with Troika,Wassily Kandinsky,,lama,,,,,mask_bbox_crop,45796,109,84,323,298,19494,False,> 127,8,alex,256,0.506450891494751,0.1527755856513977,0.35367530584335327,0.032784200040623546,0.32056100002955645,2.0.0,restoration_eval.metrics_lpips,cuda,3.12.6,2.1.3,2.2.3,11.0.0,2.5.1+cu121,0.1.4,ok,
lama__mask_robustness__mask_robustness__p039__loss_small__variant_05__full_image__lpips,lama__mask_robustness__mask_robustness__p039__loss_small__variant_05,lama__mask_robustness__mask_robustness__p039__loss_small__variant_05,lama__mask_robustness__mask_robustness__p039__loss_small__variant_05,mask_robustness__p039__loss_small__variant_05,p039__loss_small__variant_05,mask_robustness__p039__loss_small__variant_05,mask_robustness,primary,p039,abstraction_surrealism,Painting with Troika,Wassily Kandinsky,,lama,,,,,full_image,589824,0,0,768,768,19478,False,> 127,8,alex,256,0.09376434981822968,0.005783683620393276,0.0879806661978364,0.0684313999954611,0.37833790003787726,2.0.0,restoration_eval.metrics_lpips,cuda,3.12.6,2.1.3,2.2.3,11.0.0,2.5.1+cu121,0.1.4,ok,
lama__mask_robustness__mask_robustness__p039__loss_small__variant_05__content_region__lpips,lama__mask_robustness__mask_robustness__p039__loss_small__variant_05,lama__mask_robustness__mask_robustness__p039__loss_small__variant_05,lama__mask_robustness__mask_robustness__p039__loss_small__variant_05,mask_robustness__p039__loss_small__variant_05,p039__loss_small__variant_05,mask_robustness__p039__loss_small__variant_05,mask_robustness,primary,p039,abstraction_surrealism,Painting with Troika,Wassily Kandinsky,,lama,,,,,content_region,433152,0,102,768,666,19478,False,> 127,8,alex,256,0.10075470805168152,0.006893668789416552,0.09386103926226497,0.07323920005001128,0.37833790003787726,2.0.0,restoration_eval.metrics_lpips,cuda,3.12.6,2.1.3,2.2.3,11.0.0,2.5.1+cu121,0.1.4,ok,
lama__mask_robustness__mask_robustness__p039__loss_small__variant_05__mask_bbox_crop__lpips,lama__mask_robustness__mask_robustness__p039__loss_small__variant_05,lama__mask_robustness__mask_robustness__p039__loss_small__variant_05,lama__mask_robustness__mask_robustness__p039__loss_small__variant_05,mask_robustness__p039__loss_small__variant_05,p039__loss_small__variant_05,mask_robustness__p039__loss_small__variant_05,mask_robustness,primary,p039,abstraction_surrealism,Painting with Troika,Wassily Kandinsky,,lama,,,,,mask_bbox_crop,299209,73,125,620,672,19478,False,> 127,8,alex,256,0.14808914065361023,0.009667778387665749,0.13842136226594448,0.07232609996572137,0.37833790003787726,2.0.0,restoration_eval.metrics_lpips,cuda,3.12.6,2.1.3,2.2.3,11.0.0,2.5.1+cu121,0.1.4,ok,
lama__mask_robustness__mask_robustness__p039__scratch_thin__variant_01__full_image__lpips,lama__mask_robustness__mask_robustness__p039__scratch_thin__variant_01,lama__mask_robustness__mask_robustness__p039__scratch_thin__variant_01,lama__mask_robustness__mask_robustness__p039__scratch_thin__variant_01,mask_robustness__p039__scratch_thin__variant_01,p039__scratch_thin__variant_01,mask_robustness__p039__scratch_thin__variant_01,mask_robustness,primary,p039,abstraction_surrealism,Painting with Troika,Wassily Kandinsky,,lama,,,,,full_image,589824,0,0,768,768,8662,False,> 127,8,alex,256,0.1440276950597763,0.0004721261211670935,0.1435555689386092,0.06416840001475066,0.3647257999982685,2.0.0,restoration_eval.metrics_lpips,cuda,3.12.6,2.1.3,2.2.3,11.0.0,2.5.1+cu121,0.1.4,ok,
lama__mask_robustness__mask_robustness__p039__scratch_thin__variant_01__content_region__lpips,lama__mask_robustness__mask_robustness__p039__scratch_thin__variant_01,lama__mask_robustness__mask_robustness__p039__scratch_thin__variant_01,lama__mask_robustness__mask_robustness__p039__scratch_thin__variant_01,mask_robustness__p039__scratch_thin__variant_01,p039__scratch_thin__variant_01,mask_robustness__p039__scratch_thin__variant_01,mask_robustness,primary,p039,abstraction_surrealism,Painting with Troika,Wassily Kandinsky,,lama,,,,,content_region,433152,0,102,768,666,8662,False,> 127,8,alex,256,0.160713791847229,0.0006523359334096313,0.16006145591381937,0.05969270004425198,0.3647257999982685,2.0.0,restoration_eval.metrics_lpips,cuda,3.12.6,2.1.3,2.2.3,11.0.0,2.5.1+cu121,0.1.4,ok,
lama__mask_robustness__mask_robustness__p039__scratch_thin__variant_01__mask_bbox_crop__lpips,lama__mask_robustness__mask_robustness__p039__scratch_thin__variant_01,lama__mask_robustness__mask_robustness__p039__scratch_thin__variant_01,lama__mask_robustness__mask_robustness__p039__scratch_thin__variant_01,mask_robustness__p039__scratch_thin__variant_01,p039__scratch_thin__variant_01,mask_robustness__p039__scratch_thin__variant_01,mask_robustness,primary,p039,abstraction_surrealism,Painting with Troika,Wassily Kandinsky,,lama,,,,,mask_bbox_crop,511225,10,53,725,768,8662,False,> 127,8,alex,256,0.157554492354393,0.0006967706722207367,0.15685772168217227,0.06429519993253052,0.3647257999982685,2.0.0,restoration_eval.metrics_lpips,cuda,3.12.6,2.1.3,2.2.3,11.0.0,2.5.1+cu121,0.1.4,ok,
lama__mask_robustness__mask_robustness__p039__scratch_thin__variant_02__full_image__lpips,lama__mask_robustness__mask_robustness__p039__scratch_thin__variant_02,lama__mask_robustness__mask_robustness__p039__scratch_thin__variant_02,lama__mask_robustness__mask_robustness__p039__scratch_thin__variant_02,mask_robustness__p039__scratch_thin__variant_02,p039__scratch_thin__variant_02,mask_robustness__p039__scratch_thin__variant_02,mask_robustness,primary,p039,abstraction_surrealism,Painting with Troika,Wassily Kandinsky,,lama,,,,,full_image,589824,0,0,768,768,8664,False,> 127,8,alex,256,0.05353986844420433,0.0015617593890056014,0.05197810905519873,0.06682270008604974,0.32633259997237474,2.0.0,restoration_eval.metrics_lpips,cuda,3.12.6,2.1.3,2.2.3,11.0.0,2.5.1+cu121,0.1.4,ok,
lama__mask_robustness__mask_robustness__p039__scratch_thin__variant_02__content_region__lpips,lama__mask_robustness__mask_robustness__p039__scratch_thin__variant_02,lama__mask_robustness__mask_robustness__p039__scratch_thin__variant_02,lama__mask_robustness__mask_robustness__p039__scratch_thin__variant_02,mask_robustness__p039__scratch_thin__variant_02,p039__scratch_thin__variant_02,mask_robustness__p039__scratch_thin__variant_02,mask_robustness,primary,p039,abstraction_surrealism,Painting with Troika,Wassily Kandinsky,,lama,,,,,content_region,433152,0,102,768,666,8664,False,> 127,8,alex,256,0.072905994951725,0.0011156591353937984,0.07179033581633121,0.06093809998128563,0.32633259997237474,2.0.0,restoration_eval.metrics_lpips,cuda,3.12.6,2.1.3,2.2.3,11.0.0,2.5.1+cu121,0.1.4,ok,
lama__mask_robustness__mask_robustness__p039__scratch_thin__variant_02__mask_bbox_crop__lpips,lama__mask_robustness__mask_robustness__p039__scratch_thin__variant_02,lama__mask_robustness__mask_robustness__p039__scratch_thin__variant_02,lama__mask_robustness__mask_robustness__p039__scratch_thin__variant_02,mask_robustness__p039__scratch_thin__variant_02,p039__scratch_thin__variant_02,mask_robustness__p039__scratch_thin__variant_02,mask_robustness,primary,p039,abstraction_surrealism,Painting with Troika,Wassily Kandinsky,,lama,,,,,mask_bbox_crop,120409,86,94,433,441,8664,False,> 127,8,alex,256,0.14909951388835907,0.00843571312725544,0.14066380076110363,0.038473800057545304,0.32633259997237474,2.0.0,restoration_eval.metrics_lpips,cuda,3.12.6,2.1.3,2.2.3,11.0.0,2.5.1+cu121,0.1.4,ok,
lama__mask_robustness__mask_robustness__p039__scratch_thin__variant_03__full_image__lpips,lama__mask_robustness__mask_robustness__p039__scratch_thin__variant_03,lama__mask_robustness__mask_robustness__p039__scratch_thin__variant_03,lama__mask_robustness__mask_robustness__p039__scratch_thin__variant_03,mask_robustness__p039__scratch_thin__variant_03,p039__scratch_thin__variant_03,mask_robustness__p039__scratch_thin__variant_03,mask_robustness,primary,p039,abstraction_surrealism,Painting with Troika,Wassily Kandinsky,,lama,,,,,full_image,589824,0,0,768,768,8638,False,> 127,8,alex,256,0.16556453704833984,0.0006437150295823812,0.16492082201875746,0.06813460006378591,0.3607666000025347,2.0.0,restoration_eval.metrics_lpips,cuda,3.12.6,2.1.3,2.2.3,11.0.0,2.5.1+cu121,0.1.4,ok,
lama__mask_robustness__mask_robustness__p039__scratch_thin__variant_03__content_region__lpips,lama__mask_robustness__mask_robustness__p039__scratch_thin__variant_03,lama__mask_robustness__mask_robustness__p039__scratch_thin__variant_03,lama__mask_robustness__mask_robustness__p039__scratch_thin__variant_03,mask_robustness__p039__scratch_thin__variant_03,p039__scratch_thin__variant_03,mask_robustness__p039__scratch_thin__variant_03,mask_robustness,primary,p039,abstraction_surrealism,Painting with Troika,Wassily Kandinsky,,lama,,,,,content_region,433152,0,102,768,666,8638,False,> 127,8,alex,256,0.20300209522247314,0.000907287816517055,0.2020948074059561,0.05543599999509752,0.3607666000025347,2.0.0,restoration_eval.metrics_lpips,cuda,3.12.6,2.1.3,2.2.3,11.0.0,2.5.1+cu121,0.1.4,ok,
lama__mask_robustness__mask_robustness__p039__scratch_thin__variant_03__mask_bbox_crop__lpips,lama__mask_robustness__mask_robustness__p039__scratch_thin__variant_03,lama__mask_robustness__mask_robustness__p039__scratch_thin__variant_03,lama__mask_robustness__mask_robustness__p039__scratch_thin__variant_03,mask_robustness__p039__scratch_thin__variant_03,p039__scratch_thin__variant_03,mask_robustness__p039__scratch_thin__variant_03,mask_robustness,primary,p039,abstraction_surrealism,Painting with Troika,Wassily Kandinsky,,lama,,,,,mask_bbox_crop,589824,0,0,768,768,8638,False,> 127,8,alex,256,0.16556453704833984,0.0006437150295823812,0.16492082201875746,0.06515480007510632,0.3607666000025347,2.0.0,restoration_eval.metrics_lpips,cuda,3.12.6,2.1.3,2.2.3,11.0.0,2.5.1+cu121,0.1.4,ok,
lama__mask_robustness__mask_robustness__p039__scratch_thin__variant_04__full_image__lpips,lama__mask_robustness__mask_robustness__p039__scratch_thin__variant_04,lama__mask_robustness__mask_robustness__p039__scratch_thin__variant_04,lama__mask_robustness__mask_robustness__p039__scratch_thin__variant_04,mask_robustness__p039__scratch_thin__variant_04,p039__scratch_thin__variant_04,mask_robustness__p039__scratch_thin__variant_04,mask_robustness,primary,p039,abstraction_surrealism,Painting with Troika,Wassily Kandinsky,,lama,,,,,full_image,589824,0,0,768,768,8658,False,> 127,8,alex,256,0.02288946323096752,0.0022460846230387688,0.020643378607928753,0.07370930002070963,0.3896033000200987,2.0.0,restoration_eval.metrics_lpips,cuda,3.12.6,2.1.3,2.2.3,11.0.0,2.5.1+cu121,0.1.4,ok,
lama__mask_robustness__mask_robustness__p039__scratch_thin__variant_04__content_region__lpips,lama__mask_robustness__mask_robustness__p039__scratch_thin__variant_04,lama__mask_robustness__mask_robustness__p039__scratch_thin__variant_04,lama__mask_robustness__mask_robustness__p039__scratch_thin__variant_04,mask_robustness__p039__scratch_thin__variant_04,p039__scratch_thin__variant_04,mask_robustness__p039__scratch_thin__variant_04,mask_robustness,primary,p039,abstraction_surrealism,Painting with Troika,Wassily Kandinsky,,lama,,,,,content_region,433152,0,102,768,666,8658,False,> 127,8,alex,256,0.016664231196045876,0.0003942801267839968,0.01626995106926188,0.0596075999783352,0.3896033000200987,2.0.0,restoration_eval.metrics_lpips,cuda,3.12.6,2.1.3,2.2.3,11.0.0,2.5.1+cu121,0.1.4,ok,
lama__mask_robustness__mask_robustness__p039__scratch_thin__variant_04__mask_bbox_crop__lpips,lama__mask_robustness__mask_robustness__p039__scratch_thin__variant_04,lama__mask_robustness__mask_robustness__p039__scratch_thin__variant_04,lama__mask_robustness__mask_robustness__p039__scratch_thin__variant_04,mask_robustness__p039__scratch_thin__variant_04,p039__scratch_thin__variant_04,mask_robustness__p039__scratch_thin__variant_04,mask_robustness,primary,p039,abstraction_surrealism,Painting with Troika,Wassily Kandinsky,,lama,,,,,mask_bbox_crop,279841,0,94,529,623,8658,False,> 127,8,alex,256,0.028488293290138245,0.0017340925987809896,0.026754200691357255,0.061847500037401915,0.3896033000200987,2.0.0,restoration_eval.metrics_lpips,cuda,3.12.6,2.1.3,2.2.3,11.0.0,2.5.1+cu121,0.1.4,ok,
lama__mask_robustness__mask_robustness__p039__scratch_thin__variant_05__full_image__lpips,lama__mask_robustness__mask_robustness__p039__scratch_thin__variant_05,lama__mask_robustness__mask_robustness__p039__scratch_thin__variant_05,lama__mask_robustness__mask_robustness__p039__scratch_thin__variant_05,mask_robustness__p039__scratch_thin__variant_05,p039__scratch_thin__variant_05,mask_robustness__p039__scratch_thin__variant_05,mask_robustness,primary,p039,abstraction_surrealism,Painting with Troika,Wassily Kandinsky,,lama,,,,,full_image,589824,0,0,768,768,8650,False,> 127,8,alex,256,0.15131676197052002,0.0006452759844250977,0.15067148598609492,0.0725070999469608,0.39926009997725487,2.0.0,restoration_eval.metrics_lpips,cuda,3.12.6,2.1.3,2.2.3,11.0.0,2.5.1+cu121,0.1.4,ok,
lama__mask_robustness__mask_robustness__p039__scratch_thin__variant_05__content_region__lpips,lama__mask_robustness__mask_robustness__p039__scratch_thin__variant_05,lama__mask_robustness__mask_robustness__p039__scratch_thin__variant_05,lama__mask_robustness__mask_robustness__p039__scratch_thin__variant_05,mask_robustness__p039__scratch_thin__variant_05,p039__scratch_thin__variant_05,mask_robustness__p039__scratch_thin__variant_05,mask_robustness,primary,p039,abstraction_surrealism,Painting with Troika,Wassily Kandinsky,,lama,,,,,content_region,433152,0,102,768,666,8650,False,> 127,8,alex,256,0.18812942504882812,0.0009032669477164745,0.18722615810111165,0.06182930001523346,0.39926009997725487,2.0.0,restoration_eval.metrics_lpips,cuda,3.12.6,2.1.3,2.2.3,11.0.0,2.5.1+cu121,0.1.4,ok,
lama__mask_robustness__mask_robustness__p039__scratch_thin__variant_05__mask_bbox_crop__lpips,lama__mask_robustness__mask_robustness__p039__scratch_thin__variant_05,lama__mask_robustness__mask_robustness__p039__scratch_thin__variant_05,lama__mask_robustness__mask_robustness__p039__scratch_thin__variant_05,mask_robustness__p039__scratch_thin__variant_05,p039__scratch_thin__variant_05,mask_robustness__p039__scratch_thin__variant_05,mask_robustness,primary,p039,abstraction_surrealism,Painting with Troika,Wassily Kandinsky,,lama,,,,,mask_bbox_crop,443556,0,10,666,676,8650,False,> 127,8,alex,256,0.1877351999282837,0.001311461441218853,0.18642373848706484,0.07982809992972761,0.39926009997725487,2.0.0,restoration_eval.metrics_lpips,cuda,3.12.6,2.1.3,2.2.3,11.0.0,2.5.1+cu121,0.1.4,ok,
lama__mask_robustness__mask_robustness__p043__loss_large__variant_01__full_image__lpips,lama__mask_robustness__mask_robustness__p043__loss_large__variant_01,lama__mask_robustness__mask_robustness__p043__loss_large__variant_01,lama__mask_robustness__mask_robustness__p043__loss_large__variant_01,mask_robustness__p043__loss_large__variant_01,p043__loss_large__variant_01,mask_robustness__p043__loss_large__variant_01,mask_robustness,primary,p043,high_texture_brushwork,The Card Players,Paul Cézanne,Post-Impressionism,lama,,,,,full_image,589824,0,0,768,768,58688,False,> 127,8,alex,256,0.14852482080459595,0.05913756042718887,0.08938726037740707,0.07630269997753203,0.38116889994125813,2.0.0,restoration_eval.metrics_lpips,cuda,3.12.6,2.1.3,2.2.3,11.0.0,2.5.1+cu121,0.1.4,ok,
lama__mask_robustness__mask_robustness__p043__loss_large__variant_01__content_region__lpips,lama__mask_robustness__mask_robustness__p043__loss_large__variant_01,lama__mask_robustness__mask_robustness__p043__loss_large__variant_01,lama__mask_robustness__mask_robustness__p043__loss_large__variant_01,mask_robustness__p043__loss_large__variant_01,p043__loss_large__variant_01,mask_robustness__p043__loss_large__variant_01,mask_robustness,primary,p043,high_texture_brushwork,The Card Players,Paul Cézanne,Post-Impressionism,lama,,,,,content_region,469248,0,78,768,689,58688,False,> 127,8,alex,256,0.17269720137119293,0.07655271887779236,0.09614448249340057,0.06974669999908656,0.38116889994125813,2.0.0,restoration_eval.metrics_lpips,cuda,3.12.6,2.1.3,2.2.3,11.0.0,2.5.1+cu121,0.1.4,ok,
lama__mask_robustness__mask_robustness__p043__loss_large__variant_01__mask_bbox_crop__lpips,lama__mask_robustness__mask_robustness__p043__loss_large__variant_01,lama__mask_robustness__mask_robustness__p043__loss_large__variant_01,lama__mask_robustness__mask_robustness__p043__loss_large__variant_01,mask_robustness__p043__loss_large__variant_01,p043__loss_large__variant_01,mask_robustness__p043__loss_large__variant_01,mask_robustness,primary,p043,high_texture_brushwork,The Card Players,Paul Cézanne,Post-Impressionism,lama,,,,,mask_bbox_crop,168100,112,66,522,476,58688,False,> 127,8,alex,256,0.4091714024543762,0.19825991988182068,0.21091148257255554,0.05003489996306598,0.38116889994125813,2.0.0,restoration_eval.metrics_lpips,cuda,3.12.6,2.1.3,2.2.3,11.0.0,2.5.1+cu121,0.1.4,ok,
lama__mask_robustness__mask_robustness__p043__loss_large__variant_02__full_image__lpips,lama__mask_robustness__mask_robustness__p043__loss_large__variant_02,lama__mask_robustness__mask_robustness__p043__loss_large__variant_02,lama__mask_robustness__mask_robustness__p043__loss_large__variant_02,mask_robustness__p043__loss_large__variant_02,p043__loss_large__variant_02,mask_robustness__p043__loss_large__variant_02,mask_robustness,primary,p043,high_texture_brushwork,The Card Players,Paul Cézanne,Post-Impressionism,lama,,,,,full_image,589824,0,0,768,768,58568,False,> 127,8,alex,256,0.1844576895236969,0.04812467470765114,0.13633301481604576,0.08989619999192655,0.41715889994520694,2.0.0,restoration_eval.metrics_lpips,cuda,3.12.6,2.1.3,2.2.3,11.0.0,2.5.1+cu121,0.1.4,ok,
lama__mask_robustness__mask_robustness__p043__loss_large__variant_02__content_region__lpips,lama__mask_robustness__mask_robustness__p043__loss_large__variant_02,lama__mask_robustness__mask_robustness__p043__loss_large__variant_02,lama__mask_robustness__mask_robustness__p043__loss_large__variant_02,mask_robustness__p043__loss_large__variant_02,p043__loss_large__variant_02,mask_robustness__p043__loss_large__variant_02,mask_robustness,primary,p043,high_texture_brushwork,The Card Players,Paul Cézanne,Post-Impressionism,lama,,,,,content_region,469248,0,78,768,689,58568,False,> 127,8,alex,256,0.21317058801651,0.05755150318145752,0.1556190848350525,0.10509209998417646,0.41715889994520694,2.0.0,restoration_eval.metrics_lpips,cuda,3.12.6,2.1.3,2.2.3,11.0.0,2.5.1+cu121,0.1.4,ok,
lama__mask_robustness__mask_robustness__p043__loss_large__variant_02__mask_bbox_crop__lpips,lama__mask_robustness__mask_robustness__p043__loss_large__variant_02,lama__mask_robustness__mask_robustness__p043__loss_large__variant_02,lama__mask_robustness__mask_robustness__p043__loss_large__variant_02,mask_robustness__p043__loss_large__variant_02,p043__loss_large__variant_02,mask_robustness__p043__loss_large__variant_02,mask_robustness,primary,p043,high_texture_brushwork,The Card Players,Paul Cézanne,Post-Impressionism,lama,,,,,mask_bbox_crop,290521,52,98,591,637,58568,False,> 127,8,alex,256,0.2931239604949951,0.0890272855758667,0.20409667491912842,0.06655410001985729,0.41715889994520694,2.0.0,restoration_eval.metrics_lpips,cuda,3.12.6,2.1.3,2.2.3,11.0.0,2.5.1+cu121,0.1.4,ok,
lama__mask_robustness__mask_robustness__p043__loss_large__variant_03__full_image__lpips,lama__mask_robustness__mask_robustness__p043__loss_large__variant_03,lama__mask_robustness__mask_robustness__p043__loss_large__variant_03,lama__mask_robustness__mask_robustness__p043__loss_large__variant_03,mask_robustness__p043__loss_large__variant_03,p043__loss_large__variant_03,mask_robustness__p043__loss_large__variant_03,mask_robustness,primary,p043,high_texture_brushwork,The Card Players,Paul Cézanne,Post-Impressionism,lama,,,,,full_image,589824,0,0,768,768,58606,False,> 127,8,alex,256,0.13972830772399902,0.05714287608861923,0.08258543163537979,0.07588509994093329,0.3400481999851763,2.0.0,restoration_eval.metrics_lpips,cuda,3.12.6,2.1.3,2.2.3,11.0.0,2.5.1+cu121,0.1.4,ok,
lama__mask_robustness__mask_robustness__p043__loss_large__variant_03__content_region__lpips,lama__mask_robustness__mask_robustness__p043__loss_large__variant_03,lama__mask_robustness__mask_robustness__p043__loss_large__variant_03,lama__mask_robustness__mask_robustness__p043__loss_large__variant_03,mask_robustness__p043__loss_large__variant_03,p043__loss_large__variant_03,mask_robustness__p043__loss_large__variant_03,mask_robustness,primary,p043,high_texture_brushwork,The Card Players,Paul Cézanne,Post-Impressionism,lama,,,,,content_region,469248,0,78,768,689,58606,False,> 127,8,alex,256,0.17106959223747253,0.07353600859642029,0.09753358364105225,0.06963319994974881,0.3400481999851763,2.0.0,restoration_eval.metrics_lpips,cuda,3.12.6,2.1.3,2.2.3,11.0.0,2.5.1+cu121,0.1.4,ok,
lama__mask_robustness__mask_robustness__p043__loss_large__variant_03__mask_bbox_crop__lpips,lama__mask_robustness__mask_robustness__p043__loss_large__variant_03,lama__mask_robustness__mask_robustness__p043__loss_large__variant_03,lama__mask_robustness__mask_robustness__p043__loss_large__variant_03,mask_robustness__p043__loss_large__variant_03,p043__loss_large__variant_03,mask_robustness__p043__loss_large__variant_03,mask_robustness,primary,p043,high_texture_brushwork,The Card Players,Paul Cézanne,Post-Impressionism,lama,,,,,mask_bbox_crop,154449,271,203,664,596,58606,False,> 127,8,alex,256,0.43726813793182373,0.22462183237075806,0.21264630556106567,0.041847400018014014,0.3400481999851763,2.0.0,restoration_eval.metrics_lpips,cuda,3.12.6,2.1.3,2.2.3,11.0.0,2.5.1+cu121,0.1.4,ok,
lama__mask_robustness__mask_robustness__p043__loss_large__variant_04__full_image__lpips,lama__mask_robustness__mask_robustness__p043__loss_large__variant_04,lama__mask_robustness__mask_robustness__p043__loss_large__variant_04,lama__mask_robustness__mask_robustness__p043__loss_large__variant_04,mask_robustness__p043__loss_large__variant_04,p043__loss_large__variant_04,mask_robustness__p043__loss_large__variant_04,mask_robustness,primary,p043,high_texture_brushwork,The Card Players,Paul Cézanne,Post-Impressionism,lama,,,,,full_image,589824,0,0,768,768,58777,False,> 127,8,alex,256,0.16388453543186188,0.04891118034720421,0.11497335508465767,0.06648889998905361,0.3246507999720052,2.0.0,restoration_eval.metrics_lpips,cuda,3.12.6,2.1.3,2.2.3,11.0.0,2.5.1+cu121,0.1.4,ok,
lama__mask_robustness__mask_robustness__p043__loss_large__variant_04__content_region__lpips,lama__mask_robustness__mask_robustness__p043__loss_large__variant_04,lama__mask_robustness__mask_robustness__p043__loss_large__variant_04,lama__mask_robustness__mask_robustness__p043__loss_large__variant_04,mask_robustness__p043__loss_large__variant_04,p043__loss_large__variant_04,mask_robustness__p043__loss_large__variant_04,mask_robustness,primary,p043,high_texture_brushwork,The Card Players,Paul Cézanne,Post-Impressionism,lama,,,,,content_region,469248,0,78,768,689,58777,False,> 127,8,alex,256,0.19546286761760712,0.05949149653315544,0.13597137108445168,0.06477679999079555,0.3246507999720052,2.0.0,restoration_eval.metrics_lpips,cuda,3.12.6,2.1.3,2.2.3,11.0.0,2.5.1+cu121,0.1.4,ok,
lama__mask_robustness__mask_robustness__p043__loss_large__variant_04__mask_bbox_crop__lpips,lama__mask_robustness__mask_robustness__p043__loss_large__variant_04,lama__mask_robustness__mask_robustness__p043__loss_large__variant_04,lama__mask_robustness__mask_robustness__p043__loss_large__variant_04,mask_robustness__p043__loss_large__variant_04,p043__loss_large__variant_04,mask_robustness__p043__loss_large__variant_04,mask_robustness,primary,p043,high_texture_brushwork,The Card Players,Paul Cézanne,Post-Impressionism,lama,,,,,mask_bbox_crop,247009,41,59,538,556,58777,False,> 127,8,alex,256,0.33549246191978455,0.11594890058040619,0.21954356133937836,0.04945629998110235,0.3246507999720052,2.0.0,restoration_eval.metrics_lpips,cuda,3.12.6,2.1.3,2.2.3,11.0.0,2.5.1+cu121,0.1.4,ok,
lama__mask_robustness__mask_robustness__p043__loss_large__variant_05__full_image__lpips,lama__mask_robustness__mask_robustness__p043__loss_large__variant_05,lama__mask_robustness__mask_robustness__p043__loss_large__variant_05,lama__mask_robustness__mask_robustness__p043__loss_large__variant_05,mask_robustness__p043__loss_large__variant_05,p043__loss_large__variant_05,mask_robustness__p043__loss_large__variant_05,mask_robustness,primary,p043,high_texture_brushwork,The Card Players,Paul Cézanne,Post-Impressionism,lama,,,,,full_image,589824,0,0,768,768,58587,False,> 127,8,alex,256,0.13758410513401031,0.06434983015060425,0.07323427498340607,0.071663299924694,0.33729079994373024,2.0.0,restoration_eval.metrics_lpips,cuda,3.12.6,2.1.3,2.2.3,11.0.0,2.5.1+cu121,0.1.4,ok,
lama__mask_robustness__mask_robustness__p043__loss_large__variant_05__content_region__lpips,lama__mask_robustness__mask_robustness__p043__loss_large__variant_05,lama__mask_robustness__mask_robustness__p043__loss_large__variant_05,lama__mask_robustness__mask_robustness__p043__loss_large__variant_05,mask_robustness__p043__loss_large__variant_05,p043__loss_large__variant_05,mask_robustness__p043__loss_large__variant_05,mask_robustness,primary,p043,high_texture_brushwork,The Card Players,Paul Cézanne,Post-Impressionism,lama,,,,,content_region,469248,0,78,768,689,58587,False,> 127,8,alex,256,0.16589272022247314,0.07756299525499344,0.0883297249674797,0.06692659994587302,0.33729079994373024,2.0.0,restoration_eval.metrics_lpips,cuda,3.12.6,2.1.3,2.2.3,11.0.0,2.5.1+cu121,0.1.4,ok,
lama__mask_robustness__mask_robustness__p043__loss_large__variant_05__mask_bbox_crop__lpips,lama__mask_robustness__mask_robustness__p043__loss_large__variant_05,lama__mask_robustness__mask_robustness__p043__loss_large__variant_05,lama__mask_robustness__mask_robustness__p043__loss_large__variant_05,mask_robustness__p043__loss_large__variant_05,p043__loss_large__variant_05,mask_robustness__p043__loss_large__variant_05,mask_robustness,primary,p043,high_texture_brushwork,The Card Players,Paul Cézanne,Post-Impressionism,lama,,,,,mask_bbox_crop,131044,233,229,595,591,58587,False,> 127,8,alex,256,0.47455161809921265,0.2879091203212738,0.18664249777793884,0.04469689994584769,0.33729079994373024,2.0.0,restoration_eval.metrics_lpips,cuda,3.12.6,2.1.3,2.2.3,11.0.0,2.5.1+cu121,0.1.4,ok,
lama__mask_robustness__mask_robustness__p043__loss_small__variant_01__full_image__lpips,lama__mask_robustness__mask_robustness__p043__loss_small__variant_01,lama__mask_robustness__mask_robustness__p043__loss_small__variant_01,lama__mask_robustness__mask_robustness__p043__loss_small__variant_01,mask_robustness__p043__loss_small__variant_01,p043__loss_small__variant_01,mask_robustness__p043__loss_small__variant_01,mask_robustness,primary,p043,high_texture_brushwork,The Card Players,Paul Cézanne,Post-Impressionism,lama,,,,,full_image,589824,0,0,768,768,21097,False,> 127,8,alex,256,0.1382467895746231,0.00552574684843421,0.1327210427261889,0.07432859996333718,0.376510199974291,2.0.0,restoration_eval.metrics_lpips,cuda,3.12.6,2.1.3,2.2.3,11.0.0,2.5.1+cu121,0.1.4,ok,
lama__mask_robustness__mask_robustness__p043__loss_small__variant_01__content_region__lpips,lama__mask_robustness__mask_robustness__p043__loss_small__variant_01,lama__mask_robustness__mask_robustness__p043__loss_small__variant_01,lama__mask_robustness__mask_robustness__p043__loss_small__variant_01,mask_robustness__p043__loss_small__variant_01,p043__loss_small__variant_01,mask_robustness__p043__loss_small__variant_01,mask_robustness,primary,p043,high_texture_brushwork,The Card Players,Paul Cézanne,Post-Impressionism,lama,,,,,content_region,469248,0,78,768,689,21097,False,> 127,8,alex,256,0.14429819583892822,0.005344894248992205,0.13895330158993602,0.06728740001562983,0.376510199974291,2.0.0,restoration_eval.metrics_lpips,cuda,3.12.6,2.1.3,2.2.3,11.0.0,2.5.1+cu121,0.1.4,ok,
lama__mask_robustness__mask_robustness__p043__loss_small__variant_01__mask_bbox_crop__lpips,lama__mask_robustness__mask_robustness__p043__loss_small__variant_01,lama__mask_robustness__mask_robustness__p043__loss_small__variant_01,lama__mask_robustness__mask_robustness__p043__loss_small__variant_01,mask_robustness__p043__loss_small__variant_01,p043__loss_small__variant_01,mask_robustness__p043__loss_small__variant_01,mask_robustness,primary,p043,high_texture_brushwork,The Card Players,Paul Cézanne,Post-Impressionism,lama,,,,,mask_bbox_crop,408321,107,0,746,639,21097,False,> 127,8,alex,256,0.16348136961460114,0.008149866946041584,0.15533150266855955,0.07438650005497038,0.376510199974291,2.0.0,restoration_eval.metrics_lpips,cuda,3.12.6,2.1.3,2.2.3,11.0.0,2.5.1+cu121,0.1.4,ok,
lama__mask_robustness__mask_robustness__p043__loss_small__variant_02__full_image__lpips,lama__mask_robustness__mask_robustness__p043__loss_small__variant_02,lama__mask_robustness__mask_robustness__p043__loss_small__variant_02,lama__mask_robustness__mask_robustness__p043__loss_small__variant_02,mask_robustness__p043__loss_small__variant_02,p043__loss_small__variant_02,mask_robustness__p043__loss_small__variant_02,mask_robustness,primary,p043,high_texture_brushwork,The Card Players,Paul Cézanne,Post-Impressionism,lama,,,,,full_image,589824,0,0,768,768,21107,False,> 127,8,alex,256,0.1267244964838028,0.006414519157260656,0.12030997732654214,0.06899349996820092,0.3668706000316888,2.0.0,restoration_eval.metrics_lpips,cuda,3.12.6,2.1.3,2.2.3,11.0.0,2.5.1+cu121,0.1.4,ok,
lama__mask_robustness__mask_robustness__p043__loss_small__variant_02__content_region__lpips,lama__mask_robustness__mask_robustness__p043__loss_small__variant_02,lama__mask_robustness__mask_robustness__p043__loss_small__variant_02,lama__mask_robustness__mask_robustness__p043__loss_small__variant_02,mask_robustness__p043__loss_small__variant_02,p043__loss_small__variant_02,mask_robustness__p043__loss_small__variant_02,mask_robustness,primary,p043,high_texture_brushwork,The Card Players,Paul Cézanne,Post-Impressionism,lama,,,,,content_region,469248,0,78,768,689,21107,False,> 127,8,alex,256,0.14821583032608032,0.006619129329919815,0.1415967009961605,0.06842869997490197,0.3668706000316888,2.0.0,restoration_eval.metrics_lpips,cuda,3.12.6,2.1.3,2.2.3,11.0.0,2.5.1+cu121,0.1.4,ok,
lama__mask_robustness__mask_robustness__p043__loss_small__variant_02__mask_bbox_crop__lpips,lama__mask_robustness__mask_robustness__p043__loss_small__variant_02,lama__mask_robustness__mask_robustness__p043__loss_small__variant_02,lama__mask_robustness__mask_robustness__p043__loss_small__variant_02,mask_robustness__p043__loss_small__variant_02,p043__loss_small__variant_02,mask_robustness__p043__loss_small__variant_02,mask_robustness,primary,p043,high_texture_brushwork,The Card Players,Paul Cézanne,Post-Impressionism,lama,,,,,mask_bbox_crop,330625,0,68,575,643,21107,False,> 127,8,alex,256,0.19331131875514984,0.01154012605547905,0.1817711926996708,0.05941200000233948,0.3668706000316888,2.0.0,restoration_eval.metrics_lpips,cuda,3.12.6,2.1.3,2.2.3,11.0.0,2.5.1+cu121,0.1.4,ok,
lama__mask_robustness__mask_robustness__p043__loss_small__variant_03__full_image__lpips,lama__mask_robustness__mask_robustness__p043__loss_small__variant_03,lama__mask_robustness__mask_robustness__p043__loss_small__variant_03,lama__mask_robustness__mask_robustness__p043__loss_small__variant_03,mask_robustness__p043__loss_small__variant_03,p043__loss_small__variant_03,mask_robustness__p043__loss_small__variant_03,mask_robustness,primary,p043,high_texture_brushwork,The Card Players,Paul Cézanne,Post-Impressionism,lama,,,,,full_image,589824,0,0,768,768,21143,False,> 127,8,alex,256,0.10652808845043182,0.004421691410243511,0.10210639704018831,0.074792500003241,0.3682578000007197,2.0.0,restoration_eval.metrics_lpips,cuda,3.12.6,2.1.3,2.2.3,11.0.0,2.5.1+cu121,0.1.4,ok,
lama__mask_robustness__mask_robustness__p043__loss_small__variant_03__content_region__lpips,lama__mask_robustness__mask_robustness__p043__loss_small__variant_03,lama__mask_robustness__mask_robustness__p043__loss_small__variant_03,lama__mask_robustness__mask_robustness__p043__loss_small__variant_03,mask_robustness__p043__loss_small__variant_03,p043__loss_small__variant_03,mask_robustness__p043__loss_small__variant_03,mask_robustness,primary,p043,high_texture_brushwork,The Card Players,Paul Cézanne,Post-Impressionism,lama,,,,,content_region,469248,0,78,768,689,21143,False,> 127,8,alex,256,0.10641659051179886,0.005799402017146349,0.10061718849465251,0.06462150008883327,0.3682578000007197,2.0.0,restoration_eval.metrics_lpips,cuda,3.12.6,2.1.3,2.2.3,11.0.0,2.5.1+cu121,0.1.4,ok,
lama__mask_robustness__mask_robustness__p043__loss_small__variant_03__mask_bbox_crop__lpips,lama__mask_robustness__mask_robustness__p043__loss_small__variant_03,lama__mask_robustness__mask_robustness__p043__loss_small__variant_03,lama__mask_robustness__mask_robustness__p043__loss_small__variant_03,mask_robustness__p043__loss_small__variant_03,p043__loss_small__variant_03,mask_robustness__p043__loss_small__variant_03,mask_robustness,primary,p043,high_texture_brushwork,The Card Players,Paul Cézanne,Post-Impressionism,lama,,,,,mask_bbox_crop,555025,0,23,745,768,21143,False,> 127,8,alex,256,0.10715684294700623,0.0057303146459162235,0.10142652830109,0.07551580003928393,0.3682578000007197,2.0.0,restoration_eval.metrics_lpips,cuda,3.12.6,2.1.3,2.2.3,11.0.0,2.5.1+cu121,0.1.4,ok,
lama__mask_robustness__mask_robustness__p043__loss_small__variant_04__full_image__lpips,lama__mask_robustness__mask_robustness__p043__loss_small__variant_04,lama__mask_robustness__mask_robustness__p043__loss_small__variant_04,lama__mask_robustness__mask_robustness__p043__loss_small__variant_04,mask_robustness__p043__loss_small__variant_04,p043__loss_small__variant_04,mask_robustness__p043__loss_small__variant_04,mask_robustness,primary,p043,high_texture_brushwork,The Card Players,Paul Cézanne,Post-Impressionism,lama,,,,,full_image,589824,0,0,768,768,21088,False,> 127,8,alex,256,0.12976568937301636,0.008575370535254478,0.12119031883776188,0.07497149996925145,0.3427476000506431,2.0.0,restoration_eval.metrics_lpips,cuda,3.12.6,2.1.3,2.2.3,11.0.0,2.5.1+cu121,0.1.4,ok,
lama__mask_robustness__mask_robustness__p043__loss_small__variant_04__content_region__lpips,lama__mask_robustness__mask_robustness__p043__loss_small__variant_04,lama__mask_robustness__mask_robustness__p043__loss_small__variant_04,lama__mask_robustness__mask_robustness__p043__loss_small__variant_04,mask_robustness__p043__loss_small__variant_04,p043__loss_small__variant_04,mask_robustness__p043__loss_small__variant_04,mask_robustness,primary,p043,high_texture_brushwork,The Card Players,Paul Cézanne,Post-Impressionism,lama,,,,,content_region,469248,0,78,768,689,21088,False,> 127,8,alex,256,0.13811269402503967,0.008342877961695194,0.12976981606334448,0.06236850004643202,0.3427476000506431,2.0.0,restoration_eval.metrics_lpips,cuda,3.12.6,2.1.3,2.2.3,11.0.0,2.5.1+cu121,0.1.4,ok,
lama__mask_robustness__mask_robustness__p043__loss_small__variant_04__mask_bbox_crop__lpips,lama__mask_robustness__mask_robustness__p043__loss_small__variant_04,lama__mask_robustness__mask_robustness__p043__loss_small__variant_04,lama__mask_robustness__mask_robustness__p043__loss_small__variant_04,mask_robustness__p043__loss_small__variant_04,p043__loss_small__variant_04,mask_robustness__p043__loss_small__variant_04,mask_robustness,primary,p043,high_texture_brushwork,The Card Players,Paul Cézanne,Post-Impressionism,lama,,,,,mask_bbox_crop,399424,87,107,719,739,21088,False,> 127,8,alex,256,0.1398889422416687,0.010045064613223076,0.12984387762844563,0.060724199982360005,0.3427476000506431,2.0.0,restoration_eval.metrics_lpips,cuda,3.12.6,2.1.3,2.2.3,11.0.0,2.5.1+cu121,0.1.4,ok,
lama__mask_robustness__mask_robustness__p043__loss_small__variant_05__full_image__lpips,lama__mask_robustness__mask_robustness__p043__loss_small__variant_05,lama__mask_robustness__mask_robustness__p043__loss_small__variant_05,lama__mask_robustness__mask_robustness__p043__loss_small__variant_05,mask_robustness__p043__loss_small__variant_05,p043__loss_small__variant_05,mask_robustness__p043__loss_small__variant_05,mask_robustness,primary,p043,high_texture_brushwork,The Card Players,Paul Cézanne,Post-Impressionism,lama,,,,,full_image,589824,0,0,768,768,21128,False,> 127,8,alex,256,0.12136442959308624,0.009321416728198528,0.11204301286488771,0.07505920005496591,0.3772429000819102,2.0.0,restoration_eval.metrics_lpips,cuda,3.12.6,2.1.3,2.2.3,11.0.0,2.5.1+cu121,0.1.4,ok,
lama__mask_robustness__mask_robustness__p043__loss_small__variant_05__content_region__lpips,lama__mask_robustness__mask_robustness__p043__loss_small__variant_05,lama__mask_robustness__mask_robustness__p043__loss_small__variant_05,lama__mask_robustness__mask_robustness__p043__loss_small__variant_05,mask_robustness__p043__loss_small__variant_05,p043__loss_small__variant_05,mask_robustness__p043__loss_small__variant_05,mask_robustness,primary,p043,high_texture_brushwork,The Card Players,Paul Cézanne,Post-Impressionism,lama,,,,,content_region,469248,0,78,768,689,21128,False,> 127,8,alex,256,0.14284196496009827,0.009157873690128326,0.13368409126996994,0.06262109999079257,0.3772429000819102,2.0.0,restoration_eval.metrics_lpips,cuda,3.12.6,2.1.3,2.2.3,11.0.0,2.5.1+cu121,0.1.4,ok,
lama__mask_robustness__mask_robustness__p043__loss_small__variant_05__mask_bbox_crop__lpips,lama__mask_robustness__mask_robustness__p043__loss_small__variant_05,lama__mask_robustness__mask_robustness__p043__loss_small__variant_05,lama__mask_robustness__mask_robustness__p043__loss_small__variant_05,mask_robustness__p043__loss_small__variant_05,p043__loss_small__variant_05,mask_robustness__p043__loss_small__variant_05,mask_robustness,primary,p043,high_texture_brushwork,The Card Players,Paul Cézanne,Post-Impressionism,lama,,,,,mask_bbox_crop,425104,113,114,765,766,21128,False,> 127,8,alex,256,0.13574916124343872,0.012904945760965347,0.12284421548247337,0.06966250005643815,0.3772429000819102,2.0.0,restoration_eval.metrics_lpips,cuda,3.12.6,2.1.3,2.2.3,11.0.0,2.5.1+cu121,0.1.4,ok,
lama__mask_robustness__mask_robustness__p043__scratch_thin__variant_01__full_image__lpips,lama__mask_robustness__mask_robustness__p043__scratch_thin__variant_01,lama__mask_robustness__mask_robustness__p043__scratch_thin__variant_01,lama__mask_robustness__mask_robustness__p043__scratch_thin__variant_01,mask_robustness__p043__scratch_thin__variant_01,p043__scratch_thin__variant_01,mask_robustness__p043__scratch_thin__variant_01,mask_robustness,primary,p043,high_texture_brushwork,The Card Players,Paul Cézanne,Post-Impressionism,lama,,,,,full_image,589824,0,0,768,768,9410,False,> 127,8,alex,256,0.2483232021331787,0.0005732629797421396,0.24774993915343657,0.06989829998929054,0.349216099944897,2.0.0,restoration_eval.metrics_lpips,cuda,3.12.6,2.1.3,2.2.3,11.0.0,2.5.1+cu121,0.1.4,ok,
lama__mask_robustness__mask_robustness__p043__scratch_thin__variant_01__content_region__lpips,lama__mask_robustness__mask_robustness__p043__scratch_thin__variant_01,lama__mask_robustness__mask_robustness__p043__scratch_thin__variant_01,lama__mask_robustness__mask_robustness__p043__scratch_thin__variant_01,mask_robustness__p043__scratch_thin__variant_01,p043__scratch_thin__variant_01,mask_robustness__p043__scratch_thin__variant_01,mask_robustness,primary,p043,high_texture_brushwork,The Card Players,Paul Cézanne,Post-Impressionism,lama,,,,,content_region,469248,0,78,768,689,9410,False,> 127,8,alex,256,0.28212669491767883,0.0009474597172811627,0.28117923520039767,0.06547050003428012,0.349216099944897,2.0.0,restoration_eval.metrics_lpips,cuda,3.12.6,2.1.3,2.2.3,11.0.0,2.5.1+cu121,0.1.4,ok,
lama__mask_robustness__mask_robustness__p043__scratch_thin__variant_01__mask_bbox_crop__lpips,lama__mask_robustness__mask_robustness__p043__scratch_thin__variant_01,lama__mask_robustness__mask_robustness__p043__scratch_thin__variant_01,lama__mask_robustness__mask_robustness__p043__scratch_thin__variant_01,mask_robustness__p043__scratch_thin__variant_01,p043__scratch_thin__variant_01,mask_robustness__p043__scratch_thin__variant_01,mask_robustness,primary,p043,high_texture_brushwork,The Card Players,Paul Cézanne,Post-Impressionism,lama,,,,,mask_bbox_crop,410881,75,70,716,711,9410,False,> 127,8,alex,256,0.31113943457603455,0.0014869559090584517,0.3096524786669761,0.06577620003372431,0.349216099944897,2.0.0,restoration_eval.metrics_lpips,cuda,3.12.6,2.1.3,2.2.3,11.0.0,2.5.1+cu121,0.1.4,ok,
lama__mask_robustness__mask_robustness__p043__scratch_thin__variant_02__full_image__lpips,lama__mask_robustness__mask_robustness__p043__scratch_thin__variant_02,lama__mask_robustness__mask_robustness__p043__scratch_thin__variant_02,lama__mask_robustness__mask_robustness__p043__scratch_thin__variant_02,mask_robustness__p043__scratch_thin__variant_02,p043__scratch_thin__variant_02,mask_robustness__p043__scratch_thin__variant_02,mask_robustness,primary,p043,high_texture_brushwork,The Card Players,Paul Cézanne,Post-Impressionism,lama,,,,,full_image,589824,0,0,768,768,9386,False,> 127,8,alex,256,0.2058289647102356,0.00034352485090494156,0.20548543985933065,0.07583820004947484,0.39423279999755323,2.0.0,restoration_eval.metrics_lpips,cuda,3.12.6,2.1.3,2.2.3,11.0.0,2.5.1+cu121,0.1.4,ok,
lama__mask_robustness__mask_robustness__p043__scratch_thin__variant_02__content_region__lpips,lama__mask_robustness__mask_robustness__p043__scratch_thin__variant_02,lama__mask_robustness__mask_robustness__p043__scratch_thin__variant_02,lama__mask_robustness__mask_robustness__p043__scratch_thin__variant_02,mask_robustness__p043__scratch_thin__variant_02,p043__scratch_thin__variant_02,mask_robustness__p043__scratch_thin__variant_02,mask_robustness,primary,p043,high_texture_brushwork,The Card Players,Paul Cézanne,Post-Impressionism,lama,,,,,content_region,469248,0,78,768,689,9386,False,> 127,8,alex,256,0.23303255438804626,0.0004819173482246697,0.2325506370398216,0.1079541000071913,0.39423279999755323,2.0.0,restoration_eval.metrics_lpips,cuda,3.12.6,2.1.3,2.2.3,11.0.0,2.5.1+cu121,0.1.4,ok,
lama__mask_robustness__mask_robustness__p043__scratch_thin__variant_02__mask_bbox_crop__lpips,lama__mask_robustness__mask_robustness__p043__scratch_thin__variant_02,lama__mask_robustness__mask_robustness__p043__scratch_thin__variant_02,lama__mask_robustness__mask_robustness__p043__scratch_thin__variant_02,mask_robustness__p043__scratch_thin__variant_02,p043__scratch_thin__variant_02,mask_robustness__p043__scratch_thin__variant_02,mask_robustness,primary,p043,high_texture_brushwork,The Card Players,Paul Cézanne,Post-Impressionism,lama,,,,,mask_bbox_crop,452929,95,71,768,744,9386,False,> 127,8,alex,256,0.24306800961494446,0.0005279221804812551,0.2425400874344632,0.060042900033295155,0.39423279999755323,2.0.0,restoration_eval.metrics_lpips,cuda,3.12.6,2.1.3,2.2.3,11.0.0,2.5.1+cu121,0.1.4,ok,
lama__mask_robustness__mask_robustness__p043__scratch_thin__variant_03__full_image__lpips,lama__mask_robustness__mask_robustness__p043__scratch_thin__variant_03,lama__mask_robustness__mask_robustness__p043__scratch_thin__variant_03,lama__mask_robustness__mask_robustness__p043__scratch_thin__variant_03,mask_robustness__p043__scratch_thin__variant_03,p043__scratch_thin__variant_03,mask_robustness__p043__scratch_thin__variant_03,mask_robustness,primary,p043,high_texture_brushwork,The Card Players,Paul Cézanne,Post-Impressionism,lama,,,,,full_image,589824,0,0,768,768,9437,False,> 127,8,alex,256,0.1765073537826538,0.0009050085209310055,0.1756023452617228,0.06531070009805262,0.3696532000321895,2.0.0,restoration_eval.metrics_lpips,cuda,3.12.6,2.1.3,2.2.3,11.0.0,2.5.1+cu121,0.1.4,ok,
lama__mask_robustness__mask_robustness__p043__scratch_thin__variant_03__content_region__lpips,lama__mask_robustness__mask_robustness__p043__scratch_thin__variant_03,lama__mask_robustness__mask_robustness__p043__scratch_thin__variant_03,lama__mask_robustness__mask_robustness__p043__scratch_thin__variant_03,mask_robustness__p043__scratch_thin__variant_03,p043__scratch_thin__variant_03,mask_robustness__p043__scratch_thin__variant_03,mask_robustness,primary,p043,high_texture_brushwork,The Card Players,Paul Cézanne,Post-Impressionism,lama,,,,,content_region,469248,0,78,768,689,9437,False,> 127,8,alex,256,0.1900804340839386,0.0006415251409634948,0.1894389089429751,0.06596489995718002,0.3696532000321895,2.0.0,restoration_eval.metrics_lpips,cuda,3.12.6,2.1.3,2.2.3,11.0.0,2.5.1+cu121,0.1.4,ok,
lama__mask_robustness__mask_robustness__p043__scratch_thin__variant_03__mask_bbox_crop__lpips,lama__mask_robustness__mask_robustness__p043__scratch_thin__variant_03,lama__mask_robustness__mask_robustness__p043__scratch_thin__variant_03,lama__mask_robustness__mask_robustness__p043__scratch_thin__variant_03,mask_robustness__p043__scratch_thin__variant_03,p043__scratch_thin__variant_03,mask_robustness__p043__scratch_thin__variant_03,mask_robustness,primary,p043,high_texture_brushwork,The Card Players,Paul Cézanne,Post-Impressionism,lama,,,,,mask_bbox_crop,478864,76,4,768,696,9437,False,> 127,8,alex,256,0.18997381627559662,0.001416418352164328,0.1885573979234323,0.07704839995130897,0.3696532000321895,2.0.0,restoration_eval.metrics_lpips,cuda,3.12.6,2.1.3,2.2.3,11.0.0,2.5.1+cu121,0.1.4,ok,
lama__mask_robustness__mask_robustness__p043__scratch_thin__variant_04__full_image__lpips,lama__mask_robustness__mask_robustness__p043__scratch_thin__variant_04,lama__mask_robustness__mask_robustness__p043__scratch_thin__variant_04,lama__mask_robustness__mask_robustness__p043__scratch_thin__variant_04,mask_robustness__p043__scratch_thin__variant_04,p043__scratch_thin__variant_04,mask_robustness__p043__scratch_thin__variant_04,mask_robustness,primary,p043,high_texture_brushwork,The Card Players,Paul Cézanne,Post-Impressionism,lama,,,,,full_image,589824,0,0,768,768,9378,False,> 127,8,alex,256,0.2547171711921692,0.0012416655663400888,0.2534755056258291,0.0632756999693811,0.3463031999999657,2.0.0,restoration_eval.metrics_lpips,cuda,3.12.6,2.1.3,2.2.3,11.0.0,2.5.1+cu121,0.1.4,ok,
lama__mask_robustness__mask_robustness__p043__scratch_thin__variant_04__content_region__lpips,lama__mask_robustness__mask_robustness__p043__scratch_thin__variant_04,lama__mask_robustness__mask_robustness__p043__scratch_thin__variant_04,lama__mask_robustness__mask_robustness__p043__scratch_thin__variant_04,mask_robustness__p043__scratch_thin__variant_04,p043__scratch_thin__variant_04,mask_robustness__p043__scratch_thin__variant_04,mask_robustness,primary,p043,high_texture_brushwork,The Card Players,Paul Cézanne,Post-Impressionism,lama,,,,,content_region,469248,0,78,768,689,9378,False,> 127,8,alex,256,0.27321678400039673,0.0008609124924987555,0.272355871507898,0.05715819995384663,0.3463031999999657,2.0.0,restoration_eval.metrics_lpips,cuda,3.12.6,2.1.3,2.2.3,11.0.0,2.5.1+cu121,0.1.4,ok,
lama__mask_robustness__mask_robustness__p043__scratch_thin__variant_04__mask_bbox_crop__lpips,lama__mask_robustness__mask_robustness__p043__scratch_thin__variant_04,lama__mask_robustness__mask_robustness__p043__scratch_thin__variant_04,lama__mask_robustness__mask_robustness__p043__scratch_thin__variant_04,mask_robustness__p043__scratch_thin__variant_04,p043__scratch_thin__variant_04,mask_robustness__p043__scratch_thin__variant_04,mask_robustness,primary,p043,high_texture_brushwork,The Card Players,Paul Cézanne,Post-Impressionism,lama,,,,,mask_bbox_crop,495616,0,2,704,706,9378,False,> 127,8,alex,256,0.2823978066444397,0.0017042681574821472,0.28069353848695755,0.05848659994080663,0.3463031999999657,2.0.0,restoration_eval.metrics_lpips,cuda,3.12.6,2.1.3,2.2.3,11.0.0,2.5.1+cu121,0.1.4,ok,
lama__mask_robustness__mask_robustness__p043__scratch_thin__variant_05__full_image__lpips,lama__mask_robustness__mask_robustness__p043__scratch_thin__variant_05,lama__mask_robustness__mask_robustness__p043__scratch_thin__variant_05,lama__mask_robustness__mask_robustness__p043__scratch_thin__variant_05,mask_robustness__p043__scratch_thin__variant_05,p043__scratch_thin__variant_05,mask_robustness__p043__scratch_thin__variant_05,mask_robustness,primary,p043,high_texture_brushwork,The Card Players,Paul Cézanne,Post-Impressionism,lama,,,,,full_image,589824,0,0,768,768,8269,False,> 127,8,alex,256,0.18841351568698883,0.00036700471537187696,0.18804651097161695,0.06385569996200502,0.35510629997588694,2.0.0,restoration_eval.metrics_lpips,cuda,3.12.6,2.1.3,2.2.3,11.0.0,2.5.1+cu121,0.1.4,ok,
lama__mask_robustness__mask_robustness__p043__scratch_thin__variant_05__content_region__lpips,lama__mask_robustness__mask_robustness__p043__scratch_thin__variant_05,lama__mask_robustness__mask_robustness__p043__scratch_thin__variant_05,lama__mask_robustness__mask_robustness__p043__scratch_thin__variant_05,mask_robustness__p043__scratch_thin__variant_05,p043__scratch_thin__variant_05,mask_robustness__p043__scratch_thin__variant_05,mask_robustness,primary,p043,high_texture_brushwork,The Card Players,Paul Cézanne,Post-Impressionism,lama,,,,,content_region,469248,0,78,768,689,8269,False,> 127,8,alex,256,0.20148175954818726,0.00044152437476441264,0.20104023517342284,0.061642699991352856,0.35510629997588694,2.0.0,restoration_eval.metrics_lpips,cuda,3.12.6,2.1.3,2.2.3,11.0.0,2.5.1+cu121,0.1.4,ok,
lama__mask_robustness__mask_robustness__p043__scratch_thin__variant_05__mask_bbox_crop__lpips,lama__mask_robustness__mask_robustness__p043__scratch_thin__variant_05,lama__mask_robustness__mask_robustness__p043__scratch_thin__variant_05,lama__mask_robustness__mask_robustness__p043__scratch_thin__variant_05,mask_robustness__p043__scratch_thin__variant_05,p043__scratch_thin__variant_05,mask_robustness__p043__scratch_thin__variant_05,mask_robustness,primary,p043,high_texture_brushwork,The Card Players,Paul Cézanne,Post-Impressionism,lama,,,,,mask_bbox_crop,589824,0,0,768,768,8269,False,> 127,8,alex,256,0.18841351568698883,0.00036700471537187696,0.18804651097161695,0.06324749998748302,0.35510629997588694,2.0.0,restoration_eval.metrics_lpips,cuda,3.12.6,2.1.3,2.2.3,11.0.0,2.5.1+cu121,0.1.4,ok,
lama__synthetic_degradation__synthetic_degradation__p001__dirt_dust__mild__full_image__lpips,lama__synthetic_degradation__synthetic_degradation__p001__dirt_dust__mild,lama__synthetic_degradation__synthetic_degradation__p001__dirt_dust__mild,lama__synthetic_degradation__synthetic_degradation__p001__dirt_dust__mild,synthetic_degradation__p001__dirt_dust__mild,p001__dirt_dust__mild,synthetic_degradation__p001__dirt_dust__mild,synthetic_degradation,primary,p001,portrait_figure,Juan de Pareja,Diego Velázquez,Baroque,lama,,,,,full_image,589824,0,0,768,768,1700,False,> 127,8,alex,256,2.9588750294351485e-07,0.00020914596098009497,-0.00020885007347715145,0.06641830003354698,0.3652912999968976,2.0.0,restoration_eval.metrics_lpips,cuda,3.12.6,2.1.3,2.2.3,11.0.0,2.5.1+cu121,0.1.4,ok,
lama__synthetic_degradation__synthetic_degradation__p001__dirt_dust__mild__content_region__lpips,lama__synthetic_degradation__synthetic_degradation__p001__dirt_dust__mild,lama__synthetic_degradation__synthetic_degradation__p001__dirt_dust__mild,lama__synthetic_degradation__synthetic_degradation__p001__dirt_dust__mild,synthetic_degradation__p001__dirt_dust__mild,p001__dirt_dust__mild,synthetic_degradation__p001__dirt_dust__mild,synthetic_degradation,primary,p001,portrait_figure,Juan de Pareja,Diego Velázquez,Baroque,lama,,,,,content_region,509184,52,0,715,768,1700,False,> 127,8,alex,256,4.27972480565586e-07,0.00021189224207773805,-0.00021146426959717246,0.06090869999025017,0.3652912999968976,2.0.0,restoration_eval.metrics_lpips,cuda,3.12.6,2.1.3,2.2.3,11.0.0,2.5.1+cu121,0.1.4,ok,
lama__synthetic_degradation__synthetic_degradation__p001__dirt_dust__mild__mask_bbox_crop__lpips,lama__synthetic_degradation__synthetic_degradation__p001__dirt_dust__mild,lama__synthetic_degradation__synthetic_degradation__p001__dirt_dust__mild,lama__synthetic_degradation__synthetic_degradation__p001__dirt_dust__mild,synthetic_degradation__p001__dirt_dust__mild,p001__dirt_dust__mild,synthetic_degradation__p001__dirt_dust__mild,synthetic_degradation,primary,p001,portrait_figure,Juan de Pareja,Diego Velázquez,Baroque,lama,,,,,mask_bbox_crop,585225,0,0,765,765,1700,False,> 127,8,alex,256,7.376598887276486e-07,0.00016789672372397035,-0.0001671590638352427,0.0640528000658378,0.3652912999968976,2.0.0,restoration_eval.metrics_lpips,cuda,3.12.6,2.1.3,2.2.3,11.0.0,2.5.1+cu121,0.1.4,ok,
lama__synthetic_degradation__synthetic_degradation__p001__dirt_dust__moderate__full_image__lpips,lama__synthetic_degradation__synthetic_degradation__p001__dirt_dust__moderate,lama__synthetic_degradation__synthetic_degradation__p001__dirt_dust__moderate,lama__synthetic_degradation__synthetic_degradation__p001__dirt_dust__moderate,synthetic_degradation__p001__dirt_dust__moderate,p001__dirt_dust__moderate,synthetic_degradation__p001__dirt_dust__moderate,synthetic_degradation,primary,p001,portrait_figure,Juan de Pareja,Diego Velázquez,Baroque,lama,,,,,full_image,589824,0,0,768,768,5611,False,> 127,8,alex,256,2.724553269217722e-05,0.000247777730692178,-0.0002205321980000008,0.07448059995658696,0.36687069991603494,2.0.0,restoration_eval.metrics_lpips,cuda,3.12.6,2.1.3,2.2.3,11.0.0,2.5.1+cu121,0.1.4,ok,
lama__synthetic_degradation__synthetic_degradation__p001__dirt_dust__moderate__content_region__lpips,lama__synthetic_degradation__synthetic_degradation__p001__dirt_dust__moderate,lama__synthetic_degradation__synthetic_degradation__p001__dirt_dust__moderate,lama__synthetic_degradation__synthetic_degradation__p001__dirt_dust__moderate,synthetic_degradation__p001__dirt_dust__moderate,p001__dirt_dust__moderate,synthetic_degradation__p001__dirt_dust__moderate,synthetic_degradation,primary,p001,portrait_figure,Juan de Pareja,Diego Velázquez,Baroque,lama,,,,,content_region,509184,52,0,715,768,5611,False,> 127,8,alex,256,2.562044028309174e-05,0.00039196584839373827,-0.00036634540811064653,0.0629823999479413,0.36687069991603494,2.0.0,restoration_eval.metrics_lpips,cuda,3.12.6,2.1.3,2.2.3,11.0.0,2.5.1+cu121,0.1.4,ok,
lama__synthetic_degradation__synthetic_degradation__p001__dirt_dust__moderate__mask_bbox_crop__lpips,lama__synthetic_degradation__synthetic_degradation__p001__dirt_dust__moderate,lama__synthetic_degradation__synthetic_degradation__p001__dirt_dust__moderate,lama__synthetic_degradation__synthetic_degradation__p001__dirt_dust__moderate,synthetic_degradation__p001__dirt_dust__moderate,p001__dirt_dust__moderate,synthetic_degradation__p001__dirt_dust__moderate,synthetic_degradation,primary,p001,portrait_figure,Juan de Pareja,Diego Velázquez,Baroque,lama,,,,,mask_bbox_crop,589824,0,0,768,768,5611,False,> 127,8,alex,256,2.724553269217722e-05,0.000247777730692178,-0.0002205321980000008,0.07005159999243915,0.36687069991603494,2.0.0,restoration_eval.metrics_lpips,cuda,3.12.6,2.1.3,2.2.3,11.0.0,2.5.1+cu121,0.1.4,ok,
lama__synthetic_degradation__synthetic_degradation__p001__dirt_dust__severe__full_image__lpips,lama__synthetic_degradation__synthetic_degradation__p001__dirt_dust__severe,lama__synthetic_degradation__synthetic_degradation__p001__dirt_dust__severe,lama__synthetic_degradation__synthetic_degradation__p001__dirt_dust__severe,synthetic_degradation__p001__dirt_dust__severe,p001__dirt_dust__severe,synthetic_degradation__p001__dirt_dust__severe,synthetic_degradation,primary,p001,portrait_figure,Juan de Pareja,Diego Velázquez,Baroque,lama,,,,,full_image,589824,0,0,768,768,13471,False,> 127,8,alex,256,0.000256177328992635,0.0008965388406068087,-0.0006403615116141737,0.07966229994781315,0.37641589995473623,2.0.0,restoration_eval.metrics_lpips,cuda,3.12.6,2.1.3,2.2.3,11.0.0,2.5.1+cu121,0.1.4,ok,
lama__synthetic_degradation__synthetic_degradation__p001__dirt_dust__severe__content_region__lpips,lama__synthetic_degradation__synthetic_degradation__p001__dirt_dust__severe,lama__synthetic_degradation__synthetic_degradation__p001__dirt_dust__severe,lama__synthetic_degradation__synthetic_degradation__p001__dirt_dust__severe,synthetic_degradation__p001__dirt_dust__severe,p001__dirt_dust__severe,synthetic_degradation__p001__dirt_dust__severe,synthetic_degradation,primary,p001,portrait_figure,Juan de Pareja,Diego Velázquez,Baroque,lama,,,,,content_region,509184,52,0,715,768,13471,False,> 127,8,alex,256,0.00024076312547549605,0.0009421368013136089,-0.0007013736758381128,0.07706819998566061,0.37641589995473623,2.0.0,restoration_eval.metrics_lpips,cuda,3.12.6,2.1.3,2.2.3,11.0.0,2.5.1+cu121,0.1.4,ok,
lama__synthetic_degradation__synthetic_degradation__p001__dirt_dust__severe__mask_bbox_crop__lpips,lama__synthetic_degradation__synthetic_degradation__p001__dirt_dust__severe,lama__synthetic_degradation__synthetic_degradation__p001__dirt_dust__severe,lama__synthetic_degradation__synthetic_degradation__p001__dirt_dust__severe,synthetic_degradation__p001__dirt_dust__severe,p001__dirt_dust__severe,synthetic_degradation__p001__dirt_dust__severe,synthetic_degradation,primary,p001,portrait_figure,Juan de Pareja,Diego Velázquez,Baroque,lama,,,,,mask_bbox_crop,589824,0,0,768,768,13471,False,> 127,8,alex,256,0.000256177328992635,0.0008965388406068087,-0.0006403615116141737,0.07659670000430197,0.37641589995473623,2.0.0,restoration_eval.metrics_lpips,cuda,3.12.6,2.1.3,2.2.3,11.0.0,2.5.1+cu121,0.1.4,ok,
lama__synthetic_degradation__synthetic_degradation__p001__partial_transparency__mild__full_image__lpips,lama__synthetic_degradation__synthetic_degradation__p001__partial_transparency__mild,lama__synthetic_degradation__synthetic_degradation__p001__partial_transparency__mild,lama__synthetic_degradation__synthetic_degradation__p001__partial_transparency__mild,synthetic_degradation__p001__partial_transparency__mild,p001__partial_transparency__mild,synthetic_degradation__p001__partial_transparency__mild,synthetic_degradation,primary,p001,portrait_figure,Juan de Pareja,Diego Velázquez,Baroque,lama,,,,,full_image,589824,0,0,768,768,31896,False,> 127,8,alex,256,0.014174597337841988,0.027597974985837936,-0.013423377647995949,0.07226390007417649,0.32558229996357113,2.0.0,restoration_eval.metrics_lpips,cuda,3.12.6,2.1.3,2.2.3,11.0.0,2.5.1+cu121,0.1.4,ok,
lama__synthetic_degradation__synthetic_degradation__p001__partial_transparency__mild__content_region__lpips,lama__synthetic_degradation__synthetic_degradation__p001__partial_transparency__mild,lama__synthetic_degradation__synthetic_degradation__p001__partial_transparency__mild,lama__synthetic_degradation__synthetic_degradation__p001__partial_transparency__mild,synthetic_degradation__p001__partial_transparency__mild,p001__partial_transparency__mild,synthetic_degradation__p001__partial_transparency__mild,synthetic_degradation,primary,p001,portrait_figure,Juan de Pareja,Diego Velázquez,Baroque,lama,,,,,content_region,509184,52,0,715,768,31896,False,> 127,8,alex,256,0.016442086547613144,0.033146001398563385,-0.01670391485095024,0.06803379999473691,0.32558229996357113,2.0.0,restoration_eval.metrics_lpips,cuda,3.12.6,2.1.3,2.2.3,11.0.0,2.5.1+cu121,0.1.4,ok,
lama__synthetic_degradation__synthetic_degradation__p001__partial_transparency__mild__mask_bbox_crop__lpips,lama__synthetic_degradation__synthetic_degradation__p001__partial_transparency__mild,lama__synthetic_degradation__synthetic_degradation__p001__partial_transparency__mild,lama__synthetic_degradation__synthetic_degradation__p001__partial_transparency__mild,synthetic_degradation__p001__partial_transparency__mild,p001__partial_transparency__mild,synthetic_degradation__p001__partial_transparency__mild,synthetic_degradation,primary,p001,portrait_figure,Juan de Pareja,Diego Velázquez,Baroque,lama,,,,,mask_bbox_crop,255025,177,78,682,583,31896,False,> 127,8,alex,256,0.027273988351225853,0.053484734147787094,-0.02621074579656124,0.050372299971058965,0.32558229996357113,2.0.0,restoration_eval.metrics_lpips,cuda,3.12.6,2.1.3,2.2.3,11.0.0,2.5.1+cu121,0.1.4,ok,
lama__synthetic_degradation__synthetic_degradation__p001__partial_transparency__moderate__full_image__lpips,lama__synthetic_degradation__synthetic_degradation__p001__partial_transparency__moderate,lama__synthetic_degradation__synthetic_degradation__p001__partial_transparency__moderate,lama__synthetic_degradation__synthetic_degradation__p001__partial_transparency__moderate,synthetic_degradation__p001__partial_transparency__moderate,p001__partial_transparency__moderate,synthetic_degradation__p001__partial_transparency__moderate,synthetic_degradation,primary,p001,portrait_figure,Juan de Pareja,Diego Velázquez,Baroque,lama,,,,,full_image,589824,0,0,768,768,99854,False,> 127,8,alex,256,0.03949802741408348,0.1626647561788559,-0.12316672876477242,0.07226459996309131,0.38085399998817593,2.0.0,restoration_eval.metrics_lpips,cuda,3.12.6,2.1.3,2.2.3,11.0.0,2.5.1+cu121,0.1.4,ok,
lama__synthetic_degradation__synthetic_degradation__p001__partial_transparency__moderate__content_region__lpips,lama__synthetic_degradation__synthetic_degradation__p001__partial_transparency__moderate,lama__synthetic_degradation__synthetic_degradation__p001__partial_transparency__moderate,lama__synthetic_degradation__synthetic_degradation__p001__partial_transparency__moderate,synthetic_degradation__p001__partial_transparency__moderate,p001__partial_transparency__moderate,synthetic_degradation__p001__partial_transparency__moderate,synthetic_degradation,primary,p001,portrait_figure,Juan de Pareja,Diego Velázquez,Baroque,lama,,,,,content_region,509184,52,0,715,768,99854,False,> 127,8,alex,256,0.04441627115011215,0.17998960614204407,-0.13557333499193192,0.07963339996058494,0.38085399998817593,2.0.0,restoration_eval.metrics_lpips,cuda,3.12.6,2.1.3,2.2.3,11.0.0,2.5.1+cu121,0.1.4,ok,
lama__synthetic_degradation__synthetic_degradation__p001__partial_transparency__moderate__mask_bbox_crop__lpips,lama__synthetic_degradation__synthetic_degradation__p001__partial_transparency__moderate,lama__synthetic_degradation__synthetic_degradation__p001__partial_transparency__moderate,lama__synthetic_degradation__synthetic_degradation__p001__partial_transparency__moderate,synthetic_degradation__p001__partial_transparency__moderate,p001__partial_transparency__moderate,synthetic_degradation__p001__partial_transparency__moderate,synthetic_degradation,primary,p001,portrait_figure,Juan de Pareja,Diego Velázquez,Baroque,lama,,,,,mask_bbox_crop,446224,1,61,669,729,99854,False,> 127,8,alex,256,0.04759309068322182,0.19681473076343536,-0.14922164008021355,0.0678904999513179,0.38085399998817593,2.0.0,restoration_eval.metrics_lpips,cuda,3.12.6,2.1.3,2.2.3,11.0.0,2.5.1+cu121,0.1.4,ok,
lama__synthetic_degradation__synthetic_degradation__p001__partial_transparency__severe__full_image__lpips,lama__synthetic_degradation__synthetic_degradation__p001__partial_transparency__severe,lama__synthetic_degradation__synthetic_degradation__p001__partial_transparency__severe,lama__synthetic_degradation__synthetic_degradation__p001__partial_transparency__severe,synthetic_degradation__p001__partial_transparency__severe,p001__partial_transparency__severe,synthetic_degradation__p001__partial_transparency__severe,synthetic_degradation,primary,p001,portrait_figure,Juan de Pareja,Diego Velázquez,Baroque,lama,,,,,full_image,589824,0,0,768,768,315211,False,> 127,8,alex,256,0.18448367714881897,0.4410632848739624,-0.25657960772514343,0.07641270000021905,0.3725121000315994,2.0.0,restoration_eval.metrics_lpips,cuda,3.12.6,2.1.3,2.2.3,11.0.0,2.5.1+cu121,0.1.4,ok,
lama__synthetic_degradation__synthetic_degradation__p001__partial_transparency__severe__content_region__lpips,lama__synthetic_degradation__synthetic_degradation__p001__partial_transparency__severe,lama__synthetic_degradation__synthetic_degradation__p001__partial_transparency__severe,lama__synthetic_degradation__synthetic_degradation__p001__partial_transparency__severe,synthetic_degradation__p001__partial_transparency__severe,p001__partial_transparency__severe,synthetic_degradation__p001__partial_transparency__severe,synthetic_degradation,primary,p001,portrait_figure,Juan de Pareja,Diego Velázquez,Baroque,lama,,,,,content_region,509184,52,0,715,768,315211,False,> 127,8,alex,256,0.19739824533462524,0.4997655749320984,-0.30236732959747314,0.06889250001404434,0.3725121000315994,2.0.0,restoration_eval.metrics_lpips,cuda,3.12.6,2.1.3,2.2.3,11.0.0,2.5.1+cu121,0.1.4,ok,
lama__synthetic_degradation__synthetic_degradation__p001__partial_transparency__severe__mask_bbox_crop__lpips,lama__synthetic_degradation__synthetic_degradation__p001__partial_transparency__severe,lama__synthetic_degradation__synthetic_degradation__p001__partial_transparency__severe,lama__synthetic_degradation__synthetic_degradation__p001__partial_transparency__severe,synthetic_degradation__p001__partial_transparency__severe,p001__partial_transparency__severe,synthetic_degradation__p001__partial_transparency__severe,synthetic_degradation,primary,p001,portrait_figure,Juan de Pareja,Diego Velázquez,Baroque,lama,,,,,mask_bbox_crop,492804,26,3,728,705,315211,False,> 127,8,alex,256,0.19104066491127014,0.49458807706832886,-0.3035474121570587,0.06892989994958043,0.3725121000315994,2.0.0,restoration_eval.metrics_lpips,cuda,3.12.6,2.1.3,2.2.3,11.0.0,2.5.1+cu121,0.1.4,ok,
lama__synthetic_degradation__synthetic_degradation__p001__water_stain__mild__full_image__lpips,lama__synthetic_degradation__synthetic_degradation__p001__water_stain__mild,lama__synthetic_degradation__synthetic_degradation__p001__water_stain__mild,lama__synthetic_degradation__synthetic_degradation__p001__water_stain__mild,synthetic_degradation__p001__water_stain__mild,p001__water_stain__mild,synthetic_degradation__p001__water_stain__mild,synthetic_degradation,primary,p001,portrait_figure,Juan de Pareja,Diego Velázquez,Baroque,lama,,,,,full_image,589824,0,0,768,768,4554,False,> 127,8,alex,256,0.004463068209588528,0.004705576226115227,-0.00024250801652669907,0.07998959999531507,0.386972300009802,2.0.0,restoration_eval.metrics_lpips,cuda,3.12.6,2.1.3,2.2.3,11.0.0,2.5.1+cu121,0.1.4,ok,
lama__synthetic_degradation__synthetic_degradation__p001__water_stain__mild__content_region__lpips,lama__synthetic_degradation__synthetic_degradation__p001__water_stain__mild,lama__synthetic_degradation__synthetic_degradation__p001__water_stain__mild,lama__synthetic_degradation__synthetic_degradation__p001__water_stain__mild,synthetic_degradation__p001__water_stain__mild,p001__water_stain__mild,synthetic_degradation__p001__water_stain__mild,synthetic_degradation,primary,p001,portrait_figure,Juan de Pareja,Diego Velázquez,Baroque,lama,,,,,content_region,509184,52,0,715,768,4554,False,> 127,8,alex,256,0.00513768196105957,0.005661367438733578,-0.0005236854776740074,0.09879750001709908,0.386972300009802,2.0.0,restoration_eval.metrics_lpips,cuda,3.12.6,2.1.3,2.2.3,11.0.0,2.5.1+cu121,0.1.4,ok,
lama__synthetic_degradation__synthetic_degradation__p001__water_stain__mild__mask_bbox_crop__lpips,lama__synthetic_degradation__synthetic_degradation__p001__water_stain__mild,lama__synthetic_degradation__synthetic_degradation__p001__water_stain__mild,lama__synthetic_degradation__synthetic_degradation__p001__water_stain__mild,synthetic_degradation__p001__water_stain__mild,p001__water_stain__mild,synthetic_degradation__p001__water_stain__mild,synthetic_degradation,primary,p001,portrait_figure,Juan de Pareja,Diego Velázquez,Baroque,lama,,,,,mask_bbox_crop,104329,83,425,406,748,4554,False,> 127,8,alex,256,0.026238100603222847,0.03209521993994713,-0.005857119336724281,0.05159789999015629,0.386972300009802,2.0.0,restoration_eval.metrics_lpips,cuda,3.12.6,2.1.3,2.2.3,11.0.0,2.5.1+cu121,0.1.4,ok,
lama__synthetic_degradation__synthetic_degradation__p001__water_stain__moderate__full_image__lpips,lama__synthetic_degradation__synthetic_degradation__p001__water_stain__moderate,lama__synthetic_degradation__synthetic_degradation__p001__water_stain__moderate,lama__synthetic_degradation__synthetic_degradation__p001__water_stain__moderate,synthetic_degradation__p001__water_stain__moderate,p001__water_stain__moderate,synthetic_degradation__p001__water_stain__moderate,synthetic_degradation,primary,p001,portrait_figure,Juan de Pareja,Diego Velázquez,Baroque,lama,,,,,full_image,589824,0,0,768,768,4540,False,> 127,8,alex,256,0.019438648596405983,0.01968861185014248,-0.00024996325373649597,0.07277870003599674,0.34231980005279183,2.0.0,restoration_eval.metrics_lpips,cuda,3.12.6,2.1.3,2.2.3,11.0.0,2.5.1+cu121,0.1.4,ok,
lama__synthetic_degradation__synthetic_degradation__p001__water_stain__moderate__content_region__lpips,lama__synthetic_degradation__synthetic_degradation__p001__water_stain__moderate,lama__synthetic_degradation__synthetic_degradation__p001__water_stain__moderate,lama__synthetic_degradation__synthetic_degradation__p001__water_stain__moderate,synthetic_degradation__p001__water_stain__moderate,p001__water_stain__moderate,synthetic_degradation__p001__water_stain__moderate,synthetic_degradation,primary,p001,portrait_figure,Juan de Pareja,Diego Velázquez,Baroque,lama,,,,,content_region,509184,52,0,715,768,4540,False,> 127,8,alex,256,0.021966848522424698,0.022162053734064102,-0.0001952052116394043,0.07547519996296614,0.34231980005279183,2.0.0,restoration_eval.metrics_lpips,cuda,3.12.6,2.1.3,2.2.3,11.0.0,2.5.1+cu121,0.1.4,ok,
lama__synthetic_degradation__synthetic_degradation__p001__water_stain__moderate__mask_bbox_crop__lpips,lama__synthetic_degradation__synthetic_degradation__p001__water_stain__moderate,lama__synthetic_degradation__synthetic_degradation__p001__water_stain__moderate,lama__synthetic_degradation__synthetic_degradation__p001__water_stain__moderate,synthetic_degradation__p001__water_stain__moderate,p001__water_stain__moderate,synthetic_degradation__p001__water_stain__moderate,synthetic_degradation,primary,p001,portrait_figure,Juan de Pareja,Diego Velázquez,Baroque,lama,,,,,mask_bbox_crop,90000,359,116,659,416,4540,False,> 127,8,alex,256,0.04520479962229729,0.050022318959236145,-0.004817519336938858,0.03945939999539405,0.34231980005279183,2.0.0,restoration_eval.metrics_lpips,cuda,3.12.6,2.1.3,2.2.3,11.0.0,2.5.1+cu121,0.1.4,ok,
lama__synthetic_degradation__synthetic_degradation__p001__water_stain__severe__full_image__lpips,lama__synthetic_degradation__synthetic_degradation__p001__water_stain__severe,lama__synthetic_degradation__synthetic_degradation__p001__water_stain__severe,lama__synthetic_degradation__synthetic_degradation__p001__water_stain__severe,synthetic_degradation__p001__water_stain__severe,p001__water_stain__severe,synthetic_degradation__p001__water_stain__severe,synthetic_degradation,primary,p001,portrait_figure,Juan de Pareja,Diego Velázquez,Baroque,lama,,,,,full_image,589824,0,0,768,768,2745,False,> 127,8,alex,256,0.020661400631070137,0.023321541026234627,-0.0026601403951644897,0.07900220004376024,0.3510402999818325,2.0.0,restoration_eval.metrics_lpips,cuda,3.12.6,2.1.3,2.2.3,11.0.0,2.5.1+cu121,0.1.4,ok,
lama__synthetic_degradation__synthetic_degradation__p001__water_stain__severe__content_region__lpips,lama__synthetic_degradation__synthetic_degradation__p001__water_stain__severe,lama__synthetic_degradation__synthetic_degradation__p001__water_stain__severe,lama__synthetic_degradation__synthetic_degradation__p001__water_stain__severe,synthetic_degradation__p001__water_stain__severe,p001__water_stain__severe,synthetic_degradation__p001__water_stain__severe,synthetic_degradation,primary,p001,portrait_figure,Juan de Pareja,Diego Velázquez,Baroque,lama,,,,,content_region,509184,52,0,715,768,2745,False,> 127,8,alex,256,0.02484569139778614,0.027783559635281563,-0.0029378682374954224,0.06854609993752092,0.3510402999818325,2.0.0,restoration_eval.metrics_lpips,cuda,3.12.6,2.1.3,2.2.3,11.0.0,2.5.1+cu121,0.1.4,ok,
lama__synthetic_degradation__synthetic_degradation__p001__water_stain__severe__mask_bbox_crop__lpips,lama__synthetic_degradation__synthetic_degradation__p001__water_stain__severe,lama__synthetic_degradation__synthetic_degradation__p001__water_stain__severe,lama__synthetic_degradation__synthetic_degradation__p001__water_stain__severe,synthetic_degradation__p001__water_stain__severe,p001__water_stain__severe,synthetic_degradation__p001__water_stain__severe,synthetic_degradation,primary,p001,portrait_figure,Juan de Pareja,Diego Velázquez,Baroque,lama,,,,,mask_bbox_crop,14161,324,319,443,438,2745,False,> 127,8,alex,256,0.04255206882953644,0.13449478149414062,-0.09194271266460419,0.03509279992431402,0.3510402999818325,2.0.0,restoration_eval.metrics_lpips,cuda,3.12.6,2.1.3,2.2.3,11.0.0,2.5.1+cu121,0.1.4,ok,
lama__synthetic_degradation__synthetic_degradation__p001__water_stain_dirt__moderate__full_image__lpips,lama__synthetic_degradation__synthetic_degradation__p001__water_stain_dirt__moderate,lama__synthetic_degradation__synthetic_degradation__p001__water_stain_dirt__moderate,lama__synthetic_degradation__synthetic_degradation__p001__water_stain_dirt__moderate,synthetic_degradation__p001__water_stain_dirt__moderate,p001__water_stain_dirt__moderate,synthetic_degradation__p001__water_stain_dirt__moderate,synthetic_degradation,primary,p001,portrait_figure,Juan de Pareja,Diego Velázquez,Baroque,lama,,,,,full_image,589824,0,0,768,768,50320,False,> 127,8,alex,256,0.023505976423621178,0.04680147022008896,-0.02329549379646778,0.10086999996565282,0.4378207999980077,2.0.0,restoration_eval.metrics_lpips,cuda,3.12.6,2.1.3,2.2.3,11.0.0,2.5.1+cu121,0.1.4,ok,
lama__synthetic_degradation__synthetic_degradation__p001__water_stain_dirt__moderate__content_region__lpips,lama__synthetic_degradation__synthetic_degradation__p001__water_stain_dirt__moderate,lama__synthetic_degradation__synthetic_degradation__p001__water_stain_dirt__moderate,lama__synthetic_degradation__synthetic_degradation__p001__water_stain_dirt__moderate,synthetic_degradation__p001__water_stain_dirt__moderate,p001__water_stain_dirt__moderate,synthetic_degradation__p001__water_stain_dirt__moderate,synthetic_degradation,primary,p001,portrait_figure,Juan de Pareja,Diego Velázquez,Baroque,lama,,,,,content_region,509184,52,0,715,768,50320,False,> 127,8,alex,256,0.02371087856590748,0.05372178182005882,-0.030010903254151344,0.08908940001856536,0.4378207999980077,2.0.0,restoration_eval.metrics_lpips,cuda,3.12.6,2.1.3,2.2.3,11.0.0,2.5.1+cu121,0.1.4,ok,
lama__synthetic_degradation__synthetic_degradation__p001__water_stain_dirt__moderate__mask_bbox_crop__lpips,lama__synthetic_degradation__synthetic_degradation__p001__water_stain_dirt__moderate,lama__synthetic_degradation__synthetic_degradation__p001__water_stain_dirt__moderate,lama__synthetic_degradation__synthetic_degradation__p001__water_stain_dirt__moderate,synthetic_degradation__p001__water_stain_dirt__moderate,p001__water_stain_dirt__moderate,synthetic_degradation__p001__water_stain_dirt__moderate,synthetic_degradation,primary,p001,portrait_figure,Juan de Pareja,Diego Velázquez,Baroque,lama,,,,,mask_bbox_crop,390625,76,0,701,625,50320,False,> 127,8,alex,256,0.03211045637726784,0.06973493099212646,-0.03762447461485863,0.07927180000115186,0.4378207999980077,2.0.0,restoration_eval.metrics_lpips,cuda,3.12.6,2.1.3,2.2.3,11.0.0,2.5.1+cu121,0.1.4,ok,
lama__synthetic_degradation__synthetic_degradation__p018__dirt_dust__mild__full_image__lpips,lama__synthetic_degradation__synthetic_degradation__p018__dirt_dust__mild,lama__synthetic_degradation__synthetic_degradation__p018__dirt_dust__mild,lama__synthetic_degradation__synthetic_degradation__p018__dirt_dust__mild,synthetic_degradation__p018__dirt_dust__mild,p018__dirt_dust__mild,synthetic_degradation__p018__dirt_dust__mild,synthetic_degradation,primary,p018,landscape_natural,Classical Landscape with Figures,Henri Mauperché,,lama,,,,,full_image,589824,0,0,768,768,1309,False,> 127,8,alex,256,5.733470516133821e-07,5.736415187129751e-05,-5.6790804819684126e-05,0.07169929996598512,0.3325581999961287,2.0.0,restoration_eval.metrics_lpips,cuda,3.12.6,2.1.3,2.2.3,11.0.0,2.5.1+cu121,0.1.4,ok,
lama__synthetic_degradation__synthetic_degradation__p018__dirt_dust__mild__content_region__lpips,lama__synthetic_degradation__synthetic_degradation__p018__dirt_dust__mild,lama__synthetic_degradation__synthetic_degradation__p018__dirt_dust__mild,lama__synthetic_degradation__synthetic_degradation__p018__dirt_dust__mild,synthetic_degradation__p018__dirt_dust__mild,p018__dirt_dust__mild,synthetic_degradation__p018__dirt_dust__mild,synthetic_degradation,primary,p018,landscape_natural,Classical Landscape with Figures,Henri Mauperché,,lama,,,,,content_region,389376,0,130,768,637,1309,False,> 127,8,alex,256,1.3565365861722967e-06,0.00012131640687584877,-0.00011995987028967647,0.05489830009173602,0.3325581999961287,2.0.0,restoration_eval.metrics_lpips,cuda,3.12.6,2.1.3,2.2.3,11.0.0,2.5.1+cu121,0.1.4,ok,
lama__synthetic_degradation__synthetic_degradation__p018__dirt_dust__mild__mask_bbox_crop__lpips,lama__synthetic_degradation__synthetic_degradation__p018__dirt_dust__mild,lama__synthetic_degradation__synthetic_degradation__p018__dirt_dust__mild,lama__synthetic_degradation__synthetic_degradation__p018__dirt_dust__mild,synthetic_degradation__p018__dirt_dust__mild,p018__dirt_dust__mild,synthetic_degradation__p018__dirt_dust__mild,synthetic_degradation,primary,p018,landscape_natural,Classical Landscape with Figures,Henri Mauperché,,lama,,,,,mask_bbox_crop,583696,4,0,768,764,1309,False,> 127,8,alex,256,4.998979648007662e-07,5.249714740784839e-05,-5.199724944304762e-05,0.06576799997128546,0.3325581999961287,2.0.0,restoration_eval.metrics_lpips,cuda,3.12.6,2.1.3,2.2.3,11.0.0,2.5.1+cu121,0.1.4,ok,
lama__synthetic_degradation__synthetic_degradation__p018__dirt_dust__moderate__full_image__lpips,lama__synthetic_degradation__synthetic_degradation__p018__dirt_dust__moderate,lama__synthetic_degradation__synthetic_degradation__p018__dirt_dust__moderate,lama__synthetic_degradation__synthetic_degradation__p018__dirt_dust__moderate,synthetic_degradation__p018__dirt_dust__moderate,p018__dirt_dust__moderate,synthetic_degradation__p018__dirt_dust__moderate,synthetic_degradation,primary,p018,landscape_natural,Classical Landscape with Figures,Henri Mauperché,,lama,,,,,full_image,589824,0,0,768,768,4655,False,> 127,8,alex,256,4.117717617191374e-05,0.00027619171305559576,-0.000235014536883682,0.07582419994287193,0.35314060002565384,2.0.0,restoration_eval.metrics_lpips,cuda,3.12.6,2.1.3,2.2.3,11.0.0,2.5.1+cu121,0.1.4,ok,
lama__synthetic_degradation__synthetic_degradation__p018__dirt_dust__moderate__content_region__lpips,lama__synthetic_degradation__synthetic_degradation__p018__dirt_dust__moderate,lama__synthetic_degradation__synthetic_degradation__p018__dirt_dust__moderate,lama__synthetic_degradation__synthetic_degradation__p018__dirt_dust__moderate,synthetic_degradation__p018__dirt_dust__moderate,p018__dirt_dust__moderate,synthetic_degradation__p018__dirt_dust__moderate,synthetic_degradation,primary,p018,landscape_natural,Classical Landscape with Figures,Henri Mauperché,,lama,,,,,content_region,389376,0,130,768,637,4655,False,> 127,8,alex,256,6.0831880546174943e-05,0.0006316938670352101,-0.0005708619864890352,0.05841709999367595,0.35314060002565384,2.0.0,restoration_eval.metrics_lpips,cuda,3.12.6,2.1.3,2.2.3,11.0.0,2.5.1+cu121,0.1.4,ok,
lama__synthetic_degradation__synthetic_degradation__p018__dirt_dust__moderate__mask_bbox_crop__lpips,lama__synthetic_degradation__synthetic_degradation__p018__dirt_dust__moderate,lama__synthetic_degradation__synthetic_degradation__p018__dirt_dust__moderate,lama__synthetic_degradation__synthetic_degradation__p018__dirt_dust__moderate,synthetic_degradation__p018__dirt_dust__moderate,p018__dirt_dust__moderate,synthetic_degradation__p018__dirt_dust__moderate,synthetic_degradation,primary,p018,landscape_natural,Classical Landscape with Figures,Henri Mauperché,,lama,,,,,mask_bbox_crop,573049,11,8,768,765,4655,False,> 127,8,alex,256,3.8817524909973145e-05,0.0003748411836568266,-0.00033602365874685347,0.06733760004863143,0.35314060002565384,2.0.0,restoration_eval.metrics_lpips,cuda,3.12.6,2.1.3,2.2.3,11.0.0,2.5.1+cu121,0.1.4,ok,
lama__synthetic_degradation__synthetic_degradation__p018__dirt_dust__severe__full_image__lpips,lama__synthetic_degradation__synthetic_degradation__p018__dirt_dust__severe,lama__synthetic_degradation__synthetic_degradation__p018__dirt_dust__severe,lama__synthetic_degradation__synthetic_degradation__p018__dirt_dust__severe,synthetic_degradation__p018__dirt_dust__severe,p018__dirt_dust__severe,synthetic_degradation__p018__dirt_dust__severe,synthetic_degradation,primary,p018,landscape_natural,Classical Landscape with Figures,Henri Mauperché,,lama,,,,,full_image,589824,0,0,768,768,11404,False,> 127,8,alex,256,0.00030796369537711143,0.0013330380897969007,-0.0010250743944197893,0.06890300009399652,0.35115870006848127,2.0.0,restoration_eval.metrics_lpips,cuda,3.12.6,2.1.3,2.2.3,11.0.0,2.5.1+cu121,0.1.4,ok,
lama__synthetic_degradation__synthetic_degradation__p018__dirt_dust__severe__content_region__lpips,lama__synthetic_degradation__synthetic_degradation__p018__dirt_dust__severe,lama__synthetic_degradation__synthetic_degradation__p018__dirt_dust__severe,lama__synthetic_degradation__synthetic_degradation__p018__dirt_dust__severe,synthetic_degradation__p018__dirt_dust__severe,p018__dirt_dust__severe,synthetic_degradation__p018__dirt_dust__severe,synthetic_degradation,primary,p018,landscape_natural,Classical Landscape with Figures,Henri Mauperché,,lama,,,,,content_region,389376,0,130,768,637,11404,False,> 127,8,alex,256,0.0007778991712257266,0.0029174955561757088,-0.002139596384949982,0.05199339997489005,0.35115870006848127,2.0.0,restoration_eval.metrics_lpips,cuda,3.12.6,2.1.3,2.2.3,11.0.0,2.5.1+cu121,0.1.4,ok,
lama__synthetic_degradation__synthetic_degradation__p018__dirt_dust__severe__mask_bbox_crop__lpips,lama__synthetic_degradation__synthetic_degradation__p018__dirt_dust__severe,lama__synthetic_degradation__synthetic_degradation__p018__dirt_dust__severe,lama__synthetic_degradation__synthetic_degradation__p018__dirt_dust__severe,synthetic_degradation__p018__dirt_dust__severe,p018__dirt_dust__severe,synthetic_degradation__p018__dirt_dust__severe,synthetic_degradation,primary,p018,landscape_natural,Classical Landscape with Figures,Henri Mauperché,,lama,,,,,mask_bbox_crop,585225,0,3,765,768,11404,False,> 127,8,alex,256,0.00034717877861112356,0.0013557630591094494,-0.0010085842804983258,0.07541640009731054,0.35115870006848127,2.0.0,restoration_eval.metrics_lpips,cuda,3.12.6,2.1.3,2.2.3,11.0.0,2.5.1+cu121,0.1.4,ok,
lama__synthetic_degradation__synthetic_degradation__p018__partial_transparency__mild__full_image__lpips,lama__synthetic_degradation__synthetic_degradation__p018__partial_transparency__mild,lama__synthetic_degradation__synthetic_degradation__p018__partial_transparency__mild,lama__synthetic_degradation__synthetic_degradation__p018__partial_transparency__mild,synthetic_degradation__p018__partial_transparency__mild,p018__partial_transparency__mild,synthetic_degradation__p018__partial_transparency__mild,synthetic_degradation,primary,p018,landscape_natural,Classical Landscape with Figures,Henri Mauperché,,lama,,,,,full_image,589824,0,0,768,768,23341,False,> 127,8,alex,256,0.0014164336025714874,0.011563261970877647,-0.01014682836830616,0.07826979993842542,0.3544695000164211,2.0.0,restoration_eval.metrics_lpips,cuda,3.12.6,2.1.3,2.2.3,11.0.0,2.5.1+cu121,0.1.4,ok,
lama__synthetic_degradation__synthetic_degradation__p018__partial_transparency__mild__content_region__lpips,lama__synthetic_degradation__synthetic_degradation__p018__partial_transparency__mild,lama__synthetic_degradation__synthetic_degradation__p018__partial_transparency__mild,lama__synthetic_degradation__synthetic_degradation__p018__partial_transparency__mild,synthetic_degradation__p018__partial_transparency__mild,p018__partial_transparency__mild,synthetic_degradation__p018__partial_transparency__mild,synthetic_degradation,primary,p018,landscape_natural,Classical Landscape with Figures,Henri Mauperché,,lama,,,,,content_region,389376,0,130,768,637,23341,False,> 127,8,alex,256,0.0019178763031959534,0.022955600172281265,-0.021037723869085312,0.06193960004020482,0.3544695000164211,2.0.0,restoration_eval.metrics_lpips,cuda,3.12.6,2.1.3,2.2.3,11.0.0,2.5.1+cu121,0.1.4,ok,
lama__synthetic_degradation__synthetic_degradation__p018__partial_transparency__mild__mask_bbox_crop__lpips,lama__synthetic_degradation__synthetic_degradation__p018__partial_transparency__mild,lama__synthetic_degradation__synthetic_degradation__p018__partial_transparency__mild,lama__synthetic_degradation__synthetic_degradation__p018__partial_transparency__mild,synthetic_degradation__p018__partial_transparency__mild,p018__partial_transparency__mild,synthetic_degradation__p018__partial_transparency__mild,synthetic_degradation,primary,p018,landscape_natural,Classical Landscape with Figures,Henri Mauperché,,lama,,,,,mask_bbox_crop,315844,42,138,604,700,23341,False,> 127,8,alex,256,0.00221057771705091,0.030276238918304443,-0.028065661201253533,0.0526588000357151,0.3544695000164211,2.0.0,restoration_eval.metrics_lpips,cuda,3.12.6,2.1.3,2.2.3,11.0.0,2.5.1+cu121,0.1.4,ok,
lama__synthetic_degradation__synthetic_degradation__p018__partial_transparency__moderate__full_image__lpips,lama__synthetic_degradation__synthetic_degradation__p018__partial_transparency__moderate,lama__synthetic_degradation__synthetic_degradation__p018__partial_transparency__moderate,lama__synthetic_degradation__synthetic_degradation__p018__partial_transparency__moderate,synthetic_degradation__p018__partial_transparency__moderate,p018__partial_transparency__moderate,synthetic_degradation__p018__partial_transparency__moderate,synthetic_degradation,primary,p018,landscape_natural,Classical Landscape with Figures,Henri Mauperché,,lama,,,,,full_image,589824,0,0,768,768,67754,False,> 127,8,alex,256,0.007805132307112217,0.06515763700008392,-0.057352504692971706,0.0783244000049308,0.36533940001390874,2.0.0,restoration_eval.metrics_lpips,cuda,3.12.6,2.1.3,2.2.3,11.0.0,2.5.1+cu121,0.1.4,ok,
lama__synthetic_degradation__synthetic_degradation__p018__partial_transparency__moderate__content_region__lpips,lama__synthetic_degradation__synthetic_degradation__p018__partial_transparency__moderate,lama__synthetic_degradation__synthetic_degradation__p018__partial_transparency__moderate,lama__synthetic_degradation__synthetic_degradation__p018__partial_transparency__moderate,synthetic_degradation__p018__partial_transparency__moderate,p018__partial_transparency__moderate,synthetic_degradation__p018__partial_transparency__moderate,synthetic_degradation,primary,p018,landscape_natural,Classical Landscape with Figures,Henri Mauperché,,lama,,,,,content_region,389376,0,130,768,637,67754,False,> 127,8,alex,256,0.012099938467144966,0.10896100848913193,-0.09686107002198696,0.061842399998568,0.36533940001390874,2.0.0,restoration_eval.metrics_lpips,cuda,3.12.6,2.1.3,2.2.3,11.0.0,2.5.1+cu121,0.1.4,ok,
lama__synthetic_degradation__synthetic_degradation__p018__partial_transparency__moderate__mask_bbox_crop__lpips,lama__synthetic_degradation__synthetic_degradation__p018__partial_transparency__moderate,lama__synthetic_degradation__synthetic_degradation__p018__partial_transparency__moderate,lama__synthetic_degradation__synthetic_degradation__p018__partial_transparency__moderate,synthetic_degradation__p018__partial_transparency__moderate,p018__partial_transparency__moderate,synthetic_degradation__p018__partial_transparency__moderate,synthetic_degradation,primary,p018,landscape_natural,Classical Landscape with Figures,Henri Mauperché,,lama,,,,,mask_bbox_crop,326041,74,67,645,638,67754,False,> 127,8,alex,256,0.01082997489720583,0.1107940748333931,-0.09996409993618727,0.053762600058689713,0.36533940001390874,2.0.0,restoration_eval.metrics_lpips,cuda,3.12.6,2.1.3,2.2.3,11.0.0,2.5.1+cu121,0.1.4,ok,
lama__synthetic_degradation__synthetic_degradation__p018__partial_transparency__severe__full_image__lpips,lama__synthetic_degradation__synthetic_degradation__p018__partial_transparency__severe,lama__synthetic_degradation__synthetic_degradation__p018__partial_transparency__severe,lama__synthetic_degradation__synthetic_degradation__p018__partial_transparency__severe,synthetic_degradation__p018__partial_transparency__severe,p018__partial_transparency__severe,synthetic_degradation__p018__partial_transparency__severe,synthetic_degradation,primary,p018,landscape_natural,Classical Landscape with Figures,Henri Mauperché,,lama,,,,,full_image,589824,0,0,768,768,169410,False,> 127,8,alex,256,0.02931118756532669,0.17521469295024872,-0.14590350538492203,0.0793347000144422,0.3827151999576017,2.0.0,restoration_eval.metrics_lpips,cuda,3.12.6,2.1.3,2.2.3,11.0.0,2.5.1+cu121,0.1.4,ok,
lama__synthetic_degradation__synthetic_degradation__p018__partial_transparency__severe__content_region__lpips,lama__synthetic_degradation__synthetic_degradation__p018__partial_transparency__severe,lama__synthetic_degradation__synthetic_degradation__p018__partial_transparency__severe,lama__synthetic_degradation__synthetic_degradation__p018__partial_transparency__severe,synthetic_degradation__p018__partial_transparency__severe,p018__partial_transparency__severe,synthetic_degradation__p018__partial_transparency__severe,synthetic_degradation,primary,p018,landscape_natural,Classical Landscape with Figures,Henri Mauperché,,lama,,,,,content_region,389376,0,130,768,637,169410,False,> 127,8,alex,256,0.04158656299114227,0.27515900135040283,-0.23357243835926056,0.067190199973993,0.3827151999576017,2.0.0,restoration_eval.metrics_lpips,cuda,3.12.6,2.1.3,2.2.3,11.0.0,2.5.1+cu121,0.1.4,ok,
lama__synthetic_degradation__synthetic_degradation__p018__partial_transparency__severe__mask_bbox_crop__lpips,lama__synthetic_degradation__synthetic_degradation__p018__partial_transparency__severe,lama__synthetic_degradation__synthetic_degradation__p018__partial_transparency__severe,lama__synthetic_degradation__synthetic_degradation__p018__partial_transparency__severe,synthetic_degradation__p018__partial_transparency__severe,p018__partial_transparency__severe,synthetic_degradation__p018__partial_transparency__severe,synthetic_degradation,primary,p018,landscape_natural,Classical Landscape with Figures,Henri Mauperché,,lama,,,,,mask_bbox_crop,265225,153,140,668,655,169410,False,> 127,8,alex,256,0.049984291195869446,0.38592249155044556,-0.3359382003545761,0.06049720000009984,0.3827151999576017,2.0.0,restoration_eval.metrics_lpips,cuda,3.12.6,2.1.3,2.2.3,11.0.0,2.5.1+cu121,0.1.4,ok,
lama__synthetic_degradation__synthetic_degradation__p018__water_stain__mild__full_image__lpips,lama__synthetic_degradation__synthetic_degradation__p018__water_stain__mild,lama__synthetic_degradation__synthetic_degradation__p018__water_stain__mild,lama__synthetic_degradation__synthetic_degradation__p018__water_stain__mild,synthetic_degradation__p018__water_stain__mild,p018__water_stain__mild,synthetic_degradation__p018__water_stain__mild,synthetic_degradation,primary,p018,landscape_natural,Classical Landscape with Figures,Henri Mauperché,,lama,,,,,full_image,589824,0,0,768,768,39028,False,> 127,8,alex,256,0.0011250434909015894,0.029812034219503403,-0.028686990728601813,0.07496539992280304,0.3580159000121057,2.0.0,restoration_eval.metrics_lpips,cuda,3.12.6,2.1.3,2.2.3,11.0.0,2.5.1+cu121,0.1.4,ok,
lama__synthetic_degradation__synthetic_degradation__p018__water_stain__mild__content_region__lpips,lama__synthetic_degradation__synthetic_degradation__p018__water_stain__mild,lama__synthetic_degradation__synthetic_degradation__p018__water_stain__mild,lama__synthetic_degradation__synthetic_degradation__p018__water_stain__mild,synthetic_degradation__p018__water_stain__mild,p018__water_stain__mild,synthetic_degradation__p018__water_stain__mild,synthetic_degradation,primary,p018,landscape_natural,Classical Landscape with Figures,Henri Mauperché,,lama,,,,,content_region,389376,0,130,768,637,39028,False,> 127,8,alex,256,0.0017845300026237965,0.04447378218173981,-0.04268925217911601,0.0682734000729397,0.3580159000121057,2.0.0,restoration_eval.metrics_lpips,cuda,3.12.6,2.1.3,2.2.3,11.0.0,2.5.1+cu121,0.1.4,ok,
lama__synthetic_degradation__synthetic_degradation__p018__water_stain__mild__mask_bbox_crop__lpips,lama__synthetic_degradation__synthetic_degradation__p018__water_stain__mild,lama__synthetic_degradation__synthetic_degradation__p018__water_stain__mild,lama__synthetic_degradation__synthetic_degradation__p018__water_stain__mild,synthetic_degradation__p018__water_stain__mild,p018__water_stain__mild,synthetic_degradation__p018__water_stain__mild,synthetic_degradation,primary,p018,landscape_natural,Classical Landscape with Figures,Henri Mauperché,,lama,,,,,mask_bbox_crop,123904,249,63,601,415,39028,False,> 127,8,alex,256,0.0038752160035073757,0.13822440803050995,-0.13434919202700257,0.050883500021882355,0.3580159000121057,2.0.0,restoration_eval.metrics_lpips,cuda,3.12.6,2.1.3,2.2.3,11.0.0,2.5.1+cu121,0.1.4,ok,
lama__synthetic_degradation__synthetic_degradation__p018__water_stain__moderate__full_image__lpips,lama__synthetic_degradation__synthetic_degradation__p018__water_stain__moderate,lama__synthetic_degradation__synthetic_degradation__p018__water_stain__moderate,lama__synthetic_degradation__synthetic_degradation__p018__water_stain__moderate,synthetic_degradation__p018__water_stain__moderate,p018__water_stain__moderate,synthetic_degradation__p018__water_stain__moderate,synthetic_degradation,primary,p018,landscape_natural,Classical Landscape with Figures,Henri Mauperché,,lama,,,,,full_image,589824,0,0,768,768,6104,False,> 127,8,alex,256,0.0025397136341780424,0.0035216452088207006,-0.0009819315746426582,0.09091909998096526,0.34149799996521324,2.0.0,restoration_eval.metrics_lpips,cuda,3.12.6,2.1.3,2.2.3,11.0.0,2.5.1+cu121,0.1.4,ok,
lama__synthetic_degradation__synthetic_degradation__p018__water_stain__moderate__content_region__lpips,lama__synthetic_degradation__synthetic_degradation__p018__water_stain__moderate,lama__synthetic_degradation__synthetic_degradation__p018__water_stain__moderate,lama__synthetic_degradation__synthetic_degradation__p018__water_stain__moderate,synthetic_degradation__p018__water_stain__moderate,p018__water_stain__moderate,synthetic_degradation__p018__water_stain__moderate,synthetic_degradation,primary,p018,landscape_natural,Classical Landscape with Figures,Henri Mauperché,,lama,,,,,content_region,389376,0,130,768,637,6104,False,> 127,8,alex,256,0.003628392471000552,0.005772077478468418,-0.002143685007467866,0.06001260003540665,0.34149799996521324,2.0.0,restoration_eval.metrics_lpips,cuda,3.12.6,2.1.3,2.2.3,11.0.0,2.5.1+cu121,0.1.4,ok,
lama__synthetic_degradation__synthetic_degradation__p018__water_stain__moderate__mask_bbox_crop__lpips,lama__synthetic_degradation__synthetic_degradation__p018__water_stain__moderate,lama__synthetic_degradation__synthetic_degradation__p018__water_stain__moderate,lama__synthetic_degradation__synthetic_degradation__p018__water_stain__moderate,synthetic_degradation__p018__water_stain__moderate,p018__water_stain__moderate,synthetic_degradation__p018__water_stain__moderate,synthetic_degradation,primary,p018,landscape_natural,Classical Landscape with Figures,Henri Mauperché,,lama,,,,,mask_bbox_crop,112225,410,163,745,498,6104,False,> 127,8,alex,256,0.009864088147878647,0.02278847061097622,-0.012924382463097572,0.04309280007146299,0.34149799996521324,2.0.0,restoration_eval.metrics_lpips,cuda,3.12.6,2.1.3,2.2.3,11.0.0,2.5.1+cu121,0.1.4,ok,
lama__synthetic_degradation__synthetic_degradation__p018__water_stain__severe__full_image__lpips,lama__synthetic_degradation__synthetic_degradation__p018__water_stain__severe,lama__synthetic_degradation__synthetic_degradation__p018__water_stain__severe,lama__synthetic_degradation__synthetic_degradation__p018__water_stain__severe,synthetic_degradation__p018__water_stain__severe,p018__water_stain__severe,synthetic_degradation__p018__water_stain__severe,synthetic_degradation,primary,p018,landscape_natural,Classical Landscape with Figures,Henri Mauperché,,lama,,,,,full_image,589824,0,0,768,768,19426,False,> 127,8,alex,256,0.00344216194935143,0.007410604506731033,-0.003968442557379603,0.07521809998434037,0.3333335999632254,2.0.0,restoration_eval.metrics_lpips,cuda,3.12.6,2.1.3,2.2.3,11.0.0,2.5.1+cu121,0.1.4,ok,
lama__synthetic_degradation__synthetic_degradation__p018__water_stain__severe__content_region__lpips,lama__synthetic_degradation__synthetic_degradation__p018__water_stain__severe,lama__synthetic_degradation__synthetic_degradation__p018__water_stain__severe,lama__synthetic_degradation__synthetic_degradation__p018__water_stain__severe,synthetic_degradation__p018__water_stain__severe,p018__water_stain__severe,synthetic_degradation__p018__water_stain__severe,synthetic_degradation,primary,p018,landscape_natural,Classical Landscape with Figures,Henri Mauperché,,lama,,,,,content_region,389376,0,130,768,637,19426,False,> 127,8,alex,256,0.005851892288774252,0.0130307637155056,-0.007178871426731348,0.06292430008761585,0.3333335999632254,2.0.0,restoration_eval.metrics_lpips,cuda,3.12.6,2.1.3,2.2.3,11.0.0,2.5.1+cu121,0.1.4,ok,
lama__synthetic_degradation__synthetic_degradation__p018__water_stain__severe__mask_bbox_crop__lpips,lama__synthetic_degradation__synthetic_degradation__p018__water_stain__severe,lama__synthetic_degradation__synthetic_degradation__p018__water_stain__severe,lama__synthetic_degradation__synthetic_degradation__p018__water_stain__severe,synthetic_degradation__p018__water_stain__severe,p018__water_stain__severe,synthetic_degradation__p018__water_stain__severe,synthetic_degradation,primary,p018,landscape_natural,Classical Landscape with Figures,Henri Mauperché,,lama,,,,,mask_bbox_crop,76729,201,398,478,675,19426,False,> 127,8,alex,256,0.014001977629959583,0.0736083909869194,-0.05960641335695982,0.03542349999770522,0.3333335999632254,2.0.0,restoration_eval.metrics_lpips,cuda,3.12.6,2.1.3,2.2.3,11.0.0,2.5.1+cu121,0.1.4,ok,
lama__synthetic_degradation__synthetic_degradation__p018__water_stain_dirt__moderate__full_image__lpips,lama__synthetic_degradation__synthetic_degradation__p018__water_stain_dirt__moderate,lama__synthetic_degradation__synthetic_degradation__p018__water_stain_dirt__moderate,lama__synthetic_degradation__synthetic_degradation__p018__water_stain_dirt__moderate,synthetic_degradation__p018__water_stain_dirt__moderate,p018__water_stain_dirt__moderate,synthetic_degradation__p018__water_stain_dirt__moderate,synthetic_degradation,primary,p018,landscape_natural,Classical Landscape with Figures,Henri Mauperché,,lama,,,,,full_image,589824,0,0,768,768,27569,False,> 127,8,alex,256,0.003304838901385665,0.016418933868408203,-0.013114094967022538,0.0780619999859482,0.35339269996620715,2.0.0,restoration_eval.metrics_lpips,cuda,3.12.6,2.1.3,2.2.3,11.0.0,2.5.1+cu121,0.1.4,ok,
lama__synthetic_degradation__synthetic_degradation__p018__water_stain_dirt__moderate__content_region__lpips,lama__synthetic_degradation__synthetic_degradation__p018__water_stain_dirt__moderate,lama__synthetic_degradation__synthetic_degradation__p018__water_stain_dirt__moderate,lama__synthetic_degradation__synthetic_degradation__p018__water_stain_dirt__moderate,synthetic_degradation__p018__water_stain_dirt__moderate,p018__water_stain_dirt__moderate,synthetic_degradation__p018__water_stain_dirt__moderate,synthetic_degradation,primary,p018,landscape_natural,Classical Landscape with Figures,Henri Mauperché,,lama,,,,,content_region,389376,0,130,768,637,27569,False,> 127,8,alex,256,0.005438895896077156,0.03269451484084129,-0.027255618944764137,0.09256500005722046,0.35339269996620715,2.0.0,restoration_eval.metrics_lpips,cuda,3.12.6,2.1.3,2.2.3,11.0.0,2.5.1+cu121,0.1.4,ok,
lama__synthetic_degradation__synthetic_degradation__p018__water_stain_dirt__moderate__mask_bbox_crop__lpips,lama__synthetic_degradation__synthetic_degradation__p018__water_stain_dirt__moderate,lama__synthetic_degradation__synthetic_degradation__p018__water_stain_dirt__moderate,lama__synthetic_degradation__synthetic_degradation__p018__water_stain_dirt__moderate,synthetic_degradation__p018__water_stain_dirt__moderate,p018__water_stain_dirt__moderate,synthetic_degradation__p018__water_stain_dirt__moderate,synthetic_degradation,primary,p018,landscape_natural,Classical Landscape with Figures,Henri Mauperché,,lama,,,,,mask_bbox_crop,111556,55,256,389,590,27569,False,> 127,8,alex,256,0.019694402813911438,0.1337912380695343,-0.11409683525562286,0.04358030005823821,0.35339269996620715,2.0.0,restoration_eval.metrics_lpips,cuda,3.12.6,2.1.3,2.2.3,11.0.0,2.5.1+cu121,0.1.4,ok,
lama__synthetic_degradation__synthetic_degradation__p026__dirt_dust__mild__full_image__lpips,lama__synthetic_degradation__synthetic_degradation__p026__dirt_dust__mild,lama__synthetic_degradation__synthetic_degradation__p026__dirt_dust__mild,lama__synthetic_degradation__synthetic_degradation__p026__dirt_dust__mild,synthetic_degradation__p026__dirt_dust__mild,p026__dirt_dust__mild,synthetic_degradation__p026__dirt_dust__mild,synthetic_degradation,primary,p026,architecture_structured,View of a Village along a River,attributed to Jan Brueghel I,,lama,,,,,full_image,589824,0,0,768,768,1076,False,> 127,8,alex,256,3.1187028071144596e-06,0.00026392436120659113,-0.00026080565839947667,0.06630319997202605,0.3503671999787912,2.0.0,restoration_eval.metrics_lpips,cuda,3.12.6,2.1.3,2.2.3,11.0.0,2.5.1+cu121,0.1.4,ok,
lama__synthetic_degradation__synthetic_degradation__p026__dirt_dust__mild__content_region__lpips,lama__synthetic_degradation__synthetic_degradation__p026__dirt_dust__mild,lama__synthetic_degradation__synthetic_degradation__p026__dirt_dust__mild,lama__synthetic_degradation__synthetic_degradation__p026__dirt_dust__mild,synthetic_degradation__p026__dirt_dust__mild,p026__dirt_dust__mild,synthetic_degradation__p026__dirt_dust__mild,synthetic_degradation,primary,p026,architecture_structured,View of a Village along a River,attributed to Jan Brueghel I,,lama,,,,,content_region,406272,0,119,768,648,1076,False,> 127,8,alex,256,5.9428493841551244e-06,0.0003833869704976678,-0.00037744412111351267,0.05435069999657571,0.3503671999787912,2.0.0,restoration_eval.metrics_lpips,cuda,3.12.6,2.1.3,2.2.3,11.0.0,2.5.1+cu121,0.1.4,ok,
lama__synthetic_degradation__synthetic_degradation__p026__dirt_dust__mild__mask_bbox_crop__lpips,lama__synthetic_degradation__synthetic_degradation__p026__dirt_dust__mild,lama__synthetic_degradation__synthetic_degradation__p026__dirt_dust__mild,lama__synthetic_degradation__synthetic_degradation__p026__dirt_dust__mild,synthetic_degradation__p026__dirt_dust__mild,p026__dirt_dust__mild,synthetic_degradation__p026__dirt_dust__mild,synthetic_degradation,primary,p026,architecture_structured,View of a Village along a River,attributed to Jan Brueghel I,,lama,,,,,mask_bbox_crop,546121,0,15,739,754,1076,False,> 127,8,alex,256,2.750906560322619e-06,0.000347243738360703,-0.00034449283180038037,0.06396389997098595,0.3503671999787912,2.0.0,restoration_eval.metrics_lpips,cuda,3.12.6,2.1.3,2.2.3,11.0.0,2.5.1+cu121,0.1.4,ok,
lama__synthetic_degradation__synthetic_degradation__p026__dirt_dust__moderate__full_image__lpips,lama__synthetic_degradation__synthetic_degradation__p026__dirt_dust__moderate,lama__synthetic_degradation__synthetic_degradation__p026__dirt_dust__moderate,lama__synthetic_degradation__synthetic_degradation__p026__dirt_dust__moderate,synthetic_degradation__p026__dirt_dust__moderate,p026__dirt_dust__moderate,synthetic_degradation__p026__dirt_dust__moderate,synthetic_degradation,primary,p026,architecture_structured,View of a Village along a River,attributed to Jan Brueghel I,,lama,,,,,full_image,589824,0,0,768,768,3983,False,> 127,8,alex,256,8.066962618613616e-05,0.0006610454292967916,-0.0005803758031106554,0.06845569994766265,0.3668492999859154,2.0.0,restoration_eval.metrics_lpips,cuda,3.12.6,2.1.3,2.2.3,11.0.0,2.5.1+cu121,0.1.4,ok,
lama__synthetic_degradation__synthetic_degradation__p026__dirt_dust__moderate__content_region__lpips,lama__synthetic_degradation__synthetic_degradation__p026__dirt_dust__moderate,lama__synthetic_degradation__synthetic_degradation__p026__dirt_dust__moderate,lama__synthetic_degradation__synthetic_degradation__p026__dirt_dust__moderate,synthetic_degradation__p026__dirt_dust__moderate,p026__dirt_dust__moderate,synthetic_degradation__p026__dirt_dust__moderate,synthetic_degradation,primary,p026,architecture_structured,View of a Village along a River,attributed to Jan Brueghel I,,lama,,,,,content_region,406272,0,119,768,648,3983,False,> 127,8,alex,256,0.00013884685176890343,0.0010038100881502032,-0.0008649632363812998,0.06031359999906272,0.3668492999859154,2.0.0,restoration_eval.metrics_lpips,cuda,3.12.6,2.1.3,2.2.3,11.0.0,2.5.1+cu121,0.1.4,ok,
lama__synthetic_degradation__synthetic_degradation__p026__dirt_dust__moderate__mask_bbox_crop__lpips,lama__synthetic_degradation__synthetic_degradation__p026__dirt_dust__moderate,lama__synthetic_degradation__synthetic_degradation__p026__dirt_dust__moderate,lama__synthetic_degradation__synthetic_degradation__p026__dirt_dust__moderate,synthetic_degradation__p026__dirt_dust__moderate,p026__dirt_dust__moderate,synthetic_degradation__p026__dirt_dust__moderate,synthetic_degradation,primary,p026,architecture_structured,View of a Village along a River,attributed to Jan Brueghel I,,lama,,,,,mask_bbox_crop,576081,0,3,759,762,3983,False,> 127,8,alex,256,8.537241956219077e-05,0.0006371557828970253,-0.0005517833633348346,0.07055880001280457,0.3668492999859154,2.0.0,restoration_eval.metrics_lpips,cuda,3.12.6,2.1.3,2.2.3,11.0.0,2.5.1+cu121,0.1.4,ok,
lama__synthetic_degradation__synthetic_degradation__p026__dirt_dust__severe__full_image__lpips,lama__synthetic_degradation__synthetic_degradation__p026__dirt_dust__severe,lama__synthetic_degradation__synthetic_degradation__p026__dirt_dust__severe,lama__synthetic_degradation__synthetic_degradation__p026__dirt_dust__severe,synthetic_degradation__p026__dirt_dust__severe,p026__dirt_dust__severe,synthetic_degradation__p026__dirt_dust__severe,synthetic_degradation,primary,p026,architecture_structured,View of a Village along a River,attributed to Jan Brueghel I,,lama,,,,,full_image,589824,0,0,768,768,12702,False,> 127,8,alex,256,0.0013759981375187635,0.003528654109686613,-0.0021526559721678495,0.06610599998384714,0.340126600000076,2.0.0,restoration_eval.metrics_lpips,cuda,3.12.6,2.1.3,2.2.3,11.0.0,2.5.1+cu121,0.1.4,ok,
lama__synthetic_degradation__synthetic_degradation__p026__dirt_dust__severe__content_region__lpips,lama__synthetic_degradation__synthetic_degradation__p026__dirt_dust__severe,lama__synthetic_degradation__synthetic_degradation__p026__dirt_dust__severe,lama__synthetic_degradation__synthetic_degradation__p026__dirt_dust__severe,synthetic_degradation__p026__dirt_dust__severe,p026__dirt_dust__severe,synthetic_degradation__p026__dirt_dust__severe,synthetic_degradation,primary,p026,architecture_structured,View of a Village along a River,attributed to Jan Brueghel I,,lama,,,,,content_region,406272,0,119,768,648,12702,False,> 127,8,alex,256,0.00212228880263865,0.006231432780623436,-0.004109143977984786,0.05208529997617006,0.340126600000076,2.0.0,restoration_eval.metrics_lpips,cuda,3.12.6,2.1.3,2.2.3,11.0.0,2.5.1+cu121,0.1.4,ok,
lama__synthetic_degradation__synthetic_degradation__p026__dirt_dust__severe__mask_bbox_crop__lpips,lama__synthetic_degradation__synthetic_degradation__p026__dirt_dust__severe,lama__synthetic_degradation__synthetic_degradation__p026__dirt_dust__severe,lama__synthetic_degradation__synthetic_degradation__p026__dirt_dust__severe,synthetic_degradation__p026__dirt_dust__severe,p026__dirt_dust__severe,synthetic_degradation__p026__dirt_dust__severe,synthetic_degradation,primary,p026,architecture_structured,View of a Village along a River,attributed to Jan Brueghel I,,lama,,,,,mask_bbox_crop,589824,0,0,768,768,12702,False,> 127,8,alex,256,0.0013759981375187635,0.003528654109686613,-0.0021526559721678495,0.0680790999904275,0.340126600000076,2.0.0,restoration_eval.metrics_lpips,cuda,3.12.6,2.1.3,2.2.3,11.0.0,2.5.1+cu121,0.1.4,ok,
lama__synthetic_degradation__synthetic_degradation__p026__partial_transparency__mild__full_image__lpips,lama__synthetic_degradation__synthetic_degradation__p026__partial_transparency__mild,lama__synthetic_degradation__synthetic_degradation__p026__partial_transparency__mild,lama__synthetic_degradation__synthetic_degradation__p026__partial_transparency__mild,synthetic_degradation__p026__partial_transparency__mild,p026__partial_transparency__mild,synthetic_degradation__p026__partial_transparency__mild,synthetic_degradation,primary,p026,architecture_structured,View of a Village along a River,attributed to Jan Brueghel I,,lama,,,,,full_image,589824,0,0,768,768,18081,False,> 127,8,alex,256,0.0007488370756618679,0.011419538408517838,-0.01067070133285597,0.06772349996026605,0.3086698000552133,2.0.0,restoration_eval.metrics_lpips,cuda,3.12.6,2.1.3,2.2.3,11.0.0,2.5.1+cu121,0.1.4,ok,
lama__synthetic_degradation__synthetic_degradation__p026__partial_transparency__mild__content_region__lpips,lama__synthetic_degradation__synthetic_degradation__p026__partial_transparency__mild,lama__synthetic_degradation__synthetic_degradation__p026__partial_transparency__mild,lama__synthetic_degradation__synthetic_degradation__p026__partial_transparency__mild,synthetic_degradation__p026__partial_transparency__mild,p026__partial_transparency__mild,synthetic_degradation__p026__partial_transparency__mild,synthetic_degradation,primary,p026,architecture_structured,View of a Village along a River,attributed to Jan Brueghel I,,lama,,,,,content_region,406272,0,119,768,648,18081,False,> 127,8,alex,256,0.0006914826226420701,0.015267912298440933,-0.014576429675798863,0.05347150005400181,0.3086698000552133,2.0.0,restoration_eval.metrics_lpips,cuda,3.12.6,2.1.3,2.2.3,11.0.0,2.5.1+cu121,0.1.4,ok,
lama__synthetic_degradation__synthetic_degradation__p026__partial_transparency__mild__mask_bbox_crop__lpips,lama__synthetic_degradation__synthetic_degradation__p026__partial_transparency__mild,lama__synthetic_degradation__synthetic_degradation__p026__partial_transparency__mild,lama__synthetic_degradation__synthetic_degradation__p026__partial_transparency__mild,synthetic_degradation__p026__partial_transparency__mild,p026__partial_transparency__mild,synthetic_degradation__p026__partial_transparency__mild,synthetic_degradation,primary,p026,architecture_structured,View of a Village along a River,attributed to Jan Brueghel I,,lama,,,,,mask_bbox_crop,51076,357,216,583,442,18081,False,> 127,8,alex,256,0.002667164895683527,0.11121560633182526,-0.10854844143614173,0.02914170001167804,0.3086698000552133,2.0.0,restoration_eval.metrics_lpips,cuda,3.12.6,2.1.3,2.2.3,11.0.0,2.5.1+cu121,0.1.4,ok,
lama__synthetic_degradation__synthetic_degradation__p026__partial_transparency__moderate__full_image__lpips,lama__synthetic_degradation__synthetic_degradation__p026__partial_transparency__moderate,lama__synthetic_degradation__synthetic_degradation__p026__partial_transparency__moderate,lama__synthetic_degradation__synthetic_degradation__p026__partial_transparency__moderate,synthetic_degradation__p026__partial_transparency__moderate,p026__partial_transparency__moderate,synthetic_degradation__p026__partial_transparency__moderate,synthetic_degradation,primary,p026,architecture_structured,View of a Village along a River,attributed to Jan Brueghel I,,lama,,,,,full_image,589824,0,0,768,768,35610,False,> 127,8,alex,256,0.004312619566917419,0.01915532350540161,-0.014842703938484192,0.06496139999944717,0.32738190004602075,2.0.0,restoration_eval.metrics_lpips,cuda,3.12.6,2.1.3,2.2.3,11.0.0,2.5.1+cu121,0.1.4,ok,
lama__synthetic_degradation__synthetic_degradation__p026__partial_transparency__moderate__content_region__lpips,lama__synthetic_degradation__synthetic_degradation__p026__partial_transparency__moderate,lama__synthetic_degradation__synthetic_degradation__p026__partial_transparency__moderate,lama__synthetic_degradation__synthetic_degradation__p026__partial_transparency__moderate,synthetic_degradation__p026__partial_transparency__moderate,p026__partial_transparency__moderate,synthetic_degradation__p026__partial_transparency__moderate,synthetic_degradation,primary,p026,architecture_structured,View of a Village along a River,attributed to Jan Brueghel I,,lama,,,,,content_region,406272,0,119,768,648,35610,False,> 127,8,alex,256,0.005923041608184576,0.029750706627964973,-0.023827665019780397,0.05471830000169575,0.32738190004602075,2.0.0,restoration_eval.metrics_lpips,cuda,3.12.6,2.1.3,2.2.3,11.0.0,2.5.1+cu121,0.1.4,ok,
lama__synthetic_degradation__synthetic_degradation__p026__partial_transparency__moderate__mask_bbox_crop__lpips,lama__synthetic_degradation__synthetic_degradation__p026__partial_transparency__moderate,lama__synthetic_degradation__synthetic_degradation__p026__partial_transparency__moderate,lama__synthetic_degradation__synthetic_degradation__p026__partial_transparency__moderate,synthetic_degradation__p026__partial_transparency__moderate,p026__partial_transparency__moderate,synthetic_degradation__p026__partial_transparency__moderate,synthetic_degradation,primary,p026,architecture_structured,View of a Village along a River,attributed to Jan Brueghel I,,lama,,,,,mask_bbox_crop,219961,235,189,704,658,35610,False,> 127,8,alex,256,0.007918973453342915,0.05317135900259018,-0.045252385549247265,0.04074520000722259,0.32738190004602075,2.0.0,restoration_eval.metrics_lpips,cuda,3.12.6,2.1.3,2.2.3,11.0.0,2.5.1+cu121,0.1.4,ok,
lama__synthetic_degradation__synthetic_degradation__p026__partial_transparency__severe__full_image__lpips,lama__synthetic_degradation__synthetic_degradation__p026__partial_transparency__severe,lama__synthetic_degradation__synthetic_degradation__p026__partial_transparency__severe,lama__synthetic_degradation__synthetic_degradation__p026__partial_transparency__severe,synthetic_degradation__p026__partial_transparency__severe,p026__partial_transparency__severe,synthetic_degradation__p026__partial_transparency__severe,synthetic_degradation,primary,p026,architecture_structured,View of a Village along a River,attributed to Jan Brueghel I,,lama,,,,,full_image,589824,0,0,768,768,132649,False,> 127,8,alex,256,0.023166406899690628,0.16519196331501007,-0.14202555641531944,0.07331380003597587,0.3507988000055775,2.0.0,restoration_eval.metrics_lpips,cuda,3.12.6,2.1.3,2.2.3,11.0.0,2.5.1+cu121,0.1.4,ok,
lama__synthetic_degradation__synthetic_degradation__p026__partial_transparency__severe__content_region__lpips,lama__synthetic_degradation__synthetic_degradation__p026__partial_transparency__severe,lama__synthetic_degradation__synthetic_degradation__p026__partial_transparency__severe,lama__synthetic_degradation__synthetic_degradation__p026__partial_transparency__severe,synthetic_degradation__p026__partial_transparency__severe,p026__partial_transparency__severe,synthetic_degradation__p026__partial_transparency__severe,synthetic_degradation,primary,p026,architecture_structured,View of a Village along a River,attributed to Jan Brueghel I,,lama,,,,,content_region,406272,0,119,768,648,132649,False,> 127,8,alex,256,0.026203133165836334,0.23455262184143066,-0.20834948867559433,0.06570160004775971,0.3507988000055775,2.0.0,restoration_eval.metrics_lpips,cuda,3.12.6,2.1.3,2.2.3,11.0.0,2.5.1+cu121,0.1.4,ok,
lama__synthetic_degradation__synthetic_degradation__p026__partial_transparency__severe__mask_bbox_crop__lpips,lama__synthetic_degradation__synthetic_degradation__p026__partial_transparency__severe,lama__synthetic_degradation__synthetic_degradation__p026__partial_transparency__severe,lama__synthetic_degradation__synthetic_degradation__p026__partial_transparency__severe,synthetic_degradation__p026__partial_transparency__severe,p026__partial_transparency__severe,synthetic_degradation__p026__partial_transparency__severe,synthetic_degradation,primary,p026,architecture_structured,View of a Village along a River,attributed to Jan Brueghel I,,lama,,,,,mask_bbox_crop,346921,60,2,649,591,132649,False,> 127,8,alex,256,0.031274814158678055,0.2771225869655609,-0.24584777280688286,0.061867000069469213,0.3507988000055775,2.0.0,restoration_eval.metrics_lpips,cuda,3.12.6,2.1.3,2.2.3,11.0.0,2.5.1+cu121,0.1.4,ok,
lama__synthetic_degradation__synthetic_degradation__p026__water_stain__mild__full_image__lpips,lama__synthetic_degradation__synthetic_degradation__p026__water_stain__mild,lama__synthetic_degradation__synthetic_degradation__p026__water_stain__mild,lama__synthetic_degradation__synthetic_degradation__p026__water_stain__mild,synthetic_degradation__p026__water_stain__mild,p026__water_stain__mild,synthetic_degradation__p026__water_stain__mild,synthetic_degradation,primary,p026,architecture_structured,View of a Village along a River,attributed to Jan Brueghel I,,lama,,,,,full_image,589824,0,0,768,768,1704,False,> 127,8,alex,256,0.001718095038086176,0.001858641393482685,-0.00014054635539650917,0.06864599999971688,0.33588939998298883,2.0.0,restoration_eval.metrics_lpips,cuda,3.12.6,2.1.3,2.2.3,11.0.0,2.5.1+cu121,0.1.4,ok,
lama__synthetic_degradation__synthetic_degradation__p026__water_stain__mild__content_region__lpips,lama__synthetic_degradation__synthetic_degradation__p026__water_stain__mild,lama__synthetic_degradation__synthetic_degradation__p026__water_stain__mild,lama__synthetic_degradation__synthetic_degradation__p026__water_stain__mild,synthetic_degradation__p026__water_stain__mild,p026__water_stain__mild,synthetic_degradation__p026__water_stain__mild,synthetic_degradation,primary,p026,architecture_structured,View of a Village along a River,attributed to Jan Brueghel I,,lama,,,,,content_region,406272,0,119,768,648,1704,False,> 127,8,alex,256,0.002254832535982132,0.002453210297971964,-0.00019837776198983192,0.06273020000662655,0.33588939998298883,2.0.0,restoration_eval.metrics_lpips,cuda,3.12.6,2.1.3,2.2.3,11.0.0,2.5.1+cu121,0.1.4,ok,
lama__synthetic_degradation__synthetic_degradation__p026__water_stain__mild__mask_bbox_crop__lpips,lama__synthetic_degradation__synthetic_degradation__p026__water_stain__mild,lama__synthetic_degradation__synthetic_degradation__p026__water_stain__mild,lama__synthetic_degradation__synthetic_degradation__p026__water_stain__mild,synthetic_degradation__p026__water_stain__mild,p026__water_stain__mild,synthetic_degradation__p026__water_stain__mild,synthetic_degradation,primary,p026,architecture_structured,View of a Village along a River,attributed to Jan Brueghel I,,lama,,,,,mask_bbox_crop,116964,313,314,655,656,1704,False,> 127,8,alex,256,0.0043305521830916405,0.008105995133519173,-0.003775442950427532,0.03925500006880611,0.33588939998298883,2.0.0,restoration_eval.metrics_lpips,cuda,3.12.6,2.1.3,2.2.3,11.0.0,2.5.1+cu121,0.1.4,ok,
lama__synthetic_degradation__synthetic_degradation__p026__water_stain__moderate__full_image__lpips,lama__synthetic_degradation__synthetic_degradation__p026__water_stain__moderate,lama__synthetic_degradation__synthetic_degradation__p026__water_stain__moderate,lama__synthetic_degradation__synthetic_degradation__p026__water_stain__moderate,synthetic_degradation__p026__water_stain__moderate,p026__water_stain__moderate,synthetic_degradation__p026__water_stain__moderate,synthetic_degradation,primary,p026,architecture_structured,View of a Village along a River,attributed to Jan Brueghel I,,lama,,,,,full_image,589824,0,0,768,768,0,False,> 127,8,alex,256,0.0038923053070902824,0.0038923053070902824,0.0,0.08581089996732771,0.30281280004419386,2.0.0,restoration_eval.metrics_lpips,cuda,3.12.6,2.1.3,2.2.3,11.0.0,2.5.1+cu121,0.1.4,ok,
lama__synthetic_degradation__synthetic_degradation__p026__water_stain__moderate__content_region__lpips,lama__synthetic_degradation__synthetic_degradation__p026__water_stain__moderate,lama__synthetic_degradation__synthetic_degradation__p026__water_stain__moderate,lama__synthetic_degradation__synthetic_degradation__p026__water_stain__moderate,synthetic_degradation__p026__water_stain__moderate,p026__water_stain__moderate,synthetic_degradation__p026__water_stain__moderate,synthetic_degradation,primary,p026,architecture_structured,View of a Village along a River,attributed to Jan Brueghel I,,lama,,,,,content_region,406272,0,119,768,648,0,False,> 127,8,alex,256,0.005310900043696165,0.005310900043696165,0.0,0.06885510007850826,0.30281280004419386,2.0.0,restoration_eval.metrics_lpips,cuda,3.12.6,2.1.3,2.2.3,11.0.0,2.5.1+cu121,0.1.4,ok,
lama__synthetic_degradation__synthetic_degradation__p026__water_stain__severe__full_image__lpips,lama__synthetic_degradation__synthetic_degradation__p026__water_stain__severe,lama__synthetic_degradation__synthetic_degradation__p026__water_stain__severe,lama__synthetic_degradation__synthetic_degradation__p026__water_stain__severe,synthetic_degradation__p026__water_stain__severe,p026__water_stain__severe,synthetic_degradation__p026__water_stain__severe,synthetic_degradation,primary,p026,architecture_structured,View of a Village along a River,attributed to Jan Brueghel I,,lama,,,,,full_image,589824,0,0,768,768,0,False,> 127,8,alex,256,0.009533047676086426,0.009533047676086426,0.0,0.07967540004756302,0.2927810000255704,2.0.0,restoration_eval.metrics_lpips,cuda,3.12.6,2.1.3,2.2.3,11.0.0,2.5.1+cu121,0.1.4,ok,
lama__synthetic_degradation__synthetic_degradation__p026__water_stain__severe__content_region__lpips,lama__synthetic_degradation__synthetic_degradation__p026__water_stain__severe,lama__synthetic_degradation__synthetic_degradation__p026__water_stain__severe,lama__synthetic_degradation__synthetic_degradation__p026__water_stain__severe,synthetic_degradation__p026__water_stain__severe,p026__water_stain__severe,synthetic_degradation__p026__water_stain__severe,synthetic_degradation,primary,p026,architecture_structured,View of a Village along a River,attributed to Jan Brueghel I,,lama,,,,,content_region,406272,0,119,768,648,0,False,> 127,8,alex,256,0.01137034222483635,0.01137034222483635,0.0,0.06015460006892681,0.2927810000255704,2.0.0,restoration_eval.metrics_lpips,cuda,3.12.6,2.1.3,2.2.3,11.0.0,2.5.1+cu121,0.1.4,ok,
lama__synthetic_degradation__synthetic_degradation__p026__water_stain_dirt__moderate__full_image__lpips,lama__synthetic_degradation__synthetic_degradation__p026__water_stain_dirt__moderate,lama__synthetic_degradation__synthetic_degradation__p026__water_stain_dirt__moderate,lama__synthetic_degradation__synthetic_degradation__p026__water_stain_dirt__moderate,synthetic_degradation__p026__water_stain_dirt__moderate,p026__water_stain_dirt__moderate,synthetic_degradation__p026__water_stain_dirt__moderate,synthetic_degradation,primary,p026,architecture_structured,View of a Village along a River,attributed to Jan Brueghel I,,lama,,,,,full_image,589824,0,0,768,768,6346,False,> 127,8,alex,256,0.005705841816961765,0.008031416684389114,-0.002325574867427349,0.09711650002282113,0.3561962000094354,2.0.0,restoration_eval.metrics_lpips,cuda,3.12.6,2.1.3,2.2.3,11.0.0,2.5.1+cu121,0.1.4,ok,
lama__synthetic_degradation__synthetic_degradation__p026__water_stain_dirt__moderate__content_region__lpips,lama__synthetic_degradation__synthetic_degradation__p026__water_stain_dirt__moderate,lama__synthetic_degradation__synthetic_degradation__p026__water_stain_dirt__moderate,lama__synthetic_degradation__synthetic_degradation__p026__water_stain_dirt__moderate,synthetic_degradation__p026__water_stain_dirt__moderate,p026__water_stain_dirt__moderate,synthetic_degradation__p026__water_stain_dirt__moderate,synthetic_degradation,primary,p026,architecture_structured,View of a Village along a River,attributed to Jan Brueghel I,,lama,,,,,content_region,406272,0,119,768,648,6346,False,> 127,8,alex,256,0.006930844858288765,0.010240182280540466,-0.0033093374222517014,0.06824520009104162,0.3561962000094354,2.0.0,restoration_eval.metrics_lpips,cuda,3.12.6,2.1.3,2.2.3,11.0.0,2.5.1+cu121,0.1.4,ok,
lama__synthetic_degradation__synthetic_degradation__p026__water_stain_dirt__moderate__mask_bbox_crop__lpips,lama__synthetic_degradation__synthetic_degradation__p026__water_stain_dirt__moderate,lama__synthetic_degradation__synthetic_degradation__p026__water_stain_dirt__moderate,lama__synthetic_degradation__synthetic_degradation__p026__water_stain_dirt__moderate,synthetic_degradation__p026__water_stain_dirt__moderate,p026__water_stain_dirt__moderate,synthetic_degradation__p026__water_stain_dirt__moderate,synthetic_degradation,primary,p026,architecture_structured,View of a Village along a River,attributed to Jan Brueghel I,,lama,,,,,mask_bbox_crop,36481,366,273,557,464,6346,False,> 127,8,alex,256,0.024846291169524193,0.06763962656259537,-0.042793335393071175,0.04061080003157258,0.3561962000094354,2.0.0,restoration_eval.metrics_lpips,cuda,3.12.6,2.1.3,2.2.3,11.0.0,2.5.1+cu121,0.1.4,ok,
lama__synthetic_degradation__synthetic_degradation__p039__dirt_dust__mild__full_image__lpips,lama__synthetic_degradation__synthetic_degradation__p039__dirt_dust__mild,lama__synthetic_degradation__synthetic_degradation__p039__dirt_dust__mild,lama__synthetic_degradation__synthetic_degradation__p039__dirt_dust__mild,synthetic_degradation__p039__dirt_dust__mild,p039__dirt_dust__mild,synthetic_degradation__p039__dirt_dust__mild,synthetic_degradation,primary,p039,abstraction_surrealism,Painting with Troika,Wassily Kandinsky,,lama,,,,,full_image,589824,0,0,768,768,1547,False,> 127,8,alex,256,2.7416042485128855e-06,0.0001002497156150639,-9.750811136655102e-05,0.0739322000881657,0.37666029995307326,2.0.0,restoration_eval.metrics_lpips,cuda,3.12.6,2.1.3,2.2.3,11.0.0,2.5.1+cu121,0.1.4,ok,
lama__synthetic_degradation__synthetic_degradation__p039__dirt_dust__mild__content_region__lpips,lama__synthetic_degradation__synthetic_degradation__p039__dirt_dust__mild,lama__synthetic_degradation__synthetic_degradation__p039__dirt_dust__mild,lama__synthetic_degradation__synthetic_degradation__p039__dirt_dust__mild,synthetic_degradation__p039__dirt_dust__mild,p039__dirt_dust__mild,synthetic_degradation__p039__dirt_dust__mild,synthetic_degradation,primary,p039,abstraction_surrealism,Painting with Troika,Wassily Kandinsky,,lama,,,,,content_region,433152,0,102,768,666,1547,False,> 127,8,alex,256,3.0214132493711077e-06,0.00020260026212781668,-0.00019957884887844557,0.06630990002304316,0.37666029995307326,2.0.0,restoration_eval.metrics_lpips,cuda,3.12.6,2.1.3,2.2.3,11.0.0,2.5.1+cu121,0.1.4,ok,
lama__synthetic_degradation__synthetic_degradation__p039__dirt_dust__mild__mask_bbox_crop__lpips,lama__synthetic_degradation__synthetic_degradation__p039__dirt_dust__mild,lama__synthetic_degradation__synthetic_degradation__p039__dirt_dust__mild,lama__synthetic_degradation__synthetic_degradation__p039__dirt_dust__mild,synthetic_degradation__p039__dirt_dust__mild,p039__dirt_dust__mild,synthetic_degradation__p039__dirt_dust__mild,synthetic_degradation,primary,p039,abstraction_surrealism,Painting with Troika,Wassily Kandinsky,,lama,,,,,mask_bbox_crop,567009,5,4,758,757,1547,False,> 127,8,alex,256,2.7352089091436937e-06,0.00011273899872321635,-0.00011000378981407266,0.0771828000433743,0.37666029995307326,2.0.0,restoration_eval.metrics_lpips,cuda,3.12.6,2.1.3,2.2.3,11.0.0,2.5.1+cu121,0.1.4,ok,
lama__synthetic_degradation__synthetic_degradation__p039__dirt_dust__moderate__full_image__lpips,lama__synthetic_degradation__synthetic_degradation__p039__dirt_dust__moderate,lama__synthetic_degradation__synthetic_degradation__p039__dirt_dust__moderate,lama__synthetic_degradation__synthetic_degradation__p039__dirt_dust__moderate,synthetic_degradation__p039__dirt_dust__moderate,p039__dirt_dust__moderate,synthetic_degradation__p039__dirt_dust__moderate,synthetic_degradation,primary,p039,abstraction_surrealism,Painting with Troika,Wassily Kandinsky,,lama,,,,,full_image,589824,0,0,768,768,4538,False,> 127,8,alex,256,5.482350752572529e-05,0.0002946800959762186,-0.0002398565884504933,0.07150580000597984,0.3734810999594629,2.0.0,restoration_eval.metrics_lpips,cuda,3.12.6,2.1.3,2.2.3,11.0.0,2.5.1+cu121,0.1.4,ok,
lama__synthetic_degradation__synthetic_degradation__p039__dirt_dust__moderate__content_region__lpips,lama__synthetic_degradation__synthetic_degradation__p039__dirt_dust__moderate,lama__synthetic_degradation__synthetic_degradation__p039__dirt_dust__moderate,lama__synthetic_degradation__synthetic_degradation__p039__dirt_dust__moderate,synthetic_degradation__p039__dirt_dust__moderate,p039__dirt_dust__moderate,synthetic_degradation__p039__dirt_dust__moderate,synthetic_degradation,primary,p039,abstraction_surrealism,Painting with Troika,Wassily Kandinsky,,lama,,,,,content_region,433152,0,102,768,666,4538,False,> 127,8,alex,256,5.160486398381181e-05,0.0005556183750741184,-0.0005040135110903066,0.06404520000796765,0.3734810999594629,2.0.0,restoration_eval.metrics_lpips,cuda,3.12.6,2.1.3,2.2.3,11.0.0,2.5.1+cu121,0.1.4,ok,
lama__synthetic_degradation__synthetic_degradation__p039__dirt_dust__moderate__mask_bbox_crop__lpips,lama__synthetic_degradation__synthetic_degradation__p039__dirt_dust__moderate,lama__synthetic_degradation__synthetic_degradation__p039__dirt_dust__moderate,lama__synthetic_degradation__synthetic_degradation__p039__dirt_dust__moderate,synthetic_degradation__p039__dirt_dust__moderate,p039__dirt_dust__moderate,synthetic_degradation__p039__dirt_dust__moderate,synthetic_degradation,primary,p039,abstraction_surrealism,Painting with Troika,Wassily Kandinsky,,lama,,,,,mask_bbox_crop,589824,0,0,768,768,4538,False,> 127,8,alex,256,5.482350752572529e-05,0.0002946800959762186,-0.0002398565884504933,0.07185369997750968,0.3734810999594629,2.0.0,restoration_eval.metrics_lpips,cuda,3.12.6,2.1.3,2.2.3,11.0.0,2.5.1+cu121,0.1.4,ok,
lama__synthetic_degradation__synthetic_degradation__p039__dirt_dust__severe__full_image__lpips,lama__synthetic_degradation__synthetic_degradation__p039__dirt_dust__severe,lama__synthetic_degradation__synthetic_degradation__p039__dirt_dust__severe,lama__synthetic_degradation__synthetic_degradation__p039__dirt_dust__severe,synthetic_degradation__p039__dirt_dust__severe,p039__dirt_dust__severe,synthetic_degradation__p039__dirt_dust__severe,synthetic_degradation,primary,p039,abstraction_surrealism,Painting with Troika,Wassily Kandinsky,,lama,,,,,full_image,589824,0,0,768,768,13498,False,> 127,8,alex,256,0.00045669637620449066,0.0010551901068538427,-0.0005984937306493521,0.07826859992928803,0.39124160003848374,2.0.0,restoration_eval.metrics_lpips,cuda,3.12.6,2.1.3,2.2.3,11.0.0,2.5.1+cu121,0.1.4,ok,
lama__synthetic_degradation__synthetic_degradation__p039__dirt_dust__severe__content_region__lpips,lama__synthetic_degradation__synthetic_degradation__p039__dirt_dust__severe,lama__synthetic_degradation__synthetic_degradation__p039__dirt_dust__severe,lama__synthetic_degradation__synthetic_degradation__p039__dirt_dust__severe,synthetic_degradation__p039__dirt_dust__severe,p039__dirt_dust__severe,synthetic_degradation__p039__dirt_dust__severe,synthetic_degradation,primary,p039,abstraction_surrealism,Painting with Troika,Wassily Kandinsky,,lama,,,,,content_region,433152,0,102,768,666,13498,False,> 127,8,alex,256,0.0006010564393363893,0.0016413924749940634,-0.001040336035657674,0.06891549995634705,0.39124160003848374,2.0.0,restoration_eval.metrics_lpips,cuda,3.12.6,2.1.3,2.2.3,11.0.0,2.5.1+cu121,0.1.4,ok,
lama__synthetic_degradation__synthetic_degradation__p039__dirt_dust__severe__mask_bbox_crop__lpips,lama__synthetic_degradation__synthetic_degradation__p039__dirt_dust__severe,lama__synthetic_degradation__synthetic_degradation__p039__dirt_dust__severe,lama__synthetic_degradation__synthetic_degradation__p039__dirt_dust__severe,synthetic_degradation__p039__dirt_dust__severe,p039__dirt_dust__severe,synthetic_degradation__p039__dirt_dust__severe,synthetic_degradation,primary,p039,abstraction_surrealism,Painting with Troika,Wassily Kandinsky,,lama,,,,,mask_bbox_crop,589824,0,0,768,768,13498,False,> 127,8,alex,256,0.00045669637620449066,0.0010551901068538427,-0.0005984937306493521,0.07626890006940812,0.39124160003848374,2.0.0,restoration_eval.metrics_lpips,cuda,3.12.6,2.1.3,2.2.3,11.0.0,2.5.1+cu121,0.1.4,ok,
lama__synthetic_degradation__synthetic_degradation__p039__partial_transparency__mild__full_image__lpips,lama__synthetic_degradation__synthetic_degradation__p039__partial_transparency__mild,lama__synthetic_degradation__synthetic_degradation__p039__partial_transparency__mild,lama__synthetic_degradation__synthetic_degradation__p039__partial_transparency__mild,synthetic_degradation__p039__partial_transparency__mild,p039__partial_transparency__mild,synthetic_degradation__p039__partial_transparency__mild,synthetic_degradation,primary,p039,abstraction_surrealism,Painting with Troika,Wassily Kandinsky,,lama,,,,,full_image,589824,0,0,768,768,14192,False,> 127,8,alex,256,0.0002675158903002739,0.01282486692070961,-0.012557351030409336,0.06839829997625202,0.35128020006231964,2.0.0,restoration_eval.metrics_lpips,cuda,3.12.6,2.1.3,2.2.3,11.0.0,2.5.1+cu121,0.1.4,ok,
lama__synthetic_degradation__synthetic_degradation__p039__partial_transparency__mild__content_region__lpips,lama__synthetic_degradation__synthetic_degradation__p039__partial_transparency__mild,lama__synthetic_degradation__synthetic_degradation__p039__partial_transparency__mild,lama__synthetic_degradation__synthetic_degradation__p039__partial_transparency__mild,synthetic_degradation__p039__partial_transparency__mild,p039__partial_transparency__mild,synthetic_degradation__p039__partial_transparency__mild,synthetic_degradation,primary,p039,abstraction_surrealism,Painting with Troika,Wassily Kandinsky,,lama,,,,,content_region,433152,0,102,768,666,14192,False,> 127,8,alex,256,0.0004734302929136902,0.020391006022691727,-0.019917575729778036,0.06437669997103512,0.35128020006231964,2.0.0,restoration_eval.metrics_lpips,cuda,3.12.6,2.1.3,2.2.3,11.0.0,2.5.1+cu121,0.1.4,ok,
lama__synthetic_degradation__synthetic_degradation__p039__partial_transparency__mild__mask_bbox_crop__lpips,lama__synthetic_degradation__synthetic_degradation__p039__partial_transparency__mild,lama__synthetic_degradation__synthetic_degradation__p039__partial_transparency__mild,lama__synthetic_degradation__synthetic_degradation__p039__partial_transparency__mild,synthetic_degradation__p039__partial_transparency__mild,p039__partial_transparency__mild,synthetic_degradation__p039__partial_transparency__mild,synthetic_degradation,primary,p039,abstraction_surrealism,Painting with Troika,Wassily Kandinsky,,lama,,,,,mask_bbox_crop,38809,503,342,700,539,14192,False,> 127,8,alex,256,0.0020367647521197796,0.17571678757667542,-0.17368002282455564,0.042582300025969744,0.35128020006231964,2.0.0,restoration_eval.metrics_lpips,cuda,3.12.6,2.1.3,2.2.3,11.0.0,2.5.1+cu121,0.1.4,ok,
lama__synthetic_degradation__synthetic_degradation__p039__partial_transparency__moderate__full_image__lpips,lama__synthetic_degradation__synthetic_degradation__p039__partial_transparency__moderate,lama__synthetic_degradation__synthetic_degradation__p039__partial_transparency__moderate,lama__synthetic_degradation__synthetic_degradation__p039__partial_transparency__moderate,synthetic_degradation__p039__partial_transparency__moderate,p039__partial_transparency__moderate,synthetic_degradation__p039__partial_transparency__moderate,synthetic_degradation,primary,p039,abstraction_surrealism,Painting with Troika,Wassily Kandinsky,,lama,,,,,full_image,589824,0,0,768,768,104657,False,> 127,8,alex,256,0.007068583741784096,0.11294524371623993,-0.10587665997445583,0.06833190005272627,0.3543018000200391,2.0.0,restoration_eval.metrics_lpips,cuda,3.12.6,2.1.3,2.2.3,11.0.0,2.5.1+cu121,0.1.4,ok,
lama__synthetic_degradation__synthetic_degradation__p039__partial_transparency__moderate__content_region__lpips,lama__synthetic_degradation__synthetic_degradation__p039__partial_transparency__moderate,lama__synthetic_degradation__synthetic_degradation__p039__partial_transparency__moderate,lama__synthetic_degradation__synthetic_degradation__p039__partial_transparency__moderate,synthetic_degradation__p039__partial_transparency__moderate,p039__partial_transparency__moderate,synthetic_degradation__p039__partial_transparency__moderate,synthetic_degradation,primary,p039,abstraction_surrealism,Painting with Troika,Wassily Kandinsky,,lama,,,,,content_region,433152,0,102,768,666,104657,False,> 127,8,alex,256,0.00919661857187748,0.15970134735107422,-0.15050472877919674,0.05998749996069819,0.3543018000200391,2.0.0,restoration_eval.metrics_lpips,cuda,3.12.6,2.1.3,2.2.3,11.0.0,2.5.1+cu121,0.1.4,ok,
lama__synthetic_degradation__synthetic_degradation__p039__partial_transparency__moderate__mask_bbox_crop__lpips,lama__synthetic_degradation__synthetic_degradation__p039__partial_transparency__moderate,lama__synthetic_degradation__synthetic_degradation__p039__partial_transparency__moderate,lama__synthetic_degradation__synthetic_degradation__p039__partial_transparency__moderate,synthetic_degradation__p039__partial_transparency__moderate,p039__partial_transparency__moderate,synthetic_degradation__p039__partial_transparency__moderate,synthetic_degradation,primary,p039,abstraction_surrealism,Painting with Troika,Wassily Kandinsky,,lama,,,,,mask_bbox_crop,182329,40,159,467,586,104657,False,> 127,8,alex,256,0.01596420258283615,0.35162121057510376,-0.3356570079922676,0.05019099998753518,0.3543018000200391,2.0.0,restoration_eval.metrics_lpips,cuda,3.12.6,2.1.3,2.2.3,11.0.0,2.5.1+cu121,0.1.4,ok,
lama__synthetic_degradation__synthetic_degradation__p039__partial_transparency__severe__full_image__lpips,lama__synthetic_degradation__synthetic_degradation__p039__partial_transparency__severe,lama__synthetic_degradation__synthetic_degradation__p039__partial_transparency__severe,lama__synthetic_degradation__synthetic_degradation__p039__partial_transparency__severe,synthetic_degradation__p039__partial_transparency__severe,p039__partial_transparency__severe,synthetic_degradation__p039__partial_transparency__severe,synthetic_degradation,primary,p039,abstraction_surrealism,Painting with Troika,Wassily Kandinsky,,lama,,,,,full_image,589824,0,0,768,768,156521,False,> 127,8,alex,256,0.023695461452007294,0.2041461169719696,-0.1804506555199623,0.07002450001891702,0.38108820002526045,2.0.0,restoration_eval.metrics_lpips,cuda,3.12.6,2.1.3,2.2.3,11.0.0,2.5.1+cu121,0.1.4,ok,
lama__synthetic_degradation__synthetic_degradation__p039__partial_transparency__severe__content_region__lpips,lama__synthetic_degradation__synthetic_degradation__p039__partial_transparency__severe,lama__synthetic_degradation__synthetic_degradation__p039__partial_transparency__severe,lama__synthetic_degradation__synthetic_degradation__p039__partial_transparency__severe,synthetic_degradation__p039__partial_transparency__severe,p039__partial_transparency__severe,synthetic_degradation__p039__partial_transparency__severe,synthetic_degradation,primary,p039,abstraction_surrealism,Painting with Troika,Wassily Kandinsky,,lama,,,,,content_region,433152,0,102,768,666,156521,False,> 127,8,alex,256,0.029621081426739693,0.2794835567474365,-0.24986247532069683,0.0640014000236988,0.38108820002526045,2.0.0,restoration_eval.metrics_lpips,cuda,3.12.6,2.1.3,2.2.3,11.0.0,2.5.1+cu121,0.1.4,ok,
lama__synthetic_degradation__synthetic_degradation__p039__partial_transparency__severe__mask_bbox_crop__lpips,lama__synthetic_degradation__synthetic_degradation__p039__partial_transparency__severe,lama__synthetic_degradation__synthetic_degradation__p039__partial_transparency__severe,lama__synthetic_degradation__synthetic_degradation__p039__partial_transparency__severe,synthetic_degradation__p039__partial_transparency__severe,p039__partial_transparency__severe,synthetic_degradation__p039__partial_transparency__severe,synthetic_degradation,primary,p039,abstraction_surrealism,Painting with Troika,Wassily Kandinsky,,lama,,,,,mask_bbox_crop,370881,7,111,616,720,156521,False,> 127,8,alex,256,0.03201555460691452,0.3156719207763672,-0.28365636616945267,0.0659182999515906,0.38108820002526045,2.0.0,restoration_eval.metrics_lpips,cuda,3.12.6,2.1.3,2.2.3,11.0.0,2.5.1+cu121,0.1.4,ok,
lama__synthetic_degradation__synthetic_degradation__p039__water_stain__mild__full_image__lpips,lama__synthetic_degradation__synthetic_degradation__p039__water_stain__mild,lama__synthetic_degradation__synthetic_degradation__p039__water_stain__mild,lama__synthetic_degradation__synthetic_degradation__p039__water_stain__mild,synthetic_degradation__p039__water_stain__mild,p039__water_stain__mild,synthetic_degradation__p039__water_stain__mild,synthetic_degradation,primary,p039,abstraction_surrealism,Painting with Troika,Wassily Kandinsky,,lama,,,,,full_image,589824,0,0,768,768,14196,False,> 127,8,alex,256,0.0011634260881692171,0.003738412633538246,-0.002574986545369029,0.07375889993272722,0.39791780000086874,2.0.0,restoration_eval.metrics_lpips,cuda,3.12.6,2.1.3,2.2.3,11.0.0,2.5.1+cu121,0.1.4,ok,
lama__synthetic_degradation__synthetic_degradation__p039__water_stain__mild__content_region__lpips,lama__synthetic_degradation__synthetic_degradation__p039__water_stain__mild,lama__synthetic_degradation__synthetic_degradation__p039__water_stain__mild,lama__synthetic_degradation__synthetic_degradation__p039__water_stain__mild,synthetic_degradation__p039__water_stain__mild,p039__water_stain__mild,synthetic_degradation__p039__water_stain__mild,synthetic_degradation,primary,p039,abstraction_surrealism,Painting with Troika,Wassily Kandinsky,,lama,,,,,content_region,433152,0,102,768,666,14196,False,> 127,8,alex,256,0.0016675962833687663,0.006348205730319023,-0.004680609446950257,0.08461819996591657,0.39791780000086874,2.0.0,restoration_eval.metrics_lpips,cuda,3.12.6,2.1.3,2.2.3,11.0.0,2.5.1+cu121,0.1.4,ok,
lama__synthetic_degradation__synthetic_degradation__p039__water_stain__mild__mask_bbox_crop__lpips,lama__synthetic_degradation__synthetic_degradation__p039__water_stain__mild,lama__synthetic_degradation__synthetic_degradation__p039__water_stain__mild,lama__synthetic_degradation__synthetic_degradation__p039__water_stain__mild,synthetic_degradation__p039__water_stain__mild,p039__water_stain__mild,synthetic_degradation__p039__water_stain__mild,synthetic_degradation,primary,p039,abstraction_surrealism,Painting with Troika,Wassily Kandinsky,,lama,,,,,mask_bbox_crop,107584,391,272,719,600,14196,False,> 127,8,alex,256,0.004456751048564911,0.033233970403671265,-0.028777219355106354,0.05755950009915978,0.39791780000086874,2.0.0,restoration_eval.metrics_lpips,cuda,3.12.6,2.1.3,2.2.3,11.0.0,2.5.1+cu121,0.1.4,ok,
lama__synthetic_degradation__synthetic_degradation__p039__water_stain__moderate__full_image__lpips,lama__synthetic_degradation__synthetic_degradation__p039__water_stain__moderate,lama__synthetic_degradation__synthetic_degradation__p039__water_stain__moderate,lama__synthetic_degradation__synthetic_degradation__p039__water_stain__moderate,synthetic_degradation__p039__water_stain__moderate,p039__water_stain__moderate,synthetic_degradation__p039__water_stain__moderate,synthetic_degradation,primary,p039,abstraction_surrealism,Painting with Troika,Wassily Kandinsky,,lama,,,,,full_image,589824,0,0,768,768,33464,False,> 127,8,alex,256,0.002524218987673521,0.030730778351426125,-0.028206559363752604,0.07305300002917647,0.3449655999429524,2.0.0,restoration_eval.metrics_lpips,cuda,3.12.6,2.1.3,2.2.3,11.0.0,2.5.1+cu121,0.1.4,ok,
lama__synthetic_degradation__synthetic_degradation__p039__water_stain__moderate__content_region__lpips,lama__synthetic_degradation__synthetic_degradation__p039__water_stain__moderate,lama__synthetic_degradation__synthetic_degradation__p039__water_stain__moderate,lama__synthetic_degradation__synthetic_degradation__p039__water_stain__moderate,synthetic_degradation__p039__water_stain__moderate,p039__water_stain__moderate,synthetic_degradation__p039__water_stain__moderate,synthetic_degradation,primary,p039,abstraction_surrealism,Painting with Troika,Wassily Kandinsky,,lama,,,,,content_region,433152,0,102,768,666,33464,False,> 127,8,alex,256,0.0037776355165988207,0.04756178706884384,-0.04378415155224502,0.0694294999120757,0.3449655999429524,2.0.0,restoration_eval.metrics_lpips,cuda,3.12.6,2.1.3,2.2.3,11.0.0,2.5.1+cu121,0.1.4,ok,
lama__synthetic_degradation__synthetic_degradation__p039__water_stain__moderate__mask_bbox_crop__lpips,lama__synthetic_degradation__synthetic_degradation__p039__water_stain__moderate,lama__synthetic_degradation__synthetic_degradation__p039__water_stain__moderate,lama__synthetic_degradation__synthetic_degradation__p039__water_stain__moderate,synthetic_degradation__p039__water_stain__moderate,p039__water_stain__moderate,synthetic_degradation__p039__water_stain__moderate,synthetic_degradation,primary,p039,abstraction_surrealism,Painting with Troika,Wassily Kandinsky,,lama,,,,,mask_bbox_crop,127449,233,154,590,511,33464,False,> 127,8,alex,256,0.009502764791250229,0.14163051545619965,-0.13212775066494942,0.04359329992439598,0.3449655999429524,2.0.0,restoration_eval.metrics_lpips,cuda,3.12.6,2.1.3,2.2.3,11.0.0,2.5.1+cu121,0.1.4,ok,
lama__synthetic_degradation__synthetic_degradation__p039__water_stain__severe__full_image__lpips,lama__synthetic_degradation__synthetic_degradation__p039__water_stain__severe,lama__synthetic_degradation__synthetic_degradation__p039__water_stain__severe,lama__synthetic_degradation__synthetic_degradation__p039__water_stain__severe,synthetic_degradation__p039__water_stain__severe,p039__water_stain__severe,synthetic_degradation__p039__water_stain__severe,synthetic_degradation,primary,p039,abstraction_surrealism,Painting with Troika,Wassily Kandinsky,,lama,,,,,full_image,589824,0,0,768,768,0,False,> 127,8,alex,256,0.00556504912674427,0.00556504912674427,0.0,0.0717248999280855,0.3073469999944791,2.0.0,restoration_eval.metrics_lpips,cuda,3.12.6,2.1.3,2.2.3,11.0.0,2.5.1+cu121,0.1.4,ok,
lama__synthetic_degradation__synthetic_degradation__p039__water_stain__severe__content_region__lpips,lama__synthetic_degradation__synthetic_degradation__p039__water_stain__severe,lama__synthetic_degradation__synthetic_degradation__p039__water_stain__severe,lama__synthetic_degradation__synthetic_degradation__p039__water_stain__severe,synthetic_degradation__p039__water_stain__severe,p039__water_stain__severe,synthetic_degradation__p039__water_stain__severe,synthetic_degradation,primary,p039,abstraction_surrealism,Painting with Troika,Wassily Kandinsky,,lama,,,,,content_region,433152,0,102,768,666,0,False,> 127,8,alex,256,0.0077339219860732555,0.0077339219860732555,0.0,0.05571989994496107,0.3073469999944791,2.0.0,restoration_eval.metrics_lpips,cuda,3.12.6,2.1.3,2.2.3,11.0.0,2.5.1+cu121,0.1.4,ok,
lama__synthetic_degradation__synthetic_degradation__p039__water_stain_dirt__moderate__full_image__lpips,lama__synthetic_degradation__synthetic_degradation__p039__water_stain_dirt__moderate,lama__synthetic_degradation__synthetic_degradation__p039__water_stain_dirt__moderate,lama__synthetic_degradation__synthetic_degradation__p039__water_stain_dirt__moderate,synthetic_degradation__p039__water_stain_dirt__moderate,p039__water_stain_dirt__moderate,synthetic_degradation__p039__water_stain_dirt__moderate,synthetic_degradation,primary,p039,abstraction_surrealism,Painting with Troika,Wassily Kandinsky,,lama,,,,,full_image,589824,0,0,768,768,0,False,> 127,8,alex,256,0.001836662762798369,0.001836662762798369,0.0,0.09379290009383112,0.316935500013642,2.0.0,restoration_eval.metrics_lpips,cuda,3.12.6,2.1.3,2.2.3,11.0.0,2.5.1+cu121,0.1.4,ok,
lama__synthetic_degradation__synthetic_degradation__p039__water_stain_dirt__moderate__content_region__lpips,lama__synthetic_degradation__synthetic_degradation__p039__water_stain_dirt__moderate,lama__synthetic_degradation__synthetic_degradation__p039__water_stain_dirt__moderate,lama__synthetic_degradation__synthetic_degradation__p039__water_stain_dirt__moderate,synthetic_degradation__p039__water_stain_dirt__moderate,p039__water_stain_dirt__moderate,synthetic_degradation__p039__water_stain_dirt__moderate,synthetic_degradation,primary,p039,abstraction_surrealism,Painting with Troika,Wassily Kandinsky,,lama,,,,,content_region,433152,0,102,768,666,0,False,> 127,8,alex,256,0.002776511013507843,0.002776511013507843,0.0,0.06624229997396469,0.316935500013642,2.0.0,restoration_eval.metrics_lpips,cuda,3.12.6,2.1.3,2.2.3,11.0.0,2.5.1+cu121,0.1.4,ok,
lama__synthetic_degradation__synthetic_degradation__p043__dirt_dust__mild__full_image__lpips,lama__synthetic_degradation__synthetic_degradation__p043__dirt_dust__mild,lama__synthetic_degradation__synthetic_degradation__p043__dirt_dust__mild,lama__synthetic_degradation__synthetic_degradation__p043__dirt_dust__mild,synthetic_degradation__p043__dirt_dust__mild,p043__dirt_dust__mild,synthetic_degradation__p043__dirt_dust__mild,synthetic_degradation,primary,p043,high_texture_brushwork,The Card Players,Paul Cézanne,Post-Impressionism,lama,,,,,full_image,589824,0,0,768,768,1439,False,> 127,8,alex,256,1.08516906038858e-06,6.466505146818236e-05,-6.357988240779378e-05,0.07593540009111166,0.37462240003515035,2.0.0,restoration_eval.metrics_lpips,cuda,3.12.6,2.1.3,2.2.3,11.0.0,2.5.1+cu121,0.1.4,ok,
lama__synthetic_degradation__synthetic_degradation__p043__dirt_dust__mild__content_region__lpips,lama__synthetic_degradation__synthetic_degradation__p043__dirt_dust__mild,lama__synthetic_degradation__synthetic_degradation__p043__dirt_dust__mild,lama__synthetic_degradation__synthetic_degradation__p043__dirt_dust__mild,synthetic_degradation__p043__dirt_dust__mild,p043__dirt_dust__mild,synthetic_degradation__p043__dirt_dust__mild,synthetic_degradation,primary,p043,high_texture_brushwork,The Card Players,Paul Cézanne,Post-Impressionism,lama,,,,,content_region,469248,0,78,768,689,1439,False,> 127,8,alex,256,1.0655663800207549e-06,0.00010941913933493197,-0.00010835357295491121,0.0652676000026986,0.37462240003515035,2.0.0,restoration_eval.metrics_lpips,cuda,3.12.6,2.1.3,2.2.3,11.0.0,2.5.1+cu121,0.1.4,ok,
lama__synthetic_degradation__synthetic_degradation__p043__dirt_dust__mild__mask_bbox_crop__lpips,lama__synthetic_degradation__synthetic_degradation__p043__dirt_dust__mild,lama__synthetic_degradation__synthetic_degradation__p043__dirt_dust__mild,lama__synthetic_degradation__synthetic_degradation__p043__dirt_dust__mild,synthetic_degradation__p043__dirt_dust__mild,p043__dirt_dust__mild,synthetic_degradation__p043__dirt_dust__mild,synthetic_degradation,primary,p043,high_texture_brushwork,The Card Players,Paul Cézanne,Post-Impressionism,lama,,,,,mask_bbox_crop,586756,2,0,768,766,1439,False,> 127,8,alex,256,9.874411261989735e-07,6.47852648398839e-05,-6.379782371368492e-05,0.0697902999818325,0.37462240003515035,2.0.0,restoration_eval.metrics_lpips,cuda,3.12.6,2.1.3,2.2.3,11.0.0,2.5.1+cu121,0.1.4,ok,
lama__synthetic_degradation__synthetic_degradation__p043__dirt_dust__moderate__full_image__lpips,lama__synthetic_degradation__synthetic_degradation__p043__dirt_dust__moderate,lama__synthetic_degradation__synthetic_degradation__p043__dirt_dust__moderate,lama__synthetic_degradation__synthetic_degradation__p043__dirt_dust__moderate,synthetic_degradation__p043__dirt_dust__moderate,p043__dirt_dust__moderate,synthetic_degradation__p043__dirt_dust__moderate,synthetic_degradation,primary,p043,high_texture_brushwork,The Card Players,Paul Cézanne,Post-Impressionism,lama,,,,,full_image,589824,0,0,768,768,5144,False,> 127,8,alex,256,2.9460985388141125e-05,0.0002587320050224662,-0.00022927101963432506,0.07025200000498444,0.3556698999600485,2.0.0,restoration_eval.metrics_lpips,cuda,3.12.6,2.1.3,2.2.3,11.0.0,2.5.1+cu121,0.1.4,ok,
lama__synthetic_degradation__synthetic_degradation__p043__dirt_dust__moderate__content_region__lpips,lama__synthetic_degradation__synthetic_degradation__p043__dirt_dust__moderate,lama__synthetic_degradation__synthetic_degradation__p043__dirt_dust__moderate,lama__synthetic_degradation__synthetic_degradation__p043__dirt_dust__moderate,synthetic_degradation__p043__dirt_dust__moderate,p043__dirt_dust__moderate,synthetic_degradation__p043__dirt_dust__moderate,synthetic_degradation,primary,p043,high_texture_brushwork,The Card Players,Paul Cézanne,Post-Impressionism,lama,,,,,content_region,469248,0,78,768,689,5144,False,> 127,8,alex,256,3.7340159906307235e-05,0.0002526931348256767,-0.00021535297491936944,0.05909979995340109,0.3556698999600485,2.0.0,restoration_eval.metrics_lpips,cuda,3.12.6,2.1.3,2.2.3,11.0.0,2.5.1+cu121,0.1.4,ok,
lama__synthetic_degradation__synthetic_degradation__p043__dirt_dust__moderate__mask_bbox_crop__lpips,lama__synthetic_degradation__synthetic_degradation__p043__dirt_dust__moderate,lama__synthetic_degradation__synthetic_degradation__p043__dirt_dust__moderate,lama__synthetic_degradation__synthetic_degradation__p043__dirt_dust__moderate,synthetic_degradation__p043__dirt_dust__moderate,p043__dirt_dust__moderate,synthetic_degradation__p043__dirt_dust__moderate,synthetic_degradation,primary,p043,high_texture_brushwork,The Card Players,Paul Cézanne,Post-Impressionism,lama,,,,,mask_bbox_crop,589824,0,0,768,768,5144,False,> 127,8,alex,256,2.9460985388141125e-05,0.0002587320050224662,-0.00022927101963432506,0.06806119997054338,0.3556698999600485,2.0.0,restoration_eval.metrics_lpips,cuda,3.12.6,2.1.3,2.2.3,11.0.0,2.5.1+cu121,0.1.4,ok,
lama__synthetic_degradation__synthetic_degradation__p043__dirt_dust__severe__full_image__lpips,lama__synthetic_degradation__synthetic_degradation__p043__dirt_dust__severe,lama__synthetic_degradation__synthetic_degradation__p043__dirt_dust__severe,lama__synthetic_degradation__synthetic_degradation__p043__dirt_dust__severe,synthetic_degradation__p043__dirt_dust__severe,p043__dirt_dust__severe,synthetic_degradation__p043__dirt_dust__severe,synthetic_degradation,primary,p043,high_texture_brushwork,The Card Players,Paul Cézanne,Post-Impressionism,lama,,,,,full_image,589824,0,0,768,768,14475,False,> 127,8,alex,256,0.0002645487547852099,0.0011357353068888187,-0.0008711865521036088,0.07233770005404949,0.38600379996933043,2.0.0,restoration_eval.metrics_lpips,cuda,3.12.6,2.1.3,2.2.3,11.0.0,2.5.1+cu121,0.1.4,ok,
lama__synthetic_degradation__synthetic_degradation__p043__dirt_dust__severe__content_region__lpips,lama__synthetic_degradation__synthetic_degradation__p043__dirt_dust__severe,lama__synthetic_degradation__synthetic_degradation__p043__dirt_dust__severe,lama__synthetic_degradation__synthetic_degradation__p043__dirt_dust__severe,synthetic_degradation__p043__dirt_dust__severe,p043__dirt_dust__severe,synthetic_degradation__p043__dirt_dust__severe,synthetic_degradation,primary,p043,high_texture_brushwork,The Card Players,Paul Cézanne,Post-Impressionism,lama,,,,,content_region,469248,0,78,768,689,14475,False,> 127,8,alex,256,0.00029864575481042266,0.0014120170380920172,-0.0011133712832815945,0.06823810003697872,0.38600379996933043,2.0.0,restoration_eval.metrics_lpips,cuda,3.12.6,2.1.3,2.2.3,11.0.0,2.5.1+cu121,0.1.4,ok,
lama__synthetic_degradation__synthetic_degradation__p043__dirt_dust__severe__mask_bbox_crop__lpips,lama__synthetic_degradation__synthetic_degradation__p043__dirt_dust__severe,lama__synthetic_degradation__synthetic_degradation__p043__dirt_dust__severe,lama__synthetic_degradation__synthetic_degradation__p043__dirt_dust__severe,synthetic_degradation__p043__dirt_dust__severe,p043__dirt_dust__severe,synthetic_degradation__p043__dirt_dust__severe,synthetic_degradation,primary,p043,high_texture_brushwork,The Card Players,Paul Cézanne,Post-Impressionism,lama,,,,,mask_bbox_crop,589824,0,0,768,768,14475,False,> 127,8,alex,256,0.0002645487547852099,0.0011357353068888187,-0.0008711865521036088,0.07013599993661046,0.38600379996933043,2.0.0,restoration_eval.metrics_lpips,cuda,3.12.6,2.1.3,2.2.3,11.0.0,2.5.1+cu121,0.1.4,ok,
lama__synthetic_degradation__synthetic_degradation__p043__partial_transparency__mild__full_image__lpips,lama__synthetic_degradation__synthetic_degradation__p043__partial_transparency__mild,lama__synthetic_degradation__synthetic_degradation__p043__partial_transparency__mild,lama__synthetic_degradation__synthetic_degradation__p043__partial_transparency__mild,synthetic_degradation__p043__partial_transparency__mild,p043__partial_transparency__mild,synthetic_degradation__p043__partial_transparency__mild,synthetic_degradation,primary,p043,high_texture_brushwork,The Card Players,Paul Cézanne,Post-Impressionism,lama,,,,,full_image,589824,0,0,768,768,23169,False,> 127,8,alex,256,0.00146778323687613,0.021254025399684906,-0.019786242162808776,0.0774428000440821,0.35852439992595464,2.0.0,restoration_eval.metrics_lpips,cuda,3.12.6,2.1.3,2.2.3,11.0.0,2.5.1+cu121,0.1.4,ok,
lama__synthetic_degradation__synthetic_degradation__p043__partial_transparency__mild__content_region__lpips,lama__synthetic_degradation__synthetic_degradation__p043__partial_transparency__mild,lama__synthetic_degradation__synthetic_degradation__p043__partial_transparency__mild,lama__synthetic_degradation__synthetic_degradation__p043__partial_transparency__mild,synthetic_degradation__p043__partial_transparency__mild,p043__partial_transparency__mild,synthetic_degradation__p043__partial_transparency__mild,synthetic_degradation,primary,p043,high_texture_brushwork,The Card Players,Paul Cézanne,Post-Impressionism,lama,,,,,content_region,469248,0,78,768,689,23169,False,> 127,8,alex,256,0.0016454244032502174,0.024578431621193886,-0.02293300721794367,0.06789890001527965,0.35852439992595464,2.0.0,restoration_eval.metrics_lpips,cuda,3.12.6,2.1.3,2.2.3,11.0.0,2.5.1+cu121,0.1.4,ok,
lama__synthetic_degradation__synthetic_degradation__p043__partial_transparency__mild__mask_bbox_crop__lpips,lama__synthetic_degradation__synthetic_degradation__p043__partial_transparency__mild,lama__synthetic_degradation__synthetic_degradation__p043__partial_transparency__mild,lama__synthetic_degradation__synthetic_degradation__p043__partial_transparency__mild,synthetic_degradation__p043__partial_transparency__mild,p043__partial_transparency__mild,synthetic_degradation__p043__partial_transparency__mild,synthetic_degradation,primary,p043,high_texture_brushwork,The Card Players,Paul Cézanne,Post-Impressionism,lama,,,,,mask_bbox_crop,69696,127,169,391,433,23169,False,> 127,8,alex,256,0.005544123239815235,0.16298533976078033,-0.1574412165209651,0.04104449995793402,0.35852439992595464,2.0.0,restoration_eval.metrics_lpips,cuda,3.12.6,2.1.3,2.2.3,11.0.0,2.5.1+cu121,0.1.4,ok,
lama__synthetic_degradation__synthetic_degradation__p043__partial_transparency__moderate__full_image__lpips,lama__synthetic_degradation__synthetic_degradation__p043__partial_transparency__moderate,lama__synthetic_degradation__synthetic_degradation__p043__partial_transparency__moderate,lama__synthetic_degradation__synthetic_degradation__p043__partial_transparency__moderate,synthetic_degradation__p043__partial_transparency__moderate,p043__partial_transparency__moderate,synthetic_degradation__p043__partial_transparency__moderate,synthetic_degradation,primary,p043,high_texture_brushwork,The Card Players,Paul Cézanne,Post-Impressionism,lama,,,,,full_image,589824,0,0,768,768,108836,False,> 127,8,alex,256,0.009047038853168488,0.10055651515722275,-0.09150947630405426,0.07336299994494766,0.3963289000093937,2.0.0,restoration_eval.metrics_lpips,cuda,3.12.6,2.1.3,2.2.3,11.0.0,2.5.1+cu121,0.1.4,ok,
lama__synthetic_degradation__synthetic_degradation__p043__partial_transparency__moderate__content_region__lpips,lama__synthetic_degradation__synthetic_degradation__p043__partial_transparency__moderate,lama__synthetic_degradation__synthetic_degradation__p043__partial_transparency__moderate,lama__synthetic_degradation__synthetic_degradation__p043__partial_transparency__moderate,synthetic_degradation__p043__partial_transparency__moderate,p043__partial_transparency__moderate,synthetic_degradation__p043__partial_transparency__moderate,synthetic_degradation,primary,p043,high_texture_brushwork,The Card Players,Paul Cézanne,Post-Impressionism,lama,,,,,content_region,469248,0,78,768,689,108836,False,> 127,8,alex,256,0.009999709203839302,0.12505364418029785,-0.11505393497645855,0.0754822000162676,0.3963289000093937,2.0.0,restoration_eval.metrics_lpips,cuda,3.12.6,2.1.3,2.2.3,11.0.0,2.5.1+cu121,0.1.4,ok,
lama__synthetic_degradation__synthetic_degradation__p043__partial_transparency__moderate__mask_bbox_crop__lpips,lama__synthetic_degradation__synthetic_degradation__p043__partial_transparency__moderate,lama__synthetic_degradation__synthetic_degradation__p043__partial_transparency__moderate,lama__synthetic_degradation__synthetic_degradation__p043__partial_transparency__moderate,synthetic_degradation__p043__partial_transparency__moderate,p043__partial_transparency__moderate,synthetic_degradation__p043__partial_transparency__moderate,synthetic_degradation,primary,p043,high_texture_brushwork,The Card Players,Paul Cézanne,Post-Impressionism,lama,,,,,mask_bbox_crop,318096,158,194,722,758,108836,False,> 127,8,alex,256,0.012949880212545395,0.17298763990402222,-0.16003775969147682,0.05905389995314181,0.3963289000093937,2.0.0,restoration_eval.metrics_lpips,cuda,3.12.6,2.1.3,2.2.3,11.0.0,2.5.1+cu121,0.1.4,ok,
lama__synthetic_degradation__synthetic_degradation__p043__partial_transparency__severe__full_image__lpips,lama__synthetic_degradation__synthetic_degradation__p043__partial_transparency__severe,lama__synthetic_degradation__synthetic_degradation__p043__partial_transparency__severe,lama__synthetic_degradation__synthetic_degradation__p043__partial_transparency__severe,synthetic_degradation__p043__partial_transparency__severe,p043__partial_transparency__severe,synthetic_degradation__p043__partial_transparency__severe,synthetic_degradation,primary,p043,high_texture_brushwork,The Card Players,Paul Cézanne,Post-Impressionism,lama,,,,,full_image,589824,0,0,768,768,202937,False,> 127,8,alex,256,0.04626321420073509,0.26310306787490845,-0.21683985367417336,0.07656509999651462,0.41723730007652193,2.0.0,restoration_eval.metrics_lpips,cuda,3.12.6,2.1.3,2.2.3,11.0.0,2.5.1+cu121,0.1.4,ok,
lama__synthetic_degradation__synthetic_degradation__p043__partial_transparency__severe__content_region__lpips,lama__synthetic_degradation__synthetic_degradation__p043__partial_transparency__severe,lama__synthetic_degradation__synthetic_degradation__p043__partial_transparency__severe,lama__synthetic_degradation__synthetic_degradation__p043__partial_transparency__severe,synthetic_degradation__p043__partial_transparency__severe,p043__partial_transparency__severe,synthetic_degradation__p043__partial_transparency__severe,synthetic_degradation,primary,p043,high_texture_brushwork,The Card Players,Paul Cézanne,Post-Impressionism,lama,,,,,content_region,469248,0,78,768,689,202937,False,> 127,8,alex,256,0.052992261946201324,0.3286173939704895,-0.2756251320242882,0.07387399999424815,0.41723730007652193,2.0.0,restoration_eval.metrics_lpips,cuda,3.12.6,2.1.3,2.2.3,11.0.0,2.5.1+cu121,0.1.4,ok,
lama__synthetic_degradation__synthetic_degradation__p043__partial_transparency__severe__mask_bbox_crop__lpips,lama__synthetic_degradation__synthetic_degradation__p043__partial_transparency__severe,lama__synthetic_degradation__synthetic_degradation__p043__partial_transparency__severe,lama__synthetic_degradation__synthetic_degradation__p043__partial_transparency__severe,synthetic_degradation__p043__partial_transparency__severe,p043__partial_transparency__severe,synthetic_degradation__p043__partial_transparency__severe,synthetic_degradation,primary,p043,high_texture_brushwork,The Card Players,Paul Cézanne,Post-Impressionism,lama,,,,,mask_bbox_crop,376996,56,110,670,724,202937,False,> 127,8,alex,256,0.06615772843360901,0.4091150760650635,-0.34295734763145447,0.06386959995143116,0.41723730007652193,2.0.0,restoration_eval.metrics_lpips,cuda,3.12.6,2.1.3,2.2.3,11.0.0,2.5.1+cu121,0.1.4,ok,
lama__synthetic_degradation__synthetic_degradation__p043__water_stain__mild__full_image__lpips,lama__synthetic_degradation__synthetic_degradation__p043__water_stain__mild,lama__synthetic_degradation__synthetic_degradation__p043__water_stain__mild,lama__synthetic_degradation__synthetic_degradation__p043__water_stain__mild,synthetic_degradation__p043__water_stain__mild,p043__water_stain__mild,synthetic_degradation__p043__water_stain__mild,synthetic_degradation,primary,p043,high_texture_brushwork,The Card Players,Paul Cézanne,Post-Impressionism,lama,,,,,full_image,589824,0,0,768,768,6506,False,> 127,8,alex,256,0.0010114861652255058,0.0018346403958275914,-0.0008231542306020856,0.07466880010906607,0.3859130999771878,2.0.0,restoration_eval.metrics_lpips,cuda,3.12.6,2.1.3,2.2.3,11.0.0,2.5.1+cu121,0.1.4,ok,
lama__synthetic_degradation__synthetic_degradation__p043__water_stain__mild__content_region__lpips,lama__synthetic_degradation__synthetic_degradation__p043__water_stain__mild,lama__synthetic_degradation__synthetic_degradation__p043__water_stain__mild,lama__synthetic_degradation__synthetic_degradation__p043__water_stain__mild,synthetic_degradation__p043__water_stain__mild,p043__water_stain__mild,synthetic_degradation__p043__water_stain__mild,synthetic_degradation,primary,p043,high_texture_brushwork,The Card Players,Paul Cézanne,Post-Impressionism,lama,,,,,content_region,469248,0,78,768,689,6506,False,> 127,8,alex,256,0.001378829125314951,0.0026585401501506567,-0.0012797110248357058,0.0799311000155285,0.3859130999771878,2.0.0,restoration_eval.metrics_lpips,cuda,3.12.6,2.1.3,2.2.3,11.0.0,2.5.1+cu121,0.1.4,ok,
lama__synthetic_degradation__synthetic_degradation__p043__water_stain__mild__mask_bbox_crop__lpips,lama__synthetic_degradation__synthetic_degradation__p043__water_stain__mild,lama__synthetic_degradation__synthetic_degradation__p043__water_stain__mild,lama__synthetic_degradation__synthetic_degradation__p043__water_stain__mild,synthetic_degradation__p043__water_stain__mild,p043__water_stain__mild,synthetic_degradation__p043__water_stain__mild,synthetic_degradation,primary,p043,high_texture_brushwork,The Card Players,Paul Cézanne,Post-Impressionism,lama,,,,,mask_bbox_crop,80656,86,234,370,518,6506,False,> 127,8,alex,256,0.007214625831693411,0.02071722038090229,-0.01350259454920888,0.05688189994543791,0.3859130999771878,2.0.0,restoration_eval.metrics_lpips,cuda,3.12.6,2.1.3,2.2.3,11.0.0,2.5.1+cu121,0.1.4,ok,
lama__synthetic_degradation__synthetic_degradation__p043__water_stain__moderate__full_image__lpips,lama__synthetic_degradation__synthetic_degradation__p043__water_stain__moderate,lama__synthetic_degradation__synthetic_degradation__p043__water_stain__moderate,lama__synthetic_degradation__synthetic_degradation__p043__water_stain__moderate,synthetic_degradation__p043__water_stain__moderate,p043__water_stain__moderate,synthetic_degradation__p043__water_stain__moderate,synthetic_degradation,primary,p043,high_texture_brushwork,The Card Players,Paul Cézanne,Post-Impressionism,lama,,,,,full_image,589824,0,0,768,768,0,False,> 127,8,alex,256,0.0045307655818760395,0.0045307655818760395,0.0,0.06829589989501983,0.2751808000029996,2.0.0,restoration_eval.metrics_lpips,cuda,3.12.6,2.1.3,2.2.3,11.0.0,2.5.1+cu121,0.1.4,ok,
lama__synthetic_degradation__synthetic_degradation__p043__water_stain__moderate__content_region__lpips,lama__synthetic_degradation__synthetic_degradation__p043__water_stain__moderate,lama__synthetic_degradation__synthetic_degradation__p043__water_stain__moderate,lama__synthetic_degradation__synthetic_degradation__p043__water_stain__moderate,synthetic_degradation__p043__water_stain__moderate,p043__water_stain__moderate,synthetic_degradation__p043__water_stain__moderate,synthetic_degradation,primary,p043,high_texture_brushwork,The Card Players,Paul Cézanne,Post-Impressionism,lama,,,,,content_region,469248,0,78,768,689,0,False,> 127,8,alex,256,0.004924355074763298,0.004924355074763298,0.0,0.056264500017277896,0.2751808000029996,2.0.0,restoration_eval.metrics_lpips,cuda,3.12.6,2.1.3,2.2.3,11.0.0,2.5.1+cu121,0.1.4,ok,
lama__synthetic_degradation__synthetic_degradation__p043__water_stain__severe__full_image__lpips,lama__synthetic_degradation__synthetic_degradation__p043__water_stain__severe,lama__synthetic_degradation__synthetic_degradation__p043__water_stain__severe,lama__synthetic_degradation__synthetic_degradation__p043__water_stain__severe,synthetic_degradation__p043__water_stain__severe,p043__water_stain__severe,synthetic_degradation__p043__water_stain__severe,synthetic_degradation,primary,p043,high_texture_brushwork,The Card Players,Paul Cézanne,Post-Impressionism,lama,,,,,full_image,589824,0,0,768,768,23805,False,> 127,8,alex,256,0.010149405337870121,0.023212337866425514,-0.013062932528555393,0.0632665999000892,0.3219417999498546,2.0.0,restoration_eval.metrics_lpips,cuda,3.12.6,2.1.3,2.2.3,11.0.0,2.5.1+cu121,0.1.4,ok,
lama__synthetic_degradation__synthetic_degradation__p043__water_stain__severe__content_region__lpips,lama__synthetic_degradation__synthetic_degradation__p043__water_stain__severe,lama__synthetic_degradation__synthetic_degradation__p043__water_stain__severe,lama__synthetic_degradation__synthetic_degradation__p043__water_stain__severe,synthetic_degradation__p043__water_stain__severe,p043__water_stain__severe,synthetic_degradation__p043__water_stain__severe,synthetic_degradation,primary,p043,high_texture_brushwork,The Card Players,Paul Cézanne,Post-Impressionism,lama,,,,,content_region,469248,0,78,768,689,23805,False,> 127,8,alex,256,0.011227313429117203,0.02882523462176323,-0.017597921192646027,0.05722670000977814,0.3219417999498546,2.0.0,restoration_eval.metrics_lpips,cuda,3.12.6,2.1.3,2.2.3,11.0.0,2.5.1+cu121,0.1.4,ok,
lama__synthetic_degradation__synthetic_degradation__p043__water_stain__severe__mask_bbox_crop__lpips,lama__synthetic_degradation__synthetic_degradation__p043__water_stain__severe,lama__synthetic_degradation__synthetic_degradation__p043__water_stain__severe,lama__synthetic_degradation__synthetic_degradation__p043__water_stain__severe,synthetic_degradation__p043__water_stain__severe,p043__water_stain__severe,synthetic_degradation__p043__water_stain__severe,synthetic_degradation,primary,p043,high_texture_brushwork,The Card Players,Paul Cézanne,Post-Impressionism,lama,,,,,mask_bbox_crop,98596,428,282,742,596,23805,False,> 127,8,alex,256,0.021946623921394348,0.1116962879896164,-0.08974966406822205,0.03273169999010861,0.3219417999498546,2.0.0,restoration_eval.metrics_lpips,cuda,3.12.6,2.1.3,2.2.3,11.0.0,2.5.1+cu121,0.1.4,ok,
lama__synthetic_degradation__synthetic_degradation__p043__water_stain_dirt__moderate__full_image__lpips,lama__synthetic_degradation__synthetic_degradation__p043__water_stain_dirt__moderate,lama__synthetic_degradation__synthetic_degradation__p043__water_stain_dirt__moderate,lama__synthetic_degradation__synthetic_degradation__p043__water_stain_dirt__moderate,synthetic_degradation__p043__water_stain_dirt__moderate,p043__water_stain_dirt__moderate,synthetic_degradation__p043__water_stain_dirt__moderate,synthetic_degradation,primary,p043,high_texture_brushwork,The Card Players,Paul Cézanne,Post-Impressionism,lama,,,,,full_image,589824,0,0,768,768,23471,False,> 127,8,alex,256,0.005014385096728802,0.017559483647346497,-0.012545098550617695,0.06695849995594472,0.35036369995214045,2.0.0,restoration_eval.metrics_lpips,cuda,3.12.6,2.1.3,2.2.3,11.0.0,2.5.1+cu121,0.1.4,ok,
lama__synthetic_degradation__synthetic_degradation__p043__water_stain_dirt__moderate__content_region__lpips,lama__synthetic_degradation__synthetic_degradation__p043__water_stain_dirt__moderate,lama__synthetic_degradation__synthetic_degradation__p043__water_stain_dirt__moderate,lama__synthetic_degradation__synthetic_degradation__p043__water_stain_dirt__moderate,synthetic_degradation__p043__water_stain_dirt__moderate,p043__water_stain_dirt__moderate,synthetic_degradation__p043__water_stain_dirt__moderate,synthetic_degradation,primary,p043,high_texture_brushwork,The Card Players,Paul Cézanne,Post-Impressionism,lama,,,,,content_region,469248,0,78,768,689,23471,False,> 127,8,alex,256,0.005632040090858936,0.02060301974415779,-0.014970979653298855,0.06157129991333932,0.35036369995214045,2.0.0,restoration_eval.metrics_lpips,cuda,3.12.6,2.1.3,2.2.3,11.0.0,2.5.1+cu121,0.1.4,ok,
lama__synthetic_degradation__synthetic_degradation__p043__water_stain_dirt__moderate__mask_bbox_crop__lpips,lama__synthetic_degradation__synthetic_degradation__p043__water_stain_dirt__moderate,lama__synthetic_degradation__synthetic_degradation__p043__water_stain_dirt__moderate,lama__synthetic_degradation__synthetic_degradation__p043__water_stain_dirt__moderate,synthetic_degradation__p043__water_stain_dirt__moderate,p043__water_stain_dirt__moderate,synthetic_degradation__p043__water_stain_dirt__moderate,synthetic_degradation,primary,p043,high_texture_brushwork,The Card Players,Paul Cézanne,Post-Impressionism,lama,,,,,mask_bbox_crop,204304,284,264,736,716,23471,False,> 127,8,alex,256,0.010046069510281086,0.055396899580955505,-0.04535083007067442,0.041767300106585026,0.35036369995214045,2.0.0,restoration_eval.metrics_lpips,cuda,3.12.6,2.1.3,2.2.3,11.0.0,2.5.1+cu121,0.1.4,ok,
