dataset_name,case_id,painting_id,mask_id,mask_type,category,model_name,full_pixel_count,masked_pixel_count,damaged_error_mean_full,restored_error_mean_full,improvement_mean_full,damaged_error_max_full,restored_error_max_full,improvement_min_full,improvement_max_full,damaged_error_mean_masked,restored_error_mean_masked,improvement_mean_masked,improvement_std_masked,negative_improvement_pixels_masked,positive_improvement_pixels_masked,zero_improvement_pixels_masked,negative_improvement_percentage_masked,positive_improvement_percentage_masked
canonical,p001_loss_large,p001,,,portrait_figure,opencv_telea,589824,69018,25.746440887451172,1.2979121208190918,24.448530197143555,254.0,143.6666717529297,-56.333335876464844,248.0,220.0276641845703,11.09188461303711,208.93577575683594,31.118331909179688,26,68991,1,0.037671332116259525,99.96087977049466
canonical,p001_loss_small,p001,,,portrait_figure,opencv_telea,589824,18239,7.1887383460998535,0.14046111702919006,7.048277854919434,252.0,65.33333587646484,0.0,247.0,232.47381591796875,4.542317867279053,227.93150329589844,18.35050392150879,0,18239,0,0.0,100.0
canonical,p001_mixed_damage,p001,,,portrait_figure,opencv_telea,589824,45733,17.357267379760742,1.0336556434631348,16.323612213134766,255.0,108.66666412353516,0.0,254.3333282470703,223.85874938964844,13.331174850463867,210.527587890625,34.03352355957031,0,45733,0,0.0,100.0
canonical,p001_scratch_thin,p001,,,portrait_figure,opencv_telea,589824,12058,4.526925563812256,0.0869733989238739,4.439952373504639,255.0,95.66666412353516,0.0,253.0,221.43716430664062,4.254354000091553,217.18280029296875,28.250825881958008,0,12058,0,0.0,100.0
canonical,p001_zero_control,p001,,,portrait_figure,opencv_telea,589824,0,0.0,0.0,0.0,0.0,0.0,0.0,0.0,,,,,0,0,0,,
canonical,p002_loss_large,p002,,,portrait_figure,opencv_telea,589824,37439,11.456361770629883,1.3658976554870605,10.09046459197998,246.0,186.0,-141.3333282470703,241.33334350585938,180.486572265625,21.518718719482422,158.9678497314453,71.35555267333984,2264,35164,11,6.047170063302973,93.92344881006437
canonical,p002_loss_small,p002,,,portrait_figure,opencv_telea,589824,18776,6.632436752319336,0.17778073251247406,6.454656600952148,255.0,133.0,-11.0,255.0,208.34951782226562,5.584753513336182,202.7647705078125,21.459068298339844,3,18773,0,0.015977844056242013,99.98402215594376
canonical,p002_mixed_damage,p002,,,portrait_figure,opencv_telea,589824,34546,12.076332092285156,0.3974665403366089,11.678863525390625,255.0,125.33333587646484,0.0,255.0,206.18624877929688,6.7861785888671875,199.40003967285156,31.605579376220703,0,34546,0,0.0,100.0
canonical,p002_scratch_thin,p002,,,portrait_figure,opencv_telea,589824,9599,3.5371804237365723,0.0729353129863739,3.464245080947876,255.0,74.33333587646484,0.0,255.0,217.34701538085938,4.481612682342529,212.86538696289062,30.146835327148438,0,9599,0,0.0,100.0
canonical,p002_zero_control,p002,,,portrait_figure,opencv_telea,589824,0,0.0,0.0,0.0,0.0,0.0,0.0,0.0,,,,,0,0,0,,
canonical,p003_loss_large,p003,,,portrait_figure,opencv_telea,589824,61056,19.12736701965332,2.181410074234009,16.945959091186523,237.6666717529297,153.6666717529297,-122.66666412353516,232.3333282470703,184.77760314941406,21.073244094848633,163.70437622070312,49.482666015625,694,60360,2,1.13666142557652,98.86006289308176
canonical,p003_loss_small,p003,,,portrait_figure,opencv_telea,589824,21602,6.794864177703857,0.4480862021446228,6.346779823303223,234.6666717529297,134.6666717529297,-82.33332824707031,231.0,185.5279541015625,12.234607696533203,173.2933349609375,49.05537414550781,195,21404,3,0.9026941949819461,99.08341820201834
canonical,p003_mixed_damage,p003,,,portrait_figure,opencv_telea,589824,43486,15.02254581451416,0.7135958671569824,14.308951377868652,255.0,134.0,-97.0,231.3333282470703,203.7588653564453,9.678885459899902,194.07998657226562,33.63204574584961,64,43422,0,0.14717380306305478,99.85282619693695
canonical,p003_scratch_thin,p003,,,portrait_figure,opencv_telea,589824,7403,2.491366386413574,0.0640648752450943,2.4273018836975098,255.0,75.0,0.0,231.0,198.4962921142578,5.104281902313232,193.39199829101562,28.902713775634766,0,7403,0,0.0,100.0
canonical,p003_zero_control,p003,,,portrait_figure,opencv_telea,589824,0,0.0,0.0,0.0,0.0,0.0,0.0,0.0,,,,,0,0,0,,
canonical,p004_loss_large,p004,,,portrait_figure,opencv_telea,589824,64390,20.777372360229492,3.2871670722961426,17.49020767211914,240.6666717529297,153.3333282470703,-83.0,236.0,190.32449340820312,30.111042022705078,160.21343994140625,48.528358459472656,216,64171,3,0.3354558161205156,99.65988507532225
canonical,p004_loss_small,p004,,,portrait_figure,opencv_telea,589824,20406,5.596885681152344,0.4865473508834839,5.1103386878967285,255.0,116.33333587646484,-33.333335876464844,255.0,161.77487182617188,14.063379287719727,147.71148681640625,40.902767181396484,9,20397,0,0.04410467509556013,99.95589532490445
canonical,p004_mixed_damage,p004,,,portrait_figure,opencv_telea,589824,49686,16.22382354736328,1.4094001054763794,14.814422607421875,255.0,161.6666717529297,-46.333335876464844,255.0,192.59349060058594,16.731029510498047,175.86245727539062,44.48748016357422,94,49590,2,0.18918810127601338,99.80678661997344
canonical,p004_scratch_thin,p004,,,portrait_figure,opencv_telea,589824,7733,2.5906877517700195,0.07023168355226517,2.520456314086914,255.0,99.66666412353516,-64.33332824707031,255.0,197.6011962890625,5.356825351715088,192.24436950683594,57.379825592041016,14,7719,0,0.1810422863054442,99.81895771369456
canonical,p004_zero_control,p004,,,portrait_figure,opencv_telea,589824,0,0.0,0.0,0.0,0.0,0.0,0.0,0.0,,,,,0,0,0,,
canonical,p005_loss_large,p005,,,portrait_figure,opencv_telea,589824,55771,18.641864776611328,2.1825714111328125,16.45929527282715,246.3333282470703,132.0,-54.666664123535156,236.6666717529297,197.1530303955078,23.082477569580078,174.07054138183594,59.63008499145508,539,55216,16,0.9664520987610048,99.00485915619228
canonical,p005_loss_small,p005,,,portrait_figure,opencv_telea,589824,16173,5.572961807250977,0.4074012041091919,5.165560722351074,245.6666717529297,92.0,0.0,231.0,203.24407958984375,14.8577880859375,188.38629150390625,38.85965347290039,0,16173,0,0.0,100.0
canonical,p005_mixed_damage,p005,,,portrait_figure,opencv_telea,589824,35823,12.51356029510498,0.6868517398834229,11.826709747314453,252.6666717529297,141.0,-66.0,241.3333282470703,206.03521728515625,11.308982849121094,194.72622680664062,37.434574127197266,40,35782,1,0.11166010663540184,99.88554839069872
canonical,p005_scratch_thin,p005,,,portrait_figure,opencv_telea,589824,10708,3.361008882522583,0.194522425532341,3.1664857864379883,254.0,98.0,-8.333332061767578,243.6666717529297,185.13296508789062,10.714792251586914,174.41815185546875,45.61276626586914,2,10706,0,0.01867762420620097,99.9813223757938
canonical,p005_zero_control,p005,,,portrait_figure,opencv_telea,589824,0,0.0,0.0,0.0,0.0,0.0,0.0,0.0,,,,,0,0,0,,
canonical,p006_loss_large,p006,,,portrait_figure,opencv_telea,589824,60137,22.40875816345215,1.0705673694610596,21.33818817138672,251.6666717529297,60.0,0.0,250.0,219.7852020263672,10.500129699707031,209.28506469726562,14.914468765258789,0,60137,0,0.0,100.0
canonical,p006_loss_small,p006,,,portrait_figure,opencv_telea,589824,17979,6.742846965789795,0.07670141011476517,6.666145324707031,240.6666717529297,40.66666793823242,0.0,239.0,221.20770263671875,2.5162875652313232,218.69139099121094,12.599738121032715,0,17979,0,0.0,100.0
canonical,p006_mixed_damage,p006,,,portrait_figure,opencv_telea,589824,42916,16.178836822509766,0.48586124181747437,15.692975997924805,255.0,131.6666717529297,-16.00000762939453,255.0,222.3568115234375,6.677525043487549,215.6792755126953,20.140060424804688,3,42913,0,0.00699039985087147,99.99300960014912
canonical,p006_scratch_thin,p006,,,portrait_figure,opencv_telea,589824,12613,4.933175086975098,0.06854982674121857,4.864625930786133,255.0,136.3333282470703,-40.33332824707031,255.0,230.69097900390625,3.2056078910827637,227.48536682128906,18.299699783325195,3,12609,1,0.023784983746927772,99.96828668833743
canonical,p006_zero_control,p006,,,portrait_figure,opencv_telea,589824,0,0.0,0.0,0.0,0.0,0.0,0.0,0.0,,,,,0,0,0,,
canonical,p007_loss_large,p007,,,portrait_figure,opencv_telea,589824,45215,12.645487785339355,2.2675516605377197,10.377936363220215,248.6666717529297,133.3333282470703,-42.666664123535156,241.0,164.9587860107422,29.579923629760742,135.3788604736328,60.17051696777344,952,44257,6,2.105495963728851,97.88123410372664
canonical,p007_loss_small,p007,,,portrait_figure,opencv_telea,589824,19342,5.337705612182617,0.630476176738739,4.7072296142578125,239.3333282470703,122.66666412353516,-27.666664123535156,234.0,162.77049255371094,19.226036071777344,143.54446411132812,54.9478874206543,58,19284,0,0.2998655774997415,99.70013442250026
canonical,p007_mixed_damage,p007,,,portrait_figure,opencv_telea,589824,37452,11.108131408691406,1.3957780599594116,9.712352752685547,255.0,132.6666717529297,-53.333335876464844,255.0,174.9397430419922,21.98182487487793,152.95790100097656,61.30197525024414,422,37023,7,1.126775606109153,98.85453380326818
canonical,p007_scratch_thin,p007,,,portrait_figure,opencv_telea,589824,10223,3.5449094772338867,0.07786502689123154,3.46704363822937,255.0,63.0,0.0,255.0,204.52630615234375,4.492484092712402,200.0338134765625,34.66176986694336,0,10223,0,0.0,100.0
canonical,p007_zero_control,p007,,,portrait_figure,opencv_telea,589824,0,0.0,0.0,0.0,0.0,0.0,0.0,0.0,,,,,0,0,0,,
canonical,p008_loss_large,p008,,,portrait_figure,opencv_telea,589824,45900,15.460174560546875,1.3777612447738647,14.082415580749512,244.0,108.66666412353516,-9.0,241.0,198.66629028320312,17.70450210571289,180.96180725097656,30.11870574951172,8,45892,0,0.017429193899782137,99.98257080610021
canonical,p008_loss_small,p008,,,portrait_figure,opencv_telea,589824,23917,7.81492805480957,0.30787885189056396,7.507048606872559,242.3333282470703,91.0,0.0,237.6666717529297,192.72618103027344,7.592689037322998,185.1334991455078,23.416112899780273,0,23917,0,0.0,100.0
canonical,p008_mixed_damage,p008,,,portrait_figure,opencv_telea,589824,39423,11.804630279541016,0.9227718710899353,10.881856918334961,255.0,112.33333587646484,-0.6666717529296875,240.3333282470703,176.61399841308594,13.805975914001465,162.80799865722656,41.69506072998047,1,39422,0,0.002536590315298176,99.9974634096847
canonical,p008_scratch_thin,p008,,,portrait_figure,opencv_telea,589824,10439,3.3003616333007812,0.1197984367609024,3.1805636882781982,255.0,92.66666412353516,0.0,255.0,186.47691345214844,6.768847465515137,179.7080841064453,26.19644546508789,0,10439,0,0.0,100.0
canonical,p008_zero_control,p008,,,portrait_figure,opencv_telea,589824,0,0.0,0.0,0.0,0.0,0.0,0.0,0.0,,,,,0,0,0,,
canonical,p009_loss_large,p009,,,portrait_figure,opencv_telea,589824,54933,9.913281440734863,4.024220943450928,5.889060974121094,255.0,211.6666717529297,-122.66665649414062,216.66665649414062,106.4404067993164,43.20867156982422,63.23174285888672,49.95401382446289,5793,49087,53,10.545573698869532,89.35794513316222
canonical,p009_loss_small,p009,,,portrait_figure,opencv_telea,589824,18061,3.791642904281616,0.6743492484092712,3.117293357849121,250.0,196.3333282470703,-80.33332824707031,229.0,123.82494354248047,22.022441864013672,101.80248260498047,47.27460479736328,230,17825,6,1.273462156026798,98.69331709207685
canonical,p009_mixed_damage,p009,,,portrait_figure,opencv_telea,589824,40422,10.236725807189941,1.4637869596481323,8.772939682006836,255.0,160.0,-79.0,239.66665649414062,149.37083435058594,21.359079360961914,128.01174926757812,53.3936882019043,569,39841,12,1.4076492998862007,98.56266389589827
canonical,p009_scratch_thin,p009,,,portrait_figure,opencv_telea,589824,12074,2.555044412612915,0.2574480175971985,2.2975969314575195,255.0,154.3333282470703,-98.0,252.6666717529297,124.81586456298828,12.576528549194336,112.23932647705078,51.79964828491211,44,12029,1,0.36441941361603447,99.6272983269836
canonical,p009_zero_control,p009,,,portrait_figure,opencv_telea,589824,0,0.0,0.0,0.0,0.0,0.0,0.0,0.0,,,,,0,0,0,,
canonical,p010_loss_large,p010,,,portrait_figure,opencv_telea,589824,73017,23.686914443969727,1.9565232992172241,21.730392456054688,244.0,107.33333587646484,-5.0,234.0,191.3405303955078,15.804596900939941,175.53594970703125,26.870784759521484,2,73015,0,0.0027390881575523507,99.99726091184245
canonical,p010_loss_small,p010,,,portrait_figure,opencv_telea,589824,19717,6.753572940826416,0.4364589750766754,6.317114353179932,240.0,103.0,0.0,233.33334350585938,202.02969360351562,13.056448936462402,188.9732666015625,25.02513313293457,0,19717,0,0.0,100.0
canonical,p010_mixed_damage,p010,,,portrait_figure,opencv_telea,589824,43214,13.837060928344727,1.1184368133544922,12.718624114990234,255.0,123.33333587646484,-29.666671752929688,255.0,188.86077880859375,15.265446662902832,173.5953369140625,36.64780044555664,4,43210,0,0.009256259545517656,99.99074374045448
canonical,p010_scratch_thin,p010,,,portrait_figure,opencv_telea,589824,13544,4.738420486450195,0.21977518498897552,4.518645763397217,255.0,93.0,0.0,255.0,206.35220336914062,9.570929527282715,196.78128051757812,35.170047760009766,0,13544,0,0.0,100.0
canonical,p010_zero_control,p010,,,portrait_figure,opencv_telea,589824,0,0.0,0.0,0.0,0.0,0.0,0.0,0.0,,,,,0,0,0,,
canonical,p011_loss_large,p011,,,landscape_natural,opencv_telea,589824,42824,9.734347343444824,0.7460705637931824,8.988276481628418,228.0,88.0,0.0,191.6666717529297,134.07321166992188,10.275788307189941,123.79743957519531,17.975849151611328,0,42824,0,0.0,100.0
canonical,p011_loss_small,p011,,,landscape_natural,opencv_telea,589824,19318,4.509931564331055,0.2205980271100998,4.289333820343018,221.3333282470703,99.0,0.0,206.0,137.69882202148438,6.735376834869385,130.9634552001953,16.892120361328125,0,19318,0,0.0,100.0
canonical,p011_mixed_damage,p011,,,landscape_natural,opencv_telea,589824,36991,9.253679275512695,0.44462865591049194,8.80904769897461,255.0,108.0,0.0,255.0,147.55052185058594,7.089634895324707,140.46087646484375,24.437118530273438,0,36991,0,0.0,100.0
canonical,p011_scratch_thin,p011,,,landscape_natural,opencv_telea,589824,7275,1.735180377960205,0.0640953928232193,1.6710848808288574,255.0,113.33333587646484,0.0,254.0,140.68055725097656,5.196563720703125,135.48397827148438,31.474931716918945,0,7275,0,0.0,100.0
canonical,p011_zero_control,p011,,,landscape_natural,opencv_telea,589824,0,0.0,0.0,0.0,0.0,0.0,0.0,0.0,,,,,0,0,0,,
canonical,p012_loss_large,p012,,,landscape_natural,opencv_telea,589824,46029,14.35438060760498,1.8021093606948853,12.55226993560791,236.6666717529297,117.66666412353516,0.0,228.66665649414062,183.9396514892578,23.09255599975586,160.8470916748047,42.94965362548828,0,46029,0,0.0,100.0
canonical,p012_loss_small,p012,,,landscape_natural,opencv_telea,589824,22276,5.511012554168701,0.46450579166412354,5.046505928039551,235.3333282470703,85.66666412353516,-5.999996185302734,224.6666717529297,145.92059326171875,12.299186706542969,133.62139892578125,46.84933853149414,3,22273,0,0.013467408870533309,99.98653259112946
canonical,p012_mixed_damage,p012,,,landscape_natural,opencv_telea,589824,41283,9.085238456726074,0.8674592971801758,8.217779159545898,255.0,186.6666717529297,-131.33334350585938,253.6666717529297,129.8038330078125,12.393680572509766,117.41014099121094,52.82258224487305,856,40419,8,2.0734927209747354,97.90712884238064
canonical,p012_scratch_thin,p012,,,landscape_natural,opencv_telea,589824,9579,2.5285842418670654,0.20871704816818237,2.3198673725128174,255.0,180.6666717529297,-163.33334350585938,236.6666717529297,155.69680786132812,12.851690292358398,142.84512329101562,52.985130310058594,74,9504,1,0.7725232278943522,99.217037269026
canonical,p012_zero_control,p012,,,landscape_natural,opencv_telea,589824,0,0.0,0.0,0.0,0.0,0.0,0.0,0.0,,,,,0,0,0,,
canonical,p013_loss_large,p013,,,landscape_natural,opencv_telea,589824,48212,11.307676315307617,1.6974053382873535,9.610270500183105,244.3333282470703,135.3333282470703,-53.33332824707031,239.6666717529297,138.33775329589844,20.76599884033203,117.57174682617188,50.49458312988281,530,47671,11,1.0993113747614702,98.87787272878121
canonical,p013_loss_small,p013,,,landscape_natural,opencv_telea,589824,18639,5.008357048034668,0.3350287675857544,4.673327922821045,240.6666717529297,135.0,-52.0,236.0,158.48753356933594,10.601856231689453,147.88568115234375,45.89580535888672,7,18632,0,0.037555662857449434,99.96244433714256
canonical,p013_mixed_damage,p013,,,landscape_natural,opencv_telea,589824,35229,11.472944259643555,0.9185992479324341,10.554347038269043,255.0,136.0,-62.666664123535156,254.3333282470703,192.08660888671875,15.379715919494629,176.70687866210938,46.09632873535156,16,35212,1,0.04541712793437225,99.95174430156973
canonical,p013_scratch_thin,p013,,,landscape_natural,opencv_telea,589824,8069,2.7902565002441406,0.10256674885749817,2.687689781188965,255.0,82.0,0.0,255.0,203.9608612060547,7.497376441955566,196.4635009765625,45.85330581665039,0,8069,0,0.0,100.0
canonical,p013_zero_control,p013,,,landscape_natural,opencv_telea,589824,0,0.0,0.0,0.0,0.0,0.0,0.0,0.0,,,,,0,0,0,,
canonical,p014_loss_large,p014,,,landscape_natural,opencv_telea,589824,48567,14.477057456970215,2.2955803871154785,12.181475639343262,255.0,133.0,-30.666664123535156,255.0,175.81719970703125,27.87877082824707,147.93844604492188,35.58694839477539,2,48565,0,0.004118022525583215,99.99588197747441
canonical,p014_loss_small,p014,,,landscape_natural,opencv_telea,589824,16029,4.240571975708008,0.21688787639141083,4.023684024810791,226.3333282470703,88.0,0.0,222.3333282470703,156.04161071777344,7.980888843536377,148.0607147216797,38.715328216552734,0,16029,0,0.0,100.0
canonical,p014_mixed_damage,p014,,,landscape_natural,opencv_telea,589824,41872,11.567994117736816,1.1992131471633911,10.368779182434082,255.0,138.6666717529297,-26.666671752929688,255.0,162.95091247558594,16.892545700073242,146.05836486816406,54.085662841796875,57,41814,1,0.1361291555215896,99.86148261367978
canonical,p014_scratch_thin,p014,,,landscape_natural,opencv_telea,589824,9807,3.0830330848693848,0.18228881061077118,2.9007434844970703,255.0,98.0,0.0,255.0,185.42333984375,10.96342658996582,174.45989990234375,48.60317611694336,0,9807,0,0.0,100.0
canonical,p014_zero_control,p014,,,landscape_natural,opencv_telea,589824,0,0.0,0.0,0.0,0.0,0.0,0.0,0.0,,,,,0,0,0,,
canonical,p015_loss_large,p015,,,landscape_natural,opencv_telea,589824,63227,11.954705238342285,2.100412607192993,9.854292869567871,208.6666717529297,137.6666717529297,-70.0,170.33334350585938,111.52153778076172,19.59406280517578,91.92747497558594,27.534950256347656,377,62849,1,0.5962642541952015,99.40215414300853
canonical,p015_loss_small,p015,,,landscape_natural,opencv_telea,589824,21482,4.695065975189209,0.5749629735946655,4.120103359222412,211.3333282470703,135.6666717529297,-92.66667175292969,187.0,128.91082763671875,15.786565780639648,113.12425231933594,33.020538330078125,169,21312,1,0.7867051484964156,99.20863979145331
canonical,p015_mixed_damage,p015,,,landscape_natural,opencv_telea,589824,40213,7.5588555335998535,1.3972808122634888,6.161574840545654,199.6666717529297,110.66666412353516,-71.66666412353516,190.3333282470703,110.86949157714844,20.494606018066406,90.37488555908203,48.44617462158203,1920,38279,14,4.7745753860691815,95.19061000174074
canonical,p015_scratch_thin,p015,,,landscape_natural,opencv_telea,589824,8459,1.5751649141311646,0.15457265079021454,1.420591950416565,211.3333282470703,122.33333587646484,-77.33333587646484,190.6666717529297,109.8321304321289,10.777949333190918,99.05418395996094,44.1208381652832,279,8180,0,3.2982622059345075,96.7017377940655
canonical,p015_zero_control,p015,,,landscape_natural,opencv_telea,589824,0,0.0,0.0,0.0,0.0,0.0,0.0,0.0,,,,,0,0,0,,
canonical,p016_loss_large,p016,,,landscape_natural,opencv_telea,589824,44564,7.249678611755371,2.3670454025268555,4.882633686065674,199.6666717529297,143.3333282470703,-82.0,183.6666717529297,95.95265197753906,31.32888412475586,64.623779296875,45.65543746948242,3860,40646,58,8.661700026927566,91.20815007629477
canonical,p016_loss_small,p016,,,landscape_natural,opencv_telea,589824,12394,2.3405771255493164,0.51136714220047,1.8292100429534912,199.6666717529297,114.33333587646484,-69.0,177.6666717529297,111.3868637084961,24.3356990814209,87.05115509033203,41.70384216308594,329,12053,12,2.654510246893658,97.24866871066645
canonical,p016_mixed_damage,p016,,,landscape_natural,opencv_telea,589824,42648,7.648338317871094,1.5786370038986206,6.069700241088867,199.6666717529297,136.3333282470703,-65.66667175292969,183.3333282470703,105.77690887451172,21.832630157470703,83.94426727294922,39.3411750793457,921,41722,5,2.1595385481148,97.82873757268806
canonical,p016_scratch_thin,p016,,,landscape_natural,opencv_telea,589824,11050,1.9949755668640137,0.31006309390068054,1.6849126815795898,200.6666717529297,100.66666412353516,-86.0,180.0,106.4873046875,16.550466537475586,89.93683624267578,56.56879806518555,940,10107,3,8.506787330316742,91.46606334841628
canonical,p016_zero_control,p016,,,landscape_natural,opencv_telea,589824,0,0.0,0.0,0.0,0.0,0.0,0.0,0.0,,,,,0,0,0,,
canonical,p017_loss_large,p017,,,landscape_natural,opencv_telea,589824,46260,7.470204830169678,2.5102078914642334,4.95999813079834,190.0,140.0,-87.0,174.33334350585938,95.24657440185547,32.00563430786133,63.240943908691406,41.94617462158203,3646,42576,38,7.881539126675314,92.03631647211414
canonical,p017_loss_small,p017,,,landscape_natural,opencv_telea,589824,19853,3.5677549839019775,0.7851250767707825,2.7826294898986816,191.0,126.0,-69.66667175292969,184.3333282470703,105.99645233154297,23.325729370117188,82.67070770263672,38.45985794067383,470,19375,8,2.367400392887725,97.59230343021206
canonical,p017_mixed_damage,p017,,,landscape_natural,opencv_telea,589824,45115,7.266689777374268,1.5595475435256958,5.70713996887207,192.0,121.66666412353516,-83.66667175292969,183.6666717529297,95.00315856933594,20.389196395874023,74.61396789550781,39.1722412109375,1577,43507,31,3.4955114706860244,96.43577524105065
canonical,p017_scratch_thin,p017,,,landscape_natural,opencv_telea,589824,12946,1.9985508918762207,0.2668304443359375,1.7317200899124146,187.0,97.0,-48.66666793823242,178.6666717529297,91.05461120605469,12.156882286071777,78.8977279663086,41.855899810791016,178,12762,6,1.3749420670477368,98.57871157114167
canonical,p017_zero_control,p017,,,landscape_natural,opencv_telea,589824,0,0.0,0.0,0.0,0.0,0.0,0.0,0.0,,,,,0,0,0,,
canonical,p018_loss_large,p018,,,landscape_natural,opencv_telea,589824,42285,10.828411102294922,1.4880527257919312,9.340360641479492,223.6666717529297,127.0,-22.333328247070312,214.66665649414062,151.04310607910156,20.75651741027832,130.2865753173828,52.0675048828125,336,41941,8,0.7946080170273147,99.18647274447204
canonical,p018_loss_small,p018,,,landscape_natural,opencv_telea,589824,14239,3.6591310501098633,0.2725733816623688,3.3865575790405273,255.0,149.3333282470703,-46.99999237060547,255.0,151.5726776123047,11.290843963623047,140.28182983398438,49.6942024230957,8,14231,0,0.05618372076690779,99.94381627923309
canonical,p018_mixed_damage,p018,,,landscape_natural,opencv_telea,589824,49951,14.420841217041016,1.5087618827819824,12.912076950073242,255.0,131.0,-28.0,255.0,170.28204345703125,17.81553840637207,152.46649169921875,47.46746063232422,91,49857,3,0.18217853496426498,99.81181557926769
canonical,p018_scratch_thin,p018,,,landscape_natural,opencv_telea,589824,7269,2.4705803394317627,0.083367258310318,2.3872129917144775,255.0,90.33333587646484,0.0,255.0,200.46873474121094,6.764616966247559,193.70411682128906,39.969970703125,0,7269,0,0.0,100.0
canonical,p018_zero_control,p018,,,landscape_natural,opencv_telea,589824,0,0.0,0.0,0.0,0.0,0.0,0.0,0.0,,,,,0,0,0,,
canonical,p019_loss_large,p019,,,landscape_natural,opencv_telea,589824,72887,18.789579391479492,2.981509208679199,15.808074951171875,248.0,162.6666717529297,-109.0,239.3333282470703,152.05108642578125,24.127286911010742,127.92379760742188,81.67558288574219,4402,68445,40,6.039485779357087,93.90563474968101
canonical,p019_loss_small,p019,,,landscape_natural,opencv_telea,589824,17075,5.519508361816406,0.5911915898323059,4.928316593170166,243.3333282470703,172.0,-149.0,238.3333282470703,190.66110229492188,20.421607971191406,170.23948669433594,70.58810424804688,627,16441,7,3.67203513909224,96.28696925329429
canonical,p019_mixed_damage,p019,,,landscape_natural,opencv_telea,589824,45763,14.004016876220703,1.4573864936828613,12.546629905700684,255.0,196.3333282470703,-161.0,255.0,180.4930877685547,18.783769607543945,161.70932006835938,64.49856567382812,330,45428,5,0.7211065708104801,99.26796757205602
canonical,p019_scratch_thin,p019,,,landscape_natural,opencv_telea,589824,6187,1.9373469352722168,0.10403159260749817,1.8333157300949097,255.0,120.33333587646484,-75.33333587646484,255.0,184.6927490234375,9.917622566223145,174.77513122558594,60.048484802246094,12,6175,0,0.19395506707612736,99.80604493292387
canonical,p019_zero_control,p019,,,landscape_natural,opencv_telea,589824,0,0.0,0.0,0.0,0.0,0.0,0.0,0.0,,,,,0,0,0,,
canonical,p020_loss_large,p020,,,landscape_natural,opencv_telea,589824,59008,5.484007358551025,0.8970596790313721,4.586948394775391,175.6666717529297,92.33333587646484,-47.333335876464844,152.0,54.81627655029297,8.966704368591309,45.84957504272461,15.812238693237305,486,58511,11,0.823617136659436,99.15774132321042
canonical,p020_loss_small,p020,,,landscape_natural,opencv_telea,589824,13032,1.5055440664291382,0.293975830078125,1.2115682363510132,176.3333282470703,107.33333587646484,-51.33333206176758,148.6666717529297,68.14042663574219,13.305248260498047,54.835174560546875,20.626150131225586,211,12819,2,1.6190914671577654,98.36556169429097
canonical,p020_mixed_damage,p020,,,landscape_natural,opencv_telea,589824,34209,3.7111294269561768,0.574567973613739,3.1365621089935303,205.6666717529297,133.0,-60.0,193.0,63.986480712890625,9.906574249267578,54.07990264892578,28.513216018676758,183,34023,3,0.5349469437867228,99.45628343418399
canonical,p020_scratch_thin,p020,,,landscape_natural,opencv_telea,589824,8734,1.265429973602295,0.16143685579299927,1.1039931774139404,205.6666717529297,133.0,-63.000003814697266,188.66665649414062,85.45693969726562,10.902145385742188,74.5548095703125,45.901302337646484,36,8698,0,0.41218227616212505,99.58781772383787
canonical,p020_zero_control,p020,,,landscape_natural,opencv_telea,589824,0,0.0,0.0,0.0,0.0,0.0,0.0,0.0,,,,,0,0,0,,
canonical,p021_loss_large,p021,,,architecture_structured,opencv_telea,589824,57771,15.425642013549805,2.8937408924102783,12.531904220581055,252.6666717529297,179.3333282470703,-138.3333282470703,238.0,157.4910430908203,29.544198989868164,127.94685363769531,55.41182327270508,1123,56636,12,1.943881878451126,98.03534645410328
canonical,p021_loss_small,p021,,,architecture_structured,opencv_telea,589824,18677,5.868639945983887,0.5746002793312073,5.294038772583008,250.3333282470703,107.0,-30.333335876464844,238.66665649414062,185.33299255371094,18.146007537841797,167.18698120117188,49.58967971801758,36,18640,1,0.19275044171976227,99.80189537934358
canonical,p021_mixed_damage,p021,,,architecture_structured,opencv_telea,589824,49836,14.652216911315918,1.4594556093215942,13.192760467529297,250.3333282470703,169.6666717529297,-137.0,244.33334350585938,173.4133758544922,17.273094177246094,156.14027404785156,46.83926773071289,58,49777,1,0.11638173208122642,99.88161168633117
canonical,p021_scratch_thin,p021,,,architecture_structured,opencv_telea,589824,9825,3.1339755058288574,0.22235162556171417,2.911623954772949,250.0,191.0,-174.0,246.6666717529297,188.1418914794922,13.348431587219238,174.79345703125,54.76506805419922,148,9677,0,1.5063613231552162,98.49363867684478
canonical,p021_zero_control,p021,,,architecture_structured,opencv_telea,589824,0,0.0,0.0,0.0,0.0,0.0,0.0,0.0,,,,,0,0,0,,
canonical,p022_loss_large,p022,,,architecture_structured,opencv_telea,589824,53891,17.971216201782227,2.3115622997283936,15.65965747833252,247.6666717529297,130.0,-53.0,242.3333282470703,196.69065856933594,25.299484252929688,171.3911590576172,47.37248611450195,559,53325,7,1.037278951958583,98.94973186617432
canonical,p022_loss_small,p022,,,architecture_structured,opencv_telea,589824,20293,6.720692157745361,0.5269618034362793,6.19373083114624,248.6666717529297,125.33333587646484,-15.666664123535156,245.33334350585938,195.33958435058594,15.3163480758667,180.0232391357422,36.545814514160156,14,20279,0,0.0689893066574681,99.93101069334253
canonical,p022_mixed_damage,p022,,,architecture_structured,opencv_telea,589824,44952,14.965645790100098,1.0854191780090332,13.880227088928223,247.6666717529297,127.0,-31.0,245.0,196.36717224121094,14.241999626159668,182.12518310546875,37.684207916259766,11,44941,0,0.024470546360562378,99.97552945363944
canonical,p022_scratch_thin,p022,,,architecture_structured,opencv_telea,589824,8915,2.8120779991149902,0.10273687541484833,2.709341049194336,243.3333282470703,67.66666412353516,0.0,238.6666717529297,186.04946899414062,6.797158718109131,179.25230407714844,39.16273498535156,0,8915,0,0.0,100.0
canonical,p022_zero_control,p022,,,architecture_structured,opencv_telea,589824,0,0.0,0.0,0.0,0.0,0.0,0.0,0.0,,,,,0,0,0,,
canonical,p023_loss_large,p023,,,architecture_structured,opencv_telea,589824,44286,11.070987701416016,3.345961332321167,7.725024700164795,225.3333282470703,145.6666717529297,-84.66665649414062,209.6666717529297,147.44915771484375,44.563255310058594,102.88590240478516,64.90373229980469,4264,40001,21,9.628324978548525,90.32425597254212
canonical,p023_loss_small,p023,,,architecture_structured,opencv_telea,589824,18453,4.553889274597168,0.5214352011680603,4.032454013824463,220.0,107.33333587646484,-35.33333206176758,207.0,145.55862426757812,16.66693878173828,128.8916778564453,48.33546829223633,13,18439,1,0.07044924944453476,99.92413157752127
canonical,p023_mixed_damage,p023,,,architecture_structured,opencv_telea,589824,42254,10.320878982543945,1.603355884552002,8.717521667480469,223.0,146.6666717529297,-69.0,215.0,144.0692138671875,22.38125991821289,121.68795013427734,53.013946533203125,969,41280,5,2.293274009561225,97.69489279121504
canonical,p023_scratch_thin,p023,,,architecture_structured,opencv_telea,589824,8131,1.7338008880615234,0.0948096215724945,1.6389909982681274,224.3333282470703,89.66666412353516,-14.0,219.0,125.77017974853516,6.877505779266357,118.8926773071289,44.2930793762207,2,8129,0,0.02459722051408191,99.97540277948592
canonical,p023_zero_control,p023,,,architecture_structured,opencv_telea,589824,0,0.0,0.0,0.0,0.0,0.0,0.0,0.0,,,,,0,0,0,,
canonical,p024_loss_large,p024,,,architecture_structured,opencv_telea,589824,57578,15.554851531982422,3.5378241539001465,12.01702880859375,245.6666717529297,161.3333282470703,-30.333335876464844,235.3333282470703,159.34255981445312,36.24116516113281,123.10137176513672,45.33001708984375,250,57321,7,0.434193615617076,99.55364896314565
canonical,p024_loss_small,p024,,,architecture_structured,opencv_telea,589824,20530,7.044208526611328,0.385139137506485,6.659070014953613,247.3333282470703,111.0,0.0,240.6666717529297,202.3790740966797,11.064992904663086,191.31410217285156,33.59133529663086,0,20530,0,0.0,100.0
canonical,p024_mixed_damage,p024,,,architecture_structured,opencv_telea,589824,37292,12.130989074707031,0.9494584202766418,11.18152904510498,253.6666717529297,152.6666717529297,-51.999996185302734,244.0,191.86819458007812,15.016982078552246,176.8511962890625,48.89710235595703,12,37280,0,0.032178483320819476,99.96782151667918
canonical,p024_scratch_thin,p024,,,architecture_structured,opencv_telea,589824,6922,2.2339115142822266,0.06234005466103554,2.1715714931488037,253.0,109.33333587646484,-20.0,240.0,190.3517303466797,5.312000751495361,185.03973388671875,37.733787536621094,2,6920,0,0.02889338341519792,99.9711066165848
canonical,p024_zero_control,p024,,,architecture_structured,opencv_telea,589824,0,0.0,0.0,0.0,0.0,0.0,0.0,0.0,,,,,0,0,0,,
canonical,p025_loss_large,p025,,,architecture_structured,opencv_telea,589824,60302,16.32431983947754,2.2638487815856934,14.060473442077637,237.0,141.0,-43.666664123535156,229.3333282470703,159.67092895507812,22.143085479736328,137.52783203125,55.946189880371094,28,60274,0,0.046432954130874594,99.95356704586912
canonical,p025_loss_small,p025,,,architecture_structured,opencv_telea,589824,15212,3.455904960632324,0.34800609946250916,3.1078994274139404,235.0,117.66666412353516,-38.0,229.6666717529297,133.99790954589844,13.493449211120605,120.50445556640625,59.59501647949219,237,14973,2,1.557980541677623,98.42887194320274
canonical,p025_mixed_damage,p025,,,architecture_structured,opencv_telea,589824,44548,8.369362831115723,1.5814875364303589,6.787874221801758,252.3333282470703,167.0,-100.33333587646484,247.0,110.81194305419922,20.93919563293457,89.87274932861328,47.210933685302734,1357,43185,6,3.046152464757116,96.9403789171231
canonical,p025_scratch_thin,p025,,,architecture_structured,opencv_telea,589824,14613,3.134343147277832,0.21793507039546967,2.916407823562622,252.0,131.0,-26.666667938232422,246.66665649414062,126.51136779785156,8.79650592803955,117.71485900878906,52.09550857543945,4,14609,0,0.027372887155272703,99.97262711284473
canonical,p025_zero_control,p025,,,architecture_structured,opencv_telea,589824,0,0.0,0.0,0.0,0.0,0.0,0.0,0.0,,,,,0,0,0,,
canonical,p026_loss_large,p026,,,architecture_structured,opencv_telea,589824,52670,11.129634857177734,1.4128270149230957,9.716806411743164,216.6666717529297,105.33333587646484,0.0,188.6666717529297,124.63499450683594,15.821517944335938,108.8134765625,32.68730545043945,0,52670,0,0.0,100.0
canonical,p026_loss_small,p026,,,architecture_structured,opencv_telea,589824,15084,4.258540153503418,0.26968497037887573,3.988856077194214,226.3333282470703,66.0,0.0,211.0,166.5201416015625,10.545389175415039,155.97474670410156,36.640506744384766,0,15084,0,0.0,100.0
canonical,p026_mixed_damage,p026,,,architecture_structured,opencv_telea,589824,37951,9.868700981140137,0.8980334401130676,8.970664978027344,231.6666717529297,95.33333587646484,-4.0,224.0,153.3765869140625,13.956987380981445,139.41961669921875,35.3098258972168,1,37950,0,0.002634976680456378,99.99736502331955
canonical,p026_scratch_thin,p026,,,architecture_structured,opencv_telea,589824,9911,2.763286828994751,0.12750186026096344,2.635784864425659,231.6666717529297,76.0,0.0,225.6666717529297,164.44891357421875,7.5878987312316895,156.8610076904297,39.28425979614258,0,9911,0,0.0,100.0
canonical,p026_zero_control,p026,,,architecture_structured,opencv_telea,589824,0,0.0,0.0,0.0,0.0,0.0,0.0,0.0,,,,,0,0,0,,
canonical,p027_loss_large,p027,,,architecture_structured,opencv_telea,589824,51962,14.856450080871582,1.9025251865386963,12.953926086425781,229.3333282470703,116.0,-23.666671752929688,222.0,168.63653564453125,21.595685958862305,147.04086303710938,55.553279876708984,59,51901,2,0.11354451329817944,99.88260652014934
canonical,p027_loss_small,p027,,,architecture_structured,opencv_telea,589824,24809,6.129953861236572,0.5773622393608093,5.552592754364014,232.3333282470703,125.33333587646484,-39.333335876464844,228.0,145.7372283935547,13.726551055908203,132.0106658935547,45.39176940917969,23,24786,0,0.09270829134588254,99.90729170865411
canonical,p027_mixed_damage,p027,,,architecture_structured,opencv_telea,589824,40932,11.23490047454834,0.8750275373458862,10.359874725341797,237.6666717529297,83.66666412353516,-2.6666641235351562,231.6666717529297,161.8932342529297,12.609017372131348,149.28421020507812,48.73829650878906,1,40931,0,0.00244307632170429,99.99755692367829
canonical,p027_scratch_thin,p027,,,architecture_structured,opencv_telea,589824,10362,2.9084272384643555,0.1286349892616272,2.7797927856445312,239.3333282470703,79.66666412353516,0.0,234.3333282470703,165.5530242919922,7.322138786315918,158.23086547851562,45.933753967285156,0,10361,1,0.0,99.99034935340667
canonical,p027_zero_control,p027,,,architecture_structured,opencv_telea,589824,0,0.0,0.0,0.0,0.0,0.0,0.0,0.0,,,,,0,0,0,,
canonical,p028_loss_large,p028,,,architecture_structured,opencv_telea,589824,47473,6.903650283813477,1.0490795373916626,5.854571342468262,214.0,135.0,0.0,141.66665649414062,85.77378845214844,13.034195899963379,72.73959350585938,14.612258911132812,0,47473,0,0.0,100.0
canonical,p028_loss_small,p028,,,architecture_structured,opencv_telea,589824,16168,2.8288309574127197,0.2221035361289978,2.6067276000976562,215.6666717529297,130.3333282470703,0.0,202.0,103.19845581054688,8.102548599243164,95.09590911865234,30.578289031982422,0,16168,0,0.0,100.0
canonical,p028_mixed_damage,p028,,,architecture_structured,opencv_telea,589824,42118,8.866886138916016,0.9980244040489197,7.868862628936768,225.0,117.66666412353516,0.0,208.6666717529297,124.17262268066406,13.976415634155273,110.19621276855469,38.492252349853516,0,42118,0,0.0,100.0
canonical,p028_scratch_thin,p028,,,architecture_structured,opencv_telea,589824,6439,1.4304578304290771,0.054473306983709335,1.3759844303131104,223.6666717529297,51.33333206176758,0.0,215.0,131.0325164794922,4.989853858947754,126.04266357421875,42.43611526489258,0,6439,0,0.0,100.0
canonical,p028_zero_control,p028,,,architecture_structured,opencv_telea,589824,0,0.0,0.0,0.0,0.0,0.0,0.0,0.0,,,,,0,0,0,,
canonical,p029_loss_large,p029,,,architecture_structured,opencv_telea,589824,48057,11.65426254272461,1.6073073148727417,10.046957969665527,221.6666717529297,124.33333587646484,-61.66666793823242,202.66665649414062,143.03773498535156,19.72716522216797,123.31057739257812,28.92511558532715,83,47973,1,0.17271157167530224,99.82520756601535
canonical,p029_loss_small,p029,,,architecture_structured,opencv_telea,589824,14160,3.365086317062378,0.42794010043144226,2.9371461868286133,221.6666717529297,130.0,-72.66667175292969,214.0,140.17010498046875,17.825519561767578,122.34458923339844,49.53701400756836,400,13758,2,2.824858757062147,97.16101694915254
canonical,p029_mixed_damage,p029,,,architecture_structured,opencv_telea,589824,50750,12.366512298583984,1.3879719972610474,10.978537559509277,227.6666717529297,136.3333282470703,-57.666664123535156,214.3333282470703,143.72543334960938,16.1312198638916,127.59420776367188,34.67262268066406,92,50656,2,0.1812807881773399,99.81477832512316
canonical,p029_scratch_thin,p029,,,architecture_structured,opencv_telea,589824,6849,1.5316818952560425,0.0864800363779068,1.4452017545700073,224.3333282470703,131.0,-83.0,214.0,131.90577697753906,7.447510719299316,124.45825958251953,33.88446044921875,16,6832,1,0.23361074609432034,99.75178858227478
canonical,p029_zero_control,p029,,,architecture_structured,opencv_telea,589824,0,0.0,0.0,0.0,0.0,0.0,0.0,0.0,,,,,0,0,0,,
canonical,p030_loss_large,p030,,,architecture_structured,opencv_telea,589824,45666,13.434415817260742,1.5106323957443237,11.923783302307129,235.0,141.3333282470703,-74.00000762939453,224.66665649414062,173.5194854736328,19.511394500732422,154.00808715820312,32.87386703491211,322,45339,5,0.7051197827705514,99.28393115227959
canonical,p030_loss_small,p030,,,architecture_structured,opencv_telea,589824,14543,4.361607074737549,0.34703460335731506,4.0145721435546875,228.3333282470703,86.33333587646484,0.0,225.3333282470703,176.89476013183594,14.074767112731934,162.81997680664062,34.13706588745117,0,14543,0,0.0,100.0
canonical,p030_mixed_damage,p030,,,architecture_structured,opencv_telea,589824,39519,12.252694129943848,1.0699070692062378,11.182785987854004,232.0,109.0,-31.333335876464844,225.6666717529297,182.87234497070312,15.968446731567383,166.90391540527344,35.605323791503906,80,39439,0,0.2024342721222703,99.79756572787772
canonical,p030_scratch_thin,p030,,,architecture_structured,opencv_telea,589824,10227,3.178969383239746,0.10049664974212646,3.0784730911254883,238.3333282470703,74.33333587646484,0.0,233.0,183.3414306640625,5.795965194702148,177.5454559326172,25.977752685546875,0,10227,0,0.0,100.0
canonical,p030_zero_control,p030,,,architecture_structured,opencv_telea,589824,0,0.0,0.0,0.0,0.0,0.0,0.0,0.0,,,,,0,0,0,,
canonical,p031_loss_large,p031,,,abstraction_surrealism,opencv_telea,589824,83018,19.21038055419922,3.948284149169922,15.262096405029297,211.6666717529297,124.66666412353516,-51.333335876464844,201.6666717529297,136.48536682128906,28.05165672302246,108.4337158203125,43.05059814453125,1186,81816,16,1.4286058445156473,98.55212122672192
canonical,p031_loss_small,p031,,,abstraction_surrealism,opencv_telea,589824,19540,4.1783294677734375,0.5407099723815918,3.637620210647583,208.3333282470703,111.0,-1.6666641235351562,202.6666717529297,126.12484741210938,16.321578979492188,109.80326080322266,28.73429298400879,1,19538,1,0.00511770726714432,99.98976458546571
canonical,p031_mixed_damage,p031,,,abstraction_surrealism,opencv_telea,589824,47688,10.3948974609375,1.5622658729553223,8.832633972167969,209.3333282470703,153.0,-116.33332824707031,201.0,128.56822204589844,19.322723388671875,109.24551391601562,40.40468215942383,716,46968,4,1.5014259352457642,98.49018621036738
canonical,p031_scratch_thin,p031,,,abstraction_surrealism,opencv_telea,589824,11235,2.570842742919922,0.0991940125823021,2.4716484546661377,208.3333282470703,65.66666412353516,0.0,200.6666717529297,134.96615600585938,5.207565784454346,129.75857543945312,33.076683044433594,0,11235,0,0.0,100.0
canonical,p031_zero_control,p031,,,abstraction_surrealism,opencv_telea,589824,0,0.0,0.0,0.0,0.0,0.0,0.0,0.0,,,,,0,0,0,,
canonical,p032_loss_large,p032,,,abstraction_surrealism,opencv_telea,589824,72688,9.284772872924805,4.365543842315674,4.919229984283447,244.6666717529297,217.3333282470703,-192.33334350585938,233.3333282470703,75.3409423828125,35.424034118652344,39.916900634765625,51.610816955566406,7777,64901,10,10.69915254237288,89.28709002861545
canonical,p032_loss_small,p032,,,abstraction_surrealism,opencv_telea,589824,17662,1.5664145946502686,0.5931294560432434,0.9732852578163147,242.3333282470703,215.3333282470703,-190.33334350585938,234.0,52.31055450439453,19.80760955810547,32.50294494628906,44.37837219238281,1065,16592,5,6.029894689163175,93.94179594609896
canonical,p032_mixed_damage,p032,,,abstraction_surrealism,opencv_telea,589824,47946,4.460476875305176,3.650434732437134,0.810042142868042,242.3333282470703,216.6666717529297,-201.6666717529297,237.3333282470703,54.8720703125,44.90706253051758,9.965008735656738,97.28009796142578,10302,37630,14,21.486672506569892,78.4841279773078
canonical,p032_scratch_thin,p032,,,abstraction_surrealism,opencv_telea,589824,8096,0.8220039010047913,0.09357199817895889,0.7284319400787354,242.3333282470703,160.3333282470703,-127.66667175292969,235.3333282470703,59.886077880859375,6.817070007324219,53.069007873535156,59.02415084838867,120,7975,1,1.482213438735178,98.5054347826087
canonical,p032_zero_control,p032,,,abstraction_surrealism,opencv_telea,589824,0,0.0,0.0,0.0,0.0,0.0,0.0,0.0,,,,,0,0,0,,
canonical,p033_loss_large,p033,,,abstraction_surrealism,opencv_telea,589824,73172,18.538204193115234,4.945959568023682,13.592244148254395,229.3333282470703,195.6666717529297,-194.0,213.0,149.4325408935547,39.868343353271484,109.564208984375,65.11653900146484,4109,69043,20,5.615535997376045,94.35713114306019
canonical,p033_loss_small,p033,,,abstraction_surrealism,opencv_telea,589824,25311,5.917215824127197,1.1372629404067993,4.779952049255371,218.3333282470703,177.0,-157.0,209.0,137.8892822265625,26.501720428466797,111.38755798339844,57.394386291503906,910,24377,24,3.5952747817154598,96.30990478448106
canonical,p033_mixed_damage,p033,,,abstraction_surrealism,opencv_telea,589824,47371,10.329610824584961,2.628371238708496,7.701239585876465,244.0,188.6666717529297,-182.0,222.6666717529297,128.61566162109375,32.726280212402344,95.8893814086914,73.59479522705078,4416,42918,37,9.32215912689198,90.59973401448143
canonical,p033_scratch_thin,p033,,,abstraction_surrealism,opencv_telea,589824,15664,3.8910903930664062,0.2709107995033264,3.6201791763305664,238.3333282470703,119.0,-80.33333587646484,226.66665649414062,146.5180206298828,10.20107650756836,136.3169403076172,54.857051849365234,169,15491,4,1.0789070480081715,98.89555669050051
canonical,p033_zero_control,p033,,,abstraction_surrealism,opencv_telea,589824,0,0.0,0.0,0.0,0.0,0.0,0.0,0.0,,,,,0,0,0,,
canonical,p034_loss_large,p034,,,abstraction_surrealism,opencv_telea,589824,67682,17.64592170715332,3.8892030715942383,13.75671672821045,228.6666717529297,142.0,-87.66666412353516,221.66665649414062,153.77777099609375,33.89298629760742,119.8847885131836,43.94217300415039,1659,66007,16,2.451168700688514,97.52519133595342
canonical,p034_loss_small,p034,,,abstraction_surrealism,opencv_telea,589824,17944,4.838521480560303,0.5798103213310242,4.258710861206055,228.6666717529297,156.0,-26.666664123535156,211.33334350585938,159.04347229003906,19.058515548706055,139.98495483398438,50.663665771484375,129,17812,3,0.7189032545697727,99.26437806509139
canonical,p034_mixed_damage,p034,,,abstraction_surrealism,opencv_telea,589824,45233,9.354391098022461,1.6544699668884277,7.699923038482666,237.0,155.3333282470703,-101.66665649414062,224.66665649414062,121.97832489013672,21.573762893676758,100.40457153320312,46.79940414428711,1667,43550,16,3.6853624566135346,96.27926513828399
canonical,p034_scratch_thin,p034,,,abstraction_surrealism,opencv_telea,589824,6085,1.2949070930480957,0.06525054574012756,1.229656457901001,231.6666717529297,80.66666412353516,-4.666667938232422,221.66665649414062,125.51641082763672,6.324787616729736,119.19161987304688,39.879486083984375,2,6083,0,0.03286770747740345,99.96713229252259
canonical,p034_zero_control,p034,,,abstraction_surrealism,opencv_telea,589824,0,0.0,0.0,0.0,0.0,0.0,0.0,0.0,,,,,0,0,0,,
canonical,p035_loss_large,p035,,,abstraction_surrealism,opencv_telea,589824,59478,9.211938858032227,3.2753727436065674,5.936566352844238,216.3333282470703,156.3333282470703,-94.0,202.66665649414062,91.35179138183594,32.480812072753906,58.87099838256836,55.16408920288086,8265,51155,58,13.895894280238071,86.00659067218132
canonical,p035_loss_small,p035,,,abstraction_surrealism,opencv_telea,589824,14406,2.1757867336273193,0.5373647809028625,1.6384223699569702,210.0,156.0,-137.0,198.66665649414062,89.0831069946289,22.001296997070312,67.08181762695312,57.14283752441406,743,13644,19,5.157573233374983,94.71053727613494
canonical,p035_mixed_damage,p035,,,abstraction_surrealism,opencv_telea,589824,42995,7.875007629394531,1.88486647605896,5.990142345428467,235.3333282470703,146.6666717529297,-105.66667175292969,228.6666717529297,108.03276062011719,25.8574161529541,82.17535400390625,63.8572998046875,3120,39849,26,7.256657750901268,92.68287010117456
canonical,p035_scratch_thin,p035,,,abstraction_surrealism,opencv_telea,589824,9287,1.7646729946136475,0.1616227775812149,1.603049874305725,221.0,128.6666717529297,-34.0,216.3333282470703,112.07562255859375,10.264779090881348,101.81084442138672,56.33079147338867,41,9246,0,0.4414773339076128,99.55852266609239
canonical,p035_zero_control,p035,,,abstraction_surrealism,opencv_telea,589824,0,0.0,0.0,0.0,0.0,0.0,0.0,0.0,,,,,0,0,0,,
canonical,p036_loss_large,p036,,,abstraction_surrealism,opencv_telea,589824,79110,6.14144229888916,2.329291343688965,3.8121519088745117,255.0,242.3333282470703,-165.0,253.0,45.78903579711914,17.36659812927246,28.42243766784668,43.65851593017578,2823,76282,5,3.5684489950701557,96.4252306914423
canonical,p036_loss_small,p036,,,abstraction_surrealism,opencv_telea,589824,21381,1.6372731924057007,0.3937722444534302,1.2435009479522705,255.0,215.0,-173.3333282470703,255.0,45.16640853881836,10.862744331359863,34.30366516113281,57.52545928955078,610,20769,2,2.85300032739348,97.13764557317245
canonical,p036_mixed_damage,p036,,,abstraction_surrealism,opencv_telea,589824,52887,4.620243549346924,1.4336168766021729,3.1866257190704346,255.0,218.6666717529297,-186.6666717529297,255.0,51.52741241455078,15.988460540771484,35.5389518737793,46.16996765136719,2707,50175,5,5.118460113071265,94.87208576776902
canonical,p036_scratch_thin,p036,,,abstraction_surrealism,opencv_telea,589824,8289,0.5587305426597595,0.0245785191655159,0.5341519713401794,255.0,106.33333587646484,-48.33333206176758,255.0,39.757835388183594,1.7489444017410278,38.00888442993164,44.493324279785156,16,8273,0,0.193026903124623,99.80697309687538
canonical,p036_zero_control,p036,,,abstraction_surrealism,opencv_telea,589824,0,0.0,0.0,0.0,0.0,0.0,0.0,0.0,,,,,0,0,0,,
canonical,p037_loss_large,p037,,,abstraction_surrealism,opencv_telea,589824,47063,11.237201690673828,2.55902361869812,8.67817497253418,235.3333282470703,168.3333282470703,-118.33332824707031,227.0,140.8318634033203,32.07133865356445,108.76051330566406,68.39398193359375,2590,44460,13,5.5032615855342835,94.4691158659669
canonical,p037_loss_small,p037,,,abstraction_surrealism,opencv_telea,589824,15897,4.156833171844482,0.3500875234603882,3.806746244430542,233.6666717529297,116.33333587646484,-3.3333358764648438,225.6666717529297,154.2303924560547,12.989243507385254,141.24114990234375,47.04716873168945,3,15894,0,0.018871485185884128,99.98112851481412
canonical,p037_mixed_damage,p037,,,abstraction_surrealism,opencv_telea,589824,44213,12.309640884399414,1.4743969440460205,10.83524227142334,247.0,161.3333282470703,-101.66665649414062,241.6666717529297,164.2168731689453,19.669206619262695,144.5476837158203,63.61322021484375,1003,43201,9,2.268563544658811,97.71108045145093
canonical,p037_scratch_thin,p037,,,abstraction_surrealism,opencv_telea,589824,7718,1.7994132041931152,0.09831462800502777,1.7010985612869263,228.3333282470703,77.66666412353516,-4.3333282470703125,227.0,137.51451110839844,7.513388633728027,130.00111389160156,53.008567810058594,4,7713,1,0.051826898160145116,99.93521637729982
canonical,p037_zero_control,p037,,,abstraction_surrealism,opencv_telea,589824,0,0.0,0.0,0.0,0.0,0.0,0.0,0.0,,,,,0,0,0,,
canonical,p038_loss_large,p038,,,abstraction_surrealism,opencv_telea,589824,61070,16.12694549560547,3.8831722736358643,12.243772506713867,223.0,161.0,-115.0,213.66665649414062,155.75665283203125,37.50431442260742,118.2523422241211,35.1933479309082,363,60702,5,0.5943998690027837,99.39741280497789
canonical,p038_loss_small,p038,,,abstraction_surrealism,opencv_telea,589824,20821,5.651365280151367,0.5208609104156494,5.130504131317139,230.6666717529297,113.66666412353516,-25.666664123535156,226.3333282470703,160.0937042236328,14.755119323730469,145.33859252929688,42.79301834106445,61,20759,1,0.2929734402766438,99.70222371644013
canonical,p038_mixed_damage,p038,,,abstraction_surrealism,opencv_telea,589824,37262,10.14763355255127,1.2918845415115356,8.85574722290039,230.3333282470703,155.0,-63.666664123535156,227.0,160.6279296875,20.449378967285156,140.17855834960938,42.47979736328125,341,36912,9,0.9151414309484193,99.06070527615265
canonical,p038_scratch_thin,p038,,,abstraction_surrealism,opencv_telea,589824,7229,1.9667998552322388,0.07917560636997223,1.8876241445541382,228.3333282470703,91.66666412353516,0.0,222.33334350585938,160.473876953125,6.460044860839844,154.0138397216797,37.49491882324219,0,7229,0,0.0,100.0
canonical,p038_zero_control,p038,,,abstraction_surrealism,opencv_telea,589824,0,0.0,0.0,0.0,0.0,0.0,0.0,0.0,,,,,0,0,0,,
canonical,p039_loss_large,p039,,,abstraction_surrealism,opencv_telea,589824,47259,8.448321342468262,1.453610897064209,6.994709491729736,214.6666717529297,123.33333587646484,-29.666667938232422,210.3333282470703,105.44071197509766,18.142038345336914,87.29866027832031,19.12281036376953,18,47239,2,0.03808798324128737,99.95768001862079
canonical,p039_loss_small,p039,,,abstraction_surrealism,opencv_telea,589824,13792,3.1222829818725586,0.27163583040237427,2.850646734237671,218.3333282470703,119.33333587646484,-32.66667175292969,203.33334350585938,133.5264892578125,11.616686820983887,121.90980529785156,42.304080963134766,60,13728,4,0.43503480278422274,99.53596287703016
canonical,p039_mixed_damage,p039,,,abstraction_surrealism,opencv_telea,589824,44799,11.856473922729492,1.4035532474517822,10.452919006347656,228.0,148.3333282470703,-95.0,215.66665649414062,156.10240173339844,18.47919273376465,137.6232147216797,52.247711181640625,287,44508,4,0.6406392999843746,99.35043192928414
canonical,p039_scratch_thin,p039,,,abstraction_surrealism,opencv_telea,589824,11005,2.6072895526885986,0.15016061067581177,2.4571292400360107,224.3333282470703,90.66666412353516,0.0,217.0,139.74029541015625,8.04800796508789,131.69229125976562,43.96078872680664,0,11005,0,0.0,100.0
canonical,p039_zero_control,p039,,,abstraction_surrealism,opencv_telea,589824,0,0.0,0.0,0.0,0.0,0.0,0.0,0.0,,,,,0,0,0,,
canonical,p040_loss_large,p040,,,abstraction_surrealism,opencv_telea,589824,62428,19.353715896606445,3.0356316566467285,16.318086624145508,225.0,134.0,-74.33332824707031,213.3333282470703,182.85520935058594,28.68085479736328,154.1743621826172,41.7409782409668,152,62275,1,0.24348048952393156,99.75491766515026
canonical,p040_loss_small,p040,,,abstraction_surrealism,opencv_telea,589824,18450,5.0894317626953125,0.6309351325035095,4.458495616912842,222.6666717529297,121.0,-63.33333206176758,215.0,162.70289611816406,20.170225143432617,142.5326690673828,44.24584197998047,35,18415,0,0.1897018970189702,99.81029810298104
canonical,p040_mixed_damage,p040,,,abstraction_surrealism,opencv_telea,589824,42202,11.20230770111084,1.1621037721633911,10.040203094482422,222.6666717529297,115.66666412353516,-37.000003814697266,219.0,156.5657958984375,16.241806030273438,140.32400512695312,43.65074920654297,19,42183,0,0.045021562959101466,99.9549784370409
canonical,p040_scratch_thin,p040,,,abstraction_surrealism,opencv_telea,589824,11164,3.0828697681427,0.16978847980499268,2.913081407546997,228.6666717529297,104.33333587646484,-17.666667938232422,217.0,162.87628173828125,8.970380783081055,153.90589904785156,40.35347366333008,4,11160,0,0.03582945180938732,99.96417054819061
canonical,p040_zero_control,p040,,,abstraction_surrealism,opencv_telea,589824,0,0.0,0.0,0.0,0.0,0.0,0.0,0.0,,,,,0,0,0,,
canonical,p041_loss_large,p041,,,high_texture_brushwork,opencv_telea,589824,54043,10.015754699707031,2.3879127502441406,7.627841472625732,224.0,124.66666412353516,-100.0,202.6666717529297,109.31168365478516,26.061622619628906,83.25006866455078,33.01361083984375,991,53036,16,1.8337249967618379,98.13666894880004
canonical,p041_loss_small,p041,,,high_texture_brushwork,opencv_telea,589824,19456,4.492300033569336,0.566393256187439,3.925908088684082,237.6666717529297,150.0,-105.66667175292969,222.6666717529297,136.1876678466797,17.1706600189209,119.01699829101562,36.88387680053711,64,19391,1,0.32894736842105265,99.66591282894737
canonical,p041_mixed_damage,p041,,,high_texture_brushwork,opencv_telea,589824,51197,10.408744812011719,1.5311474800109863,8.877595901489258,255.0,161.3333282470703,-155.3333282470703,254.0,119.91578674316406,17.63985252380371,102.27592468261719,40.03022003173828,332,50860,5,0.6484754966111296,99.34175830615075
canonical,p041_scratch_thin,p041,,,high_texture_brushwork,opencv_telea,589824,12949,3.2642428874969482,0.28373491764068604,2.9805076122283936,255.0,127.66666412353516,-47.999996185302734,254.0,148.6855010986328,12.92406177520752,135.76144409179688,48.025970458984375,23,12925,1,0.17761989342806395,99.81465750250985
canonical,p041_zero_control,p041,,,high_texture_brushwork,opencv_telea,589824,0,0.0,0.0,0.0,0.0,0.0,0.0,0.0,,,,,0,0,0,,
canonical,p042_loss_large,p042,,,high_texture_brushwork,opencv_telea,589824,41198,5.012491226196289,0.5740379095077515,4.438453197479248,201.3333282470703,78.33333587646484,-9.333332061767578,174.6666717529297,71.76290130615234,8.218392372131348,63.54450607299805,19.79317855834961,108,41085,5,0.262148647992621,99.72571484052624
canonical,p042_loss_small,p042,,,high_texture_brushwork,opencv_telea,589824,12656,2.911776542663574,0.27527421712875366,2.636502265930176,209.3333282470703,89.33333587646484,-15.333335876464844,199.0,135.7012939453125,12.828962326049805,122.87232971191406,37.80962371826172,5,12651,0,0.039506953223767384,99.96049304677624
canonical,p042_mixed_damage,p042,,,high_texture_brushwork,opencv_telea,589824,40981,6.413240432739258,0.43579724431037903,5.977443218231201,255.0,119.66666412353516,-10.333335876464844,236.0,92.30333709716797,6.27226448059082,86.03107452392578,36.10003662109375,7,40974,0,0.01708108635709231,99.9829189136429
canonical,p042_scratch_thin,p042,,,high_texture_brushwork,opencv_telea,589824,8067,1.6220884323120117,0.0999908447265625,1.5220974683761597,255.0,105.0,0.0,255.0,118.60005950927734,7.310896873474121,111.28915405273438,47.51485061645508,0,8067,0,0.0,100.0
canonical,p042_zero_control,p042,,,high_texture_brushwork,opencv_telea,589824,0,0.0,0.0,0.0,0.0,0.0,0.0,0.0,,,,,0,0,0,,
canonical,p043_loss_large,p043,,,high_texture_brushwork,opencv_telea,589824,64562,20.11619758605957,3.0227553844451904,17.09343910217285,240.3333282470703,127.66666412353516,-24.0,224.6666717529297,183.77706909179688,27.615215301513672,156.161865234375,34.38693618774414,25,64537,0,0.03872246832502091,99.96127753167498
canonical,p043_loss_small,p043,,,high_texture_brushwork,opencv_telea,589824,14983,4.47505521774292,0.4846101403236389,3.990445137023926,234.6666717529297,98.33333587646484,0.0,228.6666717529297,176.16598510742188,19.0772647857666,157.08871459960938,38.5728645324707,0,14983,0,0.0,100.0
canonical,p043_mixed_damage,p043,,,high_texture_brushwork,opencv_telea,589824,50181,14.73391056060791,1.7085957527160645,13.025321960449219,255.0,139.3333282470703,-39.0,255.0,173.1814422607422,20.082714080810547,153.0987091064453,43.48210906982422,41,50140,0,0.08170423068492058,99.91829576931508
canonical,p043_scratch_thin,p043,,,high_texture_brushwork,opencv_telea,589824,6818,1.9207100868225098,0.13285034894943237,1.787859559059143,255.0,77.66666412353516,0.0,241.6666717529297,166.16026306152344,11.492860794067383,154.6674041748047,39.32648468017578,0,6818,0,0.0,100.0
canonical,p043_zero_control,p043,,,high_texture_brushwork,opencv_telea,589824,0,0.0,0.0,0.0,0.0,0.0,0.0,0.0,,,,,0,0,0,,
canonical,p044_loss_large,p044,,,high_texture_brushwork,opencv_telea,589824,57276,13.037753105163574,1.359912395477295,11.67784309387207,221.0,102.66666412353516,0.0,197.6666717529297,134.2618408203125,14.004277229309082,120.25755310058594,35.865665435791016,0,57276,0,0.0,100.0
canonical,p044_loss_small,p044,,,high_texture_brushwork,opencv_telea,589824,19904,4.484128952026367,0.32928526401519775,4.154844284057617,218.0,85.0,0.0,207.3333282470703,132.8801727294922,9.757854461669922,123.122314453125,34.71699905395508,0,19904,0,0.0,100.0
canonical,p044_mixed_damage,p044,,,high_texture_brushwork,opencv_telea,589824,42711,11.964439392089844,1.1602861881256104,10.804152488708496,255.0,163.3333282470703,-58.33332824707031,255.0,165.2247314453125,16.023147583007812,149.20156860351562,41.63845443725586,107,42604,0,0.2505209430825783,99.74947905691742
canonical,p044_scratch_thin,p044,,,high_texture_brushwork,opencv_telea,589824,7833,2.31542706489563,0.12901024520397186,2.1864173412323,255.0,138.0,-55.99999237060547,255.0,174.35142517089844,9.714456558227539,164.63694763183594,59.707115173339844,14,7819,0,0.17873100983020554,99.8212689901698
canonical,p044_zero_control,p044,,,high_texture_brushwork,opencv_telea,589824,0,0.0,0.0,0.0,0.0,0.0,0.0,0.0,,,,,0,0,0,,
canonical,p045_loss_large,p045,,,high_texture_brushwork,opencv_telea,589824,53249,12.875712394714355,2.6063060760498047,10.26940631866455,224.0,137.0,-113.66666412353516,209.0,142.62060546875,28.869312286376953,113.75127410888672,45.2983283996582,888,52340,21,1.667636950928656,98.29292568874533
canonical,p045_loss_small,p045,,,high_texture_brushwork,opencv_telea,589824,21737,6.067409038543701,0.5091474652290344,5.558262825012207,224.0,112.0,-29.666664123535156,215.0,164.6365203857422,13.815491676330566,150.82102966308594,46.07299041748047,29,21707,1,0.13341307448129916,99.86198647467452
canonical,p045_mixed_damage,p045,,,high_texture_brushwork,opencv_telea,589824,40681,10.580516815185547,1.2487882375717163,9.331727981567383,255.0,156.0,-76.0,254.0,153.4043426513672,18.105880737304688,135.2984619140625,45.3074836730957,301,40374,6,0.7399031488901453,99.24534795113198
canonical,p045_scratch_thin,p045,,,high_texture_brushwork,opencv_telea,589824,11850,3.4778239727020264,0.20625418424606323,3.2715697288513184,255.0,155.3333282470703,-5.0,253.0,173.10585021972656,10.266132354736328,162.8397216796875,40.865272521972656,2,11848,0,0.016877637130801686,99.9831223628692
canonical,p045_zero_control,p045,,,high_texture_brushwork,opencv_telea,589824,0,0.0,0.0,0.0,0.0,0.0,0.0,0.0,,,,,0,0,0,,
canonical,p046_loss_large,p046,,,high_texture_brushwork,opencv_telea,589824,47717,12.922911643981934,1.140686273574829,11.782224655151367,239.0,83.66666412353516,0.0,233.3333282470703,159.73855590820312,14.09988021850586,145.63865661621094,27.634437561035156,0,47717,0,0.0,100.0
canonical,p046_loss_small,p046,,,high_texture_brushwork,opencv_telea,589824,20189,4.759406566619873,0.6097010970115662,4.14970588684082,230.0,133.0,-44.666664123535156,226.6666717529297,139.04661560058594,17.812488555908203,121.23413848876953,39.492618560791016,320,19863,6,1.5850215463866462,98.38525929961861
canonical,p046_mixed_damage,p046,,,high_texture_brushwork,opencv_telea,589824,46483,14.387025833129883,1.3295767307281494,13.05744743347168,255.0,139.0,-28.0,255.0,182.5573272705078,16.871034622192383,165.68626403808594,41.5322380065918,2,46481,0,0.0043026482800163504,99.99569735171998
canonical,p046_scratch_thin,p046,,,high_texture_brushwork,opencv_telea,589824,8893,2.5178427696228027,0.1451297551393509,2.3727126121520996,255.0,97.0,0.0,255.0,166.99472045898438,9.62566089630127,157.36903381347656,49.71365737915039,0,8893,0,0.0,100.0
canonical,p046_zero_control,p046,,,high_texture_brushwork,opencv_telea,589824,0,0.0,0.0,0.0,0.0,0.0,0.0,0.0,,,,,0,0,0,,
canonical,p047_loss_large,p047,,,high_texture_brushwork,opencv_telea,589824,70753,20.368576049804688,2.705305576324463,17.66327667236328,249.0,144.3333282470703,-16.333328247070312,241.33334350585938,169.80026245117188,22.552461624145508,147.24778747558594,39.454246520996094,6,70747,0,0.008480205786327081,99.99151979421367
canonical,p047_loss_small,p047,,,high_texture_brushwork,opencv_telea,589824,17490,4.758035182952881,0.3724631071090698,4.38557243347168,230.0,106.66666412353516,0.0,222.3333282470703,160.4575958251953,12.560758590698242,147.89683532714844,28.968942642211914,0,17490,0,0.0,100.0
canonical,p047_mixed_damage,p047,,,high_texture_brushwork,opencv_telea,589824,48787,14.861371994018555,0.9014185667037964,13.959956169128418,255.0,111.33333587646484,-22.666664123535156,255.0,179.67068481445312,10.897950172424316,168.77272033691406,32.20416259765625,12,48775,0,0.024596716338368827,99.97540328366163
canonical,p047_scratch_thin,p047,,,high_texture_brushwork,opencv_telea,589824,13684,4.27195930480957,0.12713174521923065,4.144827365875244,255.0,104.66666412353516,-2.6666641235351562,255.0,184.1350555419922,5.479781150817871,178.65525817871094,33.547908782958984,1,13683,0,0.007307804735457469,99.99269219526454
canonical,p047_zero_control,p047,,,high_texture_brushwork,opencv_telea,589824,0,0.0,0.0,0.0,0.0,0.0,0.0,0.0,,,,,0,0,0,,
canonical,p048_loss_large,p048,,,high_texture_brushwork,opencv_telea,589824,69776,20.626731872558594,2.2071995735168457,18.419532775878906,230.0,108.0,-25.333335876464844,219.6666717529297,174.3599853515625,18.65769386291504,155.70228576660156,26.945222854614258,37,69738,1,0.053026828709011695,99.94554001375832
canonical,p048_loss_small,p048,,,high_texture_brushwork,opencv_telea,589824,18114,5.537841796875,0.40587079524993896,5.13197135925293,228.0,124.33333587646484,-58.333335876464844,216.6666717529297,180.32196044921875,13.215873718261719,167.1060791015625,31.450538635253906,13,18101,0,0.07176769349674285,99.92823230650326
canonical,p048_mixed_damage,p048,,,high_texture_brushwork,opencv_telea,589824,41222,12.32995891571045,0.8126893043518066,11.5172700881958,255.0,115.66666412353516,-18.0,255.0,176.42291259765625,11.62834644317627,164.79457092285156,27.684484481811523,2,41220,0,0.004851778176701761,99.9951482218233
canonical,p048_scratch_thin,p048,,,high_texture_brushwork,opencv_telea,589824,8085,2.5105440616607666,0.10902629047632217,2.401517152786255,255.0,134.3333282470703,-84.0,255.0,183.15139770507812,7.95378303527832,175.19761657714844,35.77647018432617,16,8069,0,0.19789734075448362,99.80210265924552
canonical,p048_zero_control,p048,,,high_texture_brushwork,opencv_telea,589824,0,0.0,0.0,0.0,0.0,0.0,0.0,0.0,,,,,0,0,0,,
canonical,p049_loss_large,p049,,,high_texture_brushwork,opencv_telea,589824,45001,11.773985862731934,2.304918050765991,9.469067573547363,240.0,162.3333282470703,-55.66666793823242,227.33334350585938,154.320556640625,30.210350036621094,124.1102066040039,46.111793518066406,112,44887,2,0.2488833581475967,99.7466722961712
canonical,p049_loss_small,p049,,,high_texture_brushwork,opencv_telea,589824,14475,4.593814373016357,0.3320843279361725,4.261729717254639,237.6666717529297,101.33333587646484,-41.0,232.0,187.1876983642578,13.531699180603027,173.656005859375,43.97813415527344,20,14455,0,0.1381692573402418,99.86183074265976
canonical,p049_mixed_damage,p049,,,high_texture_brushwork,opencv_telea,589824,49278,13.942919731140137,1.5597950220108032,12.383125305175781,252.3333282470703,163.3333282470703,-128.66665649414062,250.0,166.88723754882812,18.6696834564209,148.21754455566406,52.890254974365234,714,48559,5,1.4489224400340923,98.54093104427939
canonical,p049_scratch_thin,p049,,,high_texture_brushwork,opencv_telea,589824,9601,2.98946475982666,0.10415932536125183,2.885305643081665,245.6666717529297,80.0,0.0,240.66665649414062,183.6536102294922,6.3988823890686035,177.25474548339844,39.32680892944336,0,9601,0,0.0,100.0
canonical,p049_zero_control,p049,,,high_texture_brushwork,opencv_telea,589824,0,0.0,0.0,0.0,0.0,0.0,0.0,0.0,,,,,0,0,0,,
canonical,p050_loss_large,p050,,,high_texture_brushwork,opencv_telea,589824,54911,17.908851623535156,1.653026819229126,16.255821228027344,236.3333282470703,101.33333587646484,0.0,227.33334350585938,192.36709594726562,17.75591468811035,174.61119079589844,33.41264724731445,0,54911,0,0.0,100.0
canonical,p050_loss_small,p050,,,high_texture_brushwork,opencv_telea,589824,18082,6.111460208892822,0.35387903451919556,5.75758171081543,234.0,85.0,0.0,222.6666717529297,199.35218811035156,11.54332160949707,187.80885314941406,25.662717819213867,0,18082,0,0.0,100.0
canonical,p050_mixed_damage,p050,,,high_texture_brushwork,opencv_telea,589824,50756,17.17561149597168,0.9817261099815369,16.193885803222656,255.0,105.0,0.0,255.0,199.59388732910156,11.408417701721191,188.1854705810547,30.247467041015625,0,50756,0,0.0,100.0
canonical,p050_scratch_thin,p050,,,high_texture_brushwork,opencv_telea,589824,9208,3.314718723297119,0.15866823494434357,3.156050682067871,255.0,90.0,0.0,255.0,212.32632446289062,10.163589477539062,202.16270446777344,34.681949615478516,0,9208,0,0.0,100.0
canonical,p050_zero_control,p050,,,high_texture_brushwork,opencv_telea,589824,0,0.0,0.0,0.0,0.0,0.0,0.0,0.0,,,,,0,0,0,,
damage_size,p001__loss_large__size_02pct,p001,,,portrait_figure,opencv_telea,589824,10169,3.6461117267608643,0.16304241120815277,3.48306941986084,253.0,97.33333587646484,0.0,245.3333282470703,211.4823455810547,9.456812858581543,202.02554321289062,33.626888275146484,0,10169,0,0.0,100.0
damage_size,p001__loss_large__size_04pct,p001,,,portrait_figure,opencv_telea,589824,20290,7.220914840698242,0.38110578060150146,6.839809894561768,254.0,91.33333587646484,0.0,246.0,209.90975952148438,11.07862663269043,198.8311309814453,33.54899978637695,0,20290,0,0.0,100.0
damage_size,p001__loss_large__size_06pct,p001,,,portrait_figure,opencv_telea,589824,30565,10.97037124633789,0.7547262907028198,10.215643882751465,254.0,144.3333282470703,-56.99999237060547,246.6666717529297,211.69924926757812,14.564229965209961,197.135009765625,41.35737991333008,28,30537,0,0.09160804842139703,99.90839195157861
damage_size,p001__loss_large__size_08pct,p001,,,portrait_figure,opencv_telea,589824,40785,14.880964279174805,1.0500625371932983,13.830900192260742,254.0,149.6666717529297,-62.333335876464844,247.3333282470703,215.20533752441406,15.185778617858887,200.01956176757812,41.804840087890625,32,40751,2,0.07846021821748192,99.91663601814392
damage_size,p001__loss_large__size_10pct,p001,,,portrait_figure,opencv_telea,589824,50905,18.77923011779785,1.0960198640823364,17.68321418762207,254.0,144.6666717529297,-57.333335876464844,247.6666717529297,217.59043884277344,12.699315071105957,204.89111328125,37.72446060180664,27,50876,2,0.05303997642667714,99.9430311364306
damage_size,p001__loss_large__size_15pct,p001,,,portrait_figure,opencv_telea,589824,76373,28.5455322265625,1.5824065208435059,26.963125228881836,254.0,143.3333282470703,-55.99999237060547,247.33334350585938,220.4553985595703,12.22082805633545,208.2345733642578,32.42633819580078,24,76348,1,0.03142471815955901,99.96726591858379
damage_size,p001__loss_large__size_20pct,p001,,,portrait_figure,opencv_telea,589824,101967,38.02642822265625,2.263439416885376,35.762996673583984,254.0,143.3333282470703,-55.99999237060547,248.0,219.96238708496094,13.092775344848633,206.86959838867188,31.911916732788086,25,101941,1,0.024517736130316672,99.97450155442446
damage_size,p018__loss_large__size_02pct,p018,,,landscape_natural,opencv_telea,589824,7777,1.9183515310287476,0.41957539319992065,1.498775839805603,205.0,119.0,0.0,200.3333282470703,145.49179077148438,31.821481704711914,113.6703109741211,39.479061126708984,0,7777,0,0.0,100.0
damage_size,p018__loss_large__size_04pct,p018,,,landscape_natural,opencv_telea,589824,15531,3.8438234329223633,0.6306124329566956,3.2132108211517334,213.3333282470703,119.33333587646484,-37.33332824707031,209.33334350585938,145.97769165039062,23.948898315429688,122.02877807617188,57.523860931396484,587,14938,6,3.7795376987959566,96.18182988860988
damage_size,p018__loss_large__size_06pct,p018,,,landscape_natural,opencv_telea,589824,23407,5.863271713256836,0.812451958656311,5.0508198738098145,219.3333282470703,113.33333587646484,-31.0,213.3333282470703,147.746337890625,20.47266387939453,127.273681640625,56.72254180908203,743,22651,13,3.174264109027214,96.77019694963045
damage_size,p018__loss_large__size_08pct,p018,,,landscape_natural,opencv_telea,589824,31189,7.851469993591309,0.9533967971801758,6.898072719573975,221.6666717529297,107.66666412353516,-9.666664123535156,219.3333282470703,148.48135375976562,18.029958724975586,130.451416015625,54.03130340576172,109,31067,13,0.3494821892333836,99.60883644874795
damage_size,p018__loss_large__size_10pct,p018,,,landscape_natural,opencv_telea,589824,38979,9.872958183288574,1.3112934827804565,8.561665534973145,222.6666717529297,130.0,-4.666664123535156,219.66665649414062,149.39602661132812,19.842281341552734,129.5537567138672,52.29384231567383,4,38975,0,0.010261935914210216,99.98973806408578
damage_size,p018__loss_large__size_15pct,p018,,,landscape_natural,opencv_telea,589824,58322,15.01724910736084,2.0378243923187256,12.979425430297852,234.6666717529297,126.66666412353516,-26.666664123535156,217.33334350585938,151.8729705810547,20.608991622924805,131.2639617919922,58.88656997680664,1596,56653,73,2.7365316690099792,97.1383011556531
damage_size,p018__loss_large__size_20pct,p018,,,landscape_natural,opencv_telea,589824,77936,20.34632110595703,2.9973340034484863,17.34898567199707,234.6666717529297,134.6666717529297,-65.33333587646484,224.0,153.98208618164062,22.683988571166992,131.29808044433594,60.84776306152344,3833,74058,45,4.918137959351262,95.02412235680558
damage_size,p026__loss_large__size_02pct,p026,,,architecture_structured,opencv_telea,589824,8147,1.626564383506775,0.05888988450169563,1.5676743984222412,161.0,35.33333206176758,0.0,142.33334350585938,117.7594985961914,4.263491153717041,113.49600982666016,10.914365768432617,0,8147,0,0.0,100.0
damage_size,p026__loss_large__size_04pct,p026,,,architecture_structured,opencv_telea,589824,16243,3.2995686531066895,0.17710083723068237,3.1224677562713623,193.6666717529297,61.0,0.0,157.0,119.81559753417969,6.430975437164307,113.3846206665039,13.401433944702148,0,16243,0,0.0,100.0
damage_size,p026__loss_large__size_06pct,p026,,,architecture_structured,opencv_telea,589824,24409,5.004425048828125,0.2850680947303772,4.719356536865234,198.6666717529297,70.33333587646484,0.0,189.33334350585938,120.92793273925781,6.8884429931640625,114.03949737548828,15.68062973022461,0,24409,0,0.0,100.0
damage_size,p026__loss_large__size_08pct,p026,,,architecture_structured,opencv_telea,589824,32448,6.729523658752441,0.6247360706329346,6.104787826538086,212.6666717529297,88.0,0.0,195.3333282470703,122.32601165771484,11.356149673461914,110.96986389160156,23.6298828125,0,32448,0,0.0,100.0
damage_size,p026__loss_large__size_10pct,p026,,,architecture_structured,opencv_telea,589824,40622,8.513318061828613,1.0429867506027222,7.470332622528076,212.6666717529297,108.0,0.0,195.6666717529297,123.6118392944336,15.143977165222168,108.46786499023438,29.490468978881836,0,40622,0,0.0,100.0
damage_size,p026__loss_large__size_15pct,p026,,,architecture_structured,opencv_telea,589824,60957,13.072117805480957,1.9872690439224243,11.08484935760498,216.6666717529297,101.0,-6.666664123535156,195.33334350585938,126.4866943359375,19.22894859313965,107.25773620605469,36.30278015136719,4,60953,0,0.00656200272323113,99.99343799727677
damage_size,p026__loss_large__size_20pct,p026,,,architecture_structured,opencv_telea,589824,81200,17.625593185424805,2.470965623855591,15.15462875366211,216.6666717529297,104.33333587646484,-31.333335876464844,203.3333282470703,128.029541015625,17.948707580566406,110.08084106445312,35.3999137878418,1,81199,0,0.0012315270935960591,99.9987684729064
damage_size,p039__loss_large__size_02pct,p039,,,abstraction_surrealism,opencv_telea,589824,8683,1.4811244010925293,0.09006359428167343,1.391060709953308,129.3333282470703,34.0,0.0,123.33333587646484,100.61070251464844,6.117893218994141,94.49280548095703,10.909144401550293,0,8683,0,0.0,100.0
damage_size,p039__loss_large__size_04pct,p039,,,abstraction_surrealism,opencv_telea,589824,17329,3.0419371128082275,0.29994821548461914,2.7419896125793457,208.0,94.0,0.0,177.0,103.5378646850586,10.209283828735352,93.32857513427734,15.044563293457031,0,17329,0,0.0,100.0
damage_size,p039__loss_large__size_06pct,p039,,,abstraction_surrealism,opencv_telea,589824,25949,4.61915397644043,0.6313121318817139,3.9878416061401367,211.0,123.66666412353516,-79.33332824707031,197.3333282470703,104.99394226074219,14.349800109863281,90.64412689208984,18.110612869262695,71,25878,0,0.27361362672935374,99.72638637327064
damage_size,p039__loss_large__size_08pct,p039,,,abstraction_surrealism,opencv_telea,589824,34593,6.17112922668457,1.011074423789978,5.160054683685303,211.0,130.0,-25.333332061767578,200.6666717529297,105.2201156616211,17.23921012878418,87.98091125488281,17.401752471923828,15,34577,1,0.043361373688318446,99.95374786806579
damage_size,p039__loss_large__size_10pct,p039,,,abstraction_surrealism,opencv_telea,589824,43405,7.7450408935546875,1.333472728729248,6.411569118499756,211.3333282470703,133.0,-38.33333206176758,199.3333282470703,105.24620056152344,18.120363235473633,87.12583923339844,18.03473663330078,87,43316,2,0.2004377375878355,99.79495449832969
damage_size,p039__loss_large__size_15pct,p039,,,abstraction_surrealism,opencv_telea,589824,64917,11.728099822998047,2.3393869400024414,9.388710975646973,222.6666717529297,140.0,-25.0,215.6666717529297,106.55936431884766,21.255245208740234,85.30410766601562,24.210067749023438,56,64861,0,0.08626399864442288,99.91373600135557
damage_size,p039__loss_large__size_20pct,p039,,,abstraction_surrealism,opencv_telea,589824,86644,16.958763122558594,4.413627624511719,12.545134544372559,228.0,153.6666717529297,-110.33334350585938,218.6666717529297,115.44580078125,30.045507431030273,85.40028381347656,51.0670051574707,4844,81764,36,5.590692950463968,94.36775772125017
damage_size,p043__loss_large__size_02pct,p043,,,high_texture_brushwork,opencv_telea,589824,9418,2.9949707984924316,0.3242267072200775,2.6707441806793213,235.3333282470703,126.66666412353516,-15.0,228.66665649414062,187.5669708251953,20.305442810058594,167.2615203857422,36.135345458984375,18,9399,1,0.19112338076024635,99.79825865364197
damage_size,p043__loss_large__size_04pct,p043,,,high_texture_brushwork,opencv_telea,589824,18765,5.896249771118164,0.6835926175117493,5.2126569747924805,240.3333282470703,130.0,-62.0,232.6666717529297,185.33172607421875,21.486774444580078,163.84494018554688,35.449302673339844,72,18693,0,0.38369304556354916,99.61630695443645
damage_size,p043__loss_large__size_06pct,p043,,,high_texture_brushwork,opencv_telea,589824,28081,8.867717742919922,1.0633792877197266,7.8043389320373535,240.3333282470703,140.0,-72.66666412353516,235.33334350585938,186.2609100341797,22.33562469482422,163.92529296875,37.624027252197266,174,27905,2,0.6196360528471209,99.37324169367187
damage_size,p043__loss_large__size_08pct,p043,,,high_texture_brushwork,opencv_telea,589824,37511,11.87745189666748,1.3950337171554565,10.48241901397705,240.3333282470703,127.33333587646484,-60.0,230.0,186.76138305664062,21.935546875,164.8258514404297,37.35798645019531,100,37405,6,0.26658846738290104,99.71741622457412
damage_size,p043__loss_large__size_10pct,p043,,,high_texture_brushwork,opencv_telea,589824,46880,14.835250854492188,1.6898472309112549,13.145401000976562,240.3333282470703,138.6666717529297,-71.00000762939453,227.3333282470703,186.65072631835938,21.26093101501465,165.38978576660156,35.493614196777344,133,46746,1,0.2837030716723549,99.71416382252559
damage_size,p043__loss_large__size_15pct,p043,,,high_texture_brushwork,opencv_telea,589824,70314,21.75130271911621,3.4955310821533203,18.255767822265625,240.3333282470703,147.0,-13.0,222.6666717529297,182.45924377441406,29.322010040283203,153.13723754882812,36.02978515625,18,70296,0,0.025599453878317264,99.97440054612169
damage_size,p043__loss_large__size_20pct,p043,,,high_texture_brushwork,opencv_telea,589824,93869,28.418764114379883,4.652872562408447,23.765892028808594,240.3333282470703,131.6666717529297,-25.666671752929688,223.3333282470703,178.56874084472656,29.23623275756836,149.33250427246094,35.12738800048828,65,93802,2,0.06924543779096401,99.92862393335393
mask_robustness,p001__loss_large__variant_01,p001,,,portrait_figure,opencv_telea,589824,63739,24.114540100097656,1.4436787366867065,22.670862197875977,254.0,124.66666412353516,-37.33332824707031,247.6666717529297,223.1496124267578,13.359423637390137,209.7902069091797,31.622360229492188,12,63727,0,0.018826777953843014,99.98117322204615
mask_robustness,p001__loss_large__variant_02,p001,,,portrait_figure,opencv_telea,589824,63746,23.597522735595703,1.2549177408218384,22.342609405517578,252.6666717529297,124.33333587646484,-25.0,245.3333282470703,218.34133911132812,11.611406326293945,206.72991943359375,31.516429901123047,18,63728,0,0.028237065855112476,99.97176293414489
mask_robustness,p001__loss_large__variant_03,p001,,,portrait_figure,opencv_telea,589824,63593,23.56989288330078,1.654844045639038,21.915050506591797,254.0,136.0,-2.3333282470703125,248.0,218.61036682128906,15.348649978637695,203.26173400878906,42.923824310302734,1,63591,1,0.0015725001179375088,99.99685499976412
mask_robustness,p001__loss_large__variant_04,p001,,,portrait_figure,opencv_telea,589824,63653,22.4720401763916,1.8747484683990479,20.5972957611084,251.0,145.3333282470703,-76.66666412353516,247.6666717529297,208.23135375976562,17.371871948242188,190.8594512939453,55.17237854003906,155,63495,3,0.24350776868332993,99.75177917772925
mask_robustness,p001__loss_large__variant_05,p001,,,portrait_figure,opencv_telea,589824,63643,22.255844116210938,1.0777826309204102,21.17806053161621,253.0,113.0,-28.333335876464844,245.3333282470703,206.26040649414062,9.988561630249023,196.27186584472656,23.02199935913086,7,63636,0,0.010998852976760995,99.98900114702325
mask_robustness,p001__loss_small__variant_01,p001,,,portrait_figure,opencv_telea,589824,22079,8.407137870788574,0.3459874093532562,8.061150550842285,255.0,100.0,0.0,254.0,224.5903778076172,9.24279499053955,215.3476104736328,23.09503746032715,0,22079,0,0.0,100.0
mask_robustness,p001__loss_small__variant_02,p001,,,portrait_figure,opencv_telea,589824,22880,8.515472412109375,0.2244144082069397,8.291057586669922,255.0,122.0,-4.0,246.6666717529297,219.52052307128906,5.785183429718018,213.7353515625,29.593873977661133,1,22879,0,0.004370629370629371,99.99562937062937
mask_robustness,p001__loss_small__variant_03,p001,,,portrait_figure,opencv_telea,589824,22960,8.922416687011719,0.2506035566329956,8.671813011169434,255.0,54.0,0.0,247.33334350585938,229.209716796875,6.437804698944092,222.7719268798828,14.19604206085205,0,22960,0,0.0,100.0
mask_robustness,p001__loss_small__variant_04,p001,,,portrait_figure,opencv_telea,589824,22924,8.712955474853516,0.23506562411785126,8.477889060974121,255.0,121.66666412353516,0.0,249.0,224.18035888671875,6.048130035400391,218.13221740722656,21.538663864135742,0,22924,0,0.0,100.0
mask_robustness,p001__loss_small__variant_05,p001,,,portrait_figure,opencv_telea,589824,22900,8.68764591217041,0.3271365761756897,8.360508918762207,255.0,111.66666412353516,-10.0,249.3333282470703,223.7633819580078,8.425894737243652,215.33749389648438,34.76834487915039,2,22898,0,0.008733624454148471,99.99126637554585
mask_robustness,p001__scratch_thin__variant_01,p001,,,portrait_figure,opencv_telea,589824,10186,4.043462753295898,0.06316009163856506,3.980302095413208,255.0,66.0,0.0,246.3333282470703,234.13815307617188,3.6573073863983154,230.48085021972656,10.655094146728516,0,10186,0,0.0,100.0
mask_robustness,p001__scratch_thin__variant_02,p001,,,portrait_figure,opencv_telea,589824,10191,3.878183126449585,0.08672700077295303,3.791456460952759,255.0,83.0,0.0,251.3333282470703,224.4574432373047,5.01949405670166,219.4379425048828,30.093175888061523,0,10191,0,0.0,100.0
mask_robustness,p001__scratch_thin__variant_03,p001,,,portrait_figure,opencv_telea,589824,8635,3.214783191680908,0.0573984794318676,3.1573851108551025,255.0,108.33333587646484,0.0,248.6666717529297,219.5896453857422,3.9206717014312744,215.6689910888672,30.038297653198242,0,8635,0,0.0,100.0
mask_robustness,p001__scratch_thin__variant_04,p001,,,portrait_figure,opencv_telea,589824,10157,3.8942599296569824,0.10211972892284393,3.792140483856201,255.0,89.33333587646484,0.0,252.0,226.14236450195312,5.930163383483887,220.21218872070312,29.416709899902344,0,10157,0,0.0,100.0
mask_robustness,p001__scratch_thin__variant_05,p001,,,portrait_figure,opencv_telea,589824,10152,3.834632396697998,0.07574462890625,3.7588882446289062,255.0,82.33333587646484,0.0,247.0,222.78944396972656,4.40070915222168,218.3887176513672,21.803388595581055,0,10152,0,0.0,100.0
mask_robustness,p018__loss_large__variant_01,p018,,,landscape_natural,opencv_telea,589824,48662,14.486842155456543,1.603529930114746,12.883312225341797,231.6666717529297,134.0,-41.66667175292969,231.0,175.59259033203125,19.43611717224121,156.156494140625,49.70466995239258,788,47868,6,1.619333360733221,98.36833668981957
mask_robustness,p018__loss_large__variant_02,p018,,,landscape_natural,opencv_telea,589824,48683,11.31318473815918,1.5723938941955566,9.740791320800781,225.0,134.0,-38.333335876464844,213.6666717529297,137.0660858154297,19.05050277709961,118.01558685302734,54.97383117675781,1072,47598,13,2.202000698395744,97.77129593492594
mask_robustness,p018__loss_large__variant_03,p018,,,landscape_natural,opencv_telea,589824,48634,11.56210708618164,1.6840391159057617,9.878067016601562,220.6666717529297,114.0,-36.0,215.3333282470703,140.22305297851562,20.423709869384766,119.79934692382812,53.31343460083008,1305,47308,21,2.6833079738454577,97.2735123576099
mask_robustness,p018__loss_large__variant_04,p018,,,landscape_natural,opencv_telea,589824,48681,14.434884071350098,1.7511162757873535,12.683765411376953,227.3333282470703,133.6666717529297,-55.0,223.0,174.89453125,21.216703414916992,153.67782592773438,47.597530364990234,326,48354,1,0.6696657833651732,99.3282800271153
mask_robustness,p018__loss_large__variant_05,p018,,,landscape_natural,opencv_telea,589824,48678,11.662912368774414,1.4941972494125366,10.168716430664062,226.0,112.0,-31.333335876464844,216.6666717529297,141.31776428222656,18.104961395263672,123.21279907226562,54.29582595825195,732,47927,19,1.5037593984962405,98.45720859525863
mask_robustness,p018__loss_small__variant_01,p018,,,landscape_natural,opencv_telea,589824,17562,5.234724521636963,0.4089072644710541,4.8258161544799805,255.0,131.0,-12.0,255.0,175.80947875976562,13.73324966430664,162.07623291015625,36.483028411865234,4,17558,0,0.02277644915157727,99.97722355084842
mask_robustness,p018__loss_small__variant_02,p018,,,landscape_natural,opencv_telea,589824,17494,4.860382080078125,0.34026646614074707,4.520115375518799,255.0,121.0,-26.0,255.0,163.87159729003906,11.472352027893066,152.39926147460938,46.83653259277344,14,17480,0,0.08002743797873557,99.91997256202126
mask_robustness,p018__loss_small__variant_03,p018,,,landscape_natural,opencv_telea,589824,17537,5.269067764282227,0.2991672456264496,4.969900131225586,255.0,150.6666717529297,-49.00000762939453,255.0,177.2151641845703,10.061924934387207,167.1532440185547,44.302940368652344,114,17422,1,0.6500541711809318,99.3442435992473
mask_robustness,p018__loss_small__variant_04,p018,,,landscape_natural,opencv_telea,589824,17521,5.0401082038879395,0.1827375590801239,4.857370376586914,255.0,61.66666793823242,0.0,255.0,169.6693572998047,6.151646137237549,163.5177001953125,43.35542297363281,0,17521,0,0.0,100.0
mask_robustness,p018__loss_small__variant_05,p018,,,landscape_natural,opencv_telea,589824,17483,5.076451301574707,0.45379188656806946,4.622659683227539,220.6666717529297,108.66666412353516,-29.333335876464844,217.33334350585938,171.2642364501953,15.309577941894531,155.95465087890625,50.818111419677734,367,17115,1,2.099182062575073,97.89509809529257
mask_robustness,p018__scratch_thin__variant_01,p018,,,landscape_natural,opencv_telea,589824,7822,2.4528071880340576,0.0718163400888443,2.380991220474243,255.0,97.66666412353516,0.0,255.0,184.9558563232422,5.415367126464844,179.5404815673828,46.9744758605957,0,7822,0,0.0,100.0
mask_robustness,p018__scratch_thin__variant_02,p018,,,landscape_natural,opencv_telea,589824,7894,2.2570996284484863,0.06789200752973557,2.1892080307006836,255.0,81.0,0.0,255.0,168.64601135253906,5.072755813598633,163.57327270507812,47.91313934326172,0,7894,0,0.0,100.0
mask_robustness,p018__scratch_thin__variant_03,p018,,,landscape_natural,opencv_telea,589824,7790,2.5152084827423096,0.1229044571518898,2.3923048973083496,255.0,107.0,0.0,255.0,190.4403839111328,9.305776596069336,181.13462829589844,43.4057502746582,0,7790,0,0.0,100.0
mask_robustness,p018__scratch_thin__variant_04,p018,,,landscape_natural,opencv_telea,589824,7788,2.392887592315674,0.06062202900648117,2.332265615463257,255.0,68.0,0.0,255.0,181.2252960205078,4.591208457946777,176.6340789794922,40.779197692871094,0,7788,0,0.0,100.0
mask_robustness,p018__scratch_thin__variant_05,p018,,,landscape_natural,opencv_telea,589824,7782,2.390664577484131,0.06597787141799927,2.3246867656707764,232.0,66.0,0.0,222.33334350585938,181.196533203125,5.000685691833496,176.19583129882812,36.634151458740234,0,7782,0,0.0,100.0
mask_robustness,p026__loss_large__variant_01,p026,,,architecture_structured,opencv_telea,589824,50871,15.571175575256348,1.2821729183197021,14.289005279541016,226.0,87.33333587646484,0.0,207.33334350585938,180.54005432128906,14.866157531738281,165.6739044189453,21.042245864868164,0,50871,0,0.0,100.0
mask_robustness,p026__loss_large__variant_02,p026,,,architecture_structured,opencv_telea,589824,50836,12.084376335144043,1.2781779766082764,10.806197166442871,216.6666717529297,94.66666412353516,-25.0,193.66665649414062,140.20880126953125,14.830041885375977,125.37876892089844,34.89513397216797,291,50539,6,0.5724289873318121,99.41576835313558
mask_robustness,p026__loss_large__variant_03,p026,,,architecture_structured,opencv_telea,589824,50777,15.089106559753418,1.3530538082122803,13.736051559448242,226.0,92.66666412353516,-21.666664123535156,208.6666717529297,175.27459716796875,15.717031478881836,159.5575714111328,23.024213790893555,2,50775,0,0.003938791184985328,99.99606120881502
mask_robustness,p026__loss_large__variant_04,p026,,,architecture_structured,opencv_telea,589824,50794,13.96857738494873,1.2259368896484375,12.742640495300293,226.0,101.33333587646484,-28.666671752929688,209.3333282470703,162.20423889160156,14.235675811767578,147.9685516357422,35.30925750732422,1,50793,0,0.0019687364649368035,99.99803126353507
mask_robustness,p026__loss_large__variant_05,p026,,,architecture_structured,opencv_telea,589824,50704,14.838621139526367,1.7128276824951172,13.125794410705566,226.0,149.0,-30.333335876464844,204.6666717529297,172.6131134033203,19.92479705810547,152.6883087158203,32.4691276550293,4,50700,0,0.007888923950773114,99.99211107604923
mask_robustness,p026__loss_small__variant_01,p026,,,architecture_structured,opencv_telea,589824,18250,4.6366868019104,0.274010568857193,4.362676620483398,218.3333282470703,80.0,0.0,206.66665649414062,149.85365295410156,8.855780601501465,140.9978790283203,25.326194763183594,0,18250,0,0.0,100.0
mask_robustness,p026__loss_small__variant_02,p026,,,architecture_structured,opencv_telea,589824,18265,4.1979241371154785,0.2345106303691864,3.9634132385253906,223.3333282470703,86.33333587646484,-4.333335876464844,215.0,135.5618133544922,7.572953701019287,127.98884582519531,39.12467956542969,1,18264,0,0.005474952094169176,99.99452504790582
mask_robustness,p026__loss_small__variant_03,p026,,,architecture_structured,opencv_telea,589824,18241,5.294204235076904,0.3877161741256714,4.906486988067627,227.0,140.3333282470703,-16.0,222.6666717529297,171.1884307861328,12.53683090209961,158.651611328125,36.47970199584961,8,18233,0,0.0438572446686037,99.9561427553314
mask_robustness,p026__loss_small__variant_04,p026,,,architecture_structured,opencv_telea,589824,18235,4.236200332641602,0.2666291892528534,3.969571828842163,230.0,78.0,0.0,215.6666717529297,137.02291870117188,8.624312400817871,128.3986053466797,40.14167785644531,0,18235,0,0.0,100.0
mask_robustness,p026__loss_small__variant_05,p026,,,architecture_structured,opencv_telea,589824,18265,4.55820894241333,0.3971337080001831,4.161074638366699,223.6666717529297,95.0,0.0,208.6666717529297,147.19631958007812,12.82447338104248,134.371826171875,33.47711944580078,0,18265,0,0.0,100.0
mask_robustness,p026__scratch_thin__variant_01,p026,,,architecture_structured,opencv_telea,589824,8139,1.9083037376403809,0.10082612931728363,1.8074777126312256,230.3333282470703,58.0,0.0,225.6666717529297,138.29257202148438,7.306753158569336,130.98583984375,35.75645446777344,0,8139,0,0.0,100.0
mask_robustness,p026__scratch_thin__variant_02,p026,,,architecture_structured,opencv_telea,589824,8220,1.9422647953033447,0.09033599495887756,1.8519287109375,231.3333282470703,72.33333587646484,0.0,226.33334350585938,139.36671447753906,6.4820356369018555,132.88467407226562,33.762630462646484,0,8220,0,0.0,100.0
mask_robustness,p026__scratch_thin__variant_03,p026,,,architecture_structured,opencv_telea,589824,8049,2.4956793785095215,0.5187976956367493,1.9768821001052856,234.3333282470703,84.33333587646484,0.0,223.0,182.88131713867188,38.01706314086914,144.8642578125,25.348207473754883,0,8049,0,0.0,100.0
mask_robustness,p026__scratch_thin__variant_04,p026,,,architecture_structured,opencv_telea,589824,7698,1.94950270652771,0.08855918794870377,1.8609439134597778,231.0,70.0,0.0,223.6666717529297,149.37173461914062,6.785442352294922,142.58628845214844,39.71451950073242,0,7698,0,0.0,100.0
mask_robustness,p026__scratch_thin__variant_05,p026,,,architecture_structured,opencv_telea,589824,8248,2.3362345695495605,0.1040310338139534,2.232203722000122,232.0,71.33333587646484,0.0,215.0,167.0668487548828,7.4393792152404785,159.62747192382812,26.29367446899414,0,8248,0,0.0,100.0
mask_robustness,p039__loss_large__variant_01,p039,,,abstraction_surrealism,opencv_telea,589824,54225,9.402366638183594,2.138014554977417,7.264351844787598,211.0,139.3333282470703,-40.000003814697266,201.33334350585938,102.27278137207031,23.255922317504883,79.01685333251953,30.269433975219727,1843,52364,18,3.3988012909174734,96.56800368833564
mask_robustness,p039__loss_large__variant_02,p039,,,abstraction_surrealism,opencv_telea,589824,54174,14.499579429626465,3.0501744747161865,11.449403762817383,228.0,152.0,-96.0,221.6666717529297,157.8654022216797,33.20903778076172,124.65635681152344,47.72151565551758,758,53414,2,1.3991951858825267,98.59711300623916
mask_robustness,p039__loss_large__variant_03,p039,,,abstraction_surrealism,opencv_telea,589824,54253,15.078608512878418,4.799170970916748,10.279438018798828,228.0,159.3333282470703,-83.66665649414062,217.0,163.93057250976562,52.17530059814453,111.75525665283203,46.4796257019043,917,53330,6,1.6902291117541888,98.2987115919857
mask_robustness,p039__loss_large__variant_04,p039,,,abstraction_surrealism,opencv_telea,589824,54217,14.104375839233398,2.956489324569702,11.1478853225708,228.0,126.0,-63.66666793823242,214.3333282470703,153.4407958984375,32.16349792480469,121.27728271484375,55.69681930541992,1477,52725,15,2.724237785196525,97.24809561576627
mask_robustness,p039__loss_large__variant_05,p039,,,abstraction_surrealism,opencv_telea,589824,54127,9.761493682861328,2.331106185913086,7.430385112762451,222.6666717529297,142.0,-79.0,213.3333282470703,106.3713607788086,25.402158737182617,80.96919250488281,30.901596069335938,1029,53073,25,1.901084486485488,98.05272784377483
mask_robustness,p039__loss_small__variant_01,p039,,,abstraction_surrealism,opencv_telea,589824,19494,4.507173538208008,0.4918065667152405,4.015367031097412,216.0,127.66666412353516,-86.0,209.6666717529297,136.37216186523438,14.880440711975098,121.49171447753906,43.92425537109375,276,19218,0,1.4158202523853494,98.58417974761466
mask_robustness,p039__loss_small__variant_02,p039,,,abstraction_surrealism,opencv_telea,589824,19485,5.094472408294678,0.5846495628356934,4.509821891784668,224.3333282470703,124.0,0.0,216.33334350585938,154.2130584716797,17.69773292541504,136.5153350830078,40.321475982666016,0,19485,0,0.0,100.0
mask_robustness,p039__loss_small__variant_03,p039,,,abstraction_surrealism,opencv_telea,589824,19500,4.795904159545898,1.0737522840499878,3.722151517868042,224.6666717529297,123.33333587646484,-43.333335876464844,211.0,145.0635528564453,32.478206634521484,112.58535766601562,41.893775939941406,412,19086,2,2.112820512820513,97.87692307692308
mask_robustness,p039__loss_small__variant_04,p039,,,abstraction_surrealism,opencv_telea,589824,19494,4.132585525512695,0.8505611419677734,3.28202486038208,222.3333282470703,138.0,-24.333335876464844,209.66665649414062,125.03838348388672,25.735164642333984,99.30322265625,39.42338562011719,108,19384,2,0.554016620498615,99.43572381245511
mask_robustness,p039__loss_small__variant_05,p039,,,abstraction_surrealism,opencv_telea,589824,19478,4.476553916931152,0.5065939426422119,3.9699602127075195,226.3333282470703,119.66666412353516,-66.33332824707031,218.6666717529297,135.55699157714844,15.34045124053955,120.21653747558594,47.22658920288086,21,19456,1,0.10781394393674916,99.88705205873293
mask_robustness,p039__scratch_thin__variant_01,p039,,,abstraction_surrealism,opencv_telea,589824,8662,2.0699563026428223,0.1451585590839386,1.9247978925704956,223.6666717529297,88.66666412353516,-13.000003814697266,217.33334350585938,140.95013427734375,9.884322166442871,131.06581115722656,49.36078643798828,6,8656,0,0.06926806742091896,99.93073193257908
mask_robustness,p039__scratch_thin__variant_02,p039,,,abstraction_surrealism,opencv_telea,589824,8664,1.5418829917907715,0.3804790675640106,1.1614041328430176,226.3333282470703,125.66666412353516,-55.0,216.0,104.96764373779297,25.902084350585938,79.06555938720703,40.185333251953125,15,8649,0,0.1731301939058172,99.82686980609418
mask_robustness,p039__scratch_thin__variant_03,p039,,,abstraction_surrealism,opencv_telea,589824,8638,2.010568380355835,0.13121993839740753,1.8793482780456543,228.0,77.66666412353516,0.0,221.0,137.28656005859375,8.960021018981934,128.3265380859375,43.862545013427734,0,8638,0,0.0,100.0
mask_robustness,p039__scratch_thin__variant_04,p039,,,abstraction_surrealism,opencv_telea,589824,8658,1.82920503616333,0.4769913852214813,1.3522135019302368,223.0,134.0,-7.333335876464844,207.3333282470703,124.6141128540039,32.49491500854492,92.11919403076172,51.735931396484375,26,8632,0,0.3003003003003003,99.69969969969969
mask_robustness,p039__scratch_thin__variant_05,p039,,,abstraction_surrealism,opencv_telea,589824,8650,1.9974727630615234,0.12905485928058624,1.8684179782867432,225.0,85.33333587646484,-19.666667938232422,218.6666717529297,136.2031707763672,8.799962043762207,127.40319061279297,45.0065803527832,2,8648,0,0.023121387283236993,99.97687861271676
mask_robustness,p043__loss_large__variant_01,p043,,,high_texture_brushwork,opencv_telea,589824,58688,15.732584953308105,2.5436346530914307,13.188949584960938,232.0,126.0,-28.0,218.0,158.11505126953125,25.563941955566406,132.5511016845703,43.693172454833984,174,58511,3,0.29648309705561615,99.69840512540894
mask_robustness,p043__loss_large__variant_02,p043,,,high_texture_brushwork,opencv_telea,589824,58568,15.386317253112793,2.612593650817871,12.773725509643555,232.0,138.3333282470703,-57.66666793823242,225.33334350585938,154.95184326171875,26.3107967376709,128.64105224609375,47.56269073486328,990,57567,11,1.690342849337522,98.29087556344761
mask_robustness,p043__loss_large__variant_03,p043,,,high_texture_brushwork,opencv_telea,589824,58606,16.130199432373047,3.3595798015594482,12.770618438720703,238.6666717529297,135.6666717529297,-70.66667175292969,227.3333282470703,162.3379669189453,33.81156539916992,128.52638244628906,44.772499084472656,378,58226,2,0.644985155103573,99.35160222502816
mask_robustness,p043__loss_large__variant_04,p043,,,high_texture_brushwork,opencv_telea,589824,58777,16.58887481689453,2.1633846759796143,14.425493240356445,240.3333282470703,124.66666412353516,-55.33332824707031,228.0,166.46847534179688,21.709447860717773,144.759033203125,44.08489990234375,128,58640,9,0.21777225785596407,99.76691563026354
mask_robustness,p043__loss_large__variant_05,p043,,,high_texture_brushwork,opencv_telea,589824,58587,15.735896110534668,3.5832769870758057,12.152619361877441,234.6666717529297,132.6666717529297,-49.0,225.0,158.4209747314453,36.07460021972656,122.34638214111328,44.29021072387695,223,58363,1,0.38063051530202946,99.61766262140065
mask_robustness,p043__loss_small__variant_01,p043,,,high_texture_brushwork,opencv_telea,589824,21097,5.528842926025391,0.4487118124961853,5.080130577087402,255.0,104.33333587646484,0.0,226.6666717529297,154.57382202148438,12.54495906829834,142.02886962890625,40.15603256225586,0,21097,0,0.0,100.0
mask_robustness,p043__loss_small__variant_02,p043,,,high_texture_brushwork,opencv_telea,589824,21107,5.814176559448242,0.3827243447303772,5.431451797485352,236.3333282470703,112.33333587646484,-15.0,228.6666717529297,162.47409057617188,10.695030212402344,151.77908325195312,38.243099212646484,29,21078,0,0.1373951769555124,99.86260482304449
mask_robustness,p043__loss_small__variant_03,p043,,,high_texture_brushwork,opencv_telea,589824,21143,5.390471458435059,0.6424018144607544,4.748068809509277,255.0,131.3333282470703,-56.0,252.6666717529297,150.37738037109375,17.9210147857666,132.4563751220703,47.26932144165039,357,20776,10,1.6885021047155087,98.26420091756137
mask_robustness,p043__loss_small__variant_04,p043,,,high_texture_brushwork,opencv_telea,589824,21088,6.528351783752441,0.6596311926841736,5.868721008300781,255.0,126.0,0.0,223.66665649414062,182.59571838378906,18.44965362548828,164.1460723876953,32.831459045410156,0,21088,0,0.0,100.0
mask_robustness,p043__loss_small__variant_05,p043,,,high_texture_brushwork,opencv_telea,589824,21128,6.237954616546631,0.6205191016197205,5.61743688583374,243.0,127.0,-4.3333282470703125,230.6666717529297,174.14309692382812,17.32284164428711,156.82025146484375,43.10417175292969,3,21124,1,0.01419916698220371,99.98106777735705
mask_robustness,p043__scratch_thin__variant_01,p043,,,high_texture_brushwork,opencv_telea,589824,9410,2.5194294452667236,0.09990551322698593,2.4195237159729004,234.6666717529297,70.0,0.0,228.0,157.9192352294922,6.26213264465332,151.6571044921875,41.9337043762207,0,9410,0,0.0,100.0
mask_robustness,p043__scratch_thin__variant_02,p043,,,high_texture_brushwork,opencv_telea,589824,9386,2.918530225753784,0.11275848746299744,2.8057713508605957,255.0,74.0,0.0,254.0,183.40284729003906,7.0858378410339355,176.31700134277344,37.3311882019043,0,9386,0,0.0,100.0
mask_robustness,p043__scratch_thin__variant_03,p043,,,high_texture_brushwork,opencv_telea,589824,9437,2.506696939468384,0.13101480901241302,2.3756818771362305,255.0,91.0,0.0,253.0,156.67156982421875,8.188583374023438,148.4829864501953,43.174171447753906,0,9437,0,0.0,100.0
mask_robustness,p043__scratch_thin__variant_04,p043,,,high_texture_brushwork,opencv_telea,589824,9378,2.5689163208007812,0.111918143928051,2.456997871398926,255.0,85.33333587646484,0.0,230.3333282470703,161.57052612304688,7.039027690887451,154.531494140625,41.13022232055664,0,9378,0,0.0,100.0
mask_robustness,p043__scratch_thin__variant_05,p043,,,high_texture_brushwork,opencv_telea,589824,8269,2.377814292907715,0.1060095950961113,2.2718048095703125,255.0,91.0,-26.0,224.33334350585938,169.6083984375,7.561614990234375,162.0467987060547,38.838844299316406,8,8261,0,0.09674688595960818,99.9032531140404
synthetic,p001__dirt_dust__mild,p001,,,portrait_figure,opencv_telea,589824,179470,0.00016502098878845572,0.011470654048025608,-0.011305633932352066,1.0,85.33333587646484,-85.33333587646484,0.3333333134651184,0.0005423376569524407,0.037698034197092056,-0.037155698984861374,0.8092342019081116,1672,2,177796,0.931632027636931,0.0011143923775561375
synthetic,p001__dirt_dust__moderate,p001,,,portrait_figure,opencv_telea,589824,130222,0.006763598881661892,0.034658923745155334,-0.027895323932170868,4.666666507720947,85.33333587646484,-83.66667175292969,2.6666667461395264,0.030634863302111626,0.15698321163654327,-0.1263483464717865,1.3482050895690918,4755,466,125001,3.651456743100244,0.35785044001781574
synthetic,p001__dirt_dust__severe,p001,,,portrait_figure,opencv_telea,589824,164404,0.04167570173740387,0.09762856364250183,-0.055952854454517365,7.0,91.66666412353516,-89.66666412353516,5.6666669845581055,0.14951784908771515,0.35025709867477417,-0.20073923468589783,1.6637341976165771,9984,2546,151874,6.072844942945427,1.548624121067614
synthetic,p001__partial_transparency__mild,p001,,,portrait_figure,opencv_telea,589824,120518,1.0260465145111084,0.9912305474281311,0.03481603041291237,17.33333396911621,41.66666793823242,-30.0,16.33333396911621,5.021548748016357,4.851156711578369,0.17039228975772858,2.7476298809051514,13715,17292,89511,11.380042815181135,14.34806418958164
synthetic,p001__partial_transparency__moderate,p001,,,portrait_figure,opencv_telea,589824,256781,5.216943740844727,6.072706699371338,-0.855763852596283,35.0,142.3333282470703,-123.0,25.33333396911621,11.983277320861816,13.94896125793457,-1.965682864189148,11.044326782226562,51447,46593,158741,20.035360871715586,18.145034095201748
synthetic,p001__partial_transparency__severe,p001,,,portrait_figure,opencv_telea,589824,475536,25.493364334106445,23.35247039794922,2.1408987045288086,66.33333587646484,128.3333282470703,-121.33332824707031,42.33333206176758,31.620315551757812,28.964889526367188,2.6554322242736816,15.18267822265625,89031,223571,162934,18.722241849197538,47.01452676558662
synthetic,p001__water_stain__mild,p001,,,portrait_figure,opencv_telea,589824,58106,0.5141025185585022,0.5241750478744507,-0.010072496719658375,9.333333015441895,96.0,-89.0,7.0,5.218565464019775,5.320809841156006,-0.10224416851997375,1.5598328113555908,2546,1785,53775,4.3816473341823565,3.071971913399649
synthetic,p001__water_stain__moderate,p001,,,portrait_figure,opencv_telea,589824,126986,1.1080176830291748,1.1187782287597656,-0.010760837234556675,12.0,49.66666793823242,-42.66666793823242,5.333333492279053,5.146515369415283,5.196496963500977,-0.04998188465833664,0.7833923697471619,2703,1480,122803,2.1285811034287243,1.1654828091285654
synthetic,p001__water_stain__severe,p001,,,portrait_figure,opencv_telea,589824,165414,1.503502607345581,1.5677456855773926,-0.0642428919672966,21.66666603088379,98.0,-83.33333587646484,9.666666030883789,5.3611063957214355,5.590180397033691,-0.22907371819019318,3.0773463249206543,2087,593,162734,1.261682807984814,0.35849444424292987
synthetic,p001__water_stain_dirt__moderate,p001,,,portrait_figure,opencv_telea,589824,122052,1.4095593690872192,2.059011220932007,-0.6494519710540771,14.0,102.66666412353516,-89.66666412353516,8.333333969116211,6.8117852210998535,9.950303077697754,-3.1385178565979004,10.80994701385498,39351,9290,73411,32.24117589224265,7.611509848261397
synthetic,p018__dirt_dust__mild,p018,,,landscape_natural,opencv_telea,589824,59900,0.0005775734316557646,0.012962055392563343,-0.012384484522044659,1.3333333730697632,59.66666793823242,-59.66666793823242,1.0,0.005687256343662739,0.1276349425315857,-0.12194769829511642,1.405497670173645,1150,88,58662,1.9198664440734559,0.14691151919866444
synthetic,p018__dirt_dust__moderate,p018,,,landscape_natural,opencv_telea,589824,88031,0.016405459493398666,0.0629391074180603,-0.04653365537524223,4.666666507720947,83.33333587646484,-81.33333587646484,4.666666507720947,0.10991960763931274,0.4217037260532379,-0.3117840886116028,2.6088645458221436,3735,778,83518,4.242823550794607,0.8837795776487828
synthetic,p018__dirt_dust__severe,p018,,,landscape_natural,opencv_telea,589824,214667,0.08117280155420303,0.17880475521087646,-0.09763193875551224,10.666666984558105,117.66666412353516,-112.0,9.666666030883789,0.22303225100040436,0.49128809571266174,-0.2682558298110962,2.595151662826538,8245,2825,203597,3.8408325452910788,1.3159917453544328
synthetic,p018__partial_transparency__mild,p018,,,landscape_natural,opencv_telea,589824,108510,0.5318072438240051,0.9355445504188538,-0.4037374258041382,12.333333015441895,121.33333587646484,-110.0,9.666666984558105,2.89072585105896,5.085306644439697,-2.1945810317993164,9.656673431396484,15834,7104,85572,14.592203483549904,6.546862040364943
synthetic,p018__partial_transparency__moderate,p018,,,landscape_natural,opencv_telea,589824,235934,2.192553997039795,3.471689462661743,-1.2791352272033691,28.0,108.33333587646484,-100.0,17.0,5.481282711029053,8.679061889648438,-3.1977789402008057,11.841022491455078,47903,18558,169473,20.303559470021277,7.865759068213992
synthetic,p018__partial_transparency__severe,p018,,,landscape_natural,opencv_telea,589824,317906,9.624232292175293,12.116798400878906,-2.4925663471221924,54.0,134.6666717529297,-96.33332824707031,43.66666793823242,17.85622787475586,22.480789184570312,-4.6245598793029785,17.6674747467041,97379,70797,149730,30.631381603367032,22.2697904411996
synthetic,p018__water_stain__mild,p018,,,landscape_natural,opencv_telea,589824,52980,0.2654859721660614,1.2315773963928223,-0.9660916924476624,11.0,95.66666412353516,-89.33332824707031,8.333333015441895,2.955643653869629,13.711097717285156,-10.75545597076416,16.127290725708008,35143,3414,14423,66.33257833144583,6.443941109852775
synthetic,p018__water_stain__moderate,p018,,,landscape_natural,opencv_telea,589824,104137,0.5454531311988831,0.6076026558876038,-0.06214961037039757,14.666666984558105,37.66666793823242,-35.66666793823242,5.0,3.089404344558716,3.441415309906006,-0.3520106375217438,2.227038860321045,5103,824,98210,4.90027559849045,0.7912653523723556
synthetic,p018__water_stain__severe,p018,,,landscape_natural,opencv_telea,589824,130285,0.652449369430542,1.1277867555618286,-0.47533729672431946,21.0,71.33333587646484,-60.000003814697266,4.0,2.9537575244903564,5.105696678161621,-2.1519386768341064,6.893186569213867,17375,1638,111272,13.336147676248226,1.2572437348888974
synthetic,p018__water_stain_dirt__moderate,p018,,,landscape_natural,opencv_telea,589824,78906,0.7440778613090515,1.2811928987503052,-0.5371150374412537,19.0,99.33333587646484,-85.66667175292969,13.333333015441895,5.561997413635254,9.576945304870605,-4.014945983886719,12.27717113494873,18318,8806,51782,23.214964641472132,11.160114566699617
synthetic,p026__dirt_dust__mild,p026,,,architecture_structured,opencv_telea,589824,62264,0.0016649034805595875,0.014226842671632767,-0.012561937794089317,1.6666666269302368,57.33333206176758,-56.33333206176758,0.9999999403953552,0.01577155292034149,0.1347702145576477,-0.11899867653846741,1.313183307647705,1047,14,61203,1.6815495310291662,0.022484902993704228
synthetic,p026__dirt_dust__moderate,p026,,,architecture_structured,opencv_telea,589824,132263,0.02466668002307415,0.05805573984980583,-0.03338905796408653,5.0,65.0,-64.66666412353516,4.666666507720947,0.11000053584575653,0.2588983178138733,-0.14889776706695557,1.482276201248169,3100,745,128418,2.3438149747094803,0.5632716632769558
synthetic,p026__dirt_dust__severe,p026,,,architecture_structured,opencv_telea,589824,181234,0.14288951456546783,0.24463343620300293,-0.1017439067363739,11.333333015441895,84.66666412353516,-76.33333587646484,10.333333969116211,0.46503233909606934,0.796156644821167,-0.3311243951320648,2.894808769226074,8039,4384,168811,4.435701910237594,2.418972157542183
synthetic,p026__partial_transparency__mild,p026,,,architecture_structured,opencv_telea,589824,78860,0.2503921687602997,0.4903033971786499,-0.23991113901138306,10.333333015441895,67.66666412353516,-58.999996185302734,6.333333492279053,1.8727788925170898,3.6671652793884277,-1.794386863708496,5.957025051116943,14058,3462,61340,17.826528024346946,4.390058331219883
synthetic,p026__partial_transparency__moderate,p026,,,architecture_structured,opencv_telea,589824,217572,1.57899808883667,1.7998085021972656,-0.22081051766872406,21.33333396911621,77.0,-70.33333587646484,13.666666984558105,4.280564785003662,4.8791680335998535,-0.5986033082008362,3.5929014682769775,22498,12455,182619,10.340484988877245,5.72454176088835
synthetic,p026__partial_transparency__severe,p026,,,architecture_structured,opencv_telea,589824,312525,5.567009449005127,8.78821849822998,-3.221207857131958,44.66666793823242,165.6666717529297,-122.33334350585938,22.0,10.506537437438965,16.585880279541016,-6.079339981079102,16.97123908996582,97892,33074,181559,31.32293416526678,10.582833373330134
synthetic,p026__water_stain__mild,p026,,,architecture_structured,opencv_telea,589824,53164,0.23146168887615204,0.24668942391872406,-0.015227707102894783,11.0,56.66666793823242,-50.333335876464844,7.0,2.567934274673462,2.736877202987671,-0.1689426302909851,1.5415524244308472,1388,273,51503,2.610789255887443,0.5135053795801671
synthetic,p026__water_stain__moderate,p026,,,architecture_structured,opencv_telea,589824,76272,0.3278588652610779,0.3278588652610779,0.0,10.0,10.0,0.0,0.0,2.535386800765991,2.535386800765991,0.0,0.0,0,0,76272,0.0,0.0
synthetic,p026__water_stain__severe,p026,,,architecture_structured,opencv_telea,589824,112199,1.0974396467208862,1.0974396467208862,0.0,21.0,21.0,0.0,0.0,5.769181251525879,5.769181251525879,0.0,0.0,0,0,112199,0.0,0.0
synthetic,p026__water_stain_dirt__moderate,p026,,,architecture_structured,opencv_telea,589824,71499,0.5071032047271729,0.5565478801727295,-0.04944469407200813,18.0,73.0,-57.666664123535156,6.3333330154418945,4.1832990646362305,4.591187953948975,-0.407889187335968,2.56807017326355,4423,1679,65397,6.186100504902167,2.3482845913928867
synthetic,p039__dirt_dust__mild,p039,,,abstraction_surrealism,opencv_telea,589824,158895,0.003777398495003581,0.026853209361433983,-0.023075811564922333,2.0,100.0,-100.0,1.0,0.014021838083863258,0.09968008100986481,-0.0856582373380661,1.4340876340866089,1470,43,157382,0.9251392428962523,0.027061896220774727
synthetic,p039__dirt_dust__moderate,p039,,,abstraction_surrealism,opencv_telea,589824,115334,0.04283933714032173,0.09861639887094498,-0.055777087807655334,5.0,80.66666412353516,-80.66666412353516,4.333333492279053,0.2190825492143631,0.5043294429779053,-0.28524690866470337,2.7376983165740967,3476,915,110943,3.0138554112403972,0.7933480153293911
synthetic,p039__dirt_dust__severe,p039,,,abstraction_surrealism,opencv_telea,589824,226995,0.2838367223739624,0.39879971742630005,-0.1149631068110466,12.333333015441895,110.0,-109.66666412353516,10.666666984558105,0.7375212907791138,1.0362415313720703,-0.29872027039527893,3.391216993331909,8051,5099,213845,3.5467741580211016,2.246304984691293
synthetic,p039__partial_transparency__mild,p039,,,abstraction_surrealism,opencv_telea,589824,63307,0.17761173844337463,0.6688644886016846,-0.4912527799606323,12.0,113.33333587646484,-102.0,5.666666507720947,1.6547881364822388,6.231733322143555,-4.576944828033447,13.12030029296875,13485,531,49291,21.30096197892808,0.8387698042870456
synthetic,p039__partial_transparency__moderate,p039,,,abstraction_surrealism,opencv_telea,589824,233720,2.736981153488159,7.279011249542236,-4.542031288146973,30.33333396911621,138.0,-124.99999237060547,14.333332061767578,6.907140254974365,18.369569778442383,-11.462428092956543,21.048479080200195,92524,11149,130047,39.58754064692795,4.770237891494095
synthetic,p039__partial_transparency__severe,p039,,,abstraction_surrealism,opencv_telea,589824,331500,6.8011064529418945,12.243818283081055,-5.442712783813477,47.66666793823242,143.6666717529297,-100.0,26.33333396911621,12.100922584533691,21.784912109375,-9.683989524841309,19.230405807495117,132214,22982,176304,39.883559577677225,6.9327300150829565
synthetic,p039__water_stain__mild,p039,,,abstraction_surrealism,opencv_telea,589824,66112,0.44596067070961,0.6762841939926147,-0.23032352328300476,15.333333015441895,109.33333587646484,-100.33333587646484,11.0,3.978677272796631,6.033528804779053,-2.054851531982422,8.151193618774414,10315,3576,52221,15.602311229428848,5.409002904162633
synthetic,p039__water_stain__moderate,p039,,,abstraction_surrealism,opencv_telea,589824,72835,0.8701109886169434,1.7013182640075684,-0.8312073349952698,19.33333396911621,136.3333282470703,-118.99999237060547,12.666666030883789,7.0462327003479,13.777419090270996,-6.731187343597412,16.541641235351562,23264,9630,39941,31.940687856113133,13.22166540811423
synthetic,p039__water_stain__severe,p039,,,abstraction_surrealism,opencv_telea,589824,151850,1.945909023284912,1.945909023284912,0.0,26.33333396911621,26.33333396911621,0.0,0.0,7.558403968811035,7.558403968811035,0.0,0.0,0,0,151850,0.0,0.0
synthetic,p039__water_stain_dirt__moderate,p039,,,abstraction_surrealism,opencv_telea,589824,72227,0.6651893854141235,0.6651893854141235,0.0,15.0,15.0,0.0,0.0,5.43210506439209,5.43210506439209,0.0,0.0,0,0,72227,0.0,0.0
synthetic,p043__dirt_dust__mild,p043,,,high_texture_brushwork,opencv_telea,589824,150859,0.0009172227582894266,0.01832241378724575,-0.0174051895737648,1.6666666269302368,66.66666412353516,-65.66666412353516,1.0,0.0035861299838870764,0.07163642346858978,-0.06805029511451721,1.1293727159500122,1397,24,149438,0.9260302666728535,0.015908895060950955
synthetic,p043__dirt_dust__moderate,p043,,,high_texture_brushwork,opencv_telea,589824,153448,0.034845974296331406,0.08533110469579697,-0.05048511549830437,4.666666507720947,80.0,-78.66666412353516,3.6666667461395264,0.1339411437511444,0.32799601554870605,-0.19405488669872284,1.7943016290664673,4534,449,148465,2.95474688493822,0.292607267608571
synthetic,p043__dirt_dust__severe,p043,,,high_texture_brushwork,opencv_telea,589824,226610,0.17525790631771088,0.3120354115962982,-0.13677750527858734,10.666666984558105,116.0,-115.0,8.666666984558105,0.45616403222084045,0.8121707439422607,-0.3560066819190979,2.782557725906372,11075,2989,212546,4.887251224570848,1.3190062221437713
synthetic,p043__partial_transparency__mild,p043,,,high_texture_brushwork,opencv_telea,589824,76588,0.47194704413414,1.0331568717956543,-0.5612097978591919,16.33333396911621,118.0,-115.66666412353516,11.333333015441895,3.6345858573913574,7.956607818603516,-4.322021961212158,12.55172061920166,17306,5594,53688,22.596229174283177,7.304016294980937
synthetic,p043__partial_transparency__moderate,p043,,,high_texture_brushwork,opencv_telea,589824,281976,3.652315855026245,6.817859649658203,-3.165543556213379,26.0,140.6666717529297,-117.33333587646484,15.666666984558105,7.63974142074585,14.261275291442871,-6.6215338706970215,15.33484935760498,87029,20647,174300,30.863974238942323,7.3222543762589725
synthetic,p043__partial_transparency__severe,p043,,,high_texture_brushwork,opencv_telea,589824,392184,11.36941909790039,16.93889617919922,-5.569478988647461,59.0,150.0,-112.66667175292969,33.66666793823242,17.099000930786133,25.475208282470703,-8.376202583312988,20.142087936401367,139508,61925,190751,35.57207841217388,15.789782347061584
synthetic,p043__water_stain__mild,p043,,,high_texture_brushwork,opencv_telea,589824,59722,0.29301393032073975,0.35563603043556213,-0.0626220628619194,11.333333015441895,76.0,-67.0,8.0,2.893852710723877,3.5123183727264404,-0.6184655427932739,3.39445161819458,4887,1393,53442,8.182914168982954,2.3324737952513313
synthetic,p043__water_stain__moderate,p043,,,high_texture_brushwork,opencv_telea,589824,114050,0.8650631904602051,0.8650631904602051,0.0,13.666666984558105,13.666666984558105,0.0,0.0,4.473783016204834,4.473783016204834,0.0,0.0,0,0,114050,0.0,0.0
synthetic,p043__water_stain__severe,p043,,,high_texture_brushwork,opencv_telea,589824,166821,1.7406327724456787,2.414912223815918,-0.6742790937423706,23.66666603088379,116.66666412353516,-105.33332824707031,12.666666030883789,6.154303073883057,8.538331031799316,-2.384028196334839,10.22769832611084,20037,3312,143472,12.011077742010897,1.9853615551998849
synthetic,p043__water_stain_dirt__moderate,p043,,,high_texture_brushwork,opencv_telea,589824,81615,0.778215765953064,1.3194273710250854,-0.541211724281311,18.33333396911621,114.33333587646484,-106.0,9.333333015441895,5.6240925788879395,9.535379409790039,-3.9112865924835205,10.320549964904785,20876,2154,58585,25.578631379035716,2.6392207314831833
