spatial_case_id,restoration_case_id,case_id,source_case_id,dataset_name,painting_id,category,title,artist,mask_id,mask_type,model_name,is_zero_control,clean_path,damaged_path,mask_path,restored_path,figure_filename,figure_path,image_width,image_height,full_pixel_count,content_pixel_count,masked_pixel_count,outside_mask_pixel_count,boundary_pixel_count,mask_area_pixels,mask_area_fraction_full,mask_area_percentage_full,content_x_min,content_y_min,content_x_max,content_y_max,mask_bbox_x_min,mask_bbox_y_min,mask_bbox_x_max,mask_bbox_y_max,boundary_width_pixels,boundary_mode,mask_threshold,mse_improvement,mae_improvement,psnr_improvement,ssim_improvement,damaged_error_mean_full,damaged_error_std_full,damaged_error_max_full,restored_error_mean_full,restored_error_std_full,restored_error_max_full,improvement_mean_full,improvement_std_full,improvement_min_full,improvement_max_full,improvement_masked_pixel_count,improvement_masked_mean,improvement_masked_std,improvement_masked_min,improvement_masked_max,improvement_masked_positive_pixels,improvement_masked_negative_pixels,improvement_masked_zero_pixels,improvement_masked_positive_percentage,improvement_masked_negative_percentage,improvement_masked_zero_percentage,improvement_outside_mask_pixel_count,improvement_outside_mask_mean,improvement_outside_mask_std,improvement_outside_mask_min,improvement_outside_mask_max,improvement_outside_mask_positive_pixels,improvement_outside_mask_negative_pixels,improvement_outside_mask_zero_pixels,improvement_outside_mask_positive_percentage,improvement_outside_mask_negative_percentage,improvement_outside_mask_zero_percentage,improvement_boundary_pixel_count,improvement_boundary_mean,improvement_boundary_std,improvement_boundary_min,improvement_boundary_max,improvement_boundary_positive_pixels,improvement_boundary_negative_pixels,improvement_boundary_zero_pixels,improvement_boundary_positive_percentage,improvement_boundary_negative_percentage,improvement_boundary_zero_percentage,improvement_content_pixel_count,improvement_content_mean,improvement_content_std,improvement_content_min,improvement_content_max,improvement_content_positive_pixels,improvement_content_negative_pixels,improvement_content_zero_pixels,improvement_content_positive_percentage,improvement_content_negative_percentage,improvement_content_zero_percentage,damaged_error_masked_mean,damaged_error_masked_std,restored_error_masked_mean,restored_error_masked_std,damaged_error_boundary_mean,damaged_error_boundary_std,restored_error_boundary_mean,restored_error_boundary_std,damaged_error_outside_mask_mean,damaged_error_outside_mask_std,restored_error_outside_mask_mean,restored_error_outside_mask_std,flag_net_masked_degradation,flag_boundary_degradation,flag_outside_mask_degradation,flag_high_negative_masked_percentage,spatial_flag_count,boundary_net_change_class,outside_mask_net_change_class,absolute_error_vmin,absolute_error_vmax,signed_improvement_vmin,signed_improvement_vmax,figure_size_bytes,figure_size_bytes_disk,figure_filesize_mb,figure_width,figure_height,figure_mode,figure_format,figure_sha256,generation_runtime_seconds,spatial_schema_version,implementation_name,status,issue,damaged_error_mean_masked,restored_error_mean_masked,improvement_mean_masked,negative_improvement_pixels_masked,positive_improvement_pixels_masked,zero_improvement_pixels_masked,negative_improvement_percentage_masked,positive_improvement_percentage_masked
opencv_telea__canonical__canonical__p001_loss_large,opencv_telea__canonical__canonical__p001_loss_large,canonical__p001_loss_large,canonical__p001_loss_large,canonical,p001,portrait_figure,Juan de Pareja,Diego Velázquez,p001_loss_large,loss_large,opencv_telea,False,data/processed/clean/p001_clean.png,data/processed/masked/p001_loss_large_damaged.png,data/processed/masks/p001_loss_large_mask.png,data/processed/restored/opencv_telea/canonical/canonical__p001_loss_large_restored_opencv_telea.png,opencv_telea_canonical_canonical_p001_loss_large_difference_maps.png,outputs/figures/opencv_difference_maps/all_cases/canonical/opencv_telea_canonical_canonical_p001_loss_large_difference_maps.png,768,768,589824,509184,69018,520806,13263,69018,0.11701456705729167,11.701456705729168,52,0,715,768,197.0,71.0,642.0,351.0,5,both,127,68.03300588252341,-130.01611173896663,3.5925038103306584,,25.746440887451172,71.07860565185547,254.0,1.2979121208190918,6.372347831726074,143.6666717529297,24.448530197143555,67.99813842773438,-56.333335876464844,248.0,69018,208.93577575683594,31.118331909179688,-56.333335876464844,248.0,68991,26,1,99.96087977049464,0.037671332116259525,0.001448897389086905,520806,0.0,0.0,0.0,0.0,0,0,520806,0.0,0.0,100.0,13263,110.26341247558594,112.07878875732422,0.0,248.0,6554,0,6709,49.415667646837065,0.0,50.58433235316293,509184,28.32046890258789,72.4318618774414,-56.333335876464844,248.0,68991,26,440167,13.549325980392158,0.0051062091503267975,86.44556781045752,220.0276641845703,20.696130752563477,11.09188461303711,15.4398832321167,111.622314453125,113.43162536621094,1.3588931560516357,2.4847519397735596,0.0,0.0,0.0,0.0,False,False,False,False,0,improved,unchanged_or_undefined,0.0,255.0,-253.3333282470703,253.3333282470703,2222425,2222425,2.11946964263916,2383,2335,RGBA,PNG,5d4f031eb1fd7837ef0a36814fc789c5552ea4a5010b5909c70e1615f545de38,6.052138000028208,2.0.0,restoration_eval.error_maps,ok,,220.0276641845703,11.09188461303711,208.93577575683594,26,68991,1,0.037671332116259525,99.96087977049464
opencv_telea__canonical__canonical__p001_loss_small,opencv_telea__canonical__canonical__p001_loss_small,canonical__p001_loss_small,canonical__p001_loss_small,canonical,p001,portrait_figure,Juan de Pareja,Diego Velázquez,p001_loss_small,loss_small,opencv_telea,False,data/processed/clean/p001_clean.png,data/processed/masked/p001_loss_small_damaged.png,data/processed/masks/p001_loss_small_mask.png,data/processed/restored/opencv_telea/canonical/canonical__p001_loss_small_restored_opencv_telea.png,opencv_telea_canonical_canonical_p001_loss_small_difference_maps.png,outputs/figures/opencv_difference_maps/all_cases/canonical/opencv_telea_canonical_canonical_p001_loss_small_difference_maps.png,768,768,589824,509184,18239,571585,15211,18239,0.030922783745659724,3.0922783745659723,52,0,715,768,64.0,23.0,561.0,748.0,5,both,127,90.34513953615878,-129.86799349379535,6.828576479022814,,7.1887383460998535,40.32813262939453,252.0,0.14046111702919006,1.3596925735473633,65.33333587646484,7.048277854919434,39.588626861572266,0.0,247.0,18239,227.93150329589844,18.35050392150879,67.33332824707031,247.0,18239,0,0,100.0,0.0,0.0,571585,0.0,0.0,0.0,0.0,0,0,571585,0.0,0.0,100.0,15211,106.20384979248047,115.16492462158203,0.0,247.0,7025,0,8186,46.18368286108737,0.0,53.81631713891263,509184,8.164520263671875,42.5012092590332,0.0,247.0,18239,0,490945,3.5820057189542482,0.0,96.41799428104575,232.47381591796875,14.874892234802246,4.542317867279053,6.30807638168335,107.67239379882812,116.61630249023438,1.468542456626892,3.1988601684570312,0.0,0.0,0.0,0.0,False,False,False,False,0,improved,unchanged_or_undefined,0.0,255.0,-253.3333282470703,253.3333282470703,2132233,2132233,2.0334558486938477,2383,2335,RGBA,PNG,98a7c481784eeca54ef36ce8c7e422b92fab57d045fa505fc301838ca39c175e,6.143617299967445,2.0.0,restoration_eval.error_maps,ok,,232.47381591796875,4.542317867279053,227.93150329589844,0,18239,0,0.0,100.0
opencv_telea__canonical__canonical__p001_mixed_damage,opencv_telea__canonical__canonical__p001_mixed_damage,canonical__p001_mixed_damage,canonical__p001_mixed_damage,canonical,p001,portrait_figure,Juan de Pareja,Diego Velázquez,p001_mixed_damage,mixed_damage,opencv_telea,False,data/processed/clean/p001_clean.png,data/processed/masked/p001_mixed_damage_damaged.png,data/processed/masks/p001_mixed_damage_mask.png,data/processed/restored/opencv_telea/canonical/canonical__p001_mixed_damage_restored_opencv_telea.png,opencv_telea_canonical_canonical_p001_mixed_damage_difference_maps.png,outputs/figures/opencv_difference_maps/all_cases/canonical/opencv_telea_canonical_canonical_p001_mixed_damage_difference_maps.png,768,768,589824,509184,45733,544091,50270,45733,0.07753668891059028,7.753668891059028,52,0,715,768,44.0,0.0,710.0,768.0,5,both,127,65.5330869758526,-111.7254644713154,3.762560248543832,,17.357267379760742,60.31138610839844,255.0,1.0336556434631348,6.522041320800781,108.66666412353516,16.323612213134766,57.09571075439453,0.0,254.3333282470703,45733,210.527587890625,34.03352355957031,40.66666793823242,254.3333282470703,45733,0,0,100.0,0.0,0.0,544091,0.0,0.0,0.0,0.0,0,0,544091,0.0,0.0,100.0,50270,74.68265533447266,104.6791763305664,0.0,254.3333282470703,17306,0,32964,34.42609906504874,0.0,65.57390093495127,509184,18.90880012512207,61.051727294921875,0.0,254.3333282470703,45733,0,463451,8.981625502765208,0.0,91.01837449723479,223.85874938964844,26.18443489074707,13.331174850463867,19.61286735534668,76.84020233154297,107.3322982788086,2.1575424671173096,7.628173351287842,0.0,0.0,0.0,0.0,False,False,False,False,0,improved,unchanged_or_undefined,0.0,255.0,-253.3333282470703,253.3333282470703,2380865,2380865,2.2705698013305664,2383,2335,RGBA,PNG,822b93a25aef0f765fd71fabc22dacb183f8ada71de2def6485c1b89f78a3421,6.206708699988667,2.0.0,restoration_eval.error_maps,ok,,223.85874938964844,13.331174850463867,210.527587890625,0,45733,0,0.0,100.0
opencv_telea__canonical__canonical__p001_scratch_thin,opencv_telea__canonical__canonical__p001_scratch_thin,canonical__p001_scratch_thin,canonical__p001_scratch_thin,canonical,p001,portrait_figure,Juan de Pareja,Diego Velázquez,p001_scratch_thin,scratch_thin,opencv_telea,False,data/processed/clean/p001_clean.png,data/processed/masked/p001_scratch_thin_damaged.png,data/processed/masks/p001_scratch_thin_mask.png,data/processed/restored/opencv_telea/canonical/canonical__p001_scratch_thin_restored_opencv_telea.png,opencv_telea_canonical_canonical_p001_scratch_thin_difference_maps.png,outputs/figures/opencv_difference_maps/all_cases/canonical/opencv_telea_canonical_canonical_p001_scratch_thin_difference_maps.png,768,768,589824,509184,12058,577766,48370,12058,0.020443386501736112,2.044338650173611,52,0,715,768,44.0,0.0,723.0,768.0,5,both,127,95.50132691988722,-96.99245314314147,8.050169545934164,,4.526925563812256,31.56143569946289,255.0,0.0869733989238739,1.4150022268295288,95.66666412353516,4.439952373504639,30.99813461303711,0.0,253.0,12058,217.18280029296875,28.250825881958008,49.999996185302734,253.0,12058,0,0,100.0,0.0,0.0,577766,0.0,0.0,0.0,0.0,0,0,577766,0.0,0.0,100.0,48370,54.14080047607422,95.0062255859375,0.0,253.0,12058,0,36312,24.92867479842878,0.0,75.07132520157123,509184,5.143113136291504,33.308319091796875,0.0,253.0,12058,0,497126,2.368102689793866,0.0,97.63189731020613,221.43716430664062,26.344423294067383,4.254354000091553,8.956047058105469,55.20134735107422,96.69256591796875,1.0605541467666626,4.835564136505127,0.0,0.0,0.0,0.0,False,False,False,False,0,improved,unchanged_or_undefined,0.0,255.0,-253.3333282470703,253.3333282470703,2288275,2288275,2.1822690963745117,2383,2335,RGBA,PNG,12d0238ba46234efc3a3a9425d9cb773ae055e072e143bb2701c175a5d25948d,6.145921999996062,2.0.0,restoration_eval.error_maps,ok,,221.43716430664062,4.254354000091553,217.18280029296875,0,12058,0,0.0,100.0
opencv_telea__canonical__canonical__p001_zero_control,opencv_telea__canonical__canonical__p001_zero_control,canonical__p001_zero_control,canonical__p001_zero_control,canonical,p001,portrait_figure,Juan de Pareja,Diego Velázquez,p001_zero_control,zero_control,opencv_telea,True,data/processed/clean/p001_clean.png,data/processed/masked/p001_zero_control_damaged.png,data/processed/masks/p001_zero_control_mask.png,data/processed/restored/opencv_telea/canonical/canonical__p001_zero_control_restored_opencv_telea.png,opencv_telea_canonical_canonical_p001_zero_control_difference_maps.png,outputs/figures/opencv_difference_maps/all_cases/canonical/opencv_telea_canonical_canonical_p001_zero_control_difference_maps.png,768,768,589824,509184,0,589824,0,0,0.0,0.0,52,0,715,768,,,,,5,both,127,,,,,0.0,0.0,0.0,0.0,0.0,0.0,0.0,0.0,0.0,0.0,0,,,,,0,0,0,,,,589824,0.0,0.0,0.0,0.0,0,0,589824,0.0,0.0,100.0,0,,,,,0,0,0,,,,509184,0.0,0.0,0.0,0.0,0,0,509184,0.0,0.0,100.0,,,,,,,,,0.0,0.0,0.0,0.0,False,False,False,False,0,unchanged_or_undefined,unchanged_or_undefined,0.0,255.0,-253.3333282470703,253.3333282470703,2010252,2010252,1.9171257019042969,2383,2335,RGBA,PNG,99b5da74fcd27c5624672cf605bd819e0694c4b39a276ed2e2f1b0ccd8cb1c17,6.006048000010196,2.0.0,restoration_eval.error_maps,ok,,,,,0,0,0,,
opencv_telea__canonical__canonical__p002_loss_large,opencv_telea__canonical__canonical__p002_loss_large,canonical__p002_loss_large,canonical__p002_loss_large,canonical,p002,portrait_figure,Madame X (Madame Pierre Gautreau),John Singer Sargent,p002_loss_large,loss_large,opencv_telea,False,data/processed/clean/p002_clean.png,data/processed/masked/p002_loss_large_damaged.png,data/processed/masks/p002_loss_large_mask.png,data/processed/restored/opencv_telea/canonical/canonical__p002_loss_large_restored_opencv_telea.png,opencv_telea_canonical_canonical_p002_loss_large_difference_maps.png,outputs/figures/opencv_difference_maps/all_cases/canonical/opencv_telea_canonical_canonical_p002_loss_large_difference_maps.png,768,768,589824,344832,37439,552385,9826,37439,0.06347486707899305,6.347486707899305,159,0,608,768,207.0,61.0,442.0,363.0,5,both,127,50.68365429988336,-101.72057658235174,2.7661133867681933,,11.456361770629883,45.499446868896484,246.0,1.3658976554870605,9.765042304992676,186.0,10.09046459197998,42.72507858276367,-141.3333282470703,241.33334350585938,37439,158.9678497314453,71.35555267333984,-141.3333282470703,241.33334350585938,35164,2264,11,93.92344881006437,6.047170063302973,0.029381126632655786,552385,0.0,0.0,0.0,0.0,0,0,552385,0.0,0.0,100.0,9826,93.0240478515625,98.24639892578125,-10.666664123535156,241.33334350585938,4757,8,5061,48.41237533075514,0.08141664970486465,51.50620801954,344832,17.259410858154297,54.759578704833984,-141.3333282470703,241.33334350585938,35164,2264,307404,10.197429472902748,0.6565515961395694,89.14601893095768,180.486572265625,45.89964294433594,21.518718719482422,32.68946838378906,95.56011199951172,100.19658660888672,2.5360608100891113,8.809325218200684,0.0,0.0,0.0,0.0,False,False,False,False,0,improved,unchanged_or_undefined,0.0,255.0,-253.3333282470703,253.3333282470703,1169653,1169653,1.1154680252075195,2383,2335,RGBA,PNG,4e2851a2f69de17962dd1c8e2a58a6acaaf106cd650f9e785b89e582f2565d95,5.362198599963449,2.0.0,restoration_eval.error_maps,ok,,180.486572265625,21.518718719482422,158.9678497314453,2264,35164,11,6.047170063302973,93.92344881006437
opencv_telea__canonical__canonical__p002_loss_small,opencv_telea__canonical__canonical__p002_loss_small,canonical__p002_loss_small,canonical__p002_loss_small,canonical,p002,portrait_figure,Madame X (Madame Pierre Gautreau),John Singer Sargent,p002_loss_small,loss_small,opencv_telea,False,data/processed/clean/p002_clean.png,data/processed/masked/p002_loss_small_damaged.png,data/processed/masks/p002_loss_small_mask.png,data/processed/restored/opencv_telea/canonical/canonical__p002_loss_small_restored_opencv_telea.png,opencv_telea_canonical_canonical_p002_loss_small_difference_maps.png,outputs/figures/opencv_difference_maps/all_cases/canonical/opencv_telea_canonical_canonical_p002_loss_small_difference_maps.png,768,768,589824,344832,18776,571048,15670,18776,0.03183322482638889,3.183322482638889,159,0,608,768,181.0,43.0,570.0,629.0,5,both,127,89.3021055247834,-102.49561496946455,6.598257129197723,,6.632436752319336,36.74620056152344,255.0,0.17778073251247406,2.0885541439056396,133.0,6.454656600952148,35.80186080932617,-11.0,255.0,18776,202.7647705078125,21.459068298339844,-11.0,255.0,18773,3,0,99.98402215594375,0.015977844056242013,0.0,571048,0.0,0.0,0.0,0.0,0,0,571048,0.0,0.0,100.0,15670,95.32856750488281,103.16056060791016,-11.0,255.0,7299,2,8369,46.579451180599875,0.012763241863433313,53.40778557753669,344832,11.040482521057129,46.279605865478516,-11.0,255.0,18773,3,326056,5.4441003155159615,0.0008699888641425389,94.5550296956199,208.34951782226562,19.74200439453125,5.584753513336182,10.335948944091797,96.99068450927734,104.75148010253906,1.6621145009994507,5.74309778213501,0.0,0.0,0.0,0.0,False,False,False,False,0,improved,unchanged_or_undefined,0.0,255.0,-253.3333282470703,253.3333282470703,1156898,1156898,1.1033039093017578,2383,2335,RGBA,PNG,9a1b81c7ece1388f30e144a3c2fe345598ada38e3ba6389424aab65d11dd4571,5.516874500026461,2.0.0,restoration_eval.error_maps,ok,,208.34951782226562,5.584753513336182,202.7647705078125,3,18773,0,0.015977844056242013,99.98402215594375
opencv_telea__canonical__canonical__p002_mixed_damage,opencv_telea__canonical__canonical__p002_mixed_damage,canonical__p002_mixed_damage,canonical__p002_mixed_damage,canonical,p002,portrait_figure,Madame X (Madame Pierre Gautreau),John Singer Sargent,p002_mixed_damage,mixed_damage,opencv_telea,False,data/processed/clean/p002_clean.png,data/processed/masked/p002_mixed_damage_damaged.png,data/processed/masks/p002_mixed_damage_mask.png,data/processed/restored/opencv_telea/canonical/canonical__p002_mixed_damage_restored_opencv_telea.png,opencv_telea_canonical_canonical_p002_mixed_damage_difference_maps.png,outputs/figures/opencv_difference_maps/all_cases/canonical/opencv_telea_canonical_canonical_p002_mixed_damage_difference_maps.png,768,768,589824,344832,34546,555278,47303,34546,0.058570014105902776,5.857001410590278,159,0,608,768,151.0,0.0,616.0,768.0,5,both,127,61.31352399698952,-110.3759528358324,5.046746149357382,,12.076332092285156,49.00568389892578,255.0,0.3974665403366089,3.513491630554199,125.33333587646484,11.678863525390625,47.44340515136719,0.0,255.0,34546,199.40003967285156,31.605579376220703,0.6666641235351562,255.0,34546,0,0,100.0,0.0,0.0,555278,0.0,0.0,0.0,0.0,0,0,555278,0.0,0.0,100.0,47303,64.93927001953125,98.02820587158203,0.0,255.0,14982,0,32321,31.672409783734643,0.0,68.32759021626535,344832,19.976320266723633,60.69843292236328,0.0,255.0,34546,0,310286,10.018211766889385,0.0,89.98178823311062,206.18624877929688,31.311431884765625,6.7861785888671875,12.938776969909668,66.72611236572266,100.60381317138672,1.7868493795394897,6.8160552978515625,0.0,0.0,0.0,0.0,False,False,False,False,0,improved,unchanged_or_undefined,0.0,255.0,-253.3333282470703,253.3333282470703,1352118,1352118,1.289480209350586,2383,2335,RGBA,PNG,c4b4d446742a582cde19b53891e047ccf9182bcdb7deb7b9e520df03f5530ef8,5.392220300040208,2.0.0,restoration_eval.error_maps,ok,,206.18624877929688,6.7861785888671875,199.40003967285156,0,34546,0,0.0,100.0
opencv_telea__canonical__canonical__p002_scratch_thin,opencv_telea__canonical__canonical__p002_scratch_thin,canonical__p002_scratch_thin,canonical__p002_scratch_thin,canonical,p002,portrait_figure,Madame X (Madame Pierre Gautreau),John Singer Sargent,p002_scratch_thin,scratch_thin,opencv_telea,False,data/processed/clean/p002_clean.png,data/processed/masked/p002_scratch_thin_damaged.png,data/processed/masks/p002_scratch_thin_mask.png,data/processed/restored/opencv_telea/canonical/canonical__p002_scratch_thin_restored_opencv_telea.png,opencv_telea_canonical_canonical_p002_scratch_thin_difference_maps.png,outputs/figures/opencv_difference_maps/all_cases/canonical/opencv_telea_canonical_canonical_p002_scratch_thin_difference_maps.png,768,768,589824,344832,9599,580225,41930,9599,0.016274346245659724,1.6274346245659723,159,0,608,768,151.0,0.0,616.0,749.0,5,both,127,72.99104073340973,-90.33722262735702,6.539031920122206,,3.5371804237365723,27.766796112060547,255.0,0.0729353129863739,1.1501072645187378,74.33333587646484,3.464245080947876,27.206750869750977,0.0,255.0,9599,212.86538696289062,30.146835327148438,46.66666793823242,255.0,9599,0,0,100.0,0.0,0.0,580225,0.0,0.0,0.0,0.0,0,0,580225,0.0,0.0,100.0,41930,48.73109817504883,90.58975219726562,0.0,255.0,9599,0,32331,22.892916766038635,0.0,77.10708323396136,344832,5.925479412078857,35.37678527832031,0.0,255.0,9599,0,335233,2.783674368968077,0.0,97.21632563103192,217.34701538085938,30.065610885620117,4.481612682342529,7.843470096588135,49.75707244873047,92.44307708740234,1.0259718894958496,4.198704242706299,0.0,0.0,0.0,0.0,False,False,False,False,0,improved,unchanged_or_undefined,0.0,255.0,-253.3333282470703,253.3333282470703,1257194,1257194,1.198953628540039,2383,2335,RGBA,PNG,a7e53e1a1b4409dd228275066727369b42799562000d81b1cd0ba7f2925b6b34,5.418610199994873,2.0.0,restoration_eval.error_maps,ok,,217.34701538085938,4.481612682342529,212.86538696289062,0,9599,0,0.0,100.0
opencv_telea__canonical__canonical__p002_zero_control,opencv_telea__canonical__canonical__p002_zero_control,canonical__p002_zero_control,canonical__p002_zero_control,canonical,p002,portrait_figure,Madame X (Madame Pierre Gautreau),John Singer Sargent,p002_zero_control,zero_control,opencv_telea,True,data/processed/clean/p002_clean.png,data/processed/masked/p002_zero_control_damaged.png,data/processed/masks/p002_zero_control_mask.png,data/processed/restored/opencv_telea/canonical/canonical__p002_zero_control_restored_opencv_telea.png,opencv_telea_canonical_canonical_p002_zero_control_difference_maps.png,outputs/figures/opencv_difference_maps/all_cases/canonical/opencv_telea_canonical_canonical_p002_zero_control_difference_maps.png,768,768,589824,344832,0,589824,0,0,0.0,0.0,159,0,608,768,,,,,5,both,127,,,,,0.0,0.0,0.0,0.0,0.0,0.0,0.0,0.0,0.0,0.0,0,,,,,0,0,0,,,,589824,0.0,0.0,0.0,0.0,0,0,589824,0.0,0.0,100.0,0,,,,,0,0,0,,,,344832,0.0,0.0,0.0,0.0,0,0,344832,0.0,0.0,100.0,,,,,,,,,0.0,0.0,0.0,0.0,False,False,False,False,0,unchanged_or_undefined,unchanged_or_undefined,0.0,255.0,-253.3333282470703,253.3333282470703,1042100,1042100,0.9938240051269531,2383,2335,RGBA,PNG,e82db226ce832279334a5a1bf58352234dedf7cd416a36bbad9645c2d1bf4f09,5.276124500029255,2.0.0,restoration_eval.error_maps,ok,,,,,0,0,0,,
opencv_telea__canonical__canonical__p003_loss_large,opencv_telea__canonical__canonical__p003_loss_large,canonical__p003_loss_large,canonical__p003_loss_large,canonical,p003,portrait_figure,Marie Joséphine Charlotte du Val d'Ognes,Marie-Denise Villers,p003_loss_large,loss_large,opencv_telea,False,data/processed/clean/p003_clean.png,data/processed/masked/p003_loss_large_damaged.png,data/processed/masks/p003_loss_large_mask.png,data/processed/restored/opencv_telea/canonical/canonical__p003_loss_large_restored_opencv_telea.png,opencv_telea_canonical_canonical_p003_loss_large_difference_maps.png,outputs/figures/opencv_difference_maps/all_cases/canonical/opencv_telea_canonical_canonical_p003_loss_large_difference_maps.png,768,768,589824,471552,61056,528768,13673,61056,0.103515625,10.3515625,77,0,691,768,190.0,25.0,486.0,451.0,5,both,127,31.72651882424877,-75.24345409678547,1.484619580165365,,19.12736701965332,57.527164459228516,237.6666717529297,2.181410074234009,9.58199691772461,153.6666717529297,16.945959091186523,52.34907913208008,-122.66666412353516,232.3333282470703,61056,163.70437622070312,49.482666015625,-122.66666412353516,232.3333282470703,60360,694,2,98.86006289308176,1.13666142557652,0.003275681341719078,528768,0.0,0.0,0.0,0.0,0,0,528768,0.0,0.0,100.0,13673,89.53238677978516,94.41350555419922,-3.0,232.3333282470703,6727,1,6945,49.1991516126673,0.00731368390258173,50.79353470343012,471552,21.19624900817871,57.772579193115234,-122.66666412353516,232.3333282470703,60360,694,410498,12.800285016286644,0.1471735884907709,87.05254139522258,184.77760314941406,36.8963737487793,21.073244094848633,22.10997772216797,92.81147003173828,96.86219787597656,3.279090166091919,8.777375221252441,0.0,0.0,0.0,0.0,False,False,False,False,0,improved,unchanged_or_undefined,0.0,255.0,-253.3333282470703,253.3333282470703,2100730,2100730,2.0034122467041016,2383,2335,RGBA,PNG,daa708d7c31865576ea5c625565788fd41abfb6172cfc73254002b555bb87588,6.125466500001494,2.0.0,restoration_eval.error_maps,ok,,184.77760314941406,21.073244094848633,163.70437622070312,694,60360,2,1.13666142557652,98.86006289308176
opencv_telea__canonical__canonical__p003_loss_small,opencv_telea__canonical__canonical__p003_loss_small,canonical__p003_loss_small,canonical__p003_loss_small,canonical,p003,portrait_figure,Marie Joséphine Charlotte du Val d'Ognes,Marie-Denise Villers,p003_loss_small,loss_small,opencv_telea,False,data/processed/clean/p003_clean.png,data/processed/masked/p003_loss_small_damaged.png,data/processed/masks/p003_loss_small_mask.png,data/processed/restored/opencv_telea/canonical/canonical__p003_loss_small_restored_opencv_telea.png,opencv_telea_canonical_canonical_p003_loss_small_difference_maps.png,outputs/figures/opencv_difference_maps/all_cases/canonical/opencv_telea_canonical_canonical_p003_loss_small_difference_maps.png,768,768,589824,471552,21602,568222,17512,21602,0.03662448459201389,3.662448459201389,77,0,691,768,76.0,23.0,656.0,527.0,5,both,127,62.15711508193687,-68.49479986421011,3.6711750627598576,,6.794864177703857,35.619937896728516,234.6666717529297,0.4480862021446228,4.233891487121582,134.6666717529297,6.346779823303223,33.8778190612793,-82.33332824707031,231.0,21602,173.2933349609375,49.05537414550781,-82.33332824707031,231.0,21404,195,3,99.08341820201834,0.9026941949819461,0.013887602999722247,568222,0.0,0.0,0.0,0.0,0,0,568222,0.0,0.0,100.0,17512,84.13141632080078,94.83659362792969,-62.66666793823242,231.0,8121,13,9378,46.373915029693926,0.07423481041571493,53.55185015989036,471552,7.938642501831055,37.721771240234375,-82.33332824707031,231.0,21404,195,449953,4.539054017372422,0.04135280944625407,95.41959317318133,185.5279541015625,38.50896072387695,12.234607696533203,18.580793380737305,87.5113525390625,97.25325775146484,3.379929780960083,8.649138450622559,0.0,0.0,0.0,0.0,False,False,False,False,0,improved,unchanged_or_undefined,0.0,255.0,-253.3333282470703,253.3333282470703,2016460,2016460,1.9230461120605469,2383,2335,RGBA,PNG,afe0244e015b01f55ae9ef036806bb3802d495f5727f115a5557d77e17fedb93,5.918950799969025,2.0.0,restoration_eval.error_maps,ok,,185.5279541015625,12.234607696533203,173.2933349609375,195,21404,3,0.9026941949819461,99.08341820201834
opencv_telea__canonical__canonical__p003_mixed_damage,opencv_telea__canonical__canonical__p003_mixed_damage,canonical__p003_mixed_damage,canonical__p003_mixed_damage,canonical,p003,portrait_figure,Marie Joséphine Charlotte du Val d'Ognes,Marie-Denise Villers,p003_mixed_damage,mixed_damage,opencv_telea,False,data/processed/clean/p003_clean.png,data/processed/masked/p003_mixed_damage_damaged.png,data/processed/masks/p003_mixed_damage_mask.png,data/processed/restored/opencv_telea/canonical/canonical__p003_mixed_damage_restored_opencv_telea.png,opencv_telea_canonical_canonical_p003_mixed_damage_difference_maps.png,outputs/figures/opencv_difference_maps/all_cases/canonical/opencv_telea_canonical_canonical_p003_mixed_damage_difference_maps.png,768,768,589824,471552,43486,546338,37214,43486,0.0737270779079861,7.372707790798611,77,0,691,768,69.0,28.0,699.0,768.0,5,both,127,71.22303729936071,-101.82710910791212,4.12072816324558,,15.02254581451416,53.659175872802734,255.0,0.7135958671569824,4.852667331695557,134.0,14.308951377868652,51.53376388549805,-97.0,231.3333282470703,43486,194.07998657226562,33.63204574584961,-97.0,231.3333282470703,43422,64,0,99.85282619693695,0.14717380306305478,0.0,546338,0.0,0.0,0.0,0.0,0,0,546338,0.0,0.0,100.0,37214,68.2998275756836,94.4297866821289,-97.0,231.3333282470703,13166,60,23988,35.37915838125436,0.16122964475734938,64.45961197398829,471552,17.897838592529297,57.07529067993164,-97.0,231.3333282470703,43422,64,428066,9.208316368078176,0.013572204125950055,90.77811142779588,203.7588653564453,24.431617736816406,9.678885459899902,15.252057075500488,70.50824737548828,96.66280364990234,2.208425283432007,7.940941333770752,0.0,0.0,0.0,0.0,False,False,False,False,0,improved,unchanged_or_undefined,0.0,255.0,-253.3333282470703,253.3333282470703,2163600,2163600,2.0633697509765625,2383,2335,RGBA,PNG,58efa6d5db8600cb0ce4a81eefa12ff38cc2f7917b5dd276c77505f518dd284c,5.9740563000086695,2.0.0,restoration_eval.error_maps,ok,,203.7588653564453,9.678885459899902,194.07998657226562,64,43422,0,0.14717380306305478,99.85282619693695
opencv_telea__canonical__canonical__p003_scratch_thin,opencv_telea__canonical__canonical__p003_scratch_thin,canonical__p003_scratch_thin,canonical__p003_scratch_thin,canonical,p003,portrait_figure,Marie Joséphine Charlotte du Val d'Ognes,Marie-Denise Villers,p003_scratch_thin,scratch_thin,opencv_telea,False,data/processed/clean/p003_clean.png,data/processed/masked/p003_scratch_thin_damaged.png,data/processed/masks/p003_scratch_thin_mask.png,data/processed/restored/opencv_telea/canonical/canonical__p003_scratch_thin_restored_opencv_telea.png,opencv_telea_canonical_canonical_p003_scratch_thin_difference_maps.png,outputs/figures/opencv_difference_maps/all_cases/canonical/opencv_telea_canonical_canonical_p003_scratch_thin_difference_maps.png,768,768,589824,471552,7403,582421,29916,7403,0.012551201714409722,1.255120171440972,77,0,691,768,69.0,42.0,699.0,768.0,5,both,127,89.91422396325814,-79.95510828943219,6.894355380258684,,2.491366386413574,22.297332763671875,255.0,0.0640648752450943,1.1997634172439575,75.0,2.4273018836975098,21.77185821533203,0.0,231.0,7403,193.39199829101562,28.902713775634766,26.999998092651367,231.0,7403,0,0,100.0,0.0,0.0,582421,0.0,0.0,0.0,0.0,0,0,582421,0.0,0.0,100.0,29916,47.85669708251953,84.68505859375,0.0,231.0,7403,0,22513,24.745955341623212,0.0,75.25404465837678,471552,3.0361039638519287,24.31162452697754,0.0,231.0,7403,0,464149,1.569922299131379,0.0,98.43007770086862,198.4962921142578,26.555086135864258,5.104281902313232,9.431761741638184,49.11980056762695,86.6708984375,1.2631033658981323,5.183178901672363,0.0,0.0,0.0,0.0,False,False,False,False,0,improved,unchanged_or_undefined,0.0,255.0,-253.3333282470703,253.3333282470703,2030671,2030671,1.936598777770996,2383,2335,RGBA,PNG,9263f78d04ad77b354995abaf7cd56810ef63ceed621a371cd48edc186daa01e,5.904476199997589,2.0.0,restoration_eval.error_maps,ok,,198.4962921142578,5.104281902313232,193.39199829101562,0,7403,0,0.0,100.0
opencv_telea__canonical__canonical__p003_zero_control,opencv_telea__canonical__canonical__p003_zero_control,canonical__p003_zero_control,canonical__p003_zero_control,canonical,p003,portrait_figure,Marie Joséphine Charlotte du Val d'Ognes,Marie-Denise Villers,p003_zero_control,zero_control,opencv_telea,True,data/processed/clean/p003_clean.png,data/processed/masked/p003_zero_control_damaged.png,data/processed/masks/p003_zero_control_mask.png,data/processed/restored/opencv_telea/canonical/canonical__p003_zero_control_restored_opencv_telea.png,opencv_telea_canonical_canonical_p003_zero_control_difference_maps.png,outputs/figures/opencv_difference_maps/all_cases/canonical/opencv_telea_canonical_canonical_p003_zero_control_difference_maps.png,768,768,589824,471552,0,589824,0,0,0.0,0.0,77,0,691,768,,,,,5,both,127,,,,,0.0,0.0,0.0,0.0,0.0,0.0,0.0,0.0,0.0,0.0,0,,,,,0,0,0,,,,589824,0.0,0.0,0.0,0.0,0,0,589824,0.0,0.0,100.0,0,,,,,0,0,0,,,,471552,0.0,0.0,0.0,0.0,0,0,471552,0.0,0.0,100.0,,,,,,,,,0.0,0.0,0.0,0.0,False,False,False,False,0,unchanged_or_undefined,unchanged_or_undefined,0.0,255.0,-253.3333282470703,253.3333282470703,1869803,1869803,1.7831830978393555,2383,2335,RGBA,PNG,74ff407b43a031d3567ecdeccb0fda167a0ae6dc18f1ba9ebe287fe0dc5f2b5f,6.021088599984068,2.0.0,restoration_eval.error_maps,ok,,,,,0,0,0,,
opencv_telea__canonical__canonical__p004_loss_large,opencv_telea__canonical__canonical__p004_loss_large,canonical__p004_loss_large,canonical__p004_loss_large,canonical,p004,portrait_figure,Madame Georges Charpentier and Her Children,Pierre-Auguste Renoir,p004_loss_large,loss_large,opencv_telea,False,data/processed/clean/p004_clean.png,data/processed/masked/p004_loss_large_damaged.png,data/processed/masks/p004_loss_large_mask.png,data/processed/restored/opencv_telea/canonical/canonical__p004_loss_large_restored_opencv_telea.png,opencv_telea_canonical_canonical_p004_loss_large_difference_maps.png,outputs/figures/opencv_difference_maps/all_cases/canonical/opencv_telea_canonical_canonical_p004_loss_large_difference_maps.png,768,768,589824,480000,64390,525434,12257,64390,0.10916815863715278,10.916815863715277,0,71,768,696,275.0,150.0,554.0,534.0,5,both,127,22.5743490189988,-100.48281306621112,0.9530212298260424,,20.777372360229492,60.76578903198242,240.6666717529297,3.2871670722961426,13.673785209655762,153.3333282470703,17.49020767211914,52.47237777709961,-83.0,236.0,64390,160.21343994140625,48.528358459472656,-83.0,236.0,64171,216,3,99.65988507532225,0.3354558161205156,0.004659108557229384,525434,0.0,0.0,0.0,0.0,0,0,525434,0.0,0.0,100.0,12257,79.26871490478516,86.8090591430664,0.0,236.0,6064,0,6193,49.4737700905605,0.0,50.5262299094395,480000,21.49196434020996,57.42222595214844,-83.0,236.0,64171,216,415613,13.368958333333333,0.045,86.58604166666667,190.32449340820312,39.43132019042969,30.111042022705078,30.08331298828125,84.02507781982422,90.5504150390625,4.756357192993164,8.110469818115234,0.0,0.0,0.0,0.0,False,False,False,False,0,improved,unchanged_or_undefined,0.0,255.0,-253.3333282470703,253.3333282470703,2273463,2273463,2.1681432723999023,2383,2335,RGBA,PNG,966c21d149af6f39244d241abef8b7b45b92547c1faeb65f32646ea9f09de5fc,5.734214099997189,2.0.0,restoration_eval.error_maps,ok,,190.32449340820312,30.111042022705078,160.21343994140625,216,64171,3,0.3354558161205156,99.65988507532225
opencv_telea__canonical__canonical__p004_loss_small,opencv_telea__canonical__canonical__p004_loss_small,canonical__p004_loss_small,canonical__p004_loss_small,canonical,p004,portrait_figure,Madame Georges Charpentier and Her Children,Pierre-Auguste Renoir,p004_loss_small,loss_small,opencv_telea,False,data/processed/clean/p004_clean.png,data/processed/masked/p004_loss_small_damaged.png,data/processed/masks/p004_loss_small_mask.png,data/processed/restored/opencv_telea/canonical/canonical__p004_loss_small_restored_opencv_telea.png,opencv_telea_canonical_canonical_p004_loss_small_difference_maps.png,outputs/figures/opencv_difference_maps/all_cases/canonical/opencv_telea_canonical_canonical_p004_loss_small_difference_maps.png,768,768,589824,480000,20406,569418,17090,20406,0.034596761067708336,3.4596761067708335,0,71,768,696,126.0,71.0,736.0,651.0,5,both,127,36.99032964160868,-49.682152308144666,1.8528137563859524,,5.596885681152344,30.363391876220703,255.0,0.4865473508834839,3.799910068511963,116.33333587646484,5.1103386878967285,28.04678726196289,-33.333335876464844,255.0,20406,147.71148681640625,40.902767181396484,-33.333335876464844,255.0,20397,9,0,99.95589532490445,0.04410467509556013,0.0,569418,0.0,0.0,0.0,0.0,0,0,569418,0.0,0.0,100.0,17090,70.3125228881836,81.77359771728516,0.0,255.0,7832,0,9258,45.82796957284962,0.0,54.172030427150375,480000,6.2795844078063965,30.971899032592773,-33.333335876464844,255.0,20397,9,459594,4.249375,0.001875,95.74875,161.77487182617188,37.17989730834961,14.063379287719727,15.047401428222656,74.17742156982422,85.34269714355469,3.864891767501831,7.195539474487305,0.0,0.0,0.0,0.0,False,False,False,False,0,improved,unchanged_or_undefined,0.0,255.0,-253.3333282470703,253.3333282470703,2199919,2199919,2.098006248474121,2383,2335,RGBA,PNG,46cf95fc3b8005079312b1e6040c5a5816ce1b26096cf98853e2353df26f8973,5.64413929998409,2.0.0,restoration_eval.error_maps,ok,,161.77487182617188,14.063379287719727,147.71148681640625,9,20397,0,0.04410467509556013,99.95589532490445
opencv_telea__canonical__canonical__p004_mixed_damage,opencv_telea__canonical__canonical__p004_mixed_damage,canonical__p004_mixed_damage,canonical__p004_mixed_damage,canonical,p004,portrait_figure,Madame Georges Charpentier and Her Children,Pierre-Auguste Renoir,p004_mixed_damage,mixed_damage,opencv_telea,False,data/processed/clean/p004_clean.png,data/processed/masked/p004_mixed_damage_damaged.png,data/processed/masks/p004_mixed_damage_mask.png,data/processed/restored/opencv_telea/canonical/canonical__p004_mixed_damage_restored_opencv_telea.png,opencv_telea_canonical_canonical_p004_mixed_damage_difference_maps.png,outputs/figures/opencv_difference_maps/all_cases/canonical/opencv_telea_canonical_canonical_p004_mixed_damage_difference_maps.png,768,768,589824,480000,49686,540138,53258,49686,0.08423868815104167,8.423868815104168,0,71,768,696,0.0,63.0,768.0,702.0,5,both,127,33.835802170967,-85.82312254290275,1.7203244056779177,,16.22382354736328,54.647430419921875,255.0,1.4094001054763794,7.572281837463379,161.6666717529297,14.814422607421875,50.52280807495117,-46.333335876464844,255.0,49686,175.86245727539062,44.48748016357422,-46.333335876464844,255.0,49590,94,2,99.80678661997344,0.18918810127601338,0.0040252787505534755,540138,0.0,0.0,0.0,0.0,0,0,540138,0.0,0.0,100.0,53258,57.057151794433594,88.31547546386719,-41.999996185302734,255.0,16794,11,36453,31.53329077321717,0.020654174020804387,68.44605505276202,480000,18.203962326049805,55.45155715942383,-46.333335876464844,255.0,49590,94,430316,10.33125,0.019583333333333335,89.64916666666667,192.59349060058594,38.51365661621094,16.731029510498047,20.599315643310547,59.75800704956055,91.76844024658203,2.7008585929870605,8.277848243713379,0.0,0.0,0.0,0.0,False,False,False,False,0,improved,unchanged_or_undefined,0.0,255.0,-253.3333282470703,253.3333282470703,2443772,2443772,2.3305625915527344,2383,2335,RGBA,PNG,61f849baf6479d61d6d64ea68e92b2420a0b1c0d3b99690b1884dbad065631b8,5.780452000035439,2.0.0,restoration_eval.error_maps,ok,,192.59349060058594,16.731029510498047,175.86245727539062,94,49590,2,0.18918810127601338,99.80678661997344
opencv_telea__canonical__canonical__p004_scratch_thin,opencv_telea__canonical__canonical__p004_scratch_thin,canonical__p004_scratch_thin,canonical__p004_scratch_thin,canonical,p004,portrait_figure,Madame Georges Charpentier and Her Children,Pierre-Auguste Renoir,p004_scratch_thin,scratch_thin,opencv_telea,False,data/processed/clean/p004_clean.png,data/processed/masked/p004_scratch_thin_damaged.png,data/processed/masks/p004_scratch_thin_mask.png,data/processed/restored/opencv_telea/canonical/canonical__p004_scratch_thin_restored_opencv_telea.png,opencv_telea_canonical_canonical_p004_scratch_thin_difference_maps.png,outputs/figures/opencv_difference_maps/all_cases/canonical/opencv_telea_canonical_canonical_p004_scratch_thin_difference_maps.png,768,768,589824,480000,7733,582091,31211,7733,0.013110690646701388,1.3110690646701388,0,71,768,696,0.0,87.0,768.0,704.0,5,both,127,38.28841760420707,-48.9888788309841,3.569311059308774,,2.5906877517700195,23.31760025024414,255.0,0.07023168355226517,1.1991442441940308,99.66666412353516,2.520456314086914,22.833242416381836,-64.33332824707031,255.0,7733,192.24436950683594,57.379825592041016,-64.33332824707031,255.0,7719,14,0,99.81895771369456,0.1810422863054442,0.0,582091,0.0,0.0,0.0,0.0,0,0,582091,0.0,0.0,100.0,31211,47.6070442199707,87.74964904785156,-64.33332824707031,255.0,7716,14,23481,24.722053122296625,0.044855980263368685,75.23309089744001,480000,3.0971367359161377,25.275630950927734,-64.33332824707031,255.0,7719,14,472267,1.6081249999999998,0.002916666666666667,98.38895833333333,197.6011962890625,54.18920135498047,5.356825351715088,9.019867897033691,48.93418884277344,89.44857788085938,1.327138900756836,5.050346374511719,0.0,0.0,0.0,0.0,False,False,False,False,0,improved,unchanged_or_undefined,0.0,255.0,-253.3333282470703,253.3333282470703,2242992,2242992,2.1390838623046875,2383,2335,RGBA,PNG,fcf0d55850a3c7ab3660e27131e90a8e38871fe8aade0833ed194e819107eeaf,5.650845299998764,2.0.0,restoration_eval.error_maps,ok,,197.6011962890625,5.356825351715088,192.24436950683594,14,7719,0,0.1810422863054442,99.81895771369456
opencv_telea__canonical__canonical__p004_zero_control,opencv_telea__canonical__canonical__p004_zero_control,canonical__p004_zero_control,canonical__p004_zero_control,canonical,p004,portrait_figure,Madame Georges Charpentier and Her Children,Pierre-Auguste Renoir,p004_zero_control,zero_control,opencv_telea,True,data/processed/clean/p004_clean.png,data/processed/masked/p004_zero_control_damaged.png,data/processed/masks/p004_zero_control_mask.png,data/processed/restored/opencv_telea/canonical/canonical__p004_zero_control_restored_opencv_telea.png,opencv_telea_canonical_canonical_p004_zero_control_difference_maps.png,outputs/figures/opencv_difference_maps/all_cases/canonical/opencv_telea_canonical_canonical_p004_zero_control_difference_maps.png,768,768,589824,480000,0,589824,0,0,0.0,0.0,0,71,768,696,,,,,5,both,127,,,,,0.0,0.0,0.0,0.0,0.0,0.0,0.0,0.0,0.0,0.0,0,,,,,0,0,0,,,,589824,0.0,0.0,0.0,0.0,0,0,589824,0.0,0.0,100.0,0,,,,,0,0,0,,,,480000,0.0,0.0,0.0,0.0,0,0,480000,0.0,0.0,100.0,,,,,,,,,0.0,0.0,0.0,0.0,False,False,False,False,0,unchanged_or_undefined,unchanged_or_undefined,0.0,255.0,-253.3333282470703,253.3333282470703,2063060,2063060,1.9674873352050781,2383,2335,RGBA,PNG,66e1eb4652683cbe28cf49c2ae991395bea3094053f0299d55fe1429ecb87424,5.656932800018694,2.0.0,restoration_eval.error_maps,ok,,,,,0,0,0,,
opencv_telea__canonical__canonical__p005_loss_large,opencv_telea__canonical__canonical__p005_loss_large,canonical__p005_loss_large,canonical__p005_loss_large,canonical,p005,portrait_figure,Self-Portrait with Two Pupils,Adélaïde Labille-Guiard,p005_loss_large,loss_large,opencv_telea,False,data/processed/clean/p005_clean.png,data/processed/masked/p005_loss_large_damaged.png,data/processed/masks/p005_loss_large_mask.png,data/processed/restored/opencv_telea/canonical/canonical__p005_loss_large_restored_opencv_telea.png,opencv_telea_canonical_canonical_p005_loss_large_difference_maps.png,outputs/figures/opencv_difference_maps/all_cases/canonical/opencv_telea_canonical_canonical_p005_loss_large_difference_maps.png,768,768,589824,436992,55771,534053,11402,55771,0.0945553249782986,9.45553249782986,99,0,668,768,264.0,108.0,571.0,439.0,5,both,127,40.61138704105478,-67.55555754782952,1.9623845231176311,,18.641864776611328,58.784324645996094,246.3333282470703,2.1825714111328125,10.519396781921387,132.0,16.45929527282715,54.13302230834961,-54.666664123535156,236.6666717529297,55771,174.07054138183594,59.63008499145508,-54.666664123535156,236.6666717529297,55216,539,16,99.00485915619228,0.9664520987610049,0.028688745046708864,534053,0.0,0.0,0.0,0.0,0,0,534053,0.0,0.0,100.0,11402,102.57176208496094,106.71516418457031,0.0,236.6666717529297,5623,0,5779,49.31590948956324,0.0,50.68409051043676,436992,22.215709686279297,61.86566925048828,-54.666664123535156,236.6666717529297,55216,539,381237,12.635471587580552,0.12334321909783245,87.24118519332161,197.1530303955078,36.766319274902344,23.082477569580078,26.227352142333984,105.9582748413086,109.08966064453125,3.3865110874176025,8.570548057556152,0.0,0.0,0.0,0.0,False,False,False,False,0,improved,unchanged_or_undefined,0.0,255.0,-253.3333282470703,253.3333282470703,2338370,2338370,2.230043411254883,2383,2335,RGBA,PNG,d16af7c25efebd1b84de4247c812ec944ee1f18c5808d804d352a7d2226f6c14,5.838747400033753,2.0.0,restoration_eval.error_maps,ok,,197.1530303955078,23.082477569580078,174.07054138183594,539,55216,16,0.9664520987610049,99.00485915619228
opencv_telea__canonical__canonical__p005_loss_small,opencv_telea__canonical__canonical__p005_loss_small,canonical__p005_loss_small,canonical__p005_loss_small,canonical,p005,portrait_figure,Self-Portrait with Two Pupils,Adélaïde Labille-Guiard,p005_loss_small,loss_small,opencv_telea,False,data/processed/clean/p005_clean.png,data/processed/masked/p005_loss_small_damaged.png,data/processed/masks/p005_loss_small_mask.png,data/processed/restored/opencv_telea/canonical/canonical__p005_loss_small_restored_opencv_telea.png,opencv_telea_canonical_canonical_p005_loss_small_difference_maps.png,outputs/figures/opencv_difference_maps/all_cases/canonical/opencv_telea_canonical_canonical_p005_loss_small_difference_maps.png,768,768,589824,436992,16173,573651,13745,16173,0.0274200439453125,2.74200439453125,99,0,668,768,161.0,98.0,635.0,552.0,5,both,127,54.61134813165976,-93.36705208268928,2.777213783815906,,5.572961807250977,33.5238151550293,245.6666717529297,0.4074012041091919,3.7691688537597656,92.0,5.165560722351074,31.42997169494629,0.0,231.0,16173,188.38629150390625,38.85965347290039,14.0,231.0,16173,0,0,100.0,0.0,0.0,573651,0.0,0.0,0.0,0.0,0,0,573651,0.0,0.0,100.0,13745,88.92886352539062,99.53009033203125,0.0,231.0,6314,0,7431,45.93670425609312,0.0,54.06329574390688,436992,6.972144603729248,36.34188461303711,0.0,231.0,16173,0,420819,3.7009830843585236,0.0,96.29901691564147,203.24407958984375,28.475404739379883,14.8577880859375,17.418691635131836,92.84500885009766,102.56670379638672,3.9161391258239746,9.035402297973633,0.0,0.0,0.0,0.0,False,False,False,False,0,improved,unchanged_or_undefined,0.0,255.0,-253.3333282470703,253.3333282470703,2226168,2226168,2.1230392456054688,2383,2335,RGBA,PNG,f5add83351ab94e2cf073baf5aced1ac5de7044639e6cb5857aff7e34ed41875,5.643240100005642,2.0.0,restoration_eval.error_maps,ok,,203.24407958984375,14.8577880859375,188.38629150390625,0,16173,0,0.0,100.0
opencv_telea__canonical__canonical__p005_mixed_damage,opencv_telea__canonical__canonical__p005_mixed_damage,canonical__p005_mixed_damage,canonical__p005_mixed_damage,canonical,p005,portrait_figure,Self-Portrait with Two Pupils,Adélaïde Labille-Guiard,p005_mixed_damage,mixed_damage,opencv_telea,False,data/processed/clean/p005_clean.png,data/processed/masked/p005_mixed_damage_damaged.png,data/processed/masks/p005_mixed_damage_mask.png,data/processed/restored/opencv_telea/canonical/canonical__p005_mixed_damage_restored_opencv_telea.png,opencv_telea_canonical_canonical_p005_mixed_damage_difference_maps.png,outputs/figures/opencv_difference_maps/all_cases/canonical/opencv_telea_canonical_canonical_p005_mixed_damage_difference_maps.png,768,768,589824,436992,35823,554001,43319,35823,0.060735066731770836,6.073506673177084,99,0,668,768,91.0,0.0,676.0,768.0,5,both,127,64.20058807656162,-114.78507290474464,3.527348729430617,,12.51356029510498,49.74770736694336,252.6666717529297,0.6868517398834229,4.64438009262085,141.0,11.826709747314453,47.41530990600586,-66.0,241.3333282470703,35823,194.72622680664062,37.434574127197266,-66.0,241.3333282470703,35782,40,1,99.8855483906987,0.11166010663540185,0.002791502665885046,554001,0.0,0.0,0.0,0.0,0,0,554001,0.0,0.0,100.0,43319,60.37513732910156,90.0029067993164,-47.33333206176758,241.3333282470703,14157,10,29152,32.68080980632055,0.02308455873865971,67.29610563494079,436992,15.962942123413086,54.48362731933594,-66.0,241.3333282470703,35782,40,401170,8.18825058582308,0.009153485647334505,91.80259592852958,206.03521728515625,29.593156814575195,11.308982849121094,15.330617904663086,63.50294494628906,93.30549621582031,3.1278040409088135,8.969454765319824,0.0,0.0,0.0,0.0,False,False,False,False,0,improved,unchanged_or_undefined,0.0,255.0,-253.3333282470703,253.3333282470703,2409638,2409638,2.2980098724365234,2383,2335,RGBA,PNG,110f0bf34d2e7ca13a1f18eb52c769090feecfc8e09c79dd1031e2ef67cccae1,5.659713100001682,2.0.0,restoration_eval.error_maps,ok,,206.03521728515625,11.308982849121094,194.72622680664062,40,35782,1,0.11166010663540185,99.8855483906987
opencv_telea__canonical__canonical__p005_scratch_thin,opencv_telea__canonical__canonical__p005_scratch_thin,canonical__p005_scratch_thin,canonical__p005_scratch_thin,canonical,p005,portrait_figure,Self-Portrait with Two Pupils,Adélaïde Labille-Guiard,p005_scratch_thin,scratch_thin,opencv_telea,False,data/processed/clean/p005_clean.png,data/processed/masked/p005_scratch_thin_damaged.png,data/processed/masks/p005_scratch_thin_mask.png,data/processed/restored/opencv_telea/canonical/canonical__p005_scratch_thin_restored_opencv_telea.png,opencv_telea_canonical_canonical_p005_scratch_thin_difference_maps.png,outputs/figures/opencv_difference_maps/all_cases/canonical/opencv_telea_canonical_canonical_p005_scratch_thin_difference_maps.png,768,768,589824,436992,10708,579116,38576,10708,0.018154568142361112,1.8154568142361112,99,0,668,768,91.0,107.0,676.0,768.0,5,both,127,47.81885817457353,-51.200628813348274,2.7870448816411297,,3.361008882522583,25.244836807250977,254.0,0.194522425532341,2.2062973976135254,98.0,3.1664857864379883,24.083959579467773,-8.333332061767578,243.6666717529297,10708,174.41815185546875,45.61276626586914,-8.333332061767578,243.6666717529297,10706,2,0,99.98132237579381,0.018677624206200973,0.0,579116,0.0,0.0,0.0,0.0,0,0,579116,0.0,0.0,100.0,38576,48.4036865234375,81.71516418457031,-8.333332061767578,243.6666717529297,10703,2,27871,27.745230194939857,0.005184570717544587,72.24958523434259,436992,4.273921966552734,27.89558982849121,-8.333332061767578,243.6666717529297,10706,2,426284,2.4499304335090804,0.00045767428236672525,97.54961189220856,185.13296508789062,38.108150482177734,10.714792251586914,12.466175079345703,51.37711715698242,85.2960433959961,2.9734292030334473,8.133645057678223,0.0,0.0,0.0,0.0,False,False,False,False,0,improved,unchanged_or_undefined,0.0,255.0,-253.3333282470703,253.3333282470703,2318252,2318252,2.210857391357422,2383,2335,RGBA,PNG,cf10696ce741133731d9f17f5ad9bf611095acdf042b57dd4e8e03b9566378af,5.660781399987172,2.0.0,restoration_eval.error_maps,ok,,185.13296508789062,10.714792251586914,174.41815185546875,2,10706,0,0.018677624206200973,99.98132237579381
opencv_telea__canonical__canonical__p005_zero_control,opencv_telea__canonical__canonical__p005_zero_control,canonical__p005_zero_control,canonical__p005_zero_control,canonical,p005,portrait_figure,Self-Portrait with Two Pupils,Adélaïde Labille-Guiard,p005_zero_control,zero_control,opencv_telea,True,data/processed/clean/p005_clean.png,data/processed/masked/p005_zero_control_damaged.png,data/processed/masks/p005_zero_control_mask.png,data/processed/restored/opencv_telea/canonical/canonical__p005_zero_control_restored_opencv_telea.png,opencv_telea_canonical_canonical_p005_zero_control_difference_maps.png,outputs/figures/opencv_difference_maps/all_cases/canonical/opencv_telea_canonical_canonical_p005_zero_control_difference_maps.png,768,768,589824,436992,0,589824,0,0,0.0,0.0,99,0,668,768,,,,,5,both,127,,,,,0.0,0.0,0.0,0.0,0.0,0.0,0.0,0.0,0.0,0.0,0,,,,,0,0,0,,,,589824,0.0,0.0,0.0,0.0,0,0,589824,0.0,0.0,100.0,0,,,,,0,0,0,,,,436992,0.0,0.0,0.0,0.0,0,0,436992,0.0,0.0,100.0,,,,,,,,,0.0,0.0,0.0,0.0,False,False,False,False,0,unchanged_or_undefined,unchanged_or_undefined,0.0,255.0,-253.3333282470703,253.3333282470703,2119944,2119944,2.0217361450195312,2383,2335,RGBA,PNG,081e5da65e7d3db1e785d9deb3698dcd82d701b8e5e6d71bc011236bc8d74fac,5.5402939999476075,2.0.0,restoration_eval.error_maps,ok,,,,,0,0,0,,
opencv_telea__canonical__canonical__p006_loss_large,opencv_telea__canonical__canonical__p006_loss_large,canonical__p006_loss_large,canonical__p006_loss_large,canonical,p006,portrait_figure,Boy with a Sword,Édouard Manet,p006_loss_large,loss_large,opencv_telea,False,data/processed/clean/p006_clean.png,data/processed/masked/p006_loss_large_damaged.png,data/processed/masks/p006_loss_large_mask.png,data/processed/restored/opencv_telea/canonical/canonical__p006_loss_large_restored_opencv_telea.png,opencv_telea_canonical_canonical_p006_loss_large_difference_maps.png,outputs/figures/opencv_difference_maps/all_cases/canonical/opencv_telea_canonical_canonical_p006_loss_large_difference_maps.png,768,768,589824,442368,60137,529687,10406,60137,0.10195753309461805,10.195753309461805,96,0,672,768,308.0,304.0,636.0,663.0,5,both,127,55.76713171591533,-155.78856056448888,2.739108926612225,,22.40875816345215,66.6142807006836,251.6666717529297,1.0705673694610596,4.303745746612549,60.0,21.33818817138672,63.50688552856445,0.0,250.0,60137,209.28506469726562,14.914468765258789,108.66667175292969,250.0,60137,0,0,100.0,0.0,0.0,529687,0.0,0.0,0.0,0.0,0,0,529687,0.0,0.0,100.0,10406,106.17660522460938,108.55630493164062,0.0,250.0,5114,0,5292,49.14472419757832,0.0,50.85527580242169,442368,28.450918197631836,71.93844604492188,0.0,250.0,60137,0,382231,13.594337745949073,0.0,86.40566225405092,219.7852020263672,11.926087379455566,10.500129699707031,9.091448783874512,107.4231185913086,109.7696304321289,1.246524453163147,2.7791292667388916,0.0,0.0,0.0,0.0,False,False,False,False,0,improved,unchanged_or_undefined,0.0,255.0,-253.3333282470703,253.3333282470703,1510522,1510522,1.4405460357666016,2383,2335,RGBA,PNG,f7600f76cc9c8ffe036105e184e8a243a9e1521fb49a020a9cf33081fa110816,5.735812500002794,2.0.0,restoration_eval.error_maps,ok,,219.7852020263672,10.500129699707031,209.28506469726562,0,60137,0,0.0,100.0
opencv_telea__canonical__canonical__p006_loss_small,opencv_telea__canonical__canonical__p006_loss_small,canonical__p006_loss_small,canonical__p006_loss_small,canonical,p006,portrait_figure,Boy with a Sword,Édouard Manet,p006_loss_small,loss_small,opencv_telea,False,data/processed/clean/p006_clean.png,data/processed/masked/p006_loss_small_damaged.png,data/processed/masks/p006_loss_small_mask.png,data/processed/restored/opencv_telea/canonical/canonical__p006_loss_small_restored_opencv_telea.png,opencv_telea_canonical_canonical_p006_loss_small_difference_maps.png,outputs/figures/opencv_difference_maps/all_cases/canonical/opencv_telea_canonical_canonical_p006_loss_small_difference_maps.png,768,768,589824,442368,17979,571845,15703,17979,0.030481974283854168,3.048197428385417,96,0,672,768,156.0,65.0,598.0,713.0,5,both,127,107.89198509372044,-102.7559560227673,10.49699090542832,,6.742846965789795,38.08393096923828,240.6666717529297,0.07670141011476517,0.767931342124939,40.66666793823242,6.666145324707031,37.65940475463867,0.0,239.0,17979,218.69139099121094,12.599738121032715,153.3333282470703,239.0,17979,0,0,100.0,0.0,0.0,571845,0.0,0.0,0.0,0.0,0,0,571845,0.0,0.0,100.0,15703,100.83186340332031,109.35494995117188,0.0,239.0,7239,0,8464,46.09947143857862,0.0,53.90052856142138,442368,8.88819408416748,43.25764465332031,0.0,239.0,17979,0,424389,4.064263237847222,0.0,95.93573676215279,221.20770263671875,11.85112190246582,2.5162875652313232,3.6342508792877197,101.6041488647461,110.18125915527344,0.7722941040992737,1.582278847694397,0.0,0.0,0.0,0.0,False,False,False,False,0,improved,unchanged_or_undefined,0.0,255.0,-253.3333282470703,253.3333282470703,1447841,1447841,1.3807687759399414,2383,2335,RGBA,PNG,ffed3fc253a06e7ed9d0d0d519868a1b27f421f21a3df347c32a4e9f62be3706,5.683440299995709,2.0.0,restoration_eval.error_maps,ok,,221.20770263671875,2.5162875652313232,218.69139099121094,0,17979,0,0.0,100.0
opencv_telea__canonical__canonical__p006_mixed_damage,opencv_telea__canonical__canonical__p006_mixed_damage,canonical__p006_mixed_damage,canonical__p006_mixed_damage,canonical,p006,portrait_figure,Boy with a Sword,Édouard Manet,p006_mixed_damage,mixed_damage,opencv_telea,False,data/processed/clean/p006_clean.png,data/processed/masked/p006_mixed_damage_damaged.png,data/processed/masks/p006_mixed_damage_mask.png,data/processed/restored/opencv_telea/canonical/canonical__p006_mixed_damage_restored_opencv_telea.png,opencv_telea_canonical_canonical_p006_mixed_damage_difference_maps.png,outputs/figures/opencv_difference_maps/all_cases/canonical/opencv_telea_canonical_canonical_p006_mixed_damage_difference_maps.png,768,768,589824,442368,42916,546908,56375,42916,0.07276068793402778,7.276068793402778,96,0,672,768,90.0,0.0,680.0,768.0,5,both,127,75.03103737533786,-117.69180103768602,5.013284989853837,,16.178836822509766,57.90985107421875,255.0,0.48586124181747437,3.1384036540985107,131.6666717529297,15.692975997924805,56.28404235839844,-16.00000762939453,255.0,42916,215.6792755126953,20.140060424804688,-16.00000762939453,255.0,42913,3,0,99.99300960014914,0.00699039985087147,0.0,546908,0.0,0.0,0.0,0.0,0,0,546908,0.0,0.0,100.0,56375,70.76483154296875,103.84524536132812,-14.0,255.0,17991,1,38383,31.913082039911306,0.0017738359201773836,68.08514412416852,442368,20.92396354675293,64.14363098144531,-16.00000762939453,255.0,42913,3,399452,9.700746889467593,0.0006781684027777778,90.29857494212963,222.3568115234375,15.654614448547363,6.677525043487549,9.696624755859375,71.67192077636719,105.11133575439453,0.9070864915847778,3.3438196182250977,0.0,0.0,0.0,0.0,False,False,False,False,0,improved,unchanged_or_undefined,0.0,255.0,-253.3333282470703,253.3333282470703,1718976,1718976,1.63934326171875,2383,2335,RGBA,PNG,e0497f8b48c5d8b6d4fa4db6635065b30cda8773c823f538557bc5fe61bc7bc2,6.005518599995412,2.0.0,restoration_eval.error_maps,ok,,222.3568115234375,6.677525043487549,215.6792755126953,3,42913,0,0.00699039985087147,99.99300960014914
opencv_telea__canonical__canonical__p006_scratch_thin,opencv_telea__canonical__canonical__p006_scratch_thin,canonical__p006_scratch_thin,canonical__p006_scratch_thin,canonical,p006,portrait_figure,Boy with a Sword,Édouard Manet,p006_scratch_thin,scratch_thin,opencv_telea,False,data/processed/clean/p006_clean.png,data/processed/masked/p006_scratch_thin_damaged.png,data/processed/masks/p006_scratch_thin_mask.png,data/processed/restored/opencv_telea/canonical/canonical__p006_scratch_thin_restored_opencv_telea.png,opencv_telea_canonical_canonical_p006_scratch_thin_difference_maps.png,outputs/figures/opencv_difference_maps/all_cases/canonical/opencv_telea_canonical_canonical_p006_scratch_thin_difference_maps.png,768,768,589824,442368,12613,577211,47781,12613,0.021384345160590276,2.1384345160590277,96,0,672,768,88.0,0.0,680.0,768.0,5,both,127,82.32381933983457,-101.03007479056,8.295025552652177,,4.933175086975098,33.45658874511719,255.0,0.06854982674121857,1.1093034744262695,136.3333282470703,4.864625930786133,33.01708221435547,-40.33332824707031,255.0,12613,227.48536682128906,18.299699783325195,-40.33332824707031,255.0,12609,3,1,99.96828668833743,0.023784983746927772,0.007928327915642592,577211,0.0,0.0,0.0,0.0,0,0,577211,0.0,0.0,100.0,47781,60.05050277709961,100.71220397949219,-40.33332824707031,255.0,12609,3,35169,26.38915049915238,0.006278646323852577,73.60457085452377,442368,6.486166477203369,37.98666000366211,-40.33332824707031,255.0,12609,3,429756,2.850341796875,0.0006781684027777778,97.14898003472221,230.69097900390625,16.241100311279297,3.2056078910827637,6.891186714172363,60.89670181274414,102.02715301513672,0.8462010622024536,3.812126398086548,0.0,0.0,0.0,0.0,False,False,False,False,0,improved,unchanged_or_undefined,0.0,255.0,-253.3333282470703,253.3333282470703,1558551,1558551,1.4863500595092773,2383,2335,RGBA,PNG,9a7f95c85bc90e9dbdfbba2389f9f80dac15aa379e09fb18d40495f631bc2bac,5.721040999982506,2.0.0,restoration_eval.error_maps,ok,,230.69097900390625,3.2056078910827637,227.48536682128906,3,12609,1,0.023784983746927772,99.96828668833743
opencv_telea__canonical__canonical__p006_zero_control,opencv_telea__canonical__canonical__p006_zero_control,canonical__p006_zero_control,canonical__p006_zero_control,canonical,p006,portrait_figure,Boy with a Sword,Édouard Manet,p006_zero_control,zero_control,opencv_telea,True,data/processed/clean/p006_clean.png,data/processed/masked/p006_zero_control_damaged.png,data/processed/masks/p006_zero_control_mask.png,data/processed/restored/opencv_telea/canonical/canonical__p006_zero_control_restored_opencv_telea.png,opencv_telea_canonical_canonical_p006_zero_control_difference_maps.png,outputs/figures/opencv_difference_maps/all_cases/canonical/opencv_telea_canonical_canonical_p006_zero_control_difference_maps.png,768,768,589824,442368,0,589824,0,0,0.0,0.0,96,0,672,768,,,,,5,both,127,,,,,0.0,0.0,0.0,0.0,0.0,0.0,0.0,0.0,0.0,0.0,0,,,,,0,0,0,,,,589824,0.0,0.0,0.0,0.0,0,0,589824,0.0,0.0,100.0,0,,,,,0,0,0,,,,442368,0.0,0.0,0.0,0.0,0,0,442368,0.0,0.0,100.0,,,,,,,,,0.0,0.0,0.0,0.0,False,False,False,False,0,unchanged_or_undefined,unchanged_or_undefined,0.0,255.0,-253.3333282470703,253.3333282470703,1339729,1339729,1.277665138244629,2383,2335,RGBA,PNG,62e1bfc5d144e7d2af9b1a529ab0920c632f34e1fbed6abd7ca0fe6ea042c527,5.619481999950949,2.0.0,restoration_eval.error_maps,ok,,,,,0,0,0,,
opencv_telea__canonical__canonical__p007_loss_large,opencv_telea__canonical__canonical__p007_loss_large,canonical__p007_loss_large,canonical__p007_loss_large,canonical,p007,portrait_figure,Princesse de Broglie,Jean-Auguste-Dominique Ingres,p007_loss_large,loss_large,opencv_telea,False,data/processed/clean/p007_clean.png,data/processed/masked/p007_loss_large_damaged.png,data/processed/masks/p007_loss_large_mask.png,data/processed/restored/opencv_telea/canonical/canonical__p007_loss_large_restored_opencv_telea.png,opencv_telea_canonical_canonical_p007_loss_large_difference_maps.png,outputs/figures/opencv_difference_maps/all_cases/canonical/opencv_telea_canonical_canonical_p007_loss_large_difference_maps.png,768,768,589824,445440,45215,544609,9276,45215,0.07665846082899305,7.665846082899305,94,0,674,768,200.0,158.0,492.0,467.0,5,both,127,26.866150613734376,-49.551645840244746,1.2821885007912677,,12.645487785339355,45.53257369995117,248.6666717529297,2.2675516605377197,11.370619773864746,133.3333282470703,10.377936363220215,39.68367385864258,-42.666664123535156,241.0,45215,135.3788604736328,60.17051696777344,-42.666664123535156,241.0,44257,952,6,97.88123410372664,2.1054959637288513,0.013269932544509566,544609,0.0,0.0,0.0,0.0,0,0,544609,0.0,0.0,100.0,9276,81.09135437011719,89.07801818847656,-14.333328247070312,241.0,4564,1,4711,49.20224234583873,0.01078050884001725,50.78697714532125,445440,13.74181842803955,45.15547561645508,-42.666664123535156,241.0,44257,952,400231,9.935569324712644,0.2137212643678161,89.85070941091954,164.9587860107422,43.8112678527832,29.579923629760742,29.642669677734375,85.60404205322266,91.9916000366211,4.512685298919678,10.565690040588379,0.0,0.0,0.0,0.0,False,False,False,False,0,improved,unchanged_or_undefined,0.0,255.0,-253.3333282470703,253.3333282470703,1959403,1959403,1.8686323165893555,2383,2335,RGBA,PNG,718cdcd4c792464e3c00afd62a3e4ab69bfdd31049028f6ead2f59e7455e8cfc,5.738561199977994,2.0.0,restoration_eval.error_maps,ok,,164.9587860107422,29.579923629760742,135.3788604736328,952,44257,6,2.1054959637288513,97.88123410372664
opencv_telea__canonical__canonical__p007_loss_small,opencv_telea__canonical__canonical__p007_loss_small,canonical__p007_loss_small,canonical__p007_loss_small,canonical,p007,portrait_figure,Princesse de Broglie,Jean-Auguste-Dominique Ingres,p007_loss_small,loss_small,opencv_telea,False,data/processed/clean/p007_clean.png,data/processed/masked/p007_loss_small_damaged.png,data/processed/masks/p007_loss_small_mask.png,data/processed/restored/opencv_telea/canonical/canonical__p007_loss_small_restored_opencv_telea.png,opencv_telea_canonical_canonical_p007_loss_small_difference_maps.png,outputs/figures/opencv_difference_maps/all_cases/canonical/opencv_telea_canonical_canonical_p007_loss_small_difference_maps.png,768,768,589824,445440,19342,570482,14860,19342,0.03279283311631945,3.2792833116319446,94,0,674,768,107.0,64.0,621.0,565.0,5,both,127,41.93859649122807,-37.26462275531658,2.140953458718368,,5.337705612182617,30.03911781311035,239.3333282470703,0.630476176738739,5.353560924530029,122.66666412353516,4.7072296142578125,27.432621002197266,-27.666664123535156,234.0,19342,143.54446411132812,54.9478874206543,-27.666664123535156,234.0,19284,58,0,99.70013442250027,0.2998655774997415,0.0,570482,0.0,0.0,0.0,0.0,0,0,570482,0.0,0.0,100.0,14860,75.80782318115234,86.80307006835938,-0.6666641235351562,234.0,6976,1,7883,46.94481830417227,0.006729475100942126,53.04845222072678,445440,6.233020782470703,31.416057586669922,-27.666664123535156,234.0,19284,58,426098,4.329202586206896,0.013020833333333334,95.65777658045977,162.77049255371094,43.4882698059082,19.226036071777344,22.726009368896484,80.9967041015625,90.49701690673828,5.188874244689941,11.828429222106934,0.0,0.0,0.0,0.0,False,False,False,False,0,improved,unchanged_or_undefined,0.0,255.0,-253.3333282470703,253.3333282470703,1907561,1907561,1.8191919326782227,2383,2335,RGBA,PNG,fb30fcb799a45b99ed9307fd521f32e762138809b0d53c92fea8b0a86e207c70,5.665773199987598,2.0.0,restoration_eval.error_maps,ok,,162.77049255371094,19.226036071777344,143.54446411132812,58,19284,0,0.2998655774997415,99.70013442250027
opencv_telea__canonical__canonical__p007_mixed_damage,opencv_telea__canonical__canonical__p007_mixed_damage,canonical__p007_mixed_damage,canonical__p007_mixed_damage,canonical,p007,portrait_figure,Princesse de Broglie,Jean-Auguste-Dominique Ingres,p007_mixed_damage,mixed_damage,opencv_telea,False,data/processed/clean/p007_clean.png,data/processed/masked/p007_mixed_damage_damaged.png,data/processed/masks/p007_mixed_damage_mask.png,data/processed/restored/opencv_telea/canonical/canonical__p007_mixed_damage_restored_opencv_telea.png,opencv_telea_canonical_canonical_p007_mixed_damage_difference_maps.png,outputs/figures/opencv_difference_maps/all_cases/canonical/opencv_telea_canonical_canonical_p007_mixed_damage_difference_maps.png,768,768,589824,445440,37452,552372,36051,37452,0.06349690755208333,6.349690755208333,94,0,674,768,86.0,0.0,604.0,768.0,5,both,127,30.746706895937905,-52.20127986044358,1.545074530814002,,11.108131408691406,44.31235885620117,255.0,1.3957780599594116,7.9975409507751465,132.6666717529297,9.712352752685547,40.37163162231445,-53.333335876464844,255.0,37452,152.95790100097656,61.30197525024414,-53.333335876464844,255.0,37023,422,7,98.85453380326818,1.126775606109153,0.018690590622663678,552372,0.0,0.0,0.0,0.0,0,0,552372,0.0,0.0,100.0,36051,66.15786743164062,93.65681457519531,-15.666664123535156,255.0,12783,6,23262,35.45810102354997,0.016643088957310474,64.52525588749272,445440,12.86049747467041,46.0182991027832,-53.333335876464844,255.0,37023,422,407995,8.311557112068964,0.09473778735632184,91.59370510057471,174.9397430419922,47.575660705566406,21.98182487487793,23.55386734008789,69.36248779296875,96.82788848876953,3.2046267986297607,8.959242820739746,0.0,0.0,0.0,0.0,False,False,False,False,0,improved,unchanged_or_undefined,0.0,255.0,-253.3333282470703,253.3333282470703,2065082,2065082,1.9694156646728516,2383,2335,RGBA,PNG,534b1e84b34a649250ca0b22835e334a65ee2b9c4fdc2d09161e9c1098c37f3f,5.796784700010903,2.0.0,restoration_eval.error_maps,ok,,174.9397430419922,21.98182487487793,152.95790100097656,422,37023,7,1.126775606109153,98.85453380326818
opencv_telea__canonical__canonical__p007_scratch_thin,opencv_telea__canonical__canonical__p007_scratch_thin,canonical__p007_scratch_thin,canonical__p007_scratch_thin,canonical,p007,portrait_figure,Princesse de Broglie,Jean-Auguste-Dominique Ingres,p007_scratch_thin,scratch_thin,opencv_telea,False,data/processed/clean/p007_clean.png,data/processed/masked/p007_scratch_thin_damaged.png,data/processed/masks/p007_scratch_thin_mask.png,data/processed/restored/opencv_telea/canonical/canonical__p007_scratch_thin_restored_opencv_telea.png,opencv_telea_canonical_canonical_p007_scratch_thin_difference_maps.png,outputs/figures/opencv_difference_maps/all_cases/canonical/opencv_telea_canonical_canonical_p007_scratch_thin_difference_maps.png,768,768,589824,445440,10223,579601,45248,10223,0.017332288953993056,1.7332288953993056,94,0,674,768,86.0,0.0,682.0,768.0,5,both,127,76.98063190844175,-70.8419250709185,6.561394853114063,,3.5449094772338867,27.062692642211914,255.0,0.07786502689123154,1.1569054126739502,63.0,3.46704363822937,26.501495361328125,0.0,255.0,10223,200.0338134765625,34.66176986694336,57.333335876464844,255.0,10223,0,0,100.0,0.0,0.0,579601,0.0,0.0,0.0,0.0,0,0,579601,0.0,0.0,100.0,45248,45.19416809082031,85.2601547241211,0.0,255.0,10223,0,35025,22.593263790664782,0.0,77.40673620933521,445440,4.590844631195068,30.410877227783203,0.0,255.0,10223,0,435217,2.295034123563218,0.0,97.70496587643677,204.52630615234375,33.90858840942383,4.492484092712402,7.575563430786133,46.20915985107422,87.0372314453125,1.0149987936019897,4.061493396759033,0.0,0.0,0.0,0.0,False,False,False,False,0,improved,unchanged_or_undefined,0.0,255.0,-253.3333282470703,253.3333282470703,2029988,2029988,1.9359474182128906,2383,2335,RGBA,PNG,bf088c9916d53e018da8b46f594ded1ed7d17d8556a3dc7c12b4a51b81d92950,5.962975399976131,2.0.0,restoration_eval.error_maps,ok,,204.52630615234375,4.492484092712402,200.0338134765625,0,10223,0,0.0,100.0
opencv_telea__canonical__canonical__p007_zero_control,opencv_telea__canonical__canonical__p007_zero_control,canonical__p007_zero_control,canonical__p007_zero_control,canonical,p007,portrait_figure,Princesse de Broglie,Jean-Auguste-Dominique Ingres,p007_zero_control,zero_control,opencv_telea,True,data/processed/clean/p007_clean.png,data/processed/masked/p007_zero_control_damaged.png,data/processed/masks/p007_zero_control_mask.png,data/processed/restored/opencv_telea/canonical/canonical__p007_zero_control_restored_opencv_telea.png,opencv_telea_canonical_canonical_p007_zero_control_difference_maps.png,outputs/figures/opencv_difference_maps/all_cases/canonical/opencv_telea_canonical_canonical_p007_zero_control_difference_maps.png,768,768,589824,445440,0,589824,0,0,0.0,0.0,94,0,674,768,,,,,5,both,127,,,,,0.0,0.0,0.0,0.0,0.0,0.0,0.0,0.0,0.0,0.0,0,,,,,0,0,0,,,,589824,0.0,0.0,0.0,0.0,0,0,589824,0.0,0.0,100.0,0,,,,,0,0,0,,,,445440,0.0,0.0,0.0,0.0,0,0,445440,0.0,0.0,100.0,,,,,,,,,0.0,0.0,0.0,0.0,False,False,False,False,0,unchanged_or_undefined,unchanged_or_undefined,0.0,255.0,-253.3333282470703,253.3333282470703,1791824,1791824,1.7088165283203125,2383,2335,RGBA,PNG,12b577928e72f92e0732efd866989087dfeab0cccea303b29a1a0992a4be0715,5.707077400002163,2.0.0,restoration_eval.error_maps,ok,,,,,0,0,0,,
opencv_telea__canonical__canonical__p008_loss_large,opencv_telea__canonical__canonical__p008_loss_large,canonical__p008_loss_large,canonical__p008_loss_large,canonical,p008,portrait_figure,Manuel Osorio Manrique de Zuñiga,Francisco de Goya y Lucientes,p008_loss_large,loss_large,opencv_telea,False,data/processed/clean/p008_clean.png,data/processed/masked/p008_loss_large_damaged.png,data/processed/masks/p008_loss_large_mask.png,data/processed/restored/opencv_telea/canonical/canonical__p008_loss_large_restored_opencv_telea.png,opencv_telea_canonical_canonical_p008_loss_large_difference_maps.png,outputs/figures/opencv_difference_maps/all_cases/canonical/opencv_telea_canonical_canonical_p008_loss_large_difference_maps.png,768,768,589824,434688,45900,543924,10160,45900,0.07781982421875,7.781982421875,101,0,667,768,131.0,433.0,385.0,757.0,5,both,127,44.42713870733479,-106.53493827160494,2.165163915763756,,15.460174560546875,53.71759033203125,244.0,1.3777612447738647,6.9380388259887695,108.66666412353516,14.082415580749512,49.2001838684082,-9.0,241.0,45900,180.96180725097656,30.11870574951172,-9.0,241.0,45892,8,0,99.98257080610021,0.017429193899782133,0.0,543924,0.0,0.0,0.0,0.0,0,0,543924,0.0,0.0,100.0,10160,94.60269165039062,98.09612274169922,0.0,241.0,4970,0,5190,48.917322834645674,0.0,51.082677165354326,434688,19.108293533325195,56.46708679199219,-9.0,241.0,45892,8,388788,10.55745730270907,0.0018404004711425205,89.44070229681978,198.66629028320312,26.14137840270996,17.70450210571289,18.15227699279785,97.59497833251953,101.04129791259766,2.9922902584075928,7.629312038421631,0.0,0.0,0.0,0.0,False,False,False,False,0,improved,unchanged_or_undefined,0.0,255.0,-253.3333282470703,253.3333282470703,1658008,1658008,1.5811996459960938,2383,2335,RGBA,PNG,438c75c613c9e1b126036fda0d577690a7b065a1f56c2c49d6095cea85aebdcb,5.977365800004918,2.0.0,restoration_eval.error_maps,ok,,198.66629028320312,17.70450210571289,180.96180725097656,8,45892,0,0.017429193899782133,99.98257080610021
opencv_telea__canonical__canonical__p008_loss_small,opencv_telea__canonical__canonical__p008_loss_small,canonical__p008_loss_small,canonical__p008_loss_small,canonical,p008,portrait_figure,Manuel Osorio Manrique de Zuñiga,Francisco de Goya y Lucientes,p008_loss_small,loss_small,opencv_telea,False,data/processed/clean/p008_clean.png,data/processed/masked/p008_loss_small_damaged.png,data/processed/masks/p008_loss_small_mask.png,data/processed/restored/opencv_telea/canonical/canonical__p008_loss_small_restored_opencv_telea.png,opencv_telea_canonical_canonical_p008_loss_small_difference_maps.png,outputs/figures/opencv_difference_maps/all_cases/canonical/opencv_telea_canonical_canonical_p008_loss_small_difference_maps.png,768,768,589824,434688,23917,565907,17813,23917,0.040549384223090276,4.054938422309028,101,0,667,768,142.0,97.0,533.0,718.0,5,both,127,78.59986620395534,-76.56775515323828,4.92199556326063,,7.81492805480957,38.2006721496582,242.3333282470703,0.30787885189056396,2.7365589141845703,91.0,7.507048606872559,36.819618225097656,0.0,237.6666717529297,23917,185.1334991455078,23.416112899780273,31.333335876464844,237.6666717529297,23917,0,0,100.0,0.0,0.0,565907,0.0,0.0,0.0,0.0,0,0,565907,0.0,0.0,100.0,17813,89.58943939208984,95.72354125976562,0.0,237.6666717529297,8400,0,9413,47.15657104361983,0.0,52.843428956380166,434688,10.186244010925293,42.570220947265625,0.0,237.6666717529297,23917,0,410771,5.502107258539459,0.0,94.49789274146055,192.72618103027344,18.728527069091797,7.592689037322998,11.374139785766602,91.79790496826172,98.02334594726562,2.2084619998931885,5.447661399841309,0.0,0.0,0.0,0.0,False,False,False,False,0,improved,unchanged_or_undefined,0.0,255.0,-253.3333282470703,253.3333282470703,1643762,1643762,1.5676136016845703,2383,2335,RGBA,PNG,f9cf451e8311700bda128d0a3b35f508495eda8c9e886a039145f9372fc8a401,5.694291499967221,2.0.0,restoration_eval.error_maps,ok,,192.72618103027344,7.592689037322998,185.1334991455078,0,23917,0,0.0,100.0
opencv_telea__canonical__canonical__p008_mixed_damage,opencv_telea__canonical__canonical__p008_mixed_damage,canonical__p008_mixed_damage,canonical__p008_mixed_damage,canonical,p008,portrait_figure,Manuel Osorio Manrique de Zuñiga,Francisco de Goya y Lucientes,p008_mixed_damage,mixed_damage,opencv_telea,False,data/processed/clean/p008_clean.png,data/processed/masked/p008_mixed_damage_damaged.png,data/processed/masks/p008_mixed_damage_mask.png,data/processed/restored/opencv_telea/canonical/canonical__p008_mixed_damage_restored_opencv_telea.png,opencv_telea_canonical_canonical_p008_mixed_damage_difference_maps.png,outputs/figures/opencv_difference_maps/all_cases/canonical/opencv_telea_canonical_canonical_p008_mixed_damage_difference_maps.png,768,768,589824,434688,39423,550401,37062,39423,0.06683858235677083,6.683858235677083,101,0,667,768,93.0,4.0,675.0,768.0,5,both,127,53.55025408179659,-50.18621109504603,3.056830644487036,,11.804630279541016,44.96749496459961,255.0,0.9227718710899353,5.936778545379639,112.33333587646484,10.881856918334961,42.064666748046875,-0.6666717529296875,240.3333282470703,39423,162.80799865722656,41.69506072998047,-0.6666717529296875,240.3333282470703,39422,1,0,99.99746340968471,0.002536590315298176,0.0,550401,0.0,0.0,0.0,0.0,0,0,550401,0.0,0.0,100.0,37062,54.11418533325195,84.40343475341797,0.0,240.3333282470703,11207,0,25855,30.238519238033568,0.0,69.76148076196644,434688,14.76548957824707,48.410614013671875,-0.6666717529296875,240.3333282470703,39422,1,395265,9.069033421672557,0.00023005005889281506,90.93073652826855,176.61399841308594,33.845027923583984,13.805975914001465,18.69371795654297,55.724369049072266,86.4790267944336,1.610184669494629,5.828546524047852,0.0,0.0,0.0,0.0,False,False,False,False,0,improved,unchanged_or_undefined,0.0,255.0,-253.3333282470703,253.3333282470703,1774072,1774072,1.6918869018554688,2383,2335,RGBA,PNG,bd6e14fd22c1636617d3f6a556c39b6f08f06ecbf111c38d430318d6687aac1c,5.674841000000015,2.0.0,restoration_eval.error_maps,ok,,176.61399841308594,13.805975914001465,162.80799865722656,1,39422,0,0.002536590315298176,99.99746340968471
opencv_telea__canonical__canonical__p008_scratch_thin,opencv_telea__canonical__canonical__p008_scratch_thin,canonical__p008_scratch_thin,canonical__p008_scratch_thin,canonical,p008,portrait_figure,Manuel Osorio Manrique de Zuñiga,Francisco de Goya y Lucientes,p008_scratch_thin,scratch_thin,opencv_telea,False,data/processed/clean/p008_clean.png,data/processed/masked/p008_scratch_thin_damaged.png,data/processed/masks/p008_scratch_thin_mask.png,data/processed/restored/opencv_telea/canonical/canonical__p008_scratch_thin_restored_opencv_telea.png,opencv_telea_canonical_canonical_p008_scratch_thin_difference_maps.png,outputs/figures/opencv_difference_maps/all_cases/canonical/opencv_telea_canonical_canonical_p008_scratch_thin_difference_maps.png,768,768,589824,434688,10439,579385,43620,10439,0.017698499891493056,1.7698499891493056,101,0,667,768,93.0,0.0,675.0,768.0,5,both,127,82.02516205255932,-54.85927770859277,6.361642306695558,,3.3003616333007812,24.851125717163086,255.0,0.1197984367609024,2.0902011394500732,92.66666412353516,3.1805636882781982,23.95000648498535,0.0,255.0,10439,179.7080841064453,26.19644546508789,29.333335876464844,255.0,10439,0,0,100.0,0.0,0.0,579385,0.0,0.0,0.0,0.0,0,0,579385,0.0,0.0,100.0,43620,43.00716781616211,77.7389907836914,0.0,255.0,10439,0,33181,23.931682714351215,0.0,76.06831728564879,434688,4.315676212310791,27.81037712097168,0.0,255.0,10439,0,424249,2.401492564782097,0.0,97.59850743521791,186.47691345214844,27.132919311523438,6.768847465515137,14.207296371459961,44.62706756591797,80.66304779052734,1.6198991537094116,7.526368618011475,0.0,0.0,0.0,0.0,False,False,False,False,0,improved,unchanged_or_undefined,0.0,255.0,-253.3333282470703,253.3333282470703,1734354,1734354,1.6540088653564453,2383,2335,RGBA,PNG,f9fad772a865f1646fd86da3d3ce631cb5582a5b281d0958b0a37e8fe1b229d7,5.696409200027119,2.0.0,restoration_eval.error_maps,ok,,186.47691345214844,6.768847465515137,179.7080841064453,0,10439,0,0.0,100.0
opencv_telea__canonical__canonical__p008_zero_control,opencv_telea__canonical__canonical__p008_zero_control,canonical__p008_zero_control,canonical__p008_zero_control,canonical,p008,portrait_figure,Manuel Osorio Manrique de Zuñiga,Francisco de Goya y Lucientes,p008_zero_control,zero_control,opencv_telea,True,data/processed/clean/p008_clean.png,data/processed/masked/p008_zero_control_damaged.png,data/processed/masks/p008_zero_control_mask.png,data/processed/restored/opencv_telea/canonical/canonical__p008_zero_control_restored_opencv_telea.png,opencv_telea_canonical_canonical_p008_zero_control_difference_maps.png,outputs/figures/opencv_difference_maps/all_cases/canonical/opencv_telea_canonical_canonical_p008_zero_control_difference_maps.png,768,768,589824,434688,0,589824,0,0,0.0,0.0,101,0,667,768,,,,,5,both,127,,,,,0.0,0.0,0.0,0.0,0.0,0.0,0.0,0.0,0.0,0.0,0,,,,,0,0,0,,,,589824,0.0,0.0,0.0,0.0,0,0,589824,0.0,0.0,100.0,0,,,,,0,0,0,,,,434688,0.0,0.0,0.0,0.0,0,0,434688,0.0,0.0,100.0,,,,,,,,,0.0,0.0,0.0,0.0,False,False,False,False,0,unchanged_or_undefined,unchanged_or_undefined,0.0,255.0,-253.3333282470703,253.3333282470703,1494879,1494879,1.4256277084350586,2383,2335,RGBA,PNG,0d080670be9cc6460c3303b691a776f03f5a2dda168684ff97ab2113d029efa9,5.574154400033876,2.0.0,restoration_eval.error_maps,ok,,,,,0,0,0,,
opencv_telea__canonical__canonical__p009_loss_large,opencv_telea__canonical__canonical__p009_loss_large,canonical__p009_loss_large,canonical__p009_loss_large,canonical,p009,portrait_figure,Madame Roulin and Her Baby,Vincent van Gogh,p009_loss_large,loss_large,opencv_telea,False,data/processed/clean/p009_clean.png,data/processed/masked/p009_loss_large_damaged.png,data/processed/masks/p009_loss_large_mask.png,data/processed/restored/opencv_telea/canonical/canonical__p009_loss_large_restored_opencv_telea.png,opencv_telea_canonical_canonical_p009_loss_large_difference_maps.png,outputs/figures/opencv_difference_maps/all_cases/canonical/opencv_telea_canonical_canonical_p009_loss_large_difference_maps.png,768,768,589824,473856,54933,534891,12412,54933,0.09313456217447917,9.313456217447918,75,0,692,768,182.0,80.0,498.0,428.0,5,both,127,18.44581581198915,10.88941073671566,0.8337737377338534,,9.913281440734863,34.19474411010742,255.0,4.024220943450928,16.46039581298828,211.6666717529297,5.889060974121094,23.876813888549805,-122.66665649414062,216.66665649414062,54933,63.23174285888672,49.95401382446289,-122.66665649414062,216.66665649414062,49087,5793,53,89.35794513316222,10.545573698869532,0.09648116796825223,534891,0.0,0.0,0.0,0.0,0,0,534891,0.0,0.0,100.0,12412,46.35908889770508,55.79405975341797,-96.33332824707031,216.66665649414062,6057,51,6304,48.79954882371898,0.410892684498872,50.78955849178215,473856,7.330305576324463,26.43976402282715,-122.66665649414062,216.66665649414062,49087,5793,418976,10.359054227444625,1.2225232982171799,88.4184224743382,106.4404067993164,47.7530632019043,43.20867156982422,34.872074127197266,51.065956115722656,59.822471618652344,4.706869602203369,10.565362930297852,0.0,0.0,0.0,0.0,False,False,False,False,0,improved,unchanged_or_undefined,0.0,255.0,-253.3333282470703,253.3333282470703,2805331,2805331,2.6753721237182617,2383,2335,RGBA,PNG,16d7abab915f9dc55a43605595dfaa3ae603f852c3144d7d4ce5281d79cabe3b,5.65995760000078,2.0.0,restoration_eval.error_maps,ok,,106.4404067993164,43.20867156982422,63.23174285888672,5793,49087,53,10.545573698869532,89.35794513316222
opencv_telea__canonical__canonical__p009_loss_small,opencv_telea__canonical__canonical__p009_loss_small,canonical__p009_loss_small,canonical__p009_loss_small,canonical,p009,portrait_figure,Madame Roulin and Her Baby,Vincent van Gogh,p009_loss_small,loss_small,opencv_telea,False,data/processed/clean/p009_clean.png,data/processed/masked/p009_loss_small_damaged.png,data/processed/masks/p009_loss_small_mask.png,data/processed/restored/opencv_telea/canonical/canonical__p009_loss_small_restored_opencv_telea.png,opencv_telea_canonical_canonical_p009_loss_small_difference_maps.png,outputs/figures/opencv_difference_maps/all_cases/canonical/opencv_telea_canonical_canonical_p009_loss_small_difference_maps.png,768,768,589824,473856,18061,571763,13963,18061,0.030620998806423612,3.062099880642361,75,0,692,768,342.0,9.0,611.0,684.0,5,both,127,32.801506007419306,-0.4622113947178832,1.638507677900165,,3.791642904281616,22.947845458984375,250.0,0.6743492484092712,5.973090648651123,196.3333282470703,3.117293357849121,19.392396926879883,-80.33332824707031,229.0,18061,101.80248260498047,47.27460479736328,-80.33332824707031,229.0,17825,230,6,98.69331709207685,1.273462156026798,0.03322075189635125,571763,0.0,0.0,0.0,0.0,0,0,571763,0.0,0.0,100.0,13963,51.763038635253906,63.562015533447266,-49.666664123535156,229.0,6605,16,7342,47.30358805414309,0.11458855546802263,52.581823390388884,473856,3.880197286605835,21.56711769104004,-80.33332824707031,229.0,17825,230,455801,3.761691315505132,0.04853795245813074,96.18977073203673,123.82494354248047,48.31523513793945,22.022441864013672,26.362937927246094,58.124900817871094,69.83412170410156,6.361861705780029,14.561269760131836,0.0,0.0,0.0,0.0,False,False,False,False,0,improved,unchanged_or_undefined,0.0,255.0,-253.3333282470703,253.3333282470703,2703511,2703511,2.5782690048217773,2383,2335,RGBA,PNG,742530b8baf0d4183881a24ca30b969789d2b7198470d16538793b704108d734,5.635244300006889,2.0.0,restoration_eval.error_maps,ok,,123.82494354248047,22.022441864013672,101.80248260498047,230,17825,6,1.273462156026798,98.69331709207685
opencv_telea__canonical__canonical__p009_mixed_damage,opencv_telea__canonical__canonical__p009_mixed_damage,canonical__p009_mixed_damage,canonical__p009_mixed_damage,canonical,p009,portrait_figure,Madame Roulin and Her Baby,Vincent van Gogh,p009_mixed_damage,mixed_damage,opencv_telea,False,data/processed/clean/p009_clean.png,data/processed/masked/p009_mixed_damage_damaged.png,data/processed/masks/p009_mixed_damage_mask.png,data/processed/restored/opencv_telea/canonical/canonical__p009_mixed_damage_restored_opencv_telea.png,opencv_telea_canonical_canonical_p009_mixed_damage_difference_maps.png,outputs/figures/opencv_difference_maps/all_cases/canonical/opencv_telea_canonical_canonical_p009_mixed_damage_difference_maps.png,768,768,589824,473856,40422,549402,39853,40422,0.06853230794270833,6.853230794270833,75,0,692,768,67.0,62.0,700.0,768.0,5,both,127,29.080442993089576,-34.71673016344235,1.504058787597426,,10.236725807189941,39.6500244140625,255.0,1.4637869596481323,8.674667358398438,160.0,8.772939682006836,35.234256744384766,-79.0,239.66665649414062,40422,128.01174926757812,53.3936882019043,-79.0,239.66665649414062,39841,569,12,98.56266389589827,1.4076492998862007,0.029686804215526198,549402,0.0,0.0,0.0,0.0,0,0,549402,0.0,0.0,100.0,39853,54.44789505004883,74.83914184570312,-67.33332824707031,239.66665649414062,15213,78,24562,38.17278498481921,0.1957192683110431,61.631495746869746,473856,10.919965744018555,39.01065444946289,-79.0,239.66665649414062,39841,569,433446,8.407828538627768,0.12007867368989736,91.47209278768233,149.37083435058594,46.446929931640625,21.359079360961914,25.94369125366211,59.791439056396484,81.62702941894531,5.343545913696289,14.776281356811523,0.0,0.0,0.0,0.0,False,False,False,False,0,improved,unchanged_or_undefined,0.0,255.0,-253.3333282470703,253.3333282470703,2883236,2883236,2.7496681213378906,2383,2335,RGBA,PNG,2db9c6df16e15f8f595c90fd10391ba342c1203040270429aa7cf2ceca0885de,5.69876130000921,2.0.0,restoration_eval.error_maps,ok,,149.37083435058594,21.359079360961914,128.01174926757812,569,39841,12,1.4076492998862007,98.56266389589827
opencv_telea__canonical__canonical__p009_scratch_thin,opencv_telea__canonical__canonical__p009_scratch_thin,canonical__p009_scratch_thin,canonical__p009_scratch_thin,canonical,p009,portrait_figure,Madame Roulin and Her Baby,Vincent van Gogh,p009_scratch_thin,scratch_thin,opencv_telea,False,data/processed/clean/p009_clean.png,data/processed/masked/p009_scratch_thin_damaged.png,data/processed/masks/p009_scratch_thin_mask.png,data/processed/restored/opencv_telea/canonical/canonical__p009_scratch_thin_restored_opencv_telea.png,opencv_telea_canonical_canonical_p009_scratch_thin_difference_maps.png,outputs/figures/opencv_difference_maps/all_cases/canonical/opencv_telea_canonical_canonical_p009_scratch_thin_difference_maps.png,768,768,589824,473856,12074,577750,50325,12074,0.020470513237847224,2.0470513237847223,75,0,692,768,67.0,0.0,700.0,761.0,5,both,127,44.86210038098393,3.63422781734856,2.573955924172161,,2.555044412612915,19.413347244262695,255.0,0.2574480175971985,3.1322624683380127,154.3333282470703,2.2975969314575195,17.536487579345703,-98.0,252.6666717529297,12074,112.23932647705078,51.79964828491211,-98.0,252.6666717529297,12029,44,1,99.6272983269836,0.36441941361603447,0.008282259400364419,577750,0.0,0.0,0.0,0.0,0,0,577750,0.0,0.0,100.0,50325,26.928516387939453,54.2314453125,-98.0,252.6666717529297,12029,44,38252,23.902632886239445,0.08743169398907104,76.0099354197715,473856,2.8598930835723877,19.523893356323242,-98.0,252.6666717529297,12029,44,461783,2.538534913560238,0.009285521339816315,97.45217956509995,124.81586456298828,56.131011962890625,12.576528549194336,18.009628295898438,29.945880889892578,59.974002838134766,3.017367362976074,10.327677726745605,0.0,0.0,0.0,0.0,False,False,False,False,0,improved,unchanged_or_undefined,0.0,255.0,-253.3333282470703,253.3333282470703,2816769,2816769,2.6862802505493164,2383,2335,RGBA,PNG,504eddf76d1da5b8589aab67ff89e31b93f8b6abb9c62529dbdc86b5dd3a4085,5.674870699993335,2.0.0,restoration_eval.error_maps,ok,,124.81586456298828,12.576528549194336,112.23932647705078,44,12029,1,0.36441941361603447,99.6272983269836
opencv_telea__canonical__canonical__p009_zero_control,opencv_telea__canonical__canonical__p009_zero_control,canonical__p009_zero_control,canonical__p009_zero_control,canonical,p009,portrait_figure,Madame Roulin and Her Baby,Vincent van Gogh,p009_zero_control,zero_control,opencv_telea,True,data/processed/clean/p009_clean.png,data/processed/masked/p009_zero_control_damaged.png,data/processed/masks/p009_zero_control_mask.png,data/processed/restored/opencv_telea/canonical/canonical__p009_zero_control_restored_opencv_telea.png,opencv_telea_canonical_canonical_p009_zero_control_difference_maps.png,outputs/figures/opencv_difference_maps/all_cases/canonical/opencv_telea_canonical_canonical_p009_zero_control_difference_maps.png,768,768,589824,473856,0,589824,0,0,0.0,0.0,75,0,692,768,,,,,5,both,127,,,,,0.0,0.0,0.0,0.0,0.0,0.0,0.0,0.0,0.0,0.0,0,,,,,0,0,0,,,,589824,0.0,0.0,0.0,0.0,0,0,589824,0.0,0.0,100.0,0,,,,,0,0,0,,,,473856,0.0,0.0,0.0,0.0,0,0,473856,0.0,0.0,100.0,,,,,,,,,0.0,0.0,0.0,0.0,False,False,False,False,0,unchanged_or_undefined,unchanged_or_undefined,0.0,255.0,-253.3333282470703,253.3333282470703,2603141,2603141,2.482548713684082,2383,2335,RGBA,PNG,0bad616fa68d4e9d3bbb7e2d8acb0b24b70b91670f86cd14af70d6a4a37d8bb0,5.779108399990946,2.0.0,restoration_eval.error_maps,ok,,,,,0,0,0,,
opencv_telea__canonical__canonical__p010_loss_large,opencv_telea__canonical__canonical__p010_loss_large,canonical__p010_loss_large,canonical__p010_loss_large,canonical,p010,portrait_figure,Joan of Arc,Jules Bastien-Lepage,p010_loss_large,loss_large,opencv_telea,False,data/processed/clean/p010_clean.png,data/processed/masked/p010_loss_large_damaged.png,data/processed/masks/p010_loss_large_mask.png,data/processed/restored/opencv_telea/canonical/canonical__p010_loss_large_restored_opencv_telea.png,opencv_telea_canonical_canonical_p010_loss_large_difference_maps.png,outputs/figures/opencv_difference_maps/all_cases/canonical/opencv_telea_canonical_canonical_p010_loss_large_difference_maps.png,768,768,589824,533760,73017,516807,18205,73017,0.1237945556640625,12.37945556640625,0,36,768,731,26.0,165.0,752.0,516.0,5,both,127,33.13998110029172,-80.43954147664243,1.4505938222442405,,23.686914443969727,63.496116638183594,244.0,1.9565232992172241,6.817476272583008,107.33333587646484,21.730392456054688,58.58018112182617,-5.0,234.0,73017,175.53594970703125,26.870784759521484,-5.0,234.0,73015,2,0,99.99726091184245,0.0027390881575523507,0.0,516807,0.0,0.0,0.0,0.0,0,0,516807,0.0,0.0,100.0,18205,91.36328887939453,93.75325775146484,0.0,234.0,9006,0,9199,49.4699258445482,0.0,50.5300741554518,533760,24.01286506652832,61.13328552246094,-5.0,234.0,73015,2,460743,13.679369004796163,0.0003747002398081535,86.32025629496403,191.3405303955078,22.118141174316406,15.804596900939941,12.513253211975098,95.99749755859375,98.09888458251953,4.63420295715332,7.343191623687744,0.0,0.0,0.0,0.0,False,False,False,False,0,improved,unchanged_or_undefined,0.0,255.0,-253.3333282470703,253.3333282470703,2946527,2946527,2.8100271224975586,2383,2335,RGBA,PNG,c7171555b99d2dad24eebe0e1489141b7a7a19bd88b9133708db008f41c91015,6.351200299977791,2.0.0,restoration_eval.error_maps,ok,,191.3405303955078,15.804596900939941,175.53594970703125,2,73015,0,0.0027390881575523507,99.99726091184245
opencv_telea__canonical__canonical__p010_loss_small,opencv_telea__canonical__canonical__p010_loss_small,canonical__p010_loss_small,canonical__p010_loss_small,canonical,p010,portrait_figure,Joan of Arc,Jules Bastien-Lepage,p010_loss_small,loss_small,opencv_telea,False,data/processed/clean/p010_clean.png,data/processed/masked/p010_loss_small_damaged.png,data/processed/masks/p010_loss_small_mask.png,data/processed/restored/opencv_telea/canonical/canonical__p010_loss_small_restored_opencv_telea.png,opencv_telea_canonical_canonical_p010_loss_small_difference_maps.png,outputs/figures/opencv_difference_maps/all_cases/canonical/opencv_telea_canonical_canonical_p010_loss_small_difference_maps.png,768,768,589824,533760,19717,570107,17151,19717,0.03342861599392361,3.342861599392361,0,36,768,731,31.0,77.0,682.0,669.0,5,both,127,47.8399181755169,-92.8655305911988,2.243881287354768,,6.753572940826416,36.49631118774414,240.0,0.4364589750766754,3.2670247554779053,103.0,6.317114353179932,34.27528381347656,0.0,233.33334350585938,19717,188.9732666015625,25.02513313293457,12.333335876464844,233.33334350585938,19717,0,0,100.0,0.0,0.0,570107,0.0,0.0,0.0,0.0,0,0,570107,0.0,0.0,100.0,17151,88.12195587158203,97.13134765625,0.0,233.33334350585938,7870,0,9281,45.88653722814996,0.0,54.11346277185004,533760,6.980639457702637,35.96607208251953,0.0,233.33334350585938,19717,0,514043,3.6939823141486814,0.0,96.30601768585132,202.02969360351562,19.848289489746094,13.056448936462402,12.43055248260498,92.77851867675781,101.73072814941406,4.65656042098999,8.281769752502441,0.0,0.0,0.0,0.0,False,False,False,False,0,improved,unchanged_or_undefined,0.0,255.0,-253.3333282470703,253.3333282470703,2796089,2796089,2.666558265686035,2383,2335,RGBA,PNG,d7c1d6ecc4e08cc960f481bb2b44f3ddf15984bb93edd6fd14b5b6f9bf5d1274,5.783976299979258,2.0.0,restoration_eval.error_maps,ok,,202.02969360351562,13.056448936462402,188.9732666015625,0,19717,0,0.0,100.0
opencv_telea__canonical__canonical__p010_mixed_damage,opencv_telea__canonical__canonical__p010_mixed_damage,canonical__p010_mixed_damage,canonical__p010_mixed_damage,canonical,p010,portrait_figure,Joan of Arc,Jules Bastien-Lepage,p010_mixed_damage,mixed_damage,opencv_telea,False,data/processed/clean/p010_clean.png,data/processed/masked/p010_mixed_damage_damaged.png,data/processed/masks/p010_mixed_damage_mask.png,data/processed/restored/opencv_telea/canonical/canonical__p010_mixed_damage_restored_opencv_telea.png,opencv_telea_canonical_canonical_p010_mixed_damage_difference_maps.png,outputs/figures/opencv_difference_maps/all_cases/canonical/opencv_telea_canonical_canonical_p010_mixed_damage_difference_maps.png,768,768,589824,533760,43214,546610,49610,43214,0.07326592339409722,7.326592339409722,0,36,768,731,0.0,28.0,722.0,739.0,5,both,127,36.09495379583777,-61.61861125252618,1.736979514680101,,13.837060928344727,49.84546661376953,255.0,1.1184368133544922,5.601259708404541,123.33333587646484,12.718624114990234,46.30907440185547,-29.666671752929688,255.0,43214,173.5953369140625,36.64780044555664,-29.666671752929688,255.0,43210,4,0,99.99074374045448,0.009256259545517656,0.0,546610,0.0,0.0,0.0,0.0,0,0,546610,0.0,0.0,100.0,49610,66.10774230957031,92.20060729980469,0.0,255.0,17273,0,32337,34.81757710139085,0.0,65.18242289860915,533760,14.054533958435059,48.4871940612793,-29.666671752929688,255.0,43210,4,490546,8.095398681055157,0.000749400479616307,91.90385191846524,188.86077880859375,29.267074584960938,15.265446662902832,14.569214820861816,69.5406723022461,96.46141052246094,3.4329233169555664,7.756087779998779,0.0,0.0,0.0,0.0,False,False,False,False,0,improved,unchanged_or_undefined,0.0,255.0,-253.3333282470703,253.3333282470703,3051132,3051132,2.9097862243652344,2383,2335,RGBA,PNG,bf4c6051e9670a0214f73dc09c9d63839b7a82f7acaaa5d504af58fe0fae69dc,5.9541775999823585,2.0.0,restoration_eval.error_maps,ok,,188.86077880859375,15.265446662902832,173.5953369140625,4,43210,0,0.009256259545517656,99.99074374045448
opencv_telea__canonical__canonical__p010_scratch_thin,opencv_telea__canonical__canonical__p010_scratch_thin,canonical__p010_scratch_thin,canonical__p010_scratch_thin,canonical,p010,portrait_figure,Joan of Arc,Jules Bastien-Lepage,p010_scratch_thin,scratch_thin,opencv_telea,False,data/processed/clean/p010_clean.png,data/processed/masked/p010_scratch_thin_damaged.png,data/processed/masks/p010_scratch_thin_mask.png,data/processed/restored/opencv_telea/canonical/canonical__p010_scratch_thin_restored_opencv_telea.png,opencv_telea_canonical_canonical_p010_scratch_thin_difference_maps.png,outputs/figures/opencv_difference_maps/all_cases/canonical/opencv_telea_canonical_canonical_p010_scratch_thin_difference_maps.png,768,768,589824,533760,13544,576280,57634,13544,0.022962782118055556,2.296278211805556,0,36,768,731,0.0,28.0,768.0,739.0,5,both,127,35.434903524315814,-92.18249163221104,2.146867726129585,,4.738420486450195,31.341291427612305,255.0,0.21977518498897552,2.1674063205718994,93.0,4.518645763397217,29.95279884338379,0.0,255.0,13544,196.78128051757812,35.170047760009766,64.0,255.0,13544,0,0,100.0,0.0,0.0,576280,0.0,0.0,0.0,0.0,0,0,576280,0.0,0.0,100.0,57634,46.23485565185547,85.15090942382812,0.0,255.0,13542,0,44092,23.496547177013568,0.0,76.50345282298643,533760,4.993265628814697,31.44893455505371,0.0,255.0,13544,0,520216,2.5374700239808154,0.0,97.46252997601918,206.35220336914062,34.255455017089844,9.570929527282715,10.727416038513184,48.48395919799805,89.04720306396484,2.249100685119629,6.596307754516602,0.0,0.0,0.0,0.0,False,False,False,False,0,improved,unchanged_or_undefined,0.0,255.0,-253.3333282470703,253.3333282470703,2951187,2951187,2.8144712448120117,2383,2335,RGBA,PNG,11fc135f7117439114b9c9445ec63bfeeb20f5b884e628befea29fffcaa905b8,5.832976100035012,2.0.0,restoration_eval.error_maps,ok,,206.35220336914062,9.570929527282715,196.78128051757812,0,13544,0,0.0,100.0
opencv_telea__canonical__canonical__p010_zero_control,opencv_telea__canonical__canonical__p010_zero_control,canonical__p010_zero_control,canonical__p010_zero_control,canonical,p010,portrait_figure,Joan of Arc,Jules Bastien-Lepage,p010_zero_control,zero_control,opencv_telea,True,data/processed/clean/p010_clean.png,data/processed/masked/p010_zero_control_damaged.png,data/processed/masks/p010_zero_control_mask.png,data/processed/restored/opencv_telea/canonical/canonical__p010_zero_control_restored_opencv_telea.png,opencv_telea_canonical_canonical_p010_zero_control_difference_maps.png,outputs/figures/opencv_difference_maps/all_cases/canonical/opencv_telea_canonical_canonical_p010_zero_control_difference_maps.png,768,768,589824,533760,0,589824,0,0,0.0,0.0,0,36,768,731,,,,,5,both,127,,,,,0.0,0.0,0.0,0.0,0.0,0.0,0.0,0.0,0.0,0.0,0,,,,,0,0,0,,,,589824,0.0,0.0,0.0,0.0,0,0,589824,0.0,0.0,100.0,0,,,,,0,0,0,,,,533760,0.0,0.0,0.0,0.0,0,0,533760,0.0,0.0,100.0,,,,,,,,,0.0,0.0,0.0,0.0,False,False,False,False,0,unchanged_or_undefined,unchanged_or_undefined,0.0,255.0,-253.3333282470703,253.3333282470703,2654621,2654621,2.531643867492676,2383,2335,RGBA,PNG,5b2cafa1712d542d43dff0680d17340d28d2b9c9f9b608898e824b98cb729d63,5.81515630002832,2.0.0,restoration_eval.error_maps,ok,,,,,0,0,0,,
opencv_telea__canonical__canonical__p011_loss_large,opencv_telea__canonical__canonical__p011_loss_large,canonical__p011_loss_large,canonical__p011_loss_large,canonical,p011,landscape_natural,View of Haarlem and the Haarlemmer Meer,Jan van Goyen,p011_loss_large,loss_large,opencv_telea,False,data/processed/clean/p011_clean.png,data/processed/masked/p011_loss_large_damaged.png,data/processed/masks/p011_loss_large_mask.png,data/processed/restored/opencv_telea/canonical/canonical__p011_loss_large_restored_opencv_telea.png,opencv_telea_canonical_canonical_p011_loss_large_difference_maps.png,outputs/figures/opencv_difference_maps/all_cases/canonical/opencv_telea_canonical_canonical_p011_loss_large_difference_maps.png,768,768,589824,405504,42824,547000,9739,42824,0.0726047092013889,7.260470920138889,0,120,768,648,351.0,292.0,655.0,581.0,5,both,127,32.32045893268572,-39.8970826327916,1.873537076358602,,9.734347343444824,35.03800964355469,228.0,0.7460705637931824,3.955090045928955,88.0,8.988276481628418,32.486881256103516,0.0,191.6666717529297,42824,123.79743957519531,17.975849151611328,40.33333206176758,191.6666717529297,42824,0,0,100.0,0.0,0.0,547000,0.0,0.0,0.0,0.0,0,0,547000,0.0,0.0,100.0,9739,64.40746307373047,67.37738800048828,0.0,191.6666717529297,4741,0,4998,48.6805626861074,0.0,51.3194373138926,405504,13.073857307434082,38.49296951293945,0.0,191.6666717529297,42824,0,362680,10.560684974747476,0.0,89.43931502525253,134.07321166992188,15.438131332397461,10.275788307189941,10.840909004211426,66.98963165283203,70.00870513916016,2.5821609497070312,5.364303112030029,0.0,0.0,0.0,0.0,False,False,False,False,0,improved,unchanged_or_undefined,0.0,255.0,-253.3333282470703,253.3333282470703,1887286,1887286,1.799856185913086,2383,2335,RGBA,PNG,cf64eaeca59324bec90559435cf8092ce556bcf14571bba706a98f5b62c5da2c,5.766548000043258,2.0.0,restoration_eval.error_maps,ok,,134.07321166992188,10.275788307189941,123.79743957519531,0,42824,0,0.0,100.0
opencv_telea__canonical__canonical__p011_loss_small,opencv_telea__canonical__canonical__p011_loss_small,canonical__p011_loss_small,canonical__p011_loss_small,canonical,p011,landscape_natural,View of Haarlem and the Haarlemmer Meer,Jan van Goyen,p011_loss_small,loss_small,opencv_telea,False,data/processed/clean/p011_clean.png,data/processed/masked/p011_loss_small_damaged.png,data/processed/masks/p011_loss_small_mask.png,data/processed/restored/opencv_telea/canonical/canonical__p011_loss_small_restored_opencv_telea.png,opencv_telea_canonical_canonical_p011_loss_small_difference_maps.png,outputs/figures/opencv_difference_maps/all_cases/canonical/opencv_telea_canonical_canonical_p011_loss_small_difference_maps.png,768,768,589824,405504,19318,570506,16010,19318,0.032752143012152776,3.2752143012152777,0,120,768,648,116.0,138.0,672.0,597.0,5,both,127,53.17693342996169,-25.11057045242778,3.709628304381901,,4.509931564331055,24.6438045501709,221.3333282470703,0.2205980271100998,1.9678478240966797,99.0,4.289333820343018,23.509428024291992,0.0,206.0,19318,130.9634552001953,16.892120361328125,11.666664123535156,206.0,19318,0,0,100.0,0.0,0.0,570506,0.0,0.0,0.0,0.0,0,0,570506,0.0,0.0,100.0,16010,61.780845642089844,67.71168518066406,0.0,206.0,7382,0,8628,46.10868207370393,0.0,53.89131792629607,405504,6.239030838012695,28.138107299804688,0.0,206.0,19318,0,386186,4.76394807449495,0.0,95.23605192550505,137.69882202148438,14.24309253692627,6.735376834869385,8.622916221618652,63.91667556762695,69.83934020996094,2.1358320713043213,5.144428730010986,0.0,0.0,0.0,0.0,False,False,False,False,0,improved,unchanged_or_undefined,0.0,255.0,-253.3333282470703,253.3333282470703,1853440,1853440,1.767578125,2383,2335,RGBA,PNG,9370379e4447008998dc5163f46f32e415e57c79315cd2e50b925f61925e1dec,5.942118499951903,2.0.0,restoration_eval.error_maps,ok,,137.69882202148438,6.735376834869385,130.9634552001953,0,19318,0,0.0,100.0
opencv_telea__canonical__canonical__p011_mixed_damage,opencv_telea__canonical__canonical__p011_mixed_damage,canonical__p011_mixed_damage,canonical__p011_mixed_damage,canonical,p011,landscape_natural,View of Haarlem and the Haarlemmer Meer,Jan van Goyen,p011_mixed_damage,mixed_damage,opencv_telea,False,data/processed/clean/p011_clean.png,data/processed/masked/p011_mixed_damage_damaged.png,data/processed/masks/p011_mixed_damage_mask.png,data/processed/restored/opencv_telea/canonical/canonical__p011_mixed_damage_restored_opencv_telea.png,opencv_telea_canonical_canonical_p011_mixed_damage_difference_maps.png,outputs/figures/opencv_difference_maps/all_cases/canonical/opencv_telea_canonical_canonical_p011_mixed_damage_difference_maps.png,768,768,589824,405504,36991,552833,35589,36991,0.06271531846788195,6.271531846788195,0,120,768,648,0.0,134.0,768.0,648.0,5,both,127,57.61134690420192,-15.850594288700847,3.8446715115386105,,9.253679275512695,36.36354064941406,255.0,0.44462865591049194,2.923769950866699,108.0,8.80904769897461,34.600284576416016,0.0,255.0,36991,140.46087646484375,24.437118530273438,21.666664123535156,255.0,36991,0,0,100.0,0.0,0.0,552833,0.0,0.0,0.0,0.0,0,0,552833,0.0,0.0,100.0,35589,50.94457244873047,68.30219268798828,0.0,255.0,13171,0,22418,37.008626260923315,0.0,62.991373739076685,405504,12.813165664672852,41.110172271728516,0.0,255.0,36991,0,368513,9.122228140782829,0.0,90.87777185921718,147.55052185058594,26.04796600341797,7.089634895324707,9.444292068481445,52.617340087890625,70.56526184082031,1.6727639436721802,4.443370819091797,0.0,0.0,0.0,0.0,False,False,False,False,0,improved,unchanged_or_undefined,0.0,255.0,-253.3333282470703,253.3333282470703,2014100,2014100,1.9207954406738281,2383,2335,RGBA,PNG,c81a36728461c91389708569f09db059e03cc5c789ecdfac1b5b109281d08a9d,5.815138300007675,2.0.0,restoration_eval.error_maps,ok,,147.55052185058594,7.089634895324707,140.46087646484375,0,36991,0,0.0,100.0
opencv_telea__canonical__canonical__p011_scratch_thin,opencv_telea__canonical__canonical__p011_scratch_thin,canonical__p011_scratch_thin,canonical__p011_scratch_thin,canonical,p011,landscape_natural,View of Haarlem and the Haarlemmer Meer,Jan van Goyen,p011_scratch_thin,scratch_thin,opencv_telea,False,data/processed/clean/p011_clean.png,data/processed/masked/p011_scratch_thin_damaged.png,data/processed/masks/p011_scratch_thin_mask.png,data/processed/restored/opencv_telea/canonical/canonical__p011_scratch_thin_restored_opencv_telea.png,opencv_telea_canonical_canonical_p011_scratch_thin_difference_maps.png,outputs/figures/opencv_difference_maps/all_cases/canonical/opencv_telea_canonical_canonical_p011_scratch_thin_difference_maps.png,768,768,589824,405504,7275,582549,26632,7275,0.012334187825520834,1.2334187825520835,0,120,768,648,0.0,112.0,768.0,656.0,5,both,127,58.83986254295533,-13.08820160366554,5.824282991371753,,1.735180377960205,16.03814697265625,255.0,0.0640953928232193,1.3148760795593262,113.33333587646484,1.6710848808288574,15.35682201385498,0.0,254.0,7275,135.48397827148438,31.474931716918945,63.999996185302734,254.0,7275,0,0,100.0,0.0,0.0,582549,0.0,0.0,0.0,0.0,0,0,582549,0.0,0.0,100.0,26632,37.00983428955078,62.57101058959961,0.0,254.0,7275,0,19357,27.316761790327426,0.0,72.68323820967257,405504,2.430669069290161,18.47110939025879,0.0,254.0,7275,0,398229,1.794063683712121,0.0,98.20593631628788,140.68055725097656,36.15911102294922,5.196563720703125,10.653644561767578,38.42937088012695,65.47220611572266,1.4195328950881958,6.030438423156738,0.0,0.0,0.0,0.0,False,False,False,False,0,improved,unchanged_or_undefined,0.0,255.0,-253.3333282470703,253.3333282470703,1880299,1880299,1.7931928634643555,2383,2335,RGBA,PNG,71bf5e8ec27c67fc713abeedd7a93fe48860500b06ca37df8f839999ff6fb109,5.859973800019361,2.0.0,restoration_eval.error_maps,ok,,140.68055725097656,5.196563720703125,135.48397827148438,0,7275,0,0.0,100.0
opencv_telea__canonical__canonical__p011_zero_control,opencv_telea__canonical__canonical__p011_zero_control,canonical__p011_zero_control,canonical__p011_zero_control,canonical,p011,landscape_natural,View of Haarlem and the Haarlemmer Meer,Jan van Goyen,p011_zero_control,zero_control,opencv_telea,True,data/processed/clean/p011_clean.png,data/processed/masked/p011_zero_control_damaged.png,data/processed/masks/p011_zero_control_mask.png,data/processed/restored/opencv_telea/canonical/canonical__p011_zero_control_restored_opencv_telea.png,opencv_telea_canonical_canonical_p011_zero_control_difference_maps.png,outputs/figures/opencv_difference_maps/all_cases/canonical/opencv_telea_canonical_canonical_p011_zero_control_difference_maps.png,768,768,589824,405504,0,589824,0,0,0.0,0.0,0,120,768,648,,,,,5,both,127,,,,,0.0,0.0,0.0,0.0,0.0,0.0,0.0,0.0,0.0,0.0,0,,,,,0,0,0,,,,589824,0.0,0.0,0.0,0.0,0,0,589824,0.0,0.0,100.0,0,,,,,0,0,0,,,,405504,0.0,0.0,0.0,0.0,0,0,405504,0.0,0.0,100.0,,,,,,,,,0.0,0.0,0.0,0.0,False,False,False,False,0,unchanged_or_undefined,unchanged_or_undefined,0.0,255.0,-253.3333282470703,253.3333282470703,1741225,1741225,1.6605615615844727,2383,2335,RGBA,PNG,631cc22696d9ca9cbaf98b4e4b5e9a60ee348942517de73a55d4038b22cbddbc,5.685479800042231,2.0.0,restoration_eval.error_maps,ok,,,,,0,0,0,,
opencv_telea__canonical__canonical__p012_loss_large,opencv_telea__canonical__canonical__p012_loss_large,canonical__p012_loss_large,canonical__p012_loss_large,canonical,p012,landscape_natural,An Extensive Wooded Landscape,Philips Koninck,p012_loss_large,loss_large,opencv_telea,False,data/processed/clean/p012_clean.png,data/processed/masked/p012_loss_large_damaged.png,data/processed/masks/p012_loss_large_mask.png,data/processed/restored/opencv_telea/canonical/canonical__p012_loss_large_restored_opencv_telea.png,opencv_telea_canonical_canonical_p012_loss_large_difference_maps.png,outputs/figures/opencv_difference_maps/all_cases/canonical/opencv_telea_canonical_canonical_p012_loss_large_difference_maps.png,768,768,589824,436992,46029,543795,10294,46029,0.07803853352864583,7.803853352864583,0,99,768,668,58.0,336.0,380.0,637.0,5,both,127,28.15861015157111,-86.17745334463056,1.254885625181991,,14.35438060760498,50.50152587890625,236.6666717529297,1.8021093606948853,9.013872146606445,117.66666412353516,12.55226993560791,44.78160858154297,0.0,228.66665649414062,46029,160.8470916748047,42.94965362548828,7.6666717529296875,228.66665649414062,46029,0,0,100.0,0.0,0.0,543795,0.0,0.0,0.0,0.0,0,0,543795,0.0,0.0,100.0,10294,78.57166290283203,88.57524871826172,0.0,228.66665649414062,5078,0,5216,49.32970662521857,0.0,50.67029337478143,436992,16.9422550201416,51.30667495727539,0.0,228.66665649414062,46029,0,390963,10.533144771528999,0.0,89.466855228471,183.9396514892578,38.573184967041016,23.09255599975586,23.441415786743164,82.31059265136719,92.04513549804688,3.7389419078826904,6.9778594970703125,0.0,0.0,0.0,0.0,False,False,False,False,0,improved,unchanged_or_undefined,0.0,255.0,-253.3333282470703,253.3333282470703,2099307,2099307,2.0020551681518555,2383,2335,RGBA,PNG,c6fb90865804534196fc1e15bf126be26d2391362ffb921d233a2c9a83581e6e,5.818505799979903,2.0.0,restoration_eval.error_maps,ok,,183.9396514892578,23.09255599975586,160.8470916748047,0,46029,0,0.0,100.0
opencv_telea__canonical__canonical__p012_loss_small,opencv_telea__canonical__canonical__p012_loss_small,canonical__p012_loss_small,canonical__p012_loss_small,canonical,p012,landscape_natural,An Extensive Wooded Landscape,Philips Koninck,p012_loss_small,loss_small,opencv_telea,False,data/processed/clean/p012_clean.png,data/processed/masked/p012_loss_small_damaged.png,data/processed/masks/p012_loss_small_mask.png,data/processed/restored/opencv_telea/canonical/canonical__p012_loss_small_restored_opencv_telea.png,opencv_telea_canonical_canonical_p012_loss_small_difference_maps.png,outputs/figures/opencv_difference_maps/all_cases/canonical/opencv_telea_canonical_canonical_p012_loss_small_difference_maps.png,768,768,589824,436992,22276,567548,16424,22276,0.03776719835069445,3.7767198350694446,0,99,768,668,72.0,104.0,720.0,639.0,5,both,127,41.77088944753695,-18.37925719758185,2.2073208816445984,,5.511012554168701,29.184911727905273,235.3333282470703,0.46450579166412354,3.4528567790985107,85.66666412353516,5.046505928039551,27.05083656311035,-5.999996185302734,224.6666717529297,22276,133.62139892578125,46.84933853149414,-5.999996185302734,224.6666717529297,22273,3,0,99.98653259112946,0.013467408870533309,0.0,567548,0.0,0.0,0.0,0.0,0,0,567548,0.0,0.0,100.0,16424,67.31352996826172,77.73678588867188,0.0,224.6666717529297,7717,0,8707,46.98611787627861,0.0,53.01388212372138,436992,6.811452865600586,31.235307693481445,-5.999996185302734,224.6666717529297,22273,3,414716,5.096889645577036,0.0006865114235500878,94.90242384299941,145.92059326171875,45.43378829956055,12.299186706542969,13.04299545288086,70.1788101196289,80.60504913330078,2.865278482437134,5.369215488433838,0.0,0.0,0.0,0.0,False,False,False,False,0,improved,unchanged_or_undefined,0.0,255.0,-253.3333282470703,253.3333282470703,2061616,2061616,1.9661102294921875,2383,2335,RGBA,PNG,3ce915ed45b206c5aeda4d3f551c327f14b89aeba532f4d090422ea6b00f0892,5.829127499950118,2.0.0,restoration_eval.error_maps,ok,,145.92059326171875,12.299186706542969,133.62139892578125,3,22273,0,0.013467408870533309,99.98653259112946
opencv_telea__canonical__canonical__p012_mixed_damage,opencv_telea__canonical__canonical__p012_mixed_damage,canonical__p012_mixed_damage,canonical__p012_mixed_damage,canonical,p012,landscape_natural,An Extensive Wooded Landscape,Philips Koninck,p012_mixed_damage,mixed_damage,opencv_telea,False,data/processed/clean/p012_clean.png,data/processed/masked/p012_mixed_damage_damaged.png,data/processed/masks/p012_mixed_damage_mask.png,data/processed/restored/opencv_telea/canonical/canonical__p012_mixed_damage_restored_opencv_telea.png,opencv_telea_canonical_canonical_p012_mixed_damage_difference_maps.png,outputs/figures/opencv_difference_maps/all_cases/canonical/opencv_telea_canonical_canonical_p012_mixed_damage_difference_maps.png,768,768,589824,436992,41283,548541,44319,41283,0.0699920654296875,6.99920654296875,0,99,768,668,0.0,91.0,768.0,676.0,5,both,127,45.844802945522375,6.467448263611345,2.389274375627576,,9.085238456726074,35.5113525390625,255.0,0.8674592971801758,5.248856544494629,186.6666717529297,8.217779159545898,33.054683685302734,-131.33334350585938,253.6666717529297,41283,117.41014099121094,52.82258224487305,-131.33334350585938,253.6666717529297,40419,856,8,97.90712884238064,2.0734927209747354,0.019378436644623694,548541,0.0,0.0,0.0,0.0,0,0,548541,0.0,0.0,100.0,44319,46.03738784790039,68.88246154785156,-131.33334350585938,253.6666717529297,15569,48,28702,35.12940273923148,0.10830569281797874,64.76229156795054,436992,11.091835021972656,37.9849967956543,-131.33334350585938,253.6666717529297,40419,856,395717,9.249368409490334,0.19588459285295842,90.55474699765671,129.8038330078125,48.45001220703125,12.393680572509766,15.835746765136719,48.3395881652832,71.73957824707031,2.3022029399871826,7.770414352416992,0.0,0.0,0.0,0.0,False,False,False,False,0,improved,unchanged_or_undefined,0.0,255.0,-253.3333282470703,253.3333282470703,2254077,2254077,2.149655342102051,2383,2335,RGBA,PNG,fba41236a55edbb87533bc3952a0da76d533638222393b254e4daa683b5ca64a,5.865878000040539,2.0.0,restoration_eval.error_maps,ok,,129.8038330078125,12.393680572509766,117.41014099121094,856,40419,8,2.0734927209747354,97.90712884238064
opencv_telea__canonical__canonical__p012_scratch_thin,opencv_telea__canonical__canonical__p012_scratch_thin,canonical__p012_scratch_thin,canonical__p012_scratch_thin,canonical,p012,landscape_natural,An Extensive Wooded Landscape,Philips Koninck,p012_scratch_thin,scratch_thin,opencv_telea,False,data/processed/clean/p012_clean.png,data/processed/masked/p012_scratch_thin_damaged.png,data/processed/masks/p012_scratch_thin_mask.png,data/processed/restored/opencv_telea/canonical/canonical__p012_scratch_thin_restored_opencv_telea.png,opencv_telea_canonical_canonical_p012_scratch_thin_difference_maps.png,outputs/figures/opencv_difference_maps/all_cases/canonical/opencv_telea_canonical_canonical_p012_scratch_thin_difference_maps.png,768,768,589824,436992,9579,580245,38539,9579,0.016240437825520832,1.6240437825520833,0,99,768,668,55.0,91.0,768.0,676.0,5,both,127,65.2466854577722,-35.318091658837034,4.369907766840306,,2.5285842418670654,20.922719955444336,255.0,0.20871704816818237,4.03303337097168,180.6666717529297,2.3198673725128174,19.276763916015625,-163.33334350585938,236.6666717529297,9579,142.84512329101562,52.985130310058594,-163.33334350585938,236.6666717529297,9504,74,1,99.217037269026,0.7725232278943522,0.010439503079653408,580245,0.0,0.0,0.0,0.0,0,0,580245,0.0,0.0,100.0,38539,35.504638671875,67.148193359375,-163.33334350585938,236.6666717529297,9504,74,28961,24.660733283167698,0.19201328524351954,75.14725343158878,436992,3.1312096118927,22.338600158691406,-163.33334350585938,236.6666717529297,9504,74,427414,2.1748681898066784,0.016933948447568833,97.80819786174575,155.69680786132812,55.74176025390625,12.851690292358398,28.966371536254883,38.698970794677734,72.8010025024414,3.194331407546997,15.472481727600098,0.0,0.0,0.0,0.0,False,False,False,False,0,improved,unchanged_or_undefined,0.0,255.0,-253.3333282470703,253.3333282470703,2132257,2132257,2.0334787368774414,2383,2335,RGBA,PNG,4d0b0e1efcf25eb007bbc69b98b7cd3c85ff3eeb7f2b8d2c28e8be87b5bc6c7b,6.4283279000082985,2.0.0,restoration_eval.error_maps,ok,,155.69680786132812,12.851690292358398,142.84512329101562,74,9504,1,0.7725232278943522,99.217037269026
opencv_telea__canonical__canonical__p012_zero_control,opencv_telea__canonical__canonical__p012_zero_control,canonical__p012_zero_control,canonical__p012_zero_control,canonical,p012,landscape_natural,An Extensive Wooded Landscape,Philips Koninck,p012_zero_control,zero_control,opencv_telea,True,data/processed/clean/p012_clean.png,data/processed/masked/p012_zero_control_damaged.png,data/processed/masks/p012_zero_control_mask.png,data/processed/restored/opencv_telea/canonical/canonical__p012_zero_control_restored_opencv_telea.png,opencv_telea_canonical_canonical_p012_zero_control_difference_maps.png,outputs/figures/opencv_difference_maps/all_cases/canonical/opencv_telea_canonical_canonical_p012_zero_control_difference_maps.png,768,768,589824,436992,0,589824,0,0,0.0,0.0,0,99,768,668,,,,,5,both,127,,,,,0.0,0.0,0.0,0.0,0.0,0.0,0.0,0.0,0.0,0.0,0,,,,,0,0,0,,,,589824,0.0,0.0,0.0,0.0,0,0,589824,0.0,0.0,100.0,0,,,,,0,0,0,,,,436992,0.0,0.0,0.0,0.0,0,0,436992,0.0,0.0,100.0,,,,,,,,,0.0,0.0,0.0,0.0,False,False,False,False,0,unchanged_or_undefined,unchanged_or_undefined,0.0,255.0,-253.3333282470703,253.3333282470703,1925393,1925393,1.836197853088379,2383,2335,RGBA,PNG,ed8b592bd1389bdf74276767ebad78bd2570a381bc4cf560b45082d59de0697a,5.753183799970429,2.0.0,restoration_eval.error_maps,ok,,,,,0,0,0,,
opencv_telea__canonical__canonical__p013_loss_large,opencv_telea__canonical__canonical__p013_loss_large,canonical__p013_loss_large,canonical__p013_loss_large,canonical,p013,landscape_natural,Landscape with a Village in the Distance,Jacob van Ruisdael,p013_loss_large,loss_large,opencv_telea,False,data/processed/clean/p013_clean.png,data/processed/masked/p013_loss_large_damaged.png,data/processed/masks/p013_loss_large_mask.png,data/processed/restored/opencv_telea/canonical/canonical__p013_loss_large_restored_opencv_telea.png,opencv_telea_canonical_canonical_p013_loss_large_difference_maps.png,outputs/figures/opencv_difference_maps/all_cases/canonical/opencv_telea_canonical_canonical_p013_loss_large_difference_maps.png,768,768,589824,410112,48212,541612,10324,48212,0.08173963758680555,8.173963758680555,0,117,768,651,127.0,154.0,435.0,450.0,5,both,127,23.925772283525543,-2.110843773334452,1.1381544973909,,11.307676315307617,40.018714904785156,244.3333282470703,1.6974053382873535,8.426316261291504,135.3333282470703,9.610270500183105,35.29804229736328,-53.33332824707031,239.6666717529297,48212,117.57174682617188,50.49458312988281,-53.33332824707031,239.6666717529297,47671,530,11,98.87787272878121,1.0993113747614702,0.022815896457313533,541612,0.0,0.0,0.0,0.0,0,0,541612,0.0,0.0,100.0,10324,69.80960083007812,76.62244415283203,-30.0,239.6666717529297,5063,4,5257,49.041069352963966,0.03874467260751647,50.92018597442851,410112,13.821512222290039,41.63798904418945,-53.33332824707031,239.6666717529297,47671,530,361911,11.623897862047441,0.1292329900124844,88.24686914794007,138.33775329589844,44.939937591552734,20.76599884033203,21.740903854370117,74.1594009399414,81.0763168334961,4.349799633026123,10.234736442565918,0.0,0.0,0.0,0.0,False,False,False,False,0,improved,unchanged_or_undefined,0.0,255.0,-253.3333282470703,253.3333282470703,2192598,2192598,2.091024398803711,2383,2335,RGBA,PNG,95273b039ccd5f9529b760831f0ee36f8697928af25cfddf5a7a253b24ce8259,5.668224100023508,2.0.0,restoration_eval.error_maps,ok,,138.33775329589844,20.76599884033203,117.57174682617188,530,47671,11,1.0993113747614702,98.87787272878121
opencv_telea__canonical__canonical__p013_loss_small,opencv_telea__canonical__canonical__p013_loss_small,canonical__p013_loss_small,canonical__p013_loss_small,canonical,p013,landscape_natural,Landscape with a Village in the Distance,Jacob van Ruisdael,p013_loss_small,loss_small,opencv_telea,False,data/processed/clean/p013_clean.png,data/processed/masked/p013_loss_small_damaged.png,data/processed/masks/p013_loss_small_mask.png,data/processed/restored/opencv_telea/canonical/canonical__p013_loss_small_restored_opencv_telea.png,opencv_telea_canonical_canonical_p013_loss_small_difference_maps.png,outputs/figures/opencv_difference_maps/all_cases/canonical/opencv_telea_canonical_canonical_p013_loss_small_difference_maps.png,768,768,589824,410112,18639,571185,16045,18639,0.0316009521484375,3.16009521484375,0,117,768,651,8.0,174.0,744.0,510.0,5,both,127,42.96010157912621,-49.63080995046228,2.5203114108368574,,5.008357048034668,28.92667007446289,240.6666717529297,0.3350287675857544,3.1293015480041504,135.0,4.673327922821045,27.126436233520508,-52.0,236.0,18639,147.88568115234375,45.89580535888672,-52.0,236.0,18632,7,0,99.96244433714256,0.037555662857449434,0.0,571185,0.0,0.0,0.0,0.0,0,0,571185,0.0,0.0,100.0,16045,72.2517318725586,84.05561065673828,0.0,236.0,7463,0,8582,46.512932377687754,0.0,53.487067622312246,410112,6.72119140625,32.319156646728516,-52.0,236.0,18632,7,391473,4.543149188514358,0.001706850811485643,95.45514396067416,158.48753356933594,46.41319274902344,10.601856231689453,14.17862319946289,75.81499481201172,87.8829116821289,3.563270092010498,8.519078254699707,0.0,0.0,0.0,0.0,False,False,False,False,0,improved,unchanged_or_undefined,0.0,255.0,-253.3333282470703,253.3333282470703,2141903,2141903,2.042677879333496,2383,2335,RGBA,PNG,1e6cba5baddccef12d84374e14381e0ae7a36e708ad538cffd28f8e2862279c4,5.581941000011284,2.0.0,restoration_eval.error_maps,ok,,158.48753356933594,10.601856231689453,147.88568115234375,7,18632,0,0.037555662857449434,99.96244433714256
opencv_telea__canonical__canonical__p013_mixed_damage,opencv_telea__canonical__canonical__p013_mixed_damage,canonical__p013_mixed_damage,canonical__p013_mixed_damage,canonical,p013,landscape_natural,Landscape with a Village in the Distance,Jacob van Ruisdael,p013_mixed_damage,mixed_damage,opencv_telea,False,data/processed/clean/p013_clean.png,data/processed/masked/p013_mixed_damage_damaged.png,data/processed/masks/p013_mixed_damage_mask.png,data/processed/restored/opencv_telea/canonical/canonical__p013_mixed_damage_restored_opencv_telea.png,opencv_telea_canonical_canonical_p013_mixed_damage_difference_maps.png,outputs/figures/opencv_difference_maps/all_cases/canonical/opencv_telea_canonical_canonical_p013_mixed_damage_difference_maps.png,768,768,589824,410112,35229,554595,41158,35229,0.059727986653645836,5.972798665364584,0,117,768,651,0.0,109.0,768.0,659.0,5,both,127,31.61690652587356,-95.785706851363,1.6452667393242564,,11.472944259643555,46.8564453125,255.0,0.9185992479324341,5.534223556518555,136.0,10.554347038269043,43.36525344848633,-62.666664123535156,254.3333282470703,35229,176.70687866210938,46.09632873535156,-62.666664123535156,254.3333282470703,35212,16,1,99.95174430156973,0.04541712793437225,0.0028385704958982655,554595,0.0,0.0,0.0,0.0,0,0,554595,0.0,0.0,100.0,41158,59.18744659423828,89.77605438232422,-24.0,254.3333282470703,13224,4,27930,32.12984110015064,0.009718645220856213,67.8604402546285,410112,15.179283142089844,51.3264274597168,-62.666664123535156,254.3333282470703,35212,16,374884,8.585947253433208,0.0039013732833957553,91.4101513732834,192.08660888671875,45.44567108154297,15.379715919494629,17.04047203063965,62.51996612548828,94.212890625,3.3325154781341553,8.776458740234375,0.0,0.0,0.0,0.0,False,False,False,False,0,improved,unchanged_or_undefined,0.0,255.0,-253.3333282470703,253.3333282470703,2291665,2291665,2.185502052307129,2383,2335,RGBA,PNG,850dca5b7b1345186d5f36f615c88b6e9355179316d6e748282ed8b7f5edc1cb,5.73202360002324,2.0.0,restoration_eval.error_maps,ok,,192.08660888671875,15.379715919494629,176.70687866210938,16,35212,1,0.04541712793437225,99.95174430156973
opencv_telea__canonical__canonical__p013_scratch_thin,opencv_telea__canonical__canonical__p013_scratch_thin,canonical__p013_scratch_thin,canonical__p013_scratch_thin,canonical,p013,landscape_natural,Landscape with a Village in the Distance,Jacob van Ruisdael,p013_scratch_thin,scratch_thin,opencv_telea,False,data/processed/clean/p013_clean.png,data/processed/masked/p013_scratch_thin_damaged.png,data/processed/masks/p013_scratch_thin_mask.png,data/processed/restored/opencv_telea/canonical/canonical__p013_scratch_thin_restored_opencv_telea.png,opencv_telea_canonical_canonical_p013_scratch_thin_difference_maps.png,outputs/figures/opencv_difference_maps/all_cases/canonical/opencv_telea_canonical_canonical_p013_scratch_thin_difference_maps.png,768,768,589824,410112,8069,581755,38908,8069,0.013680352105034722,1.368035210503472,0,117,768,651,0.0,109.0,768.0,659.0,5,both,127,54.037096707563926,-99.20981534266949,3.729462463409487,,2.7902565002441406,24.31899642944336,255.0,0.10256674885749817,1.428402304649353,82.0,2.687689781188965,23.442960739135742,0.0,255.0,8069,196.4635009765625,45.85330581665039,20.0,255.0,8069,0,0,100.0,0.0,0.0,581755,0.0,0.0,0.0,0.0,0,0,581755,0.0,0.0,100.0,38908,40.7439079284668,82.34476470947266,0.0,255.0,8069,0,30839,20.73866557006271,0.0,79.26133442993729,410112,3.86544132232666,28.032907485961914,0.0,255.0,8069,0,402043,1.9675113139825218,0.0,98.03248868601749,203.9608612060547,46.90349197387695,7.497376441955566,9.679965019226074,42.29876708984375,85.40694427490234,1.5548559427261353,5.354647636413574,0.0,0.0,0.0,0.0,False,False,False,False,0,improved,unchanged_or_undefined,0.0,255.0,-253.3333282470703,253.3333282470703,2218630,2218630,2.1158504486083984,2383,2335,RGBA,PNG,3f54163ed59a6e0f83964877708c030d429d0fd55e89968a682dfd3b5c24abd1,5.644653499999549,2.0.0,restoration_eval.error_maps,ok,,203.9608612060547,7.497376441955566,196.4635009765625,0,8069,0,0.0,100.0
opencv_telea__canonical__canonical__p013_zero_control,opencv_telea__canonical__canonical__p013_zero_control,canonical__p013_zero_control,canonical__p013_zero_control,canonical,p013,landscape_natural,Landscape with a Village in the Distance,Jacob van Ruisdael,p013_zero_control,zero_control,opencv_telea,True,data/processed/clean/p013_clean.png,data/processed/masked/p013_zero_control_damaged.png,data/processed/masks/p013_zero_control_mask.png,data/processed/restored/opencv_telea/canonical/canonical__p013_zero_control_restored_opencv_telea.png,opencv_telea_canonical_canonical_p013_zero_control_difference_maps.png,outputs/figures/opencv_difference_maps/all_cases/canonical/opencv_telea_canonical_canonical_p013_zero_control_difference_maps.png,768,768,589824,410112,0,589824,0,0,0.0,0.0,0,117,768,651,,,,,5,both,127,,,,,0.0,0.0,0.0,0.0,0.0,0.0,0.0,0.0,0.0,0.0,0,,,,,0,0,0,,,,589824,0.0,0.0,0.0,0.0,0,0,589824,0.0,0.0,100.0,0,,,,,0,0,0,,,,410112,0.0,0.0,0.0,0.0,0,0,410112,0.0,0.0,100.0,,,,,,,,,0.0,0.0,0.0,0.0,False,False,False,False,0,unchanged_or_undefined,unchanged_or_undefined,0.0,255.0,-253.3333282470703,253.3333282470703,2021771,2021771,1.9281110763549805,2383,2335,RGBA,PNG,ed4c1bda2b58f54ce3f58c4a08d7cad5288fc598c02852a9807e4a4e2263a606,5.566113399981987,2.0.0,restoration_eval.error_maps,ok,,,,,0,0,0,,
opencv_telea__canonical__canonical__p014_loss_large,opencv_telea__canonical__canonical__p014_loss_large,canonical__p014_loss_large,canonical__p014_loss_large,canonical,p014,landscape_natural,Landscape on a River,Charles-François Daubigny,p014_loss_large,loss_large,opencv_telea,False,data/processed/clean/p014_clean.png,data/processed/masked/p014_loss_large_damaged.png,data/processed/masks/p014_loss_large_mask.png,data/processed/restored/opencv_telea/canonical/canonical__p014_loss_large_restored_opencv_telea.png,opencv_telea_canonical_canonical_p014_loss_large_difference_maps.png,outputs/figures/opencv_difference_maps/all_cases/canonical/opencv_telea_canonical_canonical_p014_loss_large_difference_maps.png,768,768,589824,334080,48567,541257,9503,48567,0.08234151204427083,8.234151204427082,0,166,768,601,36.0,317.0,352.0,603.0,5,both,127,36.83560167740784,-86.72337183684394,1.6999479741509838,,14.477057456970215,49.50785827636719,255.0,2.2955803871154785,12.005966186523438,133.0,12.181475639343262,41.92851638793945,-30.666664123535156,255.0,48567,147.93844604492188,35.58694839477539,-30.666664123535156,255.0,48565,2,0,99.99588197747443,0.004118022525583215,0.0,541257,0.0,0.0,0.0,0.0,0,0,541257,0.0,0.0,100.0,9503,79.58554077148438,86.09300231933594,0.0,255.0,4680,0,4823,49.247606019151846,0.0,50.752393980848154,334080,21.506603240966797,53.8816032409668,-30.666664123535156,255.0,48565,2,285513,14.536937260536398,0.0005986590038314177,85.46246408045977,175.81719970703125,37.41999435424805,27.87877082824707,32.207542419433594,82.6149673461914,88.88401794433594,3.0294294357299805,7.166524410247803,0.0,0.0,0.0,0.0,False,False,False,False,0,improved,unchanged_or_undefined,0.0,255.0,-253.3333282470703,253.3333282470703,1605102,1605102,1.5307445526123047,2383,2335,RGBA,PNG,5a0dbcd35c76998d1e9611fc55d059485ecd41c7403c3817f9adefcd5cc582e6,5.49923909996869,2.0.0,restoration_eval.error_maps,ok,,175.81719970703125,27.87877082824707,147.93844604492188,2,48565,0,0.004118022525583215,99.99588197747443
opencv_telea__canonical__canonical__p014_loss_small,opencv_telea__canonical__canonical__p014_loss_small,canonical__p014_loss_small,canonical__p014_loss_small,canonical,p014,landscape_natural,Landscape on a River,Charles-François Daubigny,p014_loss_small,loss_small,opencv_telea,False,data/processed/clean/p014_clean.png,data/processed/masked/p014_loss_small_damaged.png,data/processed/masks/p014_loss_small_mask.png,data/processed/restored/opencv_telea/canonical/canonical__p014_loss_small_restored_opencv_telea.png,opencv_telea_canonical_canonical_p014_loss_small_difference_maps.png,outputs/figures/opencv_difference_maps/all_cases/canonical/opencv_telea_canonical_canonical_p014_loss_small_difference_maps.png,768,768,589824,334080,16029,573795,13346,16029,0.0271759033203125,2.71759033203125,0,166,768,601,96.0,260.0,681.0,555.0,5,both,127,65.8948988292054,-39.17574396406512,3.8610530320548655,,4.240571975708008,26.123624801635742,226.3333282470703,0.21688787639141083,2.136425733566284,88.0,4.023684024810791,24.905685424804688,0.0,222.3333282470703,16029,148.0607147216797,38.715328216552734,25.0,222.3333282470703,16029,0,0,100.0,0.0,0.0,573795,0.0,0.0,0.0,0.0,0,0,573795,0.0,0.0,100.0,13346,70.30001831054688,79.76626586914062,0.0,222.3333282470703,6225,0,7121,46.64318897047804,0.0,53.35681102952196,334080,7.103883266448975,32.76059341430664,0.0,222.3333282470703,16029,0,318051,4.797952586206897,0.0,95.2020474137931,156.04161071777344,37.74637222290039,7.980888843536377,10.295193672180176,72.9792709350586,82.45556640625,2.6792545318603516,5.020902156829834,0.0,0.0,0.0,0.0,False,False,False,False,0,improved,unchanged_or_undefined,0.0,255.0,-253.3333282470703,253.3333282470703,1555062,1555062,1.483022689819336,2383,2335,RGBA,PNG,9a28d24e7229cccd50621a539db398c6a556b3109c4f5cb6420341c2aa59e2f8,5.471695500018541,2.0.0,restoration_eval.error_maps,ok,,156.04161071777344,7.980888843536377,148.0607147216797,0,16029,0,0.0,100.0
opencv_telea__canonical__canonical__p014_mixed_damage,opencv_telea__canonical__canonical__p014_mixed_damage,canonical__p014_mixed_damage,canonical__p014_mixed_damage,canonical,p014,landscape_natural,Landscape on a River,Charles-François Daubigny,p014_mixed_damage,mixed_damage,opencv_telea,False,data/processed/clean/p014_clean.png,data/processed/masked/p014_mixed_damage_damaged.png,data/processed/masks/p014_mixed_damage_mask.png,data/processed/restored/opencv_telea/canonical/canonical__p014_mixed_damage_restored_opencv_telea.png,opencv_telea_canonical_canonical_p014_mixed_damage_difference_maps.png,outputs/figures/opencv_difference_maps/all_cases/canonical/opencv_telea_canonical_canonical_p014_mixed_damage_difference_maps.png,768,768,589824,334080,41872,547952,37593,41872,0.07099066840277778,7.099066840277778,0,166,768,601,0.0,158.0,768.0,609.0,5,both,127,33.236586103681056,-58.50529391160363,1.825042797902011,,11.567994117736816,44.15723419189453,255.0,1.1992131471633911,7.560351848602295,138.6666717529297,10.368779182434082,40.18209457397461,-26.666671752929688,255.0,41872,146.05836486816406,54.085662841796875,-26.666671752929688,255.0,41814,57,1,99.86148261367978,0.1361291555215896,0.002388230798624379,547952,0.0,0.0,0.0,0.0,0,0,547952,0.0,0.0,100.0,37593,57.48729705810547,83.94670104980469,0.0,255.0,13249,0,24344,35.24326337350038,0.0,64.75673662649962,334080,18.30626106262207,52.01251220703125,-26.666671752929688,255.0,41814,57,292209,12.516163793103448,0.0170617816091954,87.46677442528735,162.95091247558594,52.90065383911133,16.892545700073242,23.239212036132812,60.46435546875,88.42210388183594,2.9770522117614746,9.143977165222168,0.0,0.0,0.0,0.0,False,False,False,False,0,improved,unchanged_or_undefined,0.0,255.0,-253.3333282470703,253.3333282470703,1720929,1720929,1.6412057876586914,2383,2335,RGBA,PNG,61ba34ef381110fef3bdfa389a0d29116de7b7b7bad26651f27e869206f7dd89,5.508821800001897,2.0.0,restoration_eval.error_maps,ok,,162.95091247558594,16.892545700073242,146.05836486816406,57,41814,1,0.1361291555215896,99.86148261367978
opencv_telea__canonical__canonical__p014_scratch_thin,opencv_telea__canonical__canonical__p014_scratch_thin,canonical__p014_scratch_thin,canonical__p014_scratch_thin,canonical,p014,landscape_natural,Landscape on a River,Charles-François Daubigny,p014_scratch_thin,scratch_thin,opencv_telea,False,data/processed/clean/p014_clean.png,data/processed/masked/p014_scratch_thin_damaged.png,data/processed/masks/p014_scratch_thin_mask.png,data/processed/restored/opencv_telea/canonical/canonical__p014_scratch_thin_restored_opencv_telea.png,opencv_telea_canonical_canonical_p014_scratch_thin_difference_maps.png,outputs/figures/opencv_difference_maps/all_cases/canonical/opencv_telea_canonical_canonical_p014_scratch_thin_difference_maps.png,768,768,589824,334080,9807,580017,44536,9807,0.016626993815104168,1.6626993815104167,0,166,768,601,0.0,158.0,768.0,609.0,5,both,127,36.75853981849699,-69.29013289826995,2.775353466941066,,3.0830330848693848,24.706844329833984,255.0,0.18228881061077118,2.786104917526245,98.0,2.9007434844970703,23.171674728393555,0.0,255.0,9807,174.45989990234375,48.60317611694336,80.0,255.0,9807,0,0,100.0,0.0,0.0,580017,0.0,0.0,0.0,0.0,0,0,580017,0.0,0.0,100.0,44536,38.41036605834961,75.80302429199219,0.0,255.0,9805,0,34731,22.015897251661578,0.0,77.98410274833843,334080,5.121313571929932,30.603609085083008,0.0,255.0,9807,0,324273,2.9355244252873565,0.0,97.06447557471265,185.42333984375,53.8790283203125,10.96342658996582,18.672340393066406,40.82421112060547,80.88648986816406,2.4138450622558594,9.869841575622559,0.0,0.0,0.0,0.0,False,False,False,False,0,improved,unchanged_or_undefined,0.0,255.0,-253.3333282470703,253.3333282470703,1669042,1669042,1.5917224884033203,2383,2335,RGBA,PNG,1115d1da02020d3fc0eda48c68d41b4f7a1da18fe92ccdd16bb3424b8efac57c,5.496570100018289,2.0.0,restoration_eval.error_maps,ok,,185.42333984375,10.96342658996582,174.45989990234375,0,9807,0,0.0,100.0
opencv_telea__canonical__canonical__p014_zero_control,opencv_telea__canonical__canonical__p014_zero_control,canonical__p014_zero_control,canonical__p014_zero_control,canonical,p014,landscape_natural,Landscape on a River,Charles-François Daubigny,p014_zero_control,zero_control,opencv_telea,True,data/processed/clean/p014_clean.png,data/processed/masked/p014_zero_control_damaged.png,data/processed/masks/p014_zero_control_mask.png,data/processed/restored/opencv_telea/canonical/canonical__p014_zero_control_restored_opencv_telea.png,opencv_telea_canonical_canonical_p014_zero_control_difference_maps.png,outputs/figures/opencv_difference_maps/all_cases/canonical/opencv_telea_canonical_canonical_p014_zero_control_difference_maps.png,768,768,589824,334080,0,589824,0,0,0.0,0.0,0,166,768,601,,,,,5,both,127,,,,,0.0,0.0,0.0,0.0,0.0,0.0,0.0,0.0,0.0,0.0,0,,,,,0,0,0,,,,589824,0.0,0.0,0.0,0.0,0,0,589824,0.0,0.0,100.0,0,,,,,0,0,0,,,,334080,0.0,0.0,0.0,0.0,0,0,334080,0.0,0.0,100.0,,,,,,,,,0.0,0.0,0.0,0.0,False,False,False,False,0,unchanged_or_undefined,unchanged_or_undefined,0.0,255.0,-253.3333282470703,253.3333282470703,1453564,1453564,1.3862266540527344,2383,2335,RGBA,PNG,9c23be8056a339e0287a4e34cdb3712d836897da5bfa02f624244ae93b49a723,5.44415629998548,2.0.0,restoration_eval.error_maps,ok,,,,,0,0,0,,
opencv_telea__canonical__canonical__p015_loss_large,opencv_telea__canonical__canonical__p015_loss_large,canonical__p015_loss_large,canonical__p015_loss_large,canonical,p015,landscape_natural,Landscape,Henri-Joseph Harpignies,p015_loss_large,loss_large,opencv_telea,False,data/processed/clean/p015_clean.png,data/processed/masked/p015_loss_large_damaged.png,data/processed/masks/p015_loss_large_mask.png,data/processed/restored/opencv_telea/canonical/canonical__p015_loss_large_restored_opencv_telea.png,opencv_telea_canonical_canonical_p015_loss_large_difference_maps.png,outputs/figures/opencv_difference_maps/all_cases/canonical/opencv_telea_canonical_canonical_p015_loss_large_difference_maps.png,768,768,589824,423936,63227,526597,13047,63227,0.1071963840060764,10.71963840060764,108,0,660,768,211.0,17.0,603.0,330.0,5,both,127,22.460040805352136,5.731986862152752,1.0615194098292058,,11.954705238342285,35.59505844116211,208.6666717529297,2.100412607192993,8.42547607421875,137.6666717529297,9.854292869567871,29.833633422851562,-70.0,170.33334350585938,63227,91.92747497558594,27.534950256347656,-70.0,170.33334350585938,62849,377,1,99.40215414300853,0.5962642541952015,0.0015816027962737437,526597,0.0,0.0,0.0,0.0,0,0,526597,0.0,0.0,100.0,13047,45.4257926940918,49.84737014770508,-14.0,170.33334350585938,6403,3,6641,49.07641603433739,0.022993791676247415,50.90059017398636,423936,13.710319519042969,34.43048095703125,-70.0,170.33334350585938,62849,377,360710,14.825115111714975,0.0889285175120773,85.08595637077295,111.52153778076172,26.751937866210938,19.59406280517578,17.873409271240234,50.702049255371094,54.799556732177734,5.2762579917907715,10.647578239440918,0.0,0.0,0.0,0.0,False,False,False,False,0,improved,unchanged_or_undefined,0.0,255.0,-253.3333282470703,253.3333282470703,2439806,2439806,2.326780319213867,2383,2335,RGBA,PNG,b0faf6e7a8dfb263e06fdb57fcf7690b08e79abb88bb3403faad3212952b3e9c,5.52502880000975,2.0.0,restoration_eval.error_maps,ok,,111.52153778076172,19.59406280517578,91.92747497558594,377,62849,1,0.5962642541952015,99.40215414300853
opencv_telea__canonical__canonical__p015_loss_small,opencv_telea__canonical__canonical__p015_loss_small,canonical__p015_loss_small,canonical__p015_loss_small,canonical,p015,landscape_natural,Landscape,Henri-Joseph Harpignies,p015_loss_small,loss_small,opencv_telea,False,data/processed/clean/p015_clean.png,data/processed/masked/p015_loss_small_damaged.png,data/processed/masks/p015_loss_small_mask.png,data/processed/restored/opencv_telea/canonical/canonical__p015_loss_small_restored_opencv_telea.png,opencv_telea_canonical_canonical_p015_loss_small_difference_maps.png,outputs/figures/opencv_difference_maps/all_cases/canonical/opencv_telea_canonical_canonical_p015_loss_small_difference_maps.png,768,768,589824,423936,21482,568342,17321,21482,0.03642103407118055,3.6421034071180554,108,0,660,768,136.0,58.0,610.0,728.0,5,both,127,31.6960866461844,-8.835707413958971,1.5562207359726583,,4.695065975189209,24.790735244750977,211.3333282470703,0.5749629735946655,4.333014965057373,135.6666717529297,4.120103359222412,22.109277725219727,-92.66667175292969,187.0,21482,113.12425231933594,33.020538330078125,-92.66667175292969,187.0,21312,169,1,99.20863979145331,0.7867051484964156,0.004655060050274649,568342,0.0,0.0,0.0,0.0,0,0,568342,0.0,0.0,100.0,17321,54.2036247253418,62.125431060791016,-47.000003814697266,187.0,8063,49,9209,46.55043011373478,0.28289359736735753,53.166676288897875,423936,5.732316970825195,25.9008846282959,-92.66667175292969,187.0,21312,169,402455,5.0271739130434785,0.039864507850241544,94.93296157910628,128.91082763671875,29.35267448425293,15.786565780639648,16.5939884185791,60.245384216308594,67.47727966308594,6.041760444641113,12.470951080322266,0.0,0.0,0.0,0.0,False,False,False,False,0,improved,unchanged_or_undefined,0.0,255.0,-253.3333282470703,253.3333282470703,2371644,2371644,2.2617759704589844,2383,2335,RGBA,PNG,4ae1d1af12d86dc95d4d7a0c041e2c658f709f27dcf04e2a32dd4513a1ecc889,5.50420770002529,2.0.0,restoration_eval.error_maps,ok,,128.91082763671875,15.786565780639648,113.12425231933594,169,21312,1,0.7867051484964156,99.20863979145331
opencv_telea__canonical__canonical__p015_mixed_damage,opencv_telea__canonical__canonical__p015_mixed_damage,canonical__p015_mixed_damage,canonical__p015_mixed_damage,canonical,p015,landscape_natural,Landscape,Henri-Joseph Harpignies,p015_mixed_damage,mixed_damage,opencv_telea,False,data/processed/clean/p015_clean.png,data/processed/masked/p015_mixed_damage_damaged.png,data/processed/masks/p015_mixed_damage_mask.png,data/processed/restored/opencv_telea/canonical/canonical__p015_mixed_damage_restored_opencv_telea.png,opencv_telea_canonical_canonical_p015_mixed_damage_difference_maps.png,outputs/figures/opencv_difference_maps/all_cases/canonical/opencv_telea_canonical_canonical_p015_mixed_damage_difference_maps.png,768,768,589824,423936,40213,549611,42768,40213,0.06817796495225695,6.817796495225695,108,0,660,768,100.0,0.0,668.0,744.0,5,both,127,21.47972048839928,34.74629265826144,1.0269373993748123,,7.5588555335998535,29.546857833862305,199.6666717529297,1.3972808122634888,7.311039447784424,110.66666412353516,6.161574840545654,26.055757522583008,-71.66666412353516,190.3333282470703,40213,90.37488555908203,48.44617462158203,-71.66666412353516,190.3333282470703,38279,1920,14,95.19061000174072,4.7745753860691815,0.03481461219008778,549611,0.0,0.0,0.0,0.0,0,0,549611,0.0,0.0,100.0,42768,36.66604232788086,57.941551208496094,-71.66666412353516,190.3333282470703,14138,896,27734,33.057426112981666,2.0950243172465393,64.84754956977179,423936,8.572627067565918,30.39557456970215,-71.66666412353516,190.3333282470703,38279,1920,383737,9.02942897041063,0.4528985507246377,90.51767247886472,110.86949157714844,36.755584716796875,20.494606018066406,19.814245223999023,41.40766525268555,61.496864318847656,4.741621017456055,11.803767204284668,0.0,0.0,0.0,0.0,False,False,False,False,0,improved,unchanged_or_undefined,0.0,255.0,-253.3333282470703,253.3333282470703,2526095,2526095,2.409071922302246,2383,2335,RGBA,PNG,610155502130455a49394815355ad70762932bc5dbc5de57e53cf5ff1376c118,5.545681499992497,2.0.0,restoration_eval.error_maps,ok,,110.86949157714844,20.494606018066406,90.37488555908203,1920,38279,14,4.7745753860691815,95.19061000174072
opencv_telea__canonical__canonical__p015_scratch_thin,opencv_telea__canonical__canonical__p015_scratch_thin,canonical__p015_scratch_thin,canonical__p015_scratch_thin,canonical,p015,landscape_natural,Landscape,Henri-Joseph Harpignies,p015_scratch_thin,scratch_thin,opencv_telea,False,data/processed/clean/p015_clean.png,data/processed/masked/p015_scratch_thin_damaged.png,data/processed/masks/p015_scratch_thin_mask.png,data/processed/restored/opencv_telea/canonical/canonical__p015_scratch_thin_restored_opencv_telea.png,opencv_telea_canonical_canonical_p015_scratch_thin_difference_maps.png,outputs/figures/opencv_difference_maps/all_cases/canonical/opencv_telea_canonical_canonical_p015_scratch_thin_difference_maps.png,768,768,589824,423936,8459,581365,33633,8459,0.014341566297743056,1.4341566297743056,108,0,660,768,100.0,0.0,668.0,596.0,5,both,127,52.933995350120185,31.288095519564948,2.949227196107266,,1.5751649141311646,13.93323040008545,211.3333282470703,0.15457265079021454,2.112877368927002,122.33333587646484,1.420591950416565,12.907965660095215,-77.33333587646484,190.6666717529297,8459,99.05418395996094,44.1208381652832,-77.33333587646484,190.6666717529297,8180,279,0,96.7017377940655,3.2982622059345075,0.0,581365,0.0,0.0,0.0,0.0,0,0,581365,0.0,0.0,100.0,33633,24.913013458251953,48.339210510253906,-77.33333587646484,190.6666717529297,8180,279,25174,24.32135105402432,0.8295424137008296,74.84910653227485,423936,1.9764759540557861,15.189275741577148,-77.33333587646484,190.6666717529297,8180,279,415477,1.9295365338164252,0.06581182065217392,98.00465164553141,109.8321304321289,40.57613754272461,10.777949333190918,14.027912139892578,27.623764038085938,51.816932678222656,2.7107503414154053,8.447525024414062,0.0,0.0,0.0,0.0,False,False,False,False,0,improved,unchanged_or_undefined,0.0,255.0,-253.3333282470703,253.3333282470703,2388255,2388255,2.2776174545288086,2383,2335,RGBA,PNG,1299aaac96c333c189b7887e30fb20c125d31442c7df4e6a68f5766a43adb334,5.498205200012308,2.0.0,restoration_eval.error_maps,ok,,109.8321304321289,10.777949333190918,99.05418395996094,279,8180,0,3.2982622059345075,96.7017377940655
opencv_telea__canonical__canonical__p015_zero_control,opencv_telea__canonical__canonical__p015_zero_control,canonical__p015_zero_control,canonical__p015_zero_control,canonical,p015,landscape_natural,Landscape,Henri-Joseph Harpignies,p015_zero_control,zero_control,opencv_telea,True,data/processed/clean/p015_clean.png,data/processed/masked/p015_zero_control_damaged.png,data/processed/masks/p015_zero_control_mask.png,data/processed/restored/opencv_telea/canonical/canonical__p015_zero_control_restored_opencv_telea.png,opencv_telea_canonical_canonical_p015_zero_control_difference_maps.png,outputs/figures/opencv_difference_maps/all_cases/canonical/opencv_telea_canonical_canonical_p015_zero_control_difference_maps.png,768,768,589824,423936,0,589824,0,0,0.0,0.0,108,0,660,768,,,,,5,both,127,,,,,0.0,0.0,0.0,0.0,0.0,0.0,0.0,0.0,0.0,0.0,0,,,,,0,0,0,,,,589824,0.0,0.0,0.0,0.0,0,0,589824,0.0,0.0,100.0,0,,,,,0,0,0,,,,423936,0.0,0.0,0.0,0.0,0,0,423936,0.0,0.0,100.0,,,,,,,,,0.0,0.0,0.0,0.0,False,False,False,False,0,unchanged_or_undefined,unchanged_or_undefined,0.0,255.0,-253.3333282470703,253.3333282470703,2229034,2229034,2.125772476196289,2383,2335,RGBA,PNG,62ed4c197eb5b3af3e790fac4519ae125504869a73129e9da00c4cd082ac21df,6.062298500037286,2.0.0,restoration_eval.error_maps,ok,,,,,0,0,0,,
opencv_telea__canonical__canonical__p016_loss_large,opencv_telea__canonical__canonical__p016_loss_large,canonical__p016_loss_large,canonical__p016_loss_large,canonical,p016,landscape_natural,Wooded Landscape with a House beside a River,Thomas Gainsborough,p016_loss_large,loss_large,opencv_telea,False,data/processed/clean/p016_clean.png,data/processed/masked/p016_loss_large_damaged.png,data/processed/masks/p016_loss_large_mask.png,data/processed/restored/opencv_telea/canonical/canonical__p016_loss_large_restored_opencv_telea.png,opencv_telea_canonical_canonical_p016_loss_large_difference_maps.png,outputs/figures/opencv_difference_maps/all_cases/canonical/opencv_telea_canonical_canonical_p016_loss_large_difference_maps.png,768,768,589824,372480,44564,545260,9432,44564,0.07555474175347222,7.555474175347222,0,141,768,626,81.0,267.0,412.0,543.0,5,both,127,11.786853364449629,18.72999132334021,0.5076306923712721,,7.249678611755371,27.632131576538086,199.6666717529297,2.3670454025268555,10.991596221923828,143.3333282470703,4.882633686065674,21.19390869140625,-82.0,183.6666717529297,44564,64.623779296875,45.65543746948242,-82.0,183.6666717529297,40646,3860,58,91.20815007629477,8.661700026927564,0.13014989677766808,545260,0.0,0.0,0.0,0.0,0,0,545260,0.0,0.0,100.0,9432,43.5871467590332,52.80311584472656,-27.333332061767578,183.6666717529297,4604,35,4793,48.812553011026296,0.3710771840542833,50.816369804919425,372480,7.7316741943359375,26.253646850585938,-82.0,183.6666717529297,40646,3860,327974,10.912263745704468,1.0362972508591064,88.05143900343643,95.95265197753906,39.93025588989258,31.32888412475586,26.30021095275879,51.186988830566406,59.8383903503418,7.599837303161621,13.177481651306152,0.0,0.0,0.0,0.0,False,False,False,False,0,improved,unchanged_or_undefined,0.0,255.0,-253.3333282470703,253.3333282470703,2368609,2368609,2.2588815689086914,2383,2335,RGBA,PNG,ac24c24500006d300f24e1795abf30e8ba85212873535f56993ec114e3c165e9,5.374709499999881,2.0.0,restoration_eval.error_maps,ok,,95.95265197753906,31.32888412475586,64.623779296875,3860,40646,58,8.661700026927564,91.20815007629477
opencv_telea__canonical__canonical__p016_loss_small,opencv_telea__canonical__canonical__p016_loss_small,canonical__p016_loss_small,canonical__p016_loss_small,canonical,p016,landscape_natural,Wooded Landscape with a House beside a River,Thomas Gainsborough,p016_loss_small,loss_small,opencv_telea,False,data/processed/clean/p016_clean.png,data/processed/masked/p016_loss_small_damaged.png,data/processed/masks/p016_loss_small_mask.png,data/processed/restored/opencv_telea/canonical/canonical__p016_loss_small_restored_opencv_telea.png,opencv_telea_canonical_canonical_p016_loss_small_difference_maps.png,outputs/figures/opencv_difference_maps/all_cases/canonical/opencv_telea_canonical_canonical_p016_loss_small_difference_maps.png,768,768,589824,372480,12394,577430,8989,12394,0.021013047960069444,2.101304796006944,0,141,768,626,85.0,221.0,528.0,493.0,5,both,127,9.893980958528331,17.640309827335813,0.4309286554281755,,2.3405771255493164,16.80511474609375,199.6666717529297,0.51136714220047,4.4862165451049805,114.33333587646484,1.8292100429534912,13.872089385986328,-69.0,177.6666717529297,12394,87.05115509033203,41.70384216308594,-69.0,177.6666717529297,12053,329,12,97.24866871066645,2.654510246893658,0.09682104243989027,577430,0.0,0.0,0.0,0.0,0,0,577430,0.0,0.0,100.0,8989,45.86142349243164,55.694034576416016,-48.33333206176758,177.6666717529297,4204,68,4717,46.76827233285126,0.756480142396262,52.475247524752476,372480,2.8965635299682617,17.36749839782715,-69.0,177.6666717529297,12053,329,360098,3.235878436426117,0.08832689003436427,96.67579467353951,111.3868637084961,35.96542739868164,24.3356990814209,19.442508697509766,55.10060501098633,62.91691970825195,9.239182472229004,14.612081527709961,0.0,0.0,0.0,0.0,False,False,False,False,0,improved,unchanged_or_undefined,0.0,255.0,-253.3333282470703,253.3333282470703,2275995,2275995,2.170557975769043,2383,2335,RGBA,PNG,ac0a12057f23866ab917b0d3d654f27866444ab468407ba92d6b57f62d6b0b87,5.30857749999268,2.0.0,restoration_eval.error_maps,ok,,111.3868637084961,24.3356990814209,87.05115509033203,329,12053,12,2.654510246893658,97.24866871066645
opencv_telea__canonical__canonical__p016_mixed_damage,opencv_telea__canonical__canonical__p016_mixed_damage,canonical__p016_mixed_damage,canonical__p016_mixed_damage,canonical,p016,landscape_natural,Wooded Landscape with a House beside a River,Thomas Gainsborough,p016_mixed_damage,mixed_damage,opencv_telea,False,data/processed/clean/p016_clean.png,data/processed/masked/p016_mixed_damage_damaged.png,data/processed/masks/p016_mixed_damage_mask.png,data/processed/restored/opencv_telea/canonical/canonical__p016_mixed_damage_restored_opencv_telea.png,opencv_telea_canonical_canonical_p016_mixed_damage_difference_maps.png,outputs/figures/opencv_difference_maps/all_cases/canonical/opencv_telea_canonical_canonical_p016_mixed_damage_difference_maps.png,768,768,589824,372480,42648,547176,47974,42648,0.07230631510416667,7.230631510416667,0,141,768,626,20.0,133.0,768.0,634.0,5,both,127,22.431438754455076,8.219424123053841,1.056203702523188,,7.648338317871094,29.54911231994629,199.6666717529297,1.5786370038986206,8.20807933807373,136.3333282470703,6.069700241088867,24.178207397460938,-65.66667175292969,183.3333282470703,42648,83.94426727294922,39.3411750793457,-65.66667175292969,183.3333282470703,41722,921,5,97.82873757268806,2.1595385481148,0.011723879197148753,547176,0.0,0.0,0.0,0.0,0,0,547176,0.0,0.0,100.0,47974,26.92450523376465,47.16628646850586,-65.66667175292969,183.3333282470703,14981,676,32317,31.227331471213578,1.4090965939884104,67.36357193479802,372480,9.611404418945312,29.86057472229004,-65.66667175292969,183.3333282470703,41722,921,329837,11.201138316151203,0.2472615979381443,88.55160008591065,105.77690887451172,41.18220138549805,21.832630157470703,22.126182556152344,31.390487670898438,51.74742889404297,4.465981483459473,10.688467979431152,0.0,0.0,0.0,0.0,False,False,False,False,0,improved,unchanged_or_undefined,0.0,255.0,-253.3333282470703,253.3333282470703,2519812,2519812,2.4030799865722656,2383,2335,RGBA,PNG,25c742fdc590cf8f94a28bc5a989b0c4f7d93336835ed07e0a3a46a38e89f6bc,5.409715499961749,2.0.0,restoration_eval.error_maps,ok,,105.77690887451172,21.832630157470703,83.94426727294922,921,41722,5,2.1595385481148,97.82873757268806
opencv_telea__canonical__canonical__p016_scratch_thin,opencv_telea__canonical__canonical__p016_scratch_thin,canonical__p016_scratch_thin,canonical__p016_scratch_thin,canonical,p016,landscape_natural,Wooded Landscape with a House beside a River,Thomas Gainsborough,p016_scratch_thin,scratch_thin,opencv_telea,False,data/processed/clean/p016_clean.png,data/processed/masked/p016_scratch_thin_damaged.png,data/processed/masks/p016_scratch_thin_mask.png,data/processed/restored/opencv_telea/canonical/canonical__p016_scratch_thin_restored_opencv_telea.png,opencv_telea_canonical_canonical_p016_scratch_thin_difference_maps.png,outputs/figures/opencv_difference_maps/all_cases/canonical/opencv_telea_canonical_canonical_p016_scratch_thin_difference_maps.png,768,768,589824,372480,11050,578774,41778,11050,0.018734402126736112,1.8734402126736112,0,141,768,626,0.0,133.0,768.0,634.0,5,both,127,24.74745098039216,28.0232277526395,1.2073180667380932,,1.9949755668640137,15.843270301818848,200.6666717529297,0.31006309390068054,3.280491590499878,100.66666412353516,1.6849126815795898,14.444633483886719,-86.0,180.0,11050,89.93683624267578,56.56879806518555,-86.0,180.0,10107,940,3,91.4660633484163,8.506787330316742,0.027149321266968326,578774,0.0,0.0,0.0,0.0,0,0,578774,0.0,0.0,100.0,41778,23.78768539428711,49.19269561767578,-86.0,180.0,10107,940,30731,24.192158552348126,2.2499880319785537,73.55785341567332,372480,2.6680679321289062,18.10445213317871,-86.0,180.0,10107,940,361433,2.7134342783505154,0.25236254295532645,97.03420317869416,106.4873046875,47.65702819824219,16.550466537475586,17.482704162597656,28.16517448425293,52.97802734375,4.377487659454346,11.581369400024414,0.0,0.0,0.0,0.0,False,False,False,False,0,improved,unchanged_or_undefined,0.0,255.0,-253.3333282470703,253.3333282470703,2397334,2397334,2.286275863647461,2383,2335,RGBA,PNG,2ecc14d48e5faf2b8ca02753c4f070629dd18ccb8e7d41d725a588db336000d1,5.369325599982403,2.0.0,restoration_eval.error_maps,ok,,106.4873046875,16.550466537475586,89.93683624267578,940,10107,3,8.506787330316742,91.4660633484163
opencv_telea__canonical__canonical__p016_zero_control,opencv_telea__canonical__canonical__p016_zero_control,canonical__p016_zero_control,canonical__p016_zero_control,canonical,p016,landscape_natural,Wooded Landscape with a House beside a River,Thomas Gainsborough,p016_zero_control,zero_control,opencv_telea,True,data/processed/clean/p016_clean.png,data/processed/masked/p016_zero_control_damaged.png,data/processed/masks/p016_zero_control_mask.png,data/processed/restored/opencv_telea/canonical/canonical__p016_zero_control_restored_opencv_telea.png,opencv_telea_canonical_canonical_p016_zero_control_difference_maps.png,outputs/figures/opencv_difference_maps/all_cases/canonical/opencv_telea_canonical_canonical_p016_zero_control_difference_maps.png,768,768,589824,372480,0,589824,0,0,0.0,0.0,0,141,768,626,,,,,5,both,127,,,,,0.0,0.0,0.0,0.0,0.0,0.0,0.0,0.0,0.0,0.0,0,,,,,0,0,0,,,,589824,0.0,0.0,0.0,0.0,0,0,589824,0.0,0.0,100.0,0,,,,,0,0,0,,,,372480,0.0,0.0,0.0,0.0,0,0,372480,0.0,0.0,100.0,,,,,,,,,0.0,0.0,0.0,0.0,False,False,False,False,0,unchanged_or_undefined,unchanged_or_undefined,0.0,255.0,-253.3333282470703,253.3333282470703,2200709,2200709,2.098759651184082,2383,2335,RGBA,PNG,0023a3ccd341d1fffe9e308c1f9ebe6244749f92548e885593a3572e54edad71,5.281101899978239,2.0.0,restoration_eval.error_maps,ok,,,,,0,0,0,,
opencv_telea__canonical__canonical__p017_loss_large,opencv_telea__canonical__canonical__p017_loss_large,canonical__p017_loss_large,canonical__p017_loss_large,canonical,p017,landscape_natural,Picturesque Landscape,"Anonymous, British, 18th century",p017_loss_large,loss_large,opencv_telea,False,data/processed/clean/p017_clean.png,data/processed/masked/p017_loss_large_damaged.png,data/processed/masks/p017_loss_large_mask.png,data/processed/restored/opencv_telea/canonical/canonical__p017_loss_large_restored_opencv_telea.png,opencv_telea_canonical_canonical_p017_loss_large_difference_maps.png,outputs/figures/opencv_difference_maps/all_cases/canonical/opencv_telea_canonical_canonical_p017_loss_large_difference_maps.png,768,768,589824,434688,46260,543564,10046,46260,0.07843017578125,7.843017578125,101,0,667,768,288.0,278.0,607.0,607.0,5,both,127,4.805937454964692,25.830624009223243,0.2044793492548393,,7.470204830169678,27.588451385498047,190.0,2.5102078914642334,11.292116165161133,140.0,4.95999813079834,20.665666580200195,-87.0,174.33334350585938,46260,63.240943908691406,41.94617462158203,-87.0,174.33334350585938,42576,3646,38,92.03631647211414,7.881539126675313,0.08214440121054907,543564,0.0,0.0,0.0,0.0,0,0,543564,0.0,0.0,100.0,10046,38.26697540283203,49.007869720458984,-68.0,174.33334350585938,4816,126,5104,47.939478399362926,1.254230539518216,50.806291061118856,434688,6.7301740646362305,23.82379722595215,-87.0,174.33334350585938,42576,3646,388466,9.794611307420494,0.8387625147232038,89.3666261778563,95.24657440185547,36.661415100097656,32.00563430786133,26.110958099365234,46.69371032714844,54.23381042480469,8.426736831665039,15.04232406616211,0.0,0.0,0.0,0.0,False,False,False,False,0,improved,unchanged_or_undefined,0.0,255.0,-253.3333282470703,253.3333282470703,2640236,2640236,2.517925262451172,2383,2335,RGBA,PNG,048611e9f91c6b12717d4db471cb232daee7a166450fdd72b6070248f95820ae,5.458464300027117,2.0.0,restoration_eval.error_maps,ok,,95.24657440185547,32.00563430786133,63.240943908691406,3646,42576,38,7.881539126675313,92.03631647211414
opencv_telea__canonical__canonical__p017_loss_small,opencv_telea__canonical__canonical__p017_loss_small,canonical__p017_loss_small,canonical__p017_loss_small,canonical,p017,landscape_natural,Picturesque Landscape,"Anonymous, British, 18th century",p017_loss_small,loss_small,opencv_telea,False,data/processed/clean/p017_clean.png,data/processed/masked/p017_loss_small_damaged.png,data/processed/masks/p017_loss_small_mask.png,data/processed/restored/opencv_telea/canonical/canonical__p017_loss_small_restored_opencv_telea.png,opencv_telea_canonical_canonical_p017_loss_small_difference_maps.png,outputs/figures/opencv_difference_maps/all_cases/canonical/opencv_telea_canonical_canonical_p017_loss_small_difference_maps.png,768,768,589824,434688,19853,569971,15910,19853,0.03365919325086805,3.3659193250868054,101,0,667,768,142.0,31.0,638.0,722.0,5,both,127,13.372068033378667,7.4951056935139775,0.5896709119999528,,3.5677549839019775,20.249744415283203,191.0,0.7851250767707825,5.577335357666016,126.0,2.7826294898986816,16.495038986206055,-69.66667175292969,184.3333282470703,19853,82.67070770263672,38.45985794067383,-69.66667175292969,184.3333282470703,19375,470,8,97.59230343021206,2.367400392887725,0.04029617690021659,569971,0.0,0.0,0.0,0.0,0,0,569971,0.0,0.0,100.0,15910,40.020931243896484,51.015750885009766,-69.66667175292969,184.3333282470703,7231,91,8588,45.44940289126336,0.5719673161533626,53.97862979258328,434688,3.7757229804992676,19.116525650024414,-69.66667175292969,184.3333282470703,19375,470,414843,4.457219891048291,0.10812352767962309,95.43465658127208,105.99645233154297,36.40605163574219,23.325729370117188,19.959697723388672,47.29534912109375,56.90150833129883,7.274418830871582,13.033900260925293,0.0,0.0,0.0,0.0,False,False,False,False,0,improved,unchanged_or_undefined,0.0,255.0,-253.3333282470703,253.3333282470703,2578000,2578000,2.4585723876953125,2383,2335,RGBA,PNG,cfec2208c98f388cfa9611dcb064379e12325d2ac80e9403d97d3390f0a357b0,5.461058599990793,2.0.0,restoration_eval.error_maps,ok,,105.99645233154297,23.325729370117188,82.67070770263672,470,19375,8,2.367400392887725,97.59230343021206
opencv_telea__canonical__canonical__p017_mixed_damage,opencv_telea__canonical__canonical__p017_mixed_damage,canonical__p017_mixed_damage,canonical__p017_mixed_damage,canonical,p017,landscape_natural,Picturesque Landscape,"Anonymous, British, 18th century",p017_mixed_damage,mixed_damage,opencv_telea,False,data/processed/clean/p017_clean.png,data/processed/masked/p017_mixed_damage_damaged.png,data/processed/masks/p017_mixed_damage_mask.png,data/processed/restored/opencv_telea/canonical/canonical__p017_mixed_damage_restored_opencv_telea.png,opencv_telea_canonical_canonical_p017_mixed_damage_difference_maps.png,outputs/figures/opencv_difference_maps/all_cases/canonical/opencv_telea_canonical_canonical_p017_mixed_damage_difference_maps.png,768,768,589824,434688,45115,544709,38160,45115,0.0764889187282986,7.648891872829861,101,0,667,768,93.0,25.0,675.0,676.0,5,both,127,21.451719679337984,29.284000147770517,0.975138466223676,,7.266689777374268,27.04351043701172,192.0,1.5595475435256958,7.535799503326416,121.66666412353516,5.70713996887207,22.59713363647461,-83.66667175292969,183.6666717529297,45115,74.61396789550781,39.1722412109375,-83.66667175292969,183.6666717529297,43507,1577,31,96.43577524105065,3.495511470686025,0.06871328826332705,544709,0.0,0.0,0.0,0.0,0,0,544709,0.0,0.0,100.0,38160,28.11595916748047,44.98765182495117,-64.0,183.6666717529297,13378,569,24213,35.05765199161426,1.4910901467505242,63.45125786163523,434688,7.7439656257629395,26.02107810974121,-83.66667175292969,183.6666717529297,43507,1577,389604,10.008787912249705,0.3627889428739694,89.62842314487632,95.00315856933594,35.01850509643555,20.389196395874023,18.934532165527344,33.25646209716797,49.40872573852539,5.140504837036133,11.421472549438477,0.0,0.0,0.0,0.0,False,False,False,False,0,improved,unchanged_or_undefined,0.0,255.0,-253.3333282470703,253.3333282470703,2760769,2760769,2.6328744888305664,2383,2335,RGBA,PNG,d7e04df7f8dcb329c396c65f1cec14ab1c4da96c488e1d7062febdc1253d429b,5.480546599952504,2.0.0,restoration_eval.error_maps,ok,,95.00315856933594,20.389196395874023,74.61396789550781,1577,43507,31,3.495511470686025,96.43577524105065
opencv_telea__canonical__canonical__p017_scratch_thin,opencv_telea__canonical__canonical__p017_scratch_thin,canonical__p017_scratch_thin,canonical__p017_scratch_thin,canonical,p017,landscape_natural,Picturesque Landscape,"Anonymous, British, 18th century",p017_scratch_thin,scratch_thin,opencv_telea,False,data/processed/clean/p017_clean.png,data/processed/masked/p017_scratch_thin_damaged.png,data/processed/masks/p017_scratch_thin_mask.png,data/processed/restored/opencv_telea/canonical/canonical__p017_scratch_thin_restored_opencv_telea.png,opencv_telea_canonical_canonical_p017_scratch_thin_difference_maps.png,outputs/figures/opencv_difference_maps/all_cases/canonical/opencv_telea_canonical_canonical_p017_scratch_thin_difference_maps.png,768,768,589824,434688,12946,576878,55023,12946,0.021948920355902776,2.1948920355902777,101,0,667,768,93.0,0.0,675.0,768.0,5,both,127,41.57438591070601,45.40944435861785,2.0747884902577773,,1.9985508918762207,14.578170776367188,187.0,0.2668304443359375,2.509723424911499,97.0,1.7317200899124146,13.118026733398438,-48.66666793823242,178.6666717529297,12946,78.8977279663086,41.855899810791016,-48.66666793823242,178.6666717529297,12762,178,6,98.57871157114167,1.3749420670477368,0.04634636181059787,576878,0.0,0.0,0.0,0.0,0,0,576878,0.0,0.0,100.0,55023,18.563329696655273,39.14337921142578,-48.66666793823242,178.6666717529297,12762,178,42083,23.193937080857097,0.3235010813659742,76.48256183777693,434688,2.3497543334960938,15.233025550842285,-48.66666793823242,178.6666717529297,12762,178,421748,2.935898851590106,0.04094891048292108,97.02315223792696,91.05461120605469,39.669334411621094,12.156882286071777,11.93420696258545,21.423641204833984,43.15094757080078,2.8603127002716064,7.752509593963623,0.0,0.0,0.0,0.0,False,False,False,False,0,improved,unchanged_or_undefined,0.0,255.0,-253.3333282470703,253.3333282470703,2711995,2711995,2.586359977722168,2383,2335,RGBA,PNG,5ffb40cbadca8bcb98bd16866f83f4a74f6352837fde1bfa2a3f13350dd4b6c7,5.522102200018708,2.0.0,restoration_eval.error_maps,ok,,91.05461120605469,12.156882286071777,78.8977279663086,178,12762,6,1.3749420670477368,98.57871157114167
opencv_telea__canonical__canonical__p017_zero_control,opencv_telea__canonical__canonical__p017_zero_control,canonical__p017_zero_control,canonical__p017_zero_control,canonical,p017,landscape_natural,Picturesque Landscape,"Anonymous, British, 18th century",p017_zero_control,zero_control,opencv_telea,True,data/processed/clean/p017_clean.png,data/processed/masked/p017_zero_control_damaged.png,data/processed/masks/p017_zero_control_mask.png,data/processed/restored/opencv_telea/canonical/canonical__p017_zero_control_restored_opencv_telea.png,opencv_telea_canonical_canonical_p017_zero_control_difference_maps.png,outputs/figures/opencv_difference_maps/all_cases/canonical/opencv_telea_canonical_canonical_p017_zero_control_difference_maps.png,768,768,589824,434688,0,589824,0,0,0.0,0.0,101,0,667,768,,,,,5,both,127,,,,,0.0,0.0,0.0,0.0,0.0,0.0,0.0,0.0,0.0,0.0,0,,,,,0,0,0,,,,589824,0.0,0.0,0.0,0.0,0,0,589824,0.0,0.0,100.0,0,,,,,0,0,0,,,,434688,0.0,0.0,0.0,0.0,0,0,434688,0.0,0.0,100.0,,,,,,,,,0.0,0.0,0.0,0.0,False,False,False,False,0,unchanged_or_undefined,unchanged_or_undefined,0.0,255.0,-253.3333282470703,253.3333282470703,2452226,2452226,2.338624954223633,2383,2335,RGBA,PNG,64c3759be40c30b67a5bd3dc4c7264967aa0e7ad43a5d52840cd715ad5150e58,5.365060399984941,2.0.0,restoration_eval.error_maps,ok,,,,,0,0,0,,
opencv_telea__canonical__canonical__p018_loss_large,opencv_telea__canonical__canonical__p018_loss_large,canonical__p018_loss_large,canonical__p018_loss_large,canonical,p018,landscape_natural,Classical Landscape with Figures,Henri Mauperché,p018_loss_large,loss_large,opencv_telea,False,data/processed/clean/p018_clean.png,data/processed/masked/p018_loss_large_damaged.png,data/processed/masks/p018_loss_large_mask.png,data/processed/restored/opencv_telea/canonical/canonical__p018_loss_large_restored_opencv_telea.png,opencv_telea_canonical_canonical_p018_loss_large_difference_maps.png,outputs/figures/opencv_difference_maps/all_cases/canonical/opencv_telea_canonical_canonical_p018_loss_large_difference_maps.png,768,768,589824,389376,42285,547539,10456,42285,0.07169087727864583,7.169087727864583,0,130,768,637,55.0,260.0,340.0,552.0,5,both,127,41.03709747349336,-27.27852272279374,1.959726052311304,,10.828411102294922,41.06166458129883,223.6666717529297,1.4880527257919312,8.608037948608398,127.0,9.340360641479492,36.38732147216797,-22.333328247070312,214.66665649414062,42285,130.2865753173828,52.0675048828125,-22.333328247070312,214.66665649414062,41941,336,8,99.18647274447203,0.7946080170273145,0.01891923850065035,547539,0.0,0.0,0.0,0.0,0,0,547539,0.0,0.0,100.0,10456,73.80925750732422,83.6041030883789,0.0,214.66665649414062,5139,0,5317,49.14881407804131,0.0,50.85118592195869,389376,14.148712158203125,44.01829528808594,-22.333328247070312,214.66665649414062,41941,336,347099,10.771336702827087,0.08629191321499013,89.14237138395792,151.04310607910156,48.373573303222656,20.75651741027832,25.17209815979004,76.66385650634766,86.34674072265625,2.8545970916748047,6.258932113647461,0.0,0.0,0.0,0.0,False,False,False,False,0,improved,unchanged_or_undefined,0.0,255.0,-253.3333282470703,253.3333282470703,1715620,1715620,1.6361427307128906,2383,2335,RGBA,PNG,c83f6d28e8d71063f89c187a677536029b9f62e2bd420fbb63b5a937596dbc82,5.660802499973215,2.0.0,restoration_eval.error_maps,ok,,151.04310607910156,20.75651741027832,130.2865753173828,336,41941,8,0.7946080170273145,99.18647274447203
opencv_telea__canonical__canonical__p018_loss_small,opencv_telea__canonical__canonical__p018_loss_small,canonical__p018_loss_small,canonical__p018_loss_small,canonical,p018,landscape_natural,Classical Landscape with Figures,Henri Mauperché,p018_loss_small,loss_small,opencv_telea,False,data/processed/clean/p018_clean.png,data/processed/masked/p018_loss_small_damaged.png,data/processed/masks/p018_loss_small_mask.png,data/processed/restored/opencv_telea/canonical/canonical__p018_loss_small_restored_opencv_telea.png,opencv_telea_canonical_canonical_p018_loss_small_difference_maps.png,outputs/figures/opencv_difference_maps/all_cases/canonical/opencv_telea_canonical_canonical_p018_loss_small_difference_maps.png,768,768,589824,389376,14239,575585,11528,14239,0.024141099717881944,2.414109971788194,0,130,768,637,198.0,169.0,679.0,630.0,5,both,127,64.46873610038159,-28.357960530936168,3.5315231743698767,,3.6591310501098633,24.531408309936523,255.0,0.2725733816623688,3.1267967224121094,149.3333282470703,3.3865575790405273,22.87401580810547,-46.99999237060547,255.0,14239,140.28182983398438,49.6942024230957,-46.99999237060547,255.0,14231,8,0,99.94381627923309,0.056183720766907794,0.0,575585,0.0,0.0,0.0,0.0,0,0,575585,0.0,0.0,100.0,11528,68.49309539794922,80.43017578125,-46.99999237060547,255.0,5422,6,6100,47.03331020124914,0.0520471894517696,52.9146426092991,389376,5.129934310913086,27.99334144592285,-46.99999237060547,255.0,14231,8,375137,3.6548220742932283,0.00205456936226167,96.3431233563445,151.5726776123047,50.0836296081543,11.290843963623047,16.750598907470703,71.86007690429688,83.60906982421875,3.366990327835083,8.385364532470703,0.0,0.0,0.0,0.0,False,False,False,False,0,improved,unchanged_or_undefined,0.0,255.0,-253.3333282470703,253.3333282470703,1647103,1647103,1.5707998275756836,2383,2335,RGBA,PNG,190b8e337807b0363ac44ec7177a1022eb7a1ce46bb9d6416bb6a3115306e2a4,5.601985999965109,2.0.0,restoration_eval.error_maps,ok,,151.5726776123047,11.290843963623047,140.28182983398438,8,14231,0,0.056183720766907794,99.94381627923309
opencv_telea__canonical__canonical__p018_mixed_damage,opencv_telea__canonical__canonical__p018_mixed_damage,canonical__p018_mixed_damage,canonical__p018_mixed_damage,canonical,p018,landscape_natural,Classical Landscape with Figures,Henri Mauperché,p018_mixed_damage,mixed_damage,opencv_telea,False,data/processed/clean/p018_clean.png,data/processed/masked/p018_mixed_damage_damaged.png,data/processed/masks/p018_mixed_damage_mask.png,data/processed/restored/opencv_telea/canonical/canonical__p018_mixed_damage_restored_opencv_telea.png,opencv_telea_canonical_canonical_p018_mixed_damage_difference_maps.png,outputs/figures/opencv_difference_maps/all_cases/canonical/opencv_telea_canonical_canonical_p018_mixed_damage_difference_maps.png,768,768,589824,389376,49951,539873,58427,49951,0.08468797471788195,8.468797471788195,0,130,768,637,0.0,122.0,768.0,628.0,5,both,127,41.45064830200264,-45.24343189659199,2.1655592820540868,,14.420841217041016,49.0719108581543,255.0,1.5087618827819824,8.15841293334961,131.0,12.912076950073242,44.640254974365234,-28.0,255.0,49951,152.46649169921875,47.46746063232422,-28.0,255.0,49857,91,3,99.81181557926769,0.18217853496426498,0.006005885768052692,539873,0.0,0.0,0.0,0.0,0,0,539873,0.0,0.0,100.0,58427,56.7879524230957,83.70069885253906,-28.0,255.0,20048,7,38372,34.312903281017334,0.01198076231879097,65.67511595666387,389376,19.559123992919922,53.74567413330078,-28.0,255.0,49857,91,339428,12.804333086785011,0.023370726495726496,87.17229618671927,170.28204345703125,43.52090835571289,17.81553840637207,22.258174896240234,59.32732009887695,86.85578918457031,2.539368152618408,7.970383644104004,0.0,0.0,0.0,0.0,False,False,False,False,0,improved,unchanged_or_undefined,0.0,255.0,-253.3333282470703,253.3333282470703,1971815,1971815,1.8804693222045898,2383,2335,RGBA,PNG,53a7d1396d663a3603f4d4b84180e341e84daee8bc4e771f4af718b71a174408,5.715092000027653,2.0.0,restoration_eval.error_maps,ok,,170.28204345703125,17.81553840637207,152.46649169921875,91,49857,3,0.18217853496426498,99.81181557926769
opencv_telea__canonical__canonical__p018_scratch_thin,opencv_telea__canonical__canonical__p018_scratch_thin,canonical__p018_scratch_thin,canonical__p018_scratch_thin,canonical,p018,landscape_natural,Classical Landscape with Figures,Henri Mauperché,p018_scratch_thin,scratch_thin,opencv_telea,False,data/processed/clean/p018_clean.png,data/processed/masked/p018_scratch_thin_damaged.png,data/processed/masks/p018_scratch_thin_mask.png,data/processed/restored/opencv_telea/canonical/canonical__p018_scratch_thin_restored_opencv_telea.png,opencv_telea_canonical_canonical_p018_scratch_thin_difference_maps.png,outputs/figures/opencv_difference_maps/all_cases/canonical/opencv_telea_canonical_canonical_p018_scratch_thin_difference_maps.png,768,768,589824,389376,7269,582555,26291,7269,0.012324015299479166,1.2324015299479165,0,130,768,637,117.0,122.0,768.0,645.0,5,both,127,53.59572614298161,-77.19493740542029,4.0791611348597066,,2.4705803394317627,22.55474090576172,255.0,0.083367258310318,1.3143432140350342,90.33333587646484,2.3872129917144775,21.82666015625,0.0,255.0,7269,193.70411682128906,39.969970703125,14.666671752929688,255.0,7269,0,0,100.0,0.0,0.0,582555,0.0,0.0,0.0,0.0,0,0,582555,0.0,0.0,100.0,26291,53.55579376220703,89.14855194091797,0.0,255.0,7269,0,19022,27.64824464645696,0.0,72.35175535354304,389376,3.616132974624634,26.78074073791504,0.0,255.0,7269,0,382107,1.8668330867850098,0.0,98.13316691321499,200.46873474121094,39.82452392578125,6.764616966247559,9.745625495910645,55.42608642578125,92.07414245605469,1.8702977895736694,5.950913429260254,0.0,0.0,0.0,0.0,False,False,False,False,0,improved,unchanged_or_undefined,0.0,255.0,-253.3333282470703,253.3333282470703,1708477,1708477,1.6293306350708008,2383,2335,RGBA,PNG,e9bdb9a62657ff9cb614c961e4726344a53887450c57293a494ada6865e1db79,5.601383699977305,2.0.0,restoration_eval.error_maps,ok,,200.46873474121094,6.764616966247559,193.70411682128906,0,7269,0,0.0,100.0
opencv_telea__canonical__canonical__p018_zero_control,opencv_telea__canonical__canonical__p018_zero_control,canonical__p018_zero_control,canonical__p018_zero_control,canonical,p018,landscape_natural,Classical Landscape with Figures,Henri Mauperché,p018_zero_control,zero_control,opencv_telea,True,data/processed/clean/p018_clean.png,data/processed/masked/p018_zero_control_damaged.png,data/processed/masks/p018_zero_control_mask.png,data/processed/restored/opencv_telea/canonical/canonical__p018_zero_control_restored_opencv_telea.png,opencv_telea_canonical_canonical_p018_zero_control_difference_maps.png,outputs/figures/opencv_difference_maps/all_cases/canonical/opencv_telea_canonical_canonical_p018_zero_control_difference_maps.png,768,768,589824,389376,0,589824,0,0,0.0,0.0,0,130,768,637,,,,,5,both,127,,,,,0.0,0.0,0.0,0.0,0.0,0.0,0.0,0.0,0.0,0.0,0,,,,,0,0,0,,,,589824,0.0,0.0,0.0,0.0,0,0,589824,0.0,0.0,100.0,0,,,,,0,0,0,,,,389376,0.0,0.0,0.0,0.0,0,0,389376,0.0,0.0,100.0,,,,,,,,,0.0,0.0,0.0,0.0,False,False,False,False,0,unchanged_or_undefined,unchanged_or_undefined,0.0,255.0,-253.3333282470703,253.3333282470703,1561095,1561095,1.4887762069702148,2383,2335,RGBA,PNG,8d5e0e9d5b0cde3791bc3e38877acb177759bdb702c6f2bd5e06af106a0c5e3f,5.580148400040343,2.0.0,restoration_eval.error_maps,ok,,,,,0,0,0,,
opencv_telea__canonical__canonical__p019_loss_large,opencv_telea__canonical__canonical__p019_loss_large,canonical__p019_loss_large,canonical__p019_loss_large,canonical,p019,landscape_natural,Evening: Landscape with an Aqueduct,Théodore Géricault,p019_loss_large,loss_large,opencv_telea,False,data/processed/clean/p019_clean.png,data/processed/masked/p019_loss_large_damaged.png,data/processed/masks/p019_loss_large_mask.png,data/processed/restored/opencv_telea/canonical/canonical__p019_loss_large_restored_opencv_telea.png,opencv_telea_canonical_canonical_p019_loss_large_difference_maps.png,outputs/figures/opencv_difference_maps/all_cases/canonical/opencv_telea_canonical_canonical_p019_loss_large_difference_maps.png,768,768,589824,516864,72887,516937,18732,72887,0.12357415093315972,12.357415093315973,47,0,720,768,201.0,82.0,508.0,717.0,5,both,127,29.997727075244327,-27.39540658828049,1.414012344407407,,18.789579391479492,56.297359466552734,248.0,2.981509208679199,12.475197792053223,162.6666717529297,15.808074951171875,50.957664489746094,-109.0,239.3333282470703,72887,127.92379760742188,81.67558288574219,-109.0,239.3333282470703,68445,4402,40,93.90563474968101,6.039485779357087,0.054879470961899934,516937,0.0,0.0,0.0,0.0,0,0,516937,0.0,0.0,100.0,18732,72.34618377685547,89.67969512939453,-109.0,239.3333282470703,9167,17,9548,48.937646807601965,0.09075379030535981,50.97159940209267,516864,18.039525985717773,54.06455612182617,-109.0,239.3333282470703,68445,4402,444017,13.24236162704309,0.8516747152055473,85.90596365775136,152.05108642578125,73.38356018066406,24.127286911010742,27.371883392333984,76.15083312988281,92.23767852783203,3.804647922515869,8.876679420471191,0.0,0.0,0.0,0.0,False,False,False,False,0,improved,unchanged_or_undefined,0.0,255.0,-253.3333282470703,253.3333282470703,2638470,2638470,2.5162410736083984,2383,2335,RGBA,PNG,59b7812cb4c91a4553db0fff85a19812c4c9f7b85e6f164b5fbb8261eecaf398,5.998892600007821,2.0.0,restoration_eval.error_maps,ok,,152.05108642578125,24.127286911010742,127.92379760742188,4402,68445,40,6.039485779357087,93.90563474968101
opencv_telea__canonical__canonical__p019_loss_small,opencv_telea__canonical__canonical__p019_loss_small,canonical__p019_loss_small,canonical__p019_loss_small,canonical,p019,landscape_natural,Evening: Landscape with an Aqueduct,Théodore Géricault,p019_loss_small,loss_small,opencv_telea,False,data/processed/clean/p019_clean.png,data/processed/masked/p019_loss_small_damaged.png,data/processed/masks/p019_loss_small_mask.png,data/processed/restored/opencv_telea/canonical/canonical__p019_loss_small_restored_opencv_telea.png,opencv_telea_canonical_canonical_p019_loss_small_difference_maps.png,outputs/figures/opencv_difference_maps/all_cases/canonical/opencv_telea_canonical_canonical_p019_loss_small_difference_maps.png,768,768,589824,516864,17075,572749,11771,17075,0.028949313693576388,2.894931369357639,47,0,720,768,157.0,295.0,658.0,719.0,5,both,127,51.86334797462177,-79.1173840897999,2.612706375610795,,5.519508361816406,33.05668258666992,243.3333282470703,0.5911915898323059,5.947123050689697,172.0,4.928316593170166,30.96693229675293,-149.0,238.3333282470703,17075,170.23948669433594,70.58810424804688,-149.0,238.3333282470703,16441,627,7,96.28696925329429,3.6720351390922406,0.040995607613469986,572749,0.0,0.0,0.0,0.0,0,0,572749,0.0,0.0,100.0,11771,83.89329528808594,99.45796966552734,-149.0,238.3333282470703,5430,141,6200,46.13032027865092,1.197859145357234,52.671820575991845,516864,5.623992919921875,33.02125549316406,-149.0,238.3333282470703,16441,627,499796,3.1809141282813274,0.12130850668647845,96.6977773650322,190.66110229492188,49.47218322753906,20.421607971191406,28.579036712646484,90.11428833007812,101.65916442871094,6.220994472503662,16.2866153717041,0.0,0.0,0.0,0.0,False,False,False,False,0,improved,unchanged_or_undefined,0.0,255.0,-253.3333282470703,253.3333282470703,2467450,2467450,2.3531436920166016,2383,2335,RGBA,PNG,d59d5c035e86a1a97063c443c752ef86b1fd3248076b4360d07385f60875a25c,6.032005999993999,2.0.0,restoration_eval.error_maps,ok,,190.66110229492188,20.421607971191406,170.23948669433594,627,16441,7,3.6720351390922406,96.28696925329429
opencv_telea__canonical__canonical__p019_mixed_damage,opencv_telea__canonical__canonical__p019_mixed_damage,canonical__p019_mixed_damage,canonical__p019_mixed_damage,canonical,p019,landscape_natural,Evening: Landscape with an Aqueduct,Théodore Géricault,p019_mixed_damage,mixed_damage,opencv_telea,False,data/processed/clean/p019_clean.png,data/processed/masked/p019_mixed_damage_damaged.png,data/processed/masks/p019_mixed_damage_mask.png,data/processed/restored/opencv_telea/canonical/canonical__p019_mixed_damage_restored_opencv_telea.png,opencv_telea_canonical_canonical_p019_mixed_damage_difference_maps.png,outputs/figures/opencv_difference_maps/all_cases/canonical/opencv_telea_canonical_canonical_p019_mixed_damage_difference_maps.png,768,768,589824,516864,45763,544061,57212,45763,0.0775875515407986,7.758755154079861,47,0,720,768,39.0,0.0,728.0,768.0,5,both,127,43.63244688212457,-82.25101064178484,2.146604796030811,,14.004016876220703,51.01214599609375,255.0,1.4573864936828613,8.398513793945312,196.3333282470703,12.546629905700684,46.84291076660156,-161.0,255.0,45763,161.70932006835938,64.49856567382812,-161.0,255.0,45428,330,5,99.26796757205602,0.72110657081048,0.010925857133492122,544061,0.0,0.0,0.0,0.0,0,0,544061,0.0,0.0,100.0,57212,51.452919006347656,85.13033294677734,-161.0,255.0,17909,200,39103,31.30287352303712,0.349577011815703,68.34754946514717,516864,14.317700386047363,49.785945892333984,-161.0,255.0,45428,330,471106,8.789159237246162,0.0638465824665676,91.14699418028727,180.4930877685547,59.070011138916016,18.783769607543945,24.158803939819336,55.108543395996094,88.9115219116211,3.6556262969970703,12.444511413574219,0.0,0.0,0.0,0.0,False,False,False,False,0,improved,unchanged_or_undefined,0.0,255.0,-253.3333282470703,253.3333282470703,2723881,2723881,2.5976953506469727,2383,2335,RGBA,PNG,8279639624409c5e4f453a769b97b95a34bab5b57340234d83408cd7d9d6f360,6.060784799978137,2.0.0,restoration_eval.error_maps,ok,,180.4930877685547,18.783769607543945,161.70932006835938,330,45428,5,0.72110657081048,99.26796757205602
opencv_telea__canonical__canonical__p019_scratch_thin,opencv_telea__canonical__canonical__p019_scratch_thin,canonical__p019_scratch_thin,canonical__p019_scratch_thin,canonical,p019,landscape_natural,Evening: Landscape with an Aqueduct,Théodore Géricault,p019_scratch_thin,scratch_thin,opencv_telea,False,data/processed/clean/p019_clean.png,data/processed/masked/p019_scratch_thin_damaged.png,data/processed/masks/p019_scratch_thin_mask.png,data/processed/restored/opencv_telea/canonical/canonical__p019_scratch_thin_restored_opencv_telea.png,opencv_telea_canonical_canonical_p019_scratch_thin_difference_maps.png,outputs/figures/opencv_difference_maps/all_cases/canonical/opencv_telea_canonical_canonical_p019_scratch_thin_difference_maps.png,768,768,589824,516864,6187,583637,26248,6187,0.010489569769965278,1.048956976996528,47,0,720,768,39.0,0.0,728.0,768.0,5,both,127,53.487042723991166,-78.56273907655837,3.4291644909671604,,1.9373469352722168,19.80985450744629,255.0,0.10403159260749817,1.7595901489257812,120.33333587646484,1.8333157300949097,18.838272094726562,-75.33333587646484,255.0,6187,174.77513122558594,60.048484802246094,-75.33333587646484,255.0,6175,12,0,99.80604493292388,0.19395506707612736,0.0,583637,0.0,0.0,0.0,0.0,0,0,583637,0.0,0.0,100.0,26248,41.19680404663086,79.705322265625,-75.33333587646484,255.0,6175,12,20061,23.525601950624807,0.04571776897287413,76.42868028040232,516864,2.09210467338562,20.110532760620117,-75.33333587646484,255.0,6175,12,510677,1.194704990094106,0.0023216939078751857,98.80297331599802,184.6927490234375,60.48033142089844,9.917622566223145,14.065485954284668,43.534515380859375,83.7105941772461,2.337714672088623,8.022010803222656,0.0,0.0,0.0,0.0,False,False,False,False,0,improved,unchanged_or_undefined,0.0,255.0,-253.3333282470703,253.3333282470703,2493701,2493701,2.378178596496582,2383,2335,RGBA,PNG,55cbbc804ddb638b41805c28fbad54bd953968899dcf62010c9cb08d3ee9cb6c,6.011324000020977,2.0.0,restoration_eval.error_maps,ok,,184.6927490234375,9.917622566223145,174.77513122558594,12,6175,0,0.19395506707612736,99.80604493292388
opencv_telea__canonical__canonical__p019_zero_control,opencv_telea__canonical__canonical__p019_zero_control,canonical__p019_zero_control,canonical__p019_zero_control,canonical,p019,landscape_natural,Evening: Landscape with an Aqueduct,Théodore Géricault,p019_zero_control,zero_control,opencv_telea,True,data/processed/clean/p019_clean.png,data/processed/masked/p019_zero_control_damaged.png,data/processed/masks/p019_zero_control_mask.png,data/processed/restored/opencv_telea/canonical/canonical__p019_zero_control_restored_opencv_telea.png,opencv_telea_canonical_canonical_p019_zero_control_difference_maps.png,outputs/figures/opencv_difference_maps/all_cases/canonical/opencv_telea_canonical_canonical_p019_zero_control_difference_maps.png,768,768,589824,516864,0,589824,0,0,0.0,0.0,47,0,720,768,,,,,5,both,127,,,,,0.0,0.0,0.0,0.0,0.0,0.0,0.0,0.0,0.0,0.0,0,,,,,0,0,0,,,,589824,0.0,0.0,0.0,0.0,0,0,589824,0.0,0.0,100.0,0,,,,,0,0,0,,,,516864,0.0,0.0,0.0,0.0,0,0,516864,0.0,0.0,100.0,,,,,,,,,0.0,0.0,0.0,0.0,False,False,False,False,0,unchanged_or_undefined,unchanged_or_undefined,0.0,255.0,-253.3333282470703,253.3333282470703,2362335,2362335,2.2528982162475586,2383,2335,RGBA,PNG,647017b2e7869495863cb65f89a270d1ff3dcafa30941e52aa47625cbd06e923,6.752594900026452,2.0.0,restoration_eval.error_maps,ok,,,,,0,0,0,,
opencv_telea__canonical__canonical__p020_loss_large,opencv_telea__canonical__canonical__p020_loss_large,canonical__p020_loss_large,canonical__p020_loss_large,canonical,p020,landscape_natural,Mediterranean landscape (recto); Mountains (verso),Unknown,p020_loss_large,loss_large,opencv_telea,False,data/processed/clean/p020_clean.png,data/processed/masked/p020_loss_large_damaged.png,data/processed/masks/p020_loss_large_mask.png,data/processed/restored/opencv_telea/canonical/canonical__p020_loss_large_restored_opencv_telea.png,opencv_telea_canonical_canonical_p020_loss_large_difference_maps.png,outputs/figures/opencv_difference_maps/all_cases/canonical/opencv_telea_canonical_canonical_p020_loss_large_difference_maps.png,768,768,589824,406272,59008,530816,11005,59008,0.10004340277777778,10.004340277777777,0,119,768,648,125.0,155.0,420.0,527.0,5,both,127,58.37064465835141,53.5094168022415,3.0082761646715745,,5.484007358551025,17.149002075195312,175.6666717529297,0.8970596790313721,4.028440475463867,92.33333587646484,4.586948394775391,14.638408660888672,-47.333335876464844,152.0,59008,45.84957504272461,15.812238693237305,-47.333335876464844,152.0,58511,486,11,99.15774132321042,0.8236171366594359,0.018641540130151842,530816,0.0,0.0,0.0,0.0,0,0,530816,0.0,0.0,100.0,11005,27.1014404296875,30.891326904296875,-35.66667175292969,152.0,5390,38,5577,48.9777373920945,0.3452975920036347,50.676965015901864,406272,6.659311294555664,17.242237091064453,-47.333335876464844,152.0,58511,486,347275,14.40192777252678,0.1196242911153119,85.47844793635791,54.81627655029297,15.342604637145996,8.966704368591309,9.479181289672852,30.782102584838867,34.5634765625,3.6806604862213135,8.350232124328613,0.0,0.0,0.0,0.0,False,False,False,False,0,improved,unchanged_or_undefined,0.0,255.0,-253.3333282470703,253.3333282470703,1918763,1918763,1.8298749923706055,2383,2335,RGBA,PNG,6fb95d64e2cf67a7b41c4af9b6c802cdd6044b060b25c0bbac33f6f9b3f94591,5.480016000044998,2.0.0,restoration_eval.error_maps,ok,,54.81627655029297,8.966704368591309,45.84957504272461,486,58511,11,0.8236171366594359,99.15774132321042
opencv_telea__canonical__canonical__p020_loss_small,opencv_telea__canonical__canonical__p020_loss_small,canonical__p020_loss_small,canonical__p020_loss_small,canonical,p020,landscape_natural,Mediterranean landscape (recto); Mountains (verso),Unknown,p020_loss_small,loss_small,opencv_telea,False,data/processed/clean/p020_clean.png,data/processed/masked/p020_loss_small_damaged.png,data/processed/masks/p020_loss_small_mask.png,data/processed/restored/opencv_telea/canonical/canonical__p020_loss_small_restored_opencv_telea.png,opencv_telea_canonical_canonical_p020_loss_small_difference_maps.png,outputs/figures/opencv_difference_maps/all_cases/canonical/opencv_telea_canonical_canonical_p020_loss_small_difference_maps.png,768,768,589824,406272,13032,576792,9529,13032,0.0220947265625,2.20947265625,0,119,768,648,66.0,379.0,517.0,647.0,5,both,127,52.01810926949049,53.9953447923061,2.7310792226434266,,1.5055440664291382,10.6095552444458,176.3333282470703,0.293975830078125,3.181410312652588,107.33333587646484,1.2115682363510132,8.623722076416016,-51.33333206176758,148.6666717529297,13032,54.835174560546875,20.626150131225586,-51.33333206176758,148.6666717529297,12819,211,2,98.36556169429097,1.6190914671577654,0.01534683855125844,576792,0.0,0.0,0.0,0.0,0,0,576792,0.0,0.0,100.0,9529,26.915136337280273,32.39268493652344,-40.000003814697266,148.6666717529297,4421,40,5068,46.39521460803862,0.419771224682548,53.18501416727883,406272,1.758949637413025,10.344330787658691,-51.33333206176758,148.6666717529297,12819,211,393242,3.155275283553875,0.051935649023314434,96.79278906742282,68.14042663574219,23.53763198852539,13.305248260498047,16.881101608276367,31.37401580810547,37.02664566040039,4.458879470825195,9.749475479125977,0.0,0.0,0.0,0.0,False,False,False,False,0,improved,unchanged_or_undefined,0.0,255.0,-253.3333282470703,253.3333282470703,1788187,1788187,1.705348014831543,2383,2335,RGBA,PNG,52b92e465239fd395ee805cd6426e2c2be1a5c8f2f590dc2f788da023579bc72,5.518875300011132,2.0.0,restoration_eval.error_maps,ok,,68.14042663574219,13.305248260498047,54.835174560546875,211,12819,2,1.6190914671577654,98.36556169429097
opencv_telea__canonical__canonical__p020_mixed_damage,opencv_telea__canonical__canonical__p020_mixed_damage,canonical__p020_mixed_damage,canonical__p020_mixed_damage,canonical,p020,landscape_natural,Mediterranean landscape (recto); Mountains (verso),Unknown,p020_mixed_damage,mixed_damage,opencv_telea,False,data/processed/clean/p020_clean.png,data/processed/masked/p020_mixed_damage_damaged.png,data/processed/masks/p020_mixed_damage_mask.png,data/processed/restored/opencv_telea/canonical/canonical__p020_mixed_damage_restored_opencv_telea.png,opencv_telea_canonical_canonical_p020_mixed_damage_difference_maps.png,outputs/figures/opencv_difference_maps/all_cases/canonical/opencv_telea_canonical_canonical_p020_mixed_damage_difference_maps.png,768,768,589824,406272,34209,555615,39655,34209,0.0579986572265625,5.79986572265625,0,119,768,648,0.0,111.0,768.0,656.0,5,both,127,73.33159889697643,53.16807467820357,4.501718523202101,,3.7111294269561768,17.346290588378906,205.6666717529297,0.574567973613739,4.938643932342529,133.0,3.1365621089935303,14.385411262512207,-60.0,193.0,34209,54.07990264892578,28.513216018676758,-60.0,193.0,34023,183,3,99.45628343418399,0.5349469437867228,0.008769622029290536,555615,0.0,0.0,0.0,0.0,0,0,555615,0.0,0.0,100.0,39655,20.285648345947266,35.106876373291016,-44.0,193.0,12588,72,26995,31.743790190392136,0.18156600680872526,68.07464380279914,406272,4.553646087646484,17.14589500427246,-60.0,193.0,34023,183,372066,8.374438799621927,0.0450437145557656,91.58051748582231,63.986480712890625,36.48472595214844,9.906574249267578,18.113046646118164,23.708696365356445,41.867088317871094,3.423048734664917,11.713770866394043,0.0,0.0,0.0,0.0,False,False,False,False,0,improved,unchanged_or_undefined,0.0,255.0,-253.3333282470703,253.3333282470703,1971765,1971765,1.8804216384887695,2383,2335,RGBA,PNG,111cbd5392513aecd6e103d994a6bcd016e3e56a9b6f96249ae065f61a7f2d33,5.559817799949087,2.0.0,restoration_eval.error_maps,ok,,63.986480712890625,9.906574249267578,54.07990264892578,183,34023,3,0.5349469437867228,99.45628343418399
opencv_telea__canonical__canonical__p020_scratch_thin,opencv_telea__canonical__canonical__p020_scratch_thin,canonical__p020_scratch_thin,canonical__p020_scratch_thin,canonical,p020,landscape_natural,Mediterranean landscape (recto); Mountains (verso),Unknown,p020_scratch_thin,scratch_thin,opencv_telea,False,data/processed/clean/p020_clean.png,data/processed/masked/p020_scratch_thin_damaged.png,data/processed/masks/p020_scratch_thin_mask.png,data/processed/restored/opencv_telea/canonical/canonical__p020_scratch_thin_restored_opencv_telea.png,opencv_telea_canonical_canonical_p020_scratch_thin_difference_maps.png,outputs/figures/opencv_difference_maps/all_cases/canonical/opencv_telea_canonical_canonical_p020_scratch_thin_difference_maps.png,768,768,589824,406272,8734,581090,35722,8734,0.014807807074652778,1.480780707465278,0,119,768,648,0.0,111.0,768.0,656.0,5,both,127,73.51267078848943,43.12308220746509,4.643266563851835,,1.265429973602295,12.131160736083984,205.6666717529297,0.16143685579299927,2.82271146774292,133.0,1.1039931774139404,10.596611976623535,-63.000003814697266,188.66665649414062,8734,74.5548095703125,45.901302337646484,-63.000003814697266,188.66665649414062,8698,36,0,99.58781772383787,0.41218227616212505,0.0,581090,0.0,0.0,0.0,0.0,0,0,581090,0.0,0.0,100.0,35722,18.228588104248047,39.26690673828125,-63.000003814697266,188.66665649414062,8698,36,26988,24.349140585633503,0.10077823190190918,75.5500811824646,406272,1.60277259349823,12.736566543579102,-63.000003814697266,188.66665649414062,8698,36,397538,2.1409302142407056,0.008861058601134217,97.85020872715816,85.45693969726562,52.379276275634766,10.902145385742188,20.51774024963379,20.894155502319336,44.94207763671875,2.6655654907226562,11.175143241882324,0.0,0.0,0.0,0.0,False,False,False,False,0,improved,unchanged_or_undefined,0.0,255.0,-253.3333282470703,253.3333282470703,1880543,1880543,1.7934255599975586,2383,2335,RGBA,PNG,b0b8c96b1a552559b0e37f65d2711cfb2c99ec15cc5e40759c5d8781d8a9d010,5.798955100006424,2.0.0,restoration_eval.error_maps,ok,,85.45693969726562,10.902145385742188,74.5548095703125,36,8698,0,0.41218227616212505,99.58781772383787
opencv_telea__canonical__canonical__p020_zero_control,opencv_telea__canonical__canonical__p020_zero_control,canonical__p020_zero_control,canonical__p020_zero_control,canonical,p020,landscape_natural,Mediterranean landscape (recto); Mountains (verso),Unknown,p020_zero_control,zero_control,opencv_telea,True,data/processed/clean/p020_clean.png,data/processed/masked/p020_zero_control_damaged.png,data/processed/masks/p020_zero_control_mask.png,data/processed/restored/opencv_telea/canonical/canonical__p020_zero_control_restored_opencv_telea.png,opencv_telea_canonical_canonical_p020_zero_control_difference_maps.png,outputs/figures/opencv_difference_maps/all_cases/canonical/opencv_telea_canonical_canonical_p020_zero_control_difference_maps.png,768,768,589824,406272,0,589824,0,0,0.0,0.0,0,119,768,648,,,,,5,both,127,,,,,0.0,0.0,0.0,0.0,0.0,0.0,0.0,0.0,0.0,0.0,0,,,,,0,0,0,,,,589824,0.0,0.0,0.0,0.0,0,0,589824,0.0,0.0,100.0,0,,,,,0,0,0,,,,406272,0.0,0.0,0.0,0.0,0,0,406272,0.0,0.0,100.0,,,,,,,,,0.0,0.0,0.0,0.0,False,False,False,False,0,unchanged_or_undefined,unchanged_or_undefined,0.0,255.0,-253.3333282470703,253.3333282470703,1711397,1711397,1.632115364074707,2383,2335,RGBA,PNG,2129ac54f738484db1208bd6c9bcf32001c83987cfef37080365a8d8601e7328,5.41997360001551,2.0.0,restoration_eval.error_maps,ok,,,,,0,0,0,,
opencv_telea__canonical__canonical__p021_loss_large,opencv_telea__canonical__canonical__p021_loss_large,canonical__p021_loss_large,canonical__p021_loss_large,canonical,p021,architecture_structured,Interior of the Oude Kerk in Delft,Gerard Houckgeest,p021_loss_large,loss_large,opencv_telea,False,data/processed/clean/p021_clean.png,data/processed/masked/p021_loss_large_damaged.png,data/processed/masks/p021_loss_large_mask.png,data/processed/restored/opencv_telea/canonical/canonical__p021_loss_large_restored_opencv_telea.png,opencv_telea_canonical_canonical_p021_loss_large_difference_maps.png,outputs/figures/opencv_difference_maps/all_cases/canonical/opencv_telea_canonical_canonical_p021_loss_large_difference_maps.png,768,768,589824,498432,57771,532053,9452,57771,0.0979461669921875,9.79461669921875,59,0,708,768,319.0,321.0,654.0,620.0,5,both,127,12.14848280279034,-37.29734064957621,0.5306803379388292,,15.425642013549805,48.988624572753906,252.6666717529297,2.8937408924102783,12.021650314331055,179.3333282470703,12.531904220581055,41.79843521118164,-138.3333282470703,238.0,57771,127.94685363769531,55.41182327270508,-138.3333282470703,238.0,56636,1123,12,98.03534645410326,1.9438818784511263,0.020771667445604193,532053,0.0,0.0,0.0,0.0,0,0,532053,0.0,0.0,100.0,9452,76.08808898925781,84.4001693725586,-7.000003814697266,238.0,4647,5,4800,49.16419805332205,0.05289885738468049,50.78290308929327,498432,14.829742431640625,45.09303283691406,-138.3333282470703,238.0,56636,1123,440673,11.362833846944016,0.22530656137647662,88.41185959167952,157.4910430908203,46.130821228027344,29.544198989868164,26.23238754272461,81.34938049316406,89.01457214355469,5.261284828186035,10.973930358886719,0.0,0.0,0.0,0.0,False,False,False,False,0,improved,unchanged_or_undefined,0.0,255.0,-253.3333282470703,253.3333282470703,2570675,2570675,2.4515867233276367,2383,2335,RGBA,PNG,3dc3b5287b01b79dd3c177799f07e136cb95231eeb6cbc8e3d6943bc32284f8e,6.306541499972809,2.0.0,restoration_eval.error_maps,ok,,157.4910430908203,29.544198989868164,127.94685363769531,1123,56636,12,1.9438818784511263,98.03534645410326
opencv_telea__canonical__canonical__p021_loss_small,opencv_telea__canonical__canonical__p021_loss_small,canonical__p021_loss_small,canonical__p021_loss_small,canonical,p021,architecture_structured,Interior of the Oude Kerk in Delft,Gerard Houckgeest,p021_loss_small,loss_small,opencv_telea,False,data/processed/clean/p021_clean.png,data/processed/masked/p021_loss_small_damaged.png,data/processed/masks/p021_loss_small_mask.png,data/processed/restored/opencv_telea/canonical/canonical__p021_loss_small_restored_opencv_telea.png,opencv_telea_canonical_canonical_p021_loss_small_difference_maps.png,outputs/figures/opencv_difference_maps/all_cases/canonical/opencv_telea_canonical_canonical_p021_loss_small_difference_maps.png,768,768,589824,498432,18677,571147,15569,18677,0.03166537814670139,3.166537814670139,59,0,708,768,56.0,95.0,666.0,671.0,5,both,127,36.979600578251336,-66.75743784690619,1.6983489449928797,,5.868639945983887,33.430816650390625,250.3333282470703,0.5746002793312073,4.450119972229004,107.0,5.294038772583008,30.57673454284668,-30.333335876464844,238.66665649414062,18677,167.18698120117188,49.58967971801758,-30.333335876464844,238.66665649414062,18640,36,1,99.80189537934358,0.19275044171976227,0.005354178936660063,571147,0.0,0.0,0.0,0.0,0,0,571147,0.0,0.0,100.0,15569,76.47213745117188,90.34767150878906,-4.666667938232422,238.66665649414062,7156,1,8412,45.96313186460274,0.006423020104052927,54.03044511529321,498432,6.264748573303223,33.17054748535156,-30.333335876464844,238.66665649414062,18640,36,479756,3.7397277863379554,0.007222650231124808,96.25304956343092,185.33299255371094,45.10019302368164,18.146007537841797,17.508573532104492,82.4313735961914,95.4547119140625,5.959235191345215,12.34691333770752,0.0,0.0,0.0,0.0,False,False,False,False,0,improved,unchanged_or_undefined,0.0,255.0,-253.3333282470703,253.3333282470703,2507820,2507820,2.391643524169922,2383,2335,RGBA,PNG,f29d5ba2e6c92587a5b74f215f7437136e385261a97f836442259145bbde9a8e,6.267571899981704,2.0.0,restoration_eval.error_maps,ok,,185.33299255371094,18.146007537841797,167.18698120117188,36,18640,1,0.19275044171976227,99.80189537934358
opencv_telea__canonical__canonical__p021_mixed_damage,opencv_telea__canonical__canonical__p021_mixed_damage,canonical__p021_mixed_damage,canonical__p021_mixed_damage,canonical,p021,architecture_structured,Interior of the Oude Kerk in Delft,Gerard Houckgeest,p021_mixed_damage,mixed_damage,opencv_telea,False,data/processed/clean/p021_clean.png,data/processed/masked/p021_mixed_damage_damaged.png,data/processed/masks/p021_mixed_damage_mask.png,data/processed/restored/opencv_telea/canonical/canonical__p021_mixed_damage_restored_opencv_telea.png,opencv_telea_canonical_canonical_p021_mixed_damage_difference_maps.png,outputs/figures/opencv_difference_maps/all_cases/canonical/opencv_telea_canonical_canonical_p021_mixed_damage_difference_maps.png,768,768,589824,498432,49836,539988,52370,49836,0.08449300130208333,8.449300130208332,59,0,708,768,51.0,42.0,716.0,768.0,5,both,127,35.57522005511412,-53.59758675121064,1.7424110113935,,14.652216911315918,49.811790466308594,250.3333282470703,1.4594556093215942,7.058709621429443,169.6666717529297,13.192760467529297,45.51091003417969,-137.0,244.33334350585938,49836,156.14027404785156,46.83926773071289,-137.0,244.33334350585938,49777,58,1,99.88161168633115,0.11638173208122643,0.002006581587607352,539988,0.0,0.0,0.0,0.0,0,0,539988,0.0,0.0,100.0,52370,59.087852478027344,84.90487670898438,-137.0,244.33334350585938,18561,49,33760,35.44204697345808,0.09356501814015658,64.46438800840176,498432,15.611772537231445,49.12493896484375,-137.0,244.33334350585938,49777,58,448597,9.986718348741654,0.011636492039034413,90.00164515921931,173.4133758544922,42.832275390625,17.273094177246094,17.791791915893555,62.45108413696289,88.62942504882812,3.3632357120513916,9.04022216796875,0.0,0.0,0.0,0.0,False,False,False,False,0,improved,unchanged_or_undefined,0.0,255.0,-253.3333282470703,253.3333282470703,2775281,2775281,2.646714210510254,2383,2335,RGBA,PNG,831c9fd9664dc8d62037aded3a8320f8138b55db60f4480d182b075247e1220c,6.151761399989482,2.0.0,restoration_eval.error_maps,ok,,173.4133758544922,17.273094177246094,156.14027404785156,58,49777,1,0.11638173208122643,99.88161168633115
opencv_telea__canonical__canonical__p021_scratch_thin,opencv_telea__canonical__canonical__p021_scratch_thin,canonical__p021_scratch_thin,canonical__p021_scratch_thin,canonical,p021,architecture_structured,Interior of the Oude Kerk in Delft,Gerard Houckgeest,p021_scratch_thin,scratch_thin,opencv_telea,False,data/processed/clean/p021_clean.png,data/processed/masked/p021_scratch_thin_damaged.png,data/processed/masks/p021_scratch_thin_mask.png,data/processed/restored/opencv_telea/canonical/canonical__p021_scratch_thin_restored_opencv_telea.png,opencv_telea_canonical_canonical_p021_scratch_thin_difference_maps.png,outputs/figures/opencv_difference_maps/all_cases/canonical/opencv_telea_canonical_canonical_p021_scratch_thin_difference_maps.png,768,768,589824,498432,9825,579999,41298,9825,0.016657511393229168,1.6657511393229167,59,0,708,768,51.0,0.0,716.0,768.0,5,both,127,56.38198473282442,-64.17686174724344,3.0176698984804347,,3.1339755058288574,24.721824645996094,250.0,0.22235162556171417,3.1660830974578857,191.0,2.911623954772949,23.460914611816406,-174.0,246.6666717529297,9825,174.79345703125,54.76506805419922,-174.0,246.6666717529297,9677,148,0,98.49363867684478,1.5063613231552162,0.0,579999,0.0,0.0,0.0,0.0,0,0,579999,0.0,0.0,100.0,41298,41.584232330322266,79.07547760009766,-174.0,246.6666717529297,9677,148,31473,23.4321274637997,0.3583708654172115,76.20950167078308,498432,3.4454967975616455,25.485267639160156,-174.0,246.6666717529297,9677,148,488607,1.9414885079609656,0.029693117616846433,98.02881837442219,188.1418914794922,43.388248443603516,13.348431587219238,20.653400421142578,44.75989532470703,82.85908508300781,3.1756579875946045,11.566618919372559,0.0,0.0,0.0,0.0,False,False,False,False,0,improved,unchanged_or_undefined,0.0,255.0,-253.3333282470703,253.3333282470703,2592284,2592284,2.4721946716308594,2383,2335,RGBA,PNG,d3017c7aa492573c33a53787bf38a482e3d3ee0f33923fe78c243f660aec2979,6.090772300027311,2.0.0,restoration_eval.error_maps,ok,,188.1418914794922,13.348431587219238,174.79345703125,148,9677,0,1.5063613231552162,98.49363867684478
opencv_telea__canonical__canonical__p021_zero_control,opencv_telea__canonical__canonical__p021_zero_control,canonical__p021_zero_control,canonical__p021_zero_control,canonical,p021,architecture_structured,Interior of the Oude Kerk in Delft,Gerard Houckgeest,p021_zero_control,zero_control,opencv_telea,True,data/processed/clean/p021_clean.png,data/processed/masked/p021_zero_control_damaged.png,data/processed/masks/p021_zero_control_mask.png,data/processed/restored/opencv_telea/canonical/canonical__p021_zero_control_restored_opencv_telea.png,opencv_telea_canonical_canonical_p021_zero_control_difference_maps.png,outputs/figures/opencv_difference_maps/all_cases/canonical/opencv_telea_canonical_canonical_p021_zero_control_difference_maps.png,768,768,589824,498432,0,589824,0,0,0.0,0.0,59,0,708,768,,,,,5,both,127,,,,,0.0,0.0,0.0,0.0,0.0,0.0,0.0,0.0,0.0,0.0,0,,,,,0,0,0,,,,589824,0.0,0.0,0.0,0.0,0,0,589824,0.0,0.0,100.0,0,,,,,0,0,0,,,,498432,0.0,0.0,0.0,0.0,0,0,498432,0.0,0.0,100.0,,,,,,,,,0.0,0.0,0.0,0.0,False,False,False,False,0,unchanged_or_undefined,unchanged_or_undefined,0.0,255.0,-253.3333282470703,253.3333282470703,2375959,2375959,2.2658910751342773,2383,2335,RGBA,PNG,ce4a92b85df17dde796b220a93a126d688e2193c55ba08fc4e17b973e32d5090,6.171743599988986,2.0.0,restoration_eval.error_maps,ok,,,,,0,0,0,,
opencv_telea__canonical__canonical__p022_loss_large,opencv_telea__canonical__canonical__p022_loss_large,canonical__p022_loss_large,canonical__p022_loss_large,canonical,p022,architecture_structured,"Interior of a Protestant, Gothic Church, with a Gravedigger in the Choir",Emanuel de Witte,p022_loss_large,loss_large,opencv_telea,False,data/processed/clean/p022_clean.png,data/processed/masked/p022_loss_large_damaged.png,data/processed/masks/p022_loss_large_mask.png,data/processed/restored/opencv_telea/canonical/canonical__p022_loss_large_restored_opencv_telea.png,opencv_telea_canonical_canonical_p022_loss_large_difference_maps.png,outputs/figures/opencv_difference_maps/all_cases/canonical/opencv_telea_canonical_canonical_p022_loss_large_difference_maps.png,768,768,589824,459264,53891,535933,10508,53891,0.09136793348524305,9.136793348524305,85,0,683,768,206.0,452.0,587.0,720.0,5,both,127,32.81707520736302,-79.46131388667249,1.448704336676542,,17.971216201782227,57.69157028198242,247.6666717529297,2.3115622997283936,10.763365745544434,130.0,15.65965747833252,51.417362213134766,-53.0,242.3333282470703,53891,171.3911590576172,47.37248611450195,-53.0,242.3333282470703,53325,559,7,98.94973186617432,1.0372789519585832,0.012989181867102115,535933,0.0,0.0,0.0,0.0,0,0,535933,0.0,0.0,100.0,10508,92.98553466796875,97.8936996459961,0.0,242.3333282470703,5172,0,5336,49.21964217738866,0.0,50.78035782261134,459264,20.11139488220215,57.49592208862305,-53.0,242.3333282470703,53325,559,405380,11.61096885451505,0.12171648550724637,88.2673146599777,196.69065856933594,35.70979690551758,25.299484252929688,26.19861602783203,96.80323028564453,101.45227813720703,3.817694664001465,7.646132469177246,0.0,0.0,0.0,0.0,False,False,False,False,0,improved,unchanged_or_undefined,0.0,255.0,-253.3333282470703,253.3333282470703,2286166,2286166,2.180257797241211,2383,2335,RGBA,PNG,998cc2354ed7655ab7a4704231844bd3ffba88fb46ee4c126cf1c560df12d85c,6.1701657000230625,2.0.0,restoration_eval.error_maps,ok,,196.69065856933594,25.299484252929688,171.3911590576172,559,53325,7,1.0372789519585832,98.94973186617432
opencv_telea__canonical__canonical__p022_loss_small,opencv_telea__canonical__canonical__p022_loss_small,canonical__p022_loss_small,canonical__p022_loss_small,canonical,p022,architecture_structured,"Interior of a Protestant, Gothic Church, with a Gravedigger in the Choir",Emanuel de Witte,p022_loss_small,loss_small,opencv_telea,False,data/processed/clean/p022_clean.png,data/processed/masked/p022_loss_small_damaged.png,data/processed/masks/p022_loss_small_mask.png,data/processed/restored/opencv_telea/canonical/canonical__p022_loss_small_restored_opencv_telea.png,opencv_telea_canonical_canonical_p022_loss_small_difference_maps.png,outputs/figures/opencv_difference_maps/all_cases/canonical/opencv_telea_canonical_canonical_p022_loss_small_difference_maps.png,768,768,589824,459264,20293,569531,17838,20293,0.03440517849392361,3.440517849392361,85,0,683,768,137.0,82.0,682.0,764.0,5,both,127,52.14983820364986,-62.61062106802017,2.5749045032561604,,6.720692157745361,35.973270416259766,248.6666717529297,0.5269618034362793,4.442273139953613,125.33333587646484,6.19373083114624,33.50528335571289,-15.666664123535156,245.33334350585938,20293,180.0232391357422,36.545814514160156,-15.666664123535156,245.33334350585938,20279,14,0,99.93101069334254,0.0689893066574681,0.0,569531,0.0,0.0,0.0,0.0,0,0,569531,0.0,0.0,100.0,17838,85.46730041503906,95.47283172607422,0.0,245.33334350585938,8184,0,9654,45.87958291288261,0.0,54.12041708711739,459264,7.954492092132568,37.785362243652344,-15.666664123535156,245.33334350585938,20279,14,438971,4.415543129877369,0.003048355629877369,95.58140851449275,195.33958435058594,27.7146053314209,15.3163480758667,18.62929916381836,89.7567138671875,99.31473541259766,4.289419651031494,9.07720947265625,0.0,0.0,0.0,0.0,False,False,False,False,0,improved,unchanged_or_undefined,0.0,255.0,-253.3333282470703,253.3333282470703,2244631,2244631,2.1406469345092773,2383,2335,RGBA,PNG,fea44235306073e82ef7859e5c633fab3d4ee12de467fcf53c742337c329e3f5,6.243539300048724,2.0.0,restoration_eval.error_maps,ok,,195.33958435058594,15.3163480758667,180.0232391357422,14,20279,0,0.0689893066574681,99.93101069334254
opencv_telea__canonical__canonical__p022_mixed_damage,opencv_telea__canonical__canonical__p022_mixed_damage,canonical__p022_mixed_damage,canonical__p022_mixed_damage,canonical,p022,architecture_structured,"Interior of a Protestant, Gothic Church, with a Gravedigger in the Choir",Emanuel de Witte,p022_mixed_damage,mixed_damage,opencv_telea,False,data/processed/clean/p022_clean.png,data/processed/masked/p022_mixed_damage_damaged.png,data/processed/masks/p022_mixed_damage_mask.png,data/processed/restored/opencv_telea/canonical/canonical__p022_mixed_damage_restored_opencv_telea.png,opencv_telea_canonical_canonical_p022_mixed_damage_difference_maps.png,outputs/figures/opencv_difference_maps/all_cases/canonical/opencv_telea_canonical_canonical_p022_mixed_damage_difference_maps.png,768,768,589824,459264,44952,544872,60302,44952,0.07621256510416667,7.621256510416667,85,0,683,768,77.0,11.0,675.0,768.0,5,both,127,53.679598979652376,-75.33576555733522,2.7464983020046283,,14.965645790100098,52.972007751464844,247.6666717529297,1.0854191780090332,6.0240254402160645,127.0,13.880227088928223,49.43183898925781,-31.0,245.0,44952,182.12518310546875,37.684207916259766,-31.0,245.0,44941,11,0,99.97552945363944,0.024470546360562378,0.0,544872,0.0,0.0,0.0,0.0,0,0,544872,0.0,0.0,100.0,60302,59.59661102294922,88.13988494873047,-9.666664123535156,245.0,19808,2,40492,32.847998408013,0.003316639580776757,67.14868495240623,459264,17.826108932495117,55.38780975341797,-31.0,245.0,44941,11,414312,9.785439311594203,0.0023951365663322185,90.21216555183946,196.36717224121094,34.60084533691406,14.241999626159668,16.993457794189453,62.004493713378906,91.16758728027344,2.407874584197998,6.5009765625,0.0,0.0,0.0,0.0,False,False,False,False,0,improved,unchanged_or_undefined,0.0,255.0,-253.3333282470703,253.3333282470703,2514124,2514124,2.397655487060547,2383,2335,RGBA,PNG,1c239663b3aac9c7bc8dcd072d91192e51f96668789286eee095f40c8d30859e,6.128396400017664,2.0.0,restoration_eval.error_maps,ok,,196.36717224121094,14.241999626159668,182.12518310546875,11,44941,0,0.024470546360562378,99.97552945363944
opencv_telea__canonical__canonical__p022_scratch_thin,opencv_telea__canonical__canonical__p022_scratch_thin,canonical__p022_scratch_thin,canonical__p022_scratch_thin,canonical,p022,architecture_structured,"Interior of a Protestant, Gothic Church, with a Gravedigger in the Choir",Emanuel de Witte,p022_scratch_thin,scratch_thin,opencv_telea,False,data/processed/clean/p022_clean.png,data/processed/masked/p022_scratch_thin_damaged.png,data/processed/masks/p022_scratch_thin_mask.png,data/processed/restored/opencv_telea/canonical/canonical__p022_scratch_thin_restored_opencv_telea.png,opencv_telea_canonical_canonical_p022_scratch_thin_difference_maps.png,outputs/figures/opencv_difference_maps/all_cases/canonical/opencv_telea_canonical_canonical_p022_scratch_thin_difference_maps.png,768,768,589824,459264,8915,580909,38103,8915,0.015114678276909722,1.511467827690972,85,0,683,768,77.0,0.0,640.0,768.0,5,both,127,71.75632828566089,-69.96055337446252,4.397418012794628,,2.8120779991149902,23.197294235229492,243.3333282470703,0.10273687541484833,1.2537540197372437,67.66666412353516,2.709341049194336,22.39412498474121,0.0,238.6666717529297,8915,179.25230407714844,39.16273498535156,29.333332061767578,238.6666717529297,8915,0,0,100.0,0.0,0.0,580909,0.0,0.0,0.0,0.0,0,0,580909,0.0,0.0,100.0,38103,41.939857482910156,78.2157974243164,0.0,238.6666717529297,8915,0,29188,23.397107839277748,0.0,76.60289216072226,459264,3.479555130004883,25.325536727905273,0.0,238.6666717529297,8915,0,450349,1.9411493171683387,0.0,98.05885068283166,186.04946899414062,38.87027359008789,6.797158718109131,7.648210048675537,43.53019332885742,80.9777603149414,1.5903384685516357,4.6868720054626465,0.0,0.0,0.0,0.0,False,False,False,False,0,improved,unchanged_or_undefined,0.0,255.0,-253.3333282470703,253.3333282470703,2282144,2282144,2.176422119140625,2383,2335,RGBA,PNG,44cda4d42e73c298e6f5846908d18f46cb9fa7432a4ad7900c336ba7c78a9e41,5.909960000019055,2.0.0,restoration_eval.error_maps,ok,,186.04946899414062,6.797158718109131,179.25230407714844,0,8915,0,0.0,100.0
opencv_telea__canonical__canonical__p022_zero_control,opencv_telea__canonical__canonical__p022_zero_control,canonical__p022_zero_control,canonical__p022_zero_control,canonical,p022,architecture_structured,"Interior of a Protestant, Gothic Church, with a Gravedigger in the Choir",Emanuel de Witte,p022_zero_control,zero_control,opencv_telea,True,data/processed/clean/p022_clean.png,data/processed/masked/p022_zero_control_damaged.png,data/processed/masks/p022_zero_control_mask.png,data/processed/restored/opencv_telea/canonical/canonical__p022_zero_control_restored_opencv_telea.png,opencv_telea_canonical_canonical_p022_zero_control_difference_maps.png,outputs/figures/opencv_difference_maps/all_cases/canonical/opencv_telea_canonical_canonical_p022_zero_control_difference_maps.png,768,768,589824,459264,0,589824,0,0,0.0,0.0,85,0,683,768,,,,,5,both,127,,,,,0.0,0.0,0.0,0.0,0.0,0.0,0.0,0.0,0.0,0.0,0,,,,,0,0,0,,,,589824,0.0,0.0,0.0,0.0,0,0,589824,0.0,0.0,100.0,0,,,,,0,0,0,,,,459264,0.0,0.0,0.0,0.0,0,0,459264,0.0,0.0,100.0,,,,,,,,,0.0,0.0,0.0,0.0,False,False,False,False,0,unchanged_or_undefined,unchanged_or_undefined,0.0,255.0,-253.3333282470703,253.3333282470703,2096806,2096806,1.9996700286865234,2383,2335,RGBA,PNG,1558ffc00766a162f77040f26eb6f4586c712493abf1e1ff1e49c703202a285f,5.906558500020765,2.0.0,restoration_eval.error_maps,ok,,,,,0,0,0,,
opencv_telea__canonical__canonical__p023_loss_large,opencv_telea__canonical__canonical__p023_loss_large,canonical__p023_loss_large,canonical__p023_loss_large,canonical,p023,architecture_structured,Church Interior,Johannes Bosboom,p023_loss_large,loss_large,opencv_telea,False,data/processed/clean/p023_clean.png,data/processed/masked/p023_loss_large_damaged.png,data/processed/masks/p023_loss_large_mask.png,data/processed/restored/opencv_telea/canonical/canonical__p023_loss_large_restored_opencv_telea.png,opencv_telea_canonical_canonical_p023_loss_large_difference_maps.png,outputs/figures/opencv_difference_maps/all_cases/canonical/opencv_telea_canonical_canonical_p023_loss_large_difference_maps.png,768,768,589824,422400,44286,545538,10108,44286,0.07508341471354167,7.508341471354167,109,0,659,768,312.0,444.0,621.0,686.0,5,both,127,17.37966851826762,-38.27460898101732,0.7304647686959562,,11.070987701416016,41.280418395996094,225.3333282470703,3.345961332321167,15.566486358642578,145.6666717529297,7.725024700164795,32.425437927246094,-84.66665649414062,209.6666717529297,44286,102.88590240478516,64.90373229980469,-84.66665649414062,209.6666717529297,40001,4264,21,90.3242559725421,9.628324978548527,0.047419048909361876,545538,0.0,0.0,0.0,0.0,0,0,545538,0.0,0.0,100.0,10108,62.69515609741211,72.13933563232422,-11.666671752929688,209.6666717529297,5036,9,5063,49.821923229125446,0.0890383854372774,50.08903838543728,422400,10.786944389343262,37.88298416137695,-84.66665649414062,209.6666717529297,40001,4264,378135,9.469933712121211,1.009469696969697,89.5205965909091,147.44915771484375,50.86134338378906,44.563255310058594,37.28950500488281,69.24353790283203,76.64347076416016,6.548377513885498,12.841181755065918,0.0,0.0,0.0,0.0,False,False,False,False,0,improved,unchanged_or_undefined,0.0,255.0,-253.3333282470703,253.3333282470703,2169209,2169209,2.068718910217285,2383,2335,RGBA,PNG,b13a71c3460ce9751ca2c2cb25833f144d16d6110985be1d0d9165596d76e1c5,5.987445399980061,2.0.0,restoration_eval.error_maps,ok,,147.44915771484375,44.563255310058594,102.88590240478516,4264,40001,21,9.628324978548527,90.3242559725421
opencv_telea__canonical__canonical__p023_loss_small,opencv_telea__canonical__canonical__p023_loss_small,canonical__p023_loss_small,canonical__p023_loss_small,canonical,p023,architecture_structured,Church Interior,Johannes Bosboom,p023_loss_small,loss_small,opencv_telea,False,data/processed/clean/p023_clean.png,data/processed/masked/p023_loss_small_damaged.png,data/processed/masks/p023_loss_small_mask.png,data/processed/restored/opencv_telea/canonical/canonical__p023_loss_small_restored_opencv_telea.png,opencv_telea_canonical_canonical_p023_loss_small_difference_maps.png,outputs/figures/opencv_difference_maps/all_cases/canonical/opencv_telea_canonical_canonical_p023_loss_small_difference_maps.png,768,768,589824,422400,18453,571371,13229,18453,0.031285603841145836,3.1285603841145835,109,0,659,768,184.0,56.0,467.0,595.0,5,both,127,41.82472588016402,-36.44402897451182,2.113891888119177,,4.553889274597168,26.402917861938477,220.0,0.5214352011680603,4.439672946929932,107.33333587646484,4.032454013824463,24.01213264465332,-35.33333206176758,207.0,18453,128.8916778564453,48.33546829223633,-35.33333206176758,207.0,18439,13,1,99.92413157752127,0.07044924944453476,0.005419173034194981,571371,0.0,0.0,0.0,0.0,0,0,571371,0.0,0.0,100.0,13229,62.57878112792969,73.2240219116211,0.0,207.0,6254,0,6975,47.27492629828407,0.0,52.72507370171593,422400,5.630773067474365,28.2155818939209,-35.33333206176758,207.0,18439,13,403948,4.3652935606060606,0.0030776515151515155,95.63162878787878,145.55862426757812,41.926212310791016,16.66693878173828,18.998126983642578,67.6104507446289,77.1043930053711,5.031672954559326,10.94166374206543,0.0,0.0,0.0,0.0,False,False,False,False,0,improved,unchanged_or_undefined,0.0,255.0,-253.3333282470703,253.3333282470703,2123055,2123055,2.024703025817871,2383,2335,RGBA,PNG,b86f0217b6b86c71ee87ff8a45f73d346cf4aac73b25fa20414e39b22de10070,6.071886499994434,2.0.0,restoration_eval.error_maps,ok,,145.55862426757812,16.66693878173828,128.8916778564453,13,18439,1,0.07044924944453476,99.92413157752127
opencv_telea__canonical__canonical__p023_mixed_damage,opencv_telea__canonical__canonical__p023_mixed_damage,canonical__p023_mixed_damage,canonical__p023_mixed_damage,canonical,p023,architecture_structured,Church Interior,Johannes Bosboom,p023_mixed_damage,mixed_damage,opencv_telea,False,data/processed/clean/p023_clean.png,data/processed/masked/p023_mixed_damage_damaged.png,data/processed/masks/p023_mixed_damage_mask.png,data/processed/restored/opencv_telea/canonical/canonical__p023_mixed_damage_restored_opencv_telea.png,opencv_telea_canonical_canonical_p023_mixed_damage_difference_maps.png,outputs/figures/opencv_difference_maps/all_cases/canonical/opencv_telea_canonical_canonical_p023_mixed_damage_difference_maps.png,768,768,589824,422400,42254,547570,42509,42254,0.07163831922743055,7.163831922743055,109,0,659,768,101.0,0.0,667.0,768.0,5,both,127,40.43888547040912,-28.705905555292603,1.9899514180599451,,10.320878982543945,39.19198989868164,223.0,1.603355884552002,9.622251510620117,146.6666717529297,8.717521667480469,34.440677642822266,-69.0,215.0,42254,121.68795013427734,53.013946533203125,-69.0,215.0,41280,969,5,97.69489279121504,2.293274009561225,0.011833199223742132,547570,0.0,0.0,0.0,0.0,0,0,547570,0.0,0.0,100.0,42509,45.40164566040039,68.80926513671875,0.0,215.0,14770,0,27739,34.745583288244845,0.0,65.25441671175516,422400,12.172826766967773,40.1777229309082,-69.0,215.0,41280,969,380151,9.772727272727273,0.2294034090909091,89.99786931818183,144.0692138671875,46.60679626464844,22.38125991821289,28.764514923095703,48.357093811035156,72.08991241455078,2.955444574356079,7.757437705993652,0.0,0.0,0.0,0.0,False,False,False,False,0,improved,unchanged_or_undefined,0.0,255.0,-253.3333282470703,253.3333282470703,2282609,2282609,2.176865577697754,2383,2335,RGBA,PNG,2025407cc8240c38640d91827eb7ae1bcc311c90b8a2010b8a12f17d32a19cda,5.862924899964128,2.0.0,restoration_eval.error_maps,ok,,144.0692138671875,22.38125991821289,121.68795013427734,969,41280,5,2.293274009561225,97.69489279121504
opencv_telea__canonical__canonical__p023_scratch_thin,opencv_telea__canonical__canonical__p023_scratch_thin,canonical__p023_scratch_thin,canonical__p023_scratch_thin,canonical,p023,architecture_structured,Church Interior,Johannes Bosboom,p023_scratch_thin,scratch_thin,opencv_telea,False,data/processed/clean/p023_clean.png,data/processed/masked/p023_scratch_thin_damaged.png,data/processed/masks/p023_scratch_thin_mask.png,data/processed/restored/opencv_telea/canonical/canonical__p023_scratch_thin_restored_opencv_telea.png,opencv_telea_canonical_canonical_p023_scratch_thin_difference_maps.png,outputs/figures/opencv_difference_maps/all_cases/canonical/opencv_telea_canonical_canonical_p023_scratch_thin_difference_maps.png,768,768,589824,422400,8131,581693,32071,8131,0.013785468207465278,1.378546820746528,109,0,659,768,101.0,0.0,667.0,768.0,5,both,127,63.563932275652846,-2.818226540400929,3.949025450248204,,1.7338008880615234,15.512554168701172,224.3333282470703,0.0948096215724945,1.188118577003479,89.66666412353516,1.6389909982681274,14.806187629699707,-14.0,219.0,8131,118.8926773071289,44.2930793762207,-14.0,219.0,8129,2,0,99.97540277948592,0.024597220514081912,0.0,581693,0.0,0.0,0.0,0.0,0,0,581693,0.0,0.0,100.0,32071,30.143007278442383,56.325653076171875,-14.0,219.0,8129,2,23940,25.34688659536653,0.00623616351220729,74.64687724112126,422400,2.2886273860931396,17.453609466552734,-14.0,219.0,8129,2,414269,1.9244791666666667,0.0004734848484848485,98.07504734848484,125.77017974853516,43.08059310913086,6.877505779266357,7.46669340133667,31.886669158935547,58.857200622558594,1.7436624765396118,4.804834842681885,0.0,0.0,0.0,0.0,False,False,False,False,0,improved,unchanged_or_undefined,0.0,255.0,-253.3333282470703,253.3333282470703,2161635,2161635,2.061495780944824,2383,2335,RGBA,PNG,bd715f8ccd0b8e90970955c0c722051db2461675fdbefb90b22e9ad4d1b90095,6.059165999991819,2.0.0,restoration_eval.error_maps,ok,,125.77017974853516,6.877505779266357,118.8926773071289,2,8129,0,0.024597220514081912,99.97540277948592
opencv_telea__canonical__canonical__p023_zero_control,opencv_telea__canonical__canonical__p023_zero_control,canonical__p023_zero_control,canonical__p023_zero_control,canonical,p023,architecture_structured,Church Interior,Johannes Bosboom,p023_zero_control,zero_control,opencv_telea,True,data/processed/clean/p023_clean.png,data/processed/masked/p023_zero_control_damaged.png,data/processed/masks/p023_zero_control_mask.png,data/processed/restored/opencv_telea/canonical/canonical__p023_zero_control_restored_opencv_telea.png,opencv_telea_canonical_canonical_p023_zero_control_difference_maps.png,outputs/figures/opencv_difference_maps/all_cases/canonical/opencv_telea_canonical_canonical_p023_zero_control_difference_maps.png,768,768,589824,422400,0,589824,0,0,0.0,0.0,109,0,659,768,,,,,5,both,127,,,,,0.0,0.0,0.0,0.0,0.0,0.0,0.0,0.0,0.0,0.0,0,,,,,0,0,0,,,,589824,0.0,0.0,0.0,0.0,0,0,589824,0.0,0.0,100.0,0,,,,,0,0,0,,,,422400,0.0,0.0,0.0,0.0,0,0,422400,0.0,0.0,100.0,,,,,,,,,0.0,0.0,0.0,0.0,False,False,False,False,0,unchanged_or_undefined,unchanged_or_undefined,0.0,255.0,-253.3333282470703,253.3333282470703,2013404,2013404,1.9201316833496094,2383,2335,RGBA,PNG,ca668d3e065d9cfd090a351abf6ac6dcb9321b931464decb75e32ff8b21a0dab,6.061600799963344,2.0.0,restoration_eval.error_maps,ok,,,,,0,0,0,,
opencv_telea__canonical__canonical__p024_loss_large,opencv_telea__canonical__canonical__p024_loss_large,canonical__p024_loss_large,canonical__p024_loss_large,canonical,p024,architecture_structured,Interior of the Church of St Bavo in Haarlem,Johannes Bosboom,p024_loss_large,loss_large,opencv_telea,False,data/processed/clean/p024_clean.png,data/processed/masked/p024_loss_large_damaged.png,data/processed/masks/p024_loss_large_mask.png,data/processed/restored/opencv_telea/canonical/canonical__p024_loss_large_restored_opencv_telea.png,opencv_telea_canonical_canonical_p024_loss_large_difference_maps.png,outputs/figures/opencv_difference_maps/all_cases/canonical/opencv_telea_canonical_canonical_p024_loss_large_difference_maps.png,768,768,589824,459264,57578,532246,11289,57578,0.09761895073784722,9.761895073784723,85,0,683,768,328.0,283.0,660.0,620.0,5,both,127,19.085292993851823,-39.56509430685331,0.8246136927747365,,15.554851531982422,48.565616607666016,245.6666717529297,3.5378241539001465,14.967486381530762,161.3333282470703,12.01702880859375,39.18535232543945,-30.333335876464844,235.3333282470703,57578,123.10137176513672,45.33001708984375,-30.333335876464844,235.3333282470703,57321,250,7,99.55364896314565,0.434193615617076,0.012157421237278126,532246,0.0,0.0,0.0,0.0,0,0,532246,0.0,0.0,100.0,11289,70.08692932128906,77.74442291259766,0.0,235.3333282470703,5520,0,5769,48.89715652404996,0.0,51.102843475950046,459264,15.43324089050293,43.809593200683594,-30.333335876464844,235.3333282470703,57321,250,401693,12.48105664715719,0.05443492196209587,87.46450843088071,159.34255981445312,35.355289459228516,36.24116516113281,33.312034606933594,74.98091888427734,81.6231918334961,4.8939971923828125,10.401150703430176,0.0,0.0,0.0,0.0,False,False,False,False,0,improved,unchanged_or_undefined,0.0,255.0,-253.3333282470703,253.3333282470703,2225487,2225487,2.122389793395996,2383,2335,RGBA,PNG,830ba966783f3429a7976bac4c1541e4ec2c10564cb7e17e062b3d6887ece9fa,6.03375339997001,2.0.0,restoration_eval.error_maps,ok,,159.34255981445312,36.24116516113281,123.10137176513672,250,57321,7,0.434193615617076,99.55364896314565
opencv_telea__canonical__canonical__p024_loss_small,opencv_telea__canonical__canonical__p024_loss_small,canonical__p024_loss_small,canonical__p024_loss_small,canonical,p024,architecture_structured,Interior of the Church of St Bavo in Haarlem,Johannes Bosboom,p024_loss_small,loss_small,opencv_telea,False,data/processed/clean/p024_clean.png,data/processed/masked/p024_loss_small_damaged.png,data/processed/masks/p024_loss_small_mask.png,data/processed/restored/opencv_telea/canonical/canonical__p024_loss_small_restored_opencv_telea.png,opencv_telea_canonical_canonical_p024_loss_small_difference_maps.png,outputs/figures/opencv_difference_maps/all_cases/canonical/opencv_telea_canonical_canonical_p024_loss_small_difference_maps.png,768,768,589824,459264,20530,569294,16964,20530,0.03480699327256945,3.4806993272569446,85,0,683,768,146.0,42.0,502.0,757.0,5,both,127,60.870806949180064,-90.99566488066245,3.203479809827705,,7.044208526611328,37.46554183959961,247.3333282470703,0.385139137506485,3.2728612422943115,111.0,6.659070014953613,35.6217041015625,0.0,240.6666717529297,20530,191.31410217285156,33.59133529663086,7.666664123535156,240.6666717529297,20530,0,0,100.0,0.0,0.0,569294,0.0,0.0,0.0,0.0,0,0,569294,0.0,0.0,100.0,16964,89.40968322753906,98.98204040527344,0.0,240.6666717529297,7836,0,9128,46.19193586418297,0.0,53.80806413581703,459264,8.552115440368652,40.16768264770508,0.0,240.6666717529297,20530,0,438734,4.470195791527313,0.0,95.5298042084727,202.3790740966797,28.203866958618164,11.064992904663086,13.768471717834473,93.01524353027344,102.21183013916016,3.6055569648742676,7.853907108306885,0.0,0.0,0.0,0.0,False,False,False,False,0,improved,unchanged_or_undefined,0.0,255.0,-253.3333282470703,253.3333282470703,2166608,2166608,2.0662384033203125,2383,2335,RGBA,PNG,fd6c7a6a31976234511463437067bce49c2606d924cfd54880fbe8e40c51bbde,6.113079299975652,2.0.0,restoration_eval.error_maps,ok,,202.3790740966797,11.064992904663086,191.31410217285156,0,20530,0,0.0,100.0
opencv_telea__canonical__canonical__p024_mixed_damage,opencv_telea__canonical__canonical__p024_mixed_damage,canonical__p024_mixed_damage,canonical__p024_mixed_damage,canonical,p024,architecture_structured,Interior of the Church of St Bavo in Haarlem,Johannes Bosboom,p024_mixed_damage,mixed_damage,opencv_telea,False,data/processed/clean/p024_clean.png,data/processed/masked/p024_mixed_damage_damaged.png,data/processed/masks/p024_mixed_damage_mask.png,data/processed/restored/opencv_telea/canonical/canonical__p024_mixed_damage_restored_opencv_telea.png,opencv_telea_canonical_canonical_p024_mixed_damage_difference_maps.png,outputs/figures/opencv_difference_maps/all_cases/canonical/opencv_telea_canonical_canonical_p024_mixed_damage_difference_maps.png,768,768,589824,459264,37292,552532,37882,37292,0.06322564019097222,6.322564019097222,85,0,683,768,77.0,0.0,691.0,768.0,5,both,127,60.19454574707712,-85.73335657334906,3.252232596571716,,12.130989074707031,47.89331817626953,253.6666717529297,0.9494584202766418,7.644254207611084,152.6666717529297,11.18152904510498,44.76168441772461,-51.999996185302734,244.0,37292,176.8511962890625,48.89710235595703,-51.999996185302734,244.0,37280,12,0,99.96782151667918,0.03217848332081948,0.0,552532,0.0,0.0,0.0,0.0,0,0,552532,0.0,0.0,100.0,37882,57.23411560058594,87.24452209472656,-51.999996185302734,244.0,12122,12,25748,31.999366453724726,0.03167731376379283,67.96895623251147,459264,14.360223770141602,50.27473449707031,-51.999996185302734,244.0,37280,12,421972,8.117335562987737,0.002612876254180602,91.88005156075808,191.86819458007812,42.34688949584961,15.016982078552246,26.7015323638916,59.57292556762695,89.99746704101562,2.338815212249756,7.0927348136901855,0.0,0.0,0.0,0.0,False,False,False,False,0,improved,unchanged_or_undefined,0.0,255.0,-253.3333282470703,253.3333282470703,2321152,2321152,2.213623046875,2383,2335,RGBA,PNG,d20f799605daf4f2333eac83d1e8bbf751404d368a460b1276475928f3eb7314,6.145293300040066,2.0.0,restoration_eval.error_maps,ok,,191.86819458007812,15.016982078552246,176.8511962890625,12,37280,0,0.03217848332081948,99.96782151667918
opencv_telea__canonical__canonical__p024_scratch_thin,opencv_telea__canonical__canonical__p024_scratch_thin,canonical__p024_scratch_thin,canonical__p024_scratch_thin,canonical,p024,architecture_structured,Interior of the Church of St Bavo in Haarlem,Johannes Bosboom,p024_scratch_thin,scratch_thin,opencv_telea,False,data/processed/clean/p024_clean.png,data/processed/masked/p024_scratch_thin_damaged.png,data/processed/masks/p024_scratch_thin_mask.png,data/processed/restored/opencv_telea/canonical/canonical__p024_scratch_thin_restored_opencv_telea.png,opencv_telea_canonical_canonical_p024_scratch_thin_difference_maps.png,outputs/figures/opencv_difference_maps/all_cases/canonical/opencv_telea_canonical_canonical_p024_scratch_thin_difference_maps.png,768,768,589824,459264,6922,582902,30232,6922,0.011735704210069444,1.1735704210069444,85,0,683,768,77.0,0.0,691.0,768.0,5,both,127,84.57859000288934,-64.25585091014156,5.846187368198127,,2.2339115142822266,20.85106658935547,253.0,0.06234005466103554,0.9852059483528137,109.33333587646484,2.1715714931488037,20.34259033203125,-20.0,240.0,6922,185.03973388671875,37.733787536621094,-20.0,240.0,6920,2,0,99.9711066165848,0.028893383415197923,0.0,582902,0.0,0.0,0.0,0.0,0,0,582902,0.0,0.0,100.0,30232,42.36719512939453,79.81629943847656,-20.0,240.0,6920,2,23310,22.889653347446416,0.006615506747816882,77.10373114580577,459264,2.788907527923584,23.016096115112305,-20.0,240.0,6920,2,452342,1.5067586399108137,0.000435479375696767,98.49280588071349,190.3517303466797,35.18458557128906,5.312000751495361,7.404139995574951,43.58344268798828,81.7319564819336,1.2162498235702515,4.187300682067871,0.0,0.0,0.0,0.0,False,False,False,False,0,improved,unchanged_or_undefined,0.0,255.0,-253.3333282470703,253.3333282470703,2173577,2173577,2.0728845596313477,2383,2335,RGBA,PNG,74060ba2a799d93f2cb854ebd9510e95e93903bdcb2f9949e748bf195605397e,6.067744500003755,2.0.0,restoration_eval.error_maps,ok,,190.3517303466797,5.312000751495361,185.03973388671875,2,6920,0,0.028893383415197923,99.9711066165848
opencv_telea__canonical__canonical__p024_zero_control,opencv_telea__canonical__canonical__p024_zero_control,canonical__p024_zero_control,canonical__p024_zero_control,canonical,p024,architecture_structured,Interior of the Church of St Bavo in Haarlem,Johannes Bosboom,p024_zero_control,zero_control,opencv_telea,True,data/processed/clean/p024_clean.png,data/processed/masked/p024_zero_control_damaged.png,data/processed/masks/p024_zero_control_mask.png,data/processed/restored/opencv_telea/canonical/canonical__p024_zero_control_restored_opencv_telea.png,opencv_telea_canonical_canonical_p024_zero_control_difference_maps.png,outputs/figures/opencv_difference_maps/all_cases/canonical/opencv_telea_canonical_canonical_p024_zero_control_difference_maps.png,768,768,589824,459264,0,589824,0,0,0.0,0.0,85,0,683,768,,,,,5,both,127,,,,,0.0,0.0,0.0,0.0,0.0,0.0,0.0,0.0,0.0,0.0,0,,,,,0,0,0,,,,589824,0.0,0.0,0.0,0.0,0,0,589824,0.0,0.0,100.0,0,,,,,0,0,0,,,,459264,0.0,0.0,0.0,0.0,0,0,459264,0.0,0.0,100.0,,,,,,,,,0.0,0.0,0.0,0.0,False,False,False,False,0,unchanged_or_undefined,unchanged_or_undefined,0.0,255.0,-253.3333282470703,253.3333282470703,2019722,2019722,1.926156997680664,2383,2335,RGBA,PNG,f9a933dc169acfc4ee2977abf8bb5536f1e53961a2cc47851d7ca6f2b6e511c6,6.986376499990001,2.0.0,restoration_eval.error_maps,ok,,,,,0,0,0,,
opencv_telea__canonical__canonical__p025_loss_large,opencv_telea__canonical__canonical__p025_loss_large,canonical__p025_loss_large,canonical__p025_loss_large,canonical,p025,architecture_structured,The Quay de Paris in Rouen,Johannes Bosboom,p025_loss_large,loss_large,opencv_telea,False,data/processed/clean/p025_clean.png,data/processed/masked/p025_loss_large_damaged.png,data/processed/masks/p025_loss_large_mask.png,data/processed/restored/opencv_telea/canonical/canonical__p025_loss_large_restored_opencv_telea.png,opencv_telea_canonical_canonical_p025_loss_large_difference_maps.png,outputs/figures/opencv_difference_maps/all_cases/canonical/opencv_telea_canonical_canonical_p025_loss_large_difference_maps.png,768,768,589824,491520,60302,529522,10397,60302,0.1022372775607639,10.22372775607639,0,64,768,704,39.0,315.0,341.0,619.0,5,both,127,30.42933346599891,-59.38173968801476,1.3687225270701333,,16.32431983947754,51.415855407714844,237.0,2.2638487815856934,9.874532699584961,141.0,14.060473442077637,45.343257904052734,-43.666664123535156,229.3333282470703,60302,137.52783203125,55.946189880371094,-43.666664123535156,229.3333282470703,60274,28,0,99.95356704586914,0.046432954130874594,0.0,529522,0.0,0.0,0.0,0.0,0,0,529522,0.0,0.0,100.0,10397,73.2041244506836,85.81723022460938,0.0,229.3333282470703,5122,0,5275,49.264210830047126,0.0,50.735789169952874,491520,16.872568130493164,49.19110870361328,-43.666664123535156,229.3333282470703,60274,28,431218,12.262776692708334,0.005696614583333333,87.73152669270833,159.67092895507812,54.48957443237305,22.143085479736328,22.661394119262695,76.61238861083984,89.08294677734375,3.4082584381103516,7.3132734298706055,0.0,0.0,0.0,0.0,False,False,False,False,0,improved,unchanged_or_undefined,0.0,255.0,-253.3333282470703,253.3333282470703,2351542,2351542,2.242605209350586,2383,2335,RGBA,PNG,a48e52f1ddf05460ef6d9900a03c8a32a09c945396543a338a7000305bb89496,6.240992100036237,2.0.0,restoration_eval.error_maps,ok,,159.67092895507812,22.143085479736328,137.52783203125,28,60274,0,0.046432954130874594,99.95356704586914
opencv_telea__canonical__canonical__p025_loss_small,opencv_telea__canonical__canonical__p025_loss_small,canonical__p025_loss_small,canonical__p025_loss_small,canonical,p025,architecture_structured,The Quay de Paris in Rouen,Johannes Bosboom,p025_loss_small,loss_small,opencv_telea,False,data/processed/clean/p025_clean.png,data/processed/masked/p025_loss_small_damaged.png,data/processed/masks/p025_loss_small_mask.png,data/processed/restored/opencv_telea/canonical/canonical__p025_loss_small_restored_opencv_telea.png,opencv_telea_canonical_canonical_p025_loss_small_difference_maps.png,outputs/figures/opencv_difference_maps/all_cases/canonical/opencv_telea_canonical_canonical_p025_loss_small_difference_maps.png,768,768,589824,491520,15212,574612,13343,15212,0.025790744357638888,2.579074435763889,0,64,768,704,22.0,125.0,532.0,560.0,5,both,127,55.84391708300464,-12.365654308002462,3.074659432607429,,3.455904960632324,23.14169692993164,235.0,0.34800609946250916,3.6647226810455322,117.66666412353516,3.1078994274139404,21.364789962768555,-38.0,229.6666717529297,15212,120.50445556640625,59.59501647949219,-38.0,229.6666717529297,14973,237,2,98.42887194320274,1.557980541677623,0.013147515119642388,574612,0.0,0.0,0.0,0.0,0,0,574612,0.0,0.0,100.0,13343,57.27894592285156,72.03204345703125,0.0,229.6666717529297,6183,0,7160,46.338904294386566,0.0,53.66109570561343,491520,3.7294793128967285,23.3543701171875,-38.0,229.6666717529297,14973,237,476310,3.0462646484375,0.0482177734375,96.905517578125,133.99790954589844,57.20498275756836,13.493449211120605,18.529970169067383,60.38799285888672,75.4375,3.10904598236084,6.986280918121338,0.0,0.0,0.0,0.0,False,False,False,False,0,improved,unchanged_or_undefined,0.0,255.0,-253.3333282470703,253.3333282470703,2262525,2262525,2.157711982727051,2383,2335,RGBA,PNG,bfaeea1141a11e973659120b5a765c7d0f7ed2653b3f8a4cc0e3e148e32fbf28,6.300324700016063,2.0.0,restoration_eval.error_maps,ok,,133.99790954589844,13.493449211120605,120.50445556640625,237,14973,2,1.557980541677623,98.42887194320274
opencv_telea__canonical__canonical__p025_mixed_damage,opencv_telea__canonical__canonical__p025_mixed_damage,canonical__p025_mixed_damage,canonical__p025_mixed_damage,canonical,p025,architecture_structured,The Quay de Paris in Rouen,Johannes Bosboom,p025_mixed_damage,mixed_damage,opencv_telea,False,data/processed/clean/p025_clean.png,data/processed/masked/p025_mixed_damage_damaged.png,data/processed/masks/p025_mixed_damage_mask.png,data/processed/restored/opencv_telea/canonical/canonical__p025_mixed_damage_restored_opencv_telea.png,opencv_telea_canonical_canonical_p025_mixed_damage_difference_maps.png,outputs/figures/opencv_difference_maps/all_cases/canonical/opencv_telea_canonical_canonical_p025_mixed_damage_difference_maps.png,768,768,589824,491520,44548,545276,49341,44548,0.0755276150173611,7.552761501736111,0,64,768,704,0.0,56.0,768.0,712.0,5,both,127,53.82472090030229,14.127016551435162,2.871481794180461,,8.369362831115723,32.27730941772461,252.3333282470703,1.5814875364303589,10.085882186889648,167.0,6.787874221801758,27.061241149902344,-100.33333587646484,247.0,44548,89.87274932861328,47.210933685302734,-100.33333587646484,247.0,43185,1357,6,96.9403789171231,3.046152464757116,0.01346861811978091,545276,0.0,0.0,0.0,0.0,0,0,545276,0.0,0.0,100.0,49341,33.739768981933594,57.88074493408203,-67.0,247.0,15438,24,33879,31.28838085973126,0.04864108956040615,68.66297805070833,491520,8.1454496383667,29.457012176513672,-100.33333587646484,247.0,43185,1357,446978,8.7860107421875,0.2760823567708333,90.93790690104167,110.81194305419922,49.41756057739258,20.93919563293457,30.684261322021484,36.08143997192383,61.54757308959961,2.341670036315918,7.998392105102539,0.0,0.0,0.0,0.0,False,False,False,False,0,improved,unchanged_or_undefined,0.0,255.0,-253.3333282470703,253.3333282470703,2509714,2509714,2.3934497833251953,2383,2335,RGBA,PNG,d135bb17f1e10b7857ef03031265f5d5a8c324b9d2d02f6acb6d581575dab8bd,6.294818599999417,2.0.0,restoration_eval.error_maps,ok,,110.81194305419922,20.93919563293457,89.87274932861328,1357,43185,6,3.046152464757116,96.9403789171231
opencv_telea__canonical__canonical__p025_scratch_thin,opencv_telea__canonical__canonical__p025_scratch_thin,canonical__p025_scratch_thin,canonical__p025_scratch_thin,canonical,p025,architecture_structured,The Quay de Paris in Rouen,Johannes Bosboom,p025_scratch_thin,scratch_thin,opencv_telea,False,data/processed/clean/p025_clean.png,data/processed/masked/p025_scratch_thin_damaged.png,data/processed/masks/p025_scratch_thin_mask.png,data/processed/restored/opencv_telea/canonical/canonical__p025_scratch_thin_restored_opencv_telea.png,opencv_telea_canonical_canonical_p025_scratch_thin_difference_maps.png,outputs/figures/opencv_difference_maps/all_cases/canonical/opencv_telea_canonical_canonical_p025_scratch_thin_difference_maps.png,768,768,589824,491520,14613,575211,55631,14613,0.024775187174479168,2.477518717447917,0,64,768,704,0.0,56.0,695.0,712.0,5,both,127,71.23552088323183,-0.8091881657884414,4.444225001207716,,3.134343147277832,21.522903442382812,252.0,0.21793507039546967,2.6316170692443848,131.0,2.916407823562622,20.050872802734375,-26.666667938232422,246.66665649414062,14613,117.71485900878906,52.09550857543945,-26.666667938232422,246.66665649414062,14609,4,0,99.97262711284472,0.0273728871552727,0.0,575211,0.0,0.0,0.0,0.0,0,0,575211,0.0,0.0,100.0,55631,30.921022415161133,58.28074264526367,-26.666667938232422,246.66665649414062,14609,4,41018,26.260538189139147,0.007190235659973756,73.73227157520088,491520,3.4996895790100098,21.918113708496094,-26.666667938232422,246.66665649414062,14609,4,476907,2.9722086588541665,0.0008138020833333334,97.0269775390625,126.51136779785156,55.57835388183594,8.79650592803955,14.285257339477539,33.231658935546875,62.539894104003906,2.3106420040130615,8.281949996948242,0.0,0.0,0.0,0.0,False,False,False,False,0,improved,unchanged_or_undefined,0.0,255.0,-253.3333282470703,253.3333282470703,2451963,2451963,2.338374137878418,2383,2335,RGBA,PNG,5b596e1faa41265beab24b126facfc5fdf57b93397c4f1994e11aca5d085bb45,6.5398534999694675,2.0.0,restoration_eval.error_maps,ok,,126.51136779785156,8.79650592803955,117.71485900878906,4,14609,0,0.0273728871552727,99.97262711284472
opencv_telea__canonical__canonical__p025_zero_control,opencv_telea__canonical__canonical__p025_zero_control,canonical__p025_zero_control,canonical__p025_zero_control,canonical,p025,architecture_structured,The Quay de Paris in Rouen,Johannes Bosboom,p025_zero_control,zero_control,opencv_telea,True,data/processed/clean/p025_clean.png,data/processed/masked/p025_zero_control_damaged.png,data/processed/masks/p025_zero_control_mask.png,data/processed/restored/opencv_telea/canonical/canonical__p025_zero_control_restored_opencv_telea.png,opencv_telea_canonical_canonical_p025_zero_control_difference_maps.png,outputs/figures/opencv_difference_maps/all_cases/canonical/opencv_telea_canonical_canonical_p025_zero_control_difference_maps.png,768,768,589824,491520,0,589824,0,0,0.0,0.0,0,64,768,704,,,,,5,both,127,,,,,0.0,0.0,0.0,0.0,0.0,0.0,0.0,0.0,0.0,0.0,0,,,,,0,0,0,,,,589824,0.0,0.0,0.0,0.0,0,0,589824,0.0,0.0,100.0,0,,,,,0,0,0,,,,491520,0.0,0.0,0.0,0.0,0,0,491520,0.0,0.0,100.0,,,,,,,,,0.0,0.0,0.0,0.0,False,False,False,False,0,unchanged_or_undefined,unchanged_or_undefined,0.0,255.0,-253.3333282470703,253.3333282470703,2165805,2165805,2.0654726028442383,2383,2335,RGBA,PNG,3d34bff619d1a7528cc72f1cfbbf2d6eda669361b5adbc2e19182f762c152d34,6.080987200024538,2.0.0,restoration_eval.error_maps,ok,,,,,0,0,0,,
opencv_telea__canonical__canonical__p026_loss_large,opencv_telea__canonical__canonical__p026_loss_large,canonical__p026_loss_large,canonical__p026_loss_large,canonical,p026,architecture_structured,View of a Village along a River,attributed to Jan Brueghel I,p026_loss_large,loss_large,opencv_telea,False,data/processed/clean/p026_clean.png,data/processed/masked/p026_loss_large_damaged.png,data/processed/masks/p026_loss_large_mask.png,data/processed/restored/opencv_telea/canonical/canonical__p026_loss_large_restored_opencv_telea.png,opencv_telea_canonical_canonical_p026_loss_large_difference_maps.png,outputs/figures/opencv_difference_maps/all_cases/canonical/opencv_telea_canonical_canonical_p026_loss_large_difference_maps.png,768,768,589824,406272,52670,537154,11226,52670,0.0892978244357639,8.92978244357639,0,119,768,648,383.0,174.0,685.0,471.0,5,both,127,37.05571799253211,-6.196443263084603,1.8256446565195148,,11.129634857177734,36.499977111816406,216.6666717529297,1.4128270149230957,6.290914535522461,105.33333587646484,9.716806411743164,32.53173065185547,0.0,188.6666717529297,52670,108.8134765625,32.68730545043945,0.33333587646484375,188.6666717529297,52670,0,0,100.0,0.0,0.0,537154,0.0,0.0,0.0,0.0,0,0,537154,0.0,0.0,100.0,11226,60.11140823364258,65.56354522705078,0.0,188.6666717529297,5595,0,5631,49.83965793693212,0.0,50.16034206306787,406272,14.106820106506348,38.39956283569336,0.0,188.6666717529297,52670,0,353602,12.964221014492756,0.0,87.03577898550725,124.63499450683594,27.792545318603516,15.821517944335938,14.670352935791016,63.483638763427734,68.9858169555664,3.3722312450408936,6.440113544464111,0.0,0.0,0.0,0.0,False,False,False,False,0,improved,unchanged_or_undefined,0.0,255.0,-253.3333282470703,253.3333282470703,2307643,2307643,2.200739860534668,2383,2335,RGBA,PNG,dab749c3cab07760eebe7934632c4073a95f044705e2b26ad033cd1344f79df6,5.982579899951816,2.0.0,restoration_eval.error_maps,ok,,124.63499450683594,15.821517944335938,108.8134765625,0,52670,0,0.0,100.0
opencv_telea__canonical__canonical__p026_loss_small,opencv_telea__canonical__canonical__p026_loss_small,canonical__p026_loss_small,canonical__p026_loss_small,canonical,p026,architecture_structured,View of a Village along a River,attributed to Jan Brueghel I,p026_loss_small,loss_small,opencv_telea,False,data/processed/clean/p026_clean.png,data/processed/masked/p026_loss_small_damaged.png,data/processed/masks/p026_loss_small_mask.png,data/processed/restored/opencv_telea/canonical/canonical__p026_loss_small_restored_opencv_telea.png,opencv_telea_canonical_canonical_p026_loss_small_difference_maps.png,outputs/figures/opencv_difference_maps/all_cases/canonical/opencv_telea_canonical_canonical_p026_loss_small_difference_maps.png,768,768,589824,406272,15084,574740,11871,15084,0.02557373046875,2.557373046875,0,119,768,648,44.0,328.0,689.0,572.0,5,both,127,45.55694775921506,-47.58505701405463,2.294656319128375,,4.258540153503418,26.877927780151367,226.3333282470703,0.26968497037887573,2.221003293991089,66.0,3.988856077194214,25.309741973876953,0.0,211.0,15084,155.97474670410156,36.640506744384766,17.666664123535156,211.0,15084,0,0,100.0,0.0,0.0,574740,0.0,0.0,0.0,0.0,0,0,574740,0.0,0.0,100.0,11871,71.53205108642578,80.08467864990234,0.0,211.0,5525,0,6346,46.541993092410074,0.0,53.458006907589926,406272,5.7910051345825195,30.324241638183594,0.0,211.0,15084,0,391188,3.712783553875236,0.0,96.28721644612477,166.5201416015625,35.05426025390625,10.545389175415039,9.19382095336914,75.6923599243164,84.4189682006836,4.160306453704834,7.223837852478027,0.0,0.0,0.0,0.0,False,False,False,False,0,improved,unchanged_or_undefined,0.0,255.0,-253.3333282470703,253.3333282470703,2226557,2226557,2.123410224914551,2383,2335,RGBA,PNG,f4880a660d4973205518964c5e6c8b1f1108c571c7341cc45afc7529a976c733,6.065414600016084,2.0.0,restoration_eval.error_maps,ok,,166.5201416015625,10.545389175415039,155.97474670410156,0,15084,0,0.0,100.0
opencv_telea__canonical__canonical__p026_mixed_damage,opencv_telea__canonical__canonical__p026_mixed_damage,canonical__p026_mixed_damage,canonical__p026_mixed_damage,canonical,p026,architecture_structured,View of a Village along a River,attributed to Jan Brueghel I,p026_mixed_damage,mixed_damage,opencv_telea,False,data/processed/clean/p026_clean.png,data/processed/masked/p026_mixed_damage_damaged.png,data/processed/masks/p026_mixed_damage_mask.png,data/processed/restored/opencv_telea/canonical/canonical__p026_mixed_damage_restored_opencv_telea.png,opencv_telea_canonical_canonical_p026_mixed_damage_difference_maps.png,outputs/figures/opencv_difference_maps/all_cases/canonical/opencv_telea_canonical_canonical_p026_mixed_damage_difference_maps.png,768,768,589824,406272,37951,551873,40959,37951,0.0643429226345486,6.434292263454861,0,119,768,648,0.0,111.0,768.0,656.0,5,both,127,40.57662951349548,-28.454296329477486,2.0547469637907056,,9.868700981140137,38.497283935546875,231.6666717529297,0.8980334401130676,5.150327205657959,95.33333587646484,8.970664978027344,35.361515045166016,-4.0,224.0,37951,139.41961669921875,35.3098258972168,-4.0,224.0,37950,1,0,99.99736502331955,0.002634976680456378,0.0,551873,0.0,0.0,0.0,0.0,0,0,551873,0.0,0.0,100.0,40959,49.94062423706055,70.69448852539062,0.0,224.0,14324,0,26635,34.971556922776436,0.0,65.02844307722356,406272,13.023573875427246,41.98325729370117,-4.0,224.0,37950,1,368321,9.341032608695652,0.00024614051669817264,90.65872125078765,153.3765869140625,31.97996711730957,13.956987380981445,15.165552139282227,53.66387176513672,76.12890625,3.7232518196105957,9.09941291809082,0.0,0.0,0.0,0.0,False,False,False,False,0,improved,unchanged_or_undefined,0.0,255.0,-253.3333282470703,253.3333282470703,2394436,2394436,2.2835121154785156,2383,2335,RGBA,PNG,097ad03c2d2fc29c9ec1544a4b4f7c5fa14c6d5338706a845099c765360f3e5d,6.107627900026273,2.0.0,restoration_eval.error_maps,ok,,153.3765869140625,13.956987380981445,139.41961669921875,1,37950,0,0.002634976680456378,99.99736502331955
opencv_telea__canonical__canonical__p026_scratch_thin,opencv_telea__canonical__canonical__p026_scratch_thin,canonical__p026_scratch_thin,canonical__p026_scratch_thin,canonical,p026,architecture_structured,View of a Village along a River,attributed to Jan Brueghel I,p026_scratch_thin,scratch_thin,opencv_telea,False,data/processed/clean/p026_clean.png,data/processed/masked/p026_scratch_thin_damaged.png,data/processed/masks/p026_scratch_thin_mask.png,data/processed/restored/opencv_telea/canonical/canonical__p026_scratch_thin_restored_opencv_telea.png,opencv_telea_canonical_canonical_p026_scratch_thin_difference_maps.png,outputs/figures/opencv_difference_maps/all_cases/canonical/opencv_telea_canonical_canonical_p026_scratch_thin_difference_maps.png,768,768,589824,406272,9911,579913,38329,9911,0.016803317599826388,1.6803317599826388,0,119,768,648,0.0,111.0,672.0,656.0,5,both,127,62.19015908250093,-51.42447785289073,3.5549488818956974,,2.763286828994751,21.795209884643555,231.6666717529297,0.12750186026096344,1.3972638845443726,76.0,2.635784864425659,20.795103073120117,0.0,225.6666717529297,9911,156.8610076904297,39.28425979614258,14.333335876464844,225.6666717529297,9911,0,0,100.0,0.0,0.0,579913,0.0,0.0,0.0,0.0,0,0,579913,0.0,0.0,100.0,38329,40.4876823425293,71.46746826171875,0.0,225.6666717529297,9897,0,28432,25.821179785540977,0.0,74.17882021445902,406272,3.826622247695923,24.965023040771484,0.0,225.6666717529297,9911,0,396361,2.4394986609955893,0.0,97.56050133900442,164.44891357421875,41.00063705444336,7.5878987312316895,7.718774795532227,42.440128326416016,74.88429260253906,1.9524468183517456,5.121037006378174,0.0,0.0,0.0,0.0,False,False,False,False,0,improved,unchanged_or_undefined,0.0,255.0,-253.3333282470703,253.3333282470703,2319291,2319291,2.211848258972168,2383,2335,RGBA,PNG,ebc84a7b6448db6f18a75ed5d5faf2ca83c90c2b77ceae19be7a1b4501528af6,5.715927399985958,2.0.0,restoration_eval.error_maps,ok,,164.44891357421875,7.5878987312316895,156.8610076904297,0,9911,0,0.0,100.0
opencv_telea__canonical__canonical__p026_zero_control,opencv_telea__canonical__canonical__p026_zero_control,canonical__p026_zero_control,canonical__p026_zero_control,canonical,p026,architecture_structured,View of a Village along a River,attributed to Jan Brueghel I,p026_zero_control,zero_control,opencv_telea,True,data/processed/clean/p026_clean.png,data/processed/masked/p026_zero_control_damaged.png,data/processed/masks/p026_zero_control_mask.png,data/processed/restored/opencv_telea/canonical/canonical__p026_zero_control_restored_opencv_telea.png,opencv_telea_canonical_canonical_p026_zero_control_difference_maps.png,outputs/figures/opencv_difference_maps/all_cases/canonical/opencv_telea_canonical_canonical_p026_zero_control_difference_maps.png,768,768,589824,406272,0,589824,0,0,0.0,0.0,0,119,768,648,,,,,5,both,127,,,,,0.0,0.0,0.0,0.0,0.0,0.0,0.0,0.0,0.0,0.0,0,,,,,0,0,0,,,,589824,0.0,0.0,0.0,0.0,0,0,589824,0.0,0.0,100.0,0,,,,,0,0,0,,,,406272,0.0,0.0,0.0,0.0,0,0,406272,0.0,0.0,100.0,,,,,,,,,0.0,0.0,0.0,0.0,False,False,False,False,0,unchanged_or_undefined,unchanged_or_undefined,0.0,255.0,-253.3333282470703,253.3333282470703,2137425,2137425,2.038407325744629,2383,2335,RGBA,PNG,8cc12b17eb88ff074d226f428dee9737527972275a317e32da6ae6e3c345002c,5.565623799979221,2.0.0,restoration_eval.error_maps,ok,,,,,0,0,0,,
opencv_telea__canonical__canonical__p027_loss_large,opencv_telea__canonical__canonical__p027_loss_large,canonical__p027_loss_large,canonical__p027_loss_large,canonical,p027,architecture_structured,Italian Landscape with the Ponte Lucano over the Aniene River,Jan Both,p027_loss_large,loss_large,opencv_telea,False,data/processed/clean/p027_clean.png,data/processed/masked/p027_loss_large_damaged.png,data/processed/masks/p027_loss_large_mask.png,data/processed/restored/opencv_telea/canonical/canonical__p027_loss_large_restored_opencv_telea.png,opencv_telea_canonical_canonical_p027_loss_large_difference_maps.png,outputs/figures/opencv_difference_maps/all_cases/canonical/opencv_telea_canonical_canonical_p027_loss_large_difference_maps.png,768,768,589824,461568,51962,537862,12275,51962,0.08809746636284722,8.809746636284723,0,83,768,684,378.0,162.0,687.0,468.0,5,both,127,34.01407438769357,-47.25995920095454,1.568530219747139,,14.856450080871582,49.51337814331055,229.3333282470703,1.9025251865386963,8.985269546508789,116.0,12.953926086425781,44.820003509521484,-23.666671752929688,222.0,51962,147.04086303710938,55.553279876708984,-23.666671752929688,222.0,51901,59,2,99.88260652014934,0.11354451329817943,0.0038489665524806586,537862,0.0,0.0,0.0,0.0,0,0,537862,0.0,0.0,100.0,12275,83.46112823486328,90.68618774414062,0.0,222.0,6030,0,6245,49.12423625254583,0.0,50.87576374745417,461568,16.553434371948242,50.07441329956055,-23.666671752929688,222.0,51901,59,409608,11.244497018857459,0.012782515252357182,88.74272046589017,168.63653564453125,43.53173828125,21.595685958862305,22.161712646484375,88.48575592041016,94.39848327636719,5.024630069732666,9.741613388061523,0.0,0.0,0.0,0.0,False,False,False,False,0,improved,unchanged_or_undefined,0.0,255.0,-253.3333282470703,253.3333282470703,2504677,2504677,2.388646125793457,2383,2335,RGBA,PNG,d38a55d68c344bbc2c1acc00d0dee2ad9584ae468f8c8b0331a0b8630a3d713d,5.953955799981486,2.0.0,restoration_eval.error_maps,ok,,168.63653564453125,21.595685958862305,147.04086303710938,59,51901,2,0.11354451329817943,99.88260652014934
opencv_telea__canonical__canonical__p027_loss_small,opencv_telea__canonical__canonical__p027_loss_small,canonical__p027_loss_small,canonical__p027_loss_small,canonical,p027,architecture_structured,Italian Landscape with the Ponte Lucano over the Aniene River,Jan Both,p027_loss_small,loss_small,opencv_telea,False,data/processed/clean/p027_clean.png,data/processed/masked/p027_loss_small_damaged.png,data/processed/masks/p027_loss_small_mask.png,data/processed/restored/opencv_telea/canonical/canonical__p027_loss_small_restored_opencv_telea.png,opencv_telea_canonical_canonical_p027_loss_small_difference_maps.png,outputs/figures/opencv_difference_maps/all_cases/canonical/opencv_telea_canonical_canonical_p027_loss_small_difference_maps.png,768,768,589824,461568,24809,565015,19179,24809,0.042061699761284724,4.206169976128472,0,83,768,684,28.0,133.0,730.0,628.0,5,both,127,47.90084243621266,-13.571580206107996,2.5154191352531505,,6.129953861236572,30.613615036010742,232.3333282470703,0.5773622393608093,4.358687877655029,125.33333587646484,5.552592754364014,28.086206436157227,-39.333335876464844,228.0,24809,132.0106658935547,45.39176940917969,-39.333335876464844,228.0,24786,23,0,99.90729170865413,0.09270829134588254,0.0,565015,0.0,0.0,0.0,0.0,0,0,565015,0.0,0.0,100.0,19179,63.96586227416992,74.79877471923828,-12.0,228.0,8951,3,10225,46.670837895614994,0.01564210855623338,53.31351999582877,461568,7.095494270324707,31.57658576965332,-39.333335876464844,228.0,24786,23,436759,5.369956322795341,0.004983014420410427,94.62506066278425,145.7372283935547,43.99333190917969,13.726551055908203,16.46755599975586,67.76748657226562,78.43077850341797,3.8016231060028076,8.250460624694824,0.0,0.0,0.0,0.0,False,False,False,False,0,improved,unchanged_or_undefined,0.0,255.0,-253.3333282470703,253.3333282470703,2459203,2459203,2.345278739929199,2383,2335,RGBA,PNG,6ce2b82ab5e6389704b2af8db5a59d520041dfc52a5862f8937d3e078ac8310d,6.012278100010008,2.0.0,restoration_eval.error_maps,ok,,145.7372283935547,13.726551055908203,132.0106658935547,23,24786,0,0.09270829134588254,99.90729170865413
opencv_telea__canonical__canonical__p027_mixed_damage,opencv_telea__canonical__canonical__p027_mixed_damage,canonical__p027_mixed_damage,canonical__p027_mixed_damage,canonical,p027,architecture_structured,Italian Landscape with the Ponte Lucano over the Aniene River,Jan Both,p027_mixed_damage,mixed_damage,opencv_telea,False,data/processed/clean/p027_clean.png,data/processed/masked/p027_mixed_damage_damaged.png,data/processed/masks/p027_mixed_damage_mask.png,data/processed/restored/opencv_telea/canonical/canonical__p027_mixed_damage_restored_opencv_telea.png,opencv_telea_canonical_canonical_p027_mixed_damage_difference_maps.png,outputs/figures/opencv_difference_maps/all_cases/canonical/opencv_telea_canonical_canonical_p027_mixed_damage_difference_maps.png,768,768,589824,461568,40932,548892,51750,40932,0.06939697265625,6.939697265625,0,83,768,684,0.0,75.0,768.0,692.0,5,both,127,50.95535685201472,-34.04311215349033,2.5793564387102528,,11.23490047454834,42.77748107910156,237.6666717529297,0.8750275373458862,4.5223565101623535,83.66666412353516,10.359874725341797,40.05104064941406,-2.6666641235351562,231.6666717529297,40932,149.28421020507812,48.73829650878906,-2.6666641235351562,231.6666717529297,40931,1,0,99.9975569236783,0.00244307632170429,0.0,548892,0.0,0.0,0.0,0.0,0,0,548892,0.0,0.0,100.0,51750,51.60222244262695,79.65079498291016,-2.6666641235351562,231.6666717529297,16690,1,35059,32.251207729468604,0.001932367149758454,67.74685990338163,461568,13.238574028015137,44.85201644897461,-2.6666641235351562,231.6666717529297,40931,1,420636,8.867815793122572,0.0002166528008874099,91.13196755407654,161.8932342529297,44.477088928222656,12.609017372131348,12.11412525177002,54.24031448364258,82.89148712158203,2.638087272644043,7.019303321838379,0.0,0.0,0.0,0.0,False,False,False,False,0,improved,unchanged_or_undefined,0.0,255.0,-253.3333282470703,253.3333282470703,2664856,2664856,2.5414047241210938,2383,2335,RGBA,PNG,060ba7e8a348b19c50f2d471e1f2497512588842eb6df82e43f9800e8dfd2bc0,6.492800800013356,2.0.0,restoration_eval.error_maps,ok,,161.8932342529297,12.609017372131348,149.28421020507812,1,40931,0,0.00244307632170429,99.9975569236783
opencv_telea__canonical__canonical__p027_scratch_thin,opencv_telea__canonical__canonical__p027_scratch_thin,canonical__p027_scratch_thin,canonical__p027_scratch_thin,canonical,p027,architecture_structured,Italian Landscape with the Ponte Lucano over the Aniene River,Jan Both,p027_scratch_thin,scratch_thin,opencv_telea,False,data/processed/clean/p027_clean.png,data/processed/masked/p027_scratch_thin_damaged.png,data/processed/masks/p027_scratch_thin_mask.png,data/processed/restored/opencv_telea/canonical/canonical__p027_scratch_thin_restored_opencv_telea.png,opencv_telea_canonical_canonical_p027_scratch_thin_difference_maps.png,outputs/figures/opencv_difference_maps/all_cases/canonical/opencv_telea_canonical_canonical_p027_scratch_thin_difference_maps.png,768,768,589824,461568,10362,579462,36915,10362,0.017567952473958332,1.7567952473958333,0,83,768,684,65.0,75.0,768.0,692.0,5,both,127,69.10207167213537,-42.577269510390536,4.282295904983467,,2.9084272384643555,22.566593170166016,239.3333282470703,0.1286349892616272,1.5029820203781128,79.66666412353516,2.7797927856445312,21.660757064819336,0.0,234.3333282470703,10362,158.23086547851562,45.933753967285156,0.0,234.3333282470703,10361,0,1,99.99034935340669,0.0,0.009650646593321752,579462,0.0,0.0,0.0,0.0,0,0,579462,0.0,0.0,100.0,36915,44.41523361206055,75.149169921875,0.0,234.3333282470703,10361,0,26554,28.067181362589732,0.0,71.93281863741026,461568,3.5522139072418213,24.42986488342285,0.0,234.3333282470703,10361,0,451207,2.2447396699944537,0.0,97.75526033000554,165.5530242919922,45.40066146850586,7.322138786315918,8.712750434875488,46.470550537109375,78.1819076538086,2.055316209793091,5.668633460998535,0.0,0.0,0.0,0.0,False,False,False,False,0,improved,unchanged_or_undefined,0.0,255.0,-253.3333282470703,253.3333282470703,2514117,2514117,2.397648811340332,2383,2335,RGBA,PNG,80e76ce95186fa990d42fc03f6b0bc4668a6933d022f8aa9abbf7614cf488f0f,6.080552599974908,2.0.0,restoration_eval.error_maps,ok,,165.5530242919922,7.322138786315918,158.23086547851562,0,10361,1,0.0,99.99034935340669
opencv_telea__canonical__canonical__p027_zero_control,opencv_telea__canonical__canonical__p027_zero_control,canonical__p027_zero_control,canonical__p027_zero_control,canonical,p027,architecture_structured,Italian Landscape with the Ponte Lucano over the Aniene River,Jan Both,p027_zero_control,zero_control,opencv_telea,True,data/processed/clean/p027_clean.png,data/processed/masked/p027_zero_control_damaged.png,data/processed/masks/p027_zero_control_mask.png,data/processed/restored/opencv_telea/canonical/canonical__p027_zero_control_restored_opencv_telea.png,opencv_telea_canonical_canonical_p027_zero_control_difference_maps.png,outputs/figures/opencv_difference_maps/all_cases/canonical/opencv_telea_canonical_canonical_p027_zero_control_difference_maps.png,768,768,589824,461568,0,589824,0,0,0.0,0.0,0,83,768,684,,,,,5,both,127,,,,,0.0,0.0,0.0,0.0,0.0,0.0,0.0,0.0,0.0,0.0,0,,,,,0,0,0,,,,589824,0.0,0.0,0.0,0.0,0,0,589824,0.0,0.0,100.0,0,,,,,0,0,0,,,,461568,0.0,0.0,0.0,0.0,0,0,461568,0.0,0.0,100.0,,,,,,,,,0.0,0.0,0.0,0.0,False,False,False,False,0,unchanged_or_undefined,unchanged_or_undefined,0.0,255.0,-253.3333282470703,253.3333282470703,2310800,2310800,2.2037506103515625,2383,2335,RGBA,PNG,47d1156312459a0b60b8882961736e9dca90d7b46f7e343d8f2ffe42792968b5,6.137564499978907,2.0.0,restoration_eval.error_maps,ok,,,,,0,0,0,,
opencv_telea__canonical__canonical__p028_loss_large,opencv_telea__canonical__canonical__p028_loss_large,canonical__p028_loss_large,canonical__p028_loss_large,canonical,p028,architecture_structured,Trading posts of the Dutch East India Company (VOC),workshop of Johannes Vinckboons,p028_loss_large,loss_large,opencv_telea,False,data/processed/clean/p028_clean.png,data/processed/masked/p028_loss_large_damaged.png,data/processed/masks/p028_loss_large_mask.png,data/processed/restored/opencv_telea/canonical/canonical__p028_loss_large_restored_opencv_telea.png,opencv_telea_canonical_canonical_p028_loss_large_difference_maps.png,outputs/figures/opencv_difference_maps/all_cases/canonical/opencv_telea_canonical_canonical_p028_loss_large_difference_maps.png,768,768,589824,407808,47473,542351,10275,47473,0.0804867214626736,8.04867214626736,0,118,768,649,324.0,112.0,612.0,416.0,5,both,127,46.561849191470245,9.487919448949924,2.229950409674018,,6.903650283813477,23.59306526184082,214.0,1.0490795373916626,5.04955530166626,135.0,5.854571342468262,20.218019485473633,0.0,141.66665649414062,47473,72.73959350585938,14.612258911132812,15.000003814697266,141.66665649414062,47473,0,0,100.0,0.0,0.0,542351,0.0,0.0,0.0,0.0,0,0,542351,0.0,0.0,100.0,10275,42.371517181396484,44.3183708190918,0.0,141.66665649414062,5060,0,5215,49.24574209245742,0.0,50.75425790754258,407808,8.467628479003906,23.85554313659668,0.0,141.66665649414062,47473,0,360335,11.641017341494036,0.0,88.35898265850597,85.77378845214844,12.281856536865234,13.034195899963379,12.672067642211914,44.31156539916992,46.56110382080078,1.9400486946105957,6.237132549285889,0.0,0.0,0.0,0.0,False,False,False,False,0,improved,unchanged_or_undefined,0.0,255.0,-253.3333282470703,253.3333282470703,1933204,1933204,1.8436470031738281,2383,2335,RGBA,PNG,e58ea90e5cec3485044ef2a5d750774ceedbbf04f15123ca867400f756f87ab9,6.152425399981439,2.0.0,restoration_eval.error_maps,ok,,85.77378845214844,13.034195899963379,72.73959350585938,0,47473,0,0.0,100.0
opencv_telea__canonical__canonical__p028_loss_small,opencv_telea__canonical__canonical__p028_loss_small,canonical__p028_loss_small,canonical__p028_loss_small,canonical,p028,architecture_structured,Trading posts of the Dutch East India Company (VOC),workshop of Johannes Vinckboons,p028_loss_small,loss_small,opencv_telea,False,data/processed/clean/p028_clean.png,data/processed/masked/p028_loss_small_damaged.png,data/processed/masks/p028_loss_small_mask.png,data/processed/restored/opencv_telea/canonical/canonical__p028_loss_small_restored_opencv_telea.png,opencv_telea_canonical_canonical_p028_loss_small_difference_maps.png,outputs/figures/opencv_difference_maps/all_cases/canonical/opencv_telea_canonical_canonical_p028_loss_small_difference_maps.png,768,768,589824,407808,16168,573656,13467,16168,0.027411566840277776,2.7411566840277777,0,118,768,649,31.0,121.0,571.0,576.0,5,both,127,72.01554510968167,25.045027214250368,4.468461998162606,,2.8288309574127197,17.748199462890625,215.6666717529297,0.2221035361289978,2.4636478424072266,130.3333282470703,2.6067276000976562,16.331710815429688,0.0,202.0,16168,95.09590911865234,30.578289031982422,8.0,202.0,16168,0,0,100.0,0.0,0.0,573656,0.0,0.0,0.0,0.0,0,0,573656,0.0,0.0,100.0,13467,44.960472106933594,52.89696502685547,0.0,202.0,6259,0,7208,46.47657236207024,0.0,53.52342763792976,407808,3.770181894302368,19.529085159301758,0.0,202.0,16168,0,391640,3.9646107972379157,0.0,96.03538920276209,103.19845581054688,33.66691589355469,8.102548599243164,12.552760124206543,47.63193893432617,56.31574630737305,2.671468734741211,7.662607192993164,0.0,0.0,0.0,0.0,False,False,False,False,0,improved,unchanged_or_undefined,0.0,255.0,-253.3333282470703,253.3333282470703,1901550,1901550,1.8134593963623047,2383,2335,RGBA,PNG,c4c884ca7ebb0b3016ec3182f8c510da1e8b7117b69ed501fa0698907b712160,6.120604100055061,2.0.0,restoration_eval.error_maps,ok,,103.19845581054688,8.102548599243164,95.09590911865234,0,16168,0,0.0,100.0
opencv_telea__canonical__canonical__p028_mixed_damage,opencv_telea__canonical__canonical__p028_mixed_damage,canonical__p028_mixed_damage,canonical__p028_mixed_damage,canonical,p028,architecture_structured,Trading posts of the Dutch East India Company (VOC),workshop of Johannes Vinckboons,p028_mixed_damage,mixed_damage,opencv_telea,False,data/processed/clean/p028_clean.png,data/processed/masked/p028_mixed_damage_damaged.png,data/processed/masks/p028_mixed_damage_mask.png,data/processed/restored/opencv_telea/canonical/canonical__p028_mixed_damage_restored_opencv_telea.png,opencv_telea_canonical_canonical_p028_mixed_damage_difference_maps.png,outputs/figures/opencv_difference_maps/all_cases/canonical/opencv_telea_canonical_canonical_p028_mixed_damage_difference_maps.png,768,768,589824,407808,42118,547706,43636,42118,0.0714077419704861,7.140774197048611,0,118,768,649,0.0,110.0,768.0,657.0,5,both,127,49.15258717571268,2.2861959257324718,2.5357030434946,,8.866886138916016,33.9179573059082,225.0,0.9980244040489197,6.282398223876953,117.66666412353516,7.868862628936768,30.18279457092285,0.0,208.6666717529297,42118,110.19621276855469,38.492252349853516,17.666667938232422,208.6666717529297,42118,0,0,100.0,0.0,0.0,547706,0.0,0.0,0.0,0.0,0,0,547706,0.0,0.0,100.0,43636,42.52223587036133,60.830440521240234,0.0,208.6666717529297,15845,0,27791,36.3117609313411,0.0,63.6882390686589,407808,11.380953788757324,35.74402618408203,0.0,208.6666717529297,42118,0,365690,10.327899403640929,0.0,89.67210059635907,124.17262268066406,42.342193603515625,13.976415634155273,19.2699031829834,45.423519134521484,65.36915588378906,2.9012815952301025,9.818731307983398,0.0,0.0,0.0,0.0,False,False,False,False,0,improved,unchanged_or_undefined,0.0,255.0,-253.3333282470703,253.3333282470703,2123122,2123122,2.0247669219970703,2383,2335,RGBA,PNG,f0c4ca7c4fce757079ebff7d217cc2f51a38cb4b3f00c4139c825ec3605cbc72,6.289451100048609,2.0.0,restoration_eval.error_maps,ok,,124.17262268066406,13.976415634155273,110.19621276855469,0,42118,0,0.0,100.0
opencv_telea__canonical__canonical__p028_scratch_thin,opencv_telea__canonical__canonical__p028_scratch_thin,canonical__p028_scratch_thin,canonical__p028_scratch_thin,canonical,p028,architecture_structured,Trading posts of the Dutch East India Company (VOC),workshop of Johannes Vinckboons,p028_scratch_thin,scratch_thin,opencv_telea,False,data/processed/clean/p028_clean.png,data/processed/masked/p028_scratch_thin_damaged.png,data/processed/masks/p028_scratch_thin_mask.png,data/processed/restored/opencv_telea/canonical/canonical__p028_scratch_thin_restored_opencv_telea.png,opencv_telea_canonical_canonical_p028_scratch_thin_difference_maps.png,outputs/figures/opencv_difference_maps/all_cases/canonical/opencv_telea_canonical_canonical_p028_scratch_thin_difference_maps.png,768,768,589824,407808,6439,583385,31552,6439,0.010916815863715278,1.091681586371528,0,118,768,649,32.0,110.0,768.0,657.0,5,both,127,83.64570067815913,-8.63425997825749,5.825652392019435,,1.4304578304290771,14.387979507446289,223.6666717529297,0.054473306983709335,0.8186967968940735,51.33333206176758,1.3759844303131104,13.827462196350098,0.0,215.0,6439,126.04266357421875,42.43611526489258,62.33333206176758,215.0,6439,0,0,100.0,0.0,0.0,583385,0.0,0.0,0.0,0.0,0,0,583385,0.0,0.0,100.0,31552,25.72225570678711,54.29522705078125,0.0,215.0,6439,0,25113,20.407581135902635,0.0,79.59241886409735,407808,1.9901244640350342,16.592580795288086,0.0,215.0,6439,0,401369,1.5789293000627747,0.0,98.42107069993723,131.0325164794922,44.50580978393555,4.989853858947754,6.063878059387207,26.740564346313477,56.50709915161133,1.018308401107788,3.3982720375061035,0.0,0.0,0.0,0.0,False,False,False,False,0,improved,unchanged_or_undefined,0.0,255.0,-253.3333282470703,253.3333282470703,1966855,1966855,1.8757390975952148,2383,2335,RGBA,PNG,aa5cfb2a6025cddd62aed3cfbd1f24f253e185761d4a1c29e2e56c3a0d7c84d0,6.353910999954678,2.0.0,restoration_eval.error_maps,ok,,131.0325164794922,4.989853858947754,126.04266357421875,0,6439,0,0.0,100.0
opencv_telea__canonical__canonical__p028_zero_control,opencv_telea__canonical__canonical__p028_zero_control,canonical__p028_zero_control,canonical__p028_zero_control,canonical,p028,architecture_structured,Trading posts of the Dutch East India Company (VOC),workshop of Johannes Vinckboons,p028_zero_control,zero_control,opencv_telea,True,data/processed/clean/p028_clean.png,data/processed/masked/p028_zero_control_damaged.png,data/processed/masks/p028_zero_control_mask.png,data/processed/restored/opencv_telea/canonical/canonical__p028_zero_control_restored_opencv_telea.png,opencv_telea_canonical_canonical_p028_zero_control_difference_maps.png,outputs/figures/opencv_difference_maps/all_cases/canonical/opencv_telea_canonical_canonical_p028_zero_control_difference_maps.png,768,768,589824,407808,0,589824,0,0,0.0,0.0,0,118,768,649,,,,,5,both,127,,,,,0.0,0.0,0.0,0.0,0.0,0.0,0.0,0.0,0.0,0.0,0,,,,,0,0,0,,,,589824,0.0,0.0,0.0,0.0,0,0,589824,0.0,0.0,100.0,0,,,,,0,0,0,,,,407808,0.0,0.0,0.0,0.0,0,0,407808,0.0,0.0,100.0,,,,,,,,,0.0,0.0,0.0,0.0,False,False,False,False,0,unchanged_or_undefined,unchanged_or_undefined,0.0,255.0,-253.3333282470703,253.3333282470703,1806141,1806141,1.7224702835083008,2383,2335,RGBA,PNG,91451dcf8f62bc42a9b3519c33441a399d4effd656e2118886f9596e9f88bef5,6.276256299985107,2.0.0,restoration_eval.error_maps,ok,,,,,0,0,0,,
opencv_telea__canonical__canonical__p029_loss_large,opencv_telea__canonical__canonical__p029_loss_large,canonical__p029_loss_large,canonical__p029_loss_large,canonical,p029,architecture_structured,"The Trading Post of the Dutch East India Company in Hooghly, Bengal",workshop of Johannes Vinckboons,p029_loss_large,loss_large,opencv_telea,False,data/processed/clean/p029_clean.png,data/processed/masked/p029_loss_large_damaged.png,data/processed/masks/p029_loss_large_mask.png,data/processed/restored/opencv_telea/canonical/canonical__p029_loss_large_restored_opencv_telea.png,opencv_telea_canonical_canonical_p029_loss_large_difference_maps.png,outputs/figures/opencv_difference_maps/all_cases/canonical/opencv_telea_canonical_canonical_p029_loss_large_difference_maps.png,768,768,589824,383232,48057,541767,9236,48057,0.08147684733072917,8.147684733072918,0,134,768,633,148.0,166.0,447.0,431.0,5,both,127,21.88999868212053,-35.202537264775856,0.9948707848018224,,11.65426254272461,40.0970344543457,221.6666717529297,1.6073073148727417,7.786966323852539,124.33333587646484,10.046957969665527,34.7292594909668,-61.66666793823242,202.66665649414062,48057,123.31057739257812,28.92511558532715,-61.66666793823242,202.66665649414062,47973,83,1,99.82520756601537,0.17271157167530224,0.002080862309340991,541767,0.0,0.0,0.0,0.0,0,0,541767,0.0,0.0,100.0,9236,64.28450775146484,68.63372039794922,-2.6666641235351562,202.66665649414062,4538,1,4697,49.133824166305764,0.010827197921177999,50.855348635773055,383232,15.463053703308105,42.10190200805664,-61.66666793823242,202.66665649414062,47973,83,335176,12.51800475951904,0.021657899131596527,87.46033734134937,143.03773498535156,30.660829544067383,19.72716522216797,19.666418075561523,68.73516845703125,73.17806243896484,4.450664043426514,7.815548896789551,0.0,0.0,0.0,0.0,False,False,False,False,0,improved,unchanged_or_undefined,0.0,255.0,-253.3333282470703,253.3333282470703,2124543,2124543,2.0261220932006836,2383,2335,RGBA,PNG,43734340c3c324bf54f7714b690bddddb54880528f191f80b320a8016871cfbe,5.935353400011081,2.0.0,restoration_eval.error_maps,ok,,143.03773498535156,19.72716522216797,123.31057739257812,83,47973,1,0.17271157167530224,99.82520756601537
opencv_telea__canonical__canonical__p029_loss_small,opencv_telea__canonical__canonical__p029_loss_small,canonical__p029_loss_small,canonical__p029_loss_small,canonical,p029,architecture_structured,"The Trading Post of the Dutch East India Company in Hooghly, Bengal",workshop of Johannes Vinckboons,p029_loss_small,loss_small,opencv_telea,False,data/processed/clean/p029_clean.png,data/processed/masked/p029_loss_small_damaged.png,data/processed/masks/p029_loss_small_mask.png,data/processed/restored/opencv_telea/canonical/canonical__p029_loss_small_restored_opencv_telea.png,opencv_telea_canonical_canonical_p029_loss_small_difference_maps.png,outputs/figures/opencv_difference_maps/all_cases/canonical/opencv_telea_canonical_canonical_p029_loss_small_difference_maps.png,768,768,589824,383232,14160,575664,11781,14160,0.024007161458333332,2.400716145833333,0,134,768,633,71.0,160.0,723.0,629.0,5,both,127,34.76906779661017,-20.345903954802253,1.6910667927144123,,3.365086317062378,22.383726119995117,221.6666717529297,0.42794010043144226,4.326170921325684,130.0,2.9371461868286133,20.23928451538086,-72.66667175292969,214.0,14160,122.34458923339844,49.53701400756836,-72.66667175292969,214.0,13758,400,2,97.16101694915254,2.824858757062147,0.014124293785310734,575664,0.0,0.0,0.0,0.0,0,0,575664,0.0,0.0,100.0,11781,61.574623107910156,72.71573638916016,-51.666664123535156,214.0,5432,41,6308,46.10814022578729,0.3480179950768186,53.54384177913589,383232,4.520497798919678,24.965837478637695,-72.66667175292969,214.0,13758,400,369074,3.5899924849699403,0.10437541750167002,96.30563209752839,140.17010498046875,41.15934753417969,17.825519561767578,21.667255401611328,67.42903137207031,77.19755554199219,5.854398250579834,13.365768432617188,0.0,0.0,0.0,0.0,False,False,False,False,0,improved,unchanged_or_undefined,0.0,255.0,-253.3333282470703,253.3333282470703,2057597,2057597,1.9622774124145508,2383,2335,RGBA,PNG,e988e6c36bfccf4d3a349bd34562e6a5d5f4c44535b4acc251cba8324a4fdad9,5.9277849000063725,2.0.0,restoration_eval.error_maps,ok,,140.17010498046875,17.825519561767578,122.34458923339844,400,13758,2,2.824858757062147,97.16101694915254
opencv_telea__canonical__canonical__p029_mixed_damage,opencv_telea__canonical__canonical__p029_mixed_damage,canonical__p029_mixed_damage,canonical__p029_mixed_damage,canonical,p029,architecture_structured,"The Trading Post of the Dutch East India Company in Hooghly, Bengal",workshop of Johannes Vinckboons,p029_mixed_damage,mixed_damage,opencv_telea,False,data/processed/clean/p029_clean.png,data/processed/masked/p029_mixed_damage_damaged.png,data/processed/masks/p029_mixed_damage_mask.png,data/processed/restored/opencv_telea/canonical/canonical__p029_mixed_damage_restored_opencv_telea.png,opencv_telea_canonical_canonical_p029_mixed_damage_difference_maps.png,outputs/figures/opencv_difference_maps/all_cases/canonical/opencv_telea_canonical_canonical_p029_mixed_damage_difference_maps.png,768,768,589824,383232,50750,539074,58952,50750,0.08604261610243055,8.604261610243055,0,134,768,633,0.0,126.0,740.0,641.0,5,both,127,31.325313628899835,-29.199783251231523,1.5245037350709048,,12.366512298583984,41.38158416748047,227.6666717529297,1.3879719972610474,6.542929172515869,136.3333282470703,10.978537559509277,37.19824981689453,-57.666664123535156,214.3333282470703,50750,127.59420776367188,34.67262268066406,-57.666664123535156,214.3333282470703,50656,92,2,99.81477832512316,0.1812807881773399,0.003940886699507389,539074,0.0,0.0,0.0,0.0,0,0,539074,0.0,0.0,100.0,58952,46.977561950683594,68.40813446044922,-39.999996185302734,214.3333282470703,20098,32,38822,34.09214276021169,0.0542814493146967,65.85357579047361,383232,16.89682960510254,45.05147933959961,-57.666664123535156,214.3333282470703,50656,92,332484,13.218102872411489,0.0240063460253841,86.75789078156313,143.72543334960938,31.977554321289062,16.1312198638916,16.115724563598633,50.34001541137695,72.53976440429688,3.362447500228882,8.162134170532227,0.0,0.0,0.0,0.0,False,False,False,False,0,improved,unchanged_or_undefined,0.0,255.0,-253.3333282470703,253.3333282470703,2351031,2351031,2.2421178817749023,2383,2335,RGBA,PNG,6766e829db22b2f1ffc943e12215fe2123d8863c50a2cc10903fca8ce6f25725,6.049982099968474,2.0.0,restoration_eval.error_maps,ok,,143.72543334960938,16.1312198638916,127.59420776367188,92,50656,2,0.1812807881773399,99.81477832512316
opencv_telea__canonical__canonical__p029_scratch_thin,opencv_telea__canonical__canonical__p029_scratch_thin,canonical__p029_scratch_thin,canonical__p029_scratch_thin,canonical,p029,architecture_structured,"The Trading Post of the Dutch East India Company in Hooghly, Bengal",workshop of Johannes Vinckboons,p029_scratch_thin,scratch_thin,opencv_telea,False,data/processed/clean/p029_clean.png,data/processed/masked/p029_scratch_thin_damaged.png,data/processed/masks/p029_scratch_thin_mask.png,data/processed/restored/opencv_telea/canonical/canonical__p029_scratch_thin_restored_opencv_telea.png,opencv_telea_canonical_canonical_p029_scratch_thin_difference_maps.png,outputs/figures/opencv_difference_maps/all_cases/canonical/opencv_telea_canonical_canonical_p029_scratch_thin_difference_maps.png,768,768,589824,383232,6849,582975,31416,6849,0.0116119384765625,1.16119384765625,0,134,768,633,0.0,126.0,768.0,641.0,5,both,127,65.19170681851365,-4.090524164111557,4.284682808443538,,1.5316818952560425,14.609138488769531,224.3333282470703,0.0864800363779068,1.404041051864624,131.0,1.4452017545700073,13.824291229248047,-83.0,214.0,6849,124.45825958251953,33.88446044921875,-83.0,214.0,6832,16,1,99.75178858227478,0.23361074609432034,0.014600671630895021,582975,0.0,0.0,0.0,0.0,0,0,582975,0.0,0.0,100.0,31416,27.133136749267578,53.76844787597656,-83.0,214.0,6832,16,24568,21.74688057040998,0.05092946269416857,78.20218996689586,383232,2.224278450012207,17.099763870239258,-83.0,214.0,6832,16,376384,1.7827321309285236,0.004175016700066801,98.2130928523714,131.90577697753906,34.39283752441406,7.447510719299316,10.721301078796387,28.75676727294922,56.7812385559082,1.6236311197280884,5.874969482421875,0.0,0.0,0.0,0.0,False,False,False,False,0,improved,unchanged_or_undefined,0.0,255.0,-253.3333282470703,253.3333282470703,2143364,2143364,2.0440711975097656,2383,2335,RGBA,PNG,1d64e0abe253f1d9f458cbbfdb958a729ca5533a702aac34960b8d5a0e06cf84,5.95994749997044,2.0.0,restoration_eval.error_maps,ok,,131.90577697753906,7.447510719299316,124.45825958251953,16,6832,1,0.23361074609432034,99.75178858227478
opencv_telea__canonical__canonical__p029_zero_control,opencv_telea__canonical__canonical__p029_zero_control,canonical__p029_zero_control,canonical__p029_zero_control,canonical,p029,architecture_structured,"The Trading Post of the Dutch East India Company in Hooghly, Bengal",workshop of Johannes Vinckboons,p029_zero_control,zero_control,opencv_telea,True,data/processed/clean/p029_clean.png,data/processed/masked/p029_zero_control_damaged.png,data/processed/masks/p029_zero_control_mask.png,data/processed/restored/opencv_telea/canonical/canonical__p029_zero_control_restored_opencv_telea.png,opencv_telea_canonical_canonical_p029_zero_control_difference_maps.png,outputs/figures/opencv_difference_maps/all_cases/canonical/opencv_telea_canonical_canonical_p029_zero_control_difference_maps.png,768,768,589824,383232,0,589824,0,0,0.0,0.0,0,134,768,633,,,,,5,both,127,,,,,0.0,0.0,0.0,0.0,0.0,0.0,0.0,0.0,0.0,0.0,0,,,,,0,0,0,,,,589824,0.0,0.0,0.0,0.0,0,0,589824,0.0,0.0,100.0,0,,,,,0,0,0,,,,383232,0.0,0.0,0.0,0.0,0,0,383232,0.0,0.0,100.0,,,,,,,,,0.0,0.0,0.0,0.0,False,False,False,False,0,unchanged_or_undefined,unchanged_or_undefined,0.0,255.0,-253.3333282470703,253.3333282470703,1966603,1966603,1.8754987716674805,2383,2335,RGBA,PNG,9f6a1b31b4cc56ff3183dee373cac8f611f72ca91ed78fc23cd94917b236b512,5.937418199959211,2.0.0,restoration_eval.error_maps,ok,,,,,0,0,0,,
opencv_telea__canonical__canonical__p030_loss_large,opencv_telea__canonical__canonical__p030_loss_large,canonical__p030_loss_large,canonical__p030_loss_large,canonical,p030,architecture_structured,Interior with Five Women,attributed to Dirck van Delen,p030_loss_large,loss_large,opencv_telea,False,data/processed/clean/p030_clean.png,data/processed/masked/p030_loss_large_damaged.png,data/processed/masks/p030_loss_large_mask.png,data/processed/restored/opencv_telea/canonical/canonical__p030_loss_large_restored_opencv_telea.png,opencv_telea_canonical_canonical_p030_loss_large_difference_maps.png,outputs/figures/opencv_difference_maps/all_cases/canonical/opencv_telea_canonical_canonical_p030_loss_large_difference_maps.png,768,768,589824,387840,45666,544158,10858,45666,0.077423095703125,7.7423095703125,0,131,768,636,288.0,225.0,593.0,467.0,5,both,127,30.881706302281785,-74.80351537978657,1.411781141952947,,13.434415817260742,46.774105072021484,235.0,1.5106323957443237,7.56436014175415,141.3333282470703,11.923783302307129,42.164608001708984,-74.00000762939453,224.66665649414062,45666,154.00808715820312,32.87386703491211,-74.00000762939453,224.66665649414062,45339,322,5,99.28393115227959,0.7051197827705514,0.010949064949853283,544158,0.0,0.0,0.0,0.0,0,0,544158,0.0,0.0,100.0,10858,80.30122375488281,85.77164459228516,-64.66666412353516,224.66665649414062,5314,25,5519,48.94087308896666,0.23024498065942162,50.82888193037392,387840,18.133594512939453,50.903228759765625,-74.00000762939453,224.66665649414062,45339,322,342179,11.69012995049505,0.08302392739273928,88.2268461221122,173.5194854736328,21.91022300720215,19.511394500732422,19.69339370727539,85.83406829833984,89.18255615234375,5.532848358154297,12.977193832397461,0.0,0.0,0.0,0.0,False,False,False,False,0,improved,unchanged_or_undefined,0.0,255.0,-253.3333282470703,253.3333282470703,1841793,1841793,1.7564706802368164,2383,2335,RGBA,PNG,fea1405a59dd6ac33921e462244f70b19b26e0b36a23a322041b956ac9b47fb8,5.880581700010225,2.0.0,restoration_eval.error_maps,ok,,173.5194854736328,19.511394500732422,154.00808715820312,322,45339,5,0.7051197827705514,99.28393115227959
opencv_telea__canonical__canonical__p030_loss_small,opencv_telea__canonical__canonical__p030_loss_small,canonical__p030_loss_small,canonical__p030_loss_small,canonical,p030,architecture_structured,Interior with Five Women,attributed to Dirck van Delen,p030_loss_small,loss_small,opencv_telea,False,data/processed/clean/p030_clean.png,data/processed/masked/p030_loss_small_damaged.png,data/processed/masks/p030_loss_small_mask.png,data/processed/restored/opencv_telea/canonical/canonical__p030_loss_small_restored_opencv_telea.png,opencv_telea_canonical_canonical_p030_loss_small_difference_maps.png,outputs/figures/opencv_difference_maps/all_cases/canonical/opencv_telea_canonical_canonical_p030_loss_small_difference_maps.png,768,768,589824,387840,14543,575281,11289,14543,0.024656507703993056,2.465650770399306,0,131,768,636,128.0,166.0,728.0,521.0,5,both,127,48.51266359531503,-59.092644800476734,2.470069158532752,,4.361607074737549,27.764881134033203,228.3333282470703,0.34703460335731506,3.245161533355713,86.33333587646484,4.0145721435546875,25.81218719482422,0.0,225.3333282470703,14543,162.81997680664062,34.13706588745117,14.0,225.3333282470703,14543,0,0,100.0,0.0,0.0,575281,0.0,0.0,0.0,0.0,0,0,575281,0.0,0.0,100.0,11289,75.77482604980469,85.01325988769531,0.0,225.3333282470703,5199,0,6090,46.053680574010095,0.0,53.9463194259899,387840,6.105329990386963,31.63054847717285,0.0,225.3333282470703,14543,0,373297,3.7497421617161715,0.0,96.25025783828383,176.89476013183594,27.293045043945312,14.074767112731934,15.293686866760254,80.37892150878906,89.06269836425781,4.604098320007324,9.503324508666992,0.0,0.0,0.0,0.0,False,False,False,False,0,improved,unchanged_or_undefined,0.0,255.0,-253.3333282470703,253.3333282470703,1775735,1775735,1.6934728622436523,2383,2335,RGBA,PNG,293f3643b35ed1b81d228b97675c2b485172cdf5e6a5a363cc4667f484de881e,6.096294399991166,2.0.0,restoration_eval.error_maps,ok,,176.89476013183594,14.074767112731934,162.81997680664062,0,14543,0,0.0,100.0
opencv_telea__canonical__canonical__p030_mixed_damage,opencv_telea__canonical__canonical__p030_mixed_damage,canonical__p030_mixed_damage,canonical__p030_mixed_damage,canonical,p030,architecture_structured,Interior with Five Women,attributed to Dirck van Delen,p030_mixed_damage,mixed_damage,opencv_telea,False,data/processed/clean/p030_clean.png,data/processed/masked/p030_mixed_damage_damaged.png,data/processed/masks/p030_mixed_damage_mask.png,data/processed/restored/opencv_telea/canonical/canonical__p030_mixed_damage_restored_opencv_telea.png,opencv_telea_canonical_canonical_p030_mixed_damage_difference_maps.png,outputs/figures/opencv_difference_maps/all_cases/canonical/opencv_telea_canonical_canonical_p030_mixed_damage_difference_maps.png,768,768,589824,387840,39519,550305,39565,39519,0.0670013427734375,6.70013427734375,0,131,768,636,0.0,123.0,768.0,644.0,5,both,127,45.82364600993614,-85.7010045800754,2.272543606293315,,12.252694129943848,46.297264099121094,232.0,1.0699070692062378,5.932026386260986,109.0,11.182785987854004,42.735660552978516,-31.333335876464844,225.6666717529297,39519,166.90391540527344,35.605323791503906,-31.333335876464844,225.6666717529297,39439,80,0,99.79756572787774,0.20243427212227028,0.0,550305,0.0,0.0,0.0,0.0,0,0,550305,0.0,0.0,100.0,39565,60.424888610839844,85.97327423095703,-1.3333358764648438,225.6666717529297,13441,1,26123,33.97194490079616,0.002527486414760521,66.02552761278908,387840,17.006690979003906,51.75357437133789,-31.333335876464844,225.6666717529297,39439,80,348321,10.16888407590759,0.020627062706270627,89.81048886138613,182.87234497070312,28.095325469970703,15.968446731567383,16.94965934753418,62.85662078857422,88.96629333496094,2.431736707687378,6.575704097747803,0.0,0.0,0.0,0.0,False,False,False,False,0,improved,unchanged_or_undefined,0.0,255.0,-253.3333282470703,253.3333282470703,1963956,1963956,1.8729743957519531,2383,2335,RGBA,PNG,99f638066c6b54042fb713902af2e47e1630ad73d9e3fa81cd30ac222980fb62,5.931295100017451,2.0.0,restoration_eval.error_maps,ok,,182.87234497070312,15.968446731567383,166.90391540527344,80,39439,0,0.20243427212227028,99.79756572787774
opencv_telea__canonical__canonical__p030_scratch_thin,opencv_telea__canonical__canonical__p030_scratch_thin,canonical__p030_scratch_thin,canonical__p030_scratch_thin,canonical,p030,architecture_structured,Interior with Five Women,attributed to Dirck van Delen,p030_scratch_thin,scratch_thin,opencv_telea,False,data/processed/clean/p030_clean.png,data/processed/masked/p030_scratch_thin_damaged.png,data/processed/masks/p030_scratch_thin_mask.png,data/processed/restored/opencv_telea/canonical/canonical__p030_scratch_thin_restored_opencv_telea.png,opencv_telea_canonical_canonical_p030_scratch_thin_difference_maps.png,outputs/figures/opencv_difference_maps/all_cases/canonical/opencv_telea_canonical_canonical_p030_scratch_thin_difference_maps.png,768,768,589824,387840,10227,579597,43597,10227,0.017339070638020832,1.7339070638020833,0,131,768,636,0.0,123.0,768.0,644.0,5,both,127,76.80349401909976,-60.40904794498225,5.112670756808491,,3.178969383239746,24.13661766052246,238.3333282470703,0.10049664974212646,1.187577247619629,74.33333587646484,3.0784730911254883,23.42633056640625,0.0,233.0,10227,177.5454559326172,25.977752685546875,59.999996185302734,233.0,10227,0,0,100.0,0.0,0.0,579597,0.0,0.0,0.0,0.0,0,0,579597,0.0,0.0,100.0,43597,41.64867401123047,76.27729034423828,0.0,233.0,10227,0,33370,23.45803610340161,0.0,76.54196389659839,387840,4.681717395782471,28.759246826171875,0.0,233.0,10227,0,377613,2.636912128712871,0.0,97.36308787128712,183.3414306640625,23.828943252563477,5.795965194702148,6.951838970184326,43.00829315185547,78.5409927368164,1.3596194982528687,4.16756010055542,0.0,0.0,0.0,0.0,False,False,False,False,0,improved,unchanged_or_undefined,0.0,255.0,-253.3333282470703,253.3333282470703,1875755,1875755,1.7888593673706055,2383,2335,RGBA,PNG,82119fb5b63c5a69d4c5c85f34d3cd4fcf4be9c1582ec2b93f6efe95e3dfaf78,5.834412800031714,2.0.0,restoration_eval.error_maps,ok,,183.3414306640625,5.795965194702148,177.5454559326172,0,10227,0,0.0,100.0
opencv_telea__canonical__canonical__p030_zero_control,opencv_telea__canonical__canonical__p030_zero_control,canonical__p030_zero_control,canonical__p030_zero_control,canonical,p030,architecture_structured,Interior with Five Women,attributed to Dirck van Delen,p030_zero_control,zero_control,opencv_telea,True,data/processed/clean/p030_clean.png,data/processed/masked/p030_zero_control_damaged.png,data/processed/masks/p030_zero_control_mask.png,data/processed/restored/opencv_telea/canonical/canonical__p030_zero_control_restored_opencv_telea.png,opencv_telea_canonical_canonical_p030_zero_control_difference_maps.png,outputs/figures/opencv_difference_maps/all_cases/canonical/opencv_telea_canonical_canonical_p030_zero_control_difference_maps.png,768,768,589824,387840,0,589824,0,0,0.0,0.0,0,131,768,636,,,,,5,both,127,,,,,0.0,0.0,0.0,0.0,0.0,0.0,0.0,0.0,0.0,0.0,0,,,,,0,0,0,,,,589824,0.0,0.0,0.0,0.0,0,0,589824,0.0,0.0,100.0,0,,,,,0,0,0,,,,387840,0.0,0.0,0.0,0.0,0,0,387840,0.0,0.0,100.0,,,,,,,,,0.0,0.0,0.0,0.0,False,False,False,False,0,unchanged_or_undefined,unchanged_or_undefined,0.0,255.0,-253.3333282470703,253.3333282470703,1687524,1687524,1.6093482971191406,2383,2335,RGBA,PNG,48966bb5d8820b72f38bbde9c8f1124a09b2d8d6527f724130fe82901516c243,5.854805700015277,2.0.0,restoration_eval.error_maps,ok,,,,,0,0,0,,
opencv_telea__canonical__canonical__p031_loss_large,opencv_telea__canonical__canonical__p031_loss_large,canonical__p031_loss_large,canonical__p031_loss_large,canonical,p031,abstraction_surrealism,Improvisation No. 30 (Cannons),Wassily Kandinsky,p031_loss_large,loss_large,opencv_telea,False,data/processed/clean/p031_clean.png,data/processed/masked/p031_loss_large_damaged.png,data/processed/masks/p031_loss_large_mask.png,data/processed/restored/opencv_telea/canonical/canonical__p031_loss_large_restored_opencv_telea.png,opencv_telea_canonical_canonical_p031_loss_large_difference_maps.png,outputs/figures/opencv_difference_maps/all_cases/canonical/opencv_telea_canonical_canonical_p031_loss_large_difference_maps.png,768,768,589824,587520,83018,506806,21685,83018,0.1407504611545139,14.07504611545139,1,0,766,768,228.0,90.0,708.0,574.0,5,both,127,18.56703365535185,-16.60806090245488,0.8557833825359218,,19.21038055419922,49.1179313659668,211.6666717529297,3.948284149169922,12.971099853515625,124.66666412353516,15.262096405029297,41.022605895996094,-51.333335876464844,201.6666717529297,83018,108.4337158203125,43.05059814453125,-51.333335876464844,201.6666717529297,81816,1186,16,98.55212122672191,1.428605844515647,0.019272928762437063,506806,0.0,0.0,0.0,0.0,0,0,506806,0.0,0.0,100.0,21685,63.631256103515625,67.54642486572266,-50.666664123535156,201.6666717529297,10824,15,10846,49.91468757205442,0.06917223887479824,50.01614018907079,587520,15.321946144104004,41.09182357788086,-51.333335876464844,201.6666717529297,81816,1186,504518,13.925653594771243,0.20186546840958605,85.87248093681917,136.48536682128906,33.681800842285156,28.05165672302246,22.786710739135742,69.0604476928711,72.15336608886719,5.4291911125183105,11.32225513458252,0.0,0.0,0.0,0.0,False,False,False,False,0,improved,unchanged_or_undefined,0.0,255.0,-253.3333282470703,253.3333282470703,3130421,3130421,2.9854021072387695,2383,2335,RGBA,PNG,0932c6df7cf28d2c23e77d7c4f8be57703faeae69acb2c2954b217f98f55ab67,7.943940699973609,2.0.0,restoration_eval.error_maps,ok,,136.48536682128906,28.05165672302246,108.4337158203125,1186,81816,16,1.428605844515647,98.55212122672191
opencv_telea__canonical__canonical__p031_loss_small,opencv_telea__canonical__canonical__p031_loss_small,canonical__p031_loss_small,canonical__p031_loss_small,canonical,p031,abstraction_surrealism,Improvisation No. 30 (Cannons),Wassily Kandinsky,p031_loss_small,loss_small,opencv_telea,False,data/processed/clean/p031_clean.png,data/processed/masked/p031_loss_small_damaged.png,data/processed/masks/p031_loss_small_mask.png,data/processed/restored/opencv_telea/canonical/canonical__p031_loss_small_restored_opencv_telea.png,opencv_telea_canonical_canonical_p031_loss_small_difference_maps.png,outputs/figures/opencv_difference_maps/all_cases/canonical/opencv_telea_canonical_canonical_p031_loss_small_difference_maps.png,768,768,589824,587520,19540,570284,15831,19540,0.03312852647569445,3.3128526475694446,1,0,766,768,0.0,80.0,732.0,760.0,5,both,127,39.9018594336404,-12.290054588877496,2.078801052436276,,4.1783294677734375,23.26963233947754,208.3333282470703,0.5407099723815918,4.39441442489624,111.0,3.637620210647583,20.33576202392578,-1.6666641235351562,202.6666717529297,19540,109.80326080322266,28.73429298400879,-1.6666641235351562,202.6666717529297,19538,1,1,99.98976458546571,0.005117707267144319,0.005117707267144319,570284,0.0,0.0,0.0,0.0,0,0,570284,0.0,0.0,100.0,15831,52.64455795288086,60.06980895996094,-1.6666641235351562,202.6666717529297,7344,1,8486,46.38999431495168,0.006316720358789716,53.60368896468953,587520,3.651885509490967,20.37431526184082,-1.6666641235351562,202.6666717529297,19538,1,567981,3.325503812636166,0.0001702069716775599,96.67432598039215,126.12484741210938,31.05187225341797,16.321578979492188,18.03716278076172,56.907901763916016,64.49176025390625,4.2633442878723145,9.04819393157959,0.0,0.0,0.0,0.0,False,False,False,False,0,improved,unchanged_or_undefined,0.0,255.0,-253.3333282470703,253.3333282470703,2936044,2936044,2.800029754638672,2383,2335,RGBA,PNG,68b239ed9f01f74642ca6c0300ecb1b9f87f07ebcf3f00453ee0aeb689025841,6.545645800011698,2.0.0,restoration_eval.error_maps,ok,,126.12484741210938,16.321578979492188,109.80326080322266,1,19538,1,0.005117707267144319,99.98976458546571
opencv_telea__canonical__canonical__p031_mixed_damage,opencv_telea__canonical__canonical__p031_mixed_damage,canonical__p031_mixed_damage,canonical__p031_mixed_damage,canonical,p031,abstraction_surrealism,Improvisation No. 30 (Cannons),Wassily Kandinsky,p031_mixed_damage,mixed_damage,opencv_telea,False,data/processed/clean/p031_clean.png,data/processed/masked/p031_mixed_damage_damaged.png,data/processed/masks/p031_mixed_damage_mask.png,data/processed/restored/opencv_telea/canonical/canonical__p031_mixed_damage_restored_opencv_telea.png,opencv_telea_canonical_canonical_p031_mixed_damage_difference_maps.png,outputs/figures/opencv_difference_maps/all_cases/canonical/opencv_telea_canonical_canonical_p031_mixed_damage_difference_maps.png,768,768,589824,587520,47688,542136,52571,47688,0.08085123697916667,8.085123697916668,1,0,766,768,8.0,0.0,768.0,768.0,5,both,127,41.16160599451993,-19.498504165967688,2.101936135413592,,10.3948974609375,36.48247146606445,209.3333282470703,1.5622658729553223,8.692427635192871,153.0,8.832633972167969,31.920263290405273,-116.33332824707031,201.0,47688,109.24551391601562,40.40468215942383,-116.33332824707031,201.0,46968,716,4,98.4901862103674,1.5014259352457642,0.008387854386847844,542136,0.0,0.0,0.0,0.0,0,0,542136,0.0,0.0,100.0,52571,39.236534118652344,59.502098083496094,-18.333335876464844,201.0,17219,6,35346,32.7537996233665,0.011413136520134676,67.23478724011336,587520,8.86727237701416,31.977985382080078,-116.33332824707031,201.0,46968,716,539836,7.994281045751634,0.12186819172113289,91.88385076252723,128.56822204589844,35.61781692504883,19.322723388671875,24.317779541015625,41.7491569519043,62.80769348144531,2.5126209259033203,7.4441752433776855,0.0,0.0,0.0,0.0,False,False,False,False,0,improved,unchanged_or_undefined,0.0,255.0,-253.3333282470703,253.3333282470703,3179812,3179812,3.0325050354003906,2383,2335,RGBA,PNG,f832a0dd92e4af846aeae19d35e9cc553c423cfc6b9b0a41bb041e4b366cd33d,6.378400399989914,2.0.0,restoration_eval.error_maps,ok,,128.56822204589844,19.322723388671875,109.24551391601562,716,46968,4,1.5014259352457642,98.4901862103674
opencv_telea__canonical__canonical__p031_scratch_thin,opencv_telea__canonical__canonical__p031_scratch_thin,canonical__p031_scratch_thin,canonical__p031_scratch_thin,canonical,p031,abstraction_surrealism,Improvisation No. 30 (Cannons),Wassily Kandinsky,p031_scratch_thin,scratch_thin,opencv_telea,False,data/processed/clean/p031_clean.png,data/processed/masked/p031_scratch_thin_damaged.png,data/processed/masks/p031_scratch_thin_mask.png,data/processed/restored/opencv_telea/canonical/canonical__p031_scratch_thin_restored_opencv_telea.png,opencv_telea_canonical_canonical_p031_scratch_thin_difference_maps.png,outputs/figures/opencv_difference_maps/all_cases/canonical/opencv_telea_canonical_canonical_p031_scratch_thin_difference_maps.png,768,768,589824,587520,11235,578589,43852,11235,0.019048055013020832,1.9048055013020833,1,0,766,768,0.0,0.0,719.0,768.0,5,both,127,75.62993621124463,-8.904049844236766,5.497447563446364,,2.570842742919922,18.986587524414062,208.3333282470703,0.0991940125823021,1.1326245069503784,65.66666412353516,2.4716484546661377,18.315250396728516,0.0,200.6666717529297,11235,129.75857543945312,33.076683044433594,23.999996185302734,200.6666717529297,11235,0,0,100.0,0.0,0.0,578589,0.0,0.0,0.0,0.0,0,0,578589,0.0,0.0,100.0,43852,33.2444953918457,59.066612243652344,0.0,200.6666717529297,11235,0,32617,25.620268174769677,0.0,74.37973182523032,587520,2.4813413619995117,18.35047149658203,0.0,200.6666717529297,11235,0,576285,1.9122753267973858,0.0,98.08772467320262,134.96615600585938,32.502838134765625,5.207565784454346,6.383203506469727,34.57868957519531,61.171302795410156,1.3341922760009766,3.9505538940429688,0.0,0.0,0.0,0.0,False,False,False,False,0,improved,unchanged_or_undefined,0.0,255.0,-253.3333282470703,253.3333282470703,3051387,3051387,2.910029411315918,2383,2335,RGBA,PNG,7d1c588a160ad21de83006b216d0f2fd5a2ed64b89375e7add1f84bb23b9c803,6.4009729999816045,2.0.0,restoration_eval.error_maps,ok,,134.96615600585938,5.207565784454346,129.75857543945312,0,11235,0,0.0,100.0
opencv_telea__canonical__canonical__p031_zero_control,opencv_telea__canonical__canonical__p031_zero_control,canonical__p031_zero_control,canonical__p031_zero_control,canonical,p031,abstraction_surrealism,Improvisation No. 30 (Cannons),Wassily Kandinsky,p031_zero_control,zero_control,opencv_telea,True,data/processed/clean/p031_clean.png,data/processed/masked/p031_zero_control_damaged.png,data/processed/masks/p031_zero_control_mask.png,data/processed/restored/opencv_telea/canonical/canonical__p031_zero_control_restored_opencv_telea.png,opencv_telea_canonical_canonical_p031_zero_control_difference_maps.png,outputs/figures/opencv_difference_maps/all_cases/canonical/opencv_telea_canonical_canonical_p031_zero_control_difference_maps.png,768,768,589824,587520,0,589824,0,0,0.0,0.0,1,0,766,768,,,,,5,both,127,,,,,0.0,0.0,0.0,0.0,0.0,0.0,0.0,0.0,0.0,0.0,0,,,,,0,0,0,,,,589824,0.0,0.0,0.0,0.0,0,0,589824,0.0,0.0,100.0,0,,,,,0,0,0,,,,587520,0.0,0.0,0.0,0.0,0,0,587520,0.0,0.0,100.0,,,,,,,,,0.0,0.0,0.0,0.0,False,False,False,False,0,unchanged_or_undefined,unchanged_or_undefined,0.0,255.0,-253.3333282470703,253.3333282470703,2819600,2819600,2.6889801025390625,2383,2335,RGBA,PNG,b4992e477d6626cb74ba17e6973eef1adf463f34225c5c9ab60acb697398ee27,6.404555700020865,2.0.0,restoration_eval.error_maps,ok,,,,,0,0,0,,
opencv_telea__canonical__canonical__p032_loss_large,opencv_telea__canonical__canonical__p032_loss_large,canonical__p032_loss_large,canonical__p032_loss_large,canonical,p032,abstraction_surrealism,Composition (No. 1) Gray-Red,Piet Mondrian,p032_loss_large,loss_large,opencv_telea,False,data/processed/clean/p032_clean.png,data/processed/masked/p032_loss_large_damaged.png,data/processed/masks/p032_loss_large_mask.png,data/processed/restored/opencv_telea/canonical/canonical__p032_loss_large_restored_opencv_telea.png,opencv_telea_canonical_canonical_p032_loss_large_difference_maps.png,outputs/figures/opencv_difference_maps/all_cases/canonical/opencv_telea_canonical_canonical_p032_loss_large_difference_maps.png,768,768,589824,572160,72688,517136,13520,72688,0.12323676215277778,12.323676215277777,11,0,756,768,30.0,46.0,416.0,396.0,5,both,127,17.431020250935504,-8.097338396067187,0.988755932674188,,9.284772872924805,29.8729248046875,244.6666717529297,4.365543842315674,22.857967376708984,217.3333282470703,4.919229984283447,22.37017250061035,-192.33334350585938,233.3333282470703,72688,39.916900634765625,51.610816955566406,-192.33334350585938,233.3333282470703,64901,7777,10,89.28709002861545,10.699152542372882,0.013757429011666298,517136,0.0,0.0,0.0,0.0,0,0,517136,0.0,0.0,100.0,13520,32.84682083129883,54.9545783996582,-187.66665649414062,233.3333282470703,6427,156,6937,47.53698224852071,1.153846153846154,51.30917159763314,572160,5.071098327636719,22.695884704589844,-192.33334350585938,233.3333282470703,64901,7777,499482,11.343155760626399,1.3592351789709172,87.29760906040268,75.3409423828125,47.58723068237305,35.424034118652344,56.03104782104492,39.0688591003418,61.8535041809082,6.222041606903076,23.292827606201172,0.0,0.0,0.0,0.0,False,False,False,False,0,improved,unchanged_or_undefined,0.0,255.0,-253.3333282470703,253.3333282470703,2157962,2157962,2.057992935180664,2383,2335,RGBA,PNG,0de9a59186b3e8ac9c09ab062488e7fbc6fc12269908b6c86ed814ae79d0d175,6.26928459998453,2.0.0,restoration_eval.error_maps,ok,,75.3409423828125,35.424034118652344,39.916900634765625,7777,64901,10,10.699152542372882,89.28709002861545
opencv_telea__canonical__canonical__p032_loss_small,opencv_telea__canonical__canonical__p032_loss_small,canonical__p032_loss_small,canonical__p032_loss_small,canonical,p032,abstraction_surrealism,Composition (No. 1) Gray-Red,Piet Mondrian,p032_loss_small,loss_small,opencv_telea,False,data/processed/clean/p032_clean.png,data/processed/masked/p032_loss_small_damaged.png,data/processed/masks/p032_loss_small_mask.png,data/processed/restored/opencv_telea/canonical/canonical__p032_loss_small_restored_opencv_telea.png,opencv_telea_canonical_canonical_p032_loss_small_difference_maps.png,outputs/figures/opencv_difference_maps/all_cases/canonical/opencv_telea_canonical_canonical_p032_loss_small_difference_maps.png,768,768,589824,572160,17662,572162,13778,17662,0.029944525824652776,2.9944525824652777,11,0,756,768,274.0,57.0,658.0,588.0,5,both,127,76.72141697806968,72.83246517948137,5.434979998270354,,1.5664145946502686,12.998809814453125,242.3333282470703,0.5931294560432434,8.733057975769043,215.3333282470703,0.9732852578163147,9.468963623046875,-190.33334350585938,234.0,17662,32.50294494628906,44.37837219238281,-190.33334350585938,234.0,16592,1065,5,93.94179594609898,6.029894689163175,0.028309364737855284,572162,0.0,0.0,0.0,0.0,0,0,572162,0.0,0.0,100.0,13778,18.074369430541992,40.479103088378906,-190.33334350585938,234.0,6169,310,7299,44.774277834228485,2.2499637102627377,52.97575845550878,572160,1.0033327341079712,9.612452507019043,-190.33334350585938,234.0,16592,1065,554503,2.899888143176734,0.18613674496644295,96.91397511185681,52.31055450439453,54.66513442993164,19.80760955810547,46.54384231567383,23.26426124572754,42.948814392089844,5.189891815185547,21.56178092956543,0.0,0.0,0.0,0.0,False,False,False,False,0,improved,unchanged_or_undefined,0.0,255.0,-253.3333282470703,253.3333282470703,2019702,2019702,1.926137924194336,2383,2335,RGBA,PNG,b20bc7e1825a068de9f483eacfa869cd4a8cf52afd99caa3e6c31887be9acd0c,6.3005237999605015,2.0.0,restoration_eval.error_maps,ok,,52.31055450439453,19.80760955810547,32.50294494628906,1065,16592,5,6.029894689163175,93.94179594609898
opencv_telea__canonical__canonical__p032_mixed_damage,opencv_telea__canonical__canonical__p032_mixed_damage,canonical__p032_mixed_damage,canonical__p032_mixed_damage,canonical,p032,abstraction_surrealism,Composition (No. 1) Gray-Red,Piet Mondrian,p032_mixed_damage,mixed_damage,opencv_telea,False,data/processed/clean/p032_clean.png,data/processed/masked/p032_mixed_damage_damaged.png,data/processed/masks/p032_mixed_damage_mask.png,data/processed/restored/opencv_telea/canonical/canonical__p032_mixed_damage_restored_opencv_telea.png,opencv_telea_canonical_canonical_p032_mixed_damage_difference_maps.png,outputs/figures/opencv_difference_maps/all_cases/canonical/opencv_telea_canonical_canonical_p032_mixed_damage_difference_maps.png,768,768,589824,572160,47946,541878,53208,47946,0.08128865559895833,8.128865559895832,11,0,756,768,3.0,0.0,764.0,768.0,5,both,127,62.57607169176435,51.46749120538382,3.471041238918737,,4.460476875305176,24.107404708862305,242.3333282470703,3.650434732437134,24.24358558654785,216.6666717529297,0.810042142868042,27.869056701660156,-201.6666717529297,237.3333282470703,47946,9.965008735656738,97.28009796142578,-201.6666717529297,237.3333282470703,37630,10302,14,78.4841279773078,21.48667250656989,0.02919951612230426,541878,0.0,0.0,0.0,0.0,0,0,541878,0.0,0.0,100.0,53208,17.1446590423584,46.58436584472656,-201.6666717529297,237.3333282470703,16392,576,36240,30.807397383852052,1.0825439783491204,68.11005863779883,572160,0.8350502848625183,28.29561424255371,-201.6666717529297,237.3333282470703,37630,10302,524228,6.5768316554809845,1.8005453020134228,91.6226230425056,54.8720703125,66.20597839355469,44.90706253051758,73.33287048339844,20.838871002197266,50.43134689331055,3.6942126750946045,18.343961715698242,0.0,0.0,0.0,0.0,False,False,False,False,0,improved,unchanged_or_undefined,0.0,255.0,-253.3333282470703,253.3333282470703,2280740,2280740,2.1750831604003906,2383,2335,RGBA,PNG,4483b011a2002191592a13c129e2d3643a1b0299b688110a7869a04f5f7c10b5,6.229454700020142,2.0.0,restoration_eval.error_maps,ok,,54.8720703125,44.90706253051758,9.965008735656738,10302,37630,14,21.48667250656989,78.4841279773078
opencv_telea__canonical__canonical__p032_scratch_thin,opencv_telea__canonical__canonical__p032_scratch_thin,canonical__p032_scratch_thin,canonical__p032_scratch_thin,canonical,p032,abstraction_surrealism,Composition (No. 1) Gray-Red,Piet Mondrian,p032_scratch_thin,scratch_thin,opencv_telea,False,data/processed/clean/p032_clean.png,data/processed/masked/p032_scratch_thin_damaged.png,data/processed/masks/p032_scratch_thin_mask.png,data/processed/restored/opencv_telea/canonical/canonical__p032_scratch_thin_restored_opencv_telea.png,opencv_telea_canonical_canonical_p032_scratch_thin_difference_maps.png,outputs/figures/opencv_difference_maps/all_cases/canonical/opencv_telea_canonical_canonical_p032_scratch_thin_difference_maps.png,768,768,589824,572160,8096,581728,32306,8096,0.013726128472222222,1.372612847222222,11,0,756,768,3.0,0.0,722.0,768.0,5,both,127,87.33102766798419,71.50411725955203,6.577703825443596,,0.8220039010047913,10.122262001037598,242.3333282470703,0.09357199817895889,2.0309510231018066,160.3333282470703,0.7284319400787354,9.270723342895508,-127.66667175292969,235.3333282470703,8096,53.069007873535156,59.02415084838867,-127.66667175292969,235.3333282470703,7975,120,1,98.50543478260869,1.4822134387351777,0.012351778656126482,581728,0.0,0.0,0.0,0.0,0,0,581728,0.0,0.0,100.0,32306,13.299284934997559,37.44294738769531,-127.66667175292969,235.3333282470703,7975,120,24211,24.685816876122082,0.3714480282300502,74.94273509564788,572160,0.7509204149246216,9.411845207214355,-127.66667175292969,235.3333282470703,7975,120,564065,1.3938408836689038,0.02097315436241611,98.58518596196868,59.886077880859375,62.66972351074219,6.817070007324219,15.958382606506348,15.00766658782959,40.71565628051758,1.7083823680877686,8.517558097839355,0.0,0.0,0.0,0.0,False,False,False,False,0,improved,unchanged_or_undefined,0.0,255.0,-253.3333282470703,253.3333282470703,2046768,2046768,1.9519500732421875,2383,2335,RGBA,PNG,41ffa9ea0f67da3447dfd58dfa44134c161a1c18de140c50241d4588301468bb,6.292931100004353,2.0.0,restoration_eval.error_maps,ok,,59.886077880859375,6.817070007324219,53.069007873535156,120,7975,1,1.4822134387351777,98.50543478260869
opencv_telea__canonical__canonical__p032_zero_control,opencv_telea__canonical__canonical__p032_zero_control,canonical__p032_zero_control,canonical__p032_zero_control,canonical,p032,abstraction_surrealism,Composition (No. 1) Gray-Red,Piet Mondrian,p032_zero_control,zero_control,opencv_telea,True,data/processed/clean/p032_clean.png,data/processed/masked/p032_zero_control_damaged.png,data/processed/masks/p032_zero_control_mask.png,data/processed/restored/opencv_telea/canonical/canonical__p032_zero_control_restored_opencv_telea.png,opencv_telea_canonical_canonical_p032_zero_control_difference_maps.png,outputs/figures/opencv_difference_maps/all_cases/canonical/opencv_telea_canonical_canonical_p032_zero_control_difference_maps.png,768,768,589824,572160,0,589824,0,0,0.0,0.0,11,0,756,768,,,,,5,both,127,,,,,0.0,0.0,0.0,0.0,0.0,0.0,0.0,0.0,0.0,0.0,0,,,,,0,0,0,,,,589824,0.0,0.0,0.0,0.0,0,0,589824,0.0,0.0,100.0,0,,,,,0,0,0,,,,572160,0.0,0.0,0.0,0.0,0,0,572160,0.0,0.0,100.0,,,,,,,,,0.0,0.0,0.0,0.0,False,False,False,False,0,unchanged_or_undefined,unchanged_or_undefined,0.0,255.0,-253.3333282470703,253.3333282470703,1902256,1902256,1.8141326904296875,2383,2335,RGBA,PNG,0d8c275a620329f8cf6823fb29061c089b4c9a9f52c79b259a2b7f6a65b24b07,6.265100899967365,2.0.0,restoration_eval.error_maps,ok,,,,,0,0,0,,
opencv_telea__canonical__canonical__p033_loss_large,opencv_telea__canonical__canonical__p033_loss_large,canonical__p033_loss_large,canonical__p033_loss_large,canonical,p033,abstraction_surrealism,Movement,Marsden Hartley,p033_loss_large,loss_large,opencv_telea,False,data/processed/clean/p033_clean.png,data/processed/masked/p033_loss_large_damaged.png,data/processed/masks/p033_loss_large_mask.png,data/processed/restored/opencv_telea/canonical/canonical__p033_loss_large_restored_opencv_telea.png,opencv_telea_canonical_canonical_p033_loss_large_difference_maps.png,outputs/figures/opencv_difference_maps/all_cases/canonical/opencv_telea_canonical_canonical_p033_loss_large_difference_maps.png,768,768,589824,585984,73172,516652,18524,73172,0.1240573459201389,12.40573459201389,2,0,765,768,74.0,254.0,572.0,710.0,5,both,127,20.86988647752328,-43.4895952914594,0.9021520543295978,,18.538204193115234,51.86794662475586,229.3333282470703,4.945959568023682,18.04793357849121,195.6666717529297,13.592244148254395,42.784324645996094,-194.0,213.0,73172,109.564208984375,65.11653900146484,-194.0,213.0,69043,4109,20,94.35713114306019,5.615535997376045,0.02733285956376756,516652,0.0,0.0,0.0,0.0,0,0,516652,0.0,0.0,100.0,18524,64.88191986083984,76.19459533691406,-101.66666412353516,213.0,8986,111,9427,48.510041027855756,0.5992226301014899,50.89073634204275,585984,13.681316375732422,42.91007614135742,-194.0,213.0,69043,4109,512832,11.78240361511577,0.7012136850152905,87.51638269986893,149.4325408935547,46.107818603515625,39.868343353271484,35.11874008178711,71.15879821777344,80.12376403808594,6.276884078979492,11.549004554748535,0.0,0.0,0.0,0.0,False,False,False,False,0,improved,unchanged_or_undefined,0.0,255.0,-253.3333282470703,253.3333282470703,3411593,3411593,3.2535486221313477,2383,2335,RGBA,PNG,a884dbc5e67158e16ee58764d0644c9b7ef8c0607d18680caa87752f72e6b317,6.348486799979582,2.0.0,restoration_eval.error_maps,ok,,149.4325408935547,39.868343353271484,109.564208984375,4109,69043,20,5.615535997376045,94.35713114306019
opencv_telea__canonical__canonical__p033_loss_small,opencv_telea__canonical__canonical__p033_loss_small,canonical__p033_loss_small,canonical__p033_loss_small,canonical,p033,abstraction_surrealism,Movement,Marsden Hartley,p033_loss_small,loss_small,opencv_telea,False,data/processed/clean/p033_clean.png,data/processed/masked/p033_loss_small_damaged.png,data/processed/masks/p033_loss_small_mask.png,data/processed/restored/opencv_telea/canonical/canonical__p033_loss_small_restored_opencv_telea.png,opencv_telea_canonical_canonical_p033_loss_small_difference_maps.png,outputs/figures/opencv_difference_maps/all_cases/canonical/opencv_telea_canonical_canonical_p033_loss_small_difference_maps.png,768,768,589824,585984,25311,564513,18296,25311,0.042912801106770836,4.291280110677084,2,0,765,768,117.0,168.0,764.0,621.0,5,both,127,20.385181673317263,-18.70003819156362,0.923480772453864,,5.917215824127197,29.813491821289062,218.3333282470703,1.1372629404067993,7.513146877288818,177.0,4.779952049255371,25.513505935668945,-157.0,209.0,25311,111.38755798339844,57.394386291503906,-157.0,209.0,24377,910,24,96.30990478448106,3.5952747817154593,0.09482043380348465,564513,0.0,0.0,0.0,0.0,0,0,564513,0.0,0.0,100.0,18296,59.397830963134766,71.99752044677734,-92.66666412353516,209.0,8629,158,9509,47.16331438565807,0.8635767380848272,51.9731088762571,585984,4.811276435852051,25.594022750854492,-157.0,209.0,24377,910,560697,4.160011194844911,0.15529434250764526,95.68469446264744,137.8892822265625,50.15260314941406,26.501720428466797,25.361291885375977,67.21261596679688,78.09454345703125,7.814786911010742,14.04307746887207,0.0,0.0,0.0,0.0,False,False,False,False,0,improved,unchanged_or_undefined,0.0,255.0,-253.3333282470703,253.3333282470703,3285722,3285722,3.1335086822509766,2383,2335,RGBA,PNG,9aa8d90a5c4ae10668808d1e0b944ef97157aebaf645b82b8caec220c0e1ee5a,6.393534399976488,2.0.0,restoration_eval.error_maps,ok,,137.8892822265625,26.501720428466797,111.38755798339844,910,24377,24,3.5952747817154593,96.30990478448106
opencv_telea__canonical__canonical__p033_mixed_damage,opencv_telea__canonical__canonical__p033_mixed_damage,canonical__p033_mixed_damage,canonical__p033_mixed_damage,canonical,p033,abstraction_surrealism,Movement,Marsden Hartley,p033_mixed_damage,mixed_damage,opencv_telea,False,data/processed/clean/p033_clean.png,data/processed/masked/p033_mixed_damage_damaged.png,data/processed/masks/p033_mixed_damage_mask.png,data/processed/restored/opencv_telea/canonical/canonical__p033_mixed_damage_restored_opencv_telea.png,opencv_telea_canonical_canonical_p033_mixed_damage_difference_maps.png,outputs/figures/opencv_difference_maps/all_cases/canonical/opencv_telea_canonical_canonical_p033_mixed_damage_difference_maps.png,768,768,589824,585984,47371,542453,60060,47371,0.08031378851996528,8.031378851996527,2,0,765,768,12.0,0.0,768.0,768.0,5,both,127,28.02416386959673,-1.7069937303413385,1.3013872807887594,,10.329610824584961,38.89991760253906,244.0,2.628371238708496,13.637890815734863,188.6666717529297,7.701239585876465,33.378936767578125,-182.0,222.6666717529297,47371,95.8893814086914,73.59479522705078,-182.0,222.6666717529297,42918,4416,37,90.59973401448144,9.32215912689198,0.07810685862658588,542453,0.0,0.0,0.0,0.0,0,0,542453,0.0,0.0,100.0,60060,42.21795654296875,69.15583038330078,-123.33332824707031,222.6666717529297,19824,424,39812,33.00699300699301,0.7059607059607059,66.2870462870463,585984,7.751705646514893,33.482276916503906,-182.0,222.6666717529297,42918,4416,538650,7.324090760157274,0.7536041939711665,91.92230504587155,128.61566162109375,60.23038864135742,32.726280212402344,36.48046875,46.503395080566406,73.25482940673828,4.285436630249023,10.672454833984375,0.0,0.0,0.0,0.0,False,False,False,False,0,improved,unchanged_or_undefined,0.0,255.0,-253.3333282470703,253.3333282470703,3556587,3556587,3.3918256759643555,2383,2335,RGBA,PNG,51958500e0249bd4b60f1c63a1f5a74124093d16c29ad69707bf67238839534b,6.428990199987311,2.0.0,restoration_eval.error_maps,ok,,128.61566162109375,32.726280212402344,95.8893814086914,4416,42918,37,9.32215912689198,90.59973401448144
opencv_telea__canonical__canonical__p033_scratch_thin,opencv_telea__canonical__canonical__p033_scratch_thin,canonical__p033_scratch_thin,canonical__p033_scratch_thin,canonical,p033,abstraction_surrealism,Movement,Marsden Hartley,p033_scratch_thin,scratch_thin,opencv_telea,False,data/processed/clean/p033_clean.png,data/processed/masked/p033_scratch_thin_damaged.png,data/processed/masks/p033_scratch_thin_mask.png,data/processed/restored/opencv_telea/canonical/canonical__p033_scratch_thin_restored_opencv_telea.png,opencv_telea_canonical_canonical_p033_scratch_thin_difference_maps.png,outputs/figures/opencv_difference_maps/all_cases/canonical/opencv_telea_canonical_canonical_p033_scratch_thin_difference_maps.png,768,768,589824,585984,15664,574160,59383,15664,0.026557074652777776,2.6557074652777777,2,0,765,768,0.0,0.0,768.0,768.0,5,both,127,57.61653047327204,-22.99880830779708,3.117367526761033,,3.8910903930664062,24.993797302246094,238.3333282470703,0.2709107995033264,2.4860501289367676,119.0,3.6201791763305664,23.670743942260742,-80.33333587646484,226.66665649414062,15664,136.3169403076172,54.857051849365234,-80.33333587646484,226.66665649414062,15491,169,4,98.89555669050051,1.0789070480081715,0.02553626149131767,574160,0.0,0.0,0.0,0.0,0,0,574160,0.0,0.0,100.0,59383,35.957576751708984,66.3510971069336,-80.33333587646484,226.66665649414062,15491,169,43723,26.08659043834094,0.2845932337537679,73.62881632790528,585984,3.6439027786254883,23.74635887145996,-80.33333587646484,226.66665649414062,15491,169,570324,2.6435875382262997,0.02884037789427698,97.32757208387942,146.5180206298828,51.235965728759766,10.20107650756836,11.464062690734863,38.648406982421875,69.72404479980469,2.6908321380615234,7.407828330993652,0.0,0.0,0.0,0.0,False,False,False,False,0,improved,unchanged_or_undefined,0.0,255.0,-253.3333282470703,253.3333282470703,3433579,3433579,3.2745161056518555,2383,2335,RGBA,PNG,92af84da5483134bbbeb768428ac6984a784ad9f25f703f140dc2993e9a71582,6.354579899983946,2.0.0,restoration_eval.error_maps,ok,,146.5180206298828,10.20107650756836,136.3169403076172,169,15491,4,1.0789070480081715,98.89555669050051
opencv_telea__canonical__canonical__p033_zero_control,opencv_telea__canonical__canonical__p033_zero_control,canonical__p033_zero_control,canonical__p033_zero_control,canonical,p033,abstraction_surrealism,Movement,Marsden Hartley,p033_zero_control,zero_control,opencv_telea,True,data/processed/clean/p033_clean.png,data/processed/masked/p033_zero_control_damaged.png,data/processed/masks/p033_zero_control_mask.png,data/processed/restored/opencv_telea/canonical/canonical__p033_zero_control_restored_opencv_telea.png,opencv_telea_canonical_canonical_p033_zero_control_difference_maps.png,outputs/figures/opencv_difference_maps/all_cases/canonical/opencv_telea_canonical_canonical_p033_zero_control_difference_maps.png,768,768,589824,585984,0,589824,0,0,0.0,0.0,2,0,765,768,,,,,5,both,127,,,,,0.0,0.0,0.0,0.0,0.0,0.0,0.0,0.0,0.0,0.0,0,,,,,0,0,0,,,,589824,0.0,0.0,0.0,0.0,0,0,589824,0.0,0.0,100.0,0,,,,,0,0,0,,,,585984,0.0,0.0,0.0,0.0,0,0,585984,0.0,0.0,100.0,,,,,,,,,0.0,0.0,0.0,0.0,False,False,False,False,0,unchanged_or_undefined,unchanged_or_undefined,0.0,255.0,-253.3333282470703,253.3333282470703,3128466,3128466,2.9835376739501953,2383,2335,RGBA,PNG,02ea8b8f10b078567c06411b8f7a64401a6d4e1b03cfa45c4471aaa597edec62,6.165659799997229,2.0.0,restoration_eval.error_maps,ok,,,,,0,0,0,,
opencv_telea__canonical__canonical__p034_loss_large,opencv_telea__canonical__canonical__p034_loss_large,canonical__p034_loss_large,canonical__p034_loss_large,canonical,p034,abstraction_surrealism,Painting with Green Center,Wassily Kandinsky,p034_loss_large,loss_large,opencv_telea,False,data/processed/clean/p034_clean.png,data/processed/masked/p034_loss_large_damaged.png,data/processed/masks/p034_loss_large_mask.png,data/processed/restored/opencv_telea/canonical/canonical__p034_loss_large_restored_opencv_telea.png,opencv_telea_canonical_canonical_p034_loss_large_difference_maps.png,outputs/figures/opencv_difference_maps/all_cases/canonical/opencv_telea_canonical_canonical_p034_loss_large_difference_maps.png,768,768,589824,549120,67682,522142,12378,67682,0.1147494845920139,11.47494845920139,0,26,768,741,126.0,155.0,449.0,550.0,5,both,127,20.290958699014013,-44.37929336209528,0.8891269082422788,,17.64592170715332,50.99558639526367,228.6666717529297,3.8892030715942383,14.27739429473877,142.0,13.75671672821045,41.00666427612305,-87.66666412353516,221.66665649414062,67682,119.8847885131836,43.94217300415039,-87.66666412353516,221.66665649414062,66007,1659,16,97.52519133595344,2.451168700688514,0.023639963358056796,522142,0.0,0.0,0.0,0.0,0,0,522142,0.0,0.0,100.0,12378,63.82705307006836,71.9241714477539,-16.666667938232422,221.66665649414062,6094,13,6271,49.23250929067701,0.10502504443367265,50.662465664889325,549120,14.776446342468262,42.3216667175293,-87.66666412353516,221.66665649414062,66007,1659,481454,12.020505536130537,0.3021197552447552,87.67737470862471,153.77777099609375,41.57888412475586,33.89298629760742,27.55918312072754,68.56018829345703,75.40287780761719,4.733128547668457,10.316261291503906,0.0,0.0,0.0,0.0,False,False,False,False,0,improved,unchanged_or_undefined,0.0,255.0,-253.3333282470703,253.3333282470703,2961636,2961636,2.8244361877441406,2383,2335,RGBA,PNG,915981d0e96aa67e0093e8634f4d879e0cdc362c372be046e1edaa98aba73d4c,6.661506099975668,2.0.0,restoration_eval.error_maps,ok,,153.77777099609375,33.89298629760742,119.8847885131836,1659,66007,16,2.451168700688514,97.52519133595344
opencv_telea__canonical__canonical__p034_loss_small,opencv_telea__canonical__canonical__p034_loss_small,canonical__p034_loss_small,canonical__p034_loss_small,canonical,p034,abstraction_surrealism,Painting with Green Center,Wassily Kandinsky,p034_loss_small,loss_small,opencv_telea,False,data/processed/clean/p034_clean.png,data/processed/masked/p034_loss_small_damaged.png,data/processed/masks/p034_loss_small_mask.png,data/processed/restored/opencv_telea/canonical/canonical__p034_loss_small_restored_opencv_telea.png,opencv_telea_canonical_canonical_p034_loss_small_difference_maps.png,outputs/figures/opencv_difference_maps/all_cases/canonical/opencv_telea_canonical_canonical_p034_loss_small_difference_maps.png,768,768,589824,549120,17944,571880,13383,17944,0.030422634548611112,3.042263454861111,0,26,768,741,49.0,37.0,716.0,680.0,5,both,127,43.227113984247296,-67.22629662654185,2.211429914707235,,4.838521480560303,28.468852996826172,228.6666717529297,0.5798103213310242,6.082764625549316,156.0,4.258710861206055,25.614604949951172,-26.666664123535156,211.33334350585938,17944,139.98495483398438,50.663665771484375,-26.666664123535156,211.33334350585938,17812,129,3,99.26437806509139,0.7189032545697727,0.01671868033883192,571880,0.0,0.0,0.0,0.0,0,0,571880,0.0,0.0,100.0,13383,65.30426788330078,76.96974182128906,-25.666671752929688,211.33334350585938,6257,15,7111,46.75334379436599,0.11208249271463797,53.13457371291938,549120,4.574392318725586,26.519773483276367,-26.666664123535156,211.33334350585938,17812,129,531179,3.243735431235431,0.023492132867132868,96.73277243589745,159.04347229003906,45.99195861816406,19.058515548706055,29.394285202026367,69.41475677490234,80.57324981689453,4.110488414764404,8.782331466674805,0.0,0.0,0.0,0.0,False,False,False,False,0,improved,unchanged_or_undefined,0.0,255.0,-253.3333282470703,253.3333282470703,2845278,2845278,2.713468551635742,2383,2335,RGBA,PNG,c9d6048ee7eb5da55a7acfec72141c9ef83f5ed88e56094f79df3e72042e7fe1,6.54175520001445,2.0.0,restoration_eval.error_maps,ok,,159.04347229003906,19.058515548706055,139.98495483398438,129,17812,3,0.7189032545697727,99.26437806509139
opencv_telea__canonical__canonical__p034_mixed_damage,opencv_telea__canonical__canonical__p034_mixed_damage,canonical__p034_mixed_damage,canonical__p034_mixed_damage,canonical,p034,abstraction_surrealism,Painting with Green Center,Wassily Kandinsky,p034_mixed_damage,mixed_damage,opencv_telea,False,data/processed/clean/p034_clean.png,data/processed/masked/p034_mixed_damage_damaged.png,data/processed/masks/p034_mixed_damage_mask.png,data/processed/restored/opencv_telea/canonical/canonical__p034_mixed_damage_restored_opencv_telea.png,opencv_telea_canonical_canonical_p034_mixed_damage_difference_maps.png,outputs/figures/opencv_difference_maps/all_cases/canonical/opencv_telea_canonical_canonical_p034_mixed_damage_difference_maps.png,768,768,589824,549120,45233,544591,53436,45233,0.07668897840711805,7.668897840711805,0,26,768,741,10.0,18.0,768.0,749.0,5,both,127,32.06111319906559,8.322603703785589,1.5828503865091896,,9.354391098022461,34.41764831542969,237.0,1.6544699668884277,8.820246696472168,155.3333282470703,7.699923038482666,29.694807052612305,-101.66665649414062,224.66665649414062,45233,100.40457153320312,46.79940414428711,-101.66665649414062,224.66665649414062,43550,1667,16,96.279265138284,3.685362456613534,0.03537240510246944,544591,0.0,0.0,0.0,0.0,0,0,544591,0.0,0.0,100.0,53436,35.641845703125,58.91725158691406,-63.33332824707031,224.66665649414062,16225,115,37096,30.36342540609327,0.21521071936522196,69.42136387454151,549120,8.270687103271484,30.698925018310547,-101.66665649414062,224.66665649414062,43550,1667,503903,7.930871212121213,0.3035766317016317,91.76555215617715,121.97832489013672,41.337547302246094,21.573762893676758,24.180795669555664,38.473594665527344,62.30370330810547,2.8317489624023438,8.471938133239746,0.0,0.0,0.0,0.0,False,False,False,False,0,improved,unchanged_or_undefined,0.0,255.0,-253.3333282470703,253.3333282470703,3111844,3111844,2.9676856994628906,2383,2335,RGBA,PNG,69404974b92149170c96b2463e8df2e5114a0cd5eaa6f61b01b6132f43804075,6.2954169000149705,2.0.0,restoration_eval.error_maps,ok,,121.97832489013672,21.573762893676758,100.40457153320312,1667,43550,16,3.685362456613534,96.279265138284
opencv_telea__canonical__canonical__p034_scratch_thin,opencv_telea__canonical__canonical__p034_scratch_thin,canonical__p034_scratch_thin,canonical__p034_scratch_thin,canonical,p034,abstraction_surrealism,Painting with Green Center,Wassily Kandinsky,p034_scratch_thin,scratch_thin,opencv_telea,False,data/processed/clean/p034_clean.png,data/processed/masked/p034_scratch_thin_damaged.png,data/processed/masks/p034_scratch_thin_mask.png,data/processed/restored/opencv_telea/canonical/canonical__p034_scratch_thin_restored_opencv_telea.png,opencv_telea_canonical_canonical_p034_scratch_thin_difference_maps.png,outputs/figures/opencv_difference_maps/all_cases/canonical/opencv_telea_canonical_canonical_p034_scratch_thin_difference_maps.png,768,768,589824,549120,6085,583739,25763,6085,0.010316636827256944,1.0316636827256944,0,26,768,741,0.0,136.0,768.0,656.0,5,both,127,70.15004108463435,-2.365215009586393,4.584545464657438,,1.2949070930480957,13.298788070678711,231.6666717529297,0.06525054574012756,0.9898936152458191,80.66666412353516,1.229656457901001,12.706687927246094,-4.666667938232422,221.66665649414062,6085,119.19161987304688,39.879486083984375,-4.666667938232422,221.66665649414062,6083,2,0,99.96713229252259,0.032867707477403446,0.0,583739,0.0,0.0,0.0,0.0,0,0,583739,0.0,0.0,100.0,25763,28.152040481567383,54.20869445800781,-4.666667938232422,221.66665649414062,6083,2,19678,23.611380662189962,0.007763071070915653,76.38085626673912,549120,1.3208060264587402,13.164647102355957,-4.666667938232422,221.66665649414062,6083,2,543035,1.107772435897436,0.00036421911421911425,98.89186334498834,125.51641082763672,39.384368896484375,6.324787616729736,7.442527770996094,29.645898818969727,56.64389419555664,1.4938608407974243,4.505514621734619,0.0,0.0,0.0,0.0,False,False,False,False,0,improved,unchanged_or_undefined,0.0,255.0,-253.3333282470703,253.3333282470703,2865152,2865152,2.732421875,2383,2335,RGBA,PNG,1f34c1af6a4f40b578aac9565a2373a789aa299200ba0f70776b0bd0e09412f7,6.345124199986458,2.0.0,restoration_eval.error_maps,ok,,125.51641082763672,6.324787616729736,119.19161987304688,2,6083,0,0.032867707477403446,99.96713229252259
opencv_telea__canonical__canonical__p034_zero_control,opencv_telea__canonical__canonical__p034_zero_control,canonical__p034_zero_control,canonical__p034_zero_control,canonical,p034,abstraction_surrealism,Painting with Green Center,Wassily Kandinsky,p034_zero_control,zero_control,opencv_telea,True,data/processed/clean/p034_clean.png,data/processed/masked/p034_zero_control_damaged.png,data/processed/masks/p034_zero_control_mask.png,data/processed/restored/opencv_telea/canonical/canonical__p034_zero_control_restored_opencv_telea.png,opencv_telea_canonical_canonical_p034_zero_control_difference_maps.png,outputs/figures/opencv_difference_maps/all_cases/canonical/opencv_telea_canonical_canonical_p034_zero_control_difference_maps.png,768,768,589824,549120,0,589824,0,0,0.0,0.0,0,26,768,741,,,,,5,both,127,,,,,0.0,0.0,0.0,0.0,0.0,0.0,0.0,0.0,0.0,0.0,0,,,,,0,0,0,,,,589824,0.0,0.0,0.0,0.0,0,0,589824,0.0,0.0,100.0,0,,,,,0,0,0,,,,549120,0.0,0.0,0.0,0.0,0,0,549120,0.0,0.0,100.0,,,,,,,,,0.0,0.0,0.0,0.0,False,False,False,False,0,unchanged_or_undefined,unchanged_or_undefined,0.0,255.0,-253.3333282470703,253.3333282470703,2739363,2739363,2.612460136413574,2383,2335,RGBA,PNG,f5e6f6f1bd577b622a6c344d8ce8bda48baa3a8671ad00f44519201baf882378,6.381746699975338,2.0.0,restoration_eval.error_maps,ok,,,,,0,0,0,,
opencv_telea__canonical__canonical__p035_loss_large,opencv_telea__canonical__canonical__p035_loss_large,canonical__p035_loss_large,canonical__p035_loss_large,canonical,p035,abstraction_surrealism,The Bewitched Mill,Franz Marc,p035_loss_large,loss_large,opencv_telea,False,data/processed/clean/p035_clean.png,data/processed/masked/p035_loss_large_damaged.png,data/processed/masks/p035_loss_large_mask.png,data/processed/restored/opencv_telea/canonical/canonical__p035_loss_large_restored_opencv_telea.png,opencv_telea_canonical_canonical_p035_loss_large_difference_maps.png,outputs/figures/opencv_difference_maps/all_cases/canonical/opencv_telea_canonical_canonical_p035_loss_large_difference_maps.png,768,768,589824,407040,59478,530346,13639,59478,0.10084025065104167,10.084025065104168,119,0,649,768,159.0,117.0,464.0,513.0,5,both,127,16.417717475369045,50.50173733705459,0.6960375590200876,,9.211938858032227,31.551828384399414,216.3333282470703,3.2753727436065674,13.234925270080566,156.3333282470703,5.936566352844238,24.92214012145996,-94.0,202.66665649414062,59478,58.87099838256836,55.16408920288086,-94.0,202.66665649414062,51155,8265,58,86.00659067218132,13.895894280238071,0.09751504758061805,530346,0.0,0.0,0.0,0.0,0,0,530346,0.0,0.0,100.0,13639,45.73025894165039,58.4709358215332,-38.999996185302734,202.66665649414062,6671,42,6926,48.91121049930347,0.3079404648434636,50.78084903585307,407040,8.60241985321045,29.61578941345215,-94.0,202.66665649414062,51155,8265,347620,12.567560927672956,2.0305129716981134,85.40192610062893,91.35179138183594,48.66829299926758,32.480812072753906,28.078805923461914,52.565486907958984,64.0589370727539,6.835227012634277,12.466185569763184,0.0,0.0,0.0,0.0,False,False,False,False,0,improved,unchanged_or_undefined,0.0,255.0,-253.3333282470703,253.3333282470703,2362357,2362357,2.2529191970825195,2383,2335,RGBA,PNG,6272a1f08191ac0035549075daac442af45c27a40348e34b2a853c8ab6edfe84,6.168436499952804,2.0.0,restoration_eval.error_maps,ok,,91.35179138183594,32.480812072753906,58.87099838256836,8265,51155,58,13.895894280238071,86.00659067218132
opencv_telea__canonical__canonical__p035_loss_small,opencv_telea__canonical__canonical__p035_loss_small,canonical__p035_loss_small,canonical__p035_loss_small,canonical,p035,abstraction_surrealism,The Bewitched Mill,Franz Marc,p035_loss_small,loss_small,opencv_telea,False,data/processed/clean/p035_clean.png,data/processed/masked/p035_loss_small_damaged.png,data/processed/masks/p035_loss_small_mask.png,data/processed/restored/opencv_telea/canonical/canonical__p035_loss_small_restored_opencv_telea.png,opencv_telea_canonical_canonical_p035_loss_small_difference_maps.png,outputs/figures/opencv_difference_maps/all_cases/canonical/opencv_telea_canonical_canonical_p035_loss_small_difference_maps.png,768,768,589824,407040,14406,575418,12016,14406,0.024424235026041668,2.442423502604167,119,0,649,768,125.0,303.0,446.0,732.0,5,both,127,31.7043824332454,47.20468323383776,1.4498578674276672,,2.1757867336273193,16.33871078491211,210.0,0.5373647809028625,5.076608180999756,156.0,1.6384223699569702,13.673933029174805,-137.0,198.66665649414062,14406,67.08181762695312,57.14283752441406,-137.0,198.66665649414062,13644,743,19,94.71053727613494,5.157573233374983,0.1318894904900736,575418,0.0,0.0,0.0,0.0,0,0,575418,0.0,0.0,100.0,12016,35.889949798583984,55.00369644165039,-96.33332824707031,198.66665649414062,5407,139,6470,44.99833555259654,1.1567909454061251,53.844873501997334,407040,2.374166488647461,16.407093048095703,-137.0,198.66665649414062,13644,743,392653,3.3520047169811322,0.1825373427672956,96.46545794025158,89.0831069946289,56.461334228515625,22.001296997070312,24.144254684448242,42.13704299926758,59.91691589355469,6.247087001800537,12.241825103759766,0.0,0.0,0.0,0.0,False,False,False,False,0,improved,unchanged_or_undefined,0.0,255.0,-253.3333282470703,253.3333282470703,2222347,2222347,2.1193952560424805,2383,2335,RGBA,PNG,7f0b79c1c30a962193fdc87b470938376b665e4f86e4d7642e65422aa37e2ca5,5.963004999968689,2.0.0,restoration_eval.error_maps,ok,,89.0831069946289,22.001296997070312,67.08181762695312,743,13644,19,5.157573233374983,94.71053727613494
opencv_telea__canonical__canonical__p035_mixed_damage,opencv_telea__canonical__canonical__p035_mixed_damage,canonical__p035_mixed_damage,canonical__p035_mixed_damage,canonical,p035,abstraction_surrealism,The Bewitched Mill,Franz Marc,p035_mixed_damage,mixed_damage,opencv_telea,False,data/processed/clean/p035_clean.png,data/processed/masked/p035_mixed_damage_damaged.png,data/processed/masks/p035_mixed_damage_mask.png,data/processed/restored/opencv_telea/canonical/canonical__p035_mixed_damage_restored_opencv_telea.png,opencv_telea_canonical_canonical_p035_mixed_damage_difference_maps.png,outputs/figures/opencv_difference_maps/all_cases/canonical/opencv_telea_canonical_canonical_p035_mixed_damage_difference_maps.png,768,768,589824,407040,42995,546829,52424,42995,0.0728946261935764,7.289462619357639,119,0,649,768,111.0,0.0,657.0,745.0,5,both,127,32.20586889948443,16.152529363879523,1.475540799159706,,7.875007629394531,32.49604034423828,235.3333282470703,1.88486647605896,9.995231628417969,146.6666717529297,5.990142345428467,27.451892852783203,-105.66667175292969,228.6666717529297,42995,82.17535400390625,63.8572998046875,-105.66667175292969,228.6666717529297,39849,3120,26,92.68287010117456,7.256657750901267,0.060472147924177225,546829,0.0,0.0,0.0,0.0,0,0,546829,0.0,0.0,100.0,52424,33.785709381103516,58.85828399658203,-88.66665649414062,228.6666717529297,17503,174,34747,33.38737982603387,0.3319090492904013,66.28071112467572,407040,8.6800537109375,32.69051742553711,-105.66667175292969,228.6666717529297,39849,3120,364071,9.789946933962264,0.7665094339622641,89.44354363207547,108.03276062011719,60.54955291748047,25.8574161529541,27.39830207824707,37.755184173583984,63.13520812988281,3.969479560852051,9.804359436035156,0.0,0.0,0.0,0.0,False,False,False,False,0,improved,unchanged_or_undefined,0.0,255.0,-253.3333282470703,253.3333282470703,2500704,2500704,2.384857177734375,2383,2335,RGBA,PNG,2834c8024b9728b64db29772669db904d7cc3fa1337c016c2fb609c751bbb3d1,6.267443200049456,2.0.0,restoration_eval.error_maps,ok,,108.03276062011719,25.8574161529541,82.17535400390625,3120,39849,26,7.256657750901267,92.68287010117456
opencv_telea__canonical__canonical__p035_scratch_thin,opencv_telea__canonical__canonical__p035_scratch_thin,canonical__p035_scratch_thin,canonical__p035_scratch_thin,canonical,p035,abstraction_surrealism,The Bewitched Mill,Franz Marc,p035_scratch_thin,scratch_thin,opencv_telea,False,data/processed/clean/p035_clean.png,data/processed/masked/p035_scratch_thin_damaged.png,data/processed/masks/p035_scratch_thin_mask.png,data/processed/restored/opencv_telea/canonical/canonical__p035_scratch_thin_restored_opencv_telea.png,opencv_telea_canonical_canonical_p035_scratch_thin_difference_maps.png,outputs/figures/opencv_difference_maps/all_cases/canonical/opencv_telea_canonical_canonical_p035_scratch_thin_difference_maps.png,768,768,589824,407040,9287,580537,38596,9287,0.015745374891493056,1.5745374891493056,119,0,649,768,111.0,0.0,657.0,768.0,5,both,127,57.53224938085496,17.28344280535515,3.147845520569035,,1.7646729946136475,15.695967674255371,221.0,0.1616227775812149,1.9536336660385132,128.6666717529297,1.603049874305725,14.51208782196045,-34.0,216.3333282470703,9287,101.81084442138672,56.33079147338867,-34.0,216.3333282470703,9246,41,0,99.55852266609239,0.4414773339076128,0.0,580537,0.0,0.0,0.0,0.0,0,0,580537,0.0,0.0,100.0,38596,24.497804641723633,51.551212310791016,-34.0,216.3333282470703,9246,41,29309,23.955850347186235,0.10622862472795108,75.93792102808581,407040,2.3229103088378906,17.421255111694336,-34.0,216.3333282470703,9246,41,397753,2.271521226415094,0.010072720125786165,97.71840605345912,112.07562255859375,57.3022575378418,10.264779090881348,11.776827812194824,26.96772575378418,55.545082092285156,2.469919204711914,7.254326343536377,0.0,0.0,0.0,0.0,False,False,False,False,0,improved,unchanged_or_undefined,0.0,255.0,-253.3333282470703,253.3333282470703,2330676,2330676,2.222705841064453,2383,2335,RGBA,PNG,f529ef7a0673f32e865809e50668f178b90c03aad15e21c6fa5aa03c22b94af1,6.32184510002844,2.0.0,restoration_eval.error_maps,ok,,112.07562255859375,10.264779090881348,101.81084442138672,41,9246,0,0.4414773339076128,99.55852266609239
opencv_telea__canonical__canonical__p035_zero_control,opencv_telea__canonical__canonical__p035_zero_control,canonical__p035_zero_control,canonical__p035_zero_control,canonical,p035,abstraction_surrealism,The Bewitched Mill,Franz Marc,p035_zero_control,zero_control,opencv_telea,True,data/processed/clean/p035_clean.png,data/processed/masked/p035_zero_control_damaged.png,data/processed/masks/p035_zero_control_mask.png,data/processed/restored/opencv_telea/canonical/canonical__p035_zero_control_restored_opencv_telea.png,opencv_telea_canonical_canonical_p035_zero_control_difference_maps.png,outputs/figures/opencv_difference_maps/all_cases/canonical/opencv_telea_canonical_canonical_p035_zero_control_difference_maps.png,768,768,589824,407040,0,589824,0,0,0.0,0.0,119,0,649,768,,,,,5,both,127,,,,,0.0,0.0,0.0,0.0,0.0,0.0,0.0,0.0,0.0,0.0,0,,,,,0,0,0,,,,589824,0.0,0.0,0.0,0.0,0,0,589824,0.0,0.0,100.0,0,,,,,0,0,0,,,,407040,0.0,0.0,0.0,0.0,0,0,407040,0.0,0.0,100.0,,,,,,,,,0.0,0.0,0.0,0.0,False,False,False,False,0,unchanged_or_undefined,unchanged_or_undefined,0.0,255.0,-253.3333282470703,253.3333282470703,2130370,2130370,2.031679153442383,2383,2335,RGBA,PNG,8eb42c67b8e15456fcff2b79c1a48006b38d30f3aaac459d05fbe9e056899a75,5.5502185999648646,2.0.0,restoration_eval.error_maps,ok,,,,,0,0,0,,
opencv_telea__canonical__canonical__p036_loss_large,opencv_telea__canonical__canonical__p036_loss_large,canonical__p036_loss_large,canonical__p036_loss_large,canonical,p036,abstraction_surrealism,"Lozenge Composition with Yellow, Black, Blue, Red, and Gray",Piet Mondrian,p036_loss_large,loss_large,opencv_telea,False,data/processed/clean/p036_clean.png,data/processed/masked/p036_loss_large_damaged.png,data/processed/masks/p036_loss_large_mask.png,data/processed/restored/opencv_telea/canonical/canonical__p036_loss_large_restored_opencv_telea.png,opencv_telea_canonical_canonical_p036_loss_large_difference_maps.png,outputs/figures/opencv_difference_maps/all_cases/canonical/opencv_telea_canonical_canonical_p036_loss_large_difference_maps.png,768,768,589824,589824,79110,510714,16871,79110,0.134124755859375,13.4124755859375,0,0,768,768,164.0,41.0,751.0,418.0,5,both,127,79.3651582185143,16.317595752749327,4.808825738968622,,6.14144229888916,24.103750228881836,255.0,2.329291343688965,15.20678424835205,242.3333282470703,3.8121519088745117,18.694093704223633,-165.0,253.0,79110,28.42243766784668,43.65851593017578,-165.0,253.0,76282,2823,5,96.4252306914423,3.5684489950701552,0.006320313487548983,510714,0.0,0.0,0.0,0.0,0,0,510714,0.0,0.0,100.0,16871,22.241260528564453,44.78468322753906,-148.0,253.0,8239,57,8575,48.83527947365302,0.3378578626044692,50.82686266374251,589824,3.8121519088745117,18.694093704223633,-165.0,253.0,76282,2823,510719,12.93301052517361,0.4786173502604167,86.58837212456596,45.78903579711914,50.162628173828125,17.36659812927246,38.24872970581055,23.829057693481445,46.88576889038086,1.5877937078475952,8.768841743469238,0.0,0.0,0.0,0.0,False,False,False,False,0,improved,unchanged_or_undefined,0.0,255.0,-253.3333282470703,253.3333282470703,1112126,1112126,1.0606060028076172,2383,2335,RGBA,PNG,806d82b9afb0bd7e0b23bbbc3c85b31b4845d53916f83cd858c4f37dd6866952,5.772726099996362,2.0.0,restoration_eval.error_maps,ok,,45.78903579711914,17.36659812927246,28.42243766784668,2823,76282,5,3.5684489950701552,96.4252306914423
opencv_telea__canonical__canonical__p036_loss_small,opencv_telea__canonical__canonical__p036_loss_small,canonical__p036_loss_small,canonical__p036_loss_small,canonical,p036,abstraction_surrealism,"Lozenge Composition with Yellow, Black, Blue, Red, and Gray",Piet Mondrian,p036_loss_small,loss_small,opencv_telea,False,data/processed/clean/p036_clean.png,data/processed/masked/p036_loss_small_damaged.png,data/processed/masks/p036_loss_small_mask.png,data/processed/restored/opencv_telea/canonical/canonical__p036_loss_small_restored_opencv_telea.png,opencv_telea_canonical_canonical_p036_loss_small_difference_maps.png,outputs/figures/opencv_difference_maps/all_cases/canonical/opencv_telea_canonical_canonical_p036_loss_small_difference_maps.png,768,768,589824,589824,21381,568443,16462,21381,0.036249796549479164,3.6249796549479165,0,0,768,768,65.0,13.0,726.0,642.0,5,both,127,101.87144349344432,42.06984394244111,8.309971397115813,,1.6372731924057007,13.845396995544434,255.0,0.3937722444534302,7.336572170257568,215.0,1.2435009479522705,12.691229820251465,-173.3333282470703,255.0,21381,34.30366516113281,57.52545928955078,-173.3333282470703,255.0,20769,610,2,97.13764557317243,2.8530003273934805,0.009354099434076984,568443,0.0,0.0,0.0,0.0,0,0,568443,0.0,0.0,100.0,16462,18.319259643554688,42.63564682006836,-168.6666717529297,255.0,7553,59,8850,45.88142388531163,0.35840116632243957,53.760174948365936,589824,1.2435009479522705,12.691229820251465,-173.3333282470703,255.0,20769,610,568445,3.5212198893229165,0.1034206814236111,96.37535942925346,45.16640853881836,57.63777160644531,10.862744331359863,37.028663635253906,20.677682876586914,45.66304016113281,2.3584213256835938,16.463727951049805,0.0,0.0,0.0,0.0,False,False,False,False,0,improved,unchanged_or_undefined,0.0,255.0,-253.3333282470703,253.3333282470703,992139,992139,0.9461774826049805,2383,2335,RGBA,PNG,8e0c859edb15de0072ee86196ba8bd74a2734eae8bdc961e2a14d6e478170c66,5.48813319997862,2.0.0,restoration_eval.error_maps,ok,,45.16640853881836,10.862744331359863,34.30366516113281,610,20769,2,2.8530003273934805,97.13764557317243
opencv_telea__canonical__canonical__p036_mixed_damage,opencv_telea__canonical__canonical__p036_mixed_damage,canonical__p036_mixed_damage,canonical__p036_mixed_damage,canonical,p036,abstraction_surrealism,"Lozenge Composition with Yellow, Black, Blue, Red, and Gray",Piet Mondrian,p036_mixed_damage,mixed_damage,opencv_telea,False,data/processed/clean/p036_clean.png,data/processed/masked/p036_mixed_damage_damaged.png,data/processed/masks/p036_mixed_damage_mask.png,data/processed/restored/opencv_telea/canonical/canonical__p036_mixed_damage_restored_opencv_telea.png,opencv_telea_canonical_canonical_p036_mixed_damage_difference_maps.png,outputs/figures/opencv_difference_maps/all_cases/canonical/opencv_telea_canonical_canonical_p036_mixed_damage_difference_maps.png,768,768,589824,589824,52887,536937,55167,52887,0.08966573079427083,8.966573079427082,0,0,768,768,0.0,0.0,768.0,762.0,5,both,127,95.14731408474672,45.300243916274326,6.470381456756122,,4.620243549346924,22.490968704223633,255.0,1.4336168766021729,12.749122619628906,218.6666717529297,3.1866257190704346,17.153196334838867,-186.6666717529297,255.0,52887,35.5389518737793,46.16996765136719,-186.6666717529297,255.0,50175,2707,5,94.87208576776902,5.118460113071265,0.009454119159717889,536937,0.0,0.0,0.0,0.0,0,0,536937,0.0,0.0,100.0,55167,15.205225944519043,36.6916389465332,-186.6666717529297,255.0,19251,121,35795,34.89586165642503,0.21933402215092357,64.88480432142404,589824,3.1866257190704346,17.153196334838867,-186.6666717529297,255.0,50175,2707,536942,8.50677490234375,0.4589504665798611,91.03427463107639,51.52741241455078,56.78409194946289,15.988460540771484,39.74952697753906,16.538455963134766,39.46802520751953,1.3332304954528809,8.371936798095703,0.0,0.0,0.0,0.0,False,False,False,False,0,improved,unchanged_or_undefined,0.0,255.0,-253.3333282470703,253.3333282470703,1243674,1243674,1.1860599517822266,2383,2335,RGBA,PNG,bea64247b40e8ca484a7e22810bade5e8f0f1e0866c7dd37c1b482234fbedc11,5.502914100012276,2.0.0,restoration_eval.error_maps,ok,,51.52741241455078,15.988460540771484,35.5389518737793,2707,50175,5,5.118460113071265,94.87208576776902
opencv_telea__canonical__canonical__p036_scratch_thin,opencv_telea__canonical__canonical__p036_scratch_thin,canonical__p036_scratch_thin,canonical__p036_scratch_thin,canonical,p036,abstraction_surrealism,"Lozenge Composition with Yellow, Black, Blue, Red, and Gray",Piet Mondrian,p036_scratch_thin,scratch_thin,opencv_telea,False,data/processed/clean/p036_clean.png,data/processed/masked/p036_scratch_thin_damaged.png,data/processed/masks/p036_scratch_thin_mask.png,data/processed/restored/opencv_telea/canonical/canonical__p036_scratch_thin_restored_opencv_telea.png,opencv_telea_canonical_canonical_p036_scratch_thin_difference_maps.png,outputs/figures/opencv_difference_maps/all_cases/canonical/opencv_telea_canonical_canonical_p036_scratch_thin_difference_maps.png,768,768,589824,589824,8289,581535,29767,8289,0.0140533447265625,1.40533447265625,0,0,768,768,0.0,0.0,768.0,761.0,5,both,127,124.94675674588812,109.3340973981582,13.794914910447424,,0.5587305426597595,7.205618858337402,255.0,0.0245785191655159,0.7073445916175842,106.33333587646484,0.5341519713401794,6.916501522064209,-48.33333206176758,255.0,8289,38.00888442993164,44.493324279785156,-48.33333206176758,255.0,8273,16,0,99.80697309687537,0.19302690312462298,0.0,581535,0.0,0.0,0.0,0.0,0,0,581535,0.0,0.0,100.0,29767,10.584057807922363,29.009075164794922,-48.33333206176758,255.0,8273,16,21478,27.792521920247253,0.05375079786340578,72.15372728188935,589824,0.5341519713401794,6.916501522064209,-48.33333206176758,255.0,8273,16,581535,1.4026217990451388,0.002712673611111111,98.59466552734375,39.757835388183594,46.21785354614258,1.7489444017410278,5.7084879875183105,11.071073532104492,30.20620346069336,0.48701581358909607,3.1126837730407715,0.0,0.0,0.0,0.0,False,False,False,False,0,improved,unchanged_or_undefined,0.0,255.0,-253.3333282470703,253.3333282470703,1013475,1013475,0.9665250778198242,2383,2335,RGBA,PNG,d8600e59ad4f7a7b4a4b4663c95225680f23a47f0ec22d3582ca478a49310712,5.689989799982868,2.0.0,restoration_eval.error_maps,ok,,39.757835388183594,1.7489444017410278,38.00888442993164,16,8273,0,0.19302690312462298,99.80697309687537
opencv_telea__canonical__canonical__p036_zero_control,opencv_telea__canonical__canonical__p036_zero_control,canonical__p036_zero_control,canonical__p036_zero_control,canonical,p036,abstraction_surrealism,"Lozenge Composition with Yellow, Black, Blue, Red, and Gray",Piet Mondrian,p036_zero_control,zero_control,opencv_telea,True,data/processed/clean/p036_clean.png,data/processed/masked/p036_zero_control_damaged.png,data/processed/masks/p036_zero_control_mask.png,data/processed/restored/opencv_telea/canonical/canonical__p036_zero_control_restored_opencv_telea.png,opencv_telea_canonical_canonical_p036_zero_control_difference_maps.png,outputs/figures/opencv_difference_maps/all_cases/canonical/opencv_telea_canonical_canonical_p036_zero_control_difference_maps.png,768,768,589824,589824,0,589824,0,0,0.0,0.0,0,0,768,768,,,,,5,both,127,,,,,0.0,0.0,0.0,0.0,0.0,0.0,0.0,0.0,0.0,0.0,0,,,,,0,0,0,,,,589824,0.0,0.0,0.0,0.0,0,0,589824,0.0,0.0,100.0,0,,,,,0,0,0,,,,589824,0.0,0.0,0.0,0.0,0,0,589824,0.0,0.0,100.0,,,,,,,,,0.0,0.0,0.0,0.0,False,False,False,False,0,unchanged_or_undefined,unchanged_or_undefined,0.0,255.0,-253.3333282470703,253.3333282470703,875073,875073,0.8345346450805664,2383,2335,RGBA,PNG,f733fb1da46f362dd8d4336c235f7d83c603432f9a470d1e12090846a88492a0,5.403949600004125,2.0.0,restoration_eval.error_maps,ok,,,,,0,0,0,,
opencv_telea__canonical__canonical__p037_loss_large,opencv_telea__canonical__canonical__p037_loss_large,canonical__p037_loss_large,canonical__p037_loss_large,canonical,p037,abstraction_surrealism,In the Sea,Arnold Böcklin,p037_loss_large,loss_large,opencv_telea,False,data/processed/clean/p037_clean.png,data/processed/masked/p037_loss_large_damaged.png,data/processed/masks/p037_loss_large_mask.png,data/processed/restored/opencv_telea/canonical/canonical__p037_loss_large_restored_opencv_telea.png,opencv_telea_canonical_canonical_p037_loss_large_difference_maps.png,outputs/figures/opencv_difference_maps/all_cases/canonical/opencv_telea_canonical_canonical_p037_loss_large_difference_maps.png,768,768,589824,444672,47063,542761,10945,47063,0.0797915988498264,7.979159884982639,0,94,768,673,383.0,298.0,710.0,619.0,5,both,127,33.48525735007684,-4.1539496703000935,1.5209970581681986,,11.237201690673828,41.160987854003906,235.3333282470703,2.55902361869812,13.361279487609863,168.3333282470703,8.67817497253418,35.23884582519531,-118.33332824707031,227.0,47063,108.76051330566406,68.39398193359375,-118.33332824707031,227.0,44460,2590,13,94.46911586596688,5.5032615855342835,0.02762254849882073,542761,0.0,0.0,0.0,0.0,0,0,542761,0.0,0.0,100.0,10945,72.41829681396484,84.24027252197266,-0.33333587646484375,227.0,5406,1,5538,49.39241662859754,0.009136592051164915,50.598446779351306,444672,11.510947227478027,40.18102264404297,-118.33332824707031,227.0,44460,2590,397622,9.998380829015543,0.5824517846862406,89.41916738629821,140.8318634033203,54.60856628417969,32.07133865356445,35.928749084472656,76.6100845336914,87.31195831298828,4.191777229309082,9.407551765441895,0.0,0.0,0.0,0.0,False,False,False,False,0,improved,unchanged_or_undefined,0.0,255.0,-253.3333282470703,253.3333282470703,2139073,2139073,2.0399789810180664,2383,2335,RGBA,PNG,9e509aa46a49bb73e684636ee8f8967cc10febbd057fb4da898aa915f08083e5,6.075495900004171,2.0.0,restoration_eval.error_maps,ok,,140.8318634033203,32.07133865356445,108.76051330566406,2590,44460,13,5.5032615855342835,94.46911586596688
opencv_telea__canonical__canonical__p037_loss_small,opencv_telea__canonical__canonical__p037_loss_small,canonical__p037_loss_small,canonical__p037_loss_small,canonical,p037,abstraction_surrealism,In the Sea,Arnold Böcklin,p037_loss_small,loss_small,opencv_telea,False,data/processed/clean/p037_clean.png,data/processed/masked/p037_loss_small_damaged.png,data/processed/masks/p037_loss_small_mask.png,data/processed/restored/opencv_telea/canonical/canonical__p037_loss_small_restored_opencv_telea.png,opencv_telea_canonical_canonical_p037_loss_small_difference_maps.png,outputs/figures/opencv_difference_maps/all_cases/canonical/opencv_telea_canonical_canonical_p037_loss_small_difference_maps.png,768,768,589824,444672,15897,573927,13493,15897,0.026952107747395832,2.695210774739583,0,94,768,673,20.0,121.0,664.0,655.0,5,both,127,50.10897234279004,-35.08794112096622,2.608574723568644,,4.156833171844482,26.155595779418945,233.6666717529297,0.3500875234603882,3.453597068786621,116.33333587646484,3.806746244430542,24.1419734954834,-3.3333358764648438,225.6666717529297,15897,141.24114990234375,47.04716873168945,-3.3333358764648438,225.6666717529297,15894,3,0,99.98112851481412,0.018871485185884128,0.0,573927,0.0,0.0,0.0,0.0,0,0,573927,0.0,0.0,100.0,13493,67.13629150390625,78.92784118652344,0.0,225.6666717529297,6278,0,7215,46.527829244793594,0.0,53.472170755206406,444672,5.04936408996582,27.691370010375977,-3.3333358764648438,225.6666717529297,15894,3,428775,3.574319948186529,0.0006746545768566494,96.42500539723662,154.2303924560547,47.29423522949219,12.989243507385254,16.68427085876465,70.21077728271484,81.9052734375,3.0744831562042236,6.38826847076416,0.0,0.0,0.0,0.0,False,False,False,False,0,improved,unchanged_or_undefined,0.0,255.0,-253.3333282470703,253.3333282470703,2058913,2058913,1.9635324478149414,2383,2335,RGBA,PNG,8076b8a667a11238afee48cd727d8c5319c75accd71391530363dba07c7a2f4b,6.6031989000039175,2.0.0,restoration_eval.error_maps,ok,,154.2303924560547,12.989243507385254,141.24114990234375,3,15894,0,0.018871485185884128,99.98112851481412
opencv_telea__canonical__canonical__p037_mixed_damage,opencv_telea__canonical__canonical__p037_mixed_damage,canonical__p037_mixed_damage,canonical__p037_mixed_damage,canonical,p037,abstraction_surrealism,In the Sea,Arnold Böcklin,p037_mixed_damage,mixed_damage,opencv_telea,False,data/processed/clean/p037_clean.png,data/processed/masked/p037_mixed_damage_damaged.png,data/processed/masks/p037_mixed_damage_mask.png,data/processed/restored/opencv_telea/canonical/canonical__p037_mixed_damage_restored_opencv_telea.png,opencv_telea_canonical_canonical_p037_mixed_damage_difference_maps.png,outputs/figures/opencv_difference_maps/all_cases/canonical/opencv_telea_canonical_canonical_p037_mixed_damage_difference_maps.png,768,768,589824,444672,44213,545611,47839,44213,0.07495964898003472,7.495964898003472,0,94,768,673,0.0,86.0,768.0,681.0,5,both,127,48.92507482716245,-51.90820950097633,2.437258913024184,,12.309640884399414,45.8308219909668,247.0,1.4743969440460205,9.155250549316406,161.3333282470703,10.83524227142334,41.85860061645508,-101.66665649414062,241.6666717529297,44213,144.5476837158203,63.61322021484375,-101.66665649414062,241.6666717529297,43201,1003,9,97.71108045145093,2.2685635446588104,0.02035600389025852,545611,0.0,0.0,0.0,0.0,0,0,545611,0.0,0.0,100.0,47839,55.62889099121094,82.95833587646484,-19.333335876464844,241.6666717529297,16779,2,31058,35.07389368506867,0.004180689395681348,64.92192562553565,444672,14.372136116027832,47.67863082885742,-101.66665649414062,241.6666717529297,43201,1003,400468,9.715250791594704,0.22555951352907314,90.05918969487622,164.2168731689453,55.45744705200195,19.669206619262695,27.57364273071289,58.219417572021484,85.51800537109375,2.59053635597229,7.576124668121338,0.0,0.0,0.0,0.0,False,False,False,False,0,improved,unchanged_or_undefined,0.0,255.0,-253.3333282470703,253.3333282470703,2316951,2316951,2.2096166610717773,2383,2335,RGBA,PNG,82c5fe5b0efeab9b2d8d66b232677295346bb4d99de621a4f4967cc6d507b520,6.479388799984008,2.0.0,restoration_eval.error_maps,ok,,164.2168731689453,19.669206619262695,144.5476837158203,1003,43201,9,2.2685635446588104,97.71108045145093
opencv_telea__canonical__canonical__p037_scratch_thin,opencv_telea__canonical__canonical__p037_scratch_thin,canonical__p037_scratch_thin,canonical__p037_scratch_thin,canonical,p037,abstraction_surrealism,In the Sea,Arnold Böcklin,p037_scratch_thin,scratch_thin,opencv_telea,False,data/processed/clean/p037_clean.png,data/processed/masked/p037_scratch_thin_damaged.png,data/processed/masks/p037_scratch_thin_mask.png,data/processed/restored/opencv_telea/canonical/canonical__p037_scratch_thin_restored_opencv_telea.png,opencv_telea_canonical_canonical_p037_scratch_thin_difference_maps.png,outputs/figures/opencv_difference_maps/all_cases/canonical/opencv_telea_canonical_canonical_p037_scratch_thin_difference_maps.png,768,768,589824,444672,7718,582106,30934,7718,0.013085259331597222,1.308525933159722,0,94,768,673,0.0,86.0,768.0,681.0,5,both,127,73.71857994299042,-15.599464455385672,4.714093482960216,,1.7994132041931152,16.642507553100586,228.3333282470703,0.09831462800502777,1.549906849861145,77.66666412353516,1.7010985612869263,15.969328880310059,-4.3333282470703125,227.0,7718,130.00111389160156,53.008567810058594,-4.3333282470703125,227.0,7713,4,1,99.93521637729982,0.051826898160145116,0.012956724540036279,582106,0.0,0.0,0.0,0.0,0,0,582106,0.0,0.0,100.0,30934,32.43513870239258,62.17423629760742,-4.3333282470703125,227.0,7713,4,23217,24.933729876511283,0.012930755802676667,75.05333936768605,444672,2.2563791275024414,18.357860565185547,-4.3333282470703125,227.0,7713,4,436955,1.7345369170984455,0.000899539435808866,98.26456354346574,137.51451110839844,50.03998565673828,7.513388633728027,11.307928085327148,34.309722900390625,64.54202270507812,1.8745825290679932,6.517180919647217,0.0,0.0,0.0,0.0,False,False,False,False,0,improved,unchanged_or_undefined,0.0,255.0,-253.3333282470703,253.3333282470703,2120237,2120237,2.0220155715942383,2383,2335,RGBA,PNG,2756d378d5b12448e7ece18027f3e0397c4efb660e8b1fd23b23080f1cb493ae,6.005934500019066,2.0.0,restoration_eval.error_maps,ok,,137.51451110839844,7.513388633728027,130.00111389160156,4,7713,1,0.051826898160145116,99.93521637729982
opencv_telea__canonical__canonical__p037_zero_control,opencv_telea__canonical__canonical__p037_zero_control,canonical__p037_zero_control,canonical__p037_zero_control,canonical,p037,abstraction_surrealism,In the Sea,Arnold Böcklin,p037_zero_control,zero_control,opencv_telea,True,data/processed/clean/p037_clean.png,data/processed/masked/p037_zero_control_damaged.png,data/processed/masks/p037_zero_control_mask.png,data/processed/restored/opencv_telea/canonical/canonical__p037_zero_control_restored_opencv_telea.png,opencv_telea_canonical_canonical_p037_zero_control_difference_maps.png,outputs/figures/opencv_difference_maps/all_cases/canonical/opencv_telea_canonical_canonical_p037_zero_control_difference_maps.png,768,768,589824,444672,0,589824,0,0,0.0,0.0,0,94,768,673,,,,,5,both,127,,,,,0.0,0.0,0.0,0.0,0.0,0.0,0.0,0.0,0.0,0.0,0,,,,,0,0,0,,,,589824,0.0,0.0,0.0,0.0,0,0,589824,0.0,0.0,100.0,0,,,,,0,0,0,,,,444672,0.0,0.0,0.0,0.0,0,0,444672,0.0,0.0,100.0,,,,,,,,,0.0,0.0,0.0,0.0,False,False,False,False,0,unchanged_or_undefined,unchanged_or_undefined,0.0,255.0,-253.3333282470703,253.3333282470703,1961425,1961425,1.870560646057129,2383,2335,RGBA,PNG,6e182b9caf717346104a98be5a3130a56fc5c54d797ef3c659d696607954fe2c,6.409734299988486,2.0.0,restoration_eval.error_maps,ok,,,,,0,0,0,,
opencv_telea__canonical__canonical__p038_loss_large,opencv_telea__canonical__canonical__p038_loss_large,canonical__p038_loss_large,canonical__p038_loss_large,canonical,p038,abstraction_surrealism,Mahana no atua (Day of the God),Paul Gauguin,p038_loss_large,loss_large,opencv_telea,False,data/processed/clean/p038_clean.png,data/processed/masked/p038_loss_large_damaged.png,data/processed/masks/p038_loss_large_mask.png,data/processed/restored/opencv_telea/canonical/canonical__p038_loss_large_restored_opencv_telea.png,opencv_telea_canonical_canonical_p038_loss_large_difference_maps.png,outputs/figures/opencv_difference_maps/all_cases/canonical/opencv_telea_canonical_canonical_p038_loss_large_difference_maps.png,768,768,589824,440064,61070,528754,11250,61070,0.10353936089409722,10.353936089409723,0,97,768,670,0.0,152.0,404.0,473.0,5,both,127,9.91282135254626,-41.034768844495375,0.4349672999828406,,16.12694549560547,48.88243103027344,223.0,3.8831722736358643,15.268474578857422,161.0,12.243772506713867,37.764854431152344,-115.0,213.66665649414062,61070,118.2523422241211,35.1933479309082,-115.0,213.66665649414062,60702,363,5,99.39741280497789,0.5943998690027836,0.008187326019322089,528754,0.0,0.0,0.0,0.0,0,0,528754,0.0,0.0,100.0,11250,66.751220703125,74.06986236572266,-76.0,213.66665649414062,5529,20,5701,49.14666666666667,0.17777777777777778,50.675555555555555,440064,16.410499572753906,42.932029724121094,-115.0,213.66665649414062,60702,363,378999,13.79390270506108,0.0824880017452007,86.12360929319371,155.75665283203125,36.46702194213867,37.50431442260742,31.474390029907227,74.14494323730469,80.31734466552734,7.393718242645264,14.128118515014648,0.0,0.0,0.0,0.0,False,False,False,False,0,improved,unchanged_or_undefined,0.0,255.0,-253.3333282470703,253.3333282470703,2374473,2374473,2.2644739151000977,2383,2335,RGBA,PNG,bb663fce73eb18d0079d0cc70c93aca9d59cf9b6ae606858c13479bcf682d6ba,6.015296900004614,2.0.0,restoration_eval.error_maps,ok,,155.75665283203125,37.50431442260742,118.2523422241211,363,60702,5,0.5943998690027836,99.39741280497789
opencv_telea__canonical__canonical__p038_loss_small,opencv_telea__canonical__canonical__p038_loss_small,canonical__p038_loss_small,canonical__p038_loss_small,canonical,p038,abstraction_surrealism,Mahana no atua (Day of the God),Paul Gauguin,p038_loss_small,loss_small,opencv_telea,False,data/processed/clean/p038_clean.png,data/processed/masked/p038_loss_small_damaged.png,data/processed/masks/p038_loss_small_mask.png,data/processed/restored/opencv_telea/canonical/canonical__p038_loss_small_restored_opencv_telea.png,opencv_telea_canonical_canonical_p038_loss_small_difference_maps.png,outputs/figures/opencv_difference_maps/all_cases/canonical/opencv_telea_canonical_canonical_p038_loss_small_difference_maps.png,768,768,589824,440064,20821,569003,14764,20821,0.035300360785590276,3.5300360785590277,0,97,768,670,13.0,266.0,733.0,668.0,5,both,127,46.61591662264061,-40.05427212910044,2.580018035839558,,5.651365280151367,30.39215850830078,230.6666717529297,0.5208609104156494,4.304490089416504,113.66666412353516,5.130504131317139,27.99966812133789,-25.666664123535156,226.3333282470703,20821,145.33859252929688,42.79301834106445,-25.666664123535156,226.3333282470703,20759,61,1,99.70222371644013,0.29297344027664374,0.004802843283223668,569003,0.0,0.0,0.0,0.0,0,0,569003,0.0,0.0,100.0,14764,70.8634033203125,80.60151672363281,0.0,226.3333282470703,6908,0,7856,46.789487943646705,0.0,53.21051205635329,440064,6.8764872550964355,32.23004150390625,-25.666664123535156,226.3333282470703,20759,61,419244,4.717268397324026,0.013861620127981386,95.26886998254798,160.0937042236328,37.96256637573242,14.755119323730469,17.744216918945312,74.5386734008789,83.88748168945312,3.6752684116363525,7.76535701751709,0.0,0.0,0.0,0.0,False,False,False,False,0,improved,unchanged_or_undefined,0.0,255.0,-253.3333282470703,253.3333282470703,2294575,2294575,2.188277244567871,2383,2335,RGBA,PNG,c0f3db186aecb3f04fa8e01b5af5ebd6531c1c7ca2c9c4623dea9d6ff3a85a76,6.321828200016171,2.0.0,restoration_eval.error_maps,ok,,160.0937042236328,14.755119323730469,145.33859252929688,61,20759,1,0.29297344027664374,99.70222371644013
opencv_telea__canonical__canonical__p038_mixed_damage,opencv_telea__canonical__canonical__p038_mixed_damage,canonical__p038_mixed_damage,canonical__p038_mixed_damage,canonical,p038,abstraction_surrealism,Mahana no atua (Day of the God),Paul Gauguin,p038_mixed_damage,mixed_damage,opencv_telea,False,data/processed/clean/p038_clean.png,data/processed/masked/p038_mixed_damage_damaged.png,data/processed/masks/p038_mixed_damage_mask.png,data/processed/restored/opencv_telea/canonical/canonical__p038_mixed_damage_restored_opencv_telea.png,opencv_telea_canonical_canonical_p038_mixed_damage_difference_maps.png,outputs/figures/opencv_difference_maps/all_cases/canonical/opencv_telea_canonical_canonical_p038_mixed_damage_difference_maps.png,768,768,589824,440064,37262,552562,30843,37262,0.0631747775607639,6.317477756076389,0,97,768,670,0.0,143.0,768.0,678.0,5,both,127,33.42100084089242,-31.762188467249928,1.596259723379827,,10.14763355255127,40.09592056274414,230.3333282470703,1.2918845415115356,7.291577339172363,155.0,8.85574722290039,35.7346076965332,-63.666664123535156,227.0,37262,140.17855834960938,42.47979736328125,-63.666664123535156,227.0,36912,341,9,99.06070527615265,0.9151414309484194,0.024153292898931887,552562,0.0,0.0,0.0,0.0,0,0,552562,0.0,0.0,100.0,30843,58.36319351196289,76.9762954711914,-50.33332824707031,227.0,12132,30,18681,39.3346950685731,0.09726680284019065,60.56803812858671,440064,11.869485855102539,40.936038970947266,-63.666664123535156,227.0,36912,341,402811,8.387870855148343,0.07748872891215823,91.53464041593949,160.6279296875,35.732810974121094,20.449378967285156,21.209171295166016,62.45466995239258,81.26982879638672,4.0914740562438965,10.104293823242188,0.0,0.0,0.0,0.0,False,False,False,False,0,improved,unchanged_or_undefined,0.0,255.0,-253.3333282470703,253.3333282470703,2423579,2423579,2.311305046081543,2383,2335,RGBA,PNG,b37918f53f212ef0f011ccb61f9bc8ce55c82b4b4de2cb6c8877b0274807dccc,6.430524699972011,2.0.0,restoration_eval.error_maps,ok,,160.6279296875,20.449378967285156,140.17855834960938,341,36912,9,0.9151414309484194,99.06070527615265
opencv_telea__canonical__canonical__p038_scratch_thin,opencv_telea__canonical__canonical__p038_scratch_thin,canonical__p038_scratch_thin,canonical__p038_scratch_thin,canonical,p038,abstraction_surrealism,Mahana no atua (Day of the God),Paul Gauguin,p038_scratch_thin,scratch_thin,opencv_telea,False,data/processed/clean/p038_clean.png,data/processed/masked/p038_scratch_thin_damaged.png,data/processed/masks/p038_scratch_thin_mask.png,data/processed/restored/opencv_telea/canonical/canonical__p038_scratch_thin_restored_opencv_telea.png,opencv_telea_canonical_canonical_p038_scratch_thin_difference_maps.png,outputs/figures/opencv_difference_maps/all_cases/canonical/opencv_telea_canonical_canonical_p038_scratch_thin_difference_maps.png,768,768,589824,440064,7229,582595,31863,7229,0.012256198459201388,1.2256198459201388,0,97,768,670,0.0,105.0,768.0,678.0,5,both,127,71.03877899202288,-36.6043251717619,4.6547120326687335,,1.9667998552322388,18.115114212036133,228.3333282470703,0.07917560636997223,1.0855392217636108,91.66666412353516,1.8876241445541382,17.446706771850586,0.0,222.33334350585938,7229,154.0138397216797,37.49491882324219,8.0,222.33334350585938,7229,0,0,100.0,0.0,0.0,582595,0.0,0.0,0.0,0.0,0,0,582595,0.0,0.0,100.0,31863,34.942283630371094,66.92975616455078,0.0,222.33334350585938,7229,0,24634,22.687756959482787,0.0,77.31224304051722,440064,2.5300090312957764,20.15812110900879,0.0,222.33334350585938,7229,0,432835,1.6427156050029086,0.0,98.3572843949971,160.473876953125,36.586219787597656,6.460044860839844,7.411219120025635,36.40792465209961,69.43104553222656,1.465639352798462,4.447640895843506,0.0,0.0,0.0,0.0,False,False,False,False,0,improved,unchanged_or_undefined,0.0,255.0,-253.3333282470703,253.3333282470703,2329828,2329828,2.2218971252441406,2383,2335,RGBA,PNG,1843b634d0e1dca6c0c88a5699f88bec1ed73db7ada064071fff05f5ad580763,8.28976120002335,2.0.0,restoration_eval.error_maps,ok,,160.473876953125,6.460044860839844,154.0138397216797,0,7229,0,0.0,100.0
opencv_telea__canonical__canonical__p038_zero_control,opencv_telea__canonical__canonical__p038_zero_control,canonical__p038_zero_control,canonical__p038_zero_control,canonical,p038,abstraction_surrealism,Mahana no atua (Day of the God),Paul Gauguin,p038_zero_control,zero_control,opencv_telea,True,data/processed/clean/p038_clean.png,data/processed/masked/p038_zero_control_damaged.png,data/processed/masks/p038_zero_control_mask.png,data/processed/restored/opencv_telea/canonical/canonical__p038_zero_control_restored_opencv_telea.png,opencv_telea_canonical_canonical_p038_zero_control_difference_maps.png,outputs/figures/opencv_difference_maps/all_cases/canonical/opencv_telea_canonical_canonical_p038_zero_control_difference_maps.png,768,768,589824,440064,0,589824,0,0,0.0,0.0,0,97,768,670,,,,,5,both,127,,,,,0.0,0.0,0.0,0.0,0.0,0.0,0.0,0.0,0.0,0.0,0,,,,,0,0,0,,,,589824,0.0,0.0,0.0,0.0,0,0,589824,0.0,0.0,100.0,0,,,,,0,0,0,,,,440064,0.0,0.0,0.0,0.0,0,0,440064,0.0,0.0,100.0,,,,,,,,,0.0,0.0,0.0,0.0,False,False,False,False,0,unchanged_or_undefined,unchanged_or_undefined,0.0,255.0,-253.3333282470703,253.3333282470703,2175409,2175409,2.074631690979004,2383,2335,RGBA,PNG,f2a9d0308ba78d2ca8bf2effb8579ca7e12851ea19bab989a5ea2274ec91faaf,6.122073000005912,2.0.0,restoration_eval.error_maps,ok,,,,,0,0,0,,
opencv_telea__canonical__canonical__p039_loss_large,opencv_telea__canonical__canonical__p039_loss_large,canonical__p039_loss_large,canonical__p039_loss_large,canonical,p039,abstraction_surrealism,Painting with Troika,Wassily Kandinsky,p039_loss_large,loss_large,opencv_telea,False,data/processed/clean/p039_clean.png,data/processed/masked/p039_loss_large_damaged.png,data/processed/masks/p039_loss_large_mask.png,data/processed/restored/opencv_telea/canonical/canonical__p039_loss_large_restored_opencv_telea.png,opencv_telea_canonical_canonical_p039_loss_large_difference_maps.png,outputs/figures/opencv_difference_maps/all_cases/canonical/opencv_telea_canonical_canonical_p039_loss_large_difference_maps.png,768,768,589824,433152,47259,542565,10875,47259,0.0801239013671875,8.01239013671875,0,102,768,666,227.0,114.0,515.0,434.0,5,both,127,34.38224112514723,9.75133484274599,1.6122955098854277,,8.448321342468262,29.362567901611328,214.6666717529297,1.453610897064209,6.639469623565674,123.33333587646484,6.994709491729736,24.310544967651367,-29.666667938232422,210.3333282470703,47259,87.29866027832031,19.12281036376953,-29.666667938232422,210.3333282470703,47239,18,2,99.95768001862079,0.03808798324128738,0.00423199813792082,542565,0.0,0.0,0.0,0.0,0,0,542565,0.0,0.0,100.0,10875,47.005062103271484,51.379913330078125,-29.666667938232422,210.3333282470703,5350,11,5514,49.195402298850574,0.10114942528735632,50.70344827586207,433152,9.524709701538086,27.940502166748047,-29.666667938232422,210.3333282470703,47239,18,385895,10.90587138002364,0.004155585106382979,89.08997303486997,105.44071197509766,23.095191955566406,18.142038345336914,15.72950553894043,51.61863708496094,56.12680435180664,4.6135783195495605,10.079177856445312,0.0,0.0,0.0,0.0,False,False,False,False,0,improved,unchanged_or_undefined,0.0,255.0,-253.3333282470703,253.3333282470703,2216980,2216980,2.114276885986328,2383,2335,RGBA,PNG,57024cf57a89ba9767045d3e3b67f9b1faf1b4a744109b73211c95bdd002e247,6.107427800016012,2.0.0,restoration_eval.error_maps,ok,,105.44071197509766,18.142038345336914,87.29866027832031,18,47239,2,0.03808798324128738,99.95768001862079
opencv_telea__canonical__canonical__p039_loss_small,opencv_telea__canonical__canonical__p039_loss_small,canonical__p039_loss_small,canonical__p039_loss_small,canonical,p039,abstraction_surrealism,Painting with Troika,Wassily Kandinsky,p039_loss_small,loss_small,opencv_telea,False,data/processed/clean/p039_clean.png,data/processed/masked/p039_loss_small_damaged.png,data/processed/masks/p039_loss_small_mask.png,data/processed/restored/opencv_telea/canonical/canonical__p039_loss_small_restored_opencv_telea.png,opencv_telea_canonical_canonical_p039_loss_small_difference_maps.png,outputs/figures/opencv_difference_maps/all_cases/canonical/opencv_telea_canonical_canonical_p039_loss_small_difference_maps.png,768,768,589824,433152,13792,576032,11608,13792,0.023383246527777776,2.3383246527777777,0,102,768,666,149.0,138.0,740.0,638.0,5,both,127,59.17730085073473,-12.914926527455536,3.315799462568517,,3.1222829818725586,21.232398986816406,218.3333282470703,0.27163583040237427,3.0247316360473633,119.33333587646484,2.850646734237671,19.525449752807617,-32.66667175292969,203.33334350585938,13792,121.90980529785156,42.304080963134766,-32.66667175292969,203.33334350585938,13728,60,4,99.53596287703016,0.43503480278422274,0.029002320185614848,576032,0.0,0.0,0.0,0.0,0,0,576032,0.0,0.0,100.0,11608,57.53359603881836,68.10289764404297,-32.66667175292969,203.33334350585938,5341,17,6250,46.01137146795314,0.14645072363886977,53.842177808407996,433152,3.8817319869995117,22.696632385253906,-32.66667175292969,203.33334350585938,13728,60,419364,3.169326241134752,0.01385195035460993,96.81682180851064,133.5264892578125,43.208587646484375,11.616686820983887,16.108108520507812,60.99351119995117,71.49923706054688,3.4599125385284424,8.620849609375,0.0,0.0,0.0,0.0,False,False,False,False,0,improved,unchanged_or_undefined,0.0,255.0,-253.3333282470703,253.3333282470703,2151926,2151926,2.052236557006836,2383,2335,RGBA,PNG,079c53e003cbd55bf3ea1525a1fed474721c6bdfdd1d85e6f0050d5d1bc50e28,6.288229900004808,2.0.0,restoration_eval.error_maps,ok,,133.5264892578125,11.616686820983887,121.90980529785156,60,13728,4,0.43503480278422274,99.53596287703016
opencv_telea__canonical__canonical__p039_mixed_damage,opencv_telea__canonical__canonical__p039_mixed_damage,canonical__p039_mixed_damage,canonical__p039_mixed_damage,canonical,p039,abstraction_surrealism,Painting with Troika,Wassily Kandinsky,p039_mixed_damage,mixed_damage,opencv_telea,False,data/processed/clean/p039_clean.png,data/processed/masked/p039_mixed_damage_damaged.png,data/processed/masks/p039_mixed_damage_mask.png,data/processed/restored/opencv_telea/canonical/canonical__p039_mixed_damage_restored_opencv_telea.png,opencv_telea_canonical_canonical_p039_mixed_damage_difference_maps.png,outputs/figures/opencv_difference_maps/all_cases/canonical/opencv_telea_canonical_canonical_p039_mixed_damage_difference_maps.png,768,768,589824,433152,44799,545025,43976,44799,0.07595316569010417,7.595316569010417,0,102,768,666,0.0,94.0,768.0,669.0,5,both,127,43.49177436996361,-43.919432725432856,2.113434093177844,,11.856473922729492,43.443450927734375,228.0,1.4035532474517822,7.364508152008057,148.3333282470703,10.452919006347656,39.20000076293945,-95.0,215.66665649414062,44799,137.6232147216797,52.247711181640625,-95.0,215.66665649414062,44508,287,4,99.35043192928413,0.6406392999843746,0.008928770731489542,545025,0.0,0.0,0.0,0.0,0,0,545025,0.0,0.0,100.0,43976,47.094329833984375,69.65933990478516,-30.000003814697266,215.66665649414062,15379,31,28566,34.97134800800437,0.0704929961797344,64.9581589958159,433152,14.233759880065918,45.151187896728516,-95.0,215.66665649414062,44508,287,388357,10.275376773049645,0.06625849586288415,89.65836473108747,156.10240173339844,48.285648345947266,18.47919273376465,19.963150024414062,50.69790267944336,73.83438110351562,3.603571653366089,9.614860534667969,0.0,0.0,0.0,0.0,False,False,False,False,0,improved,unchanged_or_undefined,0.0,255.0,-253.3333282470703,253.3333282470703,2404039,2404039,2.292670249938965,2383,2335,RGBA,PNG,ed8f68d996df0bc56702d507ff4e73a3cedf868b39a1007106e4aa8e5281e9fb,6.112197099952027,2.0.0,restoration_eval.error_maps,ok,,156.10240173339844,18.47919273376465,137.6232147216797,287,44508,4,0.6406392999843746,99.35043192928413
opencv_telea__canonical__canonical__p039_scratch_thin,opencv_telea__canonical__canonical__p039_scratch_thin,canonical__p039_scratch_thin,canonical__p039_scratch_thin,canonical,p039,abstraction_surrealism,Painting with Troika,Wassily Kandinsky,p039_scratch_thin,scratch_thin,opencv_telea,False,data/processed/clean/p039_clean.png,data/processed/masked/p039_scratch_thin_damaged.png,data/processed/masks/p039_scratch_thin_mask.png,data/processed/restored/opencv_telea/canonical/canonical__p039_scratch_thin_restored_opencv_telea.png,opencv_telea_canonical_canonical_p039_scratch_thin_difference_maps.png,outputs/figures/opencv_difference_maps/all_cases/canonical/opencv_telea_canonical_canonical_p039_scratch_thin_difference_maps.png,768,768,589824,433152,11005,578819,42811,11005,0.018658108181423612,1.8658108181423612,0,102,768,666,0.0,94.0,768.0,674.0,5,both,127,73.31767378464335,1.646796910495226,4.461645924861713,,2.6072895526885986,19.82465934753418,224.3333282470703,0.15016061067581177,1.7951792478561401,90.66666412353516,2.4571292400360107,18.804393768310547,0.0,217.0,11005,131.69229125976562,43.96078872680664,9.000003814697266,217.0,11005,0,0,100.0,0.0,0.0,578819,0.0,0.0,0.0,0.0,0,0,578819,0.0,0.0,100.0,42811,33.834861755371094,61.71233367919922,0.0,217.0,10997,0,31814,25.68732335147509,0.0,74.31267664852491,433152,3.3458783626556396,21.8753604888916,0.0,217.0,11005,0,422147,2.5406785608747042,0.0,97.45932143912529,139.74029541015625,43.60197448730469,8.04800796508789,10.44797420501709,35.9025764465332,64.9420166015625,2.067716360092163,6.358334541320801,0.0,0.0,0.0,0.0,False,False,False,False,0,improved,unchanged_or_undefined,0.0,255.0,-253.3333282470703,253.3333282470703,2297624,2297624,2.1911849975585938,2383,2335,RGBA,PNG,fb81a1ccedb6b319c9df12cc40caff243c1aa15e6bc9eb8fa17bec35c65941e5,6.096079599985387,2.0.0,restoration_eval.error_maps,ok,,139.74029541015625,8.04800796508789,131.69229125976562,0,11005,0,0.0,100.0
opencv_telea__canonical__canonical__p039_zero_control,opencv_telea__canonical__canonical__p039_zero_control,canonical__p039_zero_control,canonical__p039_zero_control,canonical,p039,abstraction_surrealism,Painting with Troika,Wassily Kandinsky,p039_zero_control,zero_control,opencv_telea,True,data/processed/clean/p039_clean.png,data/processed/masked/p039_zero_control_damaged.png,data/processed/masks/p039_zero_control_mask.png,data/processed/restored/opencv_telea/canonical/canonical__p039_zero_control_restored_opencv_telea.png,opencv_telea_canonical_canonical_p039_zero_control_difference_maps.png,outputs/figures/opencv_difference_maps/all_cases/canonical/opencv_telea_canonical_canonical_p039_zero_control_difference_maps.png,768,768,589824,433152,0,589824,0,0,0.0,0.0,0,102,768,666,,,,,5,both,127,,,,,0.0,0.0,0.0,0.0,0.0,0.0,0.0,0.0,0.0,0.0,0,,,,,0,0,0,,,,589824,0.0,0.0,0.0,0.0,0,0,589824,0.0,0.0,100.0,0,,,,,0,0,0,,,,433152,0.0,0.0,0.0,0.0,0,0,433152,0.0,0.0,100.0,,,,,,,,,0.0,0.0,0.0,0.0,False,False,False,False,0,unchanged_or_undefined,unchanged_or_undefined,0.0,255.0,-253.3333282470703,253.3333282470703,2073910,2073910,1.977834701538086,2383,2335,RGBA,PNG,bd98806b06f2e07d8b1d20cf95272674b0b6aa50281b778b09b34745131d8cd2,5.88094339997042,2.0.0,restoration_eval.error_maps,ok,,,,,0,0,0,,
opencv_telea__canonical__canonical__p040_loss_large,opencv_telea__canonical__canonical__p040_loss_large,canonical__p040_loss_large,canonical__p040_loss_large,canonical,p040,abstraction_surrealism,Houses at Murnau,Wassily Kandinsky,p040_loss_large,loss_large,opencv_telea,False,data/processed/clean/p040_clean.png,data/processed/masked/p040_loss_large_damaged.png,data/processed/masks/p040_loss_large_mask.png,data/processed/restored/opencv_telea/canonical/canonical__p040_loss_large_restored_opencv_telea.png,opencv_telea_canonical_canonical_p040_loss_large_difference_maps.png,outputs/figures/opencv_difference_maps/all_cases/canonical/opencv_telea_canonical_canonical_p040_loss_large_difference_maps.png,768,768,589824,454656,62428,527396,11716,62428,0.10584174262152778,10.584174262152777,0,88,768,680,127.0,298.0,486.0,643.0,5,both,127,33.46424147284337,-90.99985583392068,1.5001199010612716,,19.353715896606445,57.251522064208984,225.0,3.0356316566467285,12.1907377243042,134.0,16.318086624145508,49.33517837524414,-74.33332824707031,213.3333282470703,62428,154.1743621826172,41.7409782409668,-74.33332824707031,213.3333282470703,62275,152,1,99.75491766515026,0.2434804895239316,0.0016018453258153393,527396,0.0,0.0,0.0,0.0,0,0,527396,0.0,0.0,100.0,11716,79.44380187988281,85.99744415283203,-14.666664123535156,213.3333282470703,5763,4,5949,49.189143052236254,0.03414134516899966,50.77671560259475,454656,21.16940689086914,55.2708740234375,-74.33332824707031,213.3333282470703,62275,152,392229,13.697168848536037,0.03343186936936937,86.2693992820946,182.85520935058594,32.72884750366211,28.68085479736328,25.857091903686523,84.43863677978516,89.75385284423828,4.994822025299072,11.130606651306152,0.0,0.0,0.0,0.0,False,False,False,False,0,improved,unchanged_or_undefined,0.0,255.0,-253.3333282470703,253.3333282470703,2605896,2605896,2.4851760864257812,2383,2335,RGBA,PNG,62b7493e532eab796020d5d273bb90f41680aac56b39ebe24d21e0364246521f,6.207595799991395,2.0.0,restoration_eval.error_maps,ok,,182.85520935058594,28.68085479736328,154.1743621826172,152,62275,1,0.2434804895239316,99.75491766515026
opencv_telea__canonical__canonical__p040_loss_small,opencv_telea__canonical__canonical__p040_loss_small,canonical__p040_loss_small,canonical__p040_loss_small,canonical,p040,abstraction_surrealism,Houses at Murnau,Wassily Kandinsky,p040_loss_small,loss_small,opencv_telea,False,data/processed/clean/p040_clean.png,data/processed/masked/p040_loss_small_damaged.png,data/processed/masks/p040_loss_small_mask.png,data/processed/restored/opencv_telea/canonical/canonical__p040_loss_small_restored_opencv_telea.png,opencv_telea_canonical_canonical_p040_loss_small_difference_maps.png,outputs/figures/opencv_difference_maps/all_cases/canonical/opencv_telea_canonical_canonical_p040_loss_small_difference_maps.png,768,768,589824,454656,18450,571374,15999,18450,0.031280517578125,3.1280517578125,0,88,768,680,39.0,101.0,708.0,646.0,5,both,127,48.22164408310749,-49.46301716350496,2.3693392094747274,,5.0894317626953125,29.117055892944336,222.6666717529297,0.6309351325035095,5.388209342956543,121.0,4.458495616912842,26.01616859436035,-63.33333206176758,215.0,18450,142.5326690673828,44.24584197998047,-63.33333206176758,215.0,18415,35,0,99.81029810298104,0.1897018970189702,0.0,571374,0.0,0.0,0.0,0.0,0,0,571374,0.0,0.0,100.0,15999,68.36398315429688,79.84147644042969,-16.0,215.0,7333,1,8665,45.83411463216451,0.006250390649415589,54.15963497718608,454656,5.783994197845459,29.50249481201172,-63.33333206176758,215.0,18415,35,436206,4.050314963400901,0.007698127815315315,95.94198690878379,162.70289611816406,38.19762420654297,20.170225143432617,23.109102249145508,73.63736724853516,84.17713165283203,5.273392200469971,11.372238159179688,0.0,0.0,0.0,0.0,False,False,False,False,0,improved,unchanged_or_undefined,0.0,255.0,-253.3333282470703,253.3333282470703,2508186,2508186,2.3919925689697266,2383,2335,RGBA,PNG,5e7e57452cea09cfd4bba6fc1a8a3b1fbbf4c967e5fcb8e29e21c7510ce1b38f,5.8414730000076815,2.0.0,restoration_eval.error_maps,ok,,162.70289611816406,20.170225143432617,142.5326690673828,35,18415,0,0.1897018970189702,99.81029810298104
opencv_telea__canonical__canonical__p040_mixed_damage,opencv_telea__canonical__canonical__p040_mixed_damage,canonical__p040_mixed_damage,canonical__p040_mixed_damage,canonical,p040,abstraction_surrealism,Houses at Murnau,Wassily Kandinsky,p040_mixed_damage,mixed_damage,opencv_telea,False,data/processed/clean/p040_clean.png,data/processed/masked/p040_mixed_damage_damaged.png,data/processed/masks/p040_mixed_damage_mask.png,data/processed/restored/opencv_telea/canonical/canonical__p040_mixed_damage_restored_opencv_telea.png,opencv_telea_canonical_canonical_p040_mixed_damage_difference_maps.png,outputs/figures/opencv_difference_maps/all_cases/canonical/opencv_telea_canonical_canonical_p040_mixed_damage_difference_maps.png,768,768,589824,454656,42202,547622,39315,42202,0.07155015733506945,7.155015733506945,0,88,768,680,0.0,80.0,768.0,617.0,5,both,127,46.8048749664313,-36.95041309258646,2.255237041888396,,11.20230770111084,41.61311721801758,222.6666717529297,1.1621037721633911,6.009210586547852,115.66666412353516,10.040203094482422,38.00535202026367,-37.000003814697266,219.0,42202,140.32400512695312,43.65074920654297,-37.000003814697266,219.0,42183,19,0,99.9549784370409,0.045021562959101466,0.0,547622,0.0,0.0,0.0,0.0,0,0,547622,0.0,0.0,100.0,39315,59.39036560058594,80.63204193115234,-10.666671752929688,219.0,14789,4,24522,37.61668574335496,0.010174233753020475,62.373140022892024,454656,13.025130271911621,42.836265563964844,-37.000003814697266,219.0,42183,19,412454,9.278003589527026,0.004178983671171171,90.7178174268018,156.5657958984375,37.986419677734375,16.241806030273438,16.117307662963867,63.15132141113281,84.62528991699219,3.760956287384033,8.527881622314453,0.0,0.0,0.0,0.0,False,False,False,False,0,improved,unchanged_or_undefined,0.0,255.0,-253.3333282470703,253.3333282470703,2664083,2664083,2.5406675338745117,2383,2335,RGBA,PNG,74f1bb2244869f68d5d3baa278bc1bd22396ad2dcaa22420b6ec483c4146bbd0,6.260513599961996,2.0.0,restoration_eval.error_maps,ok,,156.5657958984375,16.241806030273438,140.32400512695312,19,42183,0,0.045021562959101466,99.9549784370409
opencv_telea__canonical__canonical__p040_scratch_thin,opencv_telea__canonical__canonical__p040_scratch_thin,canonical__p040_scratch_thin,canonical__p040_scratch_thin,canonical,p040,abstraction_surrealism,Houses at Murnau,Wassily Kandinsky,p040_scratch_thin,scratch_thin,opencv_telea,False,data/processed/clean/p040_clean.png,data/processed/masked/p040_scratch_thin_damaged.png,data/processed/masks/p040_scratch_thin_mask.png,data/processed/restored/opencv_telea/canonical/canonical__p040_scratch_thin_restored_opencv_telea.png,opencv_telea_canonical_canonical_p040_scratch_thin_difference_maps.png,outputs/figures/opencv_difference_maps/all_cases/canonical/opencv_telea_canonical_canonical_p040_scratch_thin_difference_maps.png,768,768,589824,454656,11164,578660,49470,11164,0.018927680121527776,1.8927680121527777,0,88,768,680,28.0,80.0,768.0,688.0,5,both,127,67.17890839603487,-29.313746566344207,3.862137867414436,,3.0828697681427,22.7616024017334,228.6666717529297,0.16978847980499268,1.8195440769195557,104.33333587646484,2.913081407546997,21.695066452026367,-17.666667938232422,217.0,11164,153.90589904785156,40.35347366333008,-17.666667938232422,217.0,11160,4,0,99.96417054819061,0.03582945180938731,0.0,578660,0.0,0.0,0.0,0.0,0,0,578660,0.0,0.0,100.0,49470,34.73226547241211,67.13162994384766,-17.666667938232422,217.0,11160,4,38306,22.5591267434809,0.008085708510208206,77.4327875480089,454656,3.779132843017578,24.644147872924805,-17.666667938232422,217.0,11160,4,443492,2.454603040540541,0.000879786036036036,97.54451717342343,162.87628173828125,36.681819915771484,8.970380783081055,9.796460151672363,36.75663375854492,70.28077697753906,2.024364948272705,5.976551532745361,0.0,0.0,0.0,0.0,False,False,False,False,0,improved,unchanged_or_undefined,0.0,255.0,-253.3333282470703,253.3333282470703,2621683,2621683,2.5002317428588867,2383,2335,RGBA,PNG,77af73b7dbcbbd77fc7caf5d21a9d8a4d88cb2b9aefdcce2ee798c1abddeb091,5.850112600019202,2.0.0,restoration_eval.error_maps,ok,,162.87628173828125,8.970380783081055,153.90589904785156,4,11160,0,0.03582945180938731,99.96417054819061
opencv_telea__canonical__canonical__p040_zero_control,opencv_telea__canonical__canonical__p040_zero_control,canonical__p040_zero_control,canonical__p040_zero_control,canonical,p040,abstraction_surrealism,Houses at Murnau,Wassily Kandinsky,p040_zero_control,zero_control,opencv_telea,True,data/processed/clean/p040_clean.png,data/processed/masked/p040_zero_control_damaged.png,data/processed/masks/p040_zero_control_mask.png,data/processed/restored/opencv_telea/canonical/canonical__p040_zero_control_restored_opencv_telea.png,opencv_telea_canonical_canonical_p040_zero_control_difference_maps.png,outputs/figures/opencv_difference_maps/all_cases/canonical/opencv_telea_canonical_canonical_p040_zero_control_difference_maps.png,768,768,589824,454656,0,589824,0,0,0.0,0.0,0,88,768,680,,,,,5,both,127,,,,,0.0,0.0,0.0,0.0,0.0,0.0,0.0,0.0,0.0,0.0,0,,,,,0,0,0,,,,589824,0.0,0.0,0.0,0.0,0,0,589824,0.0,0.0,100.0,0,,,,,0,0,0,,,,454656,0.0,0.0,0.0,0.0,0,0,454656,0.0,0.0,100.0,,,,,,,,,0.0,0.0,0.0,0.0,False,False,False,False,0,unchanged_or_undefined,unchanged_or_undefined,0.0,255.0,-253.3333282470703,253.3333282470703,2398894,2398894,2.2877635955810547,2383,2335,RGBA,PNG,10c656a6ac3751ee63822fd558eb46dec2abc39c93a8b770930a2c47c6808060,5.9306769000249915,2.0.0,restoration_eval.error_maps,ok,,,,,0,0,0,,
opencv_telea__canonical__canonical__p041_loss_large,opencv_telea__canonical__canonical__p041_loss_large,canonical__p041_loss_large,canonical__p041_loss_large,canonical,p041,high_texture_brushwork,Wheat Field with Cypresses,Vincent van Gogh,p041_loss_large,loss_large,opencv_telea,False,data/processed/clean/p041_clean.png,data/processed/masked/p041_loss_large_damaged.png,data/processed/masks/p041_loss_large_mask.png,data/processed/restored/opencv_telea/canonical/canonical__p041_loss_large_restored_opencv_telea.png,opencv_telea_canonical_canonical_p041_loss_large_difference_maps.png,outputs/figures/opencv_difference_maps/all_cases/canonical/opencv_telea_canonical_canonical_p041_loss_large_difference_maps.png,768,768,589824,469248,54043,535781,10923,54043,0.0916256374782986,9.16256374782986,0,78,768,689,126.0,168.0,433.0,487.0,5,both,127,10.9679391102147,10.097064683061006,0.480235333356422,,10.015754699707031,32.491249084472656,224.0,2.3879127502441406,9.808521270751953,124.66666412353516,7.627841472625732,26.013397216796875,-100.0,202.6666717529297,54043,83.25006866455078,33.01361083984375,-100.0,202.6666717529297,53036,991,16,98.13666894880004,1.8337249967618379,0.0296060544381326,535781,0.0,0.0,0.0,0.0,0,0,535781,0.0,0.0,100.0,10923,48.35015106201172,55.60750198364258,-100.0,202.6666717529297,5299,56,5568,48.51231346699625,0.5126796667582166,50.97500686624554,469248,9.587860107421875,28.84069061279297,-100.0,202.6666717529297,53036,991,415221,11.302339061647572,0.2111889661756683,88.48647197217676,109.31168365478516,25.835678100585938,26.061622619628906,20.80928611755371,56.739540100097656,62.74523162841797,8.389392852783203,13.976275444030762,0.0,0.0,0.0,0.0,False,False,False,False,0,improved,unchanged_or_undefined,0.0,255.0,-253.3333282470703,253.3333282470703,2850234,2850234,2.7181949615478516,2383,2335,RGBA,PNG,221270d91e393c4a3765d9a4040acdd1186d72d728ebc63e8d035e840614c4c7,5.656073499994818,2.0.0,restoration_eval.error_maps,ok,,109.31168365478516,26.061622619628906,83.25006866455078,991,53036,16,1.8337249967618379,98.13666894880004
opencv_telea__canonical__canonical__p041_loss_small,opencv_telea__canonical__canonical__p041_loss_small,canonical__p041_loss_small,canonical__p041_loss_small,canonical,p041,high_texture_brushwork,Wheat Field with Cypresses,Vincent van Gogh,p041_loss_small,loss_small,opencv_telea,False,data/processed/clean/p041_clean.png,data/processed/masked/p041_loss_small_damaged.png,data/processed/masks/p041_loss_small_mask.png,data/processed/restored/opencv_telea/canonical/canonical__p041_loss_small_restored_opencv_telea.png,opencv_telea_canonical_canonical_p041_loss_small_difference_maps.png,outputs/figures/opencv_difference_maps/all_cases/canonical/opencv_telea_canonical_canonical_p041_loss_small_difference_maps.png,768,768,589824,469248,19456,570368,15994,19456,0.03298611111111111,3.298611111111111,0,78,768,689,66.0,113.0,633.0,634.0,5,both,127,21.54872532894737,-12.940549616228084,1.0043906281389106,,4.492300033569336,25.211565017700195,237.6666717529297,0.566393256187439,4.019554615020752,150.0,3.925908088684082,22.28704261779785,-105.66667175292969,222.6666717529297,19456,119.01699829101562,36.88387680053711,-105.66667175292969,222.6666717529297,19391,64,1,99.66591282894737,0.3289473684210526,0.005139802631578947,570368,0.0,0.0,0.0,0.0,0,0,570368,0.0,0.0,100.0,15994,58.2901725769043,67.69485473632812,-54.0,222.6666717529297,7400,11,8583,46.26735025634613,0.0687757909215956,53.663873952732274,469248,4.9346923828125,24.887083053588867,-105.66667175292969,222.6666717529297,19391,64,449793,4.1323564511729405,0.013638843426077468,95.85400470540098,136.1876678466797,36.525901794433594,17.1706600189209,14.307360649108887,65.08403015136719,74.57389068603516,6.79386043548584,11.265578269958496,0.0,0.0,0.0,0.0,False,False,False,False,0,improved,unchanged_or_undefined,0.0,255.0,-253.3333282470703,253.3333282470703,2783168,2783168,2.65423583984375,2383,2335,RGBA,PNG,86d0a49341992b813d5a7ab8a1777d83cdd2d3e3c178ecc722f8a9b81a490abe,5.672512199962512,2.0.0,restoration_eval.error_maps,ok,,136.1876678466797,17.1706600189209,119.01699829101562,64,19391,1,0.3289473684210526,99.66591282894737
opencv_telea__canonical__canonical__p041_mixed_damage,opencv_telea__canonical__canonical__p041_mixed_damage,canonical__p041_mixed_damage,canonical__p041_mixed_damage,canonical,p041,high_texture_brushwork,Wheat Field with Cypresses,Vincent van Gogh,p041_mixed_damage,mixed_damage,opencv_telea,False,data/processed/clean/p041_clean.png,data/processed/masked/p041_mixed_damage_damaged.png,data/processed/masks/p041_mixed_damage_mask.png,data/processed/restored/opencv_telea/canonical/canonical__p041_mixed_damage_restored_opencv_telea.png,opencv_telea_canonical_canonical_p041_mixed_damage_difference_maps.png,outputs/figures/opencv_difference_maps/all_cases/canonical/opencv_telea_canonical_canonical_p041_mixed_damage_difference_maps.png,768,768,589824,469248,51197,538627,57257,51197,0.08680046929253472,8.680046929253473,0,78,768,689,98.0,70.0,768.0,697.0,5,both,127,21.151988072217776,-5.580229310311154,1.001199277406002,,10.408744812011719,35.72329330444336,255.0,1.5311474800109863,6.755560398101807,161.3333282470703,8.877595901489258,31.116615295410156,-155.3333282470703,254.0,51197,102.27592468261719,40.03022003173828,-155.3333282470703,254.0,50860,332,5,99.34175830615075,0.6484754966111296,0.00976619723811942,538627,0.0,0.0,0.0,0.0,0,0,538627,0.0,0.0,100.0,57257,41.06532287597656,64.07476043701172,-155.3333282470703,254.0,19500,130,37627,34.056971200027945,0.227046474666853,65.7159823253052,469248,11.158748626708984,34.51933288574219,-155.3333282470703,254.0,50860,332,418056,10.838618385160938,0.07075150027277687,89.09063011456628,119.91578674316406,39.629905700683594,17.63985252380371,15.544149398803711,46.52702331542969,71.18413543701172,5.461695671081543,12.921087265014648,0.0,0.0,0.0,0.0,False,False,False,False,0,improved,unchanged_or_undefined,0.0,255.0,-253.3333282470703,253.3333282470703,3039332,3039332,2.8985328674316406,2383,2335,RGBA,PNG,652b77c9601b853b219d2a55dc3b5b68c65a2bdf5eb6ba518c631233972ea7ab,5.931815000018105,2.0.0,restoration_eval.error_maps,ok,,119.91578674316406,17.63985252380371,102.27592468261719,332,50860,5,0.6484754966111296,99.34175830615075
opencv_telea__canonical__canonical__p041_scratch_thin,opencv_telea__canonical__canonical__p041_scratch_thin,canonical__p041_scratch_thin,canonical__p041_scratch_thin,canonical,p041,high_texture_brushwork,Wheat Field with Cypresses,Vincent van Gogh,p041_scratch_thin,scratch_thin,opencv_telea,False,data/processed/clean/p041_clean.png,data/processed/masked/p041_scratch_thin_damaged.png,data/processed/masks/p041_scratch_thin_mask.png,data/processed/restored/opencv_telea/canonical/canonical__p041_scratch_thin_restored_opencv_telea.png,opencv_telea_canonical_canonical_p041_scratch_thin_difference_maps.png,outputs/figures/opencv_difference_maps/all_cases/canonical/opencv_telea_canonical_canonical_p041_scratch_thin_difference_maps.png,768,768,589824,469248,12949,576875,54107,12949,0.021954006618923612,2.195400661892361,0,78,768,689,0.0,70.0,723.0,697.0,5,both,127,33.13838906479265,-26.098978042062456,1.6807334018113238,,3.2642428874969482,22.881380081176758,255.0,0.28373491764068604,2.6401288509368896,127.66666412353516,2.9805076122283936,21.127973556518555,-47.999996185302734,254.0,12949,135.76144409179688,48.025970458984375,-47.999996185302734,254.0,12925,23,1,99.81465750250985,0.17761989342806395,0.007722604062089736,576875,0.0,0.0,0.0,0.0,0,0,576875,0.0,0.0,100.0,54107,32.4907112121582,62.50867462158203,-47.999996185302734,254.0,12925,23,41159,23.88785184911379,0.04250836305838431,76.06963978782782,469248,3.746365785598755,23.626787185668945,-47.999996185302734,254.0,12925,23,456300,2.754407051282051,0.004901459356246591,97.2406914893617,148.6855010986328,47.179264068603516,12.92406177520752,12.414922714233398,35.58372116088867,67.50767517089844,3.093013286590576,8.203312873840332,0.0,0.0,0.0,0.0,False,False,False,False,0,improved,unchanged_or_undefined,0.0,255.0,-253.3333282470703,253.3333282470703,2934794,2934794,2.798837661743164,2383,2335,RGBA,PNG,523d3abac392712da91c316194eb1bfbb0f0745ccb4c737dfc644738d044e54c,5.7887528000283055,2.0.0,restoration_eval.error_maps,ok,,148.6855010986328,12.92406177520752,135.76144409179688,23,12925,1,0.17761989342806395,99.81465750250985
opencv_telea__canonical__canonical__p041_zero_control,opencv_telea__canonical__canonical__p041_zero_control,canonical__p041_zero_control,canonical__p041_zero_control,canonical,p041,high_texture_brushwork,Wheat Field with Cypresses,Vincent van Gogh,p041_zero_control,zero_control,opencv_telea,True,data/processed/clean/p041_clean.png,data/processed/masked/p041_zero_control_damaged.png,data/processed/masks/p041_zero_control_mask.png,data/processed/restored/opencv_telea/canonical/canonical__p041_zero_control_restored_opencv_telea.png,opencv_telea_canonical_canonical_p041_zero_control_difference_maps.png,outputs/figures/opencv_difference_maps/all_cases/canonical/opencv_telea_canonical_canonical_p041_zero_control_difference_maps.png,768,768,589824,469248,0,589824,0,0,0.0,0.0,0,78,768,689,,,,,5,both,127,,,,,0.0,0.0,0.0,0.0,0.0,0.0,0.0,0.0,0.0,0.0,0,,,,,0,0,0,,,,589824,0.0,0.0,0.0,0.0,0,0,589824,0.0,0.0,100.0,0,,,,,0,0,0,,,,469248,0.0,0.0,0.0,0.0,0,0,469248,0.0,0.0,100.0,,,,,,,,,0.0,0.0,0.0,0.0,False,False,False,False,0,unchanged_or_undefined,unchanged_or_undefined,0.0,255.0,-253.3333282470703,253.3333282470703,2652294,2652294,2.5294246673583984,2383,2335,RGBA,PNG,d393a8a08163adaa38097aa9b6091fb325c15369b0351605b9cafcad399827bb,5.421975600009318,2.0.0,restoration_eval.error_maps,ok,,,,,0,0,0,,
opencv_telea__canonical__canonical__p042_loss_large,opencv_telea__canonical__canonical__p042_loss_large,canonical__p042_loss_large,canonical__p042_loss_large,canonical,p042,high_texture_brushwork,View of Beirut,Jules Coignet,p042_loss_large,loss_large,opencv_telea,False,data/processed/clean/p042_clean.png,data/processed/masked/p042_loss_large_damaged.png,data/processed/masks/p042_loss_large_mask.png,data/processed/restored/opencv_telea/canonical/canonical__p042_loss_large_restored_opencv_telea.png,opencv_telea_canonical_canonical_p042_loss_large_difference_maps.png,outputs/figures/opencv_difference_maps/all_cases/canonical/opencv_telea_canonical_canonical_p042_loss_large_difference_maps.png,768,768,589824,379392,41198,548626,11683,41198,0.06984795464409722,6.984795464409722,0,137,768,631,395.0,200.0,741.0,493.0,5,both,127,70.14038707380617,32.43064388238912,4.671681962041681,,5.012491226196289,18.8493595123291,201.3333282470703,0.5740379095077515,3.9836738109588623,78.33333587646484,4.438453197479248,17.020681381225586,-9.333332061767578,174.6666717529297,41198,63.54450607299805,19.79317855834961,-9.333332061767578,174.6666717529297,41085,108,5,99.72571484052624,0.262148647992621,0.012136511481139861,548626,0.0,0.0,0.0,0.0,0,0,548626,0.0,0.0,100.0,11683,36.607234954833984,41.49235153198242,0.0,174.6666717529297,5624,0,6059,48.13832063682273,0.0,51.861679363177274,379392,6.900267601013184,20.818315505981445,-9.333332061767578,174.6666717529297,41085,108,338199,10.829168775303643,0.0284665991902834,89.14236462550608,71.76290130615234,17.220272064208984,8.218392372131348,12.82103157043457,38.181434631347656,43.80632019042969,1.574196219444275,4.568671226501465,0.0,0.0,0.0,0.0,False,False,False,False,0,improved,unchanged_or_undefined,0.0,255.0,-253.3333282470703,253.3333282470703,1840704,1840704,1.75543212890625,2383,2335,RGBA,PNG,87ae0c1d38d66a90c58e0fba7d3afaccd798d57b40d03f1082b8666bd49ada62,5.871439600014128,2.0.0,restoration_eval.error_maps,ok,,71.76290130615234,8.218392372131348,63.54450607299805,108,41085,5,0.262148647992621,99.72571484052624
opencv_telea__canonical__canonical__p042_loss_small,opencv_telea__canonical__canonical__p042_loss_small,canonical__p042_loss_small,canonical__p042_loss_small,canonical,p042,high_texture_brushwork,View of Beirut,Jules Coignet,p042_loss_small,loss_small,opencv_telea,False,data/processed/clean/p042_clean.png,data/processed/masked/p042_loss_small_damaged.png,data/processed/masks/p042_loss_small_mask.png,data/processed/restored/opencv_telea/canonical/canonical__p042_loss_small_restored_opencv_telea.png,opencv_telea_canonical_canonical_p042_loss_small_difference_maps.png,outputs/figures/opencv_difference_maps/all_cases/canonical/opencv_telea_canonical_canonical_p042_loss_small_difference_maps.png,768,768,589824,379392,12656,577168,9729,12656,0.021457248263888888,2.145724826388889,0,137,768,631,223.0,249.0,669.0,610.0,5,both,127,40.67938790560473,-24.728481879477457,2.1949257792910224,,2.911776542663574,20.50000762939453,209.3333282470703,0.27527421712875366,2.6792373657226562,89.33333587646484,2.636502265930176,18.646089553833008,-15.333335876464844,199.0,12656,122.87232971191406,37.80962371826172,-15.333335876464844,199.0,12651,5,0,99.96049304677624,0.039506953223767384,0.0,577168,0.0,0.0,0.0,0.0,0,0,577168,0.0,0.0,100.0,9729,56.636653900146484,66.80016326904297,-1.6666641235351562,199.0,4496,1,5232,46.21235481550005,0.010278548668927948,53.77736663583102,379392,4.098853588104248,23.119766235351562,-15.333335876464844,199.0,12651,5,366736,3.3345457995951415,0.0013178981106612686,96.6641363022942,135.7012939453125,39.56964111328125,12.828962326049805,13.171529769897461,60.94709777832031,71.51194763183594,4.310446739196777,8.983765602111816,0.0,0.0,0.0,0.0,False,False,False,False,0,improved,unchanged_or_undefined,0.0,255.0,-253.3333282470703,253.3333282470703,1784536,1784536,1.7018661499023438,2383,2335,RGBA,PNG,23789ea9a9d9c036173d0caa71005941b468993bc2c51af643129147917871b0,5.805311199976131,2.0.0,restoration_eval.error_maps,ok,,135.7012939453125,12.828962326049805,122.87232971191406,5,12651,0,0.039506953223767384,99.96049304677624
opencv_telea__canonical__canonical__p042_mixed_damage,opencv_telea__canonical__canonical__p042_mixed_damage,canonical__p042_mixed_damage,canonical__p042_mixed_damage,canonical,p042,high_texture_brushwork,View of Beirut,Jules Coignet,p042_mixed_damage,mixed_damage,opencv_telea,False,data/processed/clean/p042_clean.png,data/processed/masked/p042_mixed_damage_damaged.png,data/processed/masks/p042_mixed_damage_mask.png,data/processed/restored/opencv_telea/canonical/canonical__p042_mixed_damage_restored_opencv_telea.png,opencv_telea_canonical_canonical_p042_mixed_damage_difference_maps.png,outputs/figures/opencv_difference_maps/all_cases/canonical/opencv_telea_canonical_canonical_p042_mixed_damage_difference_maps.png,768,768,589824,379392,40981,548843,39676,40981,0.06948004828559028,6.948004828559028,0,137,768,631,0.0,129.0,768.0,639.0,5,both,127,82.68921370065803,-0.4067738708181991,5.74870762375626,,6.413240432739258,25.929744720458984,255.0,0.43579724431037903,3.220778226852417,119.66666412353516,5.977443218231201,23.855051040649414,-10.333335876464844,236.0,40981,86.03107452392578,36.10003662109375,-10.333335876464844,236.0,40974,7,0,99.9829189136429,0.01708108635709231,0.0,548843,0.0,0.0,0.0,0.0,0,0,548843,0.0,0.0,100.0,39676,33.72310256958008,56.049983978271484,-5.333335876464844,236.0,12671,2,27003,31.936183082972075,0.005040830728904123,68.05877608629902,379392,9.292867660522461,29.221363067626953,-10.333335876464844,236.0,40974,7,338411,10.799911437246964,0.001845057354925776,89.19824350539811,92.30333709716797,41.82060241699219,6.27226448059082,10.615680694580078,36.093101501464844,61.34382247924805,2.3700053691864014,8.791665077209473,0.0,0.0,0.0,0.0,False,False,False,False,0,improved,unchanged_or_undefined,0.0,255.0,-253.3333282470703,253.3333282470703,1957641,1957641,1.8669519424438477,2383,2335,RGBA,PNG,9e0c2a710e41e3bef8fa9d561edb5893df8239ca5d269ae3f84b10799f1226e6,5.895660599984694,2.0.0,restoration_eval.error_maps,ok,,92.30333709716797,6.27226448059082,86.03107452392578,7,40974,0,0.01708108635709231,99.9829189136429
opencv_telea__canonical__canonical__p042_scratch_thin,opencv_telea__canonical__canonical__p042_scratch_thin,canonical__p042_scratch_thin,canonical__p042_scratch_thin,canonical,p042,high_texture_brushwork,View of Beirut,Jules Coignet,p042_scratch_thin,scratch_thin,opencv_telea,False,data/processed/clean/p042_clean.png,data/processed/masked/p042_scratch_thin_damaged.png,data/processed/masks/p042_scratch_thin_mask.png,data/processed/restored/opencv_telea/canonical/canonical__p042_scratch_thin_restored_opencv_telea.png,opencv_telea_canonical_canonical_p042_scratch_thin_difference_maps.png,outputs/figures/opencv_difference_maps/all_cases/canonical/opencv_telea_canonical_canonical_p042_scratch_thin_difference_maps.png,768,768,589824,379392,8067,581757,32375,8067,0.013676961263020834,1.3676961263020835,0,137,768,631,82.0,202.0,768.0,639.0,5,both,127,68.74703524647741,7.950787157555482,5.069191390219821,,1.6220884323120117,15.20042896270752,255.0,0.0999908447265625,1.7317757606506348,105.0,1.5220974683761597,14.06961441040039,0.0,255.0,8067,111.28915405273438,47.51485061645508,12.666664123535156,255.0,8067,0,0,100.0,0.0,0.0,581757,0.0,0.0,0.0,0.0,0,0,581757,0.0,0.0,100.0,32375,27.724849700927734,53.656253814697266,0.0,255.0,8066,0,24309,24.914285714285715,0.0,75.08571428571429,379392,2.366338014602661,17.485788345336914,0.0,255.0,8067,0,371325,2.1262968117408905,0.0,97.87370318825911,118.60005950927734,54.95454788208008,7.310896873474121,12.905779838562012,29.544153213500977,58.15940475463867,1.8193050622940063,7.164307594299316,0.0,0.0,0.0,0.0,False,False,False,False,0,improved,unchanged_or_undefined,0.0,255.0,-253.3333282470703,253.3333282470703,1872583,1872583,1.7858343124389648,2383,2335,RGBA,PNG,0e7ba364674be8bef480e459bea2208ea2dea4358cf2a1cd59ba023ed7582624,6.068968400009908,2.0.0,restoration_eval.error_maps,ok,,118.60005950927734,7.310896873474121,111.28915405273438,0,8067,0,0.0,100.0
opencv_telea__canonical__canonical__p042_zero_control,opencv_telea__canonical__canonical__p042_zero_control,canonical__p042_zero_control,canonical__p042_zero_control,canonical,p042,high_texture_brushwork,View of Beirut,Jules Coignet,p042_zero_control,zero_control,opencv_telea,True,data/processed/clean/p042_clean.png,data/processed/masked/p042_zero_control_damaged.png,data/processed/masks/p042_zero_control_mask.png,data/processed/restored/opencv_telea/canonical/canonical__p042_zero_control_restored_opencv_telea.png,opencv_telea_canonical_canonical_p042_zero_control_difference_maps.png,outputs/figures/opencv_difference_maps/all_cases/canonical/opencv_telea_canonical_canonical_p042_zero_control_difference_maps.png,768,768,589824,379392,0,589824,0,0,0.0,0.0,0,137,768,631,,,,,5,both,127,,,,,0.0,0.0,0.0,0.0,0.0,0.0,0.0,0.0,0.0,0.0,0,,,,,0,0,0,,,,589824,0.0,0.0,0.0,0.0,0,0,589824,0.0,0.0,100.0,0,,,,,0,0,0,,,,379392,0.0,0.0,0.0,0.0,0,0,379392,0.0,0.0,100.0,,,,,,,,,0.0,0.0,0.0,0.0,False,False,False,False,0,unchanged_or_undefined,unchanged_or_undefined,0.0,255.0,-253.3333282470703,253.3333282470703,1713149,1713149,1.6337862014770508,2383,2335,RGBA,PNG,db7dc41e4efc0731a72dbe86a4d82b2de956bde14e5cf1dc846aa1b43daad982,5.997043200011831,2.0.0,restoration_eval.error_maps,ok,,,,,0,0,0,,
opencv_telea__canonical__canonical__p043_loss_large,opencv_telea__canonical__canonical__p043_loss_large,canonical__p043_loss_large,canonical__p043_loss_large,canonical,p043,high_texture_brushwork,The Card Players,Paul Cézanne,p043_loss_large,loss_large,opencv_telea,False,data/processed/clean/p043_clean.png,data/processed/masked/p043_loss_large_damaged.png,data/processed/masks/p043_loss_large_mask.png,data/processed/restored/opencv_telea/canonical/canonical__p043_loss_large_restored_opencv_telea.png,opencv_telea_canonical_canonical_p043_loss_large_difference_maps.png,outputs/figures/opencv_difference_maps/all_cases/canonical/opencv_telea_canonical_canonical_p043_loss_large_difference_maps.png,768,768,589824,469248,64562,525262,11264,64562,0.10945977105034722,10.945977105034723,0,78,768,689,40.0,185.0,358.0,522.0,5,both,127,23.3997294590213,-100.23681629028428,0.9985992416277014,,20.11619758605957,58.180728912353516,240.3333282470703,3.0227553844451904,11.843896865844727,127.66666412353516,17.09343910217285,50.06585693359375,-24.0,224.6666717529297,64562,156.161865234375,34.38693618774414,-24.0,224.6666717529297,64537,25,0,99.96127753167498,0.03872246832502091,0.0,525262,0.0,0.0,0.0,0.0,0,0,525262,0.0,0.0,100.0,11264,79.31169891357422,84.64415740966797,-3.3333282470703125,224.6666717529297,5539,1,5724,49.17436079545455,0.00887784090909091,50.81676136363637,469248,21.485700607299805,55.28384017944336,-24.0,224.6666717529297,64537,25,404686,13.7532818466994,0.005327673213311511,86.24139048008729,183.77706909179688,29.111513137817383,27.615215301513672,24.544294357299805,84.04877471923828,88.90457153320312,4.737067699432373,10.255885124206543,0.0,0.0,0.0,0.0,False,False,False,False,0,improved,unchanged_or_undefined,0.0,255.0,-253.3333282470703,253.3333282470703,2436250,2436250,2.3233890533447266,2383,2335,RGBA,PNG,31578f5dd98ee01dad7bc35363f939975ede7de760a54a9bf532d50af64fed6f,6.438368599978276,2.0.0,restoration_eval.error_maps,ok,,183.77706909179688,27.615215301513672,156.161865234375,25,64537,0,0.03872246832502091,99.96127753167498
opencv_telea__canonical__canonical__p043_loss_small,opencv_telea__canonical__canonical__p043_loss_small,canonical__p043_loss_small,canonical__p043_loss_small,canonical,p043,high_texture_brushwork,The Card Players,Paul Cézanne,p043_loss_small,loss_small,opencv_telea,False,data/processed/clean/p043_clean.png,data/processed/masked/p043_loss_small_damaged.png,data/processed/masks/p043_loss_small_mask.png,data/processed/restored/opencv_telea/canonical/canonical__p043_loss_small_restored_opencv_telea.png,opencv_telea_canonical_canonical_p043_loss_small_difference_maps.png,outputs/figures/opencv_difference_maps/all_cases/canonical/opencv_telea_canonical_canonical_p043_loss_small_difference_maps.png,768,768,589824,469248,14983,574841,12310,14983,0.025402492947048612,2.540249294704861,0,78,768,689,164.0,167.0,679.0,554.0,5,both,127,31.49892099935484,-55.07168123873723,1.4214725184706758,,4.47505521774292,28.233434677124023,234.6666717529297,0.4846101403236389,4.037147521972656,98.33333587646484,3.990445137023926,25.4700870513916,0.0,228.6666717529297,14983,157.08871459960938,38.5728645324707,8.0,228.6666717529297,14983,0,0,100.0,0.0,0.0,574841,0.0,0.0,0.0,0.0,0,0,574841,0.0,0.0,100.0,12310,77.59090423583984,85.25531768798828,0.0,228.6666717529297,5864,0,6446,47.63606823720553,0.0,52.36393176279448,469248,5.015813827514648,28.465364456176758,0.0,228.6666717529297,14983,0,454265,3.192981110201855,0.0,96.80701888979814,176.16598510742188,33.67107009887695,19.0772647857666,16.938581466674805,82.82921600341797,89.9576416015625,5.238316059112549,9.172441482543945,0.0,0.0,0.0,0.0,False,False,False,False,0,improved,unchanged_or_undefined,0.0,255.0,-253.3333282470703,253.3333282470703,2331761,2331761,2.223740577697754,2383,2335,RGBA,PNG,ceac86aa8c050f7c798f920a44a8a5389f87f9b331d59664be7df542cf5e9f3e,6.184496499947272,2.0.0,restoration_eval.error_maps,ok,,176.16598510742188,19.0772647857666,157.08871459960938,0,14983,0,0.0,100.0
opencv_telea__canonical__canonical__p043_mixed_damage,opencv_telea__canonical__canonical__p043_mixed_damage,canonical__p043_mixed_damage,canonical__p043_mixed_damage,canonical,p043,high_texture_brushwork,The Card Players,Paul Cézanne,p043_mixed_damage,mixed_damage,opencv_telea,False,data/processed/clean/p043_clean.png,data/processed/masked/p043_mixed_damage_damaged.png,data/processed/masks/p043_mixed_damage_mask.png,data/processed/restored/opencv_telea/canonical/canonical__p043_mixed_damage_restored_opencv_telea.png,opencv_telea_canonical_canonical_p043_mixed_damage_difference_maps.png,outputs/figures/opencv_difference_maps/all_cases/canonical/opencv_telea_canonical_canonical_p043_mixed_damage_difference_maps.png,768,768,589824,469248,50181,539643,58140,50181,0.08507792154947917,8.507792154947918,0,78,768,689,0.0,70.0,768.0,697.0,5,both,127,35.32787309938024,-64.79356728642315,1.6877458190250074,,14.73391056060791,49.71923828125,255.0,1.7085957527160645,8.416050910949707,139.3333282470703,13.025321960449219,44.55733871459961,-39.0,255.0,50181,153.0987091064453,43.48210906982422,-39.0,255.0,50140,41,0,99.91829576931508,0.0817042306849206,0.0,539643,0.0,0.0,0.0,0.0,0,0,539643,0.0,0.0,100.0,58140,53.61532211303711,79.48281860351562,0.0,255.0,19647,0,38493,33.79256965944272,0.0,66.20743034055727,469248,16.372251510620117,49.403533935546875,-39.0,255.0,50140,41,419067,10.685181396617567,0.008737384069830878,89.3060812193126,173.1814422607422,40.194190979003906,20.082714080810547,21.529687881469727,56.76697540283203,83.6610107421875,3.1516568660736084,7.824735641479492,0.0,0.0,0.0,0.0,False,False,False,False,0,improved,unchanged_or_undefined,0.0,255.0,-253.3333282470703,253.3333282470703,2678085,2678085,2.554020881652832,2383,2335,RGBA,PNG,33308a339b801bdd863e705d8c416139065b4d27d4b933156d4bb020e5a6d401,6.535969700023998,2.0.0,restoration_eval.error_maps,ok,,173.1814422607422,20.082714080810547,153.0987091064453,41,50140,0,0.0817042306849206,99.91829576931508
opencv_telea__canonical__canonical__p043_scratch_thin,opencv_telea__canonical__canonical__p043_scratch_thin,canonical__p043_scratch_thin,canonical__p043_scratch_thin,canonical,p043,high_texture_brushwork,The Card Players,Paul Cézanne,p043_scratch_thin,scratch_thin,opencv_telea,False,data/processed/clean/p043_clean.png,data/processed/masked/p043_scratch_thin_damaged.png,data/processed/masks/p043_scratch_thin_mask.png,data/processed/restored/opencv_telea/canonical/canonical__p043_scratch_thin_restored_opencv_telea.png,opencv_telea_canonical_canonical_p043_scratch_thin_difference_maps.png,outputs/figures/opencv_difference_maps/all_cases/canonical/opencv_telea_canonical_canonical_p043_scratch_thin_difference_maps.png,768,768,589824,469248,6818,583006,26972,6818,0.011559380425347222,1.155938042534722,0,78,768,689,0.0,70.0,675.0,684.0,5,both,127,41.88662364329716,-54.13322577490956,2.538990547010936,,1.9207100868225098,18.457843780517578,255.0,0.13285034894943237,2.0177223682403564,77.66666412353516,1.787859559059143,17.06471824645996,0.0,241.6666717529297,6818,154.6674041748047,39.32648468017578,44.999996185302734,241.6666717529297,6818,0,0,100.0,0.0,0.0,583006,0.0,0.0,0.0,0.0,0,0,583006,0.0,0.0,100.0,26972,39.05208206176758,70.02754211425781,0.0,241.6666717529297,6812,0,20160,25.25582085125315,0.0,74.74417914874685,469248,2.247260332107544,19.104944229125977,0.0,241.6666717529297,6818,0,462430,1.4529630387343153,0.0,98.54703696126569,166.16026306152344,46.723854064941406,11.492860794067383,14.887584686279297,41.94626998901367,75.87765502929688,2.894186496734619,8.971492767333984,0.0,0.0,0.0,0.0,False,False,False,False,0,improved,unchanged_or_undefined,0.0,255.0,-253.3333282470703,253.3333282470703,2365959,2365959,2.256354331970215,2383,2335,RGBA,PNG,cc51b6a53d439e6d1960109a439298ae7123b710f51f4de2185a714c3be0ad1a,6.2430855999700725,2.0.0,restoration_eval.error_maps,ok,,166.16026306152344,11.492860794067383,154.6674041748047,0,6818,0,0.0,100.0
opencv_telea__canonical__canonical__p043_zero_control,opencv_telea__canonical__canonical__p043_zero_control,canonical__p043_zero_control,canonical__p043_zero_control,canonical,p043,high_texture_brushwork,The Card Players,Paul Cézanne,p043_zero_control,zero_control,opencv_telea,True,data/processed/clean/p043_clean.png,data/processed/masked/p043_zero_control_damaged.png,data/processed/masks/p043_zero_control_mask.png,data/processed/restored/opencv_telea/canonical/canonical__p043_zero_control_restored_opencv_telea.png,opencv_telea_canonical_canonical_p043_zero_control_difference_maps.png,outputs/figures/opencv_difference_maps/all_cases/canonical/opencv_telea_canonical_canonical_p043_zero_control_difference_maps.png,768,768,589824,469248,0,589824,0,0,0.0,0.0,0,78,768,689,,,,,5,both,127,,,,,0.0,0.0,0.0,0.0,0.0,0.0,0.0,0.0,0.0,0.0,0,,,,,0,0,0,,,,589824,0.0,0.0,0.0,0.0,0,0,589824,0.0,0.0,100.0,0,,,,,0,0,0,,,,469248,0.0,0.0,0.0,0.0,0,0,469248,0.0,0.0,100.0,,,,,,,,,0.0,0.0,0.0,0.0,False,False,False,False,0,unchanged_or_undefined,unchanged_or_undefined,0.0,255.0,-253.3333282470703,253.3333282470703,2234310,2234310,2.1308040618896484,2383,2335,RGBA,PNG,98b2962e10bd7d9c0ca40f0e55e236c08ff6ec7fac03d23184b1f03860169050,6.086685599992052,2.0.0,restoration_eval.error_maps,ok,,,,,0,0,0,,
opencv_telea__canonical__canonical__p044_loss_large,opencv_telea__canonical__canonical__p044_loss_large,canonical__p044_loss_large,canonical__p044_loss_large,canonical,p044,high_texture_brushwork,Versailles,Auguste Renoir,p044_loss_large,loss_large,opencv_telea,False,data/processed/clean/p044_clean.png,data/processed/masked/p044_loss_large_damaged.png,data/processed/masks/p044_loss_large_mask.png,data/processed/restored/opencv_telea/canonical/canonical__p044_loss_large_restored_opencv_telea.png,opencv_telea_canonical_canonical_p044_loss_large_difference_maps.png,outputs/figures/opencv_difference_maps/all_cases/canonical/opencv_telea_canonical_canonical_p044_loss_large_difference_maps.png,768,768,589824,492288,57276,532548,11366,57276,0.09710693359375,9.710693359375,0,63,768,704,136.0,133.0,462.0,438.0,5,both,127,36.62410084503108,-35.334636962543925,1.7940092754726749,,13.037753105163574,41.305912017822266,221.0,1.359912395477295,5.757234573364258,102.66666412353516,11.67784309387207,37.32145309448242,0.0,197.6666717529297,57276,120.25755310058594,35.865665435791016,9.666664123535156,197.6666717529297,57276,0,0,100.0,0.0,0.0,532548,0.0,0.0,0.0,0.0,0,0,532548,0.0,0.0,100.0,11366,63.38544845581055,69.79952239990234,0.0,197.6666717529297,5623,0,5743,49.47210980116136,0.0,50.52789019883864,492288,13.991547584533691,40.45353698730469,0.0,197.6666717529297,57276,0,435012,11.634652886115445,0.0,88.36534711388455,134.2618408203125,35.976768493652344,14.004277229309082,12.816287994384766,66.17182922363281,72.50313568115234,2.7863805294036865,4.42240047454834,0.0,0.0,0.0,0.0,False,False,False,False,0,improved,unchanged_or_undefined,0.0,255.0,-253.3333282470703,253.3333282470703,2323612,2323612,2.2159690856933594,2383,2335,RGBA,PNG,f53e4f80c8f43d1e0fe6c2171f839ce85088ba0896f74b952b9d7e0b91d8d30b,6.176992700027768,2.0.0,restoration_eval.error_maps,ok,,134.2618408203125,14.004277229309082,120.25755310058594,0,57276,0,0.0,100.0
opencv_telea__canonical__canonical__p044_loss_small,opencv_telea__canonical__canonical__p044_loss_small,canonical__p044_loss_small,canonical__p044_loss_small,canonical,p044,high_texture_brushwork,Versailles,Auguste Renoir,p044_loss_small,loss_small,opencv_telea,False,data/processed/clean/p044_clean.png,data/processed/masked/p044_loss_small_damaged.png,data/processed/masks/p044_loss_small_mask.png,data/processed/restored/opencv_telea/canonical/canonical__p044_loss_small_restored_opencv_telea.png,opencv_telea_canonical_canonical_p044_loss_small_difference_maps.png,outputs/figures/opencv_difference_maps/all_cases/canonical/opencv_telea_canonical_canonical_p044_loss_small_difference_maps.png,768,768,589824,492288,19904,569920,15366,19904,0.033745659722222224,3.3745659722222223,0,63,768,704,284.0,81.0,762.0,658.0,5,both,127,54.89285235798499,-14.048064040728832,3.0340425300580343,,4.484128952026367,24.91986846923828,218.0,0.32928526401519775,2.6124680042266846,85.0,4.154844284057617,23.129287719726562,0.0,207.3333282470703,19904,123.122314453125,34.71699905395508,1.3333320617675781,207.3333282470703,19904,0,0,100.0,0.0,0.0,569920,0.0,0.0,0.0,0.0,0,0,569920,0.0,0.0,100.0,15366,60.19371795654297,68.71570587158203,0.0,207.3333282470703,7233,0,8133,47.071456462319404,0.0,52.928543537680596,492288,4.9780354499816895,25.236034393310547,0.0,207.3333282470703,19904,0,472384,4.043161726469059,0.0,95.95683827353095,132.8801727294922,36.62086868286133,9.757854461669922,10.499775886535645,63.18950653076172,71.90865325927734,2.995791435241699,5.422700881958008,0.0,0.0,0.0,0.0,False,False,False,False,0,improved,unchanged_or_undefined,0.0,255.0,-253.3333282470703,253.3333282470703,2271998,2271998,2.166746139526367,2383,2335,RGBA,PNG,640ef1ab277c071e812e957073f90cd8d937916f357587ccc0756197adf9f4bc,6.015986199956387,2.0.0,restoration_eval.error_maps,ok,,132.8801727294922,9.757854461669922,123.122314453125,0,19904,0,0.0,100.0
opencv_telea__canonical__canonical__p044_mixed_damage,opencv_telea__canonical__canonical__p044_mixed_damage,canonical__p044_mixed_damage,canonical__p044_mixed_damage,canonical,p044,high_texture_brushwork,Versailles,Auguste Renoir,p044_mixed_damage,mixed_damage,opencv_telea,False,data/processed/clean/p044_clean.png,data/processed/masked/p044_mixed_damage_damaged.png,data/processed/masks/p044_mixed_damage_mask.png,data/processed/restored/opencv_telea/canonical/canonical__p044_mixed_damage_restored_opencv_telea.png,opencv_telea_canonical_canonical_p044_mixed_damage_difference_maps.png,outputs/figures/opencv_difference_maps/all_cases/canonical/opencv_telea_canonical_canonical_p044_mixed_damage_difference_maps.png,768,768,589824,492288,42711,547113,43286,42711,0.07241312662760417,7.241312662760417,0,63,768,704,0.0,55.0,768.0,712.0,5,both,127,38.68051165585759,-54.18073408099396,1.994744137967125,,11.964439392089844,44.19694519042969,255.0,1.1602861881256104,7.357367515563965,163.3333282470703,10.804152488708496,40.25933074951172,-58.33332824707031,255.0,42711,149.20156860351562,41.63845443725586,-58.33332824707031,255.0,42604,107,0,99.74947905691742,0.2505209430825783,0.0,547113,0.0,0.0,0.0,0.0,0,0,547113,0.0,0.0,100.0,43286,51.00676345825195,74.79401397705078,-6.666664123535156,255.0,15061,2,28223,34.794159774522946,0.004620431548306611,65.20121979392876,492288,12.944756507873535,43.75194549560547,-58.33332824707031,255.0,42604,107,449577,8.654283671346853,0.02173524440977639,91.32398108424337,165.2247314453125,40.65673828125,16.023147583007812,22.569416046142578,54.05891799926758,79.32945251464844,3.052157163619995,8.927556037902832,0.0,0.0,0.0,0.0,False,False,False,False,0,improved,unchanged_or_undefined,0.0,255.0,-253.3333282470703,253.3333282470703,2478872,2478872,2.3640365600585938,2383,2335,RGBA,PNG,33e8f1ee34bb2261d2baf17f31ffd2c454e83e123a0110bb18b11181c12a6540,6.159268499992322,2.0.0,restoration_eval.error_maps,ok,,165.2247314453125,16.023147583007812,149.20156860351562,107,42604,0,0.2505209430825783,99.74947905691742
opencv_telea__canonical__canonical__p044_scratch_thin,opencv_telea__canonical__canonical__p044_scratch_thin,canonical__p044_scratch_thin,canonical__p044_scratch_thin,canonical,p044,high_texture_brushwork,Versailles,Auguste Renoir,p044_scratch_thin,scratch_thin,opencv_telea,False,data/processed/clean/p044_clean.png,data/processed/masked/p044_scratch_thin_damaged.png,data/processed/masks/p044_scratch_thin_mask.png,data/processed/restored/opencv_telea/canonical/canonical__p044_scratch_thin_restored_opencv_telea.png,opencv_telea_canonical_canonical_p044_scratch_thin_difference_maps.png,outputs/figures/opencv_difference_maps/all_cases/canonical/opencv_telea_canonical_canonical_p044_scratch_thin_difference_maps.png,768,768,589824,492288,7833,581991,30394,7833,0.013280232747395834,1.3280232747395835,0,63,768,704,0.0,55.0,768.0,601.0,5,both,127,51.027958636537726,-52.44350823439295,3.856726264179464,,2.31542706489563,21.181957244873047,255.0,0.12901024520397186,2.4047465324401855,138.0,2.1864173412323,20.0631046295166,-55.99999237060547,255.0,7833,164.63694763183594,59.707115173339844,-55.99999237060547,255.0,7819,14,0,99.8212689901698,0.17873100983020554,0.0,581991,0.0,0.0,0.0,0.0,0,0,581991,0.0,0.0,100.0,30394,42.429466247558594,78.1277084350586,-55.99999237060547,255.0,7819,14,22561,25.72547213265776,0.046061722708429294,74.22846614463381,492288,2.619607925415039,21.93502426147461,-55.99999237060547,255.0,7819,14,484455,1.5882979069162768,0.0028438637545501817,98.40885822932918,174.35142517089844,61.566917419433594,9.714456558227539,18.502090454101562,44.93303680419922,82.41375732421875,2.5035643577575684,10.309022903442383,0.0,0.0,0.0,0.0,False,False,False,False,0,improved,unchanged_or_undefined,0.0,255.0,-253.3333282470703,253.3333282470703,2312011,2312011,2.2049055099487305,2383,2335,RGBA,PNG,5f217328c0ae9687ab191a9937bb2400c82fc1fddc94aa5713a63911722d06d1,6.322352799994405,2.0.0,restoration_eval.error_maps,ok,,174.35142517089844,9.714456558227539,164.63694763183594,14,7819,0,0.17873100983020554,99.8212689901698
opencv_telea__canonical__canonical__p044_zero_control,opencv_telea__canonical__canonical__p044_zero_control,canonical__p044_zero_control,canonical__p044_zero_control,canonical,p044,high_texture_brushwork,Versailles,Auguste Renoir,p044_zero_control,zero_control,opencv_telea,True,data/processed/clean/p044_clean.png,data/processed/masked/p044_zero_control_damaged.png,data/processed/masks/p044_zero_control_mask.png,data/processed/restored/opencv_telea/canonical/canonical__p044_zero_control_restored_opencv_telea.png,opencv_telea_canonical_canonical_p044_zero_control_difference_maps.png,outputs/figures/opencv_difference_maps/all_cases/canonical/opencv_telea_canonical_canonical_p044_zero_control_difference_maps.png,768,768,589824,492288,0,589824,0,0,0.0,0.0,0,63,768,704,,,,,5,both,127,,,,,0.0,0.0,0.0,0.0,0.0,0.0,0.0,0.0,0.0,0.0,0,,,,,0,0,0,,,,589824,0.0,0.0,0.0,0.0,0,0,589824,0.0,0.0,100.0,0,,,,,0,0,0,,,,492288,0.0,0.0,0.0,0.0,0,0,492288,0.0,0.0,100.0,,,,,,,,,0.0,0.0,0.0,0.0,False,False,False,False,0,unchanged_or_undefined,unchanged_or_undefined,0.0,255.0,-253.3333282470703,253.3333282470703,2147556,2147556,2.0480690002441406,2383,2335,RGBA,PNG,fa76658e9c21f577e0af37067cd3aafdb4fd82a214c827526471c2b6995cb635,6.018551799992565,2.0.0,restoration_eval.error_maps,ok,,,,,0,0,0,,
opencv_telea__canonical__canonical__p045_loss_large,opencv_telea__canonical__canonical__p045_loss_large,canonical__p045_loss_large,canonical__p045_loss_large,canonical,p045,high_texture_brushwork,Two Girls with Parasols,John Singer Sargent,p045_loss_large,loss_large,opencv_telea,False,data/processed/clean/p045_clean.png,data/processed/masked/p045_loss_large_damaged.png,data/processed/masks/p045_loss_large_mask.png,data/processed/restored/opencv_telea/canonical/canonical__p045_loss_large_restored_opencv_telea.png,opencv_telea_canonical_canonical_p045_loss_large_difference_maps.png,outputs/figures/opencv_difference_maps/all_cases/canonical/opencv_telea_canonical_canonical_p045_loss_large_difference_maps.png,768,768,589824,492288,53249,536575,10754,53249,0.09027947319878472,9.027947319878473,63,0,704,768,217.0,187.0,529.0,515.0,5,both,127,17.75651498932686,-22.896467539296523,0.7988813397247618,,12.875712394714355,42.22756576538086,224.0,2.6063060760498047,11.05191707611084,137.0,10.26940631866455,35.326271057128906,-113.66666412353516,209.0,53249,113.75127410888672,45.2983283996582,-113.66666412353516,209.0,52340,888,21,98.29292568874533,1.6676369509286562,0.03943736032601551,536575,0.0,0.0,0.0,0.0,0,0,536575,0.0,0.0,100.0,10754,68.21158599853516,73.07058715820312,0.0,209.0,5326,0,5428,49.52575785754138,0.0,50.47424214245863,492288,12.304061889648438,38.342716217041016,-113.66666412353516,209.0,52340,888,439060,10.63198777951118,0.18038221528861156,89.18763000520022,142.62060546875,35.31789779663086,28.869312286376953,24.387880325317383,72.90477752685547,77.20854949951172,4.693199157714844,8.14190673828125,0.0,0.0,0.0,0.0,False,False,False,False,0,improved,unchanged_or_undefined,0.0,255.0,-253.3333282470703,253.3333282470703,2692844,2692844,2.568096160888672,2383,2335,RGBA,PNG,a208472f9c0364a815cf84afcb7de91f09a3110fb6f899e7eff28b68cd918cca,6.034054199990351,2.0.0,restoration_eval.error_maps,ok,,142.62060546875,28.869312286376953,113.75127410888672,888,52340,21,1.6676369509286562,98.29292568874533
opencv_telea__canonical__canonical__p045_loss_small,opencv_telea__canonical__canonical__p045_loss_small,canonical__p045_loss_small,canonical__p045_loss_small,canonical,p045,high_texture_brushwork,Two Girls with Parasols,John Singer Sargent,p045_loss_small,loss_small,opencv_telea,False,data/processed/clean/p045_clean.png,data/processed/masked/p045_loss_small_damaged.png,data/processed/masks/p045_loss_small_mask.png,data/processed/restored/opencv_telea/canonical/canonical__p045_loss_small_restored_opencv_telea.png,opencv_telea_canonical_canonical_p045_loss_small_difference_maps.png,outputs/figures/opencv_difference_maps/all_cases/canonical/opencv_telea_canonical_canonical_p045_loss_small_difference_maps.png,768,768,589824,492288,21737,568087,16426,21737,0.03685336642795139,3.685336642795139,63,0,704,768,108.0,52.0,468.0,593.0,5,both,127,50.87841008418825,-51.81546058180368,2.61878803740068,,6.067409038543701,31.998035430908203,224.0,0.5091474652290344,4.166965484619141,112.0,5.558262825012207,29.75967025756836,-29.666664123535156,215.0,21737,150.82102966308594,46.07299041748047,-29.666664123535156,215.0,21707,29,1,99.86198647467451,0.13341307448129916,0.00460045084418273,568087,0.0,0.0,0.0,0.0,0,0,568087,0.0,0.0,100.0,16426,72.40303802490234,82.821533203125,-2.0,215.0,7737,1,8688,47.102155119931815,0.00608790941190795,52.89175697065628,492288,6.659509181976318,32.461875915527344,-29.666664123535156,215.0,21707,29,470552,4.409410751430057,0.005890860634425377,95.58469838793552,164.6365203857422,40.940574645996094,13.815491676330566,16.950511932373047,76.92765045166016,86.40695190429688,4.524615287780762,9.67572021484375,0.0,0.0,0.0,0.0,False,False,False,False,0,improved,unchanged_or_undefined,0.0,255.0,-253.3333282470703,253.3333282470703,2625840,2625840,2.5041961669921875,2383,2335,RGBA,PNG,100ab191b8e96ab3b03f00a6b6a110a84a192d2440698ff42a05aacd0fc8a653,6.199994599970523,2.0.0,restoration_eval.error_maps,ok,,164.6365203857422,13.815491676330566,150.82102966308594,29,21707,1,0.13341307448129916,99.86198647467451
opencv_telea__canonical__canonical__p045_mixed_damage,opencv_telea__canonical__canonical__p045_mixed_damage,canonical__p045_mixed_damage,canonical__p045_mixed_damage,canonical,p045,high_texture_brushwork,Two Girls with Parasols,John Singer Sargent,p045_mixed_damage,mixed_damage,opencv_telea,False,data/processed/clean/p045_clean.png,data/processed/masked/p045_mixed_damage_damaged.png,data/processed/masks/p045_mixed_damage_mask.png,data/processed/restored/opencv_telea/canonical/canonical__p045_mixed_damage_restored_opencv_telea.png,opencv_telea_canonical_canonical_p045_mixed_damage_difference_maps.png,outputs/figures/opencv_difference_maps/all_cases/canonical/opencv_telea_canonical_canonical_p045_mixed_damage_difference_maps.png,768,768,589824,492288,40681,549143,43063,40681,0.06897142198350695,6.897142198350695,63,0,704,768,62.0,0.0,712.0,768.0,5,both,127,31.66669124816663,-25.38170972526076,1.553386204932398,,10.580516815185547,40.20240020751953,255.0,1.2487882375717163,7.061794757843018,156.0,9.331727981567383,36.29145431518555,-76.0,254.0,40681,135.2984619140625,45.3074836730957,-76.0,254.0,40374,301,6,99.24534795113198,0.7399031488901453,0.01474889997787665,549143,0.0,0.0,0.0,0.0,0,0,549143,0.0,0.0,100.0,43063,54.7957878112793,77.39997863769531,-46.66666793823242,254.0,15353,16,27694,35.65241622738778,0.03715486612637299,64.31042890648585,492288,11.180603981018066,39.46322250366211,-76.0,254.0,40374,301,451613,8.201296801872076,0.06114307072282891,91.73756012740509,153.4043426513672,39.033016204833984,18.105880737304688,20.44076919555664,58.96441650390625,82.75284576416016,4.168636798858643,13.53509521484375,0.0,0.0,0.0,0.0,False,False,False,False,0,improved,unchanged_or_undefined,0.0,255.0,-253.3333282470703,253.3333282470703,2815446,2815446,2.685018539428711,2383,2335,RGBA,PNG,e34f81b2918aef003ef64218dcac95a79b1a13d30334d90bdf7b0f92f05b8109,6.288754799985327,2.0.0,restoration_eval.error_maps,ok,,153.4043426513672,18.105880737304688,135.2984619140625,301,40374,6,0.7399031488901453,99.24534795113198
opencv_telea__canonical__canonical__p045_scratch_thin,opencv_telea__canonical__canonical__p045_scratch_thin,canonical__p045_scratch_thin,canonical__p045_scratch_thin,canonical,p045,high_texture_brushwork,Two Girls with Parasols,John Singer Sargent,p045_scratch_thin,scratch_thin,opencv_telea,False,data/processed/clean/p045_clean.png,data/processed/masked/p045_scratch_thin_damaged.png,data/processed/masks/p045_scratch_thin_mask.png,data/processed/restored/opencv_telea/canonical/canonical__p045_scratch_thin_restored_opencv_telea.png,opencv_telea_canonical_canonical_p045_scratch_thin_difference_maps.png,outputs/figures/opencv_difference_maps/all_cases/canonical/opencv_telea_canonical_canonical_p045_scratch_thin_difference_maps.png,768,768,589824,492288,11850,577974,48327,11850,0.020090738932291668,2.009073893229167,63,0,704,768,55.0,0.0,707.0,768.0,5,both,127,53.26075949367089,-56.55724331926865,3.227782786473014,,3.4778239727020264,25.03118133544922,255.0,0.20625418424606323,2.679006814956665,155.3333282470703,3.2715697288513184,23.57094383239746,-5.0,253.0,11850,162.8397216796875,40.865272521972656,-5.0,253.0,11848,2,0,99.98312236286921,0.016877637130801686,0.0,577974,0.0,0.0,0.0,0.0,0,0,577974,0.0,0.0,100.0,48327,39.929039001464844,72.91905975341797,-5.0,253.0,11848,2,36477,24.516315931053036,0.004138473317193287,75.47954559562977,492288,3.91975998878479,25.75124168395996,-5.0,253.0,11848,2,480438,2.406721268850754,0.00040626625065002603,97.59287246489859,173.10585021972656,42.69556427001953,10.266132354736328,15.936031341552734,42.44634246826172,77.41449737548828,2.5173022747039795,9.043095588684082,0.0,0.0,0.0,0.0,False,False,False,False,0,improved,unchanged_or_undefined,0.0,255.0,-253.3333282470703,253.3333282470703,2752114,2752114,2.6246204376220703,2383,2335,RGBA,PNG,880a054e1967a609f6574bc802d92a1e62db772d78efd0068b4cc5e4a64a07c7,6.197604399989359,2.0.0,restoration_eval.error_maps,ok,,173.10585021972656,10.266132354736328,162.8397216796875,2,11848,0,0.016877637130801686,99.98312236286921
opencv_telea__canonical__canonical__p045_zero_control,opencv_telea__canonical__canonical__p045_zero_control,canonical__p045_zero_control,canonical__p045_zero_control,canonical,p045,high_texture_brushwork,Two Girls with Parasols,John Singer Sargent,p045_zero_control,zero_control,opencv_telea,True,data/processed/clean/p045_clean.png,data/processed/masked/p045_zero_control_damaged.png,data/processed/masks/p045_zero_control_mask.png,data/processed/restored/opencv_telea/canonical/canonical__p045_zero_control_restored_opencv_telea.png,opencv_telea_canonical_canonical_p045_zero_control_difference_maps.png,outputs/figures/opencv_difference_maps/all_cases/canonical/opencv_telea_canonical_canonical_p045_zero_control_difference_maps.png,768,768,589824,492288,0,589824,0,0,0.0,0.0,63,0,704,768,,,,,5,both,127,,,,,0.0,0.0,0.0,0.0,0.0,0.0,0.0,0.0,0.0,0.0,0,,,,,0,0,0,,,,589824,0.0,0.0,0.0,0.0,0,0,589824,0.0,0.0,100.0,0,,,,,0,0,0,,,,492288,0.0,0.0,0.0,0.0,0,0,492288,0.0,0.0,100.0,,,,,,,,,0.0,0.0,0.0,0.0,False,False,False,False,0,unchanged_or_undefined,unchanged_or_undefined,0.0,255.0,-253.3333282470703,253.3333282470703,2493186,2493186,2.377687454223633,2383,2335,RGBA,PNG,afb0f541e582318cf84b9f92e4be794e25416b3fd74b87d166ed9d4a8d3ac953,6.515130600018892,2.0.0,restoration_eval.error_maps,ok,,,,,0,0,0,,
opencv_telea__canonical__canonical__p046_loss_large,opencv_telea__canonical__canonical__p046_loss_large,canonical__p046_loss_large,canonical__p046_loss_large,canonical,p046,high_texture_brushwork,Boating,Édouard Manet,p046_loss_large,loss_large,opencv_telea,False,data/processed/clean/p046_clean.png,data/processed/masked/p046_loss_large_damaged.png,data/processed/masks/p046_loss_large_mask.png,data/processed/restored/opencv_telea/canonical/canonical__p046_loss_large_restored_opencv_telea.png,opencv_telea_canonical_canonical_p046_loss_large_difference_maps.png,outputs/figures/opencv_difference_maps/all_cases/canonical/opencv_telea_canonical_canonical_p046_loss_large_difference_maps.png,768,768,589824,450048,47717,542107,9917,47717,0.08090040418836805,8.090040418836805,0,91,768,677,396.0,168.0,695.0,493.0,5,both,127,17.3906574176918,-54.37512836096151,0.9424879868690824,,12.922911643981934,44.203636169433594,239.0,1.140686273574829,5.203670978546143,83.66666412353516,11.782224655151367,40.48341751098633,0.0,233.3333282470703,47717,145.63865661621094,27.634437561035156,52.666664123535156,233.3333282470703,47717,0,0,100.0,0.0,0.0,542107,0.0,0.0,0.0,0.0,0,0,542107,0.0,0.0,100.0,9917,74.79100036621094,78.81649780273438,0.0,233.3333282470703,4864,0,5053,49.047090854088935,0.0,50.952909145911065,450048,15.441554069519043,45.73198699951172,0.0,233.3333282470703,47717,0,402331,10.602646828782708,0.0,89.3973531712173,159.73855590820312,26.46835708618164,14.09988021850586,12.328309059143066,78.0819091796875,81.92544555664062,3.290914535522461,6.37931489944458,0.0,0.0,0.0,0.0,False,False,False,False,0,improved,unchanged_or_undefined,0.0,255.0,-253.3333282470703,253.3333282470703,2174309,2174309,2.073582649230957,2383,2335,RGBA,PNG,1efedae2778e11e1e1462dc39ec2cbf3abbb4d68febfcae43e1146d87ec267dd,6.272267899999861,2.0.0,restoration_eval.error_maps,ok,,159.73855590820312,14.09988021850586,145.63865661621094,0,47717,0,0.0,100.0
opencv_telea__canonical__canonical__p046_loss_small,opencv_telea__canonical__canonical__p046_loss_small,canonical__p046_loss_small,canonical__p046_loss_small,canonical,p046,high_texture_brushwork,Boating,Édouard Manet,p046_loss_small,loss_small,opencv_telea,False,data/processed/clean/p046_clean.png,data/processed/masked/p046_loss_small_damaged.png,data/processed/masks/p046_loss_small_mask.png,data/processed/restored/opencv_telea/canonical/canonical__p046_loss_small_restored_opencv_telea.png,opencv_telea_canonical_canonical_p046_loss_small_difference_maps.png,outputs/figures/opencv_difference_maps/all_cases/canonical/opencv_telea_canonical_canonical_p046_loss_small_difference_maps.png,768,768,589824,450048,20189,569635,14675,20189,0.03422885470920139,3.422885470920139,0,91,768,677,7.0,132.0,554.0,669.0,5,both,127,28.533194643948026,-4.214836462099825,1.459064245439869,,4.759406566619873,25.925146102905273,230.0,0.6097010970115662,5.081870079040527,133.0,4.14970588684082,23.221786499023438,-44.666664123535156,226.6666717529297,20189,121.23413848876953,39.492618560791016,-44.666664123535156,226.6666717529297,19863,320,6,98.3852592996186,1.5850215463866464,0.029719153994749614,569635,0.0,0.0,0.0,0.0,0,0,569635,0.0,0.0,100.0,14675,61.27874755859375,69.08203887939453,-24.666664123535156,226.6666717529297,6880,6,7789,46.8824531516184,0.04088586030664395,53.076660988074956,450048,5.438521385192871,26.45228385925293,-44.666664123535156,226.6666717529297,19863,320,429865,4.413529223549488,0.07110352673492605,95.51536724971558,139.04661560058594,31.043119430541992,17.812488555908203,21.16761016845703,65.78825378417969,73.11963653564453,4.509505748748779,9.069282531738281,0.0,0.0,0.0,0.0,False,False,False,False,0,improved,unchanged_or_undefined,0.0,255.0,-253.3333282470703,253.3333282470703,2143511,2143511,2.0442113876342773,2383,2335,RGBA,PNG,72f612f809df81d57c691dbcc6f7761f641fac2f53f4496d1699fe82416f1df0,5.94098319998011,2.0.0,restoration_eval.error_maps,ok,,139.04661560058594,17.812488555908203,121.23413848876953,320,19863,6,1.5850215463866464,98.3852592996186
opencv_telea__canonical__canonical__p046_mixed_damage,opencv_telea__canonical__canonical__p046_mixed_damage,canonical__p046_mixed_damage,canonical__p046_mixed_damage,canonical,p046,high_texture_brushwork,Boating,Édouard Manet,p046_mixed_damage,mixed_damage,opencv_telea,False,data/processed/clean/p046_clean.png,data/processed/masked/p046_mixed_damage_damaged.png,data/processed/masks/p046_mixed_damage_mask.png,data/processed/restored/opencv_telea/canonical/canonical__p046_mixed_damage_restored_opencv_telea.png,opencv_telea_canonical_canonical_p046_mixed_damage_difference_maps.png,outputs/figures/opencv_difference_maps/all_cases/canonical/opencv_telea_canonical_canonical_p046_mixed_damage_difference_maps.png,768,768,589824,450048,46483,543341,59835,46483,0.0788082546657986,7.880825466579861,0,91,768,677,0.0,83.0,768.0,685.0,5,both,127,36.44209711077168,-67.15092973058252,1.921216888975,,14.387025833129883,50.51671600341797,255.0,1.3295767307281494,7.87583065032959,139.0,13.05744743347168,46.139808654785156,-28.0,255.0,46483,165.68626403808594,41.5322380065918,-28.0,255.0,46481,2,0,99.99569735171998,0.00430264828001635,0.0,543341,0.0,0.0,0.0,0.0,0,0,543341,0.0,0.0,100.0,59835,53.093971252441406,79.8902816772461,0.0,255.0,19513,0,40322,32.611347873318294,0.0,67.3886521266817,450048,17.112831115722656,52.16004943847656,-28.0,255.0,46481,2,403565,10.328009456769056,0.0004443970420932878,89.67154614618885,182.5573272705078,40.998844146728516,16.871034622192383,22.91033935546875,56.05924987792969,84.25164794921875,2.965282440185547,9.1279296875,0.0,0.0,0.0,0.0,False,False,False,False,0,improved,unchanged_or_undefined,0.0,255.0,-253.3333282470703,253.3333282470703,2404692,2404692,2.293292999267578,2383,2335,RGBA,PNG,9afb0880338fe8c85dc89660eb0ccaf0aa8d54c3d1c5ab2b769993fe44f8edfe,5.937305000028573,2.0.0,restoration_eval.error_maps,ok,,182.5573272705078,16.871034622192383,165.68626403808594,2,46481,0,0.00430264828001635,99.99569735171998
opencv_telea__canonical__canonical__p046_scratch_thin,opencv_telea__canonical__canonical__p046_scratch_thin,canonical__p046_scratch_thin,canonical__p046_scratch_thin,canonical,p046,high_texture_brushwork,Boating,Édouard Manet,p046_scratch_thin,scratch_thin,opencv_telea,False,data/processed/clean/p046_clean.png,data/processed/masked/p046_scratch_thin_damaged.png,data/processed/masks/p046_scratch_thin_mask.png,data/processed/restored/opencv_telea/canonical/canonical__p046_scratch_thin_restored_opencv_telea.png,opencv_telea_canonical_canonical_p046_scratch_thin_difference_maps.png,outputs/figures/opencv_difference_maps/all_cases/canonical/opencv_telea_canonical_canonical_p046_scratch_thin_difference_maps.png,768,768,589824,450048,8893,580931,35103,8893,0.015077379014756944,1.5077379014756944,0,91,768,677,0.0,83.0,768.0,592.0,5,both,127,37.39829079050939,-38.57929457625848,3.279284926376967,,2.5178427696228027,21.39330291748047,255.0,0.1451297551393509,2.5545904636383057,97.0,2.3727126121520996,20.125221252441406,0.0,255.0,8893,157.36903381347656,49.71365737915039,11.0,255.0,8893,0,0,100.0,0.0,0.0,580931,0.0,0.0,0.0,0.0,0,0,580931,0.0,0.0,100.0,35103,39.86790084838867,72.8741455078125,0.0,255.0,8893,0,26210,25.334017035581002,0.0,74.665982964419,450048,3.109630823135376,22.989688873291016,0.0,255.0,8893,0,441155,1.9760114476678043,0.0,98.0239885523322,166.99472045898438,53.741939544677734,9.62566089630127,18.481693267822266,42.30647277832031,77.50364685058594,2.4385664463043213,10.200998306274414,0.0,0.0,0.0,0.0,False,False,False,False,0,improved,unchanged_or_undefined,0.0,255.0,-253.3333282470703,253.3333282470703,2202655,2202655,2.1006155014038086,2383,2335,RGBA,PNG,cb602ffb7b6ada42c7d28fd6c9a57bee852a704c1cca05ecc94474343d1b0ef3,6.164971099991817,2.0.0,restoration_eval.error_maps,ok,,166.99472045898438,9.62566089630127,157.36903381347656,0,8893,0,0.0,100.0
opencv_telea__canonical__canonical__p046_zero_control,opencv_telea__canonical__canonical__p046_zero_control,canonical__p046_zero_control,canonical__p046_zero_control,canonical,p046,high_texture_brushwork,Boating,Édouard Manet,p046_zero_control,zero_control,opencv_telea,True,data/processed/clean/p046_clean.png,data/processed/masked/p046_zero_control_damaged.png,data/processed/masks/p046_zero_control_mask.png,data/processed/restored/opencv_telea/canonical/canonical__p046_zero_control_restored_opencv_telea.png,opencv_telea_canonical_canonical_p046_zero_control_difference_maps.png,outputs/figures/opencv_difference_maps/all_cases/canonical/opencv_telea_canonical_canonical_p046_zero_control_difference_maps.png,768,768,589824,450048,0,589824,0,0,0.0,0.0,0,91,768,677,,,,,5,both,127,,,,,0.0,0.0,0.0,0.0,0.0,0.0,0.0,0.0,0.0,0.0,0,,,,,0,0,0,,,,589824,0.0,0.0,0.0,0.0,0,0,589824,0.0,0.0,100.0,0,,,,,0,0,0,,,,450048,0.0,0.0,0.0,0.0,0,0,450048,0.0,0.0,100.0,,,,,,,,,0.0,0.0,0.0,0.0,False,False,False,False,0,unchanged_or_undefined,unchanged_or_undefined,0.0,255.0,-253.3333282470703,253.3333282470703,2016313,2016313,1.9229059219360352,2383,2335,RGBA,PNG,20ff6b86c4adcc6b03fcfc44bf8d6dbbcdaca7bef422821481726f846891f265,6.023438700009137,2.0.0,restoration_eval.error_maps,ok,,,,,0,0,0,,
opencv_telea__canonical__canonical__p047_loss_large,opencv_telea__canonical__canonical__p047_loss_large,canonical__p047_loss_large,canonical__p047_loss_large,canonical,p047,high_texture_brushwork,The Dance Class,Edgar Degas,p047_loss_large,loss_large,opencv_telea,False,data/processed/clean/p047_clean.png,data/processed/masked/p047_loss_large_damaged.png,data/processed/masks/p047_loss_large_mask.png,data/processed/restored/opencv_telea/canonical/canonical__p047_loss_large_restored_opencv_telea.png,opencv_telea_canonical_canonical_p047_loss_large_difference_maps.png,outputs/figures/opencv_difference_maps/all_cases/canonical/opencv_telea_canonical_canonical_p047_loss_large_difference_maps.png,768,768,589824,546816,70753,519071,17243,70753,0.11995612250434028,11.995612250434027,28,0,740,768,103.0,65.0,473.0,610.0,5,both,127,26.69224390956332,-33.02895519153486,1.1808725518796417,,20.368576049804688,56.4647102355957,249.0,2.705305576324463,10.329197883605957,144.3333282470703,17.66327667236328,49.75553894042969,-16.333328247070312,241.33334350585938,70753,147.24778747558594,39.454246520996094,-16.333328247070312,241.33334350585938,70747,6,0,99.99151979421367,0.008480205786327083,0.0,519071,0.0,0.0,0.0,0.0,0,0,519071,0.0,0.0,100.0,17243,80.45496368408203,86.3967056274414,0.0,241.33334350585938,8414,0,8829,48.79661311836687,0.0,51.20338688163313,546816,19.052520751953125,51.41846466064453,-16.333328247070312,241.33334350585938,70747,6,476063,12.937990110018728,0.0010972612359550563,87.06091262874533,169.80026245117188,34.71384811401367,22.552461624145508,21.019641876220703,84.59929656982422,90.11372375488281,4.144329071044922,8.36150074005127,0.0,0.0,0.0,0.0,False,False,False,False,0,improved,unchanged_or_undefined,0.0,255.0,-253.3333282470703,253.3333282470703,2496767,2496767,2.3811025619506836,2383,2335,RGBA,PNG,dcdbe2ad0acbebc92102e8ad6a8f7a0c7bde5e1281ac9e806343502857a3e4df,6.589147999999113,2.0.0,restoration_eval.error_maps,ok,,169.80026245117188,22.552461624145508,147.24778747558594,6,70747,0,0.008480205786327083,99.99151979421367
opencv_telea__canonical__canonical__p047_loss_small,opencv_telea__canonical__canonical__p047_loss_small,canonical__p047_loss_small,canonical__p047_loss_small,canonical,p047,high_texture_brushwork,The Dance Class,Edgar Degas,p047_loss_small,loss_small,opencv_telea,False,data/processed/clean/p047_clean.png,data/processed/masked/p047_loss_small_damaged.png,data/processed/masks/p047_loss_small_mask.png,data/processed/restored/opencv_telea/canonical/canonical__p047_loss_small_restored_opencv_telea.png,opencv_telea_canonical_canonical_p047_loss_small_difference_maps.png,outputs/figures/opencv_difference_maps/all_cases/canonical/opencv_telea_canonical_canonical_p047_loss_small_difference_maps.png,768,768,589824,546816,17490,572334,14491,17490,0.029652913411458332,2.965291341145833,28,0,740,768,296.0,81.0,695.0,707.0,5,both,127,50.013626834381554,-30.9797408042691,2.748235918599775,,4.758035182952881,27.570453643798828,230.0,0.3724631071090698,3.4815964698791504,106.66666412353516,4.38557243347168,25.578582763671875,0.0,222.3333282470703,17490,147.89683532714844,28.968942642211914,2.6666641235351562,222.3333282470703,17490,0,0,100.0,0.0,0.0,572334,0.0,0.0,0.0,0.0,0,0,572334,0.0,0.0,100.0,14491,70.4708251953125,78.30184173583984,0.0,222.3333282470703,6668,0,7823,46.01476778690222,0.0,53.98523221309779,546816,4.730504512786865,26.534717559814453,0.0,222.3333282470703,17490,0,529326,3.198516502808989,0.0,96.80148349719101,160.4575958251953,25.515592575073242,12.560758590698242,15.990171432495117,74.02518463134766,81.79610443115234,3.5543673038482666,8.152966499328613,0.0,0.0,0.0,0.0,False,False,False,False,0,improved,unchanged_or_undefined,0.0,255.0,-253.3333282470703,253.3333282470703,2322126,2322126,2.2145519256591797,2383,2335,RGBA,PNG,a4ed6dfcb17284a923d0cb47bbdeb1e07db8835eaf89d256e57b04cde54e5cf5,6.327507700014394,2.0.0,restoration_eval.error_maps,ok,,160.4575958251953,12.560758590698242,147.89683532714844,0,17490,0,0.0,100.0
opencv_telea__canonical__canonical__p047_mixed_damage,opencv_telea__canonical__canonical__p047_mixed_damage,canonical__p047_mixed_damage,canonical__p047_mixed_damage,canonical,p047,high_texture_brushwork,The Dance Class,Edgar Degas,p047_mixed_damage,mixed_damage,opencv_telea,False,data/processed/clean/p047_clean.png,data/processed/masked/p047_mixed_damage_damaged.png,data/processed/masks/p047_mixed_damage_mask.png,data/processed/restored/opencv_telea/canonical/canonical__p047_mixed_damage_restored_opencv_telea.png,opencv_telea_canonical_canonical_p047_mixed_damage_difference_maps.png,outputs/figures/opencv_difference_maps/all_cases/canonical/opencv_telea_canonical_canonical_p047_mixed_damage_difference_maps.png,768,768,589824,546816,48787,541037,58001,48787,0.0827145046657986,8.27145046657986,28,0,740,768,20.0,0.0,748.0,768.0,5,both,127,58.0447181967874,-93.63500522680222,3.515647973441059,,14.861371994018555,50.40213394165039,255.0,0.9014185667037964,5.851814270019531,111.33333587646484,13.959956169128418,47.40214157104492,-22.666664123535156,255.0,48787,168.77272033691406,32.20416259765625,-22.666664123535156,255.0,48775,12,0,99.97540328366163,0.02459671633836883,0.0,541037,0.0,0.0,0.0,0.0,0,0,541037,0.0,0.0,100.0,58001,59.75571060180664,84.81709289550781,0.0,255.0,20099,0,37902,34.652850812917016,0.0,65.34714918708299,546816,15.057929039001465,49.06279373168945,-22.666664123535156,255.0,48775,12,498029,8.91981946395131,0.0021945224719101125,91.07798601357679,179.67068481445312,33.183815002441406,10.897950172424316,17.465890884399414,62.90909957885742,89.3792724609375,3.153388261795044,11.072132110595703,0.0,0.0,0.0,0.0,False,False,False,False,0,improved,unchanged_or_undefined,0.0,255.0,-253.3333282470703,253.3333282470703,2601658,2601658,2.4811344146728516,2383,2335,RGBA,PNG,bc55bf32b54fc27b8aa36b69b460f0d7202ea82048647c1e4520247b49b44c59,6.2823945999844,2.0.0,restoration_eval.error_maps,ok,,179.67068481445312,10.897950172424316,168.77272033691406,12,48775,0,0.02459671633836883,99.97540328366163
opencv_telea__canonical__canonical__p047_scratch_thin,opencv_telea__canonical__canonical__p047_scratch_thin,canonical__p047_scratch_thin,canonical__p047_scratch_thin,canonical,p047,high_texture_brushwork,The Dance Class,Edgar Degas,p047_scratch_thin,scratch_thin,opencv_telea,False,data/processed/clean/p047_clean.png,data/processed/masked/p047_scratch_thin_damaged.png,data/processed/masks/p047_scratch_thin_mask.png,data/processed/restored/opencv_telea/canonical/canonical__p047_scratch_thin_restored_opencv_telea.png,opencv_telea_canonical_canonical_p047_scratch_thin_difference_maps.png,outputs/figures/opencv_difference_maps/all_cases/canonical/opencv_telea_canonical_canonical_p047_scratch_thin_difference_maps.png,768,768,589824,546816,13684,576140,53947,13684,0.023200141059027776,2.3200141059027777,28,0,740,768,20.0,0.0,748.0,768.0,5,both,127,74.73302153366463,-60.25065770242618,5.656003152092254,,4.27195930480957,28.20555877685547,255.0,0.12713174521923065,1.6185150146484375,104.66666412353516,4.144827365875244,27.37565803527832,-2.6666641235351562,255.0,13684,178.65525817871094,33.547908782958984,-2.6666641235351562,255.0,13683,1,0,99.99269219526454,0.007307804735457469,0.0,576140,0.0,0.0,0.0,0.0,0,0,576140,0.0,0.0,100.0,53947,45.317047119140625,79.5485610961914,-2.6666641235351562,255.0,13683,1,40263,25.363782972176395,0.0018536711958032884,74.6343633566278,546816,4.470824241638184,28.406208038330078,-2.6666641235351562,255.0,13683,1,533132,2.5023042485955056,0.00018287687265917604,97.49751287453184,184.1350555419922,34.231502532958984,5.479781150817871,9.14228343963623,46.707027435302734,81.95173645019531,1.3899816274642944,5.185141086578369,0.0,0.0,0.0,0.0,False,False,False,False,0,improved,unchanged_or_undefined,0.0,255.0,-253.3333282470703,253.3333282470703,2490093,2490093,2.3747377395629883,2383,2335,RGBA,PNG,92b7011ffef3aef48095d47ca8cc7f75281c450974766b859ba93eb93c90c2c9,6.587248699972406,2.0.0,restoration_eval.error_maps,ok,,184.1350555419922,5.479781150817871,178.65525817871094,1,13683,0,0.007307804735457469,99.99269219526454
opencv_telea__canonical__canonical__p047_zero_control,opencv_telea__canonical__canonical__p047_zero_control,canonical__p047_zero_control,canonical__p047_zero_control,canonical,p047,high_texture_brushwork,The Dance Class,Edgar Degas,p047_zero_control,zero_control,opencv_telea,True,data/processed/clean/p047_clean.png,data/processed/masked/p047_zero_control_damaged.png,data/processed/masks/p047_zero_control_mask.png,data/processed/restored/opencv_telea/canonical/canonical__p047_zero_control_restored_opencv_telea.png,opencv_telea_canonical_canonical_p047_zero_control_difference_maps.png,outputs/figures/opencv_difference_maps/all_cases/canonical/opencv_telea_canonical_canonical_p047_zero_control_difference_maps.png,768,768,589824,546816,0,589824,0,0,0.0,0.0,28,0,740,768,,,,,5,both,127,,,,,0.0,0.0,0.0,0.0,0.0,0.0,0.0,0.0,0.0,0.0,0,,,,,0,0,0,,,,589824,0.0,0.0,0.0,0.0,0,0,589824,0.0,0.0,100.0,0,,,,,0,0,0,,,,546816,0.0,0.0,0.0,0.0,0,0,546816,0.0,0.0,100.0,,,,,,,,,0.0,0.0,0.0,0.0,False,False,False,False,0,unchanged_or_undefined,unchanged_or_undefined,0.0,255.0,-253.3333282470703,253.3333282470703,2212161,2212161,2.1096811294555664,2383,2335,RGBA,PNG,a999efb8ad6e2b89dc54644a14dfb67eaf8aac1d4592b26225bc5f739d7eb853,6.172043200000189,2.0.0,restoration_eval.error_maps,ok,,,,,0,0,0,,
opencv_telea__canonical__canonical__p048_loss_large,opencv_telea__canonical__canonical__p048_loss_large,canonical__p048_loss_large,canonical__p048_loss_large,canonical,p048,high_texture_brushwork,A Farm in Brittany,Paul Gauguin,p048_loss_large,loss_large,opencv_telea,False,data/processed/clean/p048_clean.png,data/processed/masked/p048_loss_large_damaged.png,data/processed/masks/p048_loss_large_mask.png,data/processed/restored/opencv_telea/canonical/canonical__p048_loss_large_restored_opencv_telea.png,opencv_telea_canonical_canonical_p048_loss_large_difference_maps.png,outputs/figures/opencv_difference_maps/all_cases/canonical/opencv_telea_canonical_canonical_p048_loss_large_difference_maps.png,768,768,589824,470784,69776,520048,13328,69776,0.11829969618055555,11.829969618055555,0,77,768,690,259.0,183.0,633.0,578.0,5,both,127,27.79345333639074,-64.31606856225636,1.262188102913708,,20.626731872558594,56.82274627685547,230.0,2.2071995735168457,7.661595344543457,108.0,18.419532775878906,51.1329231262207,-25.333335876464844,219.6666717529297,69776,155.70228576660156,26.945222854614258,-25.333335876464844,219.6666717529297,69738,37,1,99.94554001375832,0.053026828709011695,0.0014331575326759916,520048,0.0,0.0,0.0,0.0,0,0,520048,0.0,0.0,100.0,13328,81.42273712158203,85.33168029785156,0.0,219.6666717529297,6582,0,6746,49.38475390156062,0.0,50.61524609843937,470784,23.07699966430664,56.286781311035156,-25.333335876464844,219.6666717529297,69738,37,401009,14.81316272430669,0.007859230560087005,85.17897804513322,174.3599853515625,22.105613708496094,18.65769386291504,13.757535934448242,85.03080749511719,88.66991424560547,3.6080682277679443,5.926421642303467,0.0,0.0,0.0,0.0,False,False,False,False,0,improved,unchanged_or_undefined,0.0,255.0,-253.3333282470703,253.3333282470703,2461812,2461812,2.347766876220703,2383,2335,RGBA,PNG,69f5b1ccaa6248c9bdd00c53cb8e9f72b4a2a47e7ee4e6a1a057b91faa997e52,8.625177999958396,2.0.0,restoration_eval.error_maps,ok,,174.3599853515625,18.65769386291504,155.70228576660156,37,69738,1,0.053026828709011695,99.94554001375832
opencv_telea__canonical__canonical__p048_loss_small,opencv_telea__canonical__canonical__p048_loss_small,canonical__p048_loss_small,canonical__p048_loss_small,canonical,p048,high_texture_brushwork,A Farm in Brittany,Paul Gauguin,p048_loss_small,loss_small,opencv_telea,False,data/processed/clean/p048_clean.png,data/processed/masked/p048_loss_small_damaged.png,data/processed/masks/p048_loss_small_mask.png,data/processed/restored/opencv_telea/canonical/canonical__p048_loss_small_restored_opencv_telea.png,opencv_telea_canonical_canonical_p048_loss_small_difference_maps.png,outputs/figures/opencv_difference_maps/all_cases/canonical/opencv_telea_canonical_canonical_p048_loss_small_difference_maps.png,768,768,589824,470784,18114,571710,13203,18114,0.030710856119791668,3.071085611979167,0,77,768,690,250.0,108.0,627.0,420.0,5,both,127,45.11068786573921,-74.94801442714659,2.256793370241432,,5.537841796875,31.409717559814453,228.0,0.40587079524993896,3.3362135887145996,124.33333587646484,5.13197135925293,29.35342025756836,-58.333335876464844,216.6666717529297,18114,167.1060791015625,31.450538635253906,-58.333335876464844,216.6666717529297,18101,13,0,99.92823230650326,0.07176769349674286,0.0,571710,0.0,0.0,0.0,0.0,0,0,571710,0.0,0.0,100.0,13203,80.6534423828125,87.67042541503906,0.0,216.6666717529297,6183,0,7020,46.830265848670756,0.0,53.16973415132924,470784,6.429615497589111,32.72836685180664,-58.333335876464844,216.6666717529297,18101,13,452670,3.844863036976618,0.0027613512778684067,96.15237561174551,180.32196044921875,24.63978385925293,13.215873718261719,13.89703369140625,84.38086700439453,91.29310607910156,3.72743558883667,6.529568195343018,0.0,0.0,0.0,0.0,False,False,False,False,0,improved,unchanged_or_undefined,0.0,255.0,-253.3333282470703,253.3333282470703,2338956,2338956,2.230602264404297,2383,2335,RGBA,PNG,dbc1232db9f1297f979da8641d711559cc98b81aa4469bcc5fd9f3877c36a4ab,6.433627400023397,2.0.0,restoration_eval.error_maps,ok,,180.32196044921875,13.215873718261719,167.1060791015625,13,18101,0,0.07176769349674286,99.92823230650326
opencv_telea__canonical__canonical__p048_mixed_damage,opencv_telea__canonical__canonical__p048_mixed_damage,canonical__p048_mixed_damage,canonical__p048_mixed_damage,canonical,p048,high_texture_brushwork,A Farm in Brittany,Paul Gauguin,p048_mixed_damage,mixed_damage,opencv_telea,False,data/processed/clean/p048_clean.png,data/processed/masked/p048_mixed_damage_damaged.png,data/processed/masks/p048_mixed_damage_mask.png,data/processed/restored/opencv_telea/canonical/canonical__p048_mixed_damage_restored_opencv_telea.png,opencv_telea_canonical_canonical_p048_mixed_damage_difference_maps.png,outputs/figures/opencv_difference_maps/all_cases/canonical/opencv_telea_canonical_canonical_p048_mixed_damage_difference_maps.png,768,768,589824,470784,41222,548602,44685,41222,0.0698886447482639,6.988864474826389,0,77,768,690,0.0,69.0,768.0,685.0,5,both,127,49.43856031568903,-63.59538595895396,2.5424552443964643,,12.32995891571045,45.45927429199219,255.0,0.8126893043518066,4.196167945861816,115.66666412353516,11.5172700881958,42.6485710144043,-18.0,255.0,41222,164.79457092285156,27.684484481811523,-18.0,255.0,41220,2,0,99.9951482218233,0.004851778176701761,0.0,548602,0.0,0.0,0.0,0.0,0,0,548602,0.0,0.0,100.0,44685,55.70694351196289,81.1397476196289,-18.0,255.0,14797,2,29886,33.114020364775655,0.004475774868524114,66.88150386035583,470784,14.429466247558594,47.29479217529297,-18.0,255.0,41220,2,429562,8.755607667210441,0.0004248232735182164,91.24396750951604,176.42291259765625,24.8868408203125,11.62834644317627,11.232667922973633,57.920265197753906,84.1739501953125,2.213322877883911,6.080306053161621,0.0,0.0,0.0,0.0,False,False,False,False,0,improved,unchanged_or_undefined,0.0,255.0,-253.3333282470703,253.3333282470703,2579035,2579035,2.459559440612793,2383,2335,RGBA,PNG,42ecf59da4b5b3a2a70939d7d8a0266a7b51d25dbdd2e61b69c6afb3e86cfc56,6.1798995999852195,2.0.0,restoration_eval.error_maps,ok,,176.42291259765625,11.62834644317627,164.79457092285156,2,41220,0,0.004851778176701761,99.9951482218233
opencv_telea__canonical__canonical__p048_scratch_thin,opencv_telea__canonical__canonical__p048_scratch_thin,canonical__p048_scratch_thin,canonical__p048_scratch_thin,canonical,p048,high_texture_brushwork,A Farm in Brittany,Paul Gauguin,p048_scratch_thin,scratch_thin,opencv_telea,False,data/processed/clean/p048_clean.png,data/processed/masked/p048_scratch_thin_damaged.png,data/processed/masks/p048_scratch_thin_mask.png,data/processed/restored/opencv_telea/canonical/canonical__p048_scratch_thin_restored_opencv_telea.png,opencv_telea_canonical_canonical_p048_scratch_thin_difference_maps.png,outputs/figures/opencv_difference_maps/all_cases/canonical/opencv_telea_canonical_canonical_p048_scratch_thin_difference_maps.png,768,768,589824,470784,8085,581739,33613,8085,0.013707478841145834,1.3707478841145835,0,77,768,690,0.0,69.0,768.0,698.0,5,both,127,72.34557823129252,-64.98124098124099,4.680785689867456,,2.5105440616607666,21.699209213256836,255.0,0.10902629047632217,1.874805212020874,134.3333282470703,2.401517152786255,20.797060012817383,-84.0,255.0,8085,175.19761657714844,35.77647018432617,-84.0,255.0,8069,16,0,99.80210265924552,0.19789734075448362,0.0,581739,0.0,0.0,0.0,0.0,0,0,581739,0.0,0.0,100.0,33613,42.14061737060547,76.90886688232422,-84.0,255.0,8069,16,25528,24.00559307410823,0.047600630708356885,75.9468062951834,470784,3.0087532997131348,23.239084243774414,-84.0,255.0,8069,16,462699,1.7139494970092441,0.003398586188145731,98.2826519168026,183.15139770507812,35.575801849365234,7.95378303527832,13.929327964782715,44.05375671386719,80.20099639892578,1.913138747215271,7.63060188293457,0.0,0.0,0.0,0.0,False,False,False,False,0,improved,unchanged_or_undefined,0.0,255.0,-253.3333282470703,253.3333282470703,2390498,2390498,2.279756546020508,2383,2335,RGBA,PNG,edc36293977cce04c446956d004a7b7c2fc139c8aec1c2e8454fb1640170b194,6.160085299983621,2.0.0,restoration_eval.error_maps,ok,,183.15139770507812,7.95378303527832,175.19761657714844,16,8069,0,0.19789734075448362,99.80210265924552
opencv_telea__canonical__canonical__p048_zero_control,opencv_telea__canonical__canonical__p048_zero_control,canonical__p048_zero_control,canonical__p048_zero_control,canonical,p048,high_texture_brushwork,A Farm in Brittany,Paul Gauguin,p048_zero_control,zero_control,opencv_telea,True,data/processed/clean/p048_clean.png,data/processed/masked/p048_zero_control_damaged.png,data/processed/masks/p048_zero_control_mask.png,data/processed/restored/opencv_telea/canonical/canonical__p048_zero_control_restored_opencv_telea.png,opencv_telea_canonical_canonical_p048_zero_control_difference_maps.png,outputs/figures/opencv_difference_maps/all_cases/canonical/opencv_telea_canonical_canonical_p048_zero_control_difference_maps.png,768,768,589824,470784,0,589824,0,0,0.0,0.0,0,77,768,690,,,,,5,both,127,,,,,0.0,0.0,0.0,0.0,0.0,0.0,0.0,0.0,0.0,0.0,0,,,,,0,0,0,,,,589824,0.0,0.0,0.0,0.0,0,0,589824,0.0,0.0,100.0,0,,,,,0,0,0,,,,470784,0.0,0.0,0.0,0.0,0,0,470784,0.0,0.0,100.0,,,,,,,,,0.0,0.0,0.0,0.0,False,False,False,False,0,unchanged_or_undefined,unchanged_or_undefined,0.0,255.0,-253.3333282470703,253.3333282470703,2235416,2235416,2.1318588256835938,2383,2335,RGBA,PNG,8557dfa6908e4826f5e62fd5b1cef374192aa3e31d45e34acb0a5361b74190fb,6.382044800033327,2.0.0,restoration_eval.error_maps,ok,,,,,0,0,0,,
opencv_telea__canonical__canonical__p049_loss_large,opencv_telea__canonical__canonical__p049_loss_large,canonical__p049_loss_large,canonical__p049_loss_large,canonical,p049,high_texture_brushwork,Peonies,Édouard Manet,p049_loss_large,loss_large,opencv_telea,False,data/processed/clean/p049_clean.png,data/processed/masked/p049_loss_large_damaged.png,data/processed/masks/p049_loss_large_mask.png,data/processed/restored/opencv_telea/canonical/canonical__p049_loss_large_restored_opencv_telea.png,opencv_telea_canonical_canonical_p049_loss_large_difference_maps.png,outputs/figures/opencv_difference_maps/all_cases/canonical/opencv_telea_canonical_canonical_p049_loss_large_difference_maps.png,768,768,589824,370944,45001,544823,12169,45001,0.07629564073350695,7.629564073350695,142,0,625,768,192.0,104.0,496.0,386.0,5,both,127,17.38013229335644,-46.87510647911529,0.7579088701488601,,11.773985862731934,42.744476318359375,240.0,2.304918050765991,11.403159141540527,162.3333282470703,9.469067573547363,35.32381820678711,-55.66666793823242,227.33334350585938,45001,124.1102066040039,46.111793518066406,-55.66666793823242,227.33334350585938,44887,112,2,99.7466722961712,0.24888335814759674,0.004444345681207084,544823,0.0,0.0,0.0,0.0,0,0,544823,0.0,0.0,100.0,12169,73.34321594238281,79.67575073242188,-3.666667938232422,227.33334350585938,6040,1,6128,49.63431670638508,0.008217602103706138,50.357465691511216,370944,15.056405067443848,43.58795166015625,-55.66666793823242,227.33334350585938,44887,112,325945,12.100748360938578,0.030193236714975844,87.86905840234644,154.320556640625,44.15487289428711,30.210350036621094,29.347679138183594,78.9274673461914,84.63823699951172,5.5842437744140625,10.321053504943848,0.0,0.0,0.0,0.0,False,False,False,False,0,improved,unchanged_or_undefined,0.0,255.0,-253.3333282470703,253.3333282470703,1820529,1820529,1.736191749572754,2383,2335,RGBA,PNG,4d719bf778edfea940b30f52eb0b320b484357f1250fe79d0ae86bf9fc351ef2,5.905347199994139,2.0.0,restoration_eval.error_maps,ok,,154.320556640625,30.210350036621094,124.1102066040039,112,44887,2,0.24888335814759674,99.7466722961712
opencv_telea__canonical__canonical__p049_loss_small,opencv_telea__canonical__canonical__p049_loss_small,canonical__p049_loss_small,canonical__p049_loss_small,canonical,p049,high_texture_brushwork,Peonies,Édouard Manet,p049_loss_small,loss_small,opencv_telea,False,data/processed/clean/p049_clean.png,data/processed/masked/p049_loss_small_damaged.png,data/processed/masks/p049_loss_small_mask.png,data/processed/restored/opencv_telea/canonical/canonical__p049_loss_small_restored_opencv_telea.png,opencv_telea_canonical_canonical_p049_loss_small_difference_maps.png,outputs/figures/opencv_difference_maps/all_cases/canonical/opencv_telea_canonical_canonical_p049_loss_small_difference_maps.png,768,768,589824,370944,14475,575349,11556,14475,0.024541219075520832,2.454121907552083,142,0,625,768,175.0,43.0,581.0,643.0,5,both,127,56.91707541738629,-96.19288428324695,2.9758652447329794,,4.593814373016357,29.51392936706543,237.6666717529297,0.3320843279361725,3.317018747329712,101.33333587646484,4.261729717254639,27.7376651763916,-41.0,232.0,14475,173.656005859375,43.97813415527344,-41.0,232.0,14455,20,0,99.86183074265976,0.1381692573402418,0.0,575349,0.0,0.0,0.0,0.0,0,0,575349,0.0,0.0,100.0,11556,80.98624420166016,92.1650619506836,-41.0,232.0,5334,17,6205,46.15784008307372,0.1471097265489789,53.695050190377295,370944,6.77641487121582,34.732059478759766,-41.0,232.0,14455,20,356469,3.8968146135265704,0.005391649413388544,96.09779373706004,187.1876983642578,36.26224899291992,13.531699180603027,16.42310905456543,84.92852020263672,95.03632354736328,3.9422810077667236,9.597545623779297,0.0,0.0,0.0,0.0,False,False,False,False,0,improved,unchanged_or_undefined,0.0,255.0,-253.3333282470703,253.3333282470703,1735144,1735144,1.6547622680664062,2383,2335,RGBA,PNG,ff55fa3af5067e22cbaf7632ce97fcfc68de8ceda72bedd7bf47ec3ef297b536,5.7693914999836124,2.0.0,restoration_eval.error_maps,ok,,187.1876983642578,13.531699180603027,173.656005859375,20,14455,0,0.1381692573402418,99.86183074265976
opencv_telea__canonical__canonical__p049_mixed_damage,opencv_telea__canonical__canonical__p049_mixed_damage,canonical__p049_mixed_damage,canonical__p049_mixed_damage,canonical,p049,high_texture_brushwork,Peonies,Édouard Manet,p049_mixed_damage,mixed_damage,opencv_telea,False,data/processed/clean/p049_clean.png,data/processed/masked/p049_mixed_damage_damaged.png,data/processed/masks/p049_mixed_damage_mask.png,data/processed/restored/opencv_telea/canonical/canonical__p049_mixed_damage_restored_opencv_telea.png,opencv_telea_canonical_canonical_p049_mixed_damage_difference_maps.png,outputs/figures/opencv_difference_maps/all_cases/canonical/opencv_telea_canonical_canonical_p049_mixed_damage_difference_maps.png,768,768,589824,370944,49278,540546,51962,49278,0.08354695638020833,8.354695638020832,142,0,625,768,134.0,0.0,633.0,768.0,5,both,127,39.198519961578526,-49.05840334429156,1.987513410479792,,13.942919731140137,47.85527420043945,252.3333282470703,1.5597950220108032,8.371564865112305,163.3333282470703,12.383125305175781,43.769474029541016,-128.66665649414062,250.0,49278,148.21754455566406,52.890254974365234,-128.66665649414062,250.0,48559,714,5,98.54093104427939,1.4489224400340923,0.01014651568651325,540546,0.0,0.0,0.0,0.0,0,0,540546,0.0,0.0,100.0,51962,60.16786193847656,84.46864318847656,0.0,250.0,18490,0,33472,35.583695777683694,0.0,64.41630422231631,370944,19.689937591552734,53.87316131591797,-128.66665649414062,250.0,48559,714,321671,13.090655193236714,0.19248188405797104,86.71686292270532,166.88723754882812,43.437339782714844,18.6696834564209,22.790578842163086,62.81739044189453,87.74434661865234,2.6495261192321777,7.572943687438965,0.0,0.0,0.0,0.0,False,False,False,False,0,improved,unchanged_or_undefined,0.0,255.0,-253.3333282470703,253.3333282470703,2027438,2027438,1.9335155487060547,2383,2335,RGBA,PNG,e5a624f7afa4cd669d0301a506eb35d18ed888ccefd81ed368dcbbd28f67754d,5.912191400013398,2.0.0,restoration_eval.error_maps,ok,,166.88723754882812,18.6696834564209,148.21754455566406,714,48559,5,1.4489224400340923,98.54093104427939
opencv_telea__canonical__canonical__p049_scratch_thin,opencv_telea__canonical__canonical__p049_scratch_thin,canonical__p049_scratch_thin,canonical__p049_scratch_thin,canonical,p049,high_texture_brushwork,Peonies,Édouard Manet,p049_scratch_thin,scratch_thin,opencv_telea,False,data/processed/clean/p049_clean.png,data/processed/masked/p049_scratch_thin_damaged.png,data/processed/masks/p049_scratch_thin_mask.png,data/processed/restored/opencv_telea/canonical/canonical__p049_scratch_thin_restored_opencv_telea.png,opencv_telea_canonical_canonical_p049_scratch_thin_difference_maps.png,outputs/figures/opencv_difference_maps/all_cases/canonical/opencv_telea_canonical_canonical_p049_scratch_thin_difference_maps.png,768,768,589824,370944,9601,580223,37417,9601,0.016277737087673612,1.6277737087673612,142,0,625,768,134.0,0.0,633.0,768.0,5,both,127,76.06909002534458,-65.89730236433705,4.925686977428072,,2.98946475982666,23.725086212158203,245.6666717529297,0.10415932536125183,1.3528430461883545,80.0,2.885305643081665,22.984434127807617,0.0,240.66665649414062,9601,177.25474548339844,39.32680892944336,13.0,240.66665649414062,9601,0,0,100.0,0.0,0.0,580223,0.0,0.0,0.0,0.0,0,0,580223,0.0,0.0,100.0,37417,45.48260498046875,79.93865203857422,0.0,240.66665649414062,9601,0,27816,25.659459603923352,0.0,74.34054039607665,370944,4.58781623840332,28.847774505615234,0.0,240.66665649414062,9601,0,361343,2.5882613008971704,0.0,97.41173869910284,183.6536102294922,37.418006896972656,6.3988823890686035,8.494447708129883,47.1245231628418,82.4204330444336,1.6419185400009155,5.130817890167236,0.0,0.0,0.0,0.0,False,False,False,False,0,improved,unchanged_or_undefined,0.0,255.0,-253.3333282470703,253.3333282470703,1865420,1865420,1.7790031433105469,2383,2335,RGBA,PNG,1a337698fda5d14216f37a229acbf8cb05daf6f6353bbfd6875bf1522bdd4ef2,5.810664499993436,2.0.0,restoration_eval.error_maps,ok,,183.6536102294922,6.3988823890686035,177.25474548339844,0,9601,0,0.0,100.0
opencv_telea__canonical__canonical__p049_zero_control,opencv_telea__canonical__canonical__p049_zero_control,canonical__p049_zero_control,canonical__p049_zero_control,canonical,p049,high_texture_brushwork,Peonies,Édouard Manet,p049_zero_control,zero_control,opencv_telea,True,data/processed/clean/p049_clean.png,data/processed/masked/p049_zero_control_damaged.png,data/processed/masks/p049_zero_control_mask.png,data/processed/restored/opencv_telea/canonical/canonical__p049_zero_control_restored_opencv_telea.png,opencv_telea_canonical_canonical_p049_zero_control_difference_maps.png,outputs/figures/opencv_difference_maps/all_cases/canonical/opencv_telea_canonical_canonical_p049_zero_control_difference_maps.png,768,768,589824,370944,0,589824,0,0,0.0,0.0,142,0,625,768,,,,,5,both,127,,,,,0.0,0.0,0.0,0.0,0.0,0.0,0.0,0.0,0.0,0.0,0,,,,,0,0,0,,,,589824,0.0,0.0,0.0,0.0,0,0,589824,0.0,0.0,100.0,0,,,,,0,0,0,,,,370944,0.0,0.0,0.0,0.0,0,0,370944,0.0,0.0,100.0,,,,,,,,,0.0,0.0,0.0,0.0,False,False,False,False,0,unchanged_or_undefined,unchanged_or_undefined,0.0,255.0,-253.3333282470703,253.3333282470703,1655200,1655200,1.578521728515625,2383,2335,RGBA,PNG,28d322acfeb59147156b5b6f2514bf83012327be10874da983db7fdd79be2d9e,5.63689979998162,2.0.0,restoration_eval.error_maps,ok,,,,,0,0,0,,
opencv_telea__canonical__canonical__p050_loss_large,opencv_telea__canonical__canonical__p050_loss_large,canonical__p050_loss_large,canonical__p050_loss_large,canonical,p050,high_texture_brushwork,Landscape with a Sunlit Stream,Charles-François Daubigny,p050_loss_large,loss_large,opencv_telea,False,data/processed/clean/p050_clean.png,data/processed/masked/p050_loss_large_damaged.png,data/processed/masks/p050_loss_large_mask.png,data/processed/restored/opencv_telea/canonical/canonical__p050_loss_large_restored_opencv_telea.png,opencv_telea_canonical_canonical_p050_loss_large_difference_maps.png,outputs/figures/opencv_difference_maps/all_cases/canonical/opencv_telea_canonical_canonical_p050_loss_large_difference_maps.png,768,768,589824,446976,54911,534913,11222,54911,0.0930972629123264,9.30972629123264,93,0,675,768,327.0,141.0,641.0,461.0,5,both,127,29.4738576970006,-91.76072189543078,1.3246311842123148,,17.908851623535156,56.45117950439453,236.3333282470703,1.653026819229126,7.292978763580322,101.33333587646484,16.255821228027344,51.75065231323242,0.0,227.33334350585938,54911,174.61119079589844,33.41264724731445,29.0,227.33334350585938,54911,0,0,100.0,0.0,0.0,534913,0.0,0.0,0.0,0.0,0,0,534913,0.0,0.0,100.0,11222,93.05721282958984,96.11149597167969,0.0,227.33334350585938,5538,0,5684,49.34949206914989,0.0,50.65050793085012,446976,21.45098114013672,58.50286865234375,0.0,227.33334350585938,54911,0,392065,12.284999642038946,0.0,87.71500035796106,192.36709594726562,25.8866024017334,17.75591468811035,16.89349937438965,97.0708999633789,99.82408905029297,4.013693332672119,6.488227367401123,0.0,0.0,0.0,0.0,False,False,False,False,0,improved,unchanged_or_undefined,0.0,255.0,-253.3333282470703,253.3333282470703,2370421,2370421,2.2606096267700195,2383,2335,RGBA,PNG,5c3e659eabd0bdf38416346050cad491bd235e2ee158b506a49d56f84c654a2e,5.819306100020185,2.0.0,restoration_eval.error_maps,ok,,192.36709594726562,17.75591468811035,174.61119079589844,0,54911,0,0.0,100.0
opencv_telea__canonical__canonical__p050_loss_small,opencv_telea__canonical__canonical__p050_loss_small,canonical__p050_loss_small,canonical__p050_loss_small,canonical,p050,high_texture_brushwork,Landscape with a Sunlit Stream,Charles-François Daubigny,p050_loss_small,loss_small,opencv_telea,False,data/processed/clean/p050_clean.png,data/processed/masked/p050_loss_small_damaged.png,data/processed/masks/p050_loss_small_mask.png,data/processed/restored/opencv_telea/canonical/canonical__p050_loss_small_restored_opencv_telea.png,opencv_telea_canonical_canonical_p050_loss_small_difference_maps.png,outputs/figures/opencv_difference_maps/all_cases/canonical/opencv_telea_canonical_canonical_p050_loss_small_difference_maps.png,768,768,589824,446976,18082,571742,13713,18082,0.030656602647569444,3.065660264756944,93,0,675,768,127.0,171.0,666.0,683.0,5,both,127,48.52252700659956,-89.65698853371678,2.400416019593756,,6.111460208892822,34.53972244262695,234.0,0.35387903451919556,2.6493723392486572,85.0,5.75758171081543,32.68584442138672,0.0,222.6666717529297,18082,187.80885314941406,25.662717819213867,33.666664123535156,222.6666717529297,18082,0,0,100.0,0.0,0.0,571742,0.0,0.0,0.0,0.0,0,0,571742,0.0,0.0,100.0,13713,88.7645492553711,96.55620574951172,0.0,222.6666717529297,6390,0,7323,46.598118573616276,0.0,53.401881426383724,446976,7.597634315490723,37.36068344116211,0.0,222.6666717529297,18082,0,428894,4.045407359679267,0.0,95.95459264032074,199.35218811035156,19.792430877685547,11.54332160949707,9.989884376525879,93.13011169433594,100.62385559082031,4.365565299987793,7.644904136657715,0.0,0.0,0.0,0.0,False,False,False,False,0,improved,unchanged_or_undefined,0.0,255.0,-253.3333282470703,253.3333282470703,2281716,2281716,2.176013946533203,2383,2335,RGBA,PNG,3fabc6f69c399037adff7721cf1c2fe09a7ef04be4160e52cfc45a3b3a5a2f0b,5.70559470000444,2.0.0,restoration_eval.error_maps,ok,,199.35218811035156,11.54332160949707,187.80885314941406,0,18082,0,0.0,100.0
opencv_telea__canonical__canonical__p050_mixed_damage,opencv_telea__canonical__canonical__p050_mixed_damage,canonical__p050_mixed_damage,canonical__p050_mixed_damage,canonical,p050,high_texture_brushwork,Landscape with a Sunlit Stream,Charles-François Daubigny,p050_mixed_damage,mixed_damage,opencv_telea,False,data/processed/clean/p050_clean.png,data/processed/masked/p050_mixed_damage_damaged.png,data/processed/masks/p050_mixed_damage_mask.png,data/processed/restored/opencv_telea/canonical/canonical__p050_mixed_damage_restored_opencv_telea.png,opencv_telea_canonical_canonical_p050_mixed_damage_difference_maps.png,outputs/figures/opencv_difference_maps/all_cases/canonical/opencv_telea_canonical_canonical_p050_mixed_damage_difference_maps.png,768,768,589824,446976,50756,539068,58024,50756,0.08605278862847222,8.605278862847223,93,0,675,768,85.0,0.0,683.0,768.0,5,both,127,45.81429453332283,-81.97202957942577,2.379459910292102,,17.17561149597168,56.394195556640625,255.0,0.9817261099815369,4.805181980133057,105.0,16.193885803222656,53.51581573486328,0.0,255.0,50756,188.1854705810547,30.247467041015625,4.0,255.0,50756,0,0,100.0,0.0,0.0,539068,0.0,0.0,0.0,0.0,0,0,539068,0.0,0.0,100.0,58024,70.0735092163086,95.1701889038086,0.0,255.0,20820,0,37204,35.8817041224321,0.0,64.1182958775679,446976,21.369253158569336,60.569217681884766,0.0,255.0,50756,0,396220,11.355419530355098,0.0,88.64458046964491,199.59388732910156,23.410198211669922,11.408417701721191,12.221660614013672,72.86856079101562,98.51988983154297,2.795044422149658,6.186903953552246,0.0,0.0,0.0,0.0,False,False,False,False,0,improved,unchanged_or_undefined,0.0,255.0,-253.3333282470703,253.3333282470703,2607804,2607804,2.4869956970214844,2383,2335,RGBA,PNG,6a61d1123cfa7b735d770855db677ddd5be1314db8e29eea1163c67c4aabf212,6.0266664999653585,2.0.0,restoration_eval.error_maps,ok,,199.59388732910156,11.408417701721191,188.1854705810547,0,50756,0,0.0,100.0
opencv_telea__canonical__canonical__p050_scratch_thin,opencv_telea__canonical__canonical__p050_scratch_thin,canonical__p050_scratch_thin,canonical__p050_scratch_thin,canonical,p050,high_texture_brushwork,Landscape with a Sunlit Stream,Charles-François Daubigny,p050_scratch_thin,scratch_thin,opencv_telea,False,data/processed/clean/p050_clean.png,data/processed/masked/p050_scratch_thin_damaged.png,data/processed/masks/p050_scratch_thin_mask.png,data/processed/restored/opencv_telea/canonical/canonical__p050_scratch_thin_restored_opencv_telea.png,opencv_telea_canonical_canonical_p050_scratch_thin_difference_maps.png,outputs/figures/opencv_difference_maps/all_cases/canonical/opencv_telea_canonical_canonical_p050_scratch_thin_difference_maps.png,768,768,589824,446976,9208,580616,39505,9208,0.015611436631944444,1.5611436631944444,93,0,675,768,85.0,0.0,683.0,768.0,5,both,127,27.68212423979149,-108.871090356212,1.8023621671988048,,3.314718723297119,26.656116485595703,255.0,0.15866823494434357,1.8577051162719727,90.0,3.156050682067871,25.43330955505371,0.0,255.0,9208,202.16270446777344,34.681949615478516,24.666667938232422,255.0,9208,0,0,100.0,0.0,0.0,580616,0.0,0.0,0.0,0.0,0,0,580616,0.0,0.0,100.0,39505,47.12097930908203,87.09811401367188,0.0,255.0,9208,0,30297,23.308441969370968,0.0,76.69155803062904,446976,4.164685249328613,29.144100189208984,0.0,255.0,9208,0,437768,2.060065864833906,0.0,97.9399341351661,212.32632446289062,33.70384216308594,10.163589477539062,10.925859451293945,49.489952087402344,91.23341369628906,2.368974208831787,6.803643226623535,0.0,0.0,0.0,0.0,False,False,False,False,0,improved,unchanged_or_undefined,0.0,255.0,-253.3333282470703,253.3333282470703,2359901,2359901,2.250576972961426,2383,2335,RGBA,PNG,d3b9aa5786cd4b54c35fe4dd5e0bfcb79ca674b9847fadb618745b85fb66124a,5.692772599984892,2.0.0,restoration_eval.error_maps,ok,,212.32632446289062,10.163589477539062,202.16270446777344,0,9208,0,0.0,100.0
opencv_telea__canonical__canonical__p050_zero_control,opencv_telea__canonical__canonical__p050_zero_control,canonical__p050_zero_control,canonical__p050_zero_control,canonical,p050,high_texture_brushwork,Landscape with a Sunlit Stream,Charles-François Daubigny,p050_zero_control,zero_control,opencv_telea,True,data/processed/clean/p050_clean.png,data/processed/masked/p050_zero_control_damaged.png,data/processed/masks/p050_zero_control_mask.png,data/processed/restored/opencv_telea/canonical/canonical__p050_zero_control_restored_opencv_telea.png,opencv_telea_canonical_canonical_p050_zero_control_difference_maps.png,outputs/figures/opencv_difference_maps/all_cases/canonical/opencv_telea_canonical_canonical_p050_zero_control_difference_maps.png,768,768,589824,446976,0,589824,0,0,0.0,0.0,93,0,675,768,,,,,5,both,127,,,,,0.0,0.0,0.0,0.0,0.0,0.0,0.0,0.0,0.0,0.0,0,,,,,0,0,0,,,,589824,0.0,0.0,0.0,0.0,0,0,589824,0.0,0.0,100.0,0,,,,,0,0,0,,,,446976,0.0,0.0,0.0,0.0,0,0,446976,0.0,0.0,100.0,,,,,,,,,0.0,0.0,0.0,0.0,False,False,False,False,0,unchanged_or_undefined,unchanged_or_undefined,0.0,255.0,-253.3333282470703,253.3333282470703,2165635,2165635,2.065310478210449,2383,2335,RGBA,PNG,63d6d275ae0a394a1e764bf6f2ec9d3c986f33b740c3bdeba4bec5141ccea0c5,5.704493099998217,2.0.0,restoration_eval.error_maps,ok,,,,,0,0,0,,
opencv_telea__damage_size__damage_size__p001__loss_large__size_02pct,opencv_telea__damage_size__damage_size__p001__loss_large__size_02pct,damage_size__p001__loss_large__size_02pct,damage_size__p001__loss_large__size_02pct,damage_size,p001,portrait_figure,Juan de Pareja,Diego Velázquez,,,opencv_telea,False,data/processed/clean/p001_clean.png,data/processed/damaged/damage_size_sensitivity/p001__loss_large__size_02pct_damaged.png,data/processed/masks/damage_size_sensitivity/p001__loss_large__size_02pct_mask.png,data/processed/restored/opencv_telea/damage_size/damage_size__p001__loss_large__size_02pct_restored_opencv_telea.png,opencv_telea_damage_size_damage_size_p001_loss_large_size_02pct_difference_maps.png,outputs/figures/opencv_difference_maps/all_cases/damage_size/opencv_telea_damage_size_damage_size_p001_loss_large_size_02pct_difference_maps.png,768,768,589824,509184,10169,579655,4978,10169,0.017240736219618056,1.7240736219618056,52,0,715,768,326.0,157.0,507.0,274.0,5,both,127,75.33723407742485,-89.87684793653916,4.4065234802045445,,3.6461117267608643,27.752782821655273,253.0,0.16304241120815277,2.1472907066345215,97.33333587646484,3.48306941986084,26.665203094482422,0.0,245.3333282470703,10169,202.02554321289062,33.626888275146484,43.666664123535156,245.3333282470703,10169,0,0,100.0,0.0,0.0,579655,0.0,0.0,0.0,0.0,0,0,579655,0.0,0.0,100.0,4978,98.21595001220703,104.27338409423828,0.0,245.3333282470703,2400,0,2578,48.21213338690237,0.0,51.787866613097634,509184,4.03468656539917,28.660301208496094,0.0,245.3333282470703,10169,0,499015,1.9971169557566615,0.0,98.00288304424333,211.4823455810547,26.843908309936523,9.456812858581543,13.399637222290039,100.75692749023438,106.33719635009766,2.540980339050293,5.4614386558532715,0.0,0.0,0.0,0.0,False,False,False,False,0,improved,unchanged_or_undefined,0.0,255.0,-253.3333282470703,253.3333282470703,2065698,2065698,1.9700031280517578,2383,2335,RGBA,PNG,caf084cb9b2946e2b008705d77e46425bd1ca4b5578b24cb278882e5098dbd56,6.742604599974584,2.0.0,restoration_eval.error_maps,ok,,211.4823455810547,9.456812858581543,202.02554321289062,0,10169,0,0.0,100.0
opencv_telea__damage_size__damage_size__p001__loss_large__size_04pct,opencv_telea__damage_size__damage_size__p001__loss_large__size_04pct,damage_size__p001__loss_large__size_04pct,damage_size__p001__loss_large__size_04pct,damage_size,p001,portrait_figure,Juan de Pareja,Diego Velázquez,,,opencv_telea,False,data/processed/clean/p001_clean.png,data/processed/damaged/damage_size_sensitivity/p001__loss_large__size_04pct_damaged.png,data/processed/masks/damage_size_sensitivity/p001__loss_large__size_04pct_mask.png,data/processed/restored/opencv_telea/damage_size/damage_size__p001__loss_large__size_04pct_restored_opencv_telea.png,opencv_telea_damage_size_damage_size_p001_loss_large_size_04pct_difference_maps.png,outputs/figures/opencv_difference_maps/all_cases/damage_size/opencv_telea_damage_size_damage_size_p001_loss_large_size_04pct_difference_maps.png,768,768,589824,509184,20290,569534,7112,20290,0.034400092230902776,3.4400092230902777,52,0,715,768,292.0,136.0,541.0,295.0,5,both,127,66.4534253326762,-92.12321340561851,3.545017962854576,,7.220914840698242,38.5557746887207,254.0,0.38110578060150146,3.2891836166381836,91.33333587646484,6.839809894561768,36.76821517944336,0.0,246.0,20290,198.8311309814453,33.54899978637695,16.666671752929688,246.0,20290,0,0,100.0,0.0,0.0,569534,0.0,0.0,0.0,0.0,0,0,569534,0.0,0.0,100.0,7112,102.00950622558594,105.97631072998047,0.0,246.0,3467,0,3645,48.74859392575928,0.0,51.25140607424073,509184,7.923037052154541,39.46418762207031,0.0,246.0,20290,0,488894,3.984807063851181,0.0,96.01519293614882,209.90975952148438,25.828798294067383,11.07862663269043,13.999388694763184,104.27901458740234,108.08995819091797,2.2694976329803467,4.504696846008301,0.0,0.0,0.0,0.0,False,False,False,False,0,improved,unchanged_or_undefined,0.0,255.0,-253.3333282470703,253.3333282470703,2101022,2101022,2.003690719604492,2383,2335,RGBA,PNG,4e8ae10db939a21bf220c0858c23024a7a0e406c75b37f675f2ac51de06e0ada,6.59001200000057,2.0.0,restoration_eval.error_maps,ok,,209.90975952148438,11.07862663269043,198.8311309814453,0,20290,0,0.0,100.0
opencv_telea__damage_size__damage_size__p001__loss_large__size_06pct,opencv_telea__damage_size__damage_size__p001__loss_large__size_06pct,damage_size__p001__loss_large__size_06pct,damage_size__p001__loss_large__size_06pct,damage_size,p001,portrait_figure,Juan de Pareja,Diego Velázquez,,,opencv_telea,False,data/processed/clean/p001_clean.png,data/processed/damaged/damage_size_sensitivity/p001__loss_large__size_06pct_damaged.png,data/processed/masks/damage_size_sensitivity/p001__loss_large__size_06pct_mask.png,data/processed/restored/opencv_telea/damage_size/damage_size__p001__loss_large__size_06pct_restored_opencv_telea.png,opencv_telea_damage_size_damage_size_p001_loss_large_size_06pct_difference_maps.png,outputs/figures/opencv_difference_maps/all_cases/damage_size/opencv_telea_damage_size_damage_size_p001_loss_large_size_06pct_difference_maps.png,768,768,589824,509184,30565,559259,8816,30565,0.05182054307725695,5.182054307725695,52,0,715,768,266.0,120.0,567.0,312.0,5,both,127,65.6559790610175,-86.2126288238181,3.438178935841073,,10.97037124633789,47.23729705810547,254.0,0.7547262907028198,5.765674591064453,144.3333282470703,10.215643882751465,44.700531005859375,-56.99999237060547,246.6666717529297,30565,197.135009765625,41.35737991333008,-56.99999237060547,246.6666717529297,30537,28,0,99.90839195157861,0.09160804842139703,0.0,559259,0.0,0.0,0.0,0.0,0,0,559259,0.0,0.0,100.0,8816,105.848876953125,108.83876037597656,0.0,246.6666717529297,4319,0,4497,48.990471869328495,0.0,51.00952813067151,509184,11.83350658416748,47.910736083984375,-56.99999237060547,246.6666717529297,30537,28,478619,5.997242647058823,0.005498994469582705,93.9972583584716,211.69924926757812,23.776731491088867,14.564229965209961,20.985185623168945,108.18174743652344,110.92180633544922,2.3328795433044434,5.359377861022949,0.0,0.0,0.0,0.0,False,False,False,False,0,improved,unchanged_or_undefined,0.0,255.0,-253.3333282470703,253.3333282470703,2132730,2132730,2.0339298248291016,2383,2335,RGBA,PNG,40a01c94dc271f138d8821a913ae2dbb525bdd1b0d1f3632ed1cbc29490dcc3c,6.10616820002906,2.0.0,restoration_eval.error_maps,ok,,211.69924926757812,14.564229965209961,197.135009765625,28,30537,0,0.09160804842139703,99.90839195157861
opencv_telea__damage_size__damage_size__p001__loss_large__size_08pct,opencv_telea__damage_size__damage_size__p001__loss_large__size_08pct,damage_size__p001__loss_large__size_08pct,damage_size__p001__loss_large__size_08pct,damage_size,p001,portrait_figure,Juan de Pareja,Diego Velázquez,,,opencv_telea,False,data/processed/clean/p001_clean.png,data/processed/damaged/damage_size_sensitivity/p001__loss_large__size_08pct_damaged.png,data/processed/masks/damage_size_sensitivity/p001__loss_large__size_08pct_mask.png,data/processed/restored/opencv_telea/damage_size/damage_size__p001__loss_large__size_08pct_restored_opencv_telea.png,opencv_telea_damage_size_damage_size_p001_loss_large_size_08pct_difference_maps.png,outputs/figures/opencv_difference_maps/all_cases/damage_size/opencv_telea_damage_size_damage_size_p001_loss_large_size_08pct_difference_maps.png,768,768,589824,509184,40785,549039,10249,40785,0.06914774576822917,6.914774576822917,52,0,715,768,243.0,106.0,589.0,325.0,5,both,127,63.617195864492665,-84.88369089943198,3.2582600223772573,,14.880964279174805,54.92326736450195,254.0,1.0500625371932983,6.8155517578125,149.6666717529297,13.830900192260742,51.923065185546875,-62.333335876464844,247.3333282470703,40785,200.01956176757812,41.804840087890625,-62.333335876464844,247.3333282470703,40751,32,2,99.91663601814392,0.07846021821748192,0.00490376363859262,549039,0.0,0.0,0.0,0.0,0,0,549039,0.0,0.0,100.0,10249,109.61296081542969,111.97488403320312,0.0,247.3333282470703,5041,0,5208,49.185286369401894,0.0,50.814713630598106,509184,16.021316528320312,55.56870651245117,-62.333335876464844,247.3333282470703,40751,32,468401,8.003197272498742,0.006284565108094519,91.99051816239316,215.20533752441406,22.673826217651367,15.185778617858887,21.380229949951172,111.06446075439453,113.37309265136719,1.451491117477417,2.9572930335998535,0.0,0.0,0.0,0.0,False,False,False,False,0,improved,unchanged_or_undefined,0.0,255.0,-253.3333282470703,253.3333282470703,2162975,2162975,2.0627737045288086,2383,2335,RGBA,PNG,d6456e092fafa157fb16070410a4992b1ee68fadbf2243f2c3bfe1d27d2e34f4,6.199350800015964,2.0.0,restoration_eval.error_maps,ok,,215.20533752441406,15.185778617858887,200.01956176757812,32,40751,2,0.07846021821748192,99.91663601814392
opencv_telea__damage_size__damage_size__p001__loss_large__size_10pct,opencv_telea__damage_size__damage_size__p001__loss_large__size_10pct,damage_size__p001__loss_large__size_10pct,damage_size__p001__loss_large__size_10pct,damage_size,p001,portrait_figure,Juan de Pareja,Diego Velázquez,,,opencv_telea,False,data/processed/clean/p001_clean.png,data/processed/damaged/damage_size_sensitivity/p001__loss_large__size_10pct_damaged.png,data/processed/masks/damage_size_sensitivity/p001__loss_large__size_10pct_mask.png,data/processed/restored/opencv_telea/damage_size/damage_size__p001__loss_large__size_10pct_restored_opencv_telea.png,opencv_telea_damage_size_damage_size_p001_loss_large_size_10pct_difference_maps.png,outputs/figures/opencv_difference_maps/all_cases/damage_size/opencv_telea_damage_size_damage_size_p001_loss_large_size_10pct_difference_maps.png,768,768,589824,509184,50905,538919,11475,50905,0.08630540635850695,8.630540635850695,52,0,715,768,224.0,94.0,608.0,337.0,5,both,127,69.42148446452543,-101.97110958321056,3.720585136717517,,18.77923011779785,61.44076919555664,254.0,1.0960198640823364,6.545588970184326,144.6666717529297,17.68321418762207,58.59407043457031,-57.333335876464844,247.6666717529297,50905,204.89111328125,37.72446060180664,-57.333335876464844,247.6666717529297,50876,27,2,99.9430311364306,0.05303997642667715,0.003928887142716825,538919,0.0,0.0,0.0,0.0,0,0,538919,0.0,0.0,100.0,11475,110.37586212158203,112.43373107910156,0.0,247.6666717529297,5658,0,5817,49.30718954248366,0.0,50.69281045751634,509184,20.483718872070312,62.60689163208008,-57.333335876464844,247.6666717529297,50876,27,458281,9.991672951231775,0.005302601809954751,90.00302444695826,217.59043884277344,21.914674758911133,12.699315071105957,18.683635711669922,111.64873504638672,113.6845932006836,1.2728831768035889,2.3838632106781006,0.0,0.0,0.0,0.0,False,False,False,False,0,improved,unchanged_or_undefined,0.0,255.0,-253.3333282470703,253.3333282470703,2187772,2187772,2.0864219665527344,2383,2335,RGBA,PNG,987df4a3aaee28b811d71dc562b2202dbb61d1149e12c9b43e1c6bc9c2772df4,6.191020000027493,2.0.0,restoration_eval.error_maps,ok,,217.59043884277344,12.699315071105957,204.89111328125,27,50876,2,0.05303997642667715,99.9430311364306
opencv_telea__damage_size__damage_size__p001__loss_large__size_15pct,opencv_telea__damage_size__damage_size__p001__loss_large__size_15pct,damage_size__p001__loss_large__size_15pct,damage_size__p001__loss_large__size_15pct,damage_size,p001,portrait_figure,Juan de Pareja,Diego Velázquez,,,opencv_telea,False,data/processed/clean/p001_clean.png,data/processed/damaged/damage_size_sensitivity/p001__loss_large__size_15pct_damaged.png,data/processed/masks/damage_size_sensitivity/p001__loss_large__size_15pct_mask.png,data/processed/restored/opencv_telea/damage_size/damage_size__p001__loss_large__size_15pct_restored_opencv_telea.png,opencv_telea_damage_size_damage_size_p001_loss_large_size_15pct_difference_maps.png,outputs/figures/opencv_difference_maps/all_cases/damage_size/opencv_telea_damage_size_damage_size_p001_loss_large_size_15pct_difference_maps.png,768,768,589824,509184,76373,513451,14031,76373,0.12948438856336805,12.948438856336805,52,0,715,768,183.0,69.0,650.0,363.0,5,both,127,62.36793980420655,-134.12527987639612,3.155832290990528,,28.5455322265625,74.38077545166016,254.0,1.5824065208435059,7.10964822769165,143.3333282470703,26.963125228881836,70.87867736816406,-55.99999237060547,247.33334350585938,76373,208.2345733642578,32.42633819580078,-55.99999237060547,247.33334350585938,76348,24,1,99.96726591858379,0.031424718159559,0.001309363256648292,513451,0.0,0.0,0.0,0.0,0,0,513451,0.0,0.0,100.0,14031,109.57942962646484,111.29917907714844,0.0,247.33334350585938,6940,0,7091,49.46190578005844,0.0,50.538094219941556,509184,31.233301162719727,75.4059066772461,-55.99999237060547,247.33334350585938,76348,24,432812,14.994186777275011,0.0047134238310708905,85.00109979889392,220.4553985595703,20.48433494567871,12.22082805633545,16.135744094848633,111.26113891601562,112.9674301147461,1.6817047595977783,3.9978339672088623,0.0,0.0,0.0,0.0,False,False,False,False,0,improved,unchanged_or_undefined,0.0,255.0,-253.3333282470703,253.3333282470703,2240395,2240395,2.1366071701049805,2383,2335,RGBA,PNG,b23b9e7cf3faf50d4fe4c004558b49622467274f3cb40fbc18abb6f6945a65e5,6.3179220000165515,2.0.0,restoration_eval.error_maps,ok,,220.4553985595703,12.22082805633545,208.2345733642578,24,76348,1,0.031424718159559,99.96726591858379
opencv_telea__damage_size__damage_size__p001__loss_large__size_20pct,opencv_telea__damage_size__damage_size__p001__loss_large__size_20pct,damage_size__p001__loss_large__size_20pct,damage_size__p001__loss_large__size_20pct,damage_size,p001,portrait_figure,Juan de Pareja,Diego Velázquez,,,opencv_telea,False,data/processed/clean/p001_clean.png,data/processed/damaged/damage_size_sensitivity/p001__loss_large__size_20pct_damaged.png,data/processed/masks/damage_size_sensitivity/p001__loss_large__size_20pct_mask.png,data/processed/restored/opencv_telea/damage_size/damage_size__p001__loss_large__size_20pct_restored_opencv_telea.png,opencv_telea_damage_size_damage_size_p001_loss_large_size_20pct_difference_maps.png,outputs/figures/opencv_difference_maps/all_cases/damage_size/opencv_telea_damage_size_damage_size_p001_loss_large_size_20pct_difference_maps.png,768,768,589824,509184,101967,487857,16429,101967,0.17287699381510416,17.287699381510414,52,0,715,768,148.0,47.0,685.0,384.0,5,both,127,59.26963952389825,-135.90833635718744,2.9434862569813056,,38.02642822265625,83.65753936767578,254.0,2.263439416885376,9.019182205200195,143.3333282470703,35.762996673583984,79.34318542480469,-55.99999237060547,248.0,101967,206.86959838867188,31.911916732788086,-55.99999237060547,248.0,101941,25,1,99.97450155442446,0.024517736130316672,0.0009807094452126668,487857,0.0,0.0,0.0,0.0,0,0,487857,0.0,0.0,100.0,16429,106.71077728271484,109.20218658447266,0.0,248.0,8144,0,8285,49.57088075963236,0.0,50.42911924036765,509184,41.42681121826172,84.01014709472656,-55.99999237060547,248.0,101941,25,407218,20.020464115133233,0.0049098164906988435,79.97462606837607,219.96238708496094,21.540632247924805,13.092775344848633,18.13159942626953,108.1856918334961,110.55662536621094,1.4749122858047485,2.801663637161255,0.0,0.0,0.0,0.0,False,False,False,False,0,improved,unchanged_or_undefined,0.0,255.0,-253.3333282470703,253.3333282470703,2288764,2288764,2.1827354431152344,2383,2335,RGBA,PNG,a3374f01428d0899d727422438338d8bd69834fca90bac979b1038ae95e3b163,6.206183200003579,2.0.0,restoration_eval.error_maps,ok,,219.96238708496094,13.092775344848633,206.86959838867188,25,101941,1,0.024517736130316672,99.97450155442446
opencv_telea__damage_size__damage_size__p018__loss_large__size_02pct,opencv_telea__damage_size__damage_size__p018__loss_large__size_02pct,damage_size__p018__loss_large__size_02pct,damage_size__p018__loss_large__size_02pct,damage_size,p018,landscape_natural,Classical Landscape with Figures,Henri Mauperché,,,opencv_telea,False,data/processed/clean/p018_clean.png,data/processed/damaged/damage_size_sensitivity/p018__loss_large__size_02pct_damaged.png,data/processed/masks/damage_size_sensitivity/p018__loss_large__size_02pct_mask.png,data/processed/restored/opencv_telea/damage_size/damage_size__p018__loss_large__size_02pct_restored_opencv_telea.png,opencv_telea_damage_size_damage_size_p018_loss_large_size_02pct_difference_maps.png,outputs/figures/opencv_difference_maps/all_cases/damage_size/opencv_telea_damage_size_damage_size_p018_loss_large_size_02pct_difference_maps.png,768,768,589824,389376,7777,582047,4366,7777,0.013185289171006944,1.3185289171006944,0,130,768,637,138.0,344.0,269.0,479.0,5,both,127,28.744503021730736,-26.31194548026231,1.2957187946493818,,1.9183515310287476,17.198192596435547,205.0,0.41957539319992065,5.160757064819336,119.0,1.498775839805603,13.735735893249512,0.0,200.3333282470703,7777,113.6703109741211,39.479061126708984,13.0,200.3333282470703,7777,0,0,100.0,0.0,0.0,582047,0.0,0.0,0.0,0.0,0,0,582047,0.0,0.0,100.0,4366,56.769737243652344,67.31059265136719,0.0,200.3333282470703,2062,0,2304,47.22858451672011,0.0,52.771415483279895,389376,2.2703351974487305,16.853635787963867,0.0,200.3333282470703,7777,0,381599,1.997298241288626,0.0,98.00270175871137,145.49179077148438,39.28947830200195,31.821481704711914,31.94807243347168,62.015953063964844,71.70497131347656,5.246220588684082,10.554364204406738,0.0,0.0,0.0,0.0,False,False,False,False,0,improved,unchanged_or_undefined,0.0,255.0,-253.3333282470703,253.3333282470703,1600429,1600429,1.5262880325317383,2383,2335,RGBA,PNG,c5f764758b3b18285998f0aa7f7de8e813f44c75b0a46fc5cd8e524d37742e28,5.82088739995379,2.0.0,restoration_eval.error_maps,ok,,145.49179077148438,31.821481704711914,113.6703109741211,0,7777,0,0.0,100.0
opencv_telea__damage_size__damage_size__p018__loss_large__size_04pct,opencv_telea__damage_size__damage_size__p018__loss_large__size_04pct,damage_size__p018__loss_large__size_04pct,damage_size__p018__loss_large__size_04pct,damage_size,p018,landscape_natural,Classical Landscape with Figures,Henri Mauperché,,,opencv_telea,False,data/processed/clean/p018_clean.png,data/processed/damaged/damage_size_sensitivity/p018__loss_large__size_04pct_damaged.png,data/processed/masks/damage_size_sensitivity/p018__loss_large__size_04pct_mask.png,data/processed/restored/opencv_telea/damage_size/damage_size__p018__loss_large__size_04pct_restored_opencv_telea.png,opencv_telea_damage_size_damage_size_p018_loss_large_size_04pct_difference_maps.png,outputs/figures/opencv_difference_maps/all_cases/damage_size/opencv_telea_damage_size_damage_size_p018_loss_large_size_04pct_difference_maps.png,768,768,589824,389376,15531,574293,6273,15531,0.026331583658854168,2.633158365885417,0,130,768,637,114.0,320.0,293.0,503.0,5,both,127,42.9731290107956,-20.255424634601766,2.118640776843364,,3.8438234329223633,24.391754150390625,213.3333282470703,0.6306124329566956,6.263186931610107,119.33333587646484,3.2132108211517334,21.654338836669922,-37.33332824707031,209.33334350585938,15531,122.02877807617188,57.523860931396484,-37.33332824707031,209.33334350585938,14938,587,6,96.18182988860988,3.7795376987959566,0.038632412594166506,574293,0.0,0.0,0.0,0.0,0,0,574293,0.0,0.0,100.0,6273,68.72102355957031,78.65047454833984,0.0,209.33334350585938,3026,0,3247,48.23848238482385,0.0,51.76151761517615,389376,4.867349147796631,26.500024795532227,-37.33332824707031,209.33334350585938,14938,587,373851,3.836394641683103,0.15075402695595003,96.01285133136095,145.97769165039062,42.97068786621094,23.948898315429688,30.51726722717285,71.95573425292969,81.64382934570312,3.2347097396850586,7.367249488830566,0.0,0.0,0.0,0.0,False,False,False,False,0,improved,unchanged_or_undefined,0.0,255.0,-253.3333282470703,253.3333282470703,1634048,1634048,1.558349609375,2383,2335,RGBA,PNG,d43bae0b58d217a78e6549731f96506831c28eed859caa29783e3c7f78a57e7e,5.686001699999906,2.0.0,restoration_eval.error_maps,ok,,145.97769165039062,23.948898315429688,122.02877807617188,587,14938,6,3.7795376987959566,96.18182988860988
opencv_telea__damage_size__damage_size__p018__loss_large__size_06pct,opencv_telea__damage_size__damage_size__p018__loss_large__size_06pct,damage_size__p018__loss_large__size_06pct,damage_size__p018__loss_large__size_06pct,damage_size,p018,landscape_natural,Classical Landscape with Figures,Henri Mauperché,,,opencv_telea,False,data/processed/clean/p018_clean.png,data/processed/damaged/damage_size_sensitivity/p018__loss_large__size_06pct_damaged.png,data/processed/masks/damage_size_sensitivity/p018__loss_large__size_06pct_mask.png,data/processed/restored/opencv_telea/damage_size/damage_size__p018__loss_large__size_06pct_restored_opencv_telea.png,opencv_telea_damage_size_damage_size_p018_loss_large_size_06pct_difference_maps.png,outputs/figures/opencv_difference_maps/all_cases/damage_size/opencv_telea_damage_size_damage_size_p018_loss_large_size_06pct_difference_maps.png,768,768,589824,389376,23407,566417,7786,23407,0.03968471950954861,3.968471950954861,0,130,768,637,95.0,301.0,311.0,522.0,5,both,127,44.095569701371375,-33.26718503011918,2.1731890868469605,,5.863271713256836,30.237621307373047,219.3333282470703,0.812451958656311,6.678415775299072,113.33333587646484,5.0508198738098145,27.29486083984375,-31.0,213.3333282470703,23407,127.273681640625,56.72254180908203,-31.0,213.3333282470703,22651,743,13,96.77019694963045,3.174264109027214,0.055538941342333496,566417,0.0,0.0,0.0,0.0,0,0,566417,0.0,0.0,100.0,7786,70.37400817871094,80.28075408935547,0.0,213.3333282470703,3790,0,3996,48.67711276650398,0.0,51.32288723349602,389376,7.650946617126465,33.296260833740234,-31.0,213.3333282470703,22651,743,365982,5.817256328073635,0.19081812952005262,93.9919255424063,147.746337890625,45.571250915527344,20.47266387939453,26.858741760253906,73.4630126953125,83.22577667236328,3.089005947113037,7.347653865814209,0.0,0.0,0.0,0.0,False,False,False,False,0,improved,unchanged_or_undefined,0.0,255.0,-253.3333282470703,253.3333282470703,1660023,1660023,1.5831212997436523,2383,2335,RGBA,PNG,d0b0e8ce4790a1706ef692f50ae3a9b841a964ff6051247a2461f0d7ba1400e4,5.775002799986396,2.0.0,restoration_eval.error_maps,ok,,147.746337890625,20.47266387939453,127.273681640625,743,22651,13,3.174264109027214,96.77019694963045
opencv_telea__damage_size__damage_size__p018__loss_large__size_08pct,opencv_telea__damage_size__damage_size__p018__loss_large__size_08pct,damage_size__p018__loss_large__size_08pct,damage_size__p018__loss_large__size_08pct,damage_size,p018,landscape_natural,Classical Landscape with Figures,Henri Mauperché,,,opencv_telea,False,data/processed/clean/p018_clean.png,data/processed/damaged/damage_size_sensitivity/p018__loss_large__size_08pct_damaged.png,data/processed/masks/damage_size_sensitivity/p018__loss_large__size_08pct_mask.png,data/processed/restored/opencv_telea/damage_size/damage_size__p018__loss_large__size_08pct_restored_opencv_telea.png,opencv_telea_damage_size_damage_size_p018_loss_large_size_08pct_difference_maps.png,outputs/figures/opencv_difference_maps/all_cases/damage_size/opencv_telea_damage_size_damage_size_p018_loss_large_size_08pct_difference_maps.png,768,768,589824,389376,31189,558635,9038,31189,0.052878485785590276,5.287848578559028,0,130,768,637,80.0,285.0,327.0,538.0,5,both,127,43.71093441063623,-37.97412549296227,2.145759920275978,,7.851469993591309,34.965171813964844,221.6666717529297,0.9533967971801758,6.505851745605469,107.66666412353516,6.898072719573975,31.727798461914062,-9.666664123535156,219.3333282470703,31189,130.451416015625,54.03130340576172,-9.666664123535156,219.3333282470703,31067,109,13,99.60883644874795,0.3494821892333836,0.04168136201866043,558635,0.0,0.0,0.0,0.0,0,0,558635,0.0,0.0,100.0,9038,70.62953186035156,80.79988861083984,0.0,219.3333282470703,4425,0,4613,48.959946890905066,0.0,51.04005310909493,389376,10.449152946472168,38.57155227661133,-9.666664123535156,219.3333282470703,31067,109,358200,7.978663297172912,0.027993507560815253,91.99334319526628,148.48135375976562,47.32127380371094,18.029958724975586,22.19350242614746,73.82425689697266,83.75853729248047,3.194733142852783,7.210836410522461,0.0,0.0,0.0,0.0,False,False,False,False,0,improved,unchanged_or_undefined,0.0,255.0,-253.3333282470703,253.3333282470703,1682613,1682613,1.6046648025512695,2383,2335,RGBA,PNG,a1351688a1de7d4dac6ff65566a975c27c97bf158eb91bf417cfa810b084d966,5.701865400013048,2.0.0,restoration_eval.error_maps,ok,,148.48135375976562,18.029958724975586,130.451416015625,109,31067,13,0.3494821892333836,99.60883644874795
opencv_telea__damage_size__damage_size__p018__loss_large__size_10pct,opencv_telea__damage_size__damage_size__p018__loss_large__size_10pct,damage_size__p018__loss_large__size_10pct,damage_size__p018__loss_large__size_10pct,damage_size,p018,landscape_natural,Classical Landscape with Figures,Henri Mauperché,,,opencv_telea,False,data/processed/clean/p018_clean.png,data/processed/damaged/damage_size_sensitivity/p018__loss_large__size_10pct_damaged.png,data/processed/masks/damage_size_sensitivity/p018__loss_large__size_10pct_mask.png,data/processed/restored/opencv_telea/damage_size/damage_size__p018__loss_large__size_10pct_restored_opencv_telea.png,opencv_telea_damage_size_damage_size_p018_loss_large_size_10pct_difference_maps.png,outputs/figures/opencv_difference_maps/all_cases/damage_size/opencv_telea_damage_size_damage_size_p018_loss_large_size_10pct_difference_maps.png,768,768,589824,389376,38979,550845,10068,38979,0.0660858154296875,6.60858154296875,0,130,768,637,66.0,271.0,340.0,552.0,5,both,127,40.68722474494814,-26.25801927533629,1.945613160218734,,9.872958183288574,39.13729476928711,222.6666717529297,1.3112934827804565,8.159964561462402,130.0,8.561665534973145,34.88002014160156,-4.666664123535156,219.66665649414062,38979,129.5537567138672,52.29384231567383,-4.666664123535156,219.66665649414062,38975,4,0,99.98973806408578,0.010261935914210216,0.0,550845,0.0,0.0,0.0,0.0,0,0,550845,0.0,0.0,100.0,10068,71.57969665527344,81.57317352294922,0.0,219.66665649414062,4945,0,5123,49.116011124354394,0.0,50.88398887564561,389376,12.969151496887207,42.25823211669922,-4.666664123535156,219.66665649414062,38975,4,350397,10.009605111768574,0.001027284681130835,89.98936760355029,149.39602661132812,48.30795669555664,19.842281341552734,25.295373916625977,74.69123840332031,84.41280364990234,3.111541271209717,7.037370204925537,0.0,0.0,0.0,0.0,False,False,False,False,0,improved,unchanged_or_undefined,0.0,255.0,-253.3333282470703,253.3333282470703,1706779,1706779,1.627711296081543,2383,2335,RGBA,PNG,f763f3bd3254d970c6d4413e294a9d84072a0d2fc976a6c5e3a7e15a8c690265,5.768395900027826,2.0.0,restoration_eval.error_maps,ok,,149.39602661132812,19.842281341552734,129.5537567138672,4,38975,0,0.010261935914210216,99.98973806408578
opencv_telea__damage_size__damage_size__p018__loss_large__size_15pct,opencv_telea__damage_size__damage_size__p018__loss_large__size_15pct,damage_size__p018__loss_large__size_15pct,damage_size__p018__loss_large__size_15pct,damage_size,p018,landscape_natural,Classical Landscape with Figures,Henri Mauperché,,,opencv_telea,False,data/processed/clean/p018_clean.png,data/processed/damaged/damage_size_sensitivity/p018__loss_large__size_15pct_damaged.png,data/processed/masks/damage_size_sensitivity/p018__loss_large__size_15pct_mask.png,data/processed/restored/opencv_telea/damage_size/damage_size__p018__loss_large__size_15pct_restored_opencv_telea.png,opencv_telea_damage_size_damage_size_p018_loss_large_size_15pct_difference_maps.png,outputs/figures/opencv_difference_maps/all_cases/damage_size/opencv_telea_damage_size_damage_size_p018_loss_large_size_15pct_difference_maps.png,768,768,589824,389376,58322,531502,12502,58322,0.0988803439670139,9.88803439670139,0,130,768,637,37.0,242.0,369.0,582.0,5,both,127,39.81100328063738,-39.90983391058833,1.86822209467158,,15.01724910736084,48.01599884033203,234.6666717529297,2.0378243923187256,9.828263282775879,126.66666412353516,12.979425430297852,43.33758544921875,-26.666664123535156,217.33334350585938,58322,131.2639617919922,58.88656997680664,-26.666664123535156,217.33334350585938,56653,1596,73,97.1383011556531,2.7365316690099792,0.1251671753369226,531502,0.0,0.0,0.0,0.0,0,0,531502,0.0,0.0,100.0,12502,73.86985778808594,84.06951141357422,0.0,217.33334350585938,6166,0,6336,49.32010878259479,0.0,50.67989121740521,389376,19.66114044189453,52.092529296875,-26.666664123535156,217.33334350585938,56653,1596,331127,14.549689760026299,0.4098865877712032,85.0404236522025,151.8729705810547,50.31649398803711,20.608991622924805,24.375232696533203,77.16426086425781,86.86414337158203,3.294405937194824,8.164528846740723,0.0,0.0,0.0,0.0,False,False,False,False,0,improved,unchanged_or_undefined,0.0,255.0,-253.3333282470703,253.3333282470703,1758715,1758715,1.677241325378418,2383,2335,RGBA,PNG,a9de2dc743a8dfcb5d4c81f9022c59fbbf335bc0247646cccd069f82c4f4b79c,5.793666099954862,2.0.0,restoration_eval.error_maps,ok,,151.8729705810547,20.608991622924805,131.2639617919922,1596,56653,73,2.7365316690099792,97.1383011556531
opencv_telea__damage_size__damage_size__p018__loss_large__size_20pct,opencv_telea__damage_size__damage_size__p018__loss_large__size_20pct,damage_size__p018__loss_large__size_20pct,damage_size__p018__loss_large__size_20pct,damage_size,p018,landscape_natural,Classical Landscape with Figures,Henri Mauperché,,,opencv_telea,False,data/processed/clean/p018_clean.png,data/processed/damaged/damage_size_sensitivity/p018__loss_large__size_20pct_damaged.png,data/processed/masks/damage_size_sensitivity/p018__loss_large__size_20pct_mask.png,data/processed/restored/opencv_telea/damage_size/damage_size__p018__loss_large__size_20pct_restored_opencv_telea.png,opencv_telea_damage_size_damage_size_p018_loss_large_size_20pct_difference_maps.png,outputs/figures/opencv_difference_maps/all_cases/damage_size/opencv_telea_damage_size_damage_size_p018_loss_large_size_20pct_difference_maps.png,768,768,589824,389376,77936,511888,14643,77936,0.1321343315972222,13.213433159722221,0,130,768,637,13.0,216.0,394.0,607.0,5,both,127,33.16514832683228,-36.56033583110927,1.492387910664707,,20.34632110595703,55.246849060058594,234.6666717529297,2.9973340034484863,11.855681419372559,134.6666717529297,17.34898567199707,49.660064697265625,-65.33333587646484,224.0,77936,131.29808044433594,60.84776306152344,-65.33333587646484,224.0,74058,3833,45,95.02412235680559,4.918137959351262,0.05773968384315336,511888,0.0,0.0,0.0,0.0,0,0,511888,0.0,0.0,100.0,14643,76.22652435302734,84.5623779296875,-18.0,224.0,7231,4,7408,49.38195724919757,0.027316806665300827,50.59072594413713,389376,26.280120849609375,59.16884994506836,-65.33333587646484,224.0,74058,3833,311485,19.019662228796843,0.9843955456936226,79.99594222550954,153.98208618164062,50.21780014038086,22.683988571166992,24.842947006225586,80.0788803100586,87.83509063720703,3.8523526191711426,8.65119457244873,0.0,0.0,0.0,0.0,False,False,False,False,0,improved,unchanged_or_undefined,0.0,255.0,-253.3333282470703,253.3333282470703,1815609,1815609,1.7314996719360352,2383,2335,RGBA,PNG,d11a05ae708cda17742940620d26eaa52419d57a7e62f5fa9978c85092f24246,5.898941199993715,2.0.0,restoration_eval.error_maps,ok,,153.98208618164062,22.683988571166992,131.29808044433594,3833,74058,45,4.918137959351262,95.02412235680559
opencv_telea__damage_size__damage_size__p026__loss_large__size_02pct,opencv_telea__damage_size__damage_size__p026__loss_large__size_02pct,damage_size__p026__loss_large__size_02pct,damage_size__p026__loss_large__size_02pct,damage_size,p026,architecture_structured,View of a Village along a River,attributed to Jan Brueghel I,,,opencv_telea,False,data/processed/clean/p026_clean.png,data/processed/damaged/damage_size_sensitivity/p026__loss_large__size_02pct_damaged.png,data/processed/masks/damage_size_sensitivity/p026__loss_large__size_02pct_mask.png,data/processed/restored/opencv_telea/damage_size/damage_size__p026__loss_large__size_02pct_restored_opencv_telea.png,opencv_telea_damage_size_damage_size_p026_loss_large_size_02pct_difference_maps.png,outputs/figures/opencv_difference_maps/all_cases/damage_size/opencv_telea_damage_size_damage_size_p026_loss_large_size_02pct_difference_maps.png,768,768,589824,406272,8147,581677,4274,8147,0.013812594943576388,1.3812594943576388,0,119,768,648,479.0,263.0,607.0,390.0,5,both,127,82.45701894357842,11.81334642608732,5.996417647525103,,1.626564383506775,13.79869556427002,161.0,0.05888988450169563,0.6003536581993103,35.33333206176758,1.5676743984222412,13.30837345123291,0.0,142.33334350585938,8147,113.49600982666016,10.914365768432617,78.33333587646484,142.33334350585938,8147,0,0,100.0,0.0,0.0,581677,0.0,0.0,0.0,0.0,0,0,581677,0.0,0.0,100.0,4274,55.93339157104492,58.18299865722656,0.0,142.33334350585938,2073,0,2201,48.50257370145063,0.0,51.497426298549364,406272,2.2759432792663574,15.984970092773438,0.0,142.33334350585938,8147,0,398125,2.0053067895400125,0.0,97.99469321045999,117.7594985961914,10.443208694458008,4.263491153717041,2.8579070568084717,57.586021423339844,59.83942413330078,1.6526283025741577,2.4569311141967773,0.0,0.0,0.0,0.0,False,False,False,False,0,improved,unchanged_or_undefined,0.0,255.0,-253.3333282470703,253.3333282470703,2177149,2177149,2.076291084289551,2383,2335,RGBA,PNG,a0ed16b9c5753178c1bd081fa36089923c1032545c92fc169c61c0d8c7513561,5.726774199982174,2.0.0,restoration_eval.error_maps,ok,,117.7594985961914,4.263491153717041,113.49600982666016,0,8147,0,0.0,100.0
opencv_telea__damage_size__damage_size__p026__loss_large__size_04pct,opencv_telea__damage_size__damage_size__p026__loss_large__size_04pct,damage_size__p026__loss_large__size_04pct,damage_size__p026__loss_large__size_04pct,damage_size,p026,architecture_structured,View of a Village along a River,attributed to Jan Brueghel I,,,opencv_telea,False,data/processed/clean/p026_clean.png,data/processed/damaged/damage_size_sensitivity/p026__loss_large__size_04pct_damaged.png,data/processed/masks/damage_size_sensitivity/p026__loss_large__size_04pct_mask.png,data/processed/restored/opencv_telea/damage_size/damage_size__p026__loss_large__size_04pct_restored_opencv_telea.png,opencv_telea_damage_size_damage_size_p026_loss_large_size_04pct_difference_maps.png,outputs/figures/opencv_difference_maps/all_cases/damage_size/opencv_telea_damage_size_damage_size_p026_loss_large_size_04pct_difference_maps.png,768,768,589824,406272,16243,573581,6135,16243,0.027538723415798612,2.753872341579861,0,119,768,648,456.0,241.0,631.0,413.0,5,both,127,68.03145970571939,-7.338853660038154,4.275250676425749,,3.2995686531066895,19.711162567138672,193.6666717529297,0.17710083723068237,1.4986681938171387,61.0,3.1224677562713623,18.68785858154297,0.0,157.0,16243,113.3846206665039,13.401433944702148,61.666664123535156,157.0,16243,0,0,100.0,0.0,0.0,573581,0.0,0.0,0.0,0.0,0,0,573581,0.0,0.0,100.0,6135,56.97163772583008,58.87245559692383,0.0,157.0,3015,0,3120,49.1442542787286,0.0,50.8557457212714,406272,4.5331854820251465,22.374622344970703,0.0,157.0,16243,0,390029,3.9980604127284187,0.0,96.00193958727158,119.81559753417969,12.16820240020752,6.430975437164307,6.429577350616455,59.56418991088867,61.396148681640625,2.5925562381744385,5.719151496887207,0.0,0.0,0.0,0.0,False,False,False,False,0,improved,unchanged_or_undefined,0.0,255.0,-253.3333282470703,253.3333282470703,2201793,2201793,2.0997934341430664,2383,2335,RGBA,PNG,212d3d394fab585d1187ccb5916d8efa28587a5acc0ee3eeb630ff0661228949,5.9386930000036955,2.0.0,restoration_eval.error_maps,ok,,119.81559753417969,6.430975437164307,113.3846206665039,0,16243,0,0.0,100.0
opencv_telea__damage_size__damage_size__p026__loss_large__size_06pct,opencv_telea__damage_size__damage_size__p026__loss_large__size_06pct,damage_size__p026__loss_large__size_06pct,damage_size__p026__loss_large__size_06pct,damage_size,p026,architecture_structured,View of a Village along a River,attributed to Jan Brueghel I,,,opencv_telea,False,data/processed/clean/p026_clean.png,data/processed/damaged/damage_size_sensitivity/p026__loss_large__size_06pct_damaged.png,data/processed/masks/damage_size_sensitivity/p026__loss_large__size_06pct_mask.png,data/processed/restored/opencv_telea/damage_size/damage_size__p026__loss_large__size_06pct_restored_opencv_telea.png,opencv_telea_damage_size_damage_size_p026_loss_large_size_06pct_difference_maps.png,outputs/figures/opencv_difference_maps/all_cases/damage_size/opencv_telea_damage_size_damage_size_p026_loss_large_size_06pct_difference_maps.png,768,768,589824,406272,24409,565415,7619,24409,0.04138353135850695,4.138353135850695,0,119,768,648,438.0,223.0,649.0,430.0,5,both,127,64.14778701844949,-11.736845698990834,3.888640208663873,,5.004425048828125,24.296445846557617,198.6666717529297,0.2850680947303772,1.869215726852417,70.33333587646484,4.719356536865234,22.936798095703125,0.0,189.33334350585938,24409,114.03949737548828,15.68062973022461,26.666667938232422,189.33334350585938,24409,0,0,100.0,0.0,0.0,565415,0.0,0.0,0.0,0.0,0,0,565415,0.0,0.0,100.0,7619,57.44384765625,59.9503173828125,0.0,189.33334350585938,3765,0,3854,49.41593384958656,0.0,50.58406615041344,406272,6.851542949676514,27.371084213256836,0.0,189.33334350585938,24409,0,381863,6.008043872085697,0.0,93.9919561279143,120.92793273925781,15.689775466918945,6.8884429931640625,6.240346431732178,60.3242301940918,62.937522888183594,2.8803865909576416,5.733867645263672,0.0,0.0,0.0,0.0,False,False,False,False,0,improved,unchanged_or_undefined,0.0,255.0,-253.3333282470703,253.3333282470703,2222507,2222507,2.1195478439331055,2383,2335,RGBA,PNG,07995f25c46bcaad84ce1727607bd5f00baee717becc4738bd9a30cc071d0a06,5.72433880000608,2.0.0,restoration_eval.error_maps,ok,,120.92793273925781,6.8884429931640625,114.03949737548828,0,24409,0,0.0,100.0
opencv_telea__damage_size__damage_size__p026__loss_large__size_08pct,opencv_telea__damage_size__damage_size__p026__loss_large__size_08pct,damage_size__p026__loss_large__size_08pct,damage_size__p026__loss_large__size_08pct,damage_size,p026,architecture_structured,View of a Village along a River,attributed to Jan Brueghel I,,,opencv_telea,False,data/processed/clean/p026_clean.png,data/processed/damaged/damage_size_sensitivity/p026__loss_large__size_08pct_damaged.png,data/processed/masks/damage_size_sensitivity/p026__loss_large__size_08pct_mask.png,data/processed/restored/opencv_telea/damage_size/damage_size__p026__loss_large__size_08pct_restored_opencv_telea.png,opencv_telea_damage_size_damage_size_p026_loss_large_size_08pct_difference_maps.png,outputs/figures/opencv_difference_maps/all_cases/damage_size/opencv_telea_damage_size_damage_size_p026_loss_large_size_08pct_difference_maps.png,768,768,589824,406272,32448,557376,8796,32448,0.055013020833333336,5.501302083333334,0,119,768,648,423.0,208.0,663.0,445.0,5,both,127,46.06538666995398,-10.548128287310988,2.419213863575145,,6.729523658752441,28.296964645385742,212.6666717529297,0.6247360706329346,3.5393588542938232,88.0,6.104787826538086,25.901683807373047,0.0,195.3333282470703,32448,110.96986389160156,23.6298828125,23.999996185302734,195.3333282470703,32448,0,0,100.0,0.0,0.0,557376,0.0,0.0,0.0,0.0,0,0,557376,0.0,0.0,100.0,8796,58.938228607177734,63.06000900268555,0.0,195.3333282470703,4362,0,4434,49.59072305593452,0.0,50.40927694406548,406272,8.862906455993652,30.81493377685547,0.0,195.3333282470703,32448,0,373824,7.986767485822306,0.0,92.01323251417769,122.32601165771484,20.362205505371094,11.356149673461914,10.288009643554688,62.04123306274414,66.18415069580078,3.103001356124878,5.7587504386901855,0.0,0.0,0.0,0.0,False,False,False,False,0,improved,unchanged_or_undefined,0.0,255.0,-253.3333282470703,253.3333282470703,2245733,2245733,2.141697883605957,2383,2335,RGBA,PNG,b4f74778f4c5b3fb3b187bc5b1b82b23568f0800ed709d384c12ddb9190b7f30,5.890198100009002,2.0.0,restoration_eval.error_maps,ok,,122.32601165771484,11.356149673461914,110.96986389160156,0,32448,0,0.0,100.0
opencv_telea__damage_size__damage_size__p026__loss_large__size_10pct,opencv_telea__damage_size__damage_size__p026__loss_large__size_10pct,damage_size__p026__loss_large__size_10pct,damage_size__p026__loss_large__size_10pct,damage_size,p026,architecture_structured,View of a Village along a River,attributed to Jan Brueghel I,,,opencv_telea,False,data/processed/clean/p026_clean.png,data/processed/damaged/damage_size_sensitivity/p026__loss_large__size_10pct_damaged.png,data/processed/masks/damage_size_sensitivity/p026__loss_large__size_10pct_mask.png,data/processed/restored/opencv_telea/damage_size/damage_size__p026__loss_large__size_10pct_restored_opencv_telea.png,opencv_telea_damage_size_damage_size_p026_loss_large_size_10pct_difference_maps.png,outputs/figures/opencv_difference_maps/all_cases/damage_size/opencv_telea_damage_size_damage_size_p026_loss_large_size_10pct_difference_maps.png,768,768,589824,406272,40622,549202,9872,40622,0.06887139214409722,6.887139214409722,0,119,768,648,410.0,195.0,677.0,458.0,5,both,127,39.445079021220025,0.2118064103195251,1.981372100093207,,8.513318061828613,31.909090042114258,212.6666717529297,1.0429867506027222,5.455816745758057,108.0,7.470332622528076,28.537363052368164,0.0,195.6666717529297,40622,108.46786499023438,29.490468978881836,14.999996185302734,195.6666717529297,40622,0,0,100.0,0.0,0.0,549202,0.0,0.0,0.0,0.0,0,0,549202,0.0,0.0,100.0,9872,60.01665115356445,64.84395599365234,0.0,195.6666717529297,4909,0,4963,49.726499189627226,0.0,50.273500810372774,406272,10.8453950881958,33.84836196899414,0.0,195.6666717529297,40622,0,365650,9.998720069313169,0.0,90.00127993068683,123.6118392944336,23.58796501159668,15.143977165222168,14.786831855773926,63.40873718261719,68.34381866455078,3.392085075378418,6.136977672576904,0.0,0.0,0.0,0.0,False,False,False,False,0,improved,unchanged_or_undefined,0.0,255.0,-253.3333282470703,253.3333282470703,2271725,2271725,2.1664857864379883,2383,2335,RGBA,PNG,dfda1be1a153f13e0e4fa115493b71bfd755f16674e93d1954d21222510a930a,5.813005800009705,2.0.0,restoration_eval.error_maps,ok,,123.6118392944336,15.143977165222168,108.46786499023438,0,40622,0,0.0,100.0
opencv_telea__damage_size__damage_size__p026__loss_large__size_15pct,opencv_telea__damage_size__damage_size__p026__loss_large__size_15pct,damage_size__p026__loss_large__size_15pct,damage_size__p026__loss_large__size_15pct,damage_size,p026,architecture_structured,View of a Village along a River,attributed to Jan Brueghel I,,,opencv_telea,False,data/processed/clean/p026_clean.png,data/processed/damaged/damage_size_sensitivity/p026__loss_large__size_15pct_damaged.png,data/processed/masks/damage_size_sensitivity/p026__loss_large__size_15pct_mask.png,data/processed/restored/opencv_telea/damage_size/damage_size__p026__loss_large__size_15pct_restored_opencv_telea.png,opencv_telea_damage_size_damage_size_p026_loss_large_size_15pct_difference_maps.png,outputs/figures/opencv_difference_maps/all_cases/damage_size/opencv_telea_damage_size_damage_size_p026_loss_large_size_15pct_difference_maps.png,768,768,589824,406272,60957,528867,12169,60957,0.1033477783203125,10.33477783203125,0,119,768,648,381.0,168.0,705.0,486.0,5,both,127,32.663117716860526,-19.49065188028717,1.5829761534773468,,13.072117805480957,39.5528678894043,216.6666717529297,1.9872690439224243,8.432782173156738,101.0,11.08484935760498,34.67367172241211,-6.666664123535156,195.33334350585938,60957,107.25773620605469,36.30278015136719,-6.666664123535156,195.33334350585938,60953,4,0,99.99343799727677,0.00656200272323113,0.0,528867,0.0,0.0,0.0,0.0,0,0,528867,0.0,0.0,100.0,12169,61.44698715209961,66.52930450439453,0.0,195.33334350585938,6068,0,6101,49.864409565288845,0.0,50.135590434711155,406272,16.092939376831055,40.802528381347656,-6.666664123535156,195.33334350585938,60953,4,345315,15.003002914303718,0.0009845620667926905,84.99601252362949,126.4866943359375,28.143932342529297,19.22894859313965,18.882354736328125,64.74796295166016,70.0536117553711,3.300983428955078,6.491864204406738,0.0,0.0,0.0,0.0,False,False,False,False,0,improved,unchanged_or_undefined,0.0,255.0,-253.3333282470703,253.3333282470703,2326140,2326140,2.2183799743652344,2383,2335,RGBA,PNG,d6a3dc814435602a8378d6ca3564ec253ac1d921ceaba936c43cc6e03c4f9465,5.966774400032591,2.0.0,restoration_eval.error_maps,ok,,126.4866943359375,19.22894859313965,107.25773620605469,4,60953,0,0.00656200272323113,99.99343799727677
opencv_telea__damage_size__damage_size__p026__loss_large__size_20pct,opencv_telea__damage_size__damage_size__p026__loss_large__size_20pct,damage_size__p026__loss_large__size_20pct,damage_size__p026__loss_large__size_20pct,damage_size,p026,architecture_structured,View of a Village along a River,attributed to Jan Brueghel I,,,opencv_telea,False,data/processed/clean/p026_clean.png,data/processed/damaged/damage_size_sensitivity/p026__loss_large__size_20pct_damaged.png,data/processed/masks/damage_size_sensitivity/p026__loss_large__size_20pct_mask.png,data/processed/restored/opencv_telea/damage_size/damage_size__p026__loss_large__size_20pct_restored_opencv_telea.png,opencv_telea_damage_size_damage_size_p026_loss_large_size_20pct_difference_maps.png,outputs/figures/opencv_difference_maps/all_cases/damage_size/opencv_telea_damage_size_damage_size_p026_loss_large_size_20pct_difference_maps.png,768,768,589824,406272,81200,508624,14285,81200,0.1376681857638889,13.76681857638889,0,119,768,648,358.0,144.0,729.0,509.0,5,both,127,32.153128078817744,-23.599072249589497,1.5658722657868545,,17.625593185424805,45.48611831665039,216.6666717529297,2.470965623855591,8.740824699401855,104.33333587646484,15.15462875366211,40.13840103149414,-31.333335876464844,203.3333282470703,81200,110.08084106445312,35.3999137878418,-31.333335876464844,203.3333282470703,81199,1,0,99.9987684729064,0.0012315270935960591,0.0,508624,0.0,0.0,0.0,0.0,0,0,508624,0.0,0.0,100.0,14285,62.79078674316406,67.2335433959961,0.0,203.3333282470703,7134,0,7151,49.94049702485125,0.0,50.05950297514876,406272,22.001426696777344,46.7796516418457,-31.333335876464844,203.3333282470703,81199,1,325072,19.986363815374922,0.00024614051669817264,80.01339004410838,128.029541015625,29.897199630737305,17.948707580566406,16.648345947265625,65.7462387084961,70.36721801757812,2.9554545879364014,5.298123359680176,0.0,0.0,0.0,0.0,False,False,False,False,0,improved,unchanged_or_undefined,0.0,255.0,-253.3333282470703,253.3333282470703,2369631,2369631,2.2598562240600586,2383,2335,RGBA,PNG,40782d92cec15d4e11cb4a0552b4c9986e30ba1d84b71b37a3db1aebbba3088f,5.760004100040533,2.0.0,restoration_eval.error_maps,ok,,128.029541015625,17.948707580566406,110.08084106445312,1,81199,0,0.0012315270935960591,99.9987684729064
opencv_telea__damage_size__damage_size__p039__loss_large__size_02pct,opencv_telea__damage_size__damage_size__p039__loss_large__size_02pct,damage_size__p039__loss_large__size_02pct,damage_size__p039__loss_large__size_02pct,damage_size,p039,abstraction_surrealism,Painting with Troika,Wassily Kandinsky,,,opencv_telea,False,data/processed/clean/p039_clean.png,data/processed/damaged/damage_size_sensitivity/p039__loss_large__size_02pct_damaged.png,data/processed/masks/damage_size_sensitivity/p039__loss_large__size_02pct_mask.png,data/processed/restored/opencv_telea/damage_size/damage_size__p039__loss_large__size_02pct_restored_opencv_telea.png,opencv_telea_damage_size_damage_size_p039_loss_large_size_02pct_difference_maps.png,outputs/figures/opencv_difference_maps/all_cases/damage_size/opencv_telea_damage_size_damage_size_p039_loss_large_size_02pct_difference_maps.png,768,768,589824,433152,8683,581141,4526,8683,0.014721340603298612,1.4721340603298612,0,102,768,666,302.0,204.0,435.0,350.0,5,both,127,79.39510153940651,9.869208031018474,5.009655482797683,,1.4811244010925293,12.165241241455078,129.3333282470703,0.09006359428167343,1.0055214166641235,34.0,1.391060709953308,11.456957817077637,0.0,123.33333587646484,8683,94.49280548095703,10.909144401550293,49.666664123535156,123.33333587646484,8683,0,0,100.0,0.0,0.0,581141,0.0,0.0,0.0,0.0,0,0,581141,0.0,0.0,100.0,4526,47.67992401123047,50.186153411865234,0.0,123.33333587646484,2174,0,2352,48.03358373840035,0.0,51.96641626159965,433152,1.8942102193832397,13.333673477172852,0.0,123.33333587646484,8683,0,424469,2.0046080821513,0.0,97.99539191784869,100.61070251464844,8.915165901184082,6.117893218994141,5.639435291290283,49.78112030029297,52.27215576171875,2.1011931896209717,3.822197437286377,0.0,0.0,0.0,0.0,False,False,False,False,0,improved,unchanged_or_undefined,0.0,255.0,-253.3333282470703,253.3333282470703,2110608,2110608,2.0128326416015625,2383,2335,RGBA,PNG,6fa64a2a2b82937a964589b185ab1e2e05eb9ca20da028b4b707f20334838fb6,5.96974329999648,2.0.0,restoration_eval.error_maps,ok,,100.61070251464844,6.117893218994141,94.49280548095703,0,8683,0,0.0,100.0
opencv_telea__damage_size__damage_size__p039__loss_large__size_04pct,opencv_telea__damage_size__damage_size__p039__loss_large__size_04pct,damage_size__p039__loss_large__size_04pct,damage_size__p039__loss_large__size_04pct,damage_size,p039,abstraction_surrealism,Painting with Troika,Wassily Kandinsky,,,opencv_telea,False,data/processed/clean/p039_clean.png,data/processed/damaged/damage_size_sensitivity/p039__loss_large__size_04pct_damaged.png,data/processed/masks/damage_size_sensitivity/p039__loss_large__size_04pct_mask.png,data/processed/restored/opencv_telea/damage_size/damage_size__p039__loss_large__size_04pct_restored_opencv_telea.png,opencv_telea_damage_size_damage_size_p039_loss_large_size_04pct_difference_maps.png,outputs/figures/opencv_difference_maps/all_cases/damage_size/opencv_telea_damage_size_damage_size_p039_loss_large_size_04pct_difference_maps.png,768,768,589824,433152,17329,572495,6512,17329,0.029379950629340276,2.9379950629340277,0,102,768,666,279.0,177.0,459.0,377.0,5,both,127,59.27137553619173,2.659145555619688,3.2793246524052435,,3.0419371128082275,17.63117790222168,208.0,0.29994821548461914,2.4364218711853027,94.0,2.7419896125793457,15.969871520996094,0.0,177.0,17329,93.32857513427734,15.044563293457031,7.3333282470703125,177.0,17329,0,0,100.0,0.0,0.0,572495,0.0,0.0,0.0,0.0,0,0,572495,0.0,0.0,100.0,6512,47.95720291137695,51.1294059753418,0.0,177.0,3169,0,3343,48.66400491400491,0.0,51.33599508599509,433152,3.7337727546691895,18.53596305847168,0.0,177.0,17329,0,415823,4.0006741282505915,0.0,95.9993258717494,103.5378646850586,13.247238159179688,10.209283828735352,10.043930053710938,51.50552749633789,54.34855270385742,3.54832124710083,8.368693351745605,0.0,0.0,0.0,0.0,False,False,False,False,0,improved,unchanged_or_undefined,0.0,255.0,-253.3333282470703,253.3333282470703,2134495,2134495,2.0356130599975586,2383,2335,RGBA,PNG,42cf0115e95f2536c0384a520779078d0450a0e04824a66e764f9ffa607cfde1,5.876092899998184,2.0.0,restoration_eval.error_maps,ok,,103.5378646850586,10.209283828735352,93.32857513427734,0,17329,0,0.0,100.0
opencv_telea__damage_size__damage_size__p039__loss_large__size_06pct,opencv_telea__damage_size__damage_size__p039__loss_large__size_06pct,damage_size__p039__loss_large__size_06pct,damage_size__p039__loss_large__size_06pct,damage_size,p039,abstraction_surrealism,Painting with Troika,Wassily Kandinsky,,,opencv_telea,False,data/processed/clean/p039_clean.png,data/processed/damaged/damage_size_sensitivity/p039__loss_large__size_06pct_damaged.png,data/processed/masks/damage_size_sensitivity/p039__loss_large__size_06pct_mask.png,data/processed/restored/opencv_telea/damage_size/damage_size__p039__loss_large__size_06pct_restored_opencv_telea.png,opencv_telea_damage_size_damage_size_p039_loss_large_size_06pct_difference_maps.png,outputs/figures/opencv_difference_maps/all_cases/damage_size/opencv_telea_damage_size_damage_size_p039_loss_large_size_06pct_difference_maps.png,768,768,589824,433152,25949,563875,8083,25949,0.04399447970920139,4.399447970920138,0,102,768,666,260.0,156.0,478.0,397.0,5,both,127,41.57586034143897,-12.946985754107402,2.036961175931424,,4.61915397644043,21.87416648864746,211.0,0.6313121318817139,4.017899036407471,123.66666412353516,3.9878416061401367,18.97370147705078,-79.33332824707031,197.3333282470703,25949,90.64412689208984,18.110612869262695,-79.33332824707031,197.3333282470703,25878,71,0,99.72638637327064,0.27361362672935374,0.0,563875,0.0,0.0,0.0,0.0,0,0,563875,0.0,0.0,100.0,8083,47.395729064941406,51.32054901123047,-79.33332824707031,197.3333282470703,3945,14,4124,48.80613633551899,0.17320301868118274,51.02066064579983,433152,5.430252552032471,21.963207244873047,-79.33332824707031,197.3333282470703,25878,71,407203,5.974346187943262,0.016391474586288417,94.00926233747045,104.99394226074219,18.36174201965332,14.349800109863281,13.041715621948242,51.51317596435547,55.331607818603516,4.117448329925537,8.929393768310547,0.0,0.0,0.0,0.0,False,False,False,False,0,improved,unchanged_or_undefined,0.0,255.0,-253.3333282470703,253.3333282470703,2162160,2162160,2.0619964599609375,2383,2335,RGBA,PNG,8d15c022c5baf0879bfafb33fc7c92c324e1acc1db2f7943865350500517ca7e,5.943344000028446,2.0.0,restoration_eval.error_maps,ok,,104.99394226074219,14.349800109863281,90.64412689208984,71,25878,0,0.27361362672935374,99.72638637327064
opencv_telea__damage_size__damage_size__p039__loss_large__size_08pct,opencv_telea__damage_size__damage_size__p039__loss_large__size_08pct,damage_size__p039__loss_large__size_08pct,damage_size__p039__loss_large__size_08pct,damage_size,p039,abstraction_surrealism,Painting with Troika,Wassily Kandinsky,,,opencv_telea,False,data/processed/clean/p039_clean.png,data/processed/damaged/damage_size_sensitivity/p039__loss_large__size_08pct_damaged.png,data/processed/masks/damage_size_sensitivity/p039__loss_large__size_08pct_mask.png,data/processed/restored/opencv_telea/damage_size/damage_size__p039__loss_large__size_08pct_restored_opencv_telea.png,opencv_telea_damage_size_damage_size_p039_loss_large_size_08pct_difference_maps.png,outputs/figures/opencv_difference_maps/all_cases/damage_size/opencv_telea_damage_size_damage_size_p039_loss_large_size_08pct_difference_maps.png,768,768,589824,433152,34593,555231,9340,34593,0.058649698893229164,5.864969889322916,0,102,768,666,244.0,139.0,493.0,415.0,5,both,127,40.08019926960175,1.222472754603558,1.935747523376044,,6.17112922668457,25.21915626525879,211.0,1.011074423789978,5.609061241149902,130.0,5.160054683685303,21.097885131835938,-25.333332061767578,200.6666717529297,34593,87.98091125488281,17.401752471923828,-25.333332061767578,200.6666717529297,34577,15,1,99.95374786806579,0.043361373688318446,0.002890758245887896,555231,0.0,0.0,0.0,0.0,0,0,555231,0.0,0.0,100.0,9340,46.087188720703125,49.81142044067383,-25.333332061767578,200.6666717529297,4585,7,4748,49.08993576017131,0.07494646680942184,50.83511777301927,433152,7.026455879211426,24.35173797607422,-25.333332061767578,200.6666717529297,34577,15,398560,7.982648123522458,0.0034629875886524825,92.01388888888889,105.2201156616211,20.54755210876465,17.23921012878418,16.02098846435547,50.57744598388672,54.094520568847656,4.4902567863464355,9.272603034973145,0.0,0.0,0.0,0.0,False,False,False,False,0,improved,unchanged_or_undefined,0.0,255.0,-253.3333282470703,253.3333282470703,2184568,2184568,2.0833663940429688,2383,2335,RGBA,PNG,82c2956ffa30d8dddb8db5a1e946904c56ee09932126ee904e9898229b51ab49,5.952720300003421,2.0.0,restoration_eval.error_maps,ok,,105.2201156616211,17.23921012878418,87.98091125488281,15,34577,1,0.043361373688318446,99.95374786806579
opencv_telea__damage_size__damage_size__p039__loss_large__size_10pct,opencv_telea__damage_size__damage_size__p039__loss_large__size_10pct,damage_size__p039__loss_large__size_10pct,damage_size__p039__loss_large__size_10pct,damage_size,p039,abstraction_surrealism,Painting with Troika,Wassily Kandinsky,,,opencv_telea,False,data/processed/clean/p039_clean.png,data/processed/damaged/damage_size_sensitivity/p039__loss_large__size_10pct_damaged.png,data/processed/masks/damage_size_sensitivity/p039__loss_large__size_10pct_mask.png,data/processed/restored/opencv_telea/damage_size/damage_size__p039__loss_large__size_10pct_restored_opencv_telea.png,opencv_telea_damage_size_damage_size_p039_loss_large_size_10pct_difference_maps.png,outputs/figures/opencv_difference_maps/all_cases/damage_size/opencv_telea_damage_size_damage_size_p039_loss_large_size_10pct_difference_maps.png,768,768,589824,433152,43405,546419,10466,43405,0.0735897488064236,7.358974880642361,0,102,768,666,230.0,123.0,507.0,430.0,5,both,127,36.6276926621357,8.014568214107442,1.733095438812196,,7.7450408935546875,28.143327713012695,211.3333282470703,1.333472728729248,6.438780784606934,133.0,6.411569118499756,23.26888084411621,-38.33333206176758,199.3333282470703,43405,87.12583923339844,18.03473663330078,-38.33333206176758,199.3333282470703,43316,87,2,99.79495449832969,0.20043773758783548,0.004607764082478977,546419,0.0,0.0,0.0,0.0,0,0,546419,0.0,0.0,100.0,10466,45.8799934387207,49.66874313354492,-33.33333206176758,199.3333282470703,5126,31,5309,48.97764188801835,0.2961972100133767,50.72616090196828,433152,8.730647087097168,26.7774658203125,-38.33333206176758,199.3333282470703,43316,87,389749,10.000184692671395,0.020085328014184396,89.97972997931441,105.24620056152344,22.391693115234375,18.120363235473633,16.099105834960938,50.04926681518555,53.55169677734375,4.169278144836426,9.161236763000488,0.0,0.0,0.0,0.0,False,False,False,False,0,improved,unchanged_or_undefined,0.0,255.0,-253.3333282470703,253.3333282470703,2206203,2206203,2.103999137878418,2383,2335,RGBA,PNG,b1109345f49fadba13ca7eb1a8aeeb85947fe2a896a26599b2b0c19c52b96721,5.94125889998395,2.0.0,restoration_eval.error_maps,ok,,105.24620056152344,18.120363235473633,87.12583923339844,87,43316,2,0.20043773758783548,99.79495449832969
opencv_telea__damage_size__damage_size__p039__loss_large__size_15pct,opencv_telea__damage_size__damage_size__p039__loss_large__size_15pct,damage_size__p039__loss_large__size_15pct,damage_size__p039__loss_large__size_15pct,damage_size,p039,abstraction_surrealism,Painting with Troika,Wassily Kandinsky,,,opencv_telea,False,data/processed/clean/p039_clean.png,data/processed/damaged/damage_size_sensitivity/p039__loss_large__size_15pct_damaged.png,data/processed/masks/damage_size_sensitivity/p039__loss_large__size_15pct_mask.png,data/processed/restored/opencv_telea/damage_size/damage_size__p039__loss_large__size_15pct_restored_opencv_telea.png,opencv_telea_damage_size_damage_size_p039_loss_large_size_15pct_difference_maps.png,outputs/figures/opencv_difference_maps/all_cases/damage_size/opencv_telea_damage_size_damage_size_p039_loss_large_size_15pct_difference_maps.png,768,768,589824,433152,64917,524907,12985,64917,0.1100616455078125,11.00616455078125,0,102,768,666,201.0,94.0,536.0,466.0,5,both,127,26.720473835821124,-1.702466226104093,1.2021237219742922,,11.728099822998047,34.56928253173828,222.6666717529297,2.3393869400024414,8.852612495422363,140.0,9.388710975646973,27.879352569580078,-25.0,215.6666717529297,64917,85.30410766601562,24.210067749023438,-25.0,215.6666717529297,64861,56,0,99.91373600135557,0.08626399864442288,0.0,524907,0.0,0.0,0.0,0.0,0,0,524907,0.0,0.0,100.0,12985,49.198177337646484,54.72642135620117,0.0,215.6666717529297,6420,0,6565,49.441663457835965,0.0,50.55833654216404,433152,12.78463077545166,31.85871696472168,-25.0,215.6666717529297,64861,56,368235,14.974189199172578,0.012928486997635933,85.01288231382979,106.55936431884766,27.435714721679688,21.255245208740234,17.606342315673828,54.82987976074219,60.819984436035156,5.631703853607178,11.887022972106934,0.0,0.0,0.0,0.0,False,False,False,False,0,improved,unchanged_or_undefined,0.0,255.0,-253.3333282470703,253.3333282470703,2266389,2266389,2.1613969802856445,2383,2335,RGBA,PNG,9858bdd9f1ec39696caeb7648091d9ed0d536808974a5e736b177bc2597675fe,6.1013493000064045,2.0.0,restoration_eval.error_maps,ok,,106.55936431884766,21.255245208740234,85.30410766601562,56,64861,0,0.08626399864442288,99.91373600135557
opencv_telea__damage_size__damage_size__p039__loss_large__size_20pct,opencv_telea__damage_size__damage_size__p039__loss_large__size_20pct,damage_size__p039__loss_large__size_20pct,damage_size__p039__loss_large__size_20pct,damage_size,p039,abstraction_surrealism,Painting with Troika,Wassily Kandinsky,,,opencv_telea,False,data/processed/clean/p039_clean.png,data/processed/damaged/damage_size_sensitivity/p039__loss_large__size_20pct_damaged.png,data/processed/masks/damage_size_sensitivity/p039__loss_large__size_20pct_mask.png,data/processed/restored/opencv_telea/damage_size/damage_size__p039__loss_large__size_20pct_restored_opencv_telea.png,opencv_telea_damage_size_damage_size_p039_loss_large_size_20pct_difference_maps.png,outputs/figures/opencv_difference_maps/all_cases/damage_size/opencv_telea_damage_size_damage_size_p039_loss_large_size_20pct_difference_maps.png,768,768,589824,433152,86644,503180,15193,86644,0.14689805772569445,14.689805772569445,0,102,768,666,177.0,94.0,561.0,522.0,5,both,127,29.11057507348076,15.7435021467153,1.330480256667613,,16.958763122558594,43.4196891784668,228.0,4.413627624511719,15.600257873535156,153.6666717529297,12.545134544372559,36.01478958129883,-110.33334350585938,218.6666717529297,86644,85.40028381347656,51.0670051574707,-110.33334350585938,218.6666717529297,81764,4844,36,94.36775772125017,5.590692950463968,0.041549328285859374,503180,0.0,0.0,0.0,0.0,0,0,503180,0.0,0.0,100.0,15193,62.371360778808594,73.0966796875,-72.66665649414062,218.6666717529297,7499,23,7671,49.35825709208188,0.15138550648324886,50.49035740143487,433152,17.08273696899414,41.09379959106445,-110.33334350585938,218.6666717529297,81764,4844,346544,18.87651447990544,1.1183141252955082,80.00517139479906,115.44580078125,38.26172637939453,30.045507431030273,29.775663375854492,68.98639678955078,78.35171508789062,6.615041732788086,14.681662559509277,0.0,0.0,0.0,0.0,False,False,False,False,0,improved,unchanged_or_undefined,0.0,255.0,-253.3333282470703,253.3333282470703,2344324,2344324,2.2357215881347656,2383,2335,RGBA,PNG,a293ec049c7c0a9cc40ac5f5cb1ae24e353fd51ee84f8fda7a324a1d8c588120,5.981637899996713,2.0.0,restoration_eval.error_maps,ok,,115.44580078125,30.045507431030273,85.40028381347656,4844,81764,36,5.590692950463968,94.36775772125017
opencv_telea__damage_size__damage_size__p043__loss_large__size_02pct,opencv_telea__damage_size__damage_size__p043__loss_large__size_02pct,damage_size__p043__loss_large__size_02pct,damage_size__p043__loss_large__size_02pct,damage_size,p043,high_texture_brushwork,The Card Players,Paul Cézanne,,,opencv_telea,False,data/processed/clean/p043_clean.png,data/processed/damaged/damage_size_sensitivity/p043__loss_large__size_02pct_damaged.png,data/processed/masks/damage_size_sensitivity/p043__loss_large__size_02pct_mask.png,data/processed/restored/opencv_telea/damage_size/damage_size__p043__loss_large__size_02pct_restored_opencv_telea.png,opencv_telea_damage_size_damage_size_p043_loss_large_size_02pct_difference_maps.png,outputs/figures/opencv_difference_maps/all_cases/damage_size/opencv_telea_damage_size_damage_size_p043_loss_large_size_02pct_difference_maps.png,768,768,589824,469248,9418,580406,4225,9418,0.015967475043402776,1.5967475043402777,0,78,768,689,129.0,286.0,260.0,425.0,5,both,127,32.76233453670277,-55.0777589013945,1.5161834763209183,,2.9949707984924316,23.718807220458984,235.3333282470703,0.3242267072200775,3.846151351928711,126.66666412353516,2.6707441806793213,21.457622528076172,-15.0,228.66665649414062,9418,167.2615203857422,36.135345458984375,-15.0,228.66665649414062,9399,18,1,99.79825865364195,0.19112338076024635,0.010617965597791464,580406,0.0,0.0,0.0,0.0,0,0,580406,0.0,0.0,100.0,4225,83.42887878417969,90.21095275878906,0.0,228.66665649414062,2006,0,2219,47.4792899408284,0.0,52.52071005917159,469248,3.3570072650909424,24.009078979492188,-15.0,228.66665649414062,9399,18,459831,2.002992021276596,0.003835924713584288,97.99317205400982,187.5669708251953,24.767112731933594,20.305442810058594,22.819101333618164,87.7550277709961,94.1304702758789,4.326153755187988,8.260513305664062,0.0,0.0,0.0,0.0,False,False,False,False,0,improved,unchanged_or_undefined,0.0,255.0,-253.3333282470703,253.3333282470703,2283328,2283328,2.17755126953125,2383,2335,RGBA,PNG,0bbde788dc868854c3f00ebd0030c0228700d2124a8640ca7e697b3372fd3afc,6.301814100006595,2.0.0,restoration_eval.error_maps,ok,,187.5669708251953,20.305442810058594,167.2615203857422,18,9399,1,0.19112338076024635,99.79825865364195
opencv_telea__damage_size__damage_size__p043__loss_large__size_04pct,opencv_telea__damage_size__damage_size__p043__loss_large__size_04pct,damage_size__p043__loss_large__size_04pct,damage_size__p043__loss_large__size_04pct,damage_size,p043,high_texture_brushwork,The Card Players,Paul Cézanne,,,opencv_telea,False,data/processed/clean/p043_clean.png,data/processed/damaged/damage_size_sensitivity/p043__loss_large__size_04pct_damaged.png,data/processed/masks/damage_size_sensitivity/p043__loss_large__size_04pct_mask.png,data/processed/restored/opencv_telea/damage_size/damage_size__p043__loss_large__size_04pct_restored_opencv_telea.png,opencv_telea_damage_size_damage_size_p043_loss_large_size_04pct_difference_maps.png,outputs/figures/opencv_difference_maps/all_cases/damage_size/opencv_telea_damage_size_damage_size_p043_loss_large_size_04pct_difference_maps.png,768,768,589824,469248,18765,571059,6022,18765,0.0318145751953125,3.18145751953125,0,78,768,689,105.0,261.0,284.0,450.0,5,both,127,28.6826716404654,-55.669402255973,1.2687525377928246,,5.896249771118164,32.89621353149414,240.3333282470703,0.6835926175117493,5.028186798095703,130.0,5.2126569747924805,29.442750930786133,-62.0,232.6666717529297,18765,163.84494018554688,35.449302673339844,-62.0,232.6666717529297,18693,72,0,99.61630695443645,0.38369304556354916,0.0,571059,0.0,0.0,0.0,0.0,0,0,571059,0.0,0.0,100.0,6022,85.41873168945312,91.07893371582031,0.0,232.6666717529297,2907,0,3115,48.27299900365327,0.0,51.72700099634673,469248,6.552080154418945,32.876258850097656,-62.0,232.6666717529297,18693,72,450483,3.983607815057283,0.015343698854337152,96.00104848608838,185.33172607421875,27.55975341796875,21.486774444580078,18.64657974243164,89.76425170898438,94.99142456054688,4.345510959625244,8.614437103271484,0.0,0.0,0.0,0.0,False,False,False,False,0,improved,unchanged_or_undefined,0.0,255.0,-253.3333282470703,253.3333282470703,2315174,2315174,2.2079219818115234,2383,2335,RGBA,PNG,d35c90ad3a64e3602b36e1ca87d9a2c5aa7f506f271f60544b80b3c7f56cabca,6.1091931000119075,2.0.0,restoration_eval.error_maps,ok,,185.33172607421875,21.486774444580078,163.84494018554688,72,18693,0,0.38369304556354916,99.61630695443645
opencv_telea__damage_size__damage_size__p043__loss_large__size_06pct,opencv_telea__damage_size__damage_size__p043__loss_large__size_06pct,damage_size__p043__loss_large__size_06pct,damage_size__p043__loss_large__size_06pct,damage_size,p043,high_texture_brushwork,The Card Players,Paul Cézanne,,,opencv_telea,False,data/processed/clean/p043_clean.png,data/processed/damaged/damage_size_sensitivity/p043__loss_large__size_06pct_damaged.png,data/processed/masks/damage_size_sensitivity/p043__loss_large__size_06pct_mask.png,data/processed/restored/opencv_telea/damage_size/damage_size__p043__loss_large__size_06pct_restored_opencv_telea.png,opencv_telea_damage_size_damage_size_p043_loss_large_size_06pct_difference_maps.png,outputs/figures/opencv_difference_maps/all_cases/damage_size/opencv_telea_damage_size_damage_size_p043_loss_large_size_06pct_difference_maps.png,768,768,589824,469248,28081,561743,7435,28081,0.04760911729600695,4.760911729600695,0,78,768,689,87.0,241.0,302.0,469.0,5,both,127,27.534667568818776,-60.70948328050996,1.197663870971681,,8.867717742919922,40.10893249511719,240.3333282470703,1.0633792877197266,6.49129056930542,140.0,7.8043389320373535,35.85824966430664,-72.66666412353516,235.33334350585938,28081,163.92529296875,37.624027252197266,-72.66666412353516,235.33334350585938,27905,174,2,99.37324169367187,0.6196360528471209,0.007122253481001389,561743,0.0,0.0,0.0,0.0,0,0,561743,0.0,0.0,100.0,7435,87.8627700805664,92.71125030517578,0.0,235.33334350585938,3614,0,3821,48.6079354404842,0.0,51.3920645595158,469248,9.809709548950195,39.95671081542969,-72.66666412353516,235.33334350585938,27905,174,441169,5.946748840698309,0.037080605564648116,94.01617055373704,186.2609100341797,27.366262435913086,22.33562469482422,20.2466983795166,91.42008209228516,96.08914947509766,3.557319164276123,6.694941997528076,0.0,0.0,0.0,0.0,False,False,False,False,0,improved,unchanged_or_undefined,0.0,255.0,-253.3333282470703,253.3333282470703,2346610,2346610,2.2379016876220703,2383,2335,RGBA,PNG,f5e0d9fd027cc10d61505a18094b685d2e57298f22d1e73764dfb1f8190d2529,6.061916199978441,2.0.0,restoration_eval.error_maps,ok,,186.2609100341797,22.33562469482422,163.92529296875,174,27905,2,0.6196360528471209,99.37324169367187
opencv_telea__damage_size__damage_size__p043__loss_large__size_08pct,opencv_telea__damage_size__damage_size__p043__loss_large__size_08pct,damage_size__p043__loss_large__size_08pct,damage_size__p043__loss_large__size_08pct,damage_size,p043,high_texture_brushwork,The Card Players,Paul Cézanne,,,opencv_telea,False,data/processed/clean/p043_clean.png,data/processed/damaged/damage_size_sensitivity/p043__loss_large__size_08pct_damaged.png,data/processed/masks/damage_size_sensitivity/p043__loss_large__size_08pct_mask.png,data/processed/restored/opencv_telea/damage_size/damage_size__p043__loss_large__size_08pct_restored_opencv_telea.png,opencv_telea_damage_size_damage_size_p043_loss_large_size_08pct_difference_maps.png,outputs/figures/opencv_difference_maps/all_cases/damage_size/opencv_telea_damage_size_damage_size_p043_loss_large_size_08pct_difference_maps.png,768,768,589824,469248,37511,552313,8614,37511,0.06359693739149305,6.359693739149305,0,78,768,689,72.0,225.0,318.0,486.0,5,both,127,30.960518247980588,-71.93491686882957,1.3630201357626175,,11.87745189666748,46.09857940673828,240.3333282470703,1.3950337171554565,7.31430721282959,127.33333587646484,10.48241901397705,41.311622619628906,-60.0,230.0,37511,164.8258514404297,37.35798645019531,-60.0,230.0,37405,100,6,99.71741622457412,0.26658846738290104,0.01599530804297406,552313,0.0,0.0,0.0,0.0,0,0,552313,0.0,0.0,100.0,8614,88.08245849609375,92.55361938476562,0.0,230.0,4209,0,4405,48.8623171581147,0.0,51.1376828418853,469248,13.175936698913574,45.9313850402832,-60.0,230.0,37405,100,431743,7.971264661756683,0.021310692853246042,92.00742464539007,186.76138305664062,27.444721221923828,21.935546875,19.764976501464844,91.3794174194336,95.45674896240234,3.2969584465026855,7.044806957244873,0.0,0.0,0.0,0.0,False,False,False,False,0,improved,unchanged_or_undefined,0.0,255.0,-253.3333282470703,253.3333282470703,2376864,2376864,2.266754150390625,2383,2335,RGBA,PNG,672c3d0882bdb15f446730cbc4d9173129deb527b1c4a6f6f0dd8b59bea65726,6.018978699983563,2.0.0,restoration_eval.error_maps,ok,,186.76138305664062,21.935546875,164.8258514404297,100,37405,6,0.26658846738290104,99.71741622457412
opencv_telea__damage_size__damage_size__p043__loss_large__size_10pct,opencv_telea__damage_size__damage_size__p043__loss_large__size_10pct,damage_size__p043__loss_large__size_10pct,damage_size__p043__loss_large__size_10pct,damage_size,p043,high_texture_brushwork,The Card Players,Paul Cézanne,,,opencv_telea,False,data/processed/clean/p043_clean.png,data/processed/damaged/damage_size_sensitivity/p043__loss_large__size_10pct_damaged.png,data/processed/masks/damage_size_sensitivity/p043__loss_large__size_10pct_mask.png,data/processed/restored/opencv_telea/damage_size/damage_size__p043__loss_large__size_10pct_restored_opencv_telea.png,opencv_telea_damage_size_damage_size_p043_loss_large_size_10pct_difference_maps.png,outputs/figures/opencv_difference_maps/all_cases/damage_size/opencv_telea_damage_size_damage_size_p043_loss_large_size_10pct_difference_maps.png,768,768,589824,469248,46880,542944,9639,46880,0.07948133680555555,7.948133680555555,0,78,768,689,58.0,210.0,331.0,500.0,5,both,127,32.169041524459615,-89.56837315130831,1.42086410530165,,14.835250854492188,51.0671501159668,240.3333282470703,1.6898472309112549,7.982305526733398,138.6666717529297,13.145401000976562,45.84149169921875,-71.00000762939453,227.3333282470703,46880,165.38978576660156,35.493614196777344,-71.00000762939453,227.3333282470703,46746,133,1,99.71416382252559,0.2837030716723549,0.0021331058020477816,542944,0.0,0.0,0.0,0.0,0,0,542944,0.0,0.0,100.0,9639,87.03596496582031,90.79096221923828,0.0,227.3333282470703,4720,0,4919,48.96773524224505,0.0,51.03226475775495,469248,16.523189544677734,50.84889602661133,-71.00000762939453,227.3333282470703,46746,133,422369,9.961896481178396,0.02834322149481724,90.00976029732679,186.65072631835938,27.22945785522461,21.26093101501465,19.63577651977539,90.63208770751953,94.37104034423828,3.5961198806762695,8.20019245147705,0.0,0.0,0.0,0.0,False,False,False,False,0,improved,unchanged_or_undefined,0.0,255.0,-253.3333282470703,253.3333282470703,2395962,2395962,2.2849674224853516,2383,2335,RGBA,PNG,2f89052e0e97d424b12ba1b67bc8f64903eec34b76ac563189202b2a3488ba49,6.342530000023544,2.0.0,restoration_eval.error_maps,ok,,186.65072631835938,21.26093101501465,165.38978576660156,133,46746,1,0.2837030716723549,99.71416382252559
opencv_telea__damage_size__damage_size__p043__loss_large__size_15pct,opencv_telea__damage_size__damage_size__p043__loss_large__size_15pct,damage_size__p043__loss_large__size_15pct,damage_size__p043__loss_large__size_15pct,damage_size,p043,high_texture_brushwork,The Card Players,Paul Cézanne,,,opencv_telea,False,data/processed/clean/p043_clean.png,data/processed/damaged/damage_size_sensitivity/p043__loss_large__size_15pct_damaged.png,data/processed/masks/damage_size_sensitivity/p043__loss_large__size_15pct_mask.png,data/processed/restored/opencv_telea/damage_size/damage_size__p043__loss_large__size_15pct_restored_opencv_telea.png,opencv_telea_damage_size_damage_size_p043_loss_large_size_15pct_difference_maps.png,outputs/figures/opencv_difference_maps/all_cases/damage_size/opencv_telea_damage_size_damage_size_p043_loss_large_size_15pct_difference_maps.png,768,768,589824,469248,70314,519510,11801,70314,0.11921183268229167,11.921183268229168,0,78,768,689,29.0,180.0,360.0,531.0,5,both,127,24.674607238008548,-94.46613287064692,1.0688060523197611,,21.75130271911621,60.03962707519531,240.3333282470703,3.4955310821533203,13.430991172790527,147.0,18.255767822265625,51.15776443481445,-13.0,222.6666717529297,70314,153.13723754882812,36.02978515625,-13.0,222.6666717529297,70296,18,0,99.97440054612167,0.025599453878317264,0.0,519510,0.0,0.0,0.0,0.0,0,0,519510,0.0,0.0,100.0,11801,78.2742691040039,83.90605926513672,0.0,222.6666717529297,5807,0,5994,49.20769426319803,0.0,50.79230573680197,469248,22.946697235107422,56.408870697021484,-13.0,222.6666717529297,70296,18,398934,14.98056464811784,0.003835924713584288,85.01559942716858,182.45924377441406,30.258535385131836,29.322010040283203,27.493940353393555,82.06948852539062,87.35403442382812,3.795214891433716,7.260887622833252,0.0,0.0,0.0,0.0,False,False,False,False,0,improved,unchanged_or_undefined,0.0,255.0,-253.3333282470703,253.3333282470703,2450676,2450676,2.337146759033203,2383,2335,RGBA,PNG,6a245bb73fe31234ec21d6c256f73586b5abbbddc2d7b7443108b0b09b49fb4e,6.129680699959863,2.0.0,restoration_eval.error_maps,ok,,182.45924377441406,29.322010040283203,153.13723754882812,18,70296,0,0.025599453878317264,99.97440054612167
opencv_telea__damage_size__damage_size__p043__loss_large__size_20pct,opencv_telea__damage_size__damage_size__p043__loss_large__size_20pct,damage_size__p043__loss_large__size_20pct,damage_size__p043__loss_large__size_20pct,damage_size,p043,high_texture_brushwork,The Card Players,Paul Cézanne,,,opencv_telea,False,data/processed/clean/p043_clean.png,data/processed/damaged/damage_size_sensitivity/p043__loss_large__size_20pct_damaged.png,data/processed/masks/damage_size_sensitivity/p043__loss_large__size_20pct_mask.png,data/processed/restored/opencv_telea/damage_size/damage_size__p043__loss_large__size_20pct_restored_opencv_telea.png,opencv_telea_damage_size_damage_size_p043_loss_large_size_20pct_difference_maps.png,outputs/figures/opencv_difference_maps/all_cases/damage_size/opencv_telea_damage_size_damage_size_p043_loss_large_size_20pct_difference_maps.png,768,768,589824,469248,93869,495955,13880,93869,0.15914747450086805,15.914747450086805,0,78,768,689,5.0,154.0,385.0,557.0,5,both,127,19.937476696246904,-87.94835000550412,0.8589057160548528,,28.418764114379883,66.59671783447266,240.3333282470703,4.652872562408447,14.863019943237305,131.6666717529297,23.765892028808594,56.3966178894043,-25.666671752929688,223.3333282470703,93869,149.33250427246094,35.12738800048828,-25.666671752929688,223.3333282470703,93802,65,2,99.92862393335393,0.069245437790964,0.002130628855106585,495955,0.0,0.0,0.0,0.0,0,0,495955,0.0,0.0,100.0,13880,77.6798095703125,82.51376342773438,0.0,223.3333282470703,6855,0,7025,49.387608069164266,0.0,50.612391930835734,469248,29.8726806640625,61.76910400390625,-25.666671752929688,223.3333282470703,93802,65,375381,19.989856110201856,0.01385195035460993,79.99629193944354,178.56874084472656,32.49490737915039,29.23623275756836,25.871883392333984,81.75071716308594,86.52200317382812,4.070917129516602,7.931751728057861,0.0,0.0,0.0,0.0,False,False,False,False,0,improved,unchanged_or_undefined,0.0,255.0,-253.3333282470703,253.3333282470703,2506630,2506630,2.3905086517333984,2383,2335,RGBA,PNG,30d815fbc509079b754f4331855853ddf1e941bc812fb6beaf7bcabaafbb2195,6.096238300029654,2.0.0,restoration_eval.error_maps,ok,,178.56874084472656,29.23623275756836,149.33250427246094,65,93802,2,0.069245437790964,99.92862393335393
opencv_telea__mask_robustness__mask_robustness__p001__loss_large__variant_01,opencv_telea__mask_robustness__mask_robustness__p001__loss_large__variant_01,mask_robustness__p001__loss_large__variant_01,mask_robustness__p001__loss_large__variant_01,mask_robustness,p001,portrait_figure,Juan de Pareja,Diego Velázquez,,,opencv_telea,False,data/processed/clean/p001_clean.png,data/processed/damaged/mask_robustness/p001__loss_large__variant_01_damaged.png,data/processed/masks/mask_robustness/p001__loss_large__variant_01_mask.png,data/processed/restored/opencv_telea/mask_robustness/mask_robustness__p001__loss_large__variant_01_restored_opencv_telea.png,opencv_telea_mask_robustness_mask_robustness_p001_loss_large_variant_01_difference_maps.png,outputs/figures/opencv_difference_maps/all_cases/mask_robustness/opencv_telea_mask_robustness_mask_robustness_p001_loss_large_variant_01_difference_maps.png,768,768,589824,509184,63739,526085,12767,63739,0.10806443956163195,10.806443956163195,52,0,715,768,212.0,5.0,574.0,334.0,5,both,127,55.15469858851463,-133.1697913888409,2.7430740924072694,,24.114540100097656,69.62100219726562,254.0,1.4436787366867065,6.59678840637207,124.66666412353516,22.670862197875977,65.95618438720703,-37.33332824707031,247.6666717529297,63739,209.7902069091797,31.622360229492188,-37.33332824707031,247.6666717529297,63727,12,0,99.98117322204617,0.018826777953843018,0.0,526085,0.0,0.0,0.0,0.0,0,0,526085,0.0,0.0,100.0,12767,111.78828430175781,113.71033477783203,0.0,247.6666717529297,6302,0,6465,49.36163546643691,0.0,50.6383645335631,509184,26.261268615722656,70.31983947753906,-37.33332824707031,247.6666717529297,63727,12,445445,12.515515020110609,0.0023567119155354452,87.48212826797386,223.1496124267578,20.954618453979492,13.359423637390137,15.604904174804688,113.16709899902344,115.04129028320312,1.3788151741027832,2.524489641189575,0.0,0.0,0.0,0.0,False,False,False,False,0,improved,unchanged_or_undefined,0.0,255.0,-253.3333282470703,253.3333282470703,2219993,2219993,2.11715030670166,2383,2335,RGBA,PNG,90e5d0e379a65d9a0825028e9861958ea195c984477b5e0cd590a62c932e58c5,6.249299500021152,2.0.0,restoration_eval.error_maps,ok,,223.1496124267578,13.359423637390137,209.7902069091797,12,63727,0,0.018826777953843018,99.98117322204617
opencv_telea__mask_robustness__mask_robustness__p001__loss_large__variant_02,opencv_telea__mask_robustness__mask_robustness__p001__loss_large__variant_02,mask_robustness__p001__loss_large__variant_02,mask_robustness__p001__loss_large__variant_02,mask_robustness,p001,portrait_figure,Juan de Pareja,Diego Velázquez,,,opencv_telea,False,data/processed/clean/p001_clean.png,data/processed/damaged/mask_robustness/p001__loss_large__variant_02_damaged.png,data/processed/masks/mask_robustness/p001__loss_large__variant_02_mask.png,data/processed/restored/opencv_telea/mask_robustness/mask_robustness__p001__loss_large__variant_02_restored_opencv_telea.png,opencv_telea_mask_robustness_mask_robustness_p001_loss_large_variant_02_difference_maps.png,outputs/figures/opencv_difference_maps/all_cases/mask_robustness/opencv_telea_mask_robustness_mask_robustness_p001_loss_large_variant_02_difference_maps.png,768,768,589824,509184,63746,526078,18333,63746,0.10807630750868055,10.807630750868055,52,0,715,768,228.0,216.0,517.0,664.0,5,both,127,58.11263451824429,-125.58061682301634,3.006204453450625,,23.597522735595703,68.30435943603516,252.6666717529297,1.2549177408218384,6.285754203796387,124.33333587646484,22.342609405517578,65.01571655273438,-25.0,245.3333282470703,63746,206.72991943359375,31.516429901123047,-25.0,245.3333282470703,63728,18,0,99.97176293414489,0.028237065855112476,0.0,526078,0.0,0.0,0.0,0.0,0,0,526078,0.0,0.0,100.0,18333,104.43326568603516,107.60397338867188,0.0,245.3333282470703,9183,0,9150,50.09000163639339,0.0,49.90999836360661,509184,25.88102912902832,69.31742095947266,-25.0,245.3333282470703,63728,18,445438,12.515711412770237,0.003535067873303168,87.48075351935645,218.34133911132812,25.452190399169922,11.611406326293945,15.662961959838867,106.93782806396484,109.51483154296875,2.504572868347168,5.670294761657715,0.0,0.0,0.0,0.0,False,False,False,False,0,improved,unchanged_or_undefined,0.0,255.0,-253.3333282470703,253.3333282470703,2253014,2253014,2.148641586303711,2383,2335,RGBA,PNG,0eef66b2bbd2cd19c08d37e8620b11dedd3182e832bf032e806f033554d67245,6.247357100015506,2.0.0,restoration_eval.error_maps,ok,,218.34133911132812,11.611406326293945,206.72991943359375,18,63728,0,0.028237065855112476,99.97176293414489
opencv_telea__mask_robustness__mask_robustness__p001__loss_large__variant_03,opencv_telea__mask_robustness__mask_robustness__p001__loss_large__variant_03,mask_robustness__p001__loss_large__variant_03,mask_robustness__p001__loss_large__variant_03,mask_robustness,p001,portrait_figure,Juan de Pareja,Diego Velázquez,,,opencv_telea,False,data/processed/clean/p001_clean.png,data/processed/damaged/mask_robustness/p001__loss_large__variant_03_damaged.png,data/processed/masks/mask_robustness/p001__loss_large__variant_03_mask.png,data/processed/restored/opencv_telea/mask_robustness/mask_robustness__p001__loss_large__variant_03_restored_opencv_telea.png,opencv_telea_mask_robustness_mask_robustness_p001_loss_large_variant_03_difference_maps.png,outputs/figures/opencv_difference_maps/all_cases/mask_robustness/opencv_telea_mask_robustness_mask_robustness_p001_loss_large_variant_03_difference_maps.png,768,768,589824,509184,63593,526231,12760,63593,0.10781690809461805,10.781690809461805,52,0,715,768,90.0,105.0,391.0,455.0,5,both,127,53.975725839846106,-131.2389571179218,2.7266789181943025,,23.56989288330078,68.78331756591797,254.0,1.654844045639038,8.39206600189209,136.0,21.915050506591797,64.59778594970703,-2.3333282470703125,248.0,63593,203.26173400878906,42.923824310302734,-2.3333282470703125,248.0,63591,1,1,99.99685499976412,0.0015725001179375088,0.0015725001179375088,526231,0.0,0.0,0.0,0.0,0,0,526231,0.0,0.0,100.0,12760,100.80130004882812,106.20613861083984,0.0,248.0,6394,0,6366,50.10971786833856,0.0,49.890282131661436,509184,25.38575553894043,68.88848876953125,-2.3333282470703125,248.0,63591,1,445592,12.488805618401207,0.00019639265962795373,87.51099798893917,218.61036682128906,35.262596130371094,15.348649978637695,21.04819679260254,103.62581634521484,107.99813079833984,2.8245036602020264,5.859233856201172,0.0,0.0,0.0,0.0,False,False,False,False,0,improved,unchanged_or_undefined,0.0,255.0,-253.3333282470703,253.3333282470703,2222992,2222992,2.1200103759765625,2383,2335,RGBA,PNG,d1c0a9e6f86300436edb34e7b6259ad108b542f7ec5cf207cea9f2c47b498e89,6.310660200018901,2.0.0,restoration_eval.error_maps,ok,,218.61036682128906,15.348649978637695,203.26173400878906,1,63591,1,0.0015725001179375088,99.99685499976412
opencv_telea__mask_robustness__mask_robustness__p001__loss_large__variant_04,opencv_telea__mask_robustness__mask_robustness__p001__loss_large__variant_04,mask_robustness__p001__loss_large__variant_04,mask_robustness__p001__loss_large__variant_04,mask_robustness,p001,portrait_figure,Juan de Pareja,Diego Velázquez,,,opencv_telea,False,data/processed/clean/p001_clean.png,data/processed/damaged/mask_robustness/p001__loss_large__variant_04_damaged.png,data/processed/masks/mask_robustness/p001__loss_large__variant_04_mask.png,data/processed/restored/opencv_telea/mask_robustness/mask_robustness__p001__loss_large__variant_04_restored_opencv_telea.png,opencv_telea_mask_robustness_mask_robustness_p001_loss_large_variant_04_difference_maps.png,outputs/figures/opencv_difference_maps/all_cases/mask_robustness/opencv_telea_mask_robustness_mask_robustness_p001_loss_large_variant_04_difference_maps.png,768,768,589824,509184,63653,526171,12989,63653,0.10791863335503472,10.791863335503473,52,0,715,768,53.0,265.0,360.0,645.0,5,both,127,47.6434993899214,-107.0841122963568,2.3692064262704697,,22.4720401763916,65.91271209716797,251.0,1.8747484683990479,9.289661407470703,145.3333282470703,20.5972957611084,61.930965423583984,-76.66666412353516,247.6666717529297,63653,190.8594512939453,55.17237854003906,-76.66666412353516,247.6666717529297,63495,155,3,99.75177917772925,0.24350776868332993,0.0047130535874192895,526171,0.0,0.0,0.0,0.0,0,0,526171,0.0,0.0,100.0,12989,104.97294616699219,108.98593139648438,0.0,247.6666717529297,6426,0,6563,49.47263068750481,0.0,50.52736931249518,509184,23.85930824279785,66.06844329833984,-76.66666412353516,247.6666717529297,63495,155,445534,12.469951923076923,0.03044086224233283,87.49960721468074,208.23135375976562,39.7005729675293,17.371871948242188,23.03133201599121,107.17037200927734,110.64007568359375,2.1974234580993652,6.242608547210693,0.0,0.0,0.0,0.0,False,False,False,False,0,improved,unchanged_or_undefined,0.0,255.0,-253.3333282470703,253.3333282470703,2239280,2239280,2.1355438232421875,2383,2335,RGBA,PNG,41dcc5ac426ceb0b18ccaa717fd2ff89305d87048794f71ba793e8b396755ba1,6.195646600041073,2.0.0,restoration_eval.error_maps,ok,,208.23135375976562,17.371871948242188,190.8594512939453,155,63495,3,0.24350776868332993,99.75177917772925
opencv_telea__mask_robustness__mask_robustness__p001__loss_large__variant_05,opencv_telea__mask_robustness__mask_robustness__p001__loss_large__variant_05,mask_robustness__p001__loss_large__variant_05,mask_robustness__p001__loss_large__variant_05,mask_robustness,p001,portrait_figure,Juan de Pareja,Diego Velázquez,,,opencv_telea,False,data/processed/clean/p001_clean.png,data/processed/damaged/mask_robustness/p001__loss_large__variant_05_damaged.png,data/processed/masks/mask_robustness/p001__loss_large__variant_05_mask.png,data/processed/restored/opencv_telea/mask_robustness/mask_robustness__p001__loss_large__variant_05_restored_opencv_telea.png,opencv_telea_mask_robustness_mask_robustness_p001_loss_large_variant_05_difference_maps.png,outputs/figures/opencv_difference_maps/all_cases/mask_robustness/opencv_telea_mask_robustness_mask_robustness_p001_loss_large_variant_05_difference_maps.png,768,768,589824,509184,63643,526181,12415,63643,0.10790167914496528,10.790167914496527,52,0,715,768,306.0,134.0,685.0,447.0,5,both,127,60.03914020395016,-91.99050432359672,3.177692895880128,,22.255844116210938,64.26934051513672,253.0,1.0777826309204102,5.266841411590576,113.0,21.17806053161621,61.36232376098633,-28.333335876464844,245.3333282470703,63643,196.27186584472656,23.02199935913086,-28.333335876464844,245.3333282470703,63636,7,0,99.98900114702323,0.010998852976760995,0.0,526181,0.0,0.0,0.0,0.0,0,0,526181,0.0,0.0,100.0,12415,97.69042205810547,101.81625366210938,-12.666671752929688,245.3333282470703,6126,4,6285,49.34353604510673,0.03221908981071284,50.62424486508256,509184,24.532052993774414,65.41694641113281,-28.333335876464844,245.3333282470703,63636,7,445541,12.497643288084465,0.0013747486173956763,87.50098196329814,206.26040649414062,18.106203079223633,9.988561630249023,12.964430809020996,100.2356185913086,103.56368255615234,2.5452005863189697,6.681271076202393,0.0,0.0,0.0,0.0,False,False,False,False,0,improved,unchanged_or_undefined,0.0,255.0,-253.3333282470703,253.3333282470703,2216069,2216069,2.113408088684082,2383,2335,RGBA,PNG,7d759da9f1865d0a3a13a67fe5c7b038ed3f783f842bd6ff005663fb271c7fd5,6.185165299975779,2.0.0,restoration_eval.error_maps,ok,,206.26040649414062,9.988561630249023,196.27186584472656,7,63636,0,0.010998852976760995,99.98900114702323
opencv_telea__mask_robustness__mask_robustness__p001__loss_small__variant_01,opencv_telea__mask_robustness__mask_robustness__p001__loss_small__variant_01,mask_robustness__p001__loss_small__variant_01,mask_robustness__p001__loss_small__variant_01,mask_robustness,p001,portrait_figure,Juan de Pareja,Diego Velázquez,,,opencv_telea,False,data/processed/clean/p001_clean.png,data/processed/damaged/mask_robustness/p001__loss_small__variant_01_damaged.png,data/processed/masks/mask_robustness/p001__loss_small__variant_01_mask.png,data/processed/restored/opencv_telea/mask_robustness/mask_robustness__p001__loss_small__variant_01_restored_opencv_telea.png,opencv_telea_mask_robustness_mask_robustness_p001_loss_small_variant_01_difference_maps.png,outputs/figures/opencv_difference_maps/all_cases/mask_robustness/opencv_telea_mask_robustness_mask_robustness_p001_loss_small_variant_01_difference_maps.png,768,768,589824,509184,22079,567745,11349,22079,0.03743320041232639,3.743320041232639,52,0,715,768,195.0,0.0,678.0,768.0,5,both,127,68.84039132207074,-133.78460679076647,3.7994351287917816,,8.407137870788574,42.7541389465332,255.0,0.3459874093532562,2.974295139312744,100.0,8.061150550842285,41.12095260620117,0.0,254.0,22079,215.3476104736328,23.09503746032715,44.33332824707031,254.0,22079,0,0,100.0,0.0,0.0,567745,0.0,0.0,0.0,0.0,0,0,567745,0.0,0.0,100.0,11349,104.20921325683594,109.4789047241211,0.0,254.0,5454,0,5895,48.057097541633624,0.0,51.94290245836638,509184,9.33780288696289,44.12263870239258,0.0,254.0,22079,0,487105,4.336153531925591,0.0,95.66384646807441,224.5903778076172,16.69539451599121,9.24279499053955,12.413481712341309,106.42433166503906,111.43500518798828,2.2151143550872803,5.961390972137451,0.0,0.0,0.0,0.0,False,False,False,False,0,improved,unchanged_or_undefined,0.0,255.0,-253.3333282470703,253.3333282470703,2123954,2123954,2.0255603790283203,2383,2335,RGBA,PNG,fcb43ad300098ebbc4c70ba47f746e9bba329b56b4479acce3a9da3ea2b97d45,6.337923999992199,2.0.0,restoration_eval.error_maps,ok,,224.5903778076172,9.24279499053955,215.3476104736328,0,22079,0,0.0,100.0
opencv_telea__mask_robustness__mask_robustness__p001__loss_small__variant_02,opencv_telea__mask_robustness__mask_robustness__p001__loss_small__variant_02,mask_robustness__p001__loss_small__variant_02,mask_robustness__p001__loss_small__variant_02,mask_robustness,p001,portrait_figure,Juan de Pareja,Diego Velázquez,,,opencv_telea,False,data/processed/clean/p001_clean.png,data/processed/damaged/mask_robustness/p001__loss_small__variant_02_damaged.png,data/processed/masks/mask_robustness/p001__loss_small__variant_02_mask.png,data/processed/restored/opencv_telea/mask_robustness/mask_robustness__p001__loss_small__variant_02_restored_opencv_telea.png,opencv_telea_mask_robustness_mask_robustness_p001_loss_small_variant_02_difference_maps.png,outputs/figures/opencv_difference_maps/all_cases/mask_robustness/opencv_telea_mask_robustness_mask_robustness_p001_loss_small_variant_02_difference_maps.png,768,768,589824,509184,22880,566944,15637,22880,0.03879123263888889,3.879123263888889,52,0,715,768,74.0,17.0,715.0,768.0,5,both,127,82.62465034965035,-117.88613053613054,5.435655403763711,,8.515472412109375,42.71045684814453,255.0,0.2244144082069397,1.9562939405441284,122.0,8.291057586669922,41.681217193603516,-4.0,246.6666717529297,22880,213.7353515625,29.593873977661133,-4.0,246.6666717529297,22879,1,0,99.99562937062937,0.004370629370629371,0.0,566944,0.0,0.0,0.0,0.0,0,0,566944,0.0,0.0,100.0,15637,100.56380462646484,109.27611541748047,0.0,246.6666717529297,7325,0,8312,46.84402378972949,0.0,53.155976210270516,509184,9.604120254516602,44.719730377197266,-4.0,246.6666717529297,22879,1,486304,4.4932676596279535,0.00019639265962795373,95.50653594771242,219.52052307128906,26.565046310424805,5.785183429718018,8.154044151306152,102.40448760986328,110.98507690429688,1.8406771421432495,3.936657428741455,0.0,0.0,0.0,0.0,False,False,False,False,0,improved,unchanged_or_undefined,0.0,255.0,-253.3333282470703,253.3333282470703,2152409,2152409,2.05269718170166,2383,2335,RGBA,PNG,819bdb06b3639f3a1a78a93d77ede81a91b6d58134b0f4f129d5d03b5fe79d1d,6.350520299980417,2.0.0,restoration_eval.error_maps,ok,,219.52052307128906,5.785183429718018,213.7353515625,1,22879,0,0.004370629370629371,99.99562937062937
opencv_telea__mask_robustness__mask_robustness__p001__loss_small__variant_03,opencv_telea__mask_robustness__mask_robustness__p001__loss_small__variant_03,mask_robustness__p001__loss_small__variant_03,mask_robustness__p001__loss_small__variant_03,mask_robustness,p001,portrait_figure,Juan de Pareja,Diego Velázquez,,,opencv_telea,False,data/processed/clean/p001_clean.png,data/processed/damaged/mask_robustness/p001__loss_small__variant_03_damaged.png,data/processed/masks/mask_robustness/p001__loss_small__variant_03_mask.png,data/processed/restored/opencv_telea/mask_robustness/mask_robustness__p001__loss_small__variant_03_restored_opencv_telea.png,opencv_telea_mask_robustness_mask_robustness_p001_loss_small_variant_03_difference_maps.png,outputs/figures/opencv_difference_maps/all_cases/mask_robustness/opencv_telea_mask_robustness_mask_robustness_p001_loss_small_variant_03_difference_maps.png,768,768,589824,509184,22960,566864,16031,22960,0.03892686631944445,3.8926866319444446,52,0,715,768,49.0,14.0,701.0,768.0,5,both,127,78.10554587688733,-124.07592915214866,4.836592443254709,,8.922416687011719,44.403594970703125,255.0,0.2506035566329956,1.907259464263916,54.0,8.671813011169434,43.179630279541016,0.0,247.33334350585938,22960,222.7719268798828,14.19604206085205,114.0,247.33334350585938,22960,0,0,100.0,0.0,0.0,566864,0.0,0.0,0.0,0.0,0,0,566864,0.0,0.0,100.0,16031,105.37252807617188,112.42777252197266,0.0,247.33334350585938,7527,0,8504,46.952778990705504,0.0,53.04722100929449,509184,10.045177459716797,46.32456588745117,0.0,247.33334350585938,22960,0,486224,4.509175465057818,0.0,95.49082453494219,229.209716796875,12.604303359985352,6.437804698944092,7.322296142578125,107.19664764404297,114.29206085205078,1.8241117000579834,3.744297504425049,0.0,0.0,0.0,0.0,False,False,False,False,0,improved,unchanged_or_undefined,0.0,255.0,-253.3333282470703,253.3333282470703,2147236,2147236,2.0477638244628906,2383,2335,RGBA,PNG,3b430e1d815335b41d37c220bee7ca097ce317fedef3644d0655fb4b6545afc2,6.229097800038289,2.0.0,restoration_eval.error_maps,ok,,229.209716796875,6.437804698944092,222.7719268798828,0,22960,0,0.0,100.0
opencv_telea__mask_robustness__mask_robustness__p001__loss_small__variant_04,opencv_telea__mask_robustness__mask_robustness__p001__loss_small__variant_04,mask_robustness__p001__loss_small__variant_04,mask_robustness__p001__loss_small__variant_04,mask_robustness,p001,portrait_figure,Juan de Pareja,Diego Velázquez,,,opencv_telea,False,data/processed/clean/p001_clean.png,data/processed/damaged/mask_robustness/p001__loss_small__variant_04_damaged.png,data/processed/masks/mask_robustness/p001__loss_small__variant_04_mask.png,data/processed/restored/opencv_telea/mask_robustness/mask_robustness__p001__loss_small__variant_04_restored_opencv_telea.png,opencv_telea_mask_robustness_mask_robustness_p001_loss_small_variant_04_difference_maps.png,outputs/figures/opencv_difference_maps/all_cases/mask_robustness/opencv_telea_mask_robustness_mask_robustness_p001_loss_small_variant_04_difference_maps.png,768,768,589824,509184,22924,566900,16316,22924,0.03886583116319445,3.8865831163194446,52,0,715,768,96.0,69.0,723.0,701.0,5,both,127,89.19038271389519,-124.80452800558368,6.001885466039962,,8.712955474853516,43.4761962890625,255.0,0.23506562411785126,2.4351398944854736,121.66666412353516,8.477889060974121,42.372833251953125,0.0,249.0,22924,218.13221740722656,21.538663864135742,32.0,249.0,22924,0,0,100.0,0.0,0.0,566900,0.0,0.0,0.0,0.0,0,0,566900,0.0,0.0,100.0,16316,102.61168670654297,110.61380767822266,0.0,249.0,7622,0,8694,46.71488109830841,0.0,53.28511890169159,509184,9.820541381835938,45.460086822509766,0.0,249.0,22924,0,486260,4.502105329311211,0.0,95.4978946706888,224.18035888671875,18.162710189819336,6.048130035400391,10.835846900939941,104.43466186523438,112.38102722167969,1.8229753971099854,4.447611331939697,0.0,0.0,0.0,0.0,False,False,False,False,0,improved,unchanged_or_undefined,0.0,255.0,-253.3333282470703,253.3333282470703,2159896,2159896,2.0598373413085938,2383,2335,RGBA,PNG,f32fe119bdc3ec1769d20cd6a2c983c36cd9f4acc9f470531ed6b9502a41ac3b,6.246733399981167,2.0.0,restoration_eval.error_maps,ok,,224.18035888671875,6.048130035400391,218.13221740722656,0,22924,0,0.0,100.0
opencv_telea__mask_robustness__mask_robustness__p001__loss_small__variant_05,opencv_telea__mask_robustness__mask_robustness__p001__loss_small__variant_05,mask_robustness__p001__loss_small__variant_05,mask_robustness__p001__loss_small__variant_05,mask_robustness,p001,portrait_figure,Juan de Pareja,Diego Velázquez,,,opencv_telea,False,data/processed/clean/p001_clean.png,data/processed/damaged/mask_robustness/p001__loss_small__variant_05_damaged.png,data/processed/masks/mask_robustness/p001__loss_small__variant_05_mask.png,data/processed/restored/opencv_telea/mask_robustness/mask_robustness__p001__loss_small__variant_05_restored_opencv_telea.png,opencv_telea_mask_robustness_mask_robustness_p001_loss_small_variant_05_difference_maps.png,outputs/figures/opencv_difference_maps/all_cases/mask_robustness/opencv_telea_mask_robustness_mask_robustness_p001_loss_small_variant_05_difference_maps.png,768,768,589824,509184,22900,566924,14016,22900,0.038825141059027776,3.8825141059027777,52,0,715,768,44.0,37.0,658.0,428.0,5,both,127,81.97449781659388,-112.38477438136826,5.241270859787523,,8.68764591217041,43.480838775634766,255.0,0.3271365761756897,3.184433698654175,111.66666412353516,8.360508918762207,42.15882110595703,-10.0,249.3333282470703,22900,215.33749389648438,34.76834487915039,-10.0,249.3333282470703,22898,2,0,99.99126637554585,0.008733624454148471,0.0,566924,0.0,0.0,0.0,0.0,0,0,566924,0.0,0.0,100.0,14016,105.96870422363281,112.25025939941406,0.0,249.3333282470703,6669,0,7347,47.58133561643836,0.0,52.41866438356164,509184,9.684571266174316,45.2330207824707,-10.0,249.3333282470703,22898,2,486284,4.4969991201608845,0.00039278531925590745,95.50260809451986,223.7633819580078,23.849721908569336,8.425894737243652,13.890567779541016,108.24752807617188,114.21259307861328,2.2788240909576416,6.753573417663574,0.0,0.0,0.0,0.0,False,False,False,False,0,improved,unchanged_or_undefined,0.0,255.0,-253.3333282470703,253.3333282470703,2144715,2144715,2.0453596115112305,2383,2335,RGBA,PNG,74facc97a4f429145906d02a57a0001afed7bf97ac1766f0d958523605459b42,8.961966299975757,2.0.0,restoration_eval.error_maps,ok,,223.7633819580078,8.425894737243652,215.33749389648438,2,22898,0,0.008733624454148471,99.99126637554585
opencv_telea__mask_robustness__mask_robustness__p001__scratch_thin__variant_01,opencv_telea__mask_robustness__mask_robustness__p001__scratch_thin__variant_01,mask_robustness__p001__scratch_thin__variant_01,mask_robustness__p001__scratch_thin__variant_01,mask_robustness,p001,portrait_figure,Juan de Pareja,Diego Velázquez,,,opencv_telea,False,data/processed/clean/p001_clean.png,data/processed/damaged/mask_robustness/p001__scratch_thin__variant_01_damaged.png,data/processed/masks/mask_robustness/p001__scratch_thin__variant_01_mask.png,data/processed/restored/opencv_telea/mask_robustness/mask_robustness__p001__scratch_thin__variant_01_restored_opencv_telea.png,opencv_telea_mask_robustness_mask_robustness_p001_scratch_thin_variant_01_difference_maps.png,outputs/figures/opencv_difference_maps/all_cases/mask_robustness/opencv_telea_mask_robustness_mask_robustness_p001_scratch_thin_variant_01_difference_maps.png,768,768,589824,509184,10186,579638,15907,10186,0.017269558376736112,1.7269558376736112,52,0,715,768,44.0,0.0,723.0,233.0,5,both,127,97.67452058380783,-118.10668237450096,8.248523976987794,,4.043462753295898,30.52022933959961,255.0,0.06316009163856506,0.8557886481285095,66.0,3.980302095413208,30.05830955505371,0.0,246.3333282470703,10186,230.48085021972656,10.655094146728516,104.0,246.3333282470703,10186,0,0,100.0,0.0,0.0,579638,0.0,0.0,0.0,0.0,0,0,579638,0.0,0.0,100.0,15907,114.80782318115234,115.68824768066406,0.0,246.3333282470703,7902,0,8005,49.67624316338719,0.0,50.32375683661281,509184,4.610667705535889,32.30608367919922,0.0,246.3333282470703,10186,0,498998,2.0004556309703365,0.0,97.99954436902966,234.13815307617188,7.994656562805176,3.6573073863983154,5.409570693969727,116.37464141845703,117.2304458618164,1.5668154954910278,3.109185218811035,0.0,0.0,0.0,0.0,False,False,False,False,0,improved,unchanged_or_undefined,0.0,255.0,-253.3333282470703,253.3333282470703,2071143,2071143,1.9751958847045898,2383,2335,RGBA,PNG,039ddb922ebc1065effa177a18a257f93d32dc200fdfffb821272cc17ddc2899,6.20746569999028,2.0.0,restoration_eval.error_maps,ok,,234.13815307617188,3.6573073863983154,230.48085021972656,0,10186,0,0.0,100.0
opencv_telea__mask_robustness__mask_robustness__p001__scratch_thin__variant_02,opencv_telea__mask_robustness__mask_robustness__p001__scratch_thin__variant_02,mask_robustness__p001__scratch_thin__variant_02,mask_robustness__p001__scratch_thin__variant_02,mask_robustness,p001,portrait_figure,Juan de Pareja,Diego Velázquez,,,opencv_telea,False,data/processed/clean/p001_clean.png,data/processed/damaged/mask_robustness/p001__scratch_thin__variant_02_damaged.png,data/processed/masks/mask_robustness/p001__scratch_thin__variant_02_mask.png,data/processed/restored/opencv_telea/mask_robustness/mask_robustness__p001__scratch_thin__variant_02_restored_opencv_telea.png,opencv_telea_mask_robustness_mask_robustness_p001_scratch_thin_variant_02_difference_maps.png,outputs/figures/opencv_difference_maps/all_cases/mask_robustness/opencv_telea_mask_robustness_mask_robustness_p001_scratch_thin_variant_02_difference_maps.png,768,768,589824,509184,10191,579633,33955,10191,0.017278035481770832,1.7278035481770833,52,0,715,768,44.0,0.0,718.0,520.0,5,both,127,88.89791646223792,-104.11245216367384,7.051895952658075,,3.878183126449585,29.489927291870117,255.0,0.08672700077295303,1.324973464012146,83.0,3.791456460952759,28.866260528564453,0.0,251.3333282470703,10191,219.4379425048828,30.093175888061523,34.33333206176758,251.3333282470703,10191,0,0,100.0,0.0,0.0,579633,0.0,0.0,0.0,0.0,0,0,579633,0.0,0.0,100.0,33955,65.86046600341797,101.9140853881836,0.0,251.3333282470703,10191,0,23764,30.013252834634073,0.0,69.98674716536593,509184,4.391913414001465,31.025611877441406,0.0,251.3333282470703,10191,0,498993,2.0014375942684763,0.0,97.99856240573152,224.4574432373047,28.677637100219727,5.01949405670166,8.766192436218262,67.36698150634766,104.06507873535156,1.5065135955810547,5.325069904327393,0.0,0.0,0.0,0.0,False,False,False,False,0,improved,unchanged_or_undefined,0.0,255.0,-253.3333282470703,253.3333282470703,2191250,2191250,2.0897388458251953,2383,2335,RGBA,PNG,ec5317f4ad69e9380d1420e8760a49099d9cff55a5d54115ec32bc778943313b,6.438518800016027,2.0.0,restoration_eval.error_maps,ok,,224.4574432373047,5.01949405670166,219.4379425048828,0,10191,0,0.0,100.0
opencv_telea__mask_robustness__mask_robustness__p001__scratch_thin__variant_03,opencv_telea__mask_robustness__mask_robustness__p001__scratch_thin__variant_03,mask_robustness__p001__scratch_thin__variant_03,mask_robustness__p001__scratch_thin__variant_03,mask_robustness,p001,portrait_figure,Juan de Pareja,Diego Velázquez,,,opencv_telea,False,data/processed/clean/p001_clean.png,data/processed/damaged/mask_robustness/p001__scratch_thin__variant_03_damaged.png,data/processed/masks/mask_robustness/p001__scratch_thin__variant_03_mask.png,data/processed/restored/opencv_telea/mask_robustness/mask_robustness__p001__scratch_thin__variant_03_restored_opencv_telea.png,opencv_telea_mask_robustness_mask_robustness_p001_scratch_thin_variant_03_difference_maps.png,outputs/figures/opencv_difference_maps/all_cases/mask_robustness/opencv_telea_mask_robustness_mask_robustness_p001_scratch_thin_variant_03_difference_maps.png,768,768,589824,509184,8635,581189,29513,8635,0.014639960394965278,1.463996039496528,52,0,715,768,44.0,0.0,723.0,683.0,5,both,127,91.6657402045937,-94.10310750820304,7.583394949399793,,3.214783191680908,26.598024368286133,255.0,0.0573984794318676,0.8690343499183655,108.33333587646484,3.1573851108551025,26.157039642333984,0.0,248.6666717529297,8635,215.6689910888672,30.038297653198242,23.333335876464844,248.6666717529297,8635,0,0,100.0,0.0,0.0,581189,0.0,0.0,0.0,0.0,0,0,581189,0.0,0.0,100.0,29513,63.1010627746582,99.4544906616211,0.0,248.6666717529297,8635,0,20878,29.258292955646663,0.0,70.74170704435335,509184,3.657423734664917,28.11969757080078,0.0,248.6666717529297,8635,0,500549,1.6958506158873805,0.0,98.30414938411262,219.5896453857422,28.4581241607666,3.9206717014312744,6.03652286529541,64.24818420410156,101.0809555053711,1.147121548652649,3.7206461429595947,0.0,0.0,0.0,0.0,False,False,False,False,0,improved,unchanged_or_undefined,0.0,255.0,-253.3333282470703,253.3333282470703,2167613,2167613,2.067196846008301,2383,2335,RGBA,PNG,f0a0f613650d261cbe4f4c53eef1888609483ea799170a4712ba2244777e6520,6.318160899973009,2.0.0,restoration_eval.error_maps,ok,,219.5896453857422,3.9206717014312744,215.6689910888672,0,8635,0,0.0,100.0
opencv_telea__mask_robustness__mask_robustness__p001__scratch_thin__variant_04,opencv_telea__mask_robustness__mask_robustness__p001__scratch_thin__variant_04,mask_robustness__p001__scratch_thin__variant_04,mask_robustness__p001__scratch_thin__variant_04,mask_robustness,p001,portrait_figure,Juan de Pareja,Diego Velázquez,,,opencv_telea,False,data/processed/clean/p001_clean.png,data/processed/damaged/mask_robustness/p001__scratch_thin__variant_04_damaged.png,data/processed/masks/mask_robustness/p001__scratch_thin__variant_04_mask.png,data/processed/restored/opencv_telea/mask_robustness/mask_robustness__p001__scratch_thin__variant_04_restored_opencv_telea.png,opencv_telea_mask_robustness_mask_robustness_p001_scratch_thin_variant_04_difference_maps.png,outputs/figures/opencv_difference_maps/all_cases/mask_robustness/opencv_telea_mask_robustness_mask_robustness_p001_scratch_thin_variant_04_difference_maps.png,768,768,589824,509184,10157,579667,44787,10157,0.017220391167534724,1.7220391167534723,52,0,715,768,44.0,0.0,672.0,717.0,5,both,127,83.81602179121131,-106.81854878408978,6.480153213108928,,3.8942599296569824,29.645620346069336,255.0,0.10211972892284393,1.5726349353790283,89.33333587646484,3.792140483856201,28.906692504882812,0.0,252.0,10157,220.21218872070312,29.416709899902344,35.33333206176758,252.0,10157,0,0,100.0,0.0,0.0,579667,0.0,0.0,0.0,0.0,0,0,579667,0.0,0.0,100.0,44787,49.94072341918945,93.2723388671875,0.0,252.0,10157,0,34630,22.678455801906804,0.0,77.32154419809319,509184,4.39270544052124,31.069169998168945,0.0,252.0,10157,0,499027,1.994760243841126,0.0,98.00523975615887,226.14236450195312,27.865278244018555,5.930163383483887,10.44308853149414,51.28559494018555,95.62283325195312,1.3448693752288818,5.558715343475342,0.0,0.0,0.0,0.0,False,False,False,False,0,improved,unchanged_or_undefined,0.0,255.0,-253.3333282470703,253.3333282470703,2258083,2258083,2.153475761413574,2383,2335,RGBA,PNG,d113a249dad991c99074df1521595c4e9b4f7815719dcb00c5eb5d0f365ea1b5,6.318790900055319,2.0.0,restoration_eval.error_maps,ok,,226.14236450195312,5.930163383483887,220.21218872070312,0,10157,0,0.0,100.0
opencv_telea__mask_robustness__mask_robustness__p001__scratch_thin__variant_05,opencv_telea__mask_robustness__mask_robustness__p001__scratch_thin__variant_05,mask_robustness__p001__scratch_thin__variant_05,mask_robustness__p001__scratch_thin__variant_05,mask_robustness,p001,portrait_figure,Juan de Pareja,Diego Velázquez,,,opencv_telea,False,data/processed/clean/p001_clean.png,data/processed/damaged/mask_robustness/p001__scratch_thin__variant_05_damaged.png,data/processed/masks/mask_robustness/p001__scratch_thin__variant_05_mask.png,data/processed/restored/opencv_telea/mask_robustness/mask_robustness__p001__scratch_thin__variant_05_restored_opencv_telea.png,opencv_telea_mask_robustness_mask_robustness_p001_scratch_thin_variant_05_difference_maps.png,outputs/figures/opencv_difference_maps/all_cases/mask_robustness/opencv_telea_mask_robustness_mask_robustness_p001_scratch_thin_variant_05_difference_maps.png,768,768,589824,509184,10152,579672,41807,10152,0.0172119140625,1.72119140625,52,0,715,768,75.0,0.0,723.0,768.0,5,both,127,95.02111242448125,-104.20334252692408,7.538269119540544,,3.834632396697998,29.095067977905273,255.0,0.07574462890625,1.095182180404663,82.33333587646484,3.7588882446289062,28.54736328125,0.0,247.0,10152,218.3887176513672,21.803388595581055,15.0,247.0,10152,0,0,100.0,0.0,0.0,579672,0.0,0.0,0.0,0.0,0,0,579672,0.0,0.0,100.0,41807,53.03136444091797,94.25797271728516,0.0,247.0,10152,0,31655,24.283014806132943,0.0,75.71698519386706,509184,4.35418701171875,30.682640075683594,0.0,247.0,10152,0,499032,1.9937782805429862,0.0,98.00622171945702,222.78944396972656,20.039432525634766,4.40070915222168,7.117074966430664,54.09999465942383,96.03964233398438,1.0686248540878296,3.982557535171509,0.0,0.0,0.0,0.0,False,False,False,False,0,improved,unchanged_or_undefined,0.0,255.0,-253.3333282470703,253.3333282470703,2256032,2256032,2.151519775390625,2383,2335,RGBA,PNG,43ae1027c33dfe48fe0d6cd3c5914dc75203fa27f4d67a70070d1fb85aaad203,6.323071099992376,2.0.0,restoration_eval.error_maps,ok,,222.78944396972656,4.40070915222168,218.3887176513672,0,10152,0,0.0,100.0
opencv_telea__mask_robustness__mask_robustness__p018__loss_large__variant_01,opencv_telea__mask_robustness__mask_robustness__p018__loss_large__variant_01,mask_robustness__p018__loss_large__variant_01,mask_robustness__p018__loss_large__variant_01,mask_robustness,p018,landscape_natural,Classical Landscape with Figures,Henri Mauperché,,,opencv_telea,False,data/processed/clean/p018_clean.png,data/processed/damaged/mask_robustness/p018__loss_large__variant_01_damaged.png,data/processed/masks/mask_robustness/p018__loss_large__variant_01_mask.png,data/processed/restored/opencv_telea/mask_robustness/mask_robustness__p018__loss_large__variant_01_restored_opencv_telea.png,opencv_telea_mask_robustness_mask_robustness_p018_loss_large_variant_01_difference_maps.png,outputs/figures/opencv_difference_maps/all_cases/mask_robustness/opencv_telea_mask_robustness_mask_robustness_p018_loss_large_variant_01_difference_maps.png,768,768,589824,389376,48662,541162,12430,48662,0.08250257703993055,8.250257703993055,0,130,768,637,339.0,192.0,679.0,543.0,5,both,127,39.237865274752366,-34.392510240708006,1.9058434841709264,,14.486842155456543,49.362422943115234,231.6666717529297,1.603529930114746,8.815174102783203,134.0,12.883312225341797,45.27318572998047,-41.66667175292969,231.0,48662,156.156494140625,49.70466995239258,-41.66667175292969,231.0,47868,788,6,98.36833668981957,1.619333360733221,0.012329949447207266,541162,0.0,0.0,0.0,0.0,0,0,541162,0.0,0.0,100.0,12430,86.94695281982422,92.46598052978516,0.0,231.0,6129,0,6301,49.30812550281577,0.0,50.69187449718423,389376,19.515548706054688,54.54703903198242,-41.66667175292969,231.0,47868,788,340720,12.293515779092703,0.2023750821827745,87.50410913872453,175.59259033203125,35.28754425048828,19.43611717224121,24.398378372192383,89.84768676757812,94.95177459716797,2.900724172592163,5.69226598739624,0.0,0.0,0.0,0.0,False,False,False,False,0,improved,unchanged_or_undefined,0.0,255.0,-253.3333282470703,253.3333282470703,1762010,1762010,1.6803836822509766,2383,2335,RGBA,PNG,3706c67928edb855d972d79174d59fed6ca78da41b9421ca675a5bfdbdf00dec,5.932713899994269,2.0.0,restoration_eval.error_maps,ok,,175.59259033203125,19.43611717224121,156.156494140625,788,47868,6,1.619333360733221,98.36833668981957
opencv_telea__mask_robustness__mask_robustness__p018__loss_large__variant_02,opencv_telea__mask_robustness__mask_robustness__p018__loss_large__variant_02,mask_robustness__p018__loss_large__variant_02,mask_robustness__p018__loss_large__variant_02,mask_robustness,p018,landscape_natural,Classical Landscape with Figures,Henri Mauperché,,,opencv_telea,False,data/processed/clean/p018_clean.png,data/processed/damaged/mask_robustness/p018__loss_large__variant_02_damaged.png,data/processed/masks/mask_robustness/p018__loss_large__variant_02_mask.png,data/processed/restored/opencv_telea/mask_robustness/mask_robustness__p018__loss_large__variant_02_restored_opencv_telea.png,opencv_telea_mask_robustness_mask_robustness_p018_loss_large_variant_02_difference_maps.png,outputs/figures/opencv_difference_maps/all_cases/mask_robustness/opencv_telea_mask_robustness_mask_robustness_p018_loss_large_variant_02_difference_maps.png,768,768,589824,389376,48683,541141,13902,48683,0.0825381808810764,8.25381808810764,0,130,768,637,171.0,208.0,595.0,486.0,5,both,127,42.68485234407631,-6.731001239310089,2.0820451656038017,,11.31318473815918,40.539703369140625,225.0,1.5723938941955566,8.416537284851074,134.0,9.740791320800781,36.11263656616211,-38.333335876464844,213.6666717529297,48683,118.01558685302734,54.97383117675781,-38.333335876464844,213.6666717529297,47598,1072,13,97.77129593492594,2.202000698395744,0.026703366678306594,541141,0.0,0.0,0.0,0.0,0,0,541141,0.0,0.0,100.0,13902,66.9489974975586,75.25714874267578,0.0,213.6666717529297,6880,0,7022,49.48928211768091,0.0,50.51071788231909,389376,14.755282402038574,43.60602951049805,-38.333335876464844,213.6666717529297,47598,1072,340706,12.22417406311637,0.2753122945430638,87.50051364234056,137.0660858154297,51.72197723388672,19.05050277709961,22.91895866394043,71.01932525634766,79.30209350585938,4.07032585144043,9.12911319732666,0.0,0.0,0.0,0.0,False,False,False,False,0,improved,unchanged_or_undefined,0.0,255.0,-253.3333282470703,253.3333282470703,1754265,1754265,1.6729974746704102,2383,2335,RGBA,PNG,7d46126cde84b18c2068ad0e64cc867470b54517344af1e045be88ae0ee2c2a0,5.7989795000175945,2.0.0,restoration_eval.error_maps,ok,,137.0660858154297,19.05050277709961,118.01558685302734,1072,47598,13,2.202000698395744,97.77129593492594
opencv_telea__mask_robustness__mask_robustness__p018__loss_large__variant_03,opencv_telea__mask_robustness__mask_robustness__p018__loss_large__variant_03,mask_robustness__p018__loss_large__variant_03,mask_robustness__p018__loss_large__variant_03,mask_robustness,p018,landscape_natural,Classical Landscape with Figures,Henri Mauperché,,,opencv_telea,False,data/processed/clean/p018_clean.png,data/processed/damaged/mask_robustness/p018__loss_large__variant_03_damaged.png,data/processed/masks/mask_robustness/p018__loss_large__variant_03_mask.png,data/processed/restored/opencv_telea/mask_robustness/mask_robustness__p018__loss_large__variant_03_restored_opencv_telea.png,opencv_telea_mask_robustness_mask_robustness_p018_loss_large_variant_03_difference_maps.png,outputs/figures/opencv_difference_maps/all_cases/mask_robustness/opencv_telea_mask_robustness_mask_robustness_p018_loss_large_variant_03_difference_maps.png,768,768,589824,389376,48634,541190,10506,48634,0.0824551052517361,8.24551052517361,0,130,768,637,178.0,295.0,507.0,562.0,5,both,127,33.162177351921144,-15.287987827445832,1.516224386796825,,11.56210708618164,40.79398727416992,220.6666717529297,1.6840391159057617,8.347065925598145,114.0,9.878067016601562,36.33420181274414,-36.0,215.3333282470703,48634,119.79934692382812,53.31343460083008,-36.0,215.3333282470703,47308,1305,21,97.2735123576099,2.6833079738454577,0.04317966854463955,541190,0.0,0.0,0.0,0.0,0,0,541190,0.0,0.0,100.0,10506,69.4134750366211,78.10800170898438,0.0,215.3333282470703,5179,0,5327,49.295640586331615,0.0,50.70435941366838,389376,14.963227272033691,43.86000061035156,-36.0,215.3333282470703,47308,1305,340763,12.149695923734386,0.33515162721893493,87.51515244904668,140.22305297851562,46.273834228515625,20.423709869384766,21.500089645385742,72.62342071533203,80.96163940429688,3.2099435329437256,7.015135288238525,0.0,0.0,0.0,0.0,False,False,False,False,0,improved,unchanged_or_undefined,0.0,255.0,-253.3333282470703,253.3333282470703,1736933,1736933,1.656468391418457,2383,2335,RGBA,PNG,1fb8ce29e0624a24a70a67961ae23a68cd78388bc8d5ce2565754af8ea3f3ade,5.907939299999271,2.0.0,restoration_eval.error_maps,ok,,140.22305297851562,20.423709869384766,119.79934692382812,1305,47308,21,2.6833079738454577,97.2735123576099
opencv_telea__mask_robustness__mask_robustness__p018__loss_large__variant_04,opencv_telea__mask_robustness__mask_robustness__p018__loss_large__variant_04,mask_robustness__p018__loss_large__variant_04,mask_robustness__p018__loss_large__variant_04,mask_robustness,p018,landscape_natural,Classical Landscape with Figures,Henri Mauperché,,,opencv_telea,False,data/processed/clean/p018_clean.png,data/processed/damaged/mask_robustness/p018__loss_large__variant_04_damaged.png,data/processed/masks/mask_robustness/p018__loss_large__variant_04_mask.png,data/processed/restored/opencv_telea/mask_robustness/mask_robustness__p018__loss_large__variant_04_restored_opencv_telea.png,opencv_telea_mask_robustness_mask_robustness_p018_loss_large_variant_04_difference_maps.png,outputs/figures/opencv_difference_maps/all_cases/mask_robustness/opencv_telea_mask_robustness_mask_robustness_p018_loss_large_variant_04_difference_maps.png,768,768,589824,389376,48681,541143,11009,48681,0.0825347900390625,8.25347900390625,0,130,768,637,346.0,254.0,672.0,570.0,5,both,127,39.37949097183706,-49.16596481858082,1.888485289156819,,14.434884071350098,49.2258415222168,227.3333282470703,1.7511162757873535,9.554698944091797,133.6666717529297,12.683765411376953,44.44456100463867,-55.0,223.0,48681,153.67782592773438,47.597530364990234,-55.0,223.0,48354,326,1,99.3282800271153,0.6696657833651732,0.0020541895195250715,541143,0.0,0.0,0.0,0.0,0,0,541143,0.0,0.0,100.0,11009,85.79865264892578,89.19361877441406,0.0,223.0,5562,0,5447,50.52229993641566,0.0,49.47770006358434,389376,19.213279724121094,53.54202651977539,-55.0,223.0,48354,326,340696,12.418330867850099,0.08372370151216305,87.49794543063774,174.89453125,36.000667572021484,21.216703414916992,26.326995849609375,88.50892639160156,91.51614379882812,2.7102673053741455,5.128668785095215,0.0,0.0,0.0,0.0,False,False,False,False,0,improved,unchanged_or_undefined,0.0,255.0,-253.3333282470703,253.3333282470703,1754089,1754089,1.6728296279907227,2383,2335,RGBA,PNG,101bb23a9b6d83566d5994439b0e118d82ba41d9c44a18e30dbb962e9dd9985e,5.795584200008307,2.0.0,restoration_eval.error_maps,ok,,174.89453125,21.216703414916992,153.67782592773438,326,48354,1,0.6696657833651732,99.3282800271153
opencv_telea__mask_robustness__mask_robustness__p018__loss_large__variant_05,opencv_telea__mask_robustness__mask_robustness__p018__loss_large__variant_05,mask_robustness__p018__loss_large__variant_05,mask_robustness__p018__loss_large__variant_05,mask_robustness,p018,landscape_natural,Classical Landscape with Figures,Henri Mauperché,,,opencv_telea,False,data/processed/clean/p018_clean.png,data/processed/damaged/mask_robustness/p018__loss_large__variant_05_damaged.png,data/processed/masks/mask_robustness/p018__loss_large__variant_05_mask.png,data/processed/restored/opencv_telea/mask_robustness/mask_robustness__p018__loss_large__variant_05_restored_opencv_telea.png,opencv_telea_mask_robustness_mask_robustness_p018_loss_large_variant_05_difference_maps.png,outputs/figures/opencv_difference_maps/all_cases/mask_robustness/opencv_telea_mask_robustness_mask_robustness_p018_loss_large_variant_05_difference_maps.png,768,768,589824,389376,48678,541146,14552,48678,0.08252970377604167,8.252970377604168,0,130,768,637,149.0,201.0,612.0,477.0,5,both,127,36.09449169371517,-0.372851527726425,1.697709957978418,,11.662912368774414,41.35934829711914,226.0,1.4941972494125366,7.485221862792969,112.0,10.168716430664062,37.3204345703125,-31.333335876464844,216.6666717529297,48678,123.21279907226562,54.29582595825195,-31.333335876464844,216.6666717529297,47927,732,19,98.45720859525863,1.5037593984962405,0.039032006245121,541146,0.0,0.0,0.0,0.0,0,0,541146,0.0,0.0,100.0,14552,70.9106674194336,79.62970733642578,0.0,216.6666717529297,7133,0,7419,49.01731720725673,0.0,50.98268279274326,389376,15.403497695922852,45.04652404785156,-31.333335876464844,216.6666717529297,47927,732,340717,12.308668228139382,0.1879930966469428,87.50333867521367,141.31776428222656,49.03573226928711,18.104961395263672,19.44613265991211,74.90912628173828,83.33275604248047,3.998465061187744,7.7702765464782715,0.0,0.0,0.0,0.0,False,False,False,False,0,improved,unchanged_or_undefined,0.0,255.0,-253.3333282470703,253.3333282470703,1754807,1754807,1.6735143661499023,2383,2335,RGBA,PNG,3e2f316dd766776121dac756cbc6ec68812ff8c4ab0919c7beb498d688c1038c,5.916271299996879,2.0.0,restoration_eval.error_maps,ok,,141.31776428222656,18.104961395263672,123.21279907226562,732,47927,19,1.5037593984962405,98.45720859525863
opencv_telea__mask_robustness__mask_robustness__p018__loss_small__variant_01,opencv_telea__mask_robustness__mask_robustness__p018__loss_small__variant_01,mask_robustness__p018__loss_small__variant_01,mask_robustness__p018__loss_small__variant_01,mask_robustness,p018,landscape_natural,Classical Landscape with Figures,Henri Mauperché,,,opencv_telea,False,data/processed/clean/p018_clean.png,data/processed/damaged/mask_robustness/p018__loss_small__variant_01_damaged.png,data/processed/masks/mask_robustness/p018__loss_small__variant_01_mask.png,data/processed/restored/opencv_telea/mask_robustness/mask_robustness__p018__loss_small__variant_01_restored_opencv_telea.png,opencv_telea_mask_robustness_mask_robustness_p018_loss_small_variant_01_difference_maps.png,outputs/figures/opencv_difference_maps/all_cases/mask_robustness/opencv_telea_mask_robustness_mask_robustness_p018_loss_small_variant_01_difference_maps.png,768,768,589824,389376,17562,572262,12265,17562,0.029774983723958332,2.977498372395833,0,130,768,637,92.0,165.0,752.0,632.0,5,both,127,52.97824849106024,-60.1806552025206,2.806041922135954,,5.234724521636963,30.401662826538086,255.0,0.4089072644710541,4.078425407409668,131.0,4.8258161544799805,28.257612228393555,-12.0,255.0,17562,162.07623291015625,36.483028411865234,-12.0,255.0,17558,4,0,99.97722355084842,0.02277644915157727,0.0,572262,0.0,0.0,0.0,0.0,0,0,572262,0.0,0.0,100.0,12265,78.86103820800781,87.3199462890625,-12.0,255.0,5787,3,6475,47.183041174072564,0.024459845087647775,52.79249898083979,389376,7.310113430023193,34.51652145385742,-12.0,255.0,17558,4,371814,4.5092661078238,0.001027284681130835,95.48970660749507,175.80947875976562,32.448448181152344,13.73324966430664,19.3818302154541,82.11856842041016,90.37970733642578,3.257534980773926,7.0185089111328125,0.0,0.0,0.0,0.0,False,False,False,False,0,improved,unchanged_or_undefined,0.0,255.0,-253.3333282470703,253.3333282470703,1675183,1675183,1.597579002380371,2383,2335,RGBA,PNG,be35a7d70b2f6707bfc7beb79603c389a81291ee69b76618c80ef812530aacda,5.765183400013484,2.0.0,restoration_eval.error_maps,ok,,175.80947875976562,13.73324966430664,162.07623291015625,4,17558,0,0.02277644915157727,99.97722355084842
opencv_telea__mask_robustness__mask_robustness__p018__loss_small__variant_02,opencv_telea__mask_robustness__mask_robustness__p018__loss_small__variant_02,mask_robustness__p018__loss_small__variant_02,mask_robustness__p018__loss_small__variant_02,mask_robustness,p018,landscape_natural,Classical Landscape with Figures,Henri Mauperché,,,opencv_telea,False,data/processed/clean/p018_clean.png,data/processed/damaged/mask_robustness/p018__loss_small__variant_02_damaged.png,data/processed/masks/mask_robustness/p018__loss_small__variant_02_mask.png,data/processed/restored/opencv_telea/mask_robustness/mask_robustness__p018__loss_small__variant_02_restored_opencv_telea.png,opencv_telea_mask_robustness_mask_robustness_p018_loss_small_variant_02_difference_maps.png,outputs/figures/opencv_difference_maps/all_cases/mask_robustness/opencv_telea_mask_robustness_mask_robustness_p018_loss_small_variant_02_difference_maps.png,768,768,589824,389376,17494,572330,12130,17494,0.029659695095486112,2.965969509548611,0,130,768,637,53.0,188.0,695.0,645.0,5,both,127,46.74425517320225,-21.770473686216235,2.5369912719992804,,4.860382080078125,28.926450729370117,255.0,0.34026646614074707,3.0541250705718994,121.0,4.520115375518799,27.083091735839844,-26.0,255.0,17494,152.39926147460938,46.83653259277344,-26.0,255.0,17480,14,0,99.91997256202126,0.08002743797873557,0.0,572330,0.0,0.0,0.0,0.0,0,0,572330,0.0,0.0,100.0,12130,75.89460754394531,87.42671966552734,-26.0,255.0,5689,4,6437,46.90024732069249,0.03297609233305854,53.06677658697444,389376,6.847038745880127,33.09318923950195,-26.0,255.0,17480,14,371882,4.489234056541749,0.0035954963839579224,95.5071704470743,163.87159729003906,46.40998077392578,11.472352027893066,13.666707038879395,79.17549133300781,90.7256851196289,3.2808737754821777,8.131070137023926,0.0,0.0,0.0,0.0,False,False,False,False,0,improved,unchanged_or_undefined,0.0,255.0,-253.3333282470703,253.3333282470703,1675169,1675169,1.5975656509399414,2383,2335,RGBA,PNG,7814451e5d7e7bec968e225d936f22bff777b3715ae71007c004c34ff028dca4,6.110139399999753,2.0.0,restoration_eval.error_maps,ok,,163.87159729003906,11.472352027893066,152.39926147460938,14,17480,0,0.08002743797873557,99.91997256202126
opencv_telea__mask_robustness__mask_robustness__p018__loss_small__variant_03,opencv_telea__mask_robustness__mask_robustness__p018__loss_small__variant_03,mask_robustness__p018__loss_small__variant_03,mask_robustness__p018__loss_small__variant_03,mask_robustness,p018,landscape_natural,Classical Landscape with Figures,Henri Mauperché,,,opencv_telea,False,data/processed/clean/p018_clean.png,data/processed/damaged/mask_robustness/p018__loss_small__variant_03_damaged.png,data/processed/masks/mask_robustness/p018__loss_small__variant_03_mask.png,data/processed/restored/opencv_telea/mask_robustness/mask_robustness__p018__loss_small__variant_03_restored_opencv_telea.png,opencv_telea_mask_robustness_mask_robustness_p018_loss_small_variant_03_difference_maps.png,outputs/figures/opencv_difference_maps/all_cases/mask_robustness/opencv_telea_mask_robustness_mask_robustness_p018_loss_small_variant_03_difference_maps.png,768,768,589824,389376,17537,572287,13274,17537,0.029732598198784724,2.9732598198784723,0,130,768,637,0.0,122.0,458.0,550.0,5,both,127,65.95025755070232,-65.53943091748873,4.013586924898991,,5.269067764282227,30.879663467407227,255.0,0.2991672456264496,3.6151468753814697,150.6666717529297,4.969900131225586,29.400550842285156,-49.00000762939453,255.0,17537,167.1532440185547,44.302940368652344,-49.00000762939453,255.0,17422,114,1,99.3442435992473,0.6500541711809318,0.005702229571762559,572287,0.0,0.0,0.0,0.0,0,0,572287,0.0,0.0,100.0,13274,78.81856536865234,89.75374603271484,-49.00000762939453,255.0,6176,17,7081,46.52704535181557,0.12806991110441465,53.34488473708,389376,7.528369903564453,35.91816711425781,-49.00000762939453,255.0,17422,114,371840,4.474338428665352,0.029277613412228794,95.49638395792242,177.2151641845703,39.99386978149414,10.061924934387207,18.475088119506836,81.98463439941406,92.3733901977539,3.1660637855529785,9.414323806762695,0.0,0.0,0.0,0.0,False,False,False,False,0,improved,unchanged_or_undefined,0.0,255.0,-253.3333282470703,253.3333282470703,1683304,1683304,1.6053237915039062,2383,2335,RGBA,PNG,a463d2977bea67305fb0e040ee5f55a85edeaa90986b310a2b3bba8380427f31,5.9496633999515325,2.0.0,restoration_eval.error_maps,ok,,177.2151641845703,10.061924934387207,167.1532440185547,114,17422,1,0.6500541711809318,99.3442435992473
opencv_telea__mask_robustness__mask_robustness__p018__loss_small__variant_04,opencv_telea__mask_robustness__mask_robustness__p018__loss_small__variant_04,mask_robustness__p018__loss_small__variant_04,mask_robustness__p018__loss_small__variant_04,mask_robustness,p018,landscape_natural,Classical Landscape with Figures,Henri Mauperché,,,opencv_telea,False,data/processed/clean/p018_clean.png,data/processed/damaged/mask_robustness/p018__loss_small__variant_04_damaged.png,data/processed/masks/mask_robustness/p018__loss_small__variant_04_mask.png,data/processed/restored/opencv_telea/mask_robustness/mask_robustness__p018__loss_small__variant_04_restored_opencv_telea.png,opencv_telea_mask_robustness_mask_robustness_p018_loss_small_variant_04_difference_maps.png,outputs/figures/opencv_difference_maps/all_cases/mask_robustness/opencv_telea_mask_robustness_mask_robustness_p018_loss_small_variant_04_difference_maps.png,768,768,589824,389376,17521,572303,15181,17521,0.029705471462673612,2.970547146267361,0,130,768,637,4.0,149.0,656.0,561.0,5,both,127,75.09211802979283,-54.64804139794151,4.907865341222852,,5.0401082038879395,29.763341903686523,255.0,0.1827375590801239,1.6222913265228271,61.66666793823242,4.857370376586914,28.74907112121582,0.0,255.0,17521,163.5177001953125,43.35542297363281,33.66666793823242,255.0,17521,0,0,100.0,0.0,0.0,572303,0.0,0.0,0.0,0.0,0,0,572303,0.0,0.0,100.0,15181,76.37033081054688,88.14244079589844,0.0,255.0,6957,0,8224,45.827020617877615,0.0,54.172979382122385,389376,7.357909679412842,35.12252426147461,0.0,255.0,17521,0,371855,4.49976372452334,0.0,95.50023627547665,169.6693572998047,43.46028518676758,6.151646137237549,7.20270299911499,78.36519622802734,90.2165298461914,1.9948618412017822,4.24768590927124,0.0,0.0,0.0,0.0,False,False,False,False,0,improved,unchanged_or_undefined,0.0,255.0,-253.3333282470703,253.3333282470703,1680960,1680960,1.60308837890625,2383,2335,RGBA,PNG,ac4773f77a542374d37f811a9fe61063998863daaf7068d1045f830bd7f24927,5.835646599996835,2.0.0,restoration_eval.error_maps,ok,,169.6693572998047,6.151646137237549,163.5177001953125,0,17521,0,0.0,100.0
opencv_telea__mask_robustness__mask_robustness__p018__loss_small__variant_05,opencv_telea__mask_robustness__mask_robustness__p018__loss_small__variant_05,mask_robustness__p018__loss_small__variant_05,mask_robustness__p018__loss_small__variant_05,mask_robustness,p018,landscape_natural,Classical Landscape with Figures,Henri Mauperché,,,opencv_telea,False,data/processed/clean/p018_clean.png,data/processed/damaged/mask_robustness/p018__loss_small__variant_05_damaged.png,data/processed/masks/mask_robustness/p018__loss_small__variant_05_mask.png,data/processed/restored/opencv_telea/mask_robustness/mask_robustness__p018__loss_small__variant_05_restored_opencv_telea.png,opencv_telea_mask_robustness_mask_robustness_p018_loss_small_variant_05_difference_maps.png,outputs/figures/opencv_difference_maps/all_cases/mask_robustness/opencv_telea_mask_robustness_mask_robustness_p018_loss_small_variant_05_difference_maps.png,768,768,589824,389376,17483,572341,14288,17483,0.029641045464409724,2.9641045464409723,0,130,768,637,52.0,191.0,635.0,621.0,5,both,127,49.94886461133673,-36.77297946576675,2.5532473919770986,,5.076451301574707,29.765512466430664,220.6666717529297,0.45379188656806946,4.336536407470703,108.66666412353516,4.622659683227539,27.85862922668457,-29.333335876464844,217.33334350585938,17483,155.95465087890625,50.818111419677734,-29.333335876464844,217.33334350585938,17115,367,1,97.89509809529257,2.099182062575073,0.005719842132357147,572341,0.0,0.0,0.0,0.0,0,0,572341,0.0,0.0,100.0,14288,75.7264175415039,86.96476745605469,-29.333335876464844,217.33334350585938,6604,28,7656,46.22060470324748,0.1959686450167973,53.58342665173572,389376,7.002370357513428,34.0436897277832,-29.333335876464844,217.33334350585938,17115,367,371894,4.39549432938856,0.09425336949375411,95.51025230111769,171.2642364501953,37.795265197753906,15.309577941894531,20.174419403076172,79.91950988769531,89.61284637451172,4.193099021911621,10.204628944396973,0.0,0.0,0.0,0.0,False,False,False,False,0,improved,unchanged_or_undefined,0.0,255.0,-253.3333282470703,253.3333282470703,1687471,1687471,1.609297752380371,2383,2335,RGBA,PNG,c7f62217ae8e34a9759665aa8e6afdc333436c8b445b720bf8b53a9e542b7e9a,5.965786000015214,2.0.0,restoration_eval.error_maps,ok,,171.2642364501953,15.309577941894531,155.95465087890625,367,17115,1,2.099182062575073,97.89509809529257
opencv_telea__mask_robustness__mask_robustness__p018__scratch_thin__variant_01,opencv_telea__mask_robustness__mask_robustness__p018__scratch_thin__variant_01,mask_robustness__p018__scratch_thin__variant_01,mask_robustness__p018__scratch_thin__variant_01,mask_robustness,p018,landscape_natural,Classical Landscape with Figures,Henri Mauperché,,,opencv_telea,False,data/processed/clean/p018_clean.png,data/processed/damaged/mask_robustness/p018__scratch_thin__variant_01_damaged.png,data/processed/masks/mask_robustness/p018__scratch_thin__variant_01_mask.png,data/processed/restored/opencv_telea/mask_robustness/mask_robustness__p018__scratch_thin__variant_01_restored_opencv_telea.png,opencv_telea_mask_robustness_mask_robustness_p018_scratch_thin_variant_01_difference_maps.png,outputs/figures/opencv_difference_maps/all_cases/mask_robustness/opencv_telea_mask_robustness_mask_robustness_p018_scratch_thin_variant_01_difference_maps.png,768,768,589824,389376,7822,582002,26792,7822,0.013261583116319444,1.3261583116319444,0,130,768,637,0.0,133.0,759.0,645.0,5,both,127,67.4707662149493,-46.230418477797656,5.200628513549056,,2.4528071880340576,21.809181213378906,255.0,0.0718163400888443,1.171022891998291,97.66666412353516,2.380991220474243,21.238603591918945,0.0,255.0,7822,179.5404815673828,46.9744758605957,30.666664123535156,255.0,7822,0,0,100.0,0.0,0.0,582002,0.0,0.0,0.0,0.0,0,0,582002,0.0,0.0,100.0,26792,52.388797760009766,85.45989227294922,0.0,255.0,7819,0,18973,29.184084801433265,0.0,70.81591519856674,389376,3.606708288192749,26.05512046813965,0.0,255.0,7822,0,381554,2.008855193951348,0.0,97.99114480604865,184.9558563232422,45.94610595703125,5.415367126464844,8.629383087158203,53.96982955932617,87.65625762939453,1.5810316801071167,5.272839546203613,0.0,0.0,0.0,0.0,False,False,False,False,0,improved,unchanged_or_undefined,0.0,255.0,-253.3333282470703,253.3333282470703,1701394,1701394,1.6225757598876953,2383,2335,RGBA,PNG,1cb9ebc4a22dd44542112cba0f75c2f9bcb13ccef019fbe145e8011a89013fa3,5.838345399999525,2.0.0,restoration_eval.error_maps,ok,,184.9558563232422,5.415367126464844,179.5404815673828,0,7822,0,0.0,100.0
opencv_telea__mask_robustness__mask_robustness__p018__scratch_thin__variant_02,opencv_telea__mask_robustness__mask_robustness__p018__scratch_thin__variant_02,mask_robustness__p018__scratch_thin__variant_02,mask_robustness__p018__scratch_thin__variant_02,mask_robustness,p018,landscape_natural,Classical Landscape with Figures,Henri Mauperché,,,opencv_telea,False,data/processed/clean/p018_clean.png,data/processed/damaged/mask_robustness/p018__scratch_thin__variant_02_damaged.png,data/processed/masks/mask_robustness/p018__scratch_thin__variant_02_mask.png,data/processed/restored/opencv_telea/mask_robustness/mask_robustness__p018__scratch_thin__variant_02_restored_opencv_telea.png,opencv_telea_mask_robustness_mask_robustness_p018_scratch_thin_variant_02_difference_maps.png,outputs/figures/opencv_difference_maps/all_cases/mask_robustness/opencv_telea_mask_robustness_mask_robustness_p018_scratch_thin_variant_02_difference_maps.png,768,768,589824,389376,7894,581930,39748,7894,0.013383653428819444,1.3383653428819444,0,130,768,637,17.0,200.0,683.0,645.0,5,both,127,74.1495650705177,-50.56321256650621,5.78783137319661,,2.2570996284484863,20.193683624267578,255.0,0.06789200752973557,1.0701647996902466,81.0,2.1892080307006836,19.59662437438965,0.0,255.0,7894,163.57327270507812,47.91313934326172,18.333335876464844,255.0,7894,0,0,100.0,0.0,0.0,581930,0.0,0.0,0.0,0.0,0,0,581930,0.0,0.0,100.0,39748,32.485843658447266,68.66154479980469,0.0,255.0,7894,0,31854,19.860118748113113,0.0,80.13988125188689,389376,3.3161962032318115,24.04132080078125,0.0,255.0,7894,0,381482,2.027346318211703,0.0,97.9726536817883,168.64601135253906,49.07195281982422,5.072755813598633,7.757742404937744,33.4932975769043,70.74569702148438,1.0074553489685059,4.005988121032715,0.0,0.0,0.0,0.0,False,False,False,False,0,improved,unchanged_or_undefined,0.0,255.0,-253.3333282470703,253.3333282470703,1778911,1778911,1.6965017318725586,2383,2335,RGBA,PNG,65e39aeb6d8e23d7132434d6152f45ae8fdd273db87225f8e0f21b5f2a577618,5.997450399969239,2.0.0,restoration_eval.error_maps,ok,,168.64601135253906,5.072755813598633,163.57327270507812,0,7894,0,0.0,100.0
opencv_telea__mask_robustness__mask_robustness__p018__scratch_thin__variant_03,opencv_telea__mask_robustness__mask_robustness__p018__scratch_thin__variant_03,mask_robustness__p018__scratch_thin__variant_03,mask_robustness__p018__scratch_thin__variant_03,mask_robustness,p018,landscape_natural,Classical Landscape with Figures,Henri Mauperché,,,opencv_telea,False,data/processed/clean/p018_clean.png,data/processed/damaged/mask_robustness/p018__scratch_thin__variant_03_damaged.png,data/processed/masks/mask_robustness/p018__scratch_thin__variant_03_mask.png,data/processed/restored/opencv_telea/mask_robustness/mask_robustness__p018__scratch_thin__variant_03_restored_opencv_telea.png,opencv_telea_mask_robustness_mask_robustness_p018_scratch_thin_variant_03_difference_maps.png,outputs/figures/opencv_difference_maps/all_cases/mask_robustness/opencv_telea_mask_robustness_mask_robustness_p018_scratch_thin_variant_03_difference_maps.png,768,768,589824,389376,7790,582034,28121,7790,0.013207329644097222,1.320732964409722,0,130,768,637,0.0,122.0,768.0,645.0,5,both,127,53.76362858365426,-68.17552417629439,3.879042826613748,,2.5152084827423096,22.351652145385742,255.0,0.1229044571518898,2.0362918376922607,107.0,2.3923048973083496,21.27179718017578,0.0,255.0,7790,181.13462829589844,43.4057502746582,5.333335876464844,255.0,7790,0,0,100.0,0.0,0.0,582034,0.0,0.0,0.0,0.0,0,0,582034,0.0,0.0,100.0,28121,50.168357849121094,84.21173858642578,0.0,255.0,7789,0,20332,27.69816151630454,0.0,72.30183848369546,389376,3.6238455772399902,26.095304489135742,0.0,255.0,7790,0,381586,2.0006369165023012,0.0,97.9993630834977,190.4403839111328,45.15119171142578,9.305776596069336,15.11620044708252,52.74618911743164,88.47030639648438,2.577836275100708,8.980091094970703,0.0,0.0,0.0,0.0,False,False,False,False,0,improved,unchanged_or_undefined,0.0,255.0,-253.3333282470703,253.3333282470703,1715593,1715593,1.6361169815063477,2383,2335,RGBA,PNG,0214a4efd70c55c65d73b8d16005118d071df5da4e4be2fb70b1d217c9c234d6,5.811925199988764,2.0.0,restoration_eval.error_maps,ok,,190.4403839111328,9.305776596069336,181.13462829589844,0,7790,0,0.0,100.0
opencv_telea__mask_robustness__mask_robustness__p018__scratch_thin__variant_04,opencv_telea__mask_robustness__mask_robustness__p018__scratch_thin__variant_04,mask_robustness__p018__scratch_thin__variant_04,mask_robustness__p018__scratch_thin__variant_04,mask_robustness,p018,landscape_natural,Classical Landscape with Figures,Henri Mauperché,,,opencv_telea,False,data/processed/clean/p018_clean.png,data/processed/damaged/mask_robustness/p018__scratch_thin__variant_04_damaged.png,data/processed/masks/mask_robustness/p018__scratch_thin__variant_04_mask.png,data/processed/restored/opencv_telea/mask_robustness/mask_robustness__p018__scratch_thin__variant_04_restored_opencv_telea.png,opencv_telea_mask_robustness_mask_robustness_p018_scratch_thin_variant_04_difference_maps.png,outputs/figures/opencv_difference_maps/all_cases/mask_robustness/opencv_telea_mask_robustness_mask_robustness_p018_scratch_thin_variant_04_difference_maps.png,768,768,589824,389376,7788,582036,36558,7788,0.013203938802083334,1.3203938802083335,0,130,768,637,0.0,189.0,587.0,587.0,5,both,127,81.3615391200137,-63.016906351652096,5.8036824883240286,,2.392887592315674,21.198734283447266,255.0,0.06062202900648117,0.7607788443565369,68.0,2.332265615463257,20.69965362548828,0.0,255.0,7788,176.6340789794922,40.779197692871094,29.666664123535156,255.0,7788,0,0,100.0,0.0,0.0,582036,0.0,0.0,0.0,0.0,0,0,582036,0.0,0.0,100.0,36558,37.628597259521484,74.73179626464844,0.0,255.0,7788,0,28770,21.3031347447891,0.0,78.6968652552109,389376,3.532899856567383,25.393108367919922,0.0,255.0,7788,0,381588,2.000123274161736,0.0,97.99987672583826,181.2252960205078,40.31494140625,4.591208457946777,4.799310684204102,38.60667419433594,76.50012969970703,0.9780714511871338,2.9052951335906982,0.0,0.0,0.0,0.0,False,False,False,False,0,improved,unchanged_or_undefined,0.0,255.0,-253.3333282470703,253.3333282470703,1762485,1762485,1.6808366775512695,2383,2335,RGBA,PNG,463c6e49d058ef44d86cd3cadee2bcd64ef1e2d001d4e7b916fe4787a07b0e48,5.968570600030944,2.0.0,restoration_eval.error_maps,ok,,181.2252960205078,4.591208457946777,176.6340789794922,0,7788,0,0.0,100.0
opencv_telea__mask_robustness__mask_robustness__p018__scratch_thin__variant_05,opencv_telea__mask_robustness__mask_robustness__p018__scratch_thin__variant_05,mask_robustness__p018__scratch_thin__variant_05,mask_robustness__p018__scratch_thin__variant_05,mask_robustness,p018,landscape_natural,Classical Landscape with Figures,Henri Mauperché,,,opencv_telea,False,data/processed/clean/p018_clean.png,data/processed/damaged/mask_robustness/p018__scratch_thin__variant_05_damaged.png,data/processed/masks/mask_robustness/p018__scratch_thin__variant_05_mask.png,data/processed/restored/opencv_telea/mask_robustness/mask_robustness__p018__scratch_thin__variant_05_restored_opencv_telea.png,opencv_telea_mask_robustness_mask_robustness_p018_scratch_thin_variant_05_difference_maps.png,outputs/figures/opencv_difference_maps/all_cases/mask_robustness/opencv_telea_mask_robustness_mask_robustness_p018_scratch_thin_variant_05_difference_maps.png,768,768,589824,389376,7782,582042,39603,7782,0.013193766276041666,1.3193766276041665,0,130,768,637,65.0,198.0,658.0,595.0,5,both,127,84.71335560695621,-59.62691681658528,5.748359592104002,,2.390664577484131,21.08176612854004,232.0,0.06597787141799927,0.8542473316192627,66.0,2.3246867656707764,20.540271759033203,0.0,222.33334350585938,7782,176.19583129882812,36.634151458740234,46.666664123535156,222.33334350585938,7782,0,0,100.0,0.0,0.0,582042,0.0,0.0,0.0,0.0,0,0,582042,0.0,0.0,100.0,39603,34.62252426147461,71.87030792236328,0.0,222.33334350585938,7782,0,31821,19.650026513142944,0.0,80.34997348685705,389376,3.521418571472168,25.19684410095215,0.0,222.33334350585938,7782,0,381594,1.9985823471400395,0.0,98.00141765285996,181.196533203125,35.87033462524414,5.000685691833496,5.534657001495361,35.605167388916016,73.73355865478516,0.982636034488678,3.15714430809021,0.0,0.0,0.0,0.0,False,False,False,False,0,improved,unchanged_or_undefined,0.0,255.0,-253.3333282470703,253.3333282470703,1761959,1761959,1.6803350448608398,2383,2335,RGBA,PNG,5d8e52a70d38d2f5457aec15f2638df1d4c0c5369637b69e148f8ea87b06bec9,5.824674999981653,2.0.0,restoration_eval.error_maps,ok,,181.196533203125,5.000685691833496,176.19583129882812,0,7782,0,0.0,100.0
opencv_telea__mask_robustness__mask_robustness__p026__loss_large__variant_01,opencv_telea__mask_robustness__mask_robustness__p026__loss_large__variant_01,mask_robustness__p026__loss_large__variant_01,mask_robustness__p026__loss_large__variant_01,mask_robustness,p026,architecture_structured,View of a Village along a River,attributed to Jan Brueghel I,,,opencv_telea,False,data/processed/clean/p026_clean.png,data/processed/damaged/mask_robustness/p026__loss_large__variant_01_damaged.png,data/processed/masks/mask_robustness/p026__loss_large__variant_01_mask.png,data/processed/restored/opencv_telea/mask_robustness/mask_robustness__p026__loss_large__variant_01_restored_opencv_telea.png,opencv_telea_mask_robustness_mask_robustness_p026_loss_large_variant_01_difference_maps.png,outputs/figures/opencv_difference_maps/all_cases/mask_robustness/opencv_telea_mask_robustness_mask_robustness_p026_loss_large_variant_01_difference_maps.png,768,768,589824,406272,50871,538953,12186,50871,0.08624776204427083,8.624776204427082,0,119,768,648,122.0,247.0,407.0,579.0,5,both,127,30.655134228407803,-75.53073460321205,1.3647280352071045,,15.571175575256348,50.94366455078125,226.0,1.2821729183197021,5.318451881408691,87.33333587646484,14.289005279541016,46.918304443359375,0.0,207.33334350585938,50871,165.6739044189453,21.042245864868164,16.666664123535156,207.33334350585938,50871,0,0,100.0,0.0,0.0,538953,0.0,0.0,0.0,0.0,0,0,538953,0.0,0.0,100.0,12186,81.7945785522461,84.6226806640625,0.0,207.33334350585938,6010,0,6176,49.318890530116526,0.0,50.68110946988347,406272,20.744714736938477,55.3349494934082,0.0,207.33334350585938,50871,0,355401,12.52141422495274,0.0,87.47858577504726,180.54005432128906,17.52712631225586,14.866157531738281,11.225852966308594,87.73553466796875,90.0499038696289,5.9409708976745605,9.331910133361816,0.0,0.0,0.0,0.0,False,False,False,False,0,improved,unchanged_or_undefined,0.0,255.0,-253.3333282470703,253.3333282470703,2333470,2333470,2.225370407104492,2383,2335,RGBA,PNG,1ecb0330a14725787609b0eee464f6979fece960a231389ac8303496cdd765db,6.01536090002628,2.0.0,restoration_eval.error_maps,ok,,180.54005432128906,14.866157531738281,165.6739044189453,0,50871,0,0.0,100.0
opencv_telea__mask_robustness__mask_robustness__p026__loss_large__variant_02,opencv_telea__mask_robustness__mask_robustness__p026__loss_large__variant_02,mask_robustness__p026__loss_large__variant_02,mask_robustness__p026__loss_large__variant_02,mask_robustness,p026,architecture_structured,View of a Village along a River,attributed to Jan Brueghel I,,,opencv_telea,False,data/processed/clean/p026_clean.png,data/processed/damaged/mask_robustness/p026__loss_large__variant_02_damaged.png,data/processed/masks/mask_robustness/p026__loss_large__variant_02_mask.png,data/processed/restored/opencv_telea/mask_robustness/mask_robustness__p026__loss_large__variant_02_restored_opencv_telea.png,opencv_telea_mask_robustness_mask_robustness_p026_loss_large_variant_02_difference_maps.png,outputs/figures/opencv_difference_maps/all_cases/mask_robustness/opencv_telea_mask_robustness_mask_robustness_p026_loss_large_variant_02_difference_maps.png,768,768,589824,406272,50836,538988,13803,50836,0.08618842230902778,8.618842230902777,0,119,768,648,347.0,280.0,699.0,589.0,5,both,127,36.338480604296166,-20.446370026490413,1.7876048296839429,,12.084376335144043,40.2986946105957,216.6666717529297,1.2781779766082764,5.998321056365967,94.66666412353516,10.806197166442871,36.64754867553711,-25.0,193.66665649414062,50836,125.37876892089844,34.89513397216797,-25.0,193.66665649414062,50539,291,6,99.41576835313558,0.5724289873318121,0.011802659532614683,538988,0.0,0.0,0.0,0.0,0,0,538988,0.0,0.0,100.0,13803,69.88948822021484,72.67662048339844,0.0,193.66665649414062,6823,0,6980,49.43128305440846,0.0,50.56871694559154,406272,15.688392639160156,43.28083038330078,-25.0,193.66665649414062,50539,291,355442,12.439695573408947,0.07162689035916825,87.48867753623189,140.20880126953125,29.63256072998047,14.830041885375977,14.713290214538574,73.8128662109375,76.75457000732422,3.9233739376068115,6.948996067047119,0.0,0.0,0.0,0.0,False,False,False,False,0,improved,unchanged_or_undefined,0.0,255.0,-253.3333282470703,253.3333282470703,2337614,2337614,2.2293224334716797,2383,2335,RGBA,PNG,7e863af0171e27cb9a7b060f797b1fd0d4bd96fa4e30a0b11e7013e1e3bdd5af,5.812779700034298,2.0.0,restoration_eval.error_maps,ok,,140.20880126953125,14.830041885375977,125.37876892089844,291,50539,6,0.5724289873318121,99.41576835313558
opencv_telea__mask_robustness__mask_robustness__p026__loss_large__variant_03,opencv_telea__mask_robustness__mask_robustness__p026__loss_large__variant_03,mask_robustness__p026__loss_large__variant_03,mask_robustness__p026__loss_large__variant_03,mask_robustness,p026,architecture_structured,View of a Village along a River,attributed to Jan Brueghel I,,,opencv_telea,False,data/processed/clean/p026_clean.png,data/processed/damaged/mask_robustness/p026__loss_large__variant_03_damaged.png,data/processed/masks/mask_robustness/p026__loss_large__variant_03_mask.png,data/processed/restored/opencv_telea/mask_robustness/mask_robustness__p026__loss_large__variant_03_restored_opencv_telea.png,opencv_telea_mask_robustness_mask_robustness_p026_loss_large_variant_03_difference_maps.png,outputs/figures/opencv_difference_maps/all_cases/mask_robustness/opencv_telea_mask_robustness_mask_robustness_p026_loss_large_variant_03_difference_maps.png,768,768,589824,406272,50777,539047,14421,50777,0.08608839246961805,8.608839246961805,0,119,768,648,82.0,317.0,510.0,574.0,5,both,127,31.49838181328816,-58.19623057683596,1.4168173056769575,,15.089106559753418,49.4120979309082,226.0,1.3530538082122803,5.772834300994873,92.66666412353516,13.736051559448242,45.26198196411133,-21.666664123535156,208.6666717529297,50777,159.5575714111328,23.024213790893555,-21.666664123535156,208.6666717529297,50775,2,0,99.99606120881501,0.003938791184985328,0.0,539047,0.0,0.0,0.0,0.0,0,0,539047,0.0,0.0,100.0,14421,84.1589126586914,85.03672790527344,0.0,208.6666717529297,7238,0,7183,50.190694126620905,0.0,49.8093058733791,406272,19.94194793701172,53.38972854614258,-21.666664123535156,208.6666717529297,50775,2,355495,12.497784735349716,0.0004922810333963453,87.50172298361689,175.27459716796875,16.868974685668945,15.717031478881836,12.70236587524414,89.18875122070312,89.705810546875,5.02984094619751,8.164046287536621,0.0,0.0,0.0,0.0,False,False,False,False,0,improved,unchanged_or_undefined,0.0,255.0,-253.3333282470703,253.3333282470703,2358641,2358641,2.249375343322754,2383,2335,RGBA,PNG,5372a3699cba64d20671f43c25288a007bc3912a688dfe9a4e1f825db7789a7d,5.839330299990252,2.0.0,restoration_eval.error_maps,ok,,175.27459716796875,15.717031478881836,159.5575714111328,2,50775,0,0.003938791184985328,99.99606120881501
opencv_telea__mask_robustness__mask_robustness__p026__loss_large__variant_04,opencv_telea__mask_robustness__mask_robustness__p026__loss_large__variant_04,mask_robustness__p026__loss_large__variant_04,mask_robustness__p026__loss_large__variant_04,mask_robustness,p026,architecture_structured,View of a Village along a River,attributed to Jan Brueghel I,,,opencv_telea,False,data/processed/clean/p026_clean.png,data/processed/damaged/mask_robustness/p026__loss_large__variant_04_damaged.png,data/processed/masks/mask_robustness/p026__loss_large__variant_04_mask.png,data/processed/restored/opencv_telea/mask_robustness/mask_robustness__p026__loss_large__variant_04_restored_opencv_telea.png,opencv_telea_mask_robustness_mask_robustness_p026_loss_large_variant_04_difference_maps.png,outputs/figures/opencv_difference_maps/all_cases/mask_robustness/opencv_telea_mask_robustness_mask_robustness_p026_loss_large_variant_04_difference_maps.png,768,768,589824,406272,50794,539030,14892,50794,0.0861172146267361,8.61172146267361,0,119,768,648,138.0,277.0,660.0,577.0,5,both,127,32.251558583034736,-48.77507185888096,1.4976178665580804,,13.96857738494873,46.47151565551758,226.0,1.2259368896484375,5.086553573608398,101.33333587646484,12.742640495300293,42.784358978271484,-28.666671752929688,209.3333282470703,50794,147.9685516357422,35.30925750732422,-28.666671752929688,209.3333282470703,50793,1,0,99.99803126353505,0.0019687364649368035,0.0,539030,0.0,0.0,0.0,0.0,0,0,539030,0.0,0.0,100.0,14892,75.55343627929688,79.9573745727539,0.0,209.3333282470703,7237,0,7655,48.59656191243621,0.0,51.40343808756379,406272,18.499710083007812,50.507530212402344,-28.666671752929688,209.3333282470703,50793,1,355478,12.502215264650285,0.00024614051669817264,87.49753859483302,162.20423889160156,32.140384674072266,14.235675811767578,10.734857559204102,79.73023986816406,84.10826110839844,4.176806449890137,6.762335777282715,0.0,0.0,0.0,0.0,False,False,False,False,0,improved,unchanged_or_undefined,0.0,255.0,-253.3333282470703,253.3333282470703,2351069,2351069,2.242154121398926,2383,2335,RGBA,PNG,0ae9c02a90b2c3c86d6ab7161ce78777301136c17cffdcae6d067c85874993cb,6.149853999959305,2.0.0,restoration_eval.error_maps,ok,,162.20423889160156,14.235675811767578,147.9685516357422,1,50793,0,0.0019687364649368035,99.99803126353505
opencv_telea__mask_robustness__mask_robustness__p026__loss_large__variant_05,opencv_telea__mask_robustness__mask_robustness__p026__loss_large__variant_05,mask_robustness__p026__loss_large__variant_05,mask_robustness__p026__loss_large__variant_05,mask_robustness,p026,architecture_structured,View of a Village along a River,attributed to Jan Brueghel I,,,opencv_telea,False,data/processed/clean/p026_clean.png,data/processed/damaged/mask_robustness/p026__loss_large__variant_05_damaged.png,data/processed/masks/mask_robustness/p026__loss_large__variant_05_mask.png,data/processed/restored/opencv_telea/mask_robustness/mask_robustness__p026__loss_large__variant_05_restored_opencv_telea.png,opencv_telea_mask_robustness_mask_robustness_p026_loss_large_variant_05_difference_maps.png,outputs/figures/opencv_difference_maps/all_cases/mask_robustness/opencv_telea_mask_robustness_mask_robustness_p026_loss_large_variant_05_difference_maps.png,768,768,589824,406272,50704,539120,11720,50704,0.0859646267361111,8.59646267361111,0,119,768,648,184.0,194.0,441.0,565.0,5,both,127,24.44807115809404,-83.80371699800148,1.0652728960488993,,14.838621139526367,49.091129302978516,226.0,1.7128276824951172,7.931888103485107,149.0,13.125794410705566,43.84626388549805,-30.333335876464844,204.6666717529297,50704,152.6883087158203,32.4691276550293,-30.333335876464844,204.6666717529297,50700,4,0,99.99211107604923,0.007888923950773116,0.0,539120,0.0,0.0,0.0,0.0,0,0,539120,0.0,0.0,100.0,11720,75.93560028076172,80.58243560791016,0.0,204.6666717529297,5791,0,5929,49.411262798634816,0.0,50.588737201365184,406272,19.055973052978516,51.75004577636719,-30.333335876464844,204.6666717529297,50700,4,355568,12.479324196597354,0.0009845620667926905,87.51969124133585,172.6131134033203,28.286453247070312,19.92479705810547,19.209367752075195,81.43299102783203,85.85557556152344,5.497383117675781,9.04806900024414,0.0,0.0,0.0,0.0,False,False,False,False,0,improved,unchanged_or_undefined,0.0,255.0,-253.3333282470703,253.3333282470703,2336052,2336052,2.227832794189453,2383,2335,RGBA,PNG,6c4f81d56027161979236d6a09a63ec4c20167390724ccc5ce00bd2f26104fb1,5.777992899995297,2.0.0,restoration_eval.error_maps,ok,,172.6131134033203,19.92479705810547,152.6883087158203,4,50700,0,0.007888923950773116,99.99211107604923
opencv_telea__mask_robustness__mask_robustness__p026__loss_small__variant_01,opencv_telea__mask_robustness__mask_robustness__p026__loss_small__variant_01,mask_robustness__p026__loss_small__variant_01,mask_robustness__p026__loss_small__variant_01,mask_robustness,p026,architecture_structured,View of a Village along a River,attributed to Jan Brueghel I,,,opencv_telea,False,data/processed/clean/p026_clean.png,data/processed/damaged/mask_robustness/p026__loss_small__variant_01_damaged.png,data/processed/masks/mask_robustness/p026__loss_small__variant_01_mask.png,data/processed/restored/opencv_telea/mask_robustness/mask_robustness__p026__loss_small__variant_01_restored_opencv_telea.png,opencv_telea_mask_robustness_mask_robustness_p026_loss_small_variant_01_difference_maps.png,outputs/figures/opencv_difference_maps/all_cases/mask_robustness/opencv_telea_mask_robustness_mask_robustness_p026_loss_small_variant_01_difference_maps.png,768,768,589824,406272,18250,571574,14175,18250,0.030941433376736112,3.094143337673611,0,119,768,648,172.0,278.0,749.0,649.0,5,both,127,44.131908675799096,-33.44785388127853,2.458513515819877,,4.6366868019104,26.358078002929688,218.3333282470703,0.274010568857193,2.029226303100586,80.0,4.362676620483398,24.818164825439453,0.0,206.66665649414062,18250,140.9978790283203,25.326194763183594,14.666671752929688,206.66665649414062,18250,0,0,100.0,0.0,0.0,571574,0.0,0.0,0.0,0.0,0,0,571574,0.0,0.0,100.0,14175,66.94537353515625,73.37677764892578,0.0,206.66665649414062,6649,0,7526,46.90652557319224,0.0,53.09347442680776,406272,6.333715915679932,29.694061279296875,0.0,206.66665649414062,18250,0,388022,4.492064429741651,0.0,95.50793557025835,149.85365295410156,26.31255531311035,8.855780601501465,7.555403709411621,70.36734008789062,77.03998565673828,3.4219634532928467,5.862154960632324,0.0,0.0,0.0,0.0,False,False,False,False,0,improved,unchanged_or_undefined,0.0,255.0,-253.3333282470703,253.3333282470703,2254391,2254391,2.1499547958374023,2383,2335,RGBA,PNG,8e800067fd1c93bec9d09d903d4d1a2c3369827ae8df02cf54907d8697916e13,5.904688499984331,2.0.0,restoration_eval.error_maps,ok,,149.85365295410156,8.855780601501465,140.9978790283203,0,18250,0,0.0,100.0
opencv_telea__mask_robustness__mask_robustness__p026__loss_small__variant_02,opencv_telea__mask_robustness__mask_robustness__p026__loss_small__variant_02,mask_robustness__p026__loss_small__variant_02,mask_robustness__p026__loss_small__variant_02,mask_robustness,p026,architecture_structured,View of a Village along a River,attributed to Jan Brueghel I,,,opencv_telea,False,data/processed/clean/p026_clean.png,data/processed/damaged/mask_robustness/p026__loss_small__variant_02_damaged.png,data/processed/masks/mask_robustness/p026__loss_small__variant_02_mask.png,data/processed/restored/opencv_telea/mask_robustness/mask_robustness__p026__loss_small__variant_02_restored_opencv_telea.png,opencv_telea_mask_robustness_mask_robustness_p026_loss_small_variant_02_difference_maps.png,outputs/figures/opencv_difference_maps/all_cases/mask_robustness/opencv_telea_mask_robustness_mask_robustness_p026_loss_small_variant_02_difference_maps.png,768,768,589824,406272,18265,571559,12616,18265,0.030966864691840276,3.0966864691840277,0,119,768,648,81.0,170.0,768.0,656.0,5,both,127,55.65243179122182,-8.357423122547686,3.2638015272992043,,4.1979241371154785,24.50278663635254,223.3333282470703,0.2345106303691864,1.7831059694290161,86.33333587646484,3.9634132385253906,23.21564292907715,-4.333335876464844,215.0,18265,127.98884582519531,39.12467956542969,-4.333335876464844,215.0,18264,1,0,99.99452504790584,0.005474952094169176,0.0,571559,0.0,0.0,0.0,0.0,0,0,571559,0.0,0.0,100.0,12616,60.478939056396484,70.31993103027344,0.0,215.0,5893,0,6723,46.71052631578947,0.0,53.289473684210535,406272,5.754067420959473,27.787864685058594,-4.333335876464844,215.0,18264,1,388007,4.495510396975425,0.00024614051669817264,95.50424346250787,135.5618133544922,39.7506217956543,7.572953701019287,6.862908363342285,63.01165008544922,73.06512451171875,2.532709836959839,4.773550510406494,0.0,0.0,0.0,0.0,False,False,False,False,0,improved,unchanged_or_undefined,0.0,255.0,-253.3333282470703,253.3333282470703,2243146,2243146,2.139230728149414,2383,2335,RGBA,PNG,1e3c048710899ee3a555cce09e74b5332f30fd066b2008c266504d94ab9b9a4a,6.11289950000355,2.0.0,restoration_eval.error_maps,ok,,135.5618133544922,7.572953701019287,127.98884582519531,1,18264,0,0.005474952094169176,99.99452504790584
opencv_telea__mask_robustness__mask_robustness__p026__loss_small__variant_03,opencv_telea__mask_robustness__mask_robustness__p026__loss_small__variant_03,mask_robustness__p026__loss_small__variant_03,mask_robustness__p026__loss_small__variant_03,mask_robustness,p026,architecture_structured,View of a Village along a River,attributed to Jan Brueghel I,,,opencv_telea,False,data/processed/clean/p026_clean.png,data/processed/damaged/mask_robustness/p026__loss_small__variant_03_damaged.png,data/processed/masks/mask_robustness/p026__loss_small__variant_03_mask.png,data/processed/restored/opencv_telea/mask_robustness/mask_robustness__p026__loss_small__variant_03_restored_opencv_telea.png,opencv_telea_mask_robustness_mask_robustness_p026_loss_small_variant_03_difference_maps.png,outputs/figures/opencv_difference_maps/all_cases/mask_robustness/opencv_telea_mask_robustness_mask_robustness_p026_loss_small_variant_03_difference_maps.png,768,768,589824,406272,18241,571583,13599,18241,0.030926174587673612,3.092617458767361,0,119,768,648,0.0,233.0,631.0,656.0,5,both,127,41.62041554739324,-58.4067393965974,2.00545008770656,,5.294204235076904,30.204538345336914,227.0,0.3877161741256714,3.153540849685669,140.3333282470703,4.906486988067627,28.204683303833008,-16.0,222.6666717529297,18241,158.651611328125,36.47970199584961,-16.0,222.6666717529297,18233,8,0,99.9561427553314,0.04385724466860369,0.0,571583,0.0,0.0,0.0,0.0,0,0,571583,0.0,0.0,100.0,13599,76.10297393798828,84.12554931640625,-16.0,222.6666717529297,6419,1,7179,47.20200014706964,0.007353481873667182,52.790646371056695,406272,7.123218059539795,33.75083923339844,-16.0,222.6666717529297,18233,8,388031,4.487880040957782,0.001969124133585381,95.51015083490864,171.1884307861328,33.174739837646484,12.53683090209961,13.009806632995605,80.4658432006836,88.44757843017578,4.362869739532471,7.610713005065918,0.0,0.0,0.0,0.0,False,False,False,False,0,improved,unchanged_or_undefined,0.0,255.0,-253.3333282470703,253.3333282470703,2265183,2265183,2.1602468490600586,2383,2335,RGBA,PNG,9dbbdf27c24623fae80fa94569456ba4b2b896a493f2017dd0cdac315b66c350,6.168792600044981,2.0.0,restoration_eval.error_maps,ok,,171.1884307861328,12.53683090209961,158.651611328125,8,18233,0,0.04385724466860369,99.9561427553314
opencv_telea__mask_robustness__mask_robustness__p026__loss_small__variant_04,opencv_telea__mask_robustness__mask_robustness__p026__loss_small__variant_04,mask_robustness__p026__loss_small__variant_04,mask_robustness__p026__loss_small__variant_04,mask_robustness,p026,architecture_structured,View of a Village along a River,attributed to Jan Brueghel I,,,opencv_telea,False,data/processed/clean/p026_clean.png,data/processed/damaged/mask_robustness/p026__loss_small__variant_04_damaged.png,data/processed/masks/mask_robustness/p026__loss_small__variant_04_mask.png,data/processed/restored/opencv_telea/mask_robustness/mask_robustness__p026__loss_small__variant_04_restored_opencv_telea.png,opencv_telea_mask_robustness_mask_robustness_p026_loss_small_variant_04_difference_maps.png,outputs/figures/opencv_difference_maps/all_cases/mask_robustness/opencv_telea_mask_robustness_mask_robustness_p026_loss_small_variant_04_difference_maps.png,768,768,589824,406272,18235,571589,15112,18235,0.030916002061631944,3.091600206163194,0,119,768,648,231.0,111.0,643.0,565.0,5,both,127,55.25557078877616,-21.287706790969764,3.0348587794555613,,4.236200332641602,24.856155395507812,230.0,0.2666291892528534,2.0957400798797607,78.0,3.969571828842163,23.318376541137695,0.0,215.6666717529297,18235,128.3986053466797,40.14167785644531,4.0,215.6666717529297,18235,0,0,100.0,0.0,0.0,571589,0.0,0.0,0.0,0.0,0,0,571589,0.0,0.0,100.0,15112,62.695831298828125,71.71378326416016,0.0,215.6666717529297,7158,0,7954,47.36633139227104,0.0,52.63366860772896,406272,5.763007164001465,27.911884307861328,0.0,215.6666717529297,18235,0,388037,4.488372321991179,0.0,95.51162767800882,137.02291870117188,42.299800872802734,8.624312400817871,8.365824699401855,66.3560562133789,76.10145568847656,3.6602258682250977,7.59857177734375,0.0,0.0,0.0,0.0,False,False,False,False,0,improved,unchanged_or_undefined,0.0,255.0,-253.3333282470703,253.3333282470703,2262876,2262876,2.1580467224121094,2383,2335,RGBA,PNG,a40fc13a79f899abd3bf72824beedd96df11cc5fd4256d2eed1654a22fb366ff,6.010977800004184,2.0.0,restoration_eval.error_maps,ok,,137.02291870117188,8.624312400817871,128.3986053466797,0,18235,0,0.0,100.0
opencv_telea__mask_robustness__mask_robustness__p026__loss_small__variant_05,opencv_telea__mask_robustness__mask_robustness__p026__loss_small__variant_05,mask_robustness__p026__loss_small__variant_05,mask_robustness__p026__loss_small__variant_05,mask_robustness,p026,architecture_structured,View of a Village along a River,attributed to Jan Brueghel I,,,opencv_telea,False,data/processed/clean/p026_clean.png,data/processed/damaged/mask_robustness/p026__loss_small__variant_05_damaged.png,data/processed/masks/mask_robustness/p026__loss_small__variant_05_mask.png,data/processed/restored/opencv_telea/mask_robustness/mask_robustness__p026__loss_small__variant_05_restored_opencv_telea.png,opencv_telea_mask_robustness_mask_robustness_p026_loss_small_variant_05_difference_maps.png,outputs/figures/opencv_difference_maps/all_cases/mask_robustness/opencv_telea_mask_robustness_mask_robustness_p026_loss_small_variant_05_difference_maps.png,768,768,589824,406272,18265,571559,12243,18265,0.030966864691840276,3.0966864691840277,0,119,768,648,241.0,252.0,768.0,614.0,5,both,127,41.0917966967789,-29.386787115612748,2.1561323034576105,,4.55820894241333,26.11171531677246,223.6666717529297,0.3971337080001831,3.31866717338562,95.0,4.161074638366699,24.01087760925293,0.0,208.6666717529297,18265,134.371826171875,33.47711944580078,32.333335876464844,208.6666717529297,18265,0,0,100.0,0.0,0.0,571559,0.0,0.0,0.0,0.0,0,0,571559,0.0,0.0,100.0,12243,66.57540130615234,73.08109283447266,0.0,208.6666717529297,5835,0,6408,47.65988728252879,0.0,52.34011271747121,406272,6.0410308837890625,28.733863830566406,0.0,208.6666717529297,18265,0,388007,4.495756537492124,0.0,95.50424346250787,147.19631958007812,31.968435287475586,12.82447338104248,14.010063171386719,70.09101104736328,76.8188705444336,3.5156142711639404,6.697667121887207,0.0,0.0,0.0,0.0,False,False,False,False,0,improved,unchanged_or_undefined,0.0,255.0,-253.3333282470703,253.3333282470703,2241714,2241714,2.1378650665283203,2383,2335,RGBA,PNG,5b574411b23c4f30c5ba9feaf06e57a6fdbfe90b8d6c45684fb834400cc6776b,6.076529399957508,2.0.0,restoration_eval.error_maps,ok,,147.19631958007812,12.82447338104248,134.371826171875,0,18265,0,0.0,100.0
opencv_telea__mask_robustness__mask_robustness__p026__scratch_thin__variant_01,opencv_telea__mask_robustness__mask_robustness__p026__scratch_thin__variant_01,mask_robustness__p026__scratch_thin__variant_01,mask_robustness__p026__scratch_thin__variant_01,mask_robustness,p026,architecture_structured,View of a Village along a River,attributed to Jan Brueghel I,,,opencv_telea,False,data/processed/clean/p026_clean.png,data/processed/damaged/mask_robustness/p026__scratch_thin__variant_01_damaged.png,data/processed/masks/mask_robustness/p026__scratch_thin__variant_01_mask.png,data/processed/restored/opencv_telea/mask_robustness/mask_robustness__p026__scratch_thin__variant_01_restored_opencv_telea.png,opencv_telea_mask_robustness_mask_robustness_p026_scratch_thin_variant_01_difference_maps.png,outputs/figures/opencv_difference_maps/all_cases/mask_robustness/opencv_telea_mask_robustness_mask_robustness_p026_scratch_thin_variant_01_difference_maps.png,768,768,589824,406272,8139,581685,31347,8139,0.013799031575520834,1.3799031575520835,0,119,768,648,132.0,111.0,768.0,656.0,5,both,127,60.22316418888479,-12.62820985379038,3.6691181329841456,,1.9083037376403809,16.710750579833984,230.3333282470703,0.10082612931728363,1.2317878007888794,58.0,1.8074777126312256,15.847064971923828,0.0,225.6666717529297,8139,130.98583984375,35.75645446777344,25.000003814697266,225.6666717529297,8139,0,0,100.0,0.0,0.0,581685,0.0,0.0,0.0,0.0,0,0,581685,0.0,0.0,100.0,31347,34.00943374633789,60.25006866455078,0.0,225.6666717529297,8139,0,23208,25.964207101158003,0.0,74.03579289884199,406272,2.6240882873535156,19.038007736206055,0.0,225.6666717529297,8139,0,398133,2.0033376654064274,0.0,97.99666233459358,138.29257202148438,37.09342575073242,7.306753158569336,7.570018291473389,35.90657424926758,63.51045227050781,1.897140622138977,5.014142990112305,0.0,0.0,0.0,0.0,False,False,False,False,0,improved,unchanged_or_undefined,0.0,255.0,-253.3333282470703,253.3333282470703,2325103,2325103,2.217391014099121,2383,2335,RGBA,PNG,0cbd5a828d3ee63bff3a0dcdc2c9f0be73d5e012d7d330d13ceed8ef81242b41,5.917282800015528,2.0.0,restoration_eval.error_maps,ok,,138.29257202148438,7.306753158569336,130.98583984375,0,8139,0,0.0,100.0
opencv_telea__mask_robustness__mask_robustness__p026__scratch_thin__variant_02,opencv_telea__mask_robustness__mask_robustness__p026__scratch_thin__variant_02,mask_robustness__p026__scratch_thin__variant_02,mask_robustness__p026__scratch_thin__variant_02,mask_robustness,p026,architecture_structured,View of a Village along a River,attributed to Jan Brueghel I,,,opencv_telea,False,data/processed/clean/p026_clean.png,data/processed/damaged/mask_robustness/p026__scratch_thin__variant_02_damaged.png,data/processed/masks/mask_robustness/p026__scratch_thin__variant_02_mask.png,data/processed/restored/opencv_telea/mask_robustness/mask_robustness__p026__scratch_thin__variant_02_restored_opencv_telea.png,opencv_telea_mask_robustness_mask_robustness_p026_scratch_thin_variant_02_difference_maps.png,outputs/figures/opencv_difference_maps/all_cases/mask_robustness/opencv_telea_mask_robustness_mask_robustness_p026_scratch_thin_variant_02_difference_maps.png,768,768,589824,406272,8220,581604,34734,8220,0.013936360677083334,1.3936360677083335,0,119,768,648,115.0,111.0,768.0,571.0,5,both,127,71.36601784266017,-13.915896188158968,4.9571987741513865,,1.9422647953033447,16.93124771118164,231.3333282470703,0.09033599495887756,1.3513741493225098,72.33333587646484,1.8519287109375,16.079477310180664,0.0,226.33334350585938,8220,132.88467407226562,33.762630462646484,37.0,226.33334350585938,8220,0,0,100.0,0.0,0.0,581604,0.0,0.0,0.0,0.0,0,0,581604,0.0,0.0,100.0,34734,31.447917938232422,58.81957244873047,0.0,226.33334350585938,8220,0,26514,23.66557263776127,0.0,76.33442736223873,406272,2.688621997833252,19.31609535217285,0.0,226.33334350585938,8220,0,398052,2.023275047258979,0.0,97.97672495274102,139.36671447753906,37.64778137207031,6.4820356369018555,9.466156005859375,32.981929779052734,62.001617431640625,1.5340107679367065,5.366245746612549,0.0,0.0,0.0,0.0,False,False,False,False,0,improved,unchanged_or_undefined,0.0,255.0,-253.3333282470703,253.3333282470703,2318896,2318896,2.2114715576171875,2383,2335,RGBA,PNG,80758aa55cdb3384e9aee657b2b09b7dfb7bd9529ee8d278a1e80bd4bd54f503,6.04572489997372,2.0.0,restoration_eval.error_maps,ok,,139.36671447753906,6.4820356369018555,132.88467407226562,0,8220,0,0.0,100.0
opencv_telea__mask_robustness__mask_robustness__p026__scratch_thin__variant_03,opencv_telea__mask_robustness__mask_robustness__p026__scratch_thin__variant_03,mask_robustness__p026__scratch_thin__variant_03,mask_robustness__p026__scratch_thin__variant_03,mask_robustness,p026,architecture_structured,View of a Village along a River,attributed to Jan Brueghel I,,,opencv_telea,False,data/processed/clean/p026_clean.png,data/processed/damaged/mask_robustness/p026__scratch_thin__variant_03_damaged.png,data/processed/masks/mask_robustness/p026__scratch_thin__variant_03_mask.png,data/processed/restored/opencv_telea/mask_robustness/mask_robustness__p026__scratch_thin__variant_03_restored_opencv_telea.png,opencv_telea_mask_robustness_mask_robustness_p026_scratch_thin_variant_03_difference_maps.png,outputs/figures/opencv_difference_maps/all_cases/mask_robustness/opencv_telea_mask_robustness_mask_robustness_p026_scratch_thin_variant_03_difference_maps.png,768,768,589824,406272,8049,581775,16958,8049,0.013646443684895834,1.3646443684895835,0,119,768,648,93.0,111.0,768.0,374.0,5,both,127,12.626537458069322,-114.79831863171408,0.5215571660151319,,2.4956793785095215,21.710472106933594,234.3333282470703,0.5187976956367493,5.237927436828613,84.33333587646484,1.9768821001052856,17.065750122070312,0.0,223.0,8049,144.8642578125,25.348207473754883,35.000003814697266,223.0,8049,0,0,100.0,0.0,0.0,581775,0.0,0.0,0.0,0.0,0,0,581775,0.0,0.0,100.0,16958,65.41060638427734,74.15546417236328,0.0,223.0,7658,0,9300,45.158627196603376,0.0,54.841372803396624,406272,2.8700289726257324,20.500167846679688,0.0,223.0,8049,0,398223,1.9811850189035918,0.0,98.01881498109641,182.88131713867188,39.378265380859375,38.01706314086914,24.184795379638672,82.30488586425781,94.62875366210938,16.894287109375,24.90052032470703,0.0,0.0,0.0,0.0,False,False,False,False,0,improved,unchanged_or_undefined,0.0,255.0,-253.3333282470703,253.3333282470703,2164840,2164840,2.0645523071289062,2383,2335,RGBA,PNG,76a5214d4d276ccbd245e9d1615053e72a4d8c00dbe7ea458bfc788d90af362f,6.002435100032017,2.0.0,restoration_eval.error_maps,ok,,182.88131713867188,38.01706314086914,144.8642578125,0,8049,0,0.0,100.0
opencv_telea__mask_robustness__mask_robustness__p026__scratch_thin__variant_04,opencv_telea__mask_robustness__mask_robustness__p026__scratch_thin__variant_04,mask_robustness__p026__scratch_thin__variant_04,mask_robustness__p026__scratch_thin__variant_04,mask_robustness,p026,architecture_structured,View of a Village along a River,attributed to Jan Brueghel I,,,opencv_telea,False,data/processed/clean/p026_clean.png,data/processed/damaged/mask_robustness/p026__scratch_thin__variant_04_damaged.png,data/processed/masks/mask_robustness/p026__scratch_thin__variant_04_mask.png,data/processed/restored/opencv_telea/mask_robustness/mask_robustness__p026__scratch_thin__variant_04_restored_opencv_telea.png,opencv_telea_mask_robustness_mask_robustness_p026_scratch_thin_variant_04_difference_maps.png,outputs/figures/opencv_difference_maps/all_cases/mask_robustness/opencv_telea_mask_robustness_mask_robustness_p026_scratch_thin_variant_04_difference_maps.png,768,768,589824,406272,7698,582126,30560,7698,0.013051350911458334,1.3051350911458335,0,119,768,648,17.0,111.0,694.0,656.0,5,both,127,70.94578678444617,-27.41075604052999,4.603112004988436,,1.94950270652771,17.64748764038086,231.0,0.08855918794870377,1.3156930208206177,70.0,1.8609439134597778,16.8067569732666,0.0,223.6666717529297,7698,142.58628845214844,39.71451950073242,53.333335876464844,223.6666717529297,7698,0,0,100.0,0.0,0.0,582126,0.0,0.0,0.0,0.0,0,0,582126,0.0,0.0,100.0,30560,35.91718673706055,65.02737426757812,0.0,223.6666717529297,7698,0,22862,25.18979057591623,0.0,74.81020942408378,406272,2.7017107009887695,20.194381713867188,0.0,223.6666717529297,7698,0,398574,1.894789697542533,0.0,98.10521030245746,149.37173461914062,42.912391662597656,6.785442352294922,9.33768081665039,37.62643051147461,68.32598876953125,1.7092387676239014,5.535340785980225,0.0,0.0,0.0,0.0,False,False,False,False,0,improved,unchanged_or_undefined,0.0,255.0,-253.3333282470703,253.3333282470703,2286756,2286756,2.1808204650878906,2383,2335,RGBA,PNG,39708e1c33d098c423a85c4308703173d1bc119d1383986eec02bccf9a764ae6,5.994810199947096,2.0.0,restoration_eval.error_maps,ok,,149.37173461914062,6.785442352294922,142.58628845214844,0,7698,0,0.0,100.0
opencv_telea__mask_robustness__mask_robustness__p026__scratch_thin__variant_05,opencv_telea__mask_robustness__mask_robustness__p026__scratch_thin__variant_05,mask_robustness__p026__scratch_thin__variant_05,mask_robustness__p026__scratch_thin__variant_05,mask_robustness,p026,architecture_structured,View of a Village along a River,attributed to Jan Brueghel I,,,opencv_telea,False,data/processed/clean/p026_clean.png,data/processed/damaged/mask_robustness/p026__scratch_thin__variant_05_damaged.png,data/processed/masks/mask_robustness/p026__scratch_thin__variant_05_mask.png,data/processed/restored/opencv_telea/mask_robustness/mask_robustness__p026__scratch_thin__variant_05_restored_opencv_telea.png,opencv_telea_mask_robustness_mask_robustness_p026_scratch_thin_variant_05_difference_maps.png,outputs/figures/opencv_difference_maps/all_cases/mask_robustness/opencv_telea_mask_robustness_mask_robustness_p026_scratch_thin_variant_05_difference_maps.png,768,768,589824,406272,8248,581576,35478,8248,0.013983832465277778,1.398383246527778,0,119,768,648,30.0,242.0,768.0,656.0,5,both,127,60.27384416424184,-50.414322664080174,3.5563099152760493,,2.3362345695495605,19.88599967956543,232.0,0.1040310338139534,1.2854914665222168,71.33333587646484,2.232203722000122,19.000160217285156,0.0,215.0,8248,159.62747192382812,26.29367446899414,61.666664123535156,215.0,8248,0,0,100.0,0.0,0.0,581576,0.0,0.0,0.0,0.0,0,0,581576,0.0,0.0,100.0,35478,37.110530853271484,68.6104736328125,0.0,215.0,8248,0,27230,23.24821015840803,0.0,76.75178984159197,406272,3.240703821182251,22.821895599365234,0.0,215.0,8248,0,398024,2.030166981726528,0.0,97.96983301827346,167.0668487548828,27.53700065612793,7.4393792152404785,7.975014686584473,38.84005355834961,71.80963134765625,1.729522466659546,4.9660234451293945,0.0,0.0,0.0,0.0,False,False,False,False,0,improved,unchanged_or_undefined,0.0,255.0,-253.3333282470703,253.3333282470703,2290016,2290016,2.183929443359375,2383,2335,RGBA,PNG,3ac1d1e8d21051def5b779e2008b3af6a77f3321b9ef6db88bd69a13259aca8e,5.900254000036512,2.0.0,restoration_eval.error_maps,ok,,167.0668487548828,7.4393792152404785,159.62747192382812,0,8248,0,0.0,100.0
opencv_telea__mask_robustness__mask_robustness__p039__loss_large__variant_01,opencv_telea__mask_robustness__mask_robustness__p039__loss_large__variant_01,mask_robustness__p039__loss_large__variant_01,mask_robustness__p039__loss_large__variant_01,mask_robustness,p039,abstraction_surrealism,Painting with Troika,Wassily Kandinsky,,,opencv_telea,False,data/processed/clean/p039_clean.png,data/processed/damaged/mask_robustness/p039__loss_large__variant_01_damaged.png,data/processed/masks/mask_robustness/p039__loss_large__variant_01_mask.png,data/processed/restored/opencv_telea/mask_robustness/mask_robustness__p039__loss_large__variant_01_restored_opencv_telea.png,opencv_telea_mask_robustness_mask_robustness_p039_loss_large_variant_01_difference_maps.png,outputs/figures/opencv_difference_maps/all_cases/mask_robustness/opencv_telea_mask_robustness_mask_robustness_p039_loss_large_variant_01_difference_maps.png,768,768,589824,433152,54225,535599,11532,54225,0.0919342041015625,9.19342041015625,0,102,768,666,187.0,140.0,499.0,425.0,5,both,127,27.26972798524666,25.27823574611955,1.2284692390563343,,9.402366638183594,30.31960678100586,211.0,2.138014554977417,9.10079288482666,139.3333282470703,7.264351844787598,24.606271743774414,-40.000003814697266,201.33334350585938,54225,79.01685333251953,30.269433975219727,-40.000003814697266,201.33334350585938,52364,1843,18,96.56800368833564,3.3988012909174734,0.03319502074688797,535599,0.0,0.0,0.0,0.0,0,0,535599,0.0,0.0,100.0,11532,47.87819290161133,52.12834548950195,-23.0,201.33334350585938,5703,12,5817,49.45369406867846,0.10405827263267431,50.44224765868886,433152,9.891884803771973,28.257328033447266,-40.000003814697266,201.33334350585938,52364,1843,378945,12.089058806146571,0.4254857417257683,87.48545545212765,102.27278137207031,22.387189865112305,23.255922317504883,20.243331909179688,53.620361328125,57.45561218261719,5.742166996002197,12.711467742919922,0.0,0.0,0.0,0.0,False,False,False,False,0,improved,unchanged_or_undefined,0.0,255.0,-253.3333282470703,253.3333282470703,2243626,2243626,2.139688491821289,2383,2335,RGBA,PNG,03d921fd01985ec5a7313c7e3da1bbedb08697d3900004a377331de3a5f794d0,6.148326600028668,2.0.0,restoration_eval.error_maps,ok,,102.27278137207031,23.255922317504883,79.01685333251953,1843,52364,18,3.3988012909174734,96.56800368833564
opencv_telea__mask_robustness__mask_robustness__p039__loss_large__variant_02,opencv_telea__mask_robustness__mask_robustness__p039__loss_large__variant_02,mask_robustness__p039__loss_large__variant_02,mask_robustness__p039__loss_large__variant_02,mask_robustness,p039,abstraction_surrealism,Painting with Troika,Wassily Kandinsky,,,opencv_telea,False,data/processed/clean/p039_clean.png,data/processed/damaged/mask_robustness/p039__loss_large__variant_02_damaged.png,data/processed/masks/mask_robustness/p039__loss_large__variant_02_mask.png,data/processed/restored/opencv_telea/mask_robustness/mask_robustness__p039__loss_large__variant_02_restored_opencv_telea.png,opencv_telea_mask_robustness_mask_robustness_p039_loss_large_variant_02_difference_maps.png,outputs/figures/opencv_difference_maps/all_cases/mask_robustness/opencv_telea_mask_robustness_mask_robustness_p039_loss_large_variant_02_difference_maps.png,768,768,589824,433152,54174,535650,11868,54174,0.09184773763020833,9.184773763020832,0,102,768,666,381.0,281.0,696.0,627.0,5,both,127,25.96959796212205,-39.102429209583946,1.131791037305117,,14.499579429626465,47.48046112060547,228.0,3.0501744747161865,13.650705337524414,152.0,11.449403762817383,38.79845428466797,-96.0,221.6666717529297,54174,124.65635681152344,47.72151565551758,-96.0,221.6666717529297,53414,758,2,98.59711300623916,1.3991951858825267,0.003691807878318012,535650,0.0,0.0,0.0,0.0,0,0,535650,0.0,0.0,100.0,11868,68.49617767333984,76.96685791015625,-48.999996185302734,221.6666717529297,5856,8,6004,49.3427704752275,0.06740815638692282,50.58982136838558,433152,15.590677261352539,44.55595397949219,-96.0,221.6666717529297,53414,758,378980,12.331467937352246,0.1749963061465721,87.49353575650119,157.8654022216797,43.73114013671875,33.20903778076172,32.05096435546875,73.93065643310547,81.45628356933594,5.434473991394043,11.212165832519531,0.0,0.0,0.0,0.0,False,False,False,False,0,improved,unchanged_or_undefined,0.0,255.0,-253.3333282470703,253.3333282470703,2282163,2282163,2.1764402389526367,2383,2335,RGBA,PNG,0fb183f22f4af286dc90519356a053497f05fa3fa0a056454147971e03402436,6.090307299979031,2.0.0,restoration_eval.error_maps,ok,,157.8654022216797,33.20903778076172,124.65635681152344,758,53414,2,1.3991951858825267,98.59711300623916
opencv_telea__mask_robustness__mask_robustness__p039__loss_large__variant_03,opencv_telea__mask_robustness__mask_robustness__p039__loss_large__variant_03,mask_robustness__p039__loss_large__variant_03,mask_robustness__p039__loss_large__variant_03,mask_robustness,p039,abstraction_surrealism,Painting with Troika,Wassily Kandinsky,,,opencv_telea,False,data/processed/clean/p039_clean.png,data/processed/damaged/mask_robustness/p039__loss_large__variant_03_damaged.png,data/processed/masks/mask_robustness/p039__loss_large__variant_03_mask.png,data/processed/restored/opencv_telea/mask_robustness/mask_robustness__p039__loss_large__variant_03_restored_opencv_telea.png,opencv_telea_mask_robustness_mask_robustness_p039_loss_large_variant_03_difference_maps.png,outputs/figures/opencv_difference_maps/all_cases/mask_robustness/opencv_telea_mask_robustness_mask_robustness_p039_loss_large_variant_03_difference_maps.png,768,768,589824,433152,54253,535571,10967,54253,0.09198167588975695,9.198167588975695,0,102,768,666,244.0,334.0,630.0,585.0,5,both,127,19.02815819708896,-64.202409697774,0.8018214748871664,,15.078608512878418,49.31451416015625,228.0,4.799170970916748,20.07434844970703,159.3333282470703,10.279438018798828,35.239559173583984,-83.66665649414062,217.0,54253,111.75525665283203,46.4796257019043,-83.66665649414062,217.0,53330,917,6,98.2987115919857,1.6902291117541886,0.011059296260114648,535571,0.0,0.0,0.0,0.0,0,0,535571,0.0,0.0,100.0,10967,63.76365280151367,72.37811279296875,-20.333335876464844,217.0,5374,7,5586,49.00155010486004,0.06382784717789733,50.934622047962065,433152,13.997529983520508,40.4840087890625,-83.66665649414062,217.0,53330,917,378905,12.312075206855793,0.21170397458628842,87.47622081855792,163.93057250976562,45.142250061035156,52.17530059814453,43.694644927978516,70.49937438964844,78.08969116210938,6.73572301864624,13.412659645080566,0.0,0.0,0.0,0.0,False,False,False,False,0,improved,unchanged_or_undefined,0.0,255.0,-253.3333282470703,253.3333282470703,2252511,2252511,2.1481618881225586,2383,2335,RGBA,PNG,e08b41e909190cae61a39a1512c78c17dae4a74d637a5ea42e93609e4ba214f0,6.161615699995309,2.0.0,restoration_eval.error_maps,ok,,163.93057250976562,52.17530059814453,111.75525665283203,917,53330,6,1.6902291117541886,98.2987115919857
opencv_telea__mask_robustness__mask_robustness__p039__loss_large__variant_04,opencv_telea__mask_robustness__mask_robustness__p039__loss_large__variant_04,mask_robustness__p039__loss_large__variant_04,mask_robustness__p039__loss_large__variant_04,mask_robustness,p039,abstraction_surrealism,Painting with Troika,Wassily Kandinsky,,,opencv_telea,False,data/processed/clean/p039_clean.png,data/processed/damaged/mask_robustness/p039__loss_large__variant_04_damaged.png,data/processed/masks/mask_robustness/p039__loss_large__variant_04_mask.png,data/processed/restored/opencv_telea/mask_robustness/mask_robustness__p039__loss_large__variant_04_restored_opencv_telea.png,opencv_telea_mask_robustness_mask_robustness_p039_loss_large_variant_04_difference_maps.png,outputs/figures/opencv_difference_maps/all_cases/mask_robustness/opencv_telea_mask_robustness_mask_robustness_p039_loss_large_variant_04_difference_maps.png,768,768,589824,433152,54217,535607,11339,54217,0.09192064073350695,9.192064073350695,0,102,768,666,384.0,354.0,720.0,623.0,5,both,127,24.799699971103777,-39.65025729937105,1.0867510511950125,,14.104375839233398,46.50276184082031,228.0,2.956489324569702,12.77978229522705,126.0,11.1478853225708,38.8954963684082,-63.66666793823242,214.3333282470703,54217,121.27728271484375,55.69681930541992,-63.66666793823242,214.3333282470703,52725,1477,15,97.24809561576627,2.724237785196525,0.027666599037202352,535607,0.0,0.0,0.0,0.0,0,0,535607,0.0,0.0,100.0,11339,70.6187744140625,78.57606506347656,-2.333332061767578,214.3333282470703,5623,1,5715,49.589910926889495,0.008819119851838787,50.40126995325866,433152,15.180099487304688,44.70856857299805,-63.66666793823242,214.3333282470703,52725,1477,378950,12.172401374113475,0.3409888445626477,87.48660978132388,153.4407958984375,46.32392883300781,32.16349792480469,28.937530517578125,75.010498046875,82.1241226196289,4.3917155265808105,9.622695922851562,0.0,0.0,0.0,0.0,False,False,False,False,0,improved,unchanged_or_undefined,0.0,255.0,-253.3333282470703,253.3333282470703,2262464,2262464,2.15765380859375,2383,2335,RGBA,PNG,715b1d09b57efdcc2d6c395df643beb27b548c1ad4cc991d71aab8ccf044df6a,6.237556699954439,2.0.0,restoration_eval.error_maps,ok,,153.4407958984375,32.16349792480469,121.27728271484375,1477,52725,15,2.724237785196525,97.24809561576627
opencv_telea__mask_robustness__mask_robustness__p039__loss_large__variant_05,opencv_telea__mask_robustness__mask_robustness__p039__loss_large__variant_05,mask_robustness__p039__loss_large__variant_05,mask_robustness__p039__loss_large__variant_05,mask_robustness,p039,abstraction_surrealism,Painting with Troika,Wassily Kandinsky,,,opencv_telea,False,data/processed/clean/p039_clean.png,data/processed/damaged/mask_robustness/p039__loss_large__variant_05_damaged.png,data/processed/masks/mask_robustness/p039__loss_large__variant_05_mask.png,data/processed/restored/opencv_telea/mask_robustness/mask_robustness__p039__loss_large__variant_05_restored_opencv_telea.png,opencv_telea_mask_robustness_mask_robustness_p039_loss_large_variant_05_difference_maps.png,outputs/figures/opencv_difference_maps/all_cases/mask_robustness/opencv_telea_mask_robustness_mask_robustness_p039_loss_large_variant_05_difference_maps.png,768,768,589824,433152,54127,535697,10564,54127,0.09176805284288195,9.176805284288195,0,102,768,666,179.0,100.0,474.0,448.0,5,both,127,28.662164908456035,8.152166817546373,1.2928727114129188,,9.761493682861328,31.863603591918945,222.6666717529297,2.331106185913086,9.980838775634766,142.0,7.430385112762451,25.180391311645508,-79.0,213.3333282470703,54127,80.96919250488281,30.901596069335938,-79.0,213.3333282470703,53073,1029,25,98.05272784377482,1.9010844864854877,0.04618766973968629,535697,0.0,0.0,0.0,0.0,0,0,535697,0.0,0.0,100.0,10564,51.14549255371094,58.20204162597656,-79.0,213.3333282470703,5149,55,5360,48.74100719424461,0.5206361226808027,50.73835668307459,433152,10.117971420288086,28.917078018188477,-79.0,213.3333282470703,53073,1029,379050,12.252742686170212,0.2375609485815603,87.50969636524822,106.3713607788086,28.05552864074707,25.402158737182617,22.348987579345703,57.864444732666016,64.19963836669922,6.718951225280762,15.296926498413086,0.0,0.0,0.0,0.0,False,False,False,False,0,improved,unchanged_or_undefined,0.0,255.0,-253.3333282470703,253.3333282470703,2248124,2248124,2.1439781188964844,2383,2335,RGBA,PNG,11b49b967d4fea233b739ea94e41f2ace7c6502f3b4c9d794cdd8332c9f9c8ac,5.888971100037452,2.0.0,restoration_eval.error_maps,ok,,106.3713607788086,25.402158737182617,80.96919250488281,1029,53073,25,1.9010844864854877,98.05272784377482
opencv_telea__mask_robustness__mask_robustness__p039__loss_small__variant_01,opencv_telea__mask_robustness__mask_robustness__p039__loss_small__variant_01,mask_robustness__p039__loss_small__variant_01,mask_robustness__p039__loss_small__variant_01,mask_robustness,p039,abstraction_surrealism,Painting with Troika,Wassily Kandinsky,,,opencv_telea,False,data/processed/clean/p039_clean.png,data/processed/damaged/mask_robustness/p039__loss_small__variant_01_damaged.png,data/processed/masks/mask_robustness/p039__loss_small__variant_01_mask.png,data/processed/restored/opencv_telea/mask_robustness/mask_robustness__p039__loss_small__variant_01_restored_opencv_telea.png,opencv_telea_mask_robustness_mask_robustness_p039_loss_small_variant_01_difference_maps.png,outputs/figures/opencv_difference_maps/all_cases/mask_robustness/opencv_telea_mask_robustness_mask_robustness_p039_loss_small_variant_01_difference_maps.png,768,768,589824,433152,19494,570330,15218,19494,0.033050537109375,3.3050537109375,0,102,768,666,28.0,122.0,670.0,548.0,5,both,127,47.28523306316474,-14.938630689784873,2.362415638290326,,4.507173538208008,25.55483627319336,216.0,0.4918065667152405,4.041431427001953,127.66666412353516,4.015367031097412,23.1403751373291,-86.0,209.6666717529297,19494,121.49171447753906,43.92425537109375,-86.0,209.6666717529297,19218,276,0,98.58417974761466,1.4158202523853494,0.0,570330,0.0,0.0,0.0,0.0,0,0,570330,0.0,0.0,100.0,15218,61.02216720581055,70.50431823730469,-72.33332824707031,209.6666717529297,7150,16,8052,46.983834932316995,0.10513865159679327,52.911026416086216,433152,5.467732906341553,26.85550308227539,-86.0,209.6666717529297,19218,276,413658,4.43677969858156,0.06371897163120568,95.49950132978722,136.37216186523438,42.14716720581055,14.880440711975098,16.735565185546875,65.30516815185547,74.78395080566406,4.282998085021973,9.224512100219727,0.0,0.0,0.0,0.0,False,False,False,False,0,improved,unchanged_or_undefined,0.0,255.0,-253.3333282470703,253.3333282470703,2194161,2194161,2.092514991760254,2383,2335,RGBA,PNG,38706073ba0643d0b6ad31d5274d6c7de842a4eb74179a1d47c2937485709f60,5.967407999967691,2.0.0,restoration_eval.error_maps,ok,,136.37216186523438,14.880440711975098,121.49171447753906,276,19218,0,1.4158202523853494,98.58417974761466
opencv_telea__mask_robustness__mask_robustness__p039__loss_small__variant_02,opencv_telea__mask_robustness__mask_robustness__p039__loss_small__variant_02,mask_robustness__p039__loss_small__variant_02,mask_robustness__p039__loss_small__variant_02,mask_robustness,p039,abstraction_surrealism,Painting with Troika,Wassily Kandinsky,,,opencv_telea,False,data/processed/clean/p039_clean.png,data/processed/damaged/mask_robustness/p039__loss_small__variant_02_damaged.png,data/processed/masks/mask_robustness/p039__loss_small__variant_02_mask.png,data/processed/restored/opencv_telea/mask_robustness/mask_robustness__p039__loss_small__variant_02_restored_opencv_telea.png,opencv_telea_mask_robustness_mask_robustness_p039_loss_small_variant_02_difference_maps.png,outputs/figures/opencv_difference_maps/all_cases/mask_robustness/opencv_telea_mask_robustness_mask_robustness_p039_loss_small_variant_02_difference_maps.png,768,768,589824,433152,19485,570339,14061,19485,0.0330352783203125,3.30352783203125,0,102,768,666,26.0,165.0,768.0,649.0,5,both,127,44.784227183303386,-43.46300573090413,2.1987815683271066,,5.094472408294678,28.404277801513672,224.3333282470703,0.5846495628356934,4.994078636169434,124.0,4.509821891784668,25.476085662841797,0.0,216.33334350585938,19485,136.5153350830078,40.321475982666016,15.666671752929688,216.33334350585938,19485,0,0,100.0,0.0,0.0,570339,0.0,0.0,0.0,0.0,0,0,570339,0.0,0.0,100.0,14061,65.41187286376953,74.31845092773438,0.0,216.0,6634,0,7427,47.180143659768156,0.0,52.81985634023185,433152,6.14103364944458,29.559593200683594,0.0,216.33334350585938,19485,0,413667,4.498420877659575,0.0,95.50157912234043,154.2130584716797,37.768157958984375,17.69773292541504,21.262941360473633,69.74565887451172,78.41791534423828,4.3337836265563965,9.965810775756836,0.0,0.0,0.0,0.0,False,False,False,False,0,improved,unchanged_or_undefined,0.0,255.0,-253.3333282470703,253.3333282470703,2188024,2188024,2.0866622924804688,2383,2335,RGBA,PNG,ca563864da8e01b226af6c05eeb64100448d4ffbb76ac11f376c1f1ee41eb3c8,6.471686100005172,2.0.0,restoration_eval.error_maps,ok,,154.2130584716797,17.69773292541504,136.5153350830078,0,19485,0,0.0,100.0
opencv_telea__mask_robustness__mask_robustness__p039__loss_small__variant_03,opencv_telea__mask_robustness__mask_robustness__p039__loss_small__variant_03,mask_robustness__p039__loss_small__variant_03,mask_robustness__p039__loss_small__variant_03,mask_robustness,p039,abstraction_surrealism,Painting with Troika,Wassily Kandinsky,,,opencv_telea,False,data/processed/clean/p039_clean.png,data/processed/damaged/mask_robustness/p039__loss_small__variant_03_damaged.png,data/processed/masks/mask_robustness/p039__loss_small__variant_03_mask.png,data/processed/restored/opencv_telea/mask_robustness/mask_robustness__p039__loss_small__variant_03_restored_opencv_telea.png,opencv_telea_mask_robustness_mask_robustness_p039_loss_small_variant_03_difference_maps.png,outputs/figures/opencv_difference_maps/all_cases/mask_robustness/opencv_telea_mask_robustness_mask_robustness_p039_loss_small_variant_03_difference_maps.png,768,768,589824,433152,19500,570324,6539,19500,0.033060709635416664,3.3060709635416665,0,102,768,666,0.0,94.0,194.0,306.0,5,both,127,25.787196581196586,-16.198102564102555,1.1387802380783434,,4.795904159545898,26.748815536499023,224.6666717529297,1.0737522840499878,7.569219589233398,123.33333587646484,3.722151517868042,21.522789001464844,-43.333335876464844,211.0,19500,112.58535766601562,41.893775939941406,-43.333335876464844,211.0,19086,412,2,97.87692307692308,2.112820512820513,0.010256410256410256,570324,0.0,0.0,0.0,0.0,0,0,570324,0.0,0.0,100.0,6539,64.6506118774414,70.61294555664062,0.0,211.0,3234,0,3305,49.45710353265025,0.0,50.54289646734975,433152,5.0684614181518555,24.97913360595703,-43.333335876464844,211.0,19086,412,413654,4.406305407801418,0.0951167257683215,95.49857786643025,145.0635528564453,35.97587966918945,32.478206634521484,26.70220375061035,70.75102996826172,75.9443130493164,6.100423336029053,12.384297370910645,0.0,0.0,0.0,0.0,False,False,False,False,0,improved,unchanged_or_undefined,0.0,255.0,-253.3333282470703,253.3333282470703,2159347,2159347,2.0593137741088867,2383,2335,RGBA,PNG,828c66e4b6a05160cf13e32a683f0232225f40ffd86a5e76fb98d82b9fffd16d,5.916921800002456,2.0.0,restoration_eval.error_maps,ok,,145.0635528564453,32.478206634521484,112.58535766601562,412,19086,2,2.112820512820513,97.87692307692308
opencv_telea__mask_robustness__mask_robustness__p039__loss_small__variant_04,opencv_telea__mask_robustness__mask_robustness__p039__loss_small__variant_04,mask_robustness__p039__loss_small__variant_04,mask_robustness__p039__loss_small__variant_04,mask_robustness,p039,abstraction_surrealism,Painting with Troika,Wassily Kandinsky,,,opencv_telea,False,data/processed/clean/p039_clean.png,data/processed/damaged/mask_robustness/p039__loss_small__variant_04_damaged.png,data/processed/masks/mask_robustness/p039__loss_small__variant_04_mask.png,data/processed/restored/opencv_telea/mask_robustness/mask_robustness__p039__loss_small__variant_04_restored_opencv_telea.png,opencv_telea_mask_robustness_mask_robustness_p039_loss_small_variant_04_difference_maps.png,outputs/figures/opencv_difference_maps/all_cases/mask_robustness/opencv_telea_mask_robustness_mask_robustness_p039_loss_small_variant_04_difference_maps.png,768,768,589824,433152,19494,570330,6490,19494,0.033050537109375,3.3050537109375,0,102,768,666,109.0,94.0,323.0,289.0,5,both,127,30.73343934885948,-1.468571526281579,1.4153540430983291,,4.132585525512695,23.649089813232422,222.3333282470703,0.8505611419677734,6.2539873123168945,138.0,3.28202486038208,19.14447784423828,-24.333335876464844,209.66665649414062,19494,99.30322265625,39.42338562011719,-24.333335876464844,209.66665649414062,19384,108,2,99.43572381245511,0.554016620498615,0.010259567046270648,570330,0.0,0.0,0.0,0.0,0,0,570330,0.0,0.0,100.0,6490,56.5868034362793,63.534934997558594,0.0,209.66665649414062,3166,0,3324,48.782742681047765,0.0,51.217257318952235,433152,4.46914005279541,22.221010208129883,-24.333335876464844,209.66665649414062,19384,108,413660,4.475103427895981,0.024933510638297872,95.49996306146572,125.03838348388672,42.4744987487793,25.735164642333984,23.302412033081055,63.28864669799805,70.40249633789062,6.701848983764648,14.186531066894531,0.0,0.0,0.0,0.0,False,False,False,False,0,improved,unchanged_or_undefined,0.0,255.0,-253.3333282470703,253.3333282470703,2153185,2153185,2.0534372329711914,2383,2335,RGBA,PNG,a1c33dee817c2028780baf9f176562637d24bfd606d09371446681a6426290f2,6.758676299999934,2.0.0,restoration_eval.error_maps,ok,,125.03838348388672,25.735164642333984,99.30322265625,108,19384,2,0.554016620498615,99.43572381245511
opencv_telea__mask_robustness__mask_robustness__p039__loss_small__variant_05,opencv_telea__mask_robustness__mask_robustness__p039__loss_small__variant_05,mask_robustness__p039__loss_small__variant_05,mask_robustness__p039__loss_small__variant_05,mask_robustness,p039,abstraction_surrealism,Painting with Troika,Wassily Kandinsky,,,opencv_telea,False,data/processed/clean/p039_clean.png,data/processed/damaged/mask_robustness/p039__loss_small__variant_05_damaged.png,data/processed/masks/mask_robustness/p039__loss_small__variant_05_mask.png,data/processed/restored/opencv_telea/mask_robustness/mask_robustness__p039__loss_small__variant_05_restored_opencv_telea.png,opencv_telea_mask_robustness_mask_robustness_p039_loss_small_variant_05_difference_maps.png,outputs/figures/opencv_difference_maps/all_cases/mask_robustness/opencv_telea_mask_robustness_mask_robustness_p039_loss_small_variant_05_difference_maps.png,768,768,589824,433152,19478,570346,15404,19478,0.03302341037326389,3.302341037326389,0,102,768,666,125.0,125.0,568.0,672.0,5,both,127,46.38010404901256,-19.658640517506925,2.343292286565326,,4.476553916931152,25.684545516967773,226.3333282470703,0.5065939426422119,4.090792655944824,119.66666412353516,3.9699602127075195,23.133272171020508,-66.33332824707031,218.6666717529297,19478,120.21653747558594,47.22658920288086,-66.33332824707031,218.6666717529297,19456,21,1,99.88705205873293,0.10781394393674915,0.005133997330321388,570346,0.0,0.0,0.0,0.0,0,0,570346,0.0,0.0,100.0,15404,58.42586898803711,70.96084594726562,-66.33332824707031,218.6666717529297,7123,11,8270,46.241236042586344,0.0714100233705531,53.6873539340431,433152,5.405903339385986,26.850505828857422,-66.33332824707031,218.6666717529297,19456,21,413675,4.491725768321513,0.004848182624113476,95.50342604905437,135.55699157714844,46.98664474487305,15.34045124053955,16.709012985229492,63.36947250366211,75.44974517822266,4.943607330322266,10.729153633117676,0.0,0.0,0.0,0.0,False,False,False,False,0,improved,unchanged_or_undefined,0.0,255.0,-253.3333282470703,253.3333282470703,2200578,2200578,2.098634719848633,2383,2335,RGBA,PNG,7d161b5218ae32c03765fb4af767732a1040a987b8890dae1f2eacbe672b72d5,6.4611450000084005,2.0.0,restoration_eval.error_maps,ok,,135.55699157714844,15.34045124053955,120.21653747558594,21,19456,1,0.10781394393674915,99.88705205873293
opencv_telea__mask_robustness__mask_robustness__p039__scratch_thin__variant_01,opencv_telea__mask_robustness__mask_robustness__p039__scratch_thin__variant_01,mask_robustness__p039__scratch_thin__variant_01,mask_robustness__p039__scratch_thin__variant_01,mask_robustness,p039,abstraction_surrealism,Painting with Troika,Wassily Kandinsky,,,opencv_telea,False,data/processed/clean/p039_clean.png,data/processed/damaged/mask_robustness/p039__scratch_thin__variant_01_damaged.png,data/processed/masks/mask_robustness/p039__scratch_thin__variant_01_mask.png,data/processed/restored/opencv_telea/mask_robustness/mask_robustness__p039__scratch_thin__variant_01_restored_opencv_telea.png,opencv_telea_mask_robustness_mask_robustness_p039_scratch_thin_variant_01_difference_maps.png,outputs/figures/opencv_difference_maps/all_cases/mask_robustness/opencv_telea_mask_robustness_mask_robustness_p039_scratch_thin_variant_01_difference_maps.png,768,768,589824,433152,8662,581162,34134,8662,0.014685736762152778,1.468573676215278,0,102,768,666,10.0,147.0,725.0,674.0,5,both,127,63.42661433079351,6.404371584699447,3.5482006388217577,,2.0699563026428223,17.90302848815918,223.6666717529297,0.1451585590839386,1.8118356466293335,88.66666412353516,1.9247978925704956,16.86273765563965,-13.000003814697266,217.33334350585938,8662,131.06581115722656,49.36078643798828,-13.000003814697266,217.33334350585938,8656,6,0,99.93073193257908,0.06926806742091896,0.0,581162,0.0,0.0,0.0,0.0,0,0,581162,0.0,0.0,100.0,34134,33.259857177734375,62.21982192993164,-13.000003814697266,217.33334350585938,8656,6,25472,25.358879709380677,0.017577781683951483,74.62354250893537,433152,2.6210014820098877,19.631044387817383,-13.000003814697266,217.33334350585938,8656,6,424490,1.9983747044917257,0.001385195035460993,98.00024010047281,140.95013427734375,47.43381881713867,9.884322166442871,11.281315803527832,35.768150329589844,65.82648468017578,2.5082907676696777,7.127227306365967,0.0,0.0,0.0,0.0,False,False,False,False,0,improved,unchanged_or_undefined,0.0,255.0,-253.3333282470703,253.3333282470703,2241411,2241411,2.137576103210449,2383,2335,RGBA,PNG,3d576675030c681cce810700d0e133bee330f0375245917c07ef4af26f4d6cdd,6.321778699988499,2.0.0,restoration_eval.error_maps,ok,,140.95013427734375,9.884322166442871,131.06581115722656,6,8656,0,0.06926806742091896,99.93073193257908
opencv_telea__mask_robustness__mask_robustness__p039__scratch_thin__variant_02,opencv_telea__mask_robustness__mask_robustness__p039__scratch_thin__variant_02,mask_robustness__p039__scratch_thin__variant_02,mask_robustness__p039__scratch_thin__variant_02,mask_robustness,p039,abstraction_surrealism,Painting with Troika,Wassily Kandinsky,,,opencv_telea,False,data/processed/clean/p039_clean.png,data/processed/damaged/mask_robustness/p039__scratch_thin__variant_02_damaged.png,data/processed/masks/mask_robustness/p039__scratch_thin__variant_02_mask.png,data/processed/restored/opencv_telea/mask_robustness/mask_robustness__p039__scratch_thin__variant_02_restored_opencv_telea.png,opencv_telea_mask_robustness_mask_robustness_p039_scratch_thin_variant_02_difference_maps.png,outputs/figures/opencv_difference_maps/all_cases/mask_robustness/opencv_telea_mask_robustness_mask_robustness_p039_scratch_thin_variant_02_difference_maps.png,768,768,589824,433152,8664,581160,15370,8664,0.014689127604166666,1.4689127604166665,0,102,768,666,92.0,94.0,427.0,441.0,5,both,127,40.08317943982763,56.02200677131424,1.8217190589075685,,1.5418829917907715,13.158415794372559,226.3333282470703,0.3804790675640106,4.120658874511719,125.66666412353516,1.1614041328430176,10.686393737792969,-55.0,216.0,8664,79.06555938720703,40.185333251953125,-55.0,216.0,8649,15,0,99.82686980609418,0.17313019390581716,0.0,581160,0.0,0.0,0.0,0.0,0,0,581160,0.0,0.0,100.0,15370,39.30303192138672,48.85654830932617,-55.0,216.0,7515,15,7840,48.893949251789195,0.09759271307742355,51.00845803513337,433152,1.5814862251281738,12.443502426147461,-55.0,216.0,8649,15,424488,1.9967586436170213,0.0034629875886524825,97.99977836879432,104.96764373779297,30.510169982910156,25.902084350585938,22.245946884155273,51.35449981689453,56.44704818725586,12.051465034484863,19.896347045898438,0.0,0.0,0.0,0.0,False,False,False,False,0,improved,unchanged_or_undefined,0.0,255.0,-253.3333282470703,253.3333282470703,2142262,2142262,2.043020248413086,2383,2335,RGBA,PNG,605d050ceeefe7b3f6093ab4f503a04432ede879b2321e9af276a590e22dbfcb,6.3021282000117935,2.0.0,restoration_eval.error_maps,ok,,104.96764373779297,25.902084350585938,79.06555938720703,15,8649,0,0.17313019390581716,99.82686980609418
opencv_telea__mask_robustness__mask_robustness__p039__scratch_thin__variant_03,opencv_telea__mask_robustness__mask_robustness__p039__scratch_thin__variant_03,mask_robustness__p039__scratch_thin__variant_03,mask_robustness__p039__scratch_thin__variant_03,mask_robustness,p039,abstraction_surrealism,Painting with Troika,Wassily Kandinsky,,,opencv_telea,False,data/processed/clean/p039_clean.png,data/processed/damaged/mask_robustness/p039__scratch_thin__variant_03_damaged.png,data/processed/masks/mask_robustness/p039__scratch_thin__variant_03_mask.png,data/processed/restored/opencv_telea/mask_robustness/mask_robustness__p039__scratch_thin__variant_03_restored_opencv_telea.png,opencv_telea_mask_robustness_mask_robustness_p039_scratch_thin_variant_03_difference_maps.png,outputs/figures/opencv_difference_maps/all_cases/mask_robustness/opencv_telea_mask_robustness_mask_robustness_p039_scratch_thin_variant_03_difference_maps.png,768,768,589824,433152,8638,581186,33432,8638,0.014645046657986112,1.4645046657986112,0,102,768,666,0.0,94.0,768.0,628.0,5,both,127,72.69931311260322,-1.517326541637729,4.254703697648903,,2.010568380355835,17.235286712646484,228.0,0.13121993839740753,1.7774462699890137,77.66666412353516,1.8793482780456543,16.30380630493164,0.0,221.0,8638,128.3265380859375,43.862545013427734,2.6666641235351562,221.0,8638,0,0,100.0,0.0,0.0,581186,0.0,0.0,0.0,0.0,0,0,581186,0.0,0.0,100.0,33432,33.156394958496094,60.43668746948242,0.0,221.0,8638,0,24794,25.837520938023452,0.0,74.16247906197655,433152,2.559112310409546,18.979469299316406,0.0,221.0,8638,0,424514,1.9942191193853427,0.0,98.00578088061465,137.28656005859375,41.377227783203125,8.960021018981934,11.68844223022461,35.47144317626953,63.670143127441406,2.315047264099121,7.119169235229492,0.0,0.0,0.0,0.0,False,False,False,False,0,improved,unchanged_or_undefined,0.0,255.0,-253.3333282470703,253.3333282470703,2259622,2259622,2.1549434661865234,2383,2335,RGBA,PNG,4c03ab1f15d79c7ace0e327080d2bd4c484a513eda275e9b0eaa2c9965c66b74,6.047522500040941,2.0.0,restoration_eval.error_maps,ok,,137.28656005859375,8.960021018981934,128.3265380859375,0,8638,0,0.0,100.0
opencv_telea__mask_robustness__mask_robustness__p039__scratch_thin__variant_04,opencv_telea__mask_robustness__mask_robustness__p039__scratch_thin__variant_04,mask_robustness__p039__scratch_thin__variant_04,mask_robustness__p039__scratch_thin__variant_04,mask_robustness,p039,abstraction_surrealism,Painting with Troika,Wassily Kandinsky,,,opencv_telea,False,data/processed/clean/p039_clean.png,data/processed/damaged/mask_robustness/p039__scratch_thin__variant_04_damaged.png,data/processed/masks/mask_robustness/p039__scratch_thin__variant_04_mask.png,data/processed/restored/opencv_telea/mask_robustness/mask_robustness__p039__scratch_thin__variant_04_restored_opencv_telea.png,opencv_telea_mask_robustness_mask_robustness_p039_scratch_thin_variant_04_difference_maps.png,outputs/figures/opencv_difference_maps/all_cases/mask_robustness/opencv_telea_mask_robustness_mask_robustness_p039_scratch_thin_variant_04_difference_maps.png,768,768,589824,433152,8658,581166,14532,8658,0.014678955078125,1.4678955078125,0,102,768,666,0.0,94.0,276.0,623.0,5,both,127,26.08015708015708,39.21182721182723,1.1427449604106634,,1.82920503616333,15.795174598693848,223.0,0.4769913852214813,5.07136869430542,134.0,1.3522135019302368,12.728944778442383,-7.333335876464844,207.3333282470703,8658,92.11919403076172,51.735931396484375,-7.333335876464844,207.3333282470703,8632,26,0,99.69969969969969,0.3003003003003003,0.0,581166,0.0,0.0,0.0,0.0,0,0,581166,0.0,0.0,100.0,14532,46.980567932128906,60.003143310546875,-7.333335876464844,207.3333282470703,7125,12,7395,49.02972749793559,0.08257638315441783,50.887696118909986,433152,1.8413119316101074,14.823319435119629,-7.333335876464844,207.3333282470703,8632,26,424494,1.9928339243498818,0.006002511820330969,98.00116356382979,124.6141128540039,41.177001953125,32.49491500854492,26.67705535888672,62.1006965637207,69.78529357910156,15.120124816894531,24.094173431396484,0.0,0.0,0.0,0.0,False,False,False,False,0,improved,unchanged_or_undefined,0.0,255.0,-253.3333282470703,253.3333282470703,2122299,2122299,2.023982048034668,2383,2335,RGBA,PNG,31c22fb31d2a39dff2fe442e95e76fa66470c720c42f90c4cda0262c0c36f60e,6.290339899947867,2.0.0,restoration_eval.error_maps,ok,,124.6141128540039,32.49491500854492,92.11919403076172,26,8632,0,0.3003003003003003,99.69969969969969
opencv_telea__mask_robustness__mask_robustness__p039__scratch_thin__variant_05,opencv_telea__mask_robustness__mask_robustness__p039__scratch_thin__variant_05,mask_robustness__p039__scratch_thin__variant_05,mask_robustness__p039__scratch_thin__variant_05,mask_robustness,p039,abstraction_surrealism,Painting with Troika,Wassily Kandinsky,,,opencv_telea,False,data/processed/clean/p039_clean.png,data/processed/damaged/mask_robustness/p039__scratch_thin__variant_05_damaged.png,data/processed/masks/mask_robustness/p039__scratch_thin__variant_05_mask.png,data/processed/restored/opencv_telea/mask_robustness/mask_robustness__p039__scratch_thin__variant_05_restored_opencv_telea.png,opencv_telea_mask_robustness_mask_robustness_p039_scratch_thin_variant_05_difference_maps.png,outputs/figures/opencv_difference_maps/all_cases/mask_robustness/opencv_telea_mask_robustness_mask_robustness_p039_scratch_thin_variant_05_difference_maps.png,768,768,589824,433152,8650,581174,41662,8650,0.014665391710069444,1.4665391710069444,0,102,768,666,0.0,94.0,666.0,593.0,5,both,127,73.91179190751444,9.748246628131028,4.383710437434278,,1.9974727630615234,17.133092880249023,225.0,0.12905485928058624,1.7588752508163452,85.33333587646484,1.8684179782867432,16.25599479675293,-19.666667938232422,218.6666717529297,8650,127.40319061279297,45.0065803527832,-19.666667938232422,218.6666717529297,8648,2,0,99.97687861271676,0.023121387283236993,0.0,581174,0.0,0.0,0.0,0.0,0,0,581174,0.0,0.0,100.0,41662,26.451866149902344,55.59596633911133,-19.666667938232422,218.6666717529297,8648,2,33012,20.75752484278239,0.004800537660217944,79.23767461955738,433152,2.5442287921905518,18.924072265625,-19.666667938232422,218.6666717529297,8648,2,424502,1.9965277777777777,0.00046173167848699765,98.00301049054374,136.2031707763672,41.67471694946289,8.799962043762207,11.603652954101562,28.27894401550293,58.41728210449219,1.82707679271698,6.3792924880981445,0.0,0.0,0.0,0.0,False,False,False,False,0,improved,unchanged_or_undefined,0.0,255.0,-253.3333282470703,253.3333282470703,2243692,2243692,2.139751434326172,2383,2335,RGBA,PNG,0e4c20081894e0d1ae133e4b2106edb227f2bf5ab5e4e8f100ae3aace9bab4c8,6.089437499991618,2.0.0,restoration_eval.error_maps,ok,,136.2031707763672,8.799962043762207,127.40319061279297,2,8648,0,0.023121387283236993,99.97687861271676
opencv_telea__mask_robustness__mask_robustness__p043__loss_large__variant_01,opencv_telea__mask_robustness__mask_robustness__p043__loss_large__variant_01,mask_robustness__p043__loss_large__variant_01,mask_robustness__p043__loss_large__variant_01,mask_robustness,p043,high_texture_brushwork,The Card Players,Paul Cézanne,,,opencv_telea,False,data/processed/clean/p043_clean.png,data/processed/damaged/mask_robustness/p043__loss_large__variant_01_damaged.png,data/processed/masks/mask_robustness/p043__loss_large__variant_01_mask.png,data/processed/restored/opencv_telea/mask_robustness/mask_robustness__p043__loss_large__variant_01_restored_opencv_telea.png,opencv_telea_mask_robustness_mask_robustness_p043_loss_large_variant_01_difference_maps.png,outputs/figures/opencv_difference_maps/all_cases/mask_robustness/opencv_telea_mask_robustness_mask_robustness_p043_loss_large_variant_01_difference_maps.png,768,768,589824,469248,58688,531136,13268,58688,0.09950086805555555,9.950086805555555,0,78,768,689,112.0,127.0,522.0,416.0,5,both,127,24.11755952380952,-33.52612686295893,1.0649197081097057,,15.732584953308105,49.258697509765625,232.0,2.5436346530914307,10.837428092956543,126.0,13.188949584960938,42.00257873535156,-28.0,218.0,58688,132.5511016845703,43.693172454833984,-28.0,218.0,58511,174,3,99.69840512540894,0.29648309705561615,0.005111777535441658,531136,0.0,0.0,0.0,0.0,0,0,531136,0.0,0.0,100.0,13268,72.1885757446289,77.90966033935547,0.0,218.0,6588,0,6680,49.65330117576123,0.0,50.346698824238764,469248,16.577926635742188,46.490447998046875,-28.0,218.0,58511,174,410563,12.469099495362792,0.037080605564648116,87.49381989907256,158.11505126953125,43.27927017211914,25.563941955566406,24.32903480529785,77.61396026611328,82.59866333007812,5.425384521484375,10.653857231140137,0.0,0.0,0.0,0.0,False,False,False,False,0,improved,unchanged_or_undefined,0.0,255.0,-253.3333282470703,253.3333282470703,2447677,2447677,2.334286689758301,2383,2335,RGBA,PNG,10f8fd8b41f0a5c3e7ad15232c42cf7280bba73c05d913434534eb067e40c054,6.191442199982703,2.0.0,restoration_eval.error_maps,ok,,158.11505126953125,25.563941955566406,132.5511016845703,174,58511,3,0.29648309705561615,99.69840512540894
opencv_telea__mask_robustness__mask_robustness__p043__loss_large__variant_02,opencv_telea__mask_robustness__mask_robustness__p043__loss_large__variant_02,mask_robustness__p043__loss_large__variant_02,mask_robustness__p043__loss_large__variant_02,mask_robustness,p043,high_texture_brushwork,The Card Players,Paul Cézanne,,,opencv_telea,False,data/processed/clean/p043_clean.png,data/processed/damaged/mask_robustness/p043__loss_large__variant_02_damaged.png,data/processed/masks/mask_robustness/p043__loss_large__variant_02_mask.png,data/processed/restored/opencv_telea/mask_robustness/mask_robustness__p043__loss_large__variant_02_restored_opencv_telea.png,opencv_telea_mask_robustness_mask_robustness_p043_loss_large_variant_02_difference_maps.png,outputs/figures/opencv_difference_maps/all_cases/mask_robustness/opencv_telea_mask_robustness_mask_robustness_p043_loss_large_variant_02_difference_maps.png,768,768,589824,469248,58568,531256,17976,58568,0.09929741753472222,9.929741753472223,0,78,768,689,124.0,98.0,518.0,637.0,5,both,127,23.7566077038656,-43.1649307926968,1.0527545129625082,,15.386317253112793,48.21586990356445,232.0,2.612593650817871,11.373419761657715,138.3333282470703,12.773725509643555,41.28788757324219,-57.66666793823242,225.33334350585938,58568,128.64105224609375,47.56269073486328,-57.66666793823242,225.33334350585938,57567,990,11,98.29087556344763,1.690342849337522,0.01878158721486136,531256,0.0,0.0,0.0,0.0,0,0,531256,0.0,0.0,100.0,17976,69.25977325439453,77.62916564941406,-36.0,225.33334350585938,8836,18,9122,49.15442812639074,0.10013351134846463,50.7454383622608,469248,16.056007385253906,45.71672439575195,-57.66666793823242,225.33334350585938,57567,990,410691,12.26792655482815,0.21097585924713586,87.52109758592471,154.95184326171875,42.264137268066406,26.3107967376709,26.06110954284668,74.73319244384766,82.12385559082031,5.473427772521973,11.646448135375977,0.0,0.0,0.0,0.0,False,False,False,False,0,improved,unchanged_or_undefined,0.0,255.0,-253.3333282470703,253.3333282470703,2486432,2486432,2.371246337890625,2383,2335,RGBA,PNG,216b205ff0d645473ab3a4f1bb9c5e3702b63f0e2ce1fc1cdd5044e783217c2a,6.23884679999901,2.0.0,restoration_eval.error_maps,ok,,154.95184326171875,26.3107967376709,128.64105224609375,990,57567,11,1.690342849337522,98.29087556344763
opencv_telea__mask_robustness__mask_robustness__p043__loss_large__variant_03,opencv_telea__mask_robustness__mask_robustness__p043__loss_large__variant_03,mask_robustness__p043__loss_large__variant_03,mask_robustness__p043__loss_large__variant_03,mask_robustness,p043,high_texture_brushwork,The Card Players,Paul Cézanne,,,opencv_telea,False,data/processed/clean/p043_clean.png,data/processed/damaged/mask_robustness/p043__loss_large__variant_03_damaged.png,data/processed/masks/mask_robustness/p043__loss_large__variant_03_mask.png,data/processed/restored/opencv_telea/mask_robustness/mask_robustness__p043__loss_large__variant_03_restored_opencv_telea.png,opencv_telea_mask_robustness_mask_robustness_p043_loss_large_variant_03_difference_maps.png,outputs/figures/opencv_difference_maps/all_cases/mask_robustness/opencv_telea_mask_robustness_mask_robustness_p043_loss_large_variant_03_difference_maps.png,768,768,589824,469248,58606,531218,12890,58606,0.0993618435329861,9.93618435329861,0,78,768,689,271.0,251.0,664.0,547.0,5,both,127,12.064424575413211,-49.96118144899839,0.5140305671130605,,16.130199432373047,50.11811447143555,238.6666717529297,3.3595798015594482,12.949145317077637,135.6666717529297,12.770618438720703,40.95669174194336,-70.66667175292969,227.3333282470703,58606,128.52638244628906,44.772499084472656,-70.66667175292969,227.3333282470703,58226,378,2,99.35160222502816,0.644985155103573,0.003412619868272873,531218,0.0,0.0,0.0,0.0,0,0,531218,0.0,0.0,100.0,12890,74.27041625976562,81.07746124267578,0.0,227.3333282470703,6376,0,6514,49.46470131885182,0.0,50.53529868114818,469248,16.05210304260254,45.34101486206055,-70.66667175292969,227.3333282470703,58226,378,410644,12.40836402073104,0.08055441898527005,87.51108156028369,162.3379669189453,39.300079345703125,33.81156539916992,25.6503963470459,80.53064727783203,86.15141296386719,6.260227680206299,12.352094650268555,0.0,0.0,0.0,0.0,False,False,False,False,0,improved,unchanged_or_undefined,0.0,255.0,-253.3333282470703,253.3333282470703,2456639,2456639,2.3428335189819336,2383,2335,RGBA,PNG,f85e44aae542fce5e404261d5e499d0801ec78435807f1fdfbcb37a300949942,6.208272800024133,2.0.0,restoration_eval.error_maps,ok,,162.3379669189453,33.81156539916992,128.52638244628906,378,58226,2,0.644985155103573,99.35160222502816
opencv_telea__mask_robustness__mask_robustness__p043__loss_large__variant_04,opencv_telea__mask_robustness__mask_robustness__p043__loss_large__variant_04,mask_robustness__p043__loss_large__variant_04,mask_robustness__p043__loss_large__variant_04,mask_robustness,p043,high_texture_brushwork,The Card Players,Paul Cézanne,,,opencv_telea,False,data/processed/clean/p043_clean.png,data/processed/damaged/mask_robustness/p043__loss_large__variant_04_damaged.png,data/processed/masks/mask_robustness/p043__loss_large__variant_04_mask.png,data/processed/restored/opencv_telea/mask_robustness/mask_robustness__p043__loss_large__variant_04_restored_opencv_telea.png,opencv_telea_mask_robustness_mask_robustness_p043_loss_large_variant_04_difference_maps.png,outputs/figures/opencv_difference_maps/all_cases/mask_robustness/opencv_telea_mask_robustness_mask_robustness_p043_loss_large_variant_04_difference_maps.png,768,768,589824,469248,58777,531047,16448,58777,0.0996517605251736,9.96517605251736,0,78,768,689,41.0,128.0,538.0,486.0,5,both,127,34.5533003272255,-61.92503870561615,1.58813222836746,,16.58887481689453,51.71859359741211,240.3333282470703,2.1633846759796143,9.89767074584961,124.66666412353516,14.425493240356445,45.53895568847656,-55.33332824707031,228.0,58777,144.759033203125,44.08489990234375,-55.33332824707031,228.0,58640,128,9,99.76691563026354,0.21777225785596407,0.015312111880497473,531047,0.0,0.0,0.0,0.0,0,0,531047,0.0,0.0,100.0,16448,76.3221664428711,83.02825164794922,0.0,228.0,8026,0,8422,48.79620622568093,0.0,51.20379377431906,469248,18.1322078704834,50.39307403564453,-55.33332824707031,228.0,58640,128,410480,12.49659028914348,0.027277686852154936,87.47613202400436,166.46847534179688,43.49000549316406,21.709447860717773,23.63743019104004,80.04145050048828,86.6253662109375,3.7192769050598145,7.256430149078369,0.0,0.0,0.0,0.0,False,False,False,False,0,improved,unchanged_or_undefined,0.0,255.0,-253.3333282470703,253.3333282470703,2468591,2468591,2.354231834411621,2383,2335,RGBA,PNG,eadbcac9bcdafde8348c15fdec8a123a60fd01b6fc93cb4917bf8b15205b09dd,6.1259021000005305,2.0.0,restoration_eval.error_maps,ok,,166.46847534179688,21.709447860717773,144.759033203125,128,58640,9,0.21777225785596407,99.76691563026354
opencv_telea__mask_robustness__mask_robustness__p043__loss_large__variant_05,opencv_telea__mask_robustness__mask_robustness__p043__loss_large__variant_05,mask_robustness__p043__loss_large__variant_05,mask_robustness__p043__loss_large__variant_05,mask_robustness,p043,high_texture_brushwork,The Card Players,Paul Cézanne,,,opencv_telea,False,data/processed/clean/p043_clean.png,data/processed/damaged/mask_robustness/p043__loss_large__variant_05_damaged.png,data/processed/masks/mask_robustness/p043__loss_large__variant_05_mask.png,data/processed/restored/opencv_telea/mask_robustness/mask_robustness__p043__loss_large__variant_05_restored_opencv_telea.png,opencv_telea_mask_robustness_mask_robustness_p043_loss_large_variant_05_difference_maps.png,outputs/figures/opencv_difference_maps/all_cases/mask_robustness/opencv_telea_mask_robustness_mask_robustness_p043_loss_large_variant_05_difference_maps.png,768,768,589824,469248,58587,531237,10230,58587,0.09932963053385417,9.932963053385418,0,78,768,689,233.0,259.0,595.0,561.0,5,both,127,11.212788957732371,-54.15320236002299,0.4751075483843294,,15.735896110534668,49.1125373840332,234.6666717529297,3.5832769870758057,13.90914249420166,132.6666717529297,12.152619361877441,39.16618728637695,-49.0,225.0,58587,122.34638214111328,44.29021072387695,-49.0,225.0,58363,223,1,99.61766262140065,0.38063051530202946,0.0017068632973185178,531237,0.0,0.0,0.0,0.0,0,0,531237,0.0,0.0,100.0,10230,70.05366516113281,78.88045501708984,0.0,225.0,5040,0,5190,49.266862170087975,0.0,50.733137829912025,469248,15.275307655334473,43.3642463684082,-49.0,225.0,58363,223,410662,12.437559669939988,0.04752284506273868,87.51491748499727,158.4209747314453,40.9740104675293,36.07460021972656,27.8493709564209,75.90026092529297,83.75647735595703,5.84659481048584,11.180542945861816,0.0,0.0,0.0,0.0,False,False,False,False,0,improved,unchanged_or_undefined,0.0,255.0,-253.3333282470703,253.3333282470703,2432128,2432128,2.3194580078125,2383,2335,RGBA,PNG,d29106953f9502fd33b876f9706e4b47ac9372992c07e15d563150d856bf5751,6.339593900018372,2.0.0,restoration_eval.error_maps,ok,,158.4209747314453,36.07460021972656,122.34638214111328,223,58363,1,0.38063051530202946,99.61766262140065
opencv_telea__mask_robustness__mask_robustness__p043__loss_small__variant_01,opencv_telea__mask_robustness__mask_robustness__p043__loss_small__variant_01,mask_robustness__p043__loss_small__variant_01,mask_robustness__p043__loss_small__variant_01,mask_robustness,p043,high_texture_brushwork,The Card Players,Paul Cézanne,,,opencv_telea,False,data/processed/clean/p043_clean.png,data/processed/damaged/mask_robustness/p043__loss_small__variant_01_damaged.png,data/processed/masks/mask_robustness/p043__loss_small__variant_01_mask.png,data/processed/restored/opencv_telea/mask_robustness/mask_robustness__p043__loss_small__variant_01_restored_opencv_telea.png,opencv_telea_mask_robustness_mask_robustness_p043_loss_small_variant_01_difference_maps.png,outputs/figures/opencv_difference_maps/all_cases/mask_robustness/opencv_telea_mask_robustness_mask_robustness_p043_loss_small_variant_01_difference_maps.png,768,768,589824,469248,21097,568727,17629,21097,0.03576829698350695,3.5768296983506946,0,78,768,689,107.0,70.0,746.0,521.0,5,both,127,49.27147619724764,-28.07493956486704,2.572727591197033,,5.528842926025391,29.78214454650879,255.0,0.4487118124961853,3.553450345993042,104.33333587646484,5.080130577087402,27.448034286499023,0.0,226.6666717529297,21097,142.02886962890625,40.15603256225586,31.666671752929688,226.6666717529297,21097,0,0,100.0,0.0,0.0,568727,0.0,0.0,0.0,0.0,0,0,568727,0.0,0.0,100.0,17629,68.7464828491211,78.16166687011719,0.0,226.6666717529297,8285,0,9344,46.996426342957626,0.0,53.00357365704237,469248,6.385500907897949,30.63735008239746,0.0,226.6666717529297,21097,0,448151,4.495916871249318,0.0,95.50408312875068,154.57382202148438,41.94514083862305,12.54495906829834,14.187151908874512,72.40533447265625,82.02434539794922,3.658857822418213,6.8196845054626465,0.0,0.0,0.0,0.0,False,False,False,False,0,improved,unchanged_or_undefined,0.0,255.0,-253.3333282470703,253.3333282470703,2387233,2387233,2.2766427993774414,2383,2335,RGBA,PNG,9494813356a4d87c6974cb89ede0749bcbf5c036044b82c9048116c34bdc2c39,6.122815800015815,2.0.0,restoration_eval.error_maps,ok,,154.57382202148438,12.54495906829834,142.02886962890625,0,21097,0,0.0,100.0
opencv_telea__mask_robustness__mask_robustness__p043__loss_small__variant_02,opencv_telea__mask_robustness__mask_robustness__p043__loss_small__variant_02,mask_robustness__p043__loss_small__variant_02,mask_robustness__p043__loss_small__variant_02,mask_robustness,p043,high_texture_brushwork,The Card Players,Paul Cézanne,,,opencv_telea,False,data/processed/clean/p043_clean.png,data/processed/damaged/mask_robustness/p043__loss_small__variant_02_damaged.png,data/processed/masks/mask_robustness/p043__loss_small__variant_02_mask.png,data/processed/restored/opencv_telea/mask_robustness/mask_robustness__p043__loss_small__variant_02_restored_opencv_telea.png,opencv_telea_mask_robustness_mask_robustness_p043_loss_small_variant_02_difference_maps.png,outputs/figures/opencv_difference_maps/all_cases/mask_robustness/opencv_telea_mask_robustness_mask_robustness_p043_loss_small_variant_02_difference_maps.png,768,768,589824,469248,21107,568717,16808,21107,0.03578525119357639,3.578525119357639,0,78,768,689,0.0,152.0,575.0,559.0,5,both,127,47.39975679474424,-43.5989955938788,2.770081900878808,,5.814176559448242,31.018972396850586,236.3333282470703,0.3827243447303772,3.4767024517059326,112.33333587646484,5.431451797485352,29.10698890686035,-15.0,228.6666717529297,21107,151.77908325195312,38.243099212646484,-15.0,228.6666717529297,21078,29,0,99.86260482304449,0.13739517695551237,0.0,568717,0.0,0.0,0.0,0.0,0,0,568717,0.0,0.0,100.0,16808,72.36064147949219,81.32284545898438,0.0,228.6666717529297,7868,0,8940,46.81104236078058,0.0,53.18895763921942,469248,6.8270955085754395,32.48670959472656,-15.0,228.6666717529297,21078,29,448141,4.491867839607202,0.006180100927441353,95.50195205946535,162.47409057617188,37.872684478759766,10.695030212402344,15.082677841186523,75.33956146240234,84.43196868896484,2.9789187908172607,6.203640460968018,0.0,0.0,0.0,0.0,False,False,False,False,0,improved,unchanged_or_undefined,0.0,255.0,-253.3333282470703,253.3333282470703,2374696,2374696,2.2646865844726562,2383,2335,RGBA,PNG,157dccef1cb7a5e99bb706a02899a91d95a2c455e9820468a759743e99897dab,6.475412800034974,2.0.0,restoration_eval.error_maps,ok,,162.47409057617188,10.695030212402344,151.77908325195312,29,21078,0,0.13739517695551237,99.86260482304449
opencv_telea__mask_robustness__mask_robustness__p043__loss_small__variant_03,opencv_telea__mask_robustness__mask_robustness__p043__loss_small__variant_03,mask_robustness__p043__loss_small__variant_03,mask_robustness__p043__loss_small__variant_03,mask_robustness,p043,high_texture_brushwork,The Card Players,Paul Cézanne,,,opencv_telea,False,data/processed/clean/p043_clean.png,data/processed/damaged/mask_robustness/p043__loss_small__variant_03_damaged.png,data/processed/masks/mask_robustness/p043__loss_small__variant_03_mask.png,data/processed/restored/opencv_telea/mask_robustness/mask_robustness__p043__loss_small__variant_03_restored_opencv_telea.png,opencv_telea_mask_robustness_mask_robustness_p043_loss_small_variant_03_difference_maps.png,outputs/figures/opencv_difference_maps/all_cases/mask_robustness/opencv_telea_mask_robustness_mask_robustness_p043_loss_small_variant_03_difference_maps.png,768,768,589824,469248,21143,568681,13018,21143,0.03584628634982639,3.584628634982639,0,78,768,689,0.0,101.0,745.0,697.0,5,both,127,32.89008182377147,-27.81114316795157,1.6771179949822643,,5.390471458435059,29.000038146972656,255.0,0.6424018144607544,5.4320831298828125,131.3333282470703,4.748068809509277,26.200424194335938,-56.0,252.6666717529297,21143,132.4563751220703,47.26932144165039,-56.0,252.6666717529297,20776,357,10,98.26420091756137,1.6885021047155084,0.047296977723123496,568681,0.0,0.0,0.0,0.0,0,0,568681,0.0,0.0,100.0,13018,68.92676544189453,77.52897644042969,-16.333335876464844,252.6666717529297,6184,4,6830,47.50345675218928,0.030726686126901215,52.46581656168382,469248,5.968112468719482,29.250150680541992,-56.0,252.6666717529297,20776,357,448115,4.4275095471903985,0.07607917348608838,95.49641127932351,150.37738037109375,40.725887298583984,17.9210147857666,22.66094207763672,73.28521728515625,81.73064422607422,4.358452796936035,10.349961280822754,0.0,0.0,0.0,0.0,False,False,False,False,0,improved,unchanged_or_undefined,0.0,255.0,-253.3333282470703,253.3333282470703,2358736,2358736,2.2494659423828125,2383,2335,RGBA,PNG,1717f143edc70a0810197ba0a3a1295773e18ca97de55d88653c1cb7528c5911,6.202313499990851,2.0.0,restoration_eval.error_maps,ok,,150.37738037109375,17.9210147857666,132.4563751220703,357,20776,10,1.6885021047155084,98.26420091756137
opencv_telea__mask_robustness__mask_robustness__p043__loss_small__variant_04,opencv_telea__mask_robustness__mask_robustness__p043__loss_small__variant_04,mask_robustness__p043__loss_small__variant_04,mask_robustness__p043__loss_small__variant_04,mask_robustness,p043,high_texture_brushwork,The Card Players,Paul Cézanne,,,opencv_telea,False,data/processed/clean/p043_clean.png,data/processed/damaged/mask_robustness/p043__loss_small__variant_04_damaged.png,data/processed/masks/mask_robustness/p043__loss_small__variant_04_mask.png,data/processed/restored/opencv_telea/mask_robustness/mask_robustness__p043__loss_small__variant_04_restored_opencv_telea.png,opencv_telea_mask_robustness_mask_robustness_p043_loss_small_variant_04_difference_maps.png,outputs/figures/opencv_difference_maps/all_cases/mask_robustness/opencv_telea_mask_robustness_mask_robustness_p043_loss_small_variant_04_difference_maps.png,768,768,589824,469248,21088,568736,13132,21088,0.03575303819444445,3.5753038194444446,0,78,768,689,87.0,149.0,719.0,697.0,5,both,127,35.517624557410215,-68.46685318664643,1.6287146307266769,,6.528351783752441,34.26871109008789,255.0,0.6596311926841736,4.862215995788574,126.0,5.868721008300781,31.103443145751953,0.0,223.66665649414062,21088,164.1460723876953,32.831459045410156,30.666664123535156,223.66665649414062,21088,0,0,100.0,0.0,0.0,568736,0.0,0.0,0.0,0.0,0,0,568736,0.0,0.0,100.0,13132,81.82805633544922,88.29879760742188,0.0,223.66665649414062,6243,0,6889,47.54035942735303,0.0,52.45964057264697,469248,7.3767218589782715,34.711463928222656,0.0,223.66665649414062,21088,0,448160,4.493998908892525,0.0,95.50600109110748,182.59571838378906,26.398115158081055,18.44965362548828,18.248693466186523,86.97654724121094,93.16646575927734,5.148492336273193,10.668859481811523,0.0,0.0,0.0,0.0,False,False,False,False,0,improved,unchanged_or_undefined,0.0,255.0,-253.3333282470703,253.3333282470703,2365006,2365006,2.2554454803466797,2383,2335,RGBA,PNG,c7435a8b8e1b61dce36e08e25f1b58e0fb218a62596c08f501a556b3a47809c8,6.311696300050244,2.0.0,restoration_eval.error_maps,ok,,182.59571838378906,18.44965362548828,164.1460723876953,0,21088,0,0.0,100.0
opencv_telea__mask_robustness__mask_robustness__p043__loss_small__variant_05,opencv_telea__mask_robustness__mask_robustness__p043__loss_small__variant_05,mask_robustness__p043__loss_small__variant_05,mask_robustness__p043__loss_small__variant_05,mask_robustness,p043,high_texture_brushwork,The Card Players,Paul Cézanne,,,opencv_telea,False,data/processed/clean/p043_clean.png,data/processed/damaged/mask_robustness/p043__loss_small__variant_05_damaged.png,data/processed/masks/mask_robustness/p043__loss_small__variant_05_mask.png,data/processed/restored/opencv_telea/mask_robustness/mask_robustness__p043__loss_small__variant_05_restored_opencv_telea.png,opencv_telea_mask_robustness_mask_robustness_p043_loss_small_variant_05_difference_maps.png,outputs/figures/opencv_difference_maps/all_cases/mask_robustness/opencv_telea_mask_robustness_mask_robustness_p043_loss_small_variant_05_difference_maps.png,768,768,589824,469248,21128,568696,16478,21128,0.035820855034722224,3.5820855034722223,0,78,768,689,113.0,288.0,765.0,593.0,5,both,127,35.89396377634735,-60.92094219361354,1.7007514925572735,,6.237954616546631,33.170684814453125,243.0,0.6205191016197205,4.722764492034912,127.0,5.61743688583374,30.264270782470703,-4.3333282470703125,230.6666717529297,21128,156.82025146484375,43.10417175292969,-4.3333282470703125,230.6666717529297,21124,3,1,99.98106777735705,0.014199166982203712,0.00473305566073457,568696,0.0,0.0,0.0,0.0,0,0,568696,0.0,0.0,100.0,16478,74.95114135742188,85.15119171142578,0.0,230.6666717529297,7724,0,8754,46.874620706396406,0.0,53.125379293603594,469248,7.060868263244629,33.77997970581055,-4.3333282470703125,230.6666717529297,21124,3,448121,4.501670758319695,0.0006393207855973814,95.49768992089471,174.14309692382812,38.43250274658203,17.32284164428711,18.257511138916016,80.24938201904297,89.82942962646484,5.29823637008667,11.214484214782715,0.0,0.0,0.0,0.0,False,False,False,False,0,improved,unchanged_or_undefined,0.0,255.0,-253.3333282470703,253.3333282470703,2377105,2377105,2.266983985900879,2383,2335,RGBA,PNG,725f43278e1614eabc77ea38502e1fc1abe421122155f1e4d96217e6d37d3a7d,6.422989399987273,2.0.0,restoration_eval.error_maps,ok,,174.14309692382812,17.32284164428711,156.82025146484375,3,21124,1,0.014199166982203712,99.98106777735705
opencv_telea__mask_robustness__mask_robustness__p043__scratch_thin__variant_01,opencv_telea__mask_robustness__mask_robustness__p043__scratch_thin__variant_01,mask_robustness__p043__scratch_thin__variant_01,mask_robustness__p043__scratch_thin__variant_01,mask_robustness,p043,high_texture_brushwork,The Card Players,Paul Cézanne,,,opencv_telea,False,data/processed/clean/p043_clean.png,data/processed/damaged/mask_robustness/p043__scratch_thin__variant_01_damaged.png,data/processed/masks/mask_robustness/p043__scratch_thin__variant_01_mask.png,data/processed/restored/opencv_telea/mask_robustness/mask_robustness__p043__scratch_thin__variant_01_restored_opencv_telea.png,opencv_telea_mask_robustness_mask_robustness_p043_scratch_thin_variant_01_difference_maps.png,outputs/figures/opencv_difference_maps/all_cases/mask_robustness/opencv_telea_mask_robustness_mask_robustness_p043_scratch_thin_variant_01_difference_maps.png,768,768,589824,469248,9410,580414,44480,9410,0.015953911675347224,1.5953911675347223,0,78,768,689,75.0,114.0,716.0,667.0,5,both,127,70.784697130712,-31.048671625929856,4.479239849829476,,2.5194294452667236,20.487682342529297,234.6666717529297,0.09990551322698593,1.1327756643295288,70.0,2.4195237159729004,19.726573944091797,0.0,228.0,9410,151.6571044921875,41.9337043762207,38.000003814697266,228.0,9410,0,0,100.0,0.0,0.0,580414,0.0,0.0,0.0,0.0,0,0,580414,0.0,0.0,100.0,44480,32.08393478393555,64.87206268310547,0.0,228.0,9410,0,35070,21.155575539568343,0.0,78.84442446043165,469248,3.0412349700927734,22.073476791381836,0.0,228.0,9410,0,459838,2.0053361974904527,0.0,97.99466380250955,157.9192352294922,42.06231689453125,6.26213264465332,6.468523979187012,33.408721923828125,67.335205078125,1.324790120124817,3.923368215560913,0.0,0.0,0.0,0.0,False,False,False,False,0,improved,unchanged_or_undefined,0.0,255.0,-253.3333282470703,253.3333282470703,2465705,2465705,2.3514795303344727,2383,2335,RGBA,PNG,72df56a555e2357fdc8109c87729566ca22bbf7863c65feda4c2449f4aeabff5,6.202126000018325,2.0.0,restoration_eval.error_maps,ok,,157.9192352294922,6.26213264465332,151.6571044921875,0,9410,0,0.0,100.0
opencv_telea__mask_robustness__mask_robustness__p043__scratch_thin__variant_02,opencv_telea__mask_robustness__mask_robustness__p043__scratch_thin__variant_02,mask_robustness__p043__scratch_thin__variant_02,mask_robustness__p043__scratch_thin__variant_02,mask_robustness,p043,high_texture_brushwork,The Card Players,Paul Cézanne,,,opencv_telea,False,data/processed/clean/p043_clean.png,data/processed/damaged/mask_robustness/p043__scratch_thin__variant_02_damaged.png,data/processed/masks/mask_robustness/p043__scratch_thin__variant_02_mask.png,data/processed/restored/opencv_telea/mask_robustness/mask_robustness__p043__scratch_thin__variant_02_restored_opencv_telea.png,opencv_telea_mask_robustness_mask_robustness_p043_scratch_thin_variant_02_difference_maps.png,outputs/figures/opencv_difference_maps/all_cases/mask_robustness/opencv_telea_mask_robustness_mask_robustness_p043_scratch_thin_variant_02_difference_maps.png,768,768,589824,469248,9386,580438,41354,9386,0.015913221571180556,1.5913221571180556,0,78,768,689,95.0,135.0,768.0,680.0,5,both,127,62.37374813552098,-70.17210029121388,3.8692341660391953,,2.918530225753784,23.430614471435547,255.0,0.11275848746299744,1.3535308837890625,74.0,2.8057713508605957,22.561241149902344,0.0,254.0,9386,176.31700134277344,37.3311882019043,2.333332061767578,254.0,9386,0,0,100.0,0.0,0.0,580438,0.0,0.0,0.0,0.0,0,0,580438,0.0,0.0,100.0,41354,40.01816940307617,75.96534729003906,0.0,254.0,9386,0,31968,22.696716158050005,0.0,77.30328384194999,469248,3.52673077583313,25.24401092529297,0.0,254.0,9386,0,459862,2.0002216312056738,0.0,97.99977836879432,183.40284729003906,37.388153076171875,7.0858378410339355,8.10661506652832,41.62641906738281,78.860107421875,1.6082524061203003,4.870830059051514,0.0,0.0,0.0,0.0,False,False,False,False,0,improved,unchanged_or_undefined,0.0,255.0,-253.3333282470703,253.3333282470703,2444754,2444754,2.3314990997314453,2383,2335,RGBA,PNG,4651a8a01af0ec4a6c7bd00a1e5c8bfd14c997d80d8515265b3ae67a08042fb5,6.119400300027337,2.0.0,restoration_eval.error_maps,ok,,183.40284729003906,7.0858378410339355,176.31700134277344,0,9386,0,0.0,100.0
opencv_telea__mask_robustness__mask_robustness__p043__scratch_thin__variant_03,opencv_telea__mask_robustness__mask_robustness__p043__scratch_thin__variant_03,mask_robustness__p043__scratch_thin__variant_03,mask_robustness__p043__scratch_thin__variant_03,mask_robustness,p043,high_texture_brushwork,The Card Players,Paul Cézanne,,,opencv_telea,False,data/processed/clean/p043_clean.png,data/processed/damaged/mask_robustness/p043__scratch_thin__variant_03_damaged.png,data/processed/masks/mask_robustness/p043__scratch_thin__variant_03_mask.png,data/processed/restored/opencv_telea/mask_robustness/mask_robustness__p043__scratch_thin__variant_03_restored_opencv_telea.png,opencv_telea_mask_robustness_mask_robustness_p043_scratch_thin_variant_03_difference_maps.png,outputs/figures/opencv_difference_maps/all_cases/mask_robustness/opencv_telea_mask_robustness_mask_robustness_p043_scratch_thin_variant_03_difference_maps.png,768,768,589824,469248,9437,580387,40542,9437,0.015999688042534724,1.5999688042534723,0,78,768,689,76.0,70.0,768.0,630.0,5,both,127,61.19748507647205,-33.588357882095295,3.880956798117097,,2.506696939468384,20.49169921875,255.0,0.13101480901241302,1.8320363759994507,91.0,2.3756818771362305,19.41463851928711,0.0,253.0,9437,148.4829864501953,43.174171447753906,27.333335876464844,253.0,9437,0,0,100.0,0.0,0.0,580387,0.0,0.0,0.0,0.0,0,0,580387,0.0,0.0,100.0,40542,34.56252670288086,66.11554718017578,0.0,253.0,9437,0,31105,23.27709535790045,0.0,76.72290464209955,469248,2.986126661300659,21.724609375,0.0,253.0,9437,0,459811,2.0110900845608293,0.0,97.98890991543917,156.67156982421875,45.73421096801758,8.188583374023438,11.991511344909668,36.46859359741211,69.78897857666016,1.9060646295547485,6.741401672363281,0.0,0.0,0.0,0.0,False,False,False,False,0,improved,unchanged_or_undefined,0.0,255.0,-253.3333282470703,253.3333282470703,2450915,2450915,2.337374687194824,2383,2335,RGBA,PNG,634695069e92eccbd97356e26154d9efe5ca07d3001a96320c7e2e56ae9a8059,6.216369999980088,2.0.0,restoration_eval.error_maps,ok,,156.67156982421875,8.188583374023438,148.4829864501953,0,9437,0,0.0,100.0
opencv_telea__mask_robustness__mask_robustness__p043__scratch_thin__variant_04,opencv_telea__mask_robustness__mask_robustness__p043__scratch_thin__variant_04,mask_robustness__p043__scratch_thin__variant_04,mask_robustness__p043__scratch_thin__variant_04,mask_robustness,p043,high_texture_brushwork,The Card Players,Paul Cézanne,,,opencv_telea,False,data/processed/clean/p043_clean.png,data/processed/damaged/mask_robustness/p043__scratch_thin__variant_04_damaged.png,data/processed/masks/mask_robustness/p043__scratch_thin__variant_04_mask.png,data/processed/restored/opencv_telea/mask_robustness/mask_robustness__p043__scratch_thin__variant_04_restored_opencv_telea.png,opencv_telea_mask_robustness_mask_robustness_p043_scratch_thin_variant_04_difference_maps.png,outputs/figures/opencv_difference_maps/all_cases/mask_robustness/opencv_telea_mask_robustness_mask_robustness_p043_scratch_thin_variant_04_difference_maps.png,768,768,589824,469248,9378,580446,41263,9378,0.015899658203125,1.5899658203125,0,78,768,689,0.0,70.0,704.0,639.0,5,both,127,71.10823203241628,-35.911957062628844,4.748223792444815,,2.5689163208007812,20.9324893951416,255.0,0.111918143928051,1.6736301183700562,85.33333587646484,2.456997871398926,20.01359748840332,0.0,230.3333282470703,9378,154.531494140625,41.13022232055664,30.33333396911621,230.3333282470703,9378,0,0,100.0,0.0,0.0,580446,0.0,0.0,0.0,0.0,0,0,580446,0.0,0.0,100.0,41263,35.1209602355957,67.66307067871094,0.0,230.3333282470703,9378,0,31885,22.727382885393695,0.0,77.2726171146063,469248,3.0883376598358154,22.394561767578125,0.0,230.3333282470703,9378,0,459870,1.998516775777414,0.0,98.00148322422258,161.57052612304688,43.22535705566406,7.039027690887451,11.287583351135254,36.72075271606445,70.77586364746094,1.5997868776321411,6.136650562286377,0.0,0.0,0.0,0.0,False,False,False,False,0,improved,unchanged_or_undefined,0.0,255.0,-253.3333282470703,253.3333282470703,2443761,2443761,2.330552101135254,2383,2335,RGBA,PNG,cd5dfe9ffca047516329b40171d7d5cf55d6dc1efba465f9637eedf32518ae76,6.2376050999737345,2.0.0,restoration_eval.error_maps,ok,,161.57052612304688,7.039027690887451,154.531494140625,0,9378,0,0.0,100.0
opencv_telea__mask_robustness__mask_robustness__p043__scratch_thin__variant_05,opencv_telea__mask_robustness__mask_robustness__p043__scratch_thin__variant_05,mask_robustness__p043__scratch_thin__variant_05,mask_robustness__p043__scratch_thin__variant_05,mask_robustness,p043,high_texture_brushwork,The Card Players,Paul Cézanne,,,opencv_telea,False,data/processed/clean/p043_clean.png,data/processed/damaged/mask_robustness/p043__scratch_thin__variant_05_damaged.png,data/processed/masks/mask_robustness/p043__scratch_thin__variant_05_mask.png,data/processed/restored/opencv_telea/mask_robustness/mask_robustness__p043__scratch_thin__variant_05_restored_opencv_telea.png,opencv_telea_mask_robustness_mask_robustness_p043_scratch_thin_variant_05_difference_maps.png,outputs/figures/opencv_difference_maps/all_cases/mask_robustness/opencv_telea_mask_robustness_mask_robustness_p043_scratch_thin_variant_05_difference_maps.png,768,768,589824,469248,8269,581555,29247,8269,0.014019436306423612,1.4019436306423612,0,78,768,689,0.0,70.0,768.0,697.0,5,both,127,66.52303785221912,-42.34462047002863,3.935446103880501,,2.377814292907715,20.45085334777832,255.0,0.1060095950961113,1.4073505401611328,91.0,2.2718048095703125,19.599111557006836,-26.0,224.33334350585938,8269,162.0467987060547,38.838844299316406,-26.0,224.33334350585938,8261,8,0,99.9032531140404,0.09674688595960818,0.0,581555,0.0,0.0,0.0,0.0,0,0,581555,0.0,0.0,100.0,29247,45.815467834472656,75.8398208618164,-26.0,224.33334350585938,8261,8,20978,28.24563203063562,0.027353232810202757,71.72701473655417,469248,2.855557918548584,21.935394287109375,-26.0,224.33334350585938,8261,8,460979,1.7604763366066558,0.0017048554282596835,98.23781880796508,169.6083984375,38.32706069946289,7.561614990234375,9.214198112487793,47.953365325927734,79.0511703491211,2.13789439201355,5.966533184051514,0.0,0.0,0.0,0.0,False,False,False,False,0,improved,unchanged_or_undefined,0.0,255.0,-253.3333282470703,253.3333282470703,2409310,2409310,2.297697067260742,2383,2335,RGBA,PNG,6f7ef2bbc4fbcae2ef009b24070db71d5139ae43741a8296521f9fe0dcfc5ca6,6.372395600017626,2.0.0,restoration_eval.error_maps,ok,,169.6083984375,7.561614990234375,162.0467987060547,8,8261,0,0.09674688595960818,99.9032531140404
opencv_telea__synthetic_degradation__synthetic_degradation__p001__dirt_dust__mild,opencv_telea__synthetic_degradation__synthetic_degradation__p001__dirt_dust__mild,synthetic_degradation__p001__dirt_dust__mild,synthetic_degradation__p001__dirt_dust__mild,synthetic_degradation,p001,portrait_figure,Juan de Pareja,Diego Velázquez,,,opencv_telea,False,data/processed/clean/p001_clean.png,data/processed/degraded/synthetic_degradation/p001__dirt_dust__mild_degraded.png,data/processed/masks/synthetic_degradation/p001__dirt_dust__mild_effect_mask.png,data/processed/restored/opencv_telea/synthetic_degradation/synthetic_degradation__p001__dirt_dust__mild_restored_opencv_telea.png,opencv_telea_synthetic_degradation_synthetic_degradation_p001_dirt_dust_mild_difference_maps.png,outputs/figures/opencv_difference_maps/all_cases/synthetic_degradation/opencv_telea_synthetic_degradation_synthetic_degradation_p001_dirt_dust_mild_difference_maps.png,768,768,589824,509184,1700,588124,12766,1700,0.0028822157118055555,0.2882215711805555,52,0,715,768,44.0,0.0,716.0,765.0,5,both,127,-18.20450980392157,-126.63196078431372,-26.108795332081897,,0.00016502098878845572,0.01188519038259983,1.0,0.011470654048025608,0.45035871863365173,85.33333587646484,-0.011305633932352066,0.4467114806175232,-85.33333587646484,0.3333333134651184,1700,-3.9225494861602783,7.341204643249512,-85.33333587646484,0.3333333134651184,2,1672,26,0.1176470588235294,98.3529411764706,1.5294117647058825,588124,0.0,0.0,0.0,0.0,0,0,588124,0.0,0.0,100.0,12766,-0.5223510265350342,2.992133378982544,-85.33333587646484,0.3333333134651184,2,1672,11092,0.015666614444618518,13.097289675701083,86.88704370985431,509184,-0.013096118345856667,0.4807606637477875,-85.33333587646484,0.3333333134651184,2,1672,507510,0.00039278531925590745,0.32836852689793866,99.6712386877828,0.04470588266849518,0.1959426999092102,3.9672553539276123,7.393808364868164,0.006005535833537579,0.07333225756883621,0.5283565521240234,3.0160865783691406,3.6273529985919595e-05,0.00499366782605648,3.6273529985919595e-05,0.00499366782605648,True,False,False,True,2,degraded,unchanged_or_undefined,0.0,255.0,-253.3333282470703,253.3333282470703,2055175,2055175,1.9599676132202148,2383,2335,RGBA,PNG,dd5b0e77e3bfec4f3754dfc693d2e9025451ebd918269bc3d6959172d8b2f197,6.343147200008389,2.0.0,restoration_eval.error_maps,ok,,0.04470588266849518,3.9672553539276123,-3.9225494861602783,1672,2,26,98.3529411764706,0.1176470588235294
opencv_telea__synthetic_degradation__synthetic_degradation__p001__dirt_dust__moderate,opencv_telea__synthetic_degradation__synthetic_degradation__p001__dirt_dust__moderate,synthetic_degradation__p001__dirt_dust__moderate,synthetic_degradation__p001__dirt_dust__moderate,synthetic_degradation,p001,portrait_figure,Juan de Pareja,Diego Velázquez,,,opencv_telea,False,data/processed/clean/p001_clean.png,data/processed/degraded/synthetic_degradation/p001__dirt_dust__moderate_degraded.png,data/processed/masks/synthetic_degradation/p001__dirt_dust__moderate_effect_mask.png,data/processed/restored/opencv_telea/synthetic_degradation/synthetic_degradation__p001__dirt_dust__moderate_restored_opencv_telea.png,opencv_telea_synthetic_degradation_synthetic_degradation_p001_dirt_dust_moderate_difference_maps.png,outputs/figures/opencv_difference_maps/all_cases/synthetic_degradation/opencv_telea_synthetic_degradation_synthetic_degradation_p001_dirt_dust_moderate_difference_maps.png,768,768,589824,509184,5611,584213,27442,5611,0.009513007269965278,0.9513007269965278,52,0,715,768,45.0,0.0,723.0,768.0,5,both,127,-16.386383888789876,-5.735163072536082,-13.589483898713617,,0.006763598881661892,0.08385968208312988,4.666666507720947,0.034658923745155334,0.6717677712440491,85.33333587646484,-0.027895323932170868,0.6356498599052429,-83.66667175292969,2.6666667461395264,5611,-2.932335376739502,5.8272385597229,-83.66667175292969,2.6666667461395264,466,4755,390,8.305114952771342,84.7442523614329,6.9506326857957585,584213,0.0,0.0,0.0,0.0,0,0,584213,0.0,0.0,100.0,27442,-0.5969924330711365,2.884737253189087,-83.66667175292969,2.6666667461395264,462,4738,22242,1.6835507616062968,17.26550542963341,81.0509438087603,509184,-0.03231314569711685,0.6840306520462036,-83.66667175292969,2.6666667461395264,466,4755,503963,0.09151897938662644,0.93384709653092,98.97463392408245,0.5992990136146545,0.5657052993774414,3.5316343307495117,5.918303966522217,0.12251294404268265,0.3515363931655884,0.7195054292678833,3.0282278060913086,0.0010726680047810078,0.024938123300671577,0.0010726680047810078,0.024938123300671577,True,False,False,True,2,degraded,unchanged_or_undefined,0.0,255.0,-253.3333282470703,253.3333282470703,2114523,2114523,2.016566276550293,2383,2335,RGBA,PNG,c979fe402d4e34ffea9fd72fdb2d0f28430472329e35819bee7fe1337cb7aaeb,6.5758037000196055,2.0.0,restoration_eval.error_maps,ok,,0.5992990136146545,3.5316343307495117,-2.932335376739502,4755,466,390,84.7442523614329,8.305114952771342
opencv_telea__synthetic_degradation__synthetic_degradation__p001__dirt_dust__severe,opencv_telea__synthetic_degradation__synthetic_degradation__p001__dirt_dust__severe,synthetic_degradation__p001__dirt_dust__severe,synthetic_degradation__p001__dirt_dust__severe,synthetic_degradation,p001,portrait_figure,Juan de Pareja,Diego Velázquez,,,opencv_telea,False,data/processed/clean/p001_clean.png,data/processed/degraded/synthetic_degradation/p001__dirt_dust__severe_degraded.png,data/processed/masks/synthetic_degradation/p001__dirt_dust__severe_effect_mask.png,data/processed/restored/opencv_telea/synthetic_degradation/synthetic_degradation__p001__dirt_dust__severe_restored_opencv_telea.png,opencv_telea_synthetic_degradation_synthetic_degradation_p001_dirt_dust_severe_difference_maps.png,outputs/figures/opencv_difference_maps/all_cases/synthetic_degradation/opencv_telea_synthetic_degradation_synthetic_degradation_p001_dirt_dust_severe_difference_maps.png,768,768,589824,509184,13471,576353,51871,13471,0.022839016384548612,2.283901638454861,52,0,715,768,44.0,0.0,723.0,768.0,5,both,127,-15.4619800559226,26.44745502684779,-9.048331582980625,,0.04167570173740387,0.2362801879644394,7.0,0.09762856364250183,0.9800887703895569,91.66666412353516,-0.055952854454517365,0.882972240447998,-89.66666412353516,5.6666669845581055,13471,-2.4498801231384277,5.317094326019287,-89.66666412353516,5.6666669845581055,2546,9984,941,18.899858956276447,74.11476505084997,6.98537599287358,576353,0.0,0.0,0.0,0.0,0,0,576353,0.0,0.0,100.0,51871,-0.5949053168296814,2.81075119972229,-89.66666412353516,5.6666669845581055,2480,9483,39908,4.781091554047541,18.281891615739045,76.93701683021341,509184,-0.06481416523456573,0.9500201344490051,-89.66666412353516,5.6666669845581055,2546,9984,496654,0.5000157114127702,1.9607843137254901,97.53919997486173,1.1335957050323486,0.8644901514053345,3.5834755897521973,5.398740768432617,0.2995893657207489,0.6543715000152588,0.8944946527481079,3.0545551776885986,0.016154451295733452,0.10558013617992401,0.016154451295733452,0.10558013617992401,True,False,False,True,2,degraded,unchanged_or_undefined,0.0,255.0,-253.3333282470703,253.3333282470703,2227505,2227505,2.124314308166504,2383,2335,RGBA,PNG,30acf0e2c39da839b8485ebfa404889d241723bdadf4bb551b7e0fe29579c821,6.278956399997696,2.0.0,restoration_eval.error_maps,ok,,1.1335957050323486,3.5834755897521973,-2.4498801231384277,9984,2546,941,74.11476505084997,18.899858956276447
opencv_telea__synthetic_degradation__synthetic_degradation__p001__partial_transparency__mild,opencv_telea__synthetic_degradation__synthetic_degradation__p001__partial_transparency__mild,synthetic_degradation__p001__partial_transparency__mild,synthetic_degradation__p001__partial_transparency__mild,synthetic_degradation,p001,portrait_figure,Juan de Pareja,Diego Velázquez,,,opencv_telea,False,data/processed/clean/p001_clean.png,data/processed/degraded/synthetic_degradation/p001__partial_transparency__mild_degraded.png,data/processed/masks/synthetic_degradation/p001__partial_transparency__mild_effect_mask.png,data/processed/restored/opencv_telea/synthetic_degradation/synthetic_degradation__p001__partial_transparency__mild_restored_opencv_telea.png,opencv_telea_synthetic_degradation_synthetic_degradation_p001_partial_transparency_mild_difference_maps.png,outputs/figures/opencv_difference_maps/all_cases/synthetic_degradation/opencv_telea_synthetic_degradation_synthetic_degradation_p001_partial_transparency_mild_difference_maps.png,768,768,589824,509184,31896,557928,8448,31896,0.0540771484375,5.40771484375,52,0,715,768,186.0,78.0,672.0,583.0,5,both,127,12.022698771005764,5.761537496864804,0.5010941927323671,,1.0260465145111084,3.1233139038085938,17.33333396911621,0.9912305474281311,3.1976840496063232,41.66666793823242,0.03481603041291237,1.2439028024673462,-30.0,16.33333396911621,31896,0.6438215970993042,5.312308311462402,-30.0,16.33333396911621,17292,13715,889,54.21369450714823,42.999122146977676,2.787183345874091,557928,0.0,0.0,0.0,0.0,0,0,557928,0.0,0.0,100.0,8448,0.09520995616912842,1.9409886598587036,-14.999999046325684,9.0,2012,1861,4575,23.81628787878788,22.028882575757574,54.15482954545454,509184,0.040329888463020325,1.3386998176574707,-30.0,16.33333396911621,17292,13715,478177,3.396021870286576,2.6935253267973858,93.91045280291604,12.649736404418945,2.7608208656311035,12.005915641784668,5.557900905609131,8.329940795898438,0.9287478923797607,8.234728813171387,2.1571693420410156,0.361535906791687,1.3081969022750854,0.361535906791687,1.3081969022750854,False,False,False,False,0,improved,unchanged_or_undefined,0.0,255.0,-253.3333282470703,253.3333282470703,2223080,2223080,2.1200942993164062,2383,2335,RGBA,PNG,2a74a76ab562dafc54a82a2e36d5acaf3915006ecafa6cd7800876a247a6707a,6.522905899968464,2.0.0,restoration_eval.error_maps,ok,,12.649736404418945,12.005915641784668,0.6438215970993042,13715,17292,889,42.999122146977676,54.21369450714823
opencv_telea__synthetic_degradation__synthetic_degradation__p001__partial_transparency__moderate,opencv_telea__synthetic_degradation__synthetic_degradation__p001__partial_transparency__moderate,synthetic_degradation__p001__partial_transparency__moderate,synthetic_degradation__p001__partial_transparency__moderate,synthetic_degradation,p001,portrait_figure,Juan de Pareja,Diego Velázquez,,,opencv_telea,False,data/processed/clean/p001_clean.png,data/processed/degraded/synthetic_degradation/p001__partial_transparency__moderate_degraded.png,data/processed/masks/synthetic_degradation/p001__partial_transparency__moderate_effect_mask.png,data/processed/restored/opencv_telea/synthetic_degradation/synthetic_degradation__p001__partial_transparency__moderate_restored_opencv_telea.png,opencv_telea_synthetic_degradation_synthetic_degradation_p001_partial_transparency_moderate_difference_maps.png,outputs/figures/opencv_difference_maps/all_cases/synthetic_degradation/opencv_telea_synthetic_degradation_synthetic_degradation_p001_partial_transparency_moderate_difference_maps.png,768,768,589824,509184,99854,489970,15126,99854,0.16929456922743055,16.929456922743054,52,0,715,768,180.0,61.0,490.0,729.0,5,both,127,-3.370981633184442,24.835913767433794,-0.1323359061650997,,5.216943740844727,8.91486644744873,35.0,6.072706699371338,12.359832763671875,142.3333282470703,-0.855763852596283,7.3520612716674805,-123.0,25.33333396911621,99854,-5.054880142211914,17.264314651489258,-123.0,25.33333396911621,46593,51447,1814,46.66112524285457,51.52222244476936,1.816652312376069,489970,0.0,0.0,0.0,0.0,0,0,489970,0.0,0.0,100.0,15126,-0.07893693447113037,3.3817930221557617,-78.33333587646484,16.333332061767578,3734,3440,7952,24.68597117545947,22.74229802988232,52.5717307946582,509184,-0.9912918210029602,7.904356956481934,-123.0,25.33333396911621,46593,51447,411144,9.150523190045249,10.103813159879337,80.74566365007541,22.325973510742188,6.554453372955322,27.380855560302734,16.7834529876709,16.416215896606445,3.5268185138702393,16.495153427124023,4.743957996368408,1.7301890850067139,3.8863637447357178,1.7301890850067139,3.8863637447357178,True,False,False,False,1,degraded,unchanged_or_undefined,0.0,255.0,-253.3333282470703,253.3333282470703,2676992,2676992,2.552978515625,2383,2335,RGBA,PNG,8dbeeeea717b77608406f716a91d551fc58cabe3e83524489272b61dea89c3b7,6.875244000053499,2.0.0,restoration_eval.error_maps,ok,,22.325973510742188,27.380855560302734,-5.054880142211914,51447,46593,1814,51.52222244476936,46.66112524285457
opencv_telea__synthetic_degradation__synthetic_degradation__p001__partial_transparency__severe,opencv_telea__synthetic_degradation__synthetic_degradation__p001__partial_transparency__severe,synthetic_degradation__p001__partial_transparency__severe,synthetic_degradation__p001__partial_transparency__severe,synthetic_degradation,p001,portrait_figure,Juan de Pareja,Diego Velázquez,,,opencv_telea,False,data/processed/clean/p001_clean.png,data/processed/degraded/synthetic_degradation/p001__partial_transparency__severe_degraded.png,data/processed/masks/synthetic_degradation/p001__partial_transparency__severe_effect_mask.png,data/processed/restored/opencv_telea/synthetic_degradation/synthetic_degradation__p001__partial_transparency__severe_restored_opencv_telea.png,opencv_telea_synthetic_degradation_synthetic_degradation_p001_partial_transparency_severe_difference_maps.png,outputs/figures/opencv_difference_maps/all_cases/synthetic_degradation/opencv_telea_synthetic_degradation_synthetic_degradation_p001_partial_transparency_severe_difference_maps.png,768,768,589824,509184,315211,274613,21252,315211,0.5344153510199653,53.44153510199653,52,0,715,768,53.0,3.0,702.0,705.0,5,both,127,3.6613347884432974,8.627225361213078,0.1337935682703168,,25.493364334106445,19.79749298095703,66.33333587646484,23.35247039794922,19.426166534423828,128.3333282470703,2.1408987045288086,13.672945022583008,-121.33332824707031,42.33333206176758,315211,4.006057262420654,18.50266456604004,-121.33332824707031,42.33333206176758,223571,89031,2609,70.92741052818589,28.244889930871704,0.8276995409424164,274613,0.0,0.0,0.0,0.0,0,0,274613,0.0,0.0,100.0,21252,0.6071115136146545,2.091681480407715,-18.0,17.0,7114,2915,11223,33.47449651797478,13.716356107660454,52.80914737436476,509184,2.4799561500549316,14.687273979187012,-121.33332824707031,42.33333206176758,223571,89031,196582,43.907703305681245,17.48503487933635,38.6072618149824,41.424068450927734,10.6486177444458,37.41800308227539,14.363353729248047,29.178165435791016,3.333789348602295,28.57105255126953,3.9293789863586426,7.207523345947266,9.273073196411133,7.207523345947266,9.273073196411133,False,False,False,False,0,improved,unchanged_or_undefined,0.0,255.0,-253.3333282470703,253.3333282470703,3472850,3472850,3.3119678497314453,2383,2335,RGBA,PNG,7d0eb4e09f650d7bb4b7811833fb9cbd1ccd3ba9369acc594cd9c7628cd866af,7.450084900017828,2.0.0,restoration_eval.error_maps,ok,,41.424068450927734,37.41800308227539,4.006057262420654,89031,223571,2609,28.244889930871704,70.92741052818589
opencv_telea__synthetic_degradation__synthetic_degradation__p001__water_stain__mild,opencv_telea__synthetic_degradation__synthetic_degradation__p001__water_stain__mild,synthetic_degradation__p001__water_stain__mild,synthetic_degradation__p001__water_stain__mild,synthetic_degradation,p001,portrait_figure,Juan de Pareja,Diego Velázquez,,,opencv_telea,False,data/processed/clean/p001_clean.png,data/processed/degraded/synthetic_degradation/p001__water_stain__mild_degraded.png,data/processed/masks/synthetic_degradation/p001__water_stain__mild_effect_mask.png,data/processed/restored/opencv_telea/synthetic_degradation/synthetic_degradation__p001__water_stain__mild_restored_opencv_telea.png,opencv_telea_synthetic_degradation_synthetic_degradation_p001_water_stain_mild_difference_maps.png,outputs/figures/opencv_difference_maps/all_cases/synthetic_degradation/opencv_telea_synthetic_degradation_synthetic_degradation_p001_water_stain_mild_difference_maps.png,768,768,589824,509184,4554,585270,12078,4554,0.007720947265625,0.7720947265625,52,0,715,768,143.0,425.0,345.0,748.0,5,both,127,-10.284219001610303,19.758673693456306,-0.7160278703026641,,0.5141025185585022,1.6775140762329102,9.333333015441895,0.5241750478744507,1.7847410440444946,96.0,-0.010072496719658375,0.4905313551425934,-89.0,7.0,4554,-1.3045674562454224,5.42917537689209,-89.0,7.0,1785,2546,223,39.19631093544137,55.90689503732982,4.896794027228809,585270,0.0,0.0,0.0,0.0,0,0,585270,0.0,0.0,100.0,12078,-0.49188607931137085,3.393173933029175,-89.0,7.0,1785,2546,7747,14.77893691008445,21.079648948501408,64.14141414141415,509184,-0.011667686514556408,0.5279297232627869,-89.0,7.0,1785,2546,504853,0.35056089743589747,0.5000157114127702,99.14942339115133,6.9677205085754395,1.2552752494812012,8.27228832244873,5.579577922821045,6.397940635681152,1.3136107921600342,6.889826774597168,3.718858242034912,0.4638867974281311,1.5802197456359863,0.4638867974281311,1.5802197456359863,True,False,False,False,1,degraded,unchanged_or_undefined,0.0,255.0,-253.3333282470703,253.3333282470703,2129575,2129575,2.03092098236084,2383,2335,RGBA,PNG,76c7d3da367aec03680053f268bd197b984ce6200cd905e6433fb0bbb340415b,6.597406000015326,2.0.0,restoration_eval.error_maps,ok,,6.9677205085754395,8.27228832244873,-1.3045674562454224,2546,1785,223,55.90689503732982,39.19631093544137
opencv_telea__synthetic_degradation__synthetic_degradation__p001__water_stain__moderate,opencv_telea__synthetic_degradation__synthetic_degradation__p001__water_stain__moderate,synthetic_degradation__p001__water_stain__moderate,synthetic_degradation__p001__water_stain__moderate,synthetic_degradation,p001,portrait_figure,Juan de Pareja,Diego Velázquez,,,opencv_telea,False,data/processed/clean/p001_clean.png,data/processed/degraded/synthetic_degradation/p001__water_stain__moderate_degraded.png,data/processed/masks/synthetic_degradation/p001__water_stain__moderate_effect_mask.png,data/processed/restored/opencv_telea/synthetic_degradation/synthetic_degradation__p001__water_stain__moderate_restored_opencv_telea.png,opencv_telea_synthetic_degradation_synthetic_degradation_p001_water_stain_moderate_difference_maps.png,outputs/figures/opencv_difference_maps/all_cases/synthetic_degradation/opencv_telea_synthetic_degradation_synthetic_degradation_p001_water_stain_moderate_difference_maps.png,768,768,589824,509184,4540,585284,11880,4540,0.007697211371527778,0.7697211371527778,52,0,715,768,359.0,158.0,659.0,374.0,5,both,127,-9.631497797356827,1.5213656387665253,-0.8112633800996925,,1.1080176830291748,2.4829113483428955,12.0,1.1187782287597656,2.5292274951934814,49.66666793823242,-0.010760837234556675,0.3640727698802948,-42.66666793823242,5.333333492279053,4540,-1.3980175256729126,3.909093141555786,-42.66666793823242,5.333333492279053,1480,2703,357,32.59911894273127,59.5374449339207,7.863436123348018,585284,0.0,0.0,0.0,0.0,0,0,585284,0.0,0.0,100.0,11880,-0.5342592597007751,2.5102157592773438,-42.66666793823242,5.333333492279053,1480,2703,7697,12.457912457912458,22.752525252525253,64.78956228956228,509184,-0.012465041130781174,0.39181622862815857,-42.66666793823242,5.333333492279053,1480,2703,505001,0.29066113624937157,0.530849358974359,99.17848950477627,5.794933795928955,2.056309223175049,7.192951679229736,4.397911548614502,5.692789077758789,1.9973655939102173,6.227047920227051,3.214914083480835,1.0716615915298462,2.451155185699463,1.0716615915298462,2.451155185699463,True,False,False,False,1,degraded,unchanged_or_undefined,0.0,255.0,-253.3333282470703,253.3333282470703,2238394,2238394,2.1346988677978516,2383,2335,RGBA,PNG,96e05248d8376d5b6597b0c92a1294a34e832212858dfafe38ddac439de0b85f,10.294310199969914,2.0.0,restoration_eval.error_maps,ok,,5.794933795928955,7.192951679229736,-1.3980175256729126,2703,1480,357,59.5374449339207,32.59911894273127
opencv_telea__synthetic_degradation__synthetic_degradation__p001__water_stain__severe,opencv_telea__synthetic_degradation__synthetic_degradation__p001__water_stain__severe,synthetic_degradation__p001__water_stain__severe,synthetic_degradation__p001__water_stain__severe,synthetic_degradation,p001,portrait_figure,Juan de Pareja,Diego Velázquez,,,opencv_telea,False,data/processed/clean/p001_clean.png,data/processed/degraded/synthetic_degradation/p001__water_stain__severe_degraded.png,data/processed/masks/synthetic_degradation/p001__water_stain__severe_effect_mask.png,data/processed/restored/opencv_telea/synthetic_degradation/synthetic_degradation__p001__water_stain__severe_restored_opencv_telea.png,opencv_telea_synthetic_degradation_synthetic_degradation_p001_water_stain_severe_difference_maps.png,outputs/figures/opencv_difference_maps/all_cases/synthetic_degradation/opencv_telea_synthetic_degradation_synthetic_degradation_p001_water_stain_severe_difference_maps.png,768,768,589824,509184,2745,587079,2550,2745,0.0046539306640625,0.46539306640625,52,0,715,768,324.0,342.0,443.0,415.0,5,both,127,-21.541955069823917,-17.363448694596244,-1.2245972911598493,,1.503502607345581,2.99776029586792,21.66666603088379,1.5677456855773926,3.567995071411133,98.0,-0.0642428919672966,1.6329206228256226,-83.33333587646484,9.666666030883789,2745,-13.804007530212402,19.577495574951172,-83.33333587646484,9.666666030883789,593,2087,65,21.602914389799636,76.02914389799635,2.3679417122040074,587079,0.0,0.0,0.0,0.0,0,0,587079,0.0,0.0,100.0,2550,-2.4235293865203857,6.868269443511963,-46.0,9.666666030883789,362,790,1398,14.19607843137255,30.980392156862745,54.8235294117647,509184,-0.0744171068072319,1.7572599649429321,-83.33333587646484,9.666666030883789,593,2087,506504,0.11646084715937657,0.4098714806435395,99.47366767219708,8.255130767822266,3.9161362648010254,22.05913734436035,21.065580368041992,7.933203220367432,3.1658072471618652,10.356731414794922,7.7291131019592285,1.471934199333191,2.956812858581543,1.471934199333191,2.956812858581543,True,True,False,True,3,degraded,unchanged_or_undefined,0.0,255.0,-253.3333282470703,253.3333282470703,2330379,2330379,2.2224225997924805,2383,2335,RGBA,PNG,e015a0f7d2f727d4a807b5ab97548c1847e6aa4bc28ff8b2d5ed2b444632fffd,6.637731300026644,2.0.0,restoration_eval.error_maps,ok,,8.255130767822266,22.05913734436035,-13.804007530212402,2087,593,65,76.02914389799635,21.602914389799636
opencv_telea__synthetic_degradation__synthetic_degradation__p001__water_stain_dirt__moderate,opencv_telea__synthetic_degradation__synthetic_degradation__p001__water_stain_dirt__moderate,synthetic_degradation__p001__water_stain_dirt__moderate,synthetic_degradation__p001__water_stain_dirt__moderate,synthetic_degradation,p001,portrait_figure,Juan de Pareja,Diego Velázquez,,,opencv_telea,False,data/processed/clean/p001_clean.png,data/processed/degraded/synthetic_degradation/p001__water_stain_dirt__moderate_degraded.png,data/processed/masks/synthetic_degradation/p001__water_stain_dirt__moderate_effect_mask.png,data/processed/restored/opencv_telea/synthetic_degradation/synthetic_degradation__p001__water_stain_dirt__moderate_restored_opencv_telea.png,opencv_telea_synthetic_degradation_synthetic_degradation_p001_water_stain_dirt_moderate_difference_maps.png,outputs/figures/opencv_difference_maps/all_cases/synthetic_degradation/opencv_telea_synthetic_degradation_synthetic_degradation_p001_water_stain_dirt_moderate_difference_maps.png,768,768,589824,509184,50320,539504,14740,50320,0.08531358506944445,8.531358506944445,52,0,715,768,76.0,2.0,701.0,440.0,5,both,127,-38.310366984631685,7.812115792262858,-2.054341169317538,,1.4095593690872192,3.3156282901763916,14.0,2.059011220932007,7.016079902648926,102.66666412353516,-0.6494519710540771,5.079099178314209,-89.66666412353516,8.333333969116211,50320,-7.612526893615723,15.791616439819336,-89.66666412353516,8.333333969116211,9290,39351,1679,18.461844197138312,78.20151033386328,3.33664546899841,539504,0.0,0.0,0.0,0.0,0,0,539504,0.0,0.0,100.0,14740,-0.09717322885990143,1.485632300376892,-21.0,7.0,2482,2777,9481,16.83853459972863,18.83989145183175,64.32157394843962,509184,-0.7523064613342285,5.459433555603027,-89.66666412353516,8.333333969116211,9290,39351,460543,1.8244878079436904,7.728247549019608,90.4472646430367,10.73118782043457,1.7927610874176025,18.343711853027344,16.013124465942383,7.904636383056641,2.8431012630462646,8.001809120178223,3.068448305130005,0.5401232838630676,1.690708875656128,0.5401232838630676,1.690708875656128,True,False,False,True,2,degraded,unchanged_or_undefined,0.0,255.0,-253.3333282470703,253.3333282470703,2324662,2324662,2.216970443725586,2383,2335,RGBA,PNG,ff0d1c82eb0a6a18a473ba183fc286b930096d05866fde1742274b5fc7717a68,6.858888500020839,2.0.0,restoration_eval.error_maps,ok,,10.73118782043457,18.343711853027344,-7.612526893615723,39351,9290,1679,78.20151033386328,18.461844197138312
opencv_telea__synthetic_degradation__synthetic_degradation__p018__dirt_dust__mild,opencv_telea__synthetic_degradation__synthetic_degradation__p018__dirt_dust__mild,synthetic_degradation__p018__dirt_dust__mild,synthetic_degradation__p018__dirt_dust__mild,synthetic_degradation,p018,landscape_natural,Classical Landscape with Figures,Henri Mauperché,,,opencv_telea,False,data/processed/clean/p018_clean.png,data/processed/degraded/synthetic_degradation/p018__dirt_dust__mild_degraded.png,data/processed/masks/synthetic_degradation/p018__dirt_dust__mild_effect_mask.png,data/processed/restored/opencv_telea/synthetic_degradation/synthetic_degradation__p018__dirt_dust__mild_restored_opencv_telea.png,opencv_telea_synthetic_degradation_synthetic_degradation_p018_dirt_dust_mild_difference_maps.png,outputs/figures/opencv_difference_maps/all_cases/synthetic_degradation/opencv_telea_synthetic_degradation_synthetic_degradation_p018_dirt_dust_mild_difference_maps.png,768,768,589824,389376,1309,588515,9713,1309,0.002219306098090278,0.2219306098090278,0,130,768,637,4.0,126.0,768.0,623.0,5,both,127,-32.47364400305577,-114.06264323911384,-20.966668413253,,0.0005775734316557646,0.02023812010884285,1.3333333730697632,0.012962055392563343,0.45652082562446594,59.66666793823242,-0.012384484522044659,0.449413537979126,-59.66666793823242,1.0,1309,-5.580341339111328,7.741830348968506,-59.66666793823242,1.0,88,1150,71,6.722689075630252,87.8533231474408,5.4239877769289535,588515,0.0,0.0,0.0,0.0,0,0,588515,0.0,0.0,100.0,9713,-0.752050518989563,3.421776533126831,-59.66666793823242,1.0,88,1150,8475,0.9060022650056626,11.839802326778544,87.2541954082158,389376,-0.01875993050634861,0.5530161261558533,-59.66666793823242,1.0,88,1150,388138,0.02260026298487837,0.29534434582511504,99.68205539119,0.2589763104915619,0.3423609733581543,5.839317321777344,7.7386040687561035,0.03490167856216431,0.1536777913570404,0.7869521975517273,3.470832347869873,2.8319868761172984e-06,0.0009715899941511452,2.8319868761172984e-06,0.0009715899941511452,True,True,False,True,3,degraded,unchanged_or_undefined,0.0,255.0,-253.3333282470703,253.3333282470703,1597586,1597586,1.5235767364501953,2383,2335,RGBA,PNG,66a76bddb2c7b2137dd12d82bc0a29d4440d470f0cc4721932159499f511ffbc,6.089033500000369,2.0.0,restoration_eval.error_maps,ok,,0.2589763104915619,5.839317321777344,-5.580341339111328,1150,88,71,87.8533231474408,6.722689075630252
opencv_telea__synthetic_degradation__synthetic_degradation__p018__dirt_dust__moderate,opencv_telea__synthetic_degradation__synthetic_degradation__p018__dirt_dust__moderate,synthetic_degradation__p018__dirt_dust__moderate,synthetic_degradation__p018__dirt_dust__moderate,synthetic_degradation,p018,landscape_natural,Classical Landscape with Figures,Henri Mauperché,,,opencv_telea,False,data/processed/clean/p018_clean.png,data/processed/degraded/synthetic_degradation/p018__dirt_dust__moderate_degraded.png,data/processed/masks/synthetic_degradation/p018__dirt_dust__moderate_effect_mask.png,data/processed/restored/opencv_telea/synthetic_degradation/synthetic_degradation__p018__dirt_dust__moderate_restored_opencv_telea.png,opencv_telea_synthetic_degradation_synthetic_degradation_p018_dirt_dust_moderate_difference_maps.png,outputs/figures/opencv_difference_maps/all_cases/synthetic_degradation/opencv_telea_synthetic_degradation_synthetic_degradation_p018_dirt_dust_moderate_difference_maps.png,768,768,589824,389376,4655,585169,22416,4655,0.007892184787326388,0.7892184787326388,0,130,768,637,11.0,127.0,768.0,645.0,5,both,127,-35.301969208736125,-133.20988184747583,-10.930240797834578,,0.016405459493398666,0.16422680020332336,4.666666507720947,0.0629391074180603,1.0602984428405762,83.33333587646484,-0.04653365537524223,1.0139832496643066,-81.33333587646484,4.666666507720947,4655,-5.896168231964111,9.787008285522461,-81.33333587646484,4.666666507720947,778,3735,142,16.713211600429645,80.23630504833513,3.050483351235231,585169,0.0,0.0,0.0,0.0,0,0,585169,0.0,0.0,100.0,22416,-1.2157387733459473,5.048870086669922,-81.33333587646484,4.666666507720947,775,3713,17928,3.4573518915060673,16.564061384725196,79.97858672376874,389376,-0.07048885524272919,1.2473026514053345,-81.33333587646484,4.666666507720947,778,3735,384863,0.19980687047994738,0.9592270710059171,98.84096605851414,1.182098150253296,1.2140893936157227,7.078267574310303,9.605668067932129,0.25181418657302856,0.7308481335639954,1.4675530195236206,5.221048355102539,0.007132412865757942,0.06755553930997849,0.007132412865757942,0.06755553930997849,True,True,False,True,3,degraded,unchanged_or_undefined,0.0,255.0,-253.3333282470703,253.3333282470703,1657236,1657236,1.5804634094238281,2383,2335,RGBA,PNG,6a32c034389d45e6a6b570bb3321a8e8314a3fb2ceff659361e3ff4d7766606f,6.033532599976752,2.0.0,restoration_eval.error_maps,ok,,1.182098150253296,7.078267574310303,-5.896168231964111,3735,778,142,80.23630504833513,16.713211600429645
opencv_telea__synthetic_degradation__synthetic_degradation__p018__dirt_dust__severe,opencv_telea__synthetic_degradation__synthetic_degradation__p018__dirt_dust__severe,synthetic_degradation__p018__dirt_dust__severe,synthetic_degradation__p018__dirt_dust__severe,synthetic_degradation,p018,landscape_natural,Classical Landscape with Figures,Henri Mauperché,,,opencv_telea,False,data/processed/clean/p018_clean.png,data/processed/degraded/synthetic_degradation/p018__dirt_dust__severe_degraded.png,data/processed/masks/synthetic_degradation/p018__dirt_dust__severe_effect_mask.png,data/processed/restored/opencv_telea/synthetic_degradation/synthetic_degradation__p018__dirt_dust__severe_restored_opencv_telea.png,opencv_telea_synthetic_degradation_synthetic_degradation_p018_dirt_dust_severe_difference_maps.png,outputs/figures/opencv_difference_maps/all_cases/synthetic_degradation/opencv_telea_synthetic_degradation_synthetic_degradation_p018_dirt_dust_severe_difference_maps.png,768,768,589824,389376,11404,578420,41614,11404,0.019334581163194444,1.9334581163194444,0,130,768,637,0.0,129.0,765.0,645.0,5,both,127,-29.200075996726294,-103.31576639775518,-5.789921483811092,,0.08117280155420303,0.478579044342041,10.666666984558105,0.17880475521087646,1.7183729410171509,117.66666412353516,-0.09763193875551224,1.5709234476089478,-112.0,9.666666030883789,11404,-5.049602508544922,10.130701065063477,-112.0,9.666666030883789,2825,8245,334,24.772009821115397,72.29919326552087,2.928796913363732,578420,0.0,0.0,0.0,0.0,0,0,578420,0.0,0.0,100.0,41614,-1.2406961917877197,5.464110851287842,-112.0,9.666666030883789,2741,7746,31127,6.586725621185178,18.613928004998318,74.7993463738165,389376,-0.14789216220378876,1.9315205812454224,-112.0,9.666666030883789,2825,8245,378306,0.7255198060486522,2.1174905489809337,97.15698964497041,2.2184906005859375,2.1978979110717773,7.268093109130859,9.95567798614502,0.6080486178398132,1.4764248132705688,1.8487447500228882,5.797713279724121,0.0390339232981205,0.21557246148586273,0.0390339232981205,0.21557246148586273,True,True,False,True,3,degraded,unchanged_or_undefined,0.0,255.0,-253.3333282470703,253.3333282470703,1764144,1764144,1.6824188232421875,2383,2335,RGBA,PNG,5e4a55ee1cb789077b5533ab5dd7c82ed482dfe497439df2c4c550c6f19e6ebd,6.005508599977475,2.0.0,restoration_eval.error_maps,ok,,2.2184906005859375,7.268093109130859,-5.049602508544922,8245,2825,334,72.29919326552087,24.772009821115397
opencv_telea__synthetic_degradation__synthetic_degradation__p018__partial_transparency__mild,opencv_telea__synthetic_degradation__synthetic_degradation__p018__partial_transparency__mild,synthetic_degradation__p018__partial_transparency__mild,synthetic_degradation__p018__partial_transparency__mild,synthetic_degradation,p018,landscape_natural,Classical Landscape with Figures,Henri Mauperché,,,opencv_telea,False,data/processed/clean/p018_clean.png,data/processed/degraded/synthetic_degradation/p018__partial_transparency__mild_degraded.png,data/processed/masks/synthetic_degradation/p018__partial_transparency__mild_effect_mask.png,data/processed/restored/opencv_telea/synthetic_degradation/synthetic_degradation__p018__partial_transparency__mild_restored_opencv_telea.png,opencv_telea_synthetic_degradation_synthetic_degradation_p018_partial_transparency_mild_difference_maps.png,outputs/figures/opencv_difference_maps/all_cases/synthetic_degradation/opencv_telea_synthetic_degradation_synthetic_degradation_p018_partial_transparency_mild_difference_maps.png,768,768,589824,389376,23341,566483,8020,23341,0.039572821723090276,3.9572821723090277,0,130,768,637,42.0,314.0,604.0,524.0,5,both,127,-22.909129857332594,70.98630449995002,-1.35392243227259,,0.5318072438240051,1.767736554145813,12.333333015441895,0.9355445504188538,5.068669319152832,121.33333587646484,-0.4037374258041382,4.228294849395752,-110.0,9.666666984558105,23341,-10.202391624450684,18.75679588317871,-110.0,9.666666984558105,7104,15834,403,30.435713979692387,67.83771046656099,1.7265755537466259,566483,0.0,0.0,0.0,0.0,0,0,566483,0.0,0.0,100.0,8020,-1.6251870393753052,6.034756660461426,-62.33333206176758,7.333333492279053,1388,2356,4276,17.306733167082296,29.376558603491272,53.31670822942643,389376,-0.6115785837173462,5.191830635070801,-110.0,9.666666984558105,7104,15834,366438,1.824457593688363,4.066506410256411,94.10903599605523,7.505819320678711,2.4191737174987793,17.708209991455078,18.27107810974121,5.865170001983643,2.1992902755737305,7.490357398986816,5.99783182144165,0.2444545179605484,0.9622560143470764,0.2444545179605484,0.9622560143470764,True,True,False,True,3,degraded,unchanged_or_undefined,0.0,255.0,-253.3333282470703,253.3333282470703,1749080,1749080,1.6680526733398438,2383,2335,RGBA,PNG,12f659266d9aa8bcbf1dd0a82fcd1635f005973f5121e9b3f6c0b551fbd1d847,5.962334199983161,2.0.0,restoration_eval.error_maps,ok,,7.505819320678711,17.708209991455078,-10.202391624450684,15834,7104,403,67.83771046656099,30.435713979692387
opencv_telea__synthetic_degradation__synthetic_degradation__p018__partial_transparency__moderate,opencv_telea__synthetic_degradation__synthetic_degradation__p018__partial_transparency__moderate,synthetic_degradation__p018__partial_transparency__moderate,synthetic_degradation__p018__partial_transparency__moderate,synthetic_degradation,p018,landscape_natural,Classical Landscape with Figures,Henri Mauperché,,,opencv_telea,False,data/processed/clean/p018_clean.png,data/processed/degraded/synthetic_degradation/p018__partial_transparency__moderate_degraded.png,data/processed/masks/synthetic_degradation/p018__partial_transparency__moderate_effect_mask.png,data/processed/restored/opencv_telea/synthetic_degradation/synthetic_degradation__p018__partial_transparency__moderate_restored_opencv_telea.png,opencv_telea_synthetic_degradation_synthetic_degradation_p018_partial_transparency_moderate_difference_maps.png,outputs/figures/opencv_difference_maps/all_cases/synthetic_degradation/opencv_telea_synthetic_degradation_synthetic_degradation_p018_partial_transparency_moderate_difference_maps.png,768,768,589824,389376,67754,522070,13342,67754,0.1148715549045139,11.48715549045139,0,130,768,637,74.0,166.0,645.0,539.0,5,both,127,-4.688323444618277,29.62753490568824,-0.2388669513278358,,2.192553997039795,4.704878807067871,28.0,3.471689462661743,10.314492225646973,108.33333587646484,-1.2791352272033691,7.651091575622559,-100.0,17.0,67754,-11.135353088378906,19.996326446533203,-100.0,17.0,18558,47903,1293,27.39026478141512,70.7013608052661,1.9083744133187708,522070,0.0,0.0,0.0,0.0,0,0,522070,0.0,0.0,100.0,13342,-1.0402987003326416,5.563954830169678,-67.0,13.333333015441895,2473,3772,7097,18.535451956228453,28.271623444760905,53.19292459901064,389376,-1.9376250505447388,9.348733901977539,-100.0,17.0,18558,47903,322915,4.766087278106509,12.302504520052597,82.9314082018409,11.104348182678223,7.236905574798584,22.239702224731445,21.854082107543945,9.457452774047852,5.088050365447998,10.497751235961914,7.353003978729248,1.0359853506088257,2.562617778778076,1.0359853506088257,2.562617778778076,True,True,False,True,3,degraded,unchanged_or_undefined,0.0,255.0,-253.3333282470703,253.3333282470703,2045679,2045679,1.950911521911621,2383,2335,RGBA,PNG,5db20a193dfdd7277904e666df7280c7da1f9d4358c68a2e1d5630ac9ead681f,6.592389199999161,2.0.0,restoration_eval.error_maps,ok,,11.104348182678223,22.239702224731445,-11.135353088378906,47903,18558,1293,70.7013608052661,27.39026478141512
opencv_telea__synthetic_degradation__synthetic_degradation__p018__partial_transparency__severe,opencv_telea__synthetic_degradation__synthetic_degradation__p018__partial_transparency__severe,synthetic_degradation__p018__partial_transparency__severe,synthetic_degradation__p018__partial_transparency__severe,synthetic_degradation,p018,landscape_natural,Classical Landscape with Figures,Henri Mauperché,,,opencv_telea,False,data/processed/clean/p018_clean.png,data/processed/degraded/synthetic_degradation/p018__partial_transparency__severe_degraded.png,data/processed/masks/synthetic_degradation/p018__partial_transparency__severe_effect_mask.png,data/processed/restored/opencv_telea/synthetic_degradation/synthetic_degradation__p018__partial_transparency__severe_restored_opencv_telea.png,opencv_telea_synthetic_degradation_synthetic_degradation_p018_partial_transparency_severe_difference_maps.png,outputs/figures/opencv_difference_maps/all_cases/synthetic_degradation/opencv_telea_synthetic_degradation_synthetic_degradation_p018_partial_transparency_severe_difference_maps.png,768,768,589824,389376,169410,420414,14868,169410,0.2872212727864583,28.722127278645832,0,130,768,637,153.0,163.0,668.0,631.0,5,both,127,-3.708242331227993,42.10582216712905,-0.1573900228175873,,9.624232292175293,14.316231727600098,54.0,12.116798400878906,20.774211883544922,134.6666717529297,-2.4925663471221924,13.173934936523438,-96.33332824707031,43.66666793823242,169410,-8.67820930480957,23.464157104492188,-96.33332824707031,43.66666793823242,70797,97379,1234,41.79033114928281,57.481258485331445,0.7284103653857505,420414,0.0,0.0,0.0,0.0,0,0,420414,0.0,0.0,100.0,14868,-1.2933818101882935,9.189711570739746,-96.33332824707031,25.66666603088379,3871,3267,7730,26.03578154425612,21.973365617433412,51.99085283831047,389376,-3.775721549987793,16.063976287841797,-96.33332824707031,43.66666793823242,70797,97379,221200,18.18216839250493,25.008988740959893,56.80884286653517,27.379568099975586,13.975953102111816,36.057769775390625,24.949222564697266,18.657094955444336,8.760588645935059,19.950477600097656,11.794602394104004,2.4695427417755127,5.5326690673828125,2.4695427417755127,5.5326690673828125,True,True,False,False,2,degraded,unchanged_or_undefined,0.0,255.0,-253.3333282470703,253.3333282470703,2471706,2471706,2.3572025299072266,2383,2335,RGBA,PNG,17fe5d2188219630ac190957a3fc5f097e0c4d14cec258bc5c19b71f55b4e700,6.594560600002296,2.0.0,restoration_eval.error_maps,ok,,27.379568099975586,36.057769775390625,-8.67820930480957,97379,70797,1234,57.481258485331445,41.79033114928281
opencv_telea__synthetic_degradation__synthetic_degradation__p018__water_stain__mild,opencv_telea__synthetic_degradation__synthetic_degradation__p018__water_stain__mild,synthetic_degradation__p018__water_stain__mild,synthetic_degradation__p018__water_stain__mild,synthetic_degradation,p018,landscape_natural,Classical Landscape with Figures,Henri Mauperché,,,opencv_telea,False,data/processed/clean/p018_clean.png,data/processed/degraded/synthetic_degradation/p018__water_stain__mild_degraded.png,data/processed/masks/synthetic_degradation/p018__water_stain__mild_effect_mask.png,data/processed/restored/opencv_telea/synthetic_degradation/synthetic_degradation__p018__water_stain__mild_restored_opencv_telea.png,opencv_telea_synthetic_degradation_synthetic_degradation_p018_water_stain_mild_difference_maps.png,outputs/figures/opencv_difference_maps/all_cases/synthetic_degradation/opencv_telea_synthetic_degradation_synthetic_degradation_p018_water_stain_mild_difference_maps.png,768,768,589824,389376,39028,550796,7764,39028,0.06616889105902778,6.616889105902778,0,130,768,637,249.0,157.0,601.0,321.0,5,both,127,-58.808171910764926,5.560144853267758,-5.944542336636179,,0.2654859721660614,1.0634591579437256,11.0,1.2315773963928223,6.383000373840332,95.66666412353516,-0.9660916924476624,5.728835105895996,-89.33332824707031,8.333333015441895,39028,-14.60038948059082,17.231672286987305,-89.33332824707031,8.333333015441895,3414,35143,471,8.74756585015886,90.045608281234,1.2068258686071538,550796,0.0,0.0,0.0,0.0,0,0,550796,0.0,0.0,100.0,7764,-2.078481912612915,5.677424430847168,-61.33333206176758,8.333333015441895,928,2753,4083,11.952601751674395,35.4585265327151,52.58887171561051,389376,-1.4634286165237427,6.999070167541504,-89.33332824707031,8.333333015441895,3414,35143,350819,0.8767874753451677,9.025466387245233,90.0977461374096,3.377429723739624,2.179656505584717,17.977819442749023,17.70477867126465,3.046797037124634,2.8012752532958984,5.125278949737549,5.778308868408203,0.044981569051742554,0.3736664056777954,0.044981569051742554,0.3736664056777954,True,True,False,True,3,degraded,unchanged_or_undefined,0.0,255.0,-253.3333282470703,253.3333282470703,1746485,1746485,1.6655778884887695,2383,2335,RGBA,PNG,c57db74e3bed07a9ec96fe8141704856fcda13fb4a531e8762d91e4784a1ae49,6.122247799998149,2.0.0,restoration_eval.error_maps,ok,,3.377429723739624,17.977819442749023,-14.60038948059082,35143,3414,471,90.045608281234,8.74756585015886
opencv_telea__synthetic_degradation__synthetic_degradation__p018__water_stain__moderate,opencv_telea__synthetic_degradation__synthetic_degradation__p018__water_stain__moderate,synthetic_degradation__p018__water_stain__moderate,synthetic_degradation__p018__water_stain__moderate,synthetic_degradation,p018,landscape_natural,Classical Landscape with Figures,Henri Mauperché,,,opencv_telea,False,data/processed/clean/p018_clean.png,data/processed/degraded/synthetic_degradation/p018__water_stain__moderate_degraded.png,data/processed/masks/synthetic_degradation/p018__water_stain__moderate_effect_mask.png,data/processed/restored/opencv_telea/synthetic_degradation/synthetic_degradation__p018__water_stain__moderate_restored_opencv_telea.png,opencv_telea_synthetic_degradation_synthetic_degradation_p018_water_stain_moderate_difference_maps.png,outputs/figures/opencv_difference_maps/all_cases/synthetic_degradation/opencv_telea_synthetic_degradation_synthetic_degradation_p018_water_stain_moderate_difference_maps.png,768,768,589824,389376,6104,583720,6465,6104,0.010348849826388888,1.0348849826388888,0,130,768,637,410.0,245.0,745.0,415.0,5,both,127,-43.25578855395369,17.469746614242013,-7.260568457260831,,0.5454531311988831,1.6011487245559692,14.666666984558105,0.6076026558876038,1.893633484840393,37.66666793823242,-0.06214961037039757,0.9453461170196533,-35.66666793823242,5.0,6104,-6.005460739135742,7.117806911468506,-35.66666793823242,5.0,824,5103,177,13.499344692005241,83.60091743119266,2.899737876802097,583720,0.0,0.0,0.0,0.0,0,0,583720,0.0,0.0,100.0,6465,-1.415622591972351,4.110683917999268,-32.333335876464844,4.333333492279053,528,1723,4214,8.167053364269142,26.651198762567674,65.18174787316319,389376,-0.09414380043745041,1.1622086763381958,-35.66666793823242,5.0,824,5103,383449,0.211620644312952,1.3105584319526626,98.47782092373438,2.1515400409698486,1.7724276781082153,8.157000541687012,6.850529193878174,3.2216551303863525,2.126546859741211,4.637278079986572,4.2147674560546875,0.5286580920219421,1.5907169580459595,0.5286580920219421,1.5907169580459595,True,True,False,True,3,degraded,unchanged_or_undefined,0.0,255.0,-253.3333282470703,253.3333282470703,1764604,1764604,1.6828575134277344,2383,2335,RGBA,PNG,7559a4ba5aebf15358437b5e45f267b739a91f04f52fe8685a8650bed0509a9c,5.926076100033242,2.0.0,restoration_eval.error_maps,ok,,2.1515400409698486,8.157000541687012,-6.005460739135742,5103,824,177,83.60091743119266,13.499344692005241
opencv_telea__synthetic_degradation__synthetic_degradation__p018__water_stain__severe,opencv_telea__synthetic_degradation__synthetic_degradation__p018__water_stain__severe,synthetic_degradation__p018__water_stain__severe,synthetic_degradation__p018__water_stain__severe,synthetic_degradation,p018,landscape_natural,Classical Landscape with Figures,Henri Mauperché,,,opencv_telea,False,data/processed/clean/p018_clean.png,data/processed/degraded/synthetic_degradation/p018__water_stain__severe_degraded.png,data/processed/masks/synthetic_degradation/p018__water_stain__severe_effect_mask.png,data/processed/restored/opencv_telea/synthetic_degradation/synthetic_degradation__p018__water_stain__severe_restored_opencv_telea.png,opencv_telea_synthetic_degradation_synthetic_degradation_p018_water_stain_severe_difference_maps.png,outputs/figures/opencv_difference_maps/all_cases/synthetic_degradation/opencv_telea_synthetic_degradation_synthetic_degradation_p018_water_stain_severe_difference_maps.png,768,768,589824,389376,19426,570398,5886,19426,0.032935248480902776,3.2935248480902777,0,130,768,637,201.0,478.0,478.0,594.0,5,both,127,-53.7869178763856,-46.72428703799032,-4.396539660328834,,0.652449369430542,1.6493102312088013,21.0,1.1277867555618286,4.246666431427002,71.33333587646484,-0.47533729672431946,3.360456705093384,-60.000003814697266,4.0,19426,-14.432478904724121,11.892799377441406,-60.000003814697266,4.0,1638,17375,413,8.431998352723156,89.44198496859879,2.1260166786780603,570398,0.0,0.0,0.0,0.0,0,0,570398,0.0,0.0,100.0,5886,-2.000905990600586,4.804868221282959,-36.0,3.6666667461395264,696,1994,3196,11.824668705402651,33.87699626231736,54.29833503227999,389376,-0.7200374603271484,4.114591121673584,-60.000003814697266,4.0,1638,17375,370363,0.4206730769230769,4.4622678336620645,95.11705908941485,4.171144962310791,1.5335773229599,18.603626251220703,12.818753242492676,4.009684085845947,1.5238630771636963,6.010590553283691,5.107185363769531,0.5326135158538818,1.5155006647109985,0.5326135158538818,1.5155006647109985,True,True,False,True,3,degraded,unchanged_or_undefined,0.0,255.0,-253.3333282470703,253.3333282470703,1827242,1827242,1.742593765258789,2383,2335,RGBA,PNG,e99ca86c808018d84c5c45174a7ac0f09701854388b316f1e4ffe231f0a0e10e,6.0347400000318885,2.0.0,restoration_eval.error_maps,ok,,4.171144962310791,18.603626251220703,-14.432478904724121,17375,1638,413,89.44198496859879,8.431998352723156
opencv_telea__synthetic_degradation__synthetic_degradation__p018__water_stain_dirt__moderate,opencv_telea__synthetic_degradation__synthetic_degradation__p018__water_stain_dirt__moderate,synthetic_degradation__p018__water_stain_dirt__moderate,synthetic_degradation__p018__water_stain_dirt__moderate,synthetic_degradation,p018,landscape_natural,Classical Landscape with Figures,Henri Mauperché,,,opencv_telea,False,data/processed/clean/p018_clean.png,data/processed/degraded/synthetic_degradation/p018__water_stain_dirt__moderate_degraded.png,data/processed/masks/synthetic_degradation/p018__water_stain_dirt__moderate_effect_mask.png,data/processed/restored/opencv_telea/synthetic_degradation/synthetic_degradation__p018__water_stain_dirt__moderate_restored_opencv_telea.png,opencv_telea_synthetic_degradation_synthetic_degradation_p018_water_stain_dirt_moderate_difference_maps.png,outputs/figures/opencv_difference_maps/all_cases/synthetic_degradation/opencv_telea_synthetic_degradation_synthetic_degradation_p018_water_stain_dirt_moderate_difference_maps.png,768,768,589824,389376,27569,562255,7986,27569,0.04674106174045139,4.674106174045138,0,130,768,637,55.0,335.0,389.0,512.0,5,both,127,-18.809242264862704,-15.682614530813597,-0.9583441395060176,,0.7440778613090515,2.6168606281280518,19.0,1.2811928987503052,6.155358791351318,99.33333587646484,-0.5371150374412537,4.69386100769043,-85.66667175292969,13.333333015441895,27569,-11.491289138793945,18.587434768676758,-85.66667175292969,13.333333015441895,8806,18318,445,31.941673618919804,66.44419456636076,1.6141318147194315,562255,0.0,0.0,0.0,0.0,0,0,562255,0.0,0.0,100.0,7986,-1.3537440299987793,5.18718957901001,-63.000003814697266,10.333333969116211,1434,2320,4232,17.95642374154771,29.05083896819434,52.99273729025795,389376,-0.8136181235313416,5.7575578689575195,-85.66667175292969,13.333333015441895,8806,18318,362252,2.261567225509533,4.704450197238659,93.0339825772518,9.48769760131836,5.5087199211120605,20.978984832763672,19.173221588134766,7.315469264984131,5.514723777770996,8.66921329498291,6.570248126983643,0.31535279750823975,1.3279191255569458,0.31535279750823975,1.3279191255569458,True,True,False,True,3,degraded,unchanged_or_undefined,0.0,255.0,-253.3333282470703,253.3333282470703,1782635,1782635,1.7000532150268555,2383,2335,RGBA,PNG,de8fb8cf29d33324a2e3d29834a15c8cbd25ee80ce8187591fbd9e68e8e687fe,6.042110100039281,2.0.0,restoration_eval.error_maps,ok,,9.48769760131836,20.978984832763672,-11.491289138793945,18318,8806,445,66.44419456636076,31.941673618919804
opencv_telea__synthetic_degradation__synthetic_degradation__p026__dirt_dust__mild,opencv_telea__synthetic_degradation__synthetic_degradation__p026__dirt_dust__mild,synthetic_degradation__p026__dirt_dust__mild,synthetic_degradation__p026__dirt_dust__mild,synthetic_degradation,p026,architecture_structured,View of a Village along a River,attributed to Jan Brueghel I,,,opencv_telea,False,data/processed/clean/p026_clean.png,data/processed/degraded/synthetic_degradation/p026__dirt_dust__mild_degraded.png,data/processed/masks/synthetic_degradation/p026__dirt_dust__mild_effect_mask.png,data/processed/restored/opencv_telea/synthetic_degradation/synthetic_degradation__p026__dirt_dust__mild_restored_opencv_telea.png,opencv_telea_synthetic_degradation_synthetic_degradation_p026_dirt_dust_mild_difference_maps.png,outputs/figures/opencv_difference_maps/all_cases/synthetic_degradation/opencv_telea_synthetic_degradation_synthetic_degradation_p026_dirt_dust_mild_difference_maps.png,768,768,589824,406272,1076,588748,8417,1076,0.0018242730034722222,0.18242730034722224,0,119,768,648,0.0,114.0,739.0,654.0,5,both,127,-45.72676579925651,-126.95105328376704,-20.887975810716835,,0.0016649034805595875,0.030155671760439873,1.6666666269302368,0.014226842671632767,0.43794745206832886,57.33333206176758,-0.012561937794089317,0.4282246232032776,-56.33333206176758,0.9999999403953552,1076,-6.885997772216797,7.2931342124938965,-56.33333206176758,0.9999999403953552,14,1047,15,1.3011152416356877,97.30483271375465,1.3940520446096654,588748,0.0,0.0,0.0,0.0,0,0,588748,0.0,0.0,100.0,8417,-0.8802819848060608,3.476539134979248,-56.33333206176758,0.9999999403953552,14,1047,7356,0.16633004633479861,12.43911132232387,87.39455863134134,406272,-0.018237372860312462,0.5158697962760925,-56.33333206176758,0.9999999403953552,14,1047,405211,0.0034459672337744172,0.25770912098298676,99.73884491178325,0.35718709230422974,0.3724687099456787,7.243185043334961,7.249152660369873,0.04625559598207474,0.17932119965553284,0.9265375137329102,3.5449111461639404,0.0010151485912501812,0.020641041919589043,0.0010151485912501812,0.020641041919589043,True,True,False,True,3,degraded,unchanged_or_undefined,0.0,255.0,-253.3333282470703,253.3333282470703,2170104,2170104,2.0695724487304688,2383,2335,RGBA,PNG,2ab64507d261888496845df237d9899d50cfb1ada59903931c1fec4d236b750d,6.120340900029987,2.0.0,restoration_eval.error_maps,ok,,0.35718709230422974,7.243185043334961,-6.885997772216797,1047,14,15,97.30483271375465,1.3011152416356877
opencv_telea__synthetic_degradation__synthetic_degradation__p026__dirt_dust__moderate,opencv_telea__synthetic_degradation__synthetic_degradation__p026__dirt_dust__moderate,synthetic_degradation__p026__dirt_dust__moderate,synthetic_degradation__p026__dirt_dust__moderate,synthetic_degradation,p026,architecture_structured,View of a Village along a River,attributed to Jan Brueghel I,,,opencv_telea,False,data/processed/clean/p026_clean.png,data/processed/degraded/synthetic_degradation/p026__dirt_dust__moderate_degraded.png,data/processed/masks/synthetic_degradation/p026__dirt_dust__moderate_effect_mask.png,data/processed/restored/opencv_telea/synthetic_degradation/synthetic_degradation__p026__dirt_dust__moderate_restored_opencv_telea.png,opencv_telea_synthetic_degradation_synthetic_degradation_p026_dirt_dust_moderate_difference_maps.png,outputs/figures/opencv_difference_maps/all_cases/synthetic_degradation/opencv_telea_synthetic_degradation_synthetic_degradation_p026_dirt_dust_moderate_difference_maps.png,768,768,589824,406272,3983,585841,20648,3983,0.006752861870659722,0.6752861870659722,0,119,768,648,0.0,111.0,759.0,653.0,5,both,127,-37.445895053979406,-133.13557619884511,-9.863024690432589,,0.02466668002307415,0.19616957008838654,5.0,0.05805573984980583,0.7713995575904846,65.0,-0.03338905796408653,0.7046608328819275,-64.66666412353516,4.666666507720947,3983,-4.944430828094482,7.017767906188965,-64.66666412353516,4.666666507720947,745,3100,138,18.70449409992468,77.83078081847853,3.464725081596786,585841,0.0,0.0,0.0,0.0,0,0,585841,0.0,0.0,100.0,20648,-0.9501485824584961,3.6424033641815186,-64.66666412353516,4.666666507720947,745,3088,16815,3.608097636574971,14.955443626501355,81.43645873692368,406272,-0.048474088311195374,0.8486188054084778,-64.66666412353516,4.666666507720947,745,3100,402427,0.18337468494013862,0.7630356017643353,99.05358971329554,1.5743577480316162,1.218133568763733,6.518787860870361,6.655629634857178,0.31496191024780273,0.821343719959259,1.2651104927062988,3.8859024047851562,0.014130683615803719,0.11053157597780228,0.014130683615803719,0.11053157597780228,True,True,False,True,3,degraded,unchanged_or_undefined,0.0,255.0,-253.3333282470703,253.3333282470703,2226025,2226025,2.1229028701782227,2383,2335,RGBA,PNG,2b1f909390f5de187d155abb12d1fd0b6229bc9486cdde59aa0dc9fa86cfd2ad,5.787995199963916,2.0.0,restoration_eval.error_maps,ok,,1.5743577480316162,6.518787860870361,-4.944430828094482,3100,745,138,77.83078081847853,18.70449409992468
opencv_telea__synthetic_degradation__synthetic_degradation__p026__dirt_dust__severe,opencv_telea__synthetic_degradation__synthetic_degradation__p026__dirt_dust__severe,synthetic_degradation__p026__dirt_dust__severe,synthetic_degradation__p026__dirt_dust__severe,synthetic_degradation,p026,architecture_structured,View of a Village along a River,attributed to Jan Brueghel I,,,opencv_telea,False,data/processed/clean/p026_clean.png,data/processed/degraded/synthetic_degradation/p026__dirt_dust__severe_degraded.png,data/processed/masks/synthetic_degradation/p026__dirt_dust__severe_effect_mask.png,data/processed/restored/opencv_telea/synthetic_degradation/synthetic_degradation__p026__dirt_dust__severe_restored_opencv_telea.png,opencv_telea_synthetic_degradation_synthetic_degradation_p026_dirt_dust_severe_difference_maps.png,outputs/figures/opencv_difference_maps/all_cases/synthetic_degradation/opencv_telea_synthetic_degradation_synthetic_degradation_p026_dirt_dust_severe_difference_maps.png,768,768,589824,406272,12702,577122,45418,12702,0.021535237630208332,2.153523763020833,0,119,768,648,0.0,111.0,768.0,656.0,5,both,127,-29.91510523277174,-126.27357896394268,-3.883824446709984,,0.14288951456546783,0.6961137056350708,11.333333015441895,0.24463343620300293,1.816926121711731,84.66666412353516,-0.1017439067363739,1.6118985414505005,-76.33333587646484,10.333333969116211,12702,-4.724531650543213,9.940276145935059,-76.33333587646484,10.333333969116211,4384,8039,279,34.514249724452846,63.289245788064875,2.196504487482286,577122,0.0,0.0,0.0,0.0,0,0,577122,0.0,0.0,100.0,45418,-1.24068284034729,5.512622833251953,-74.33332824707031,10.333333969116211,4173,7612,33633,9.187987141661896,16.75987493945132,74.05213791888679,406272,-0.1477113962173462,1.9404358863830566,-76.33333587646484,10.333333969116211,4384,8039,393849,1.079080025204789,1.97872361373661,96.94219636105859,3.6351490020751953,2.440422534942627,8.359681129455566,9.050359725952148,1.0496572256088257,2.0268609523773193,2.290339946746826,5.901703357696533,0.06602764129638672,0.2997177839279175,0.06602764129638672,0.2997177839279175,True,True,False,False,2,degraded,unchanged_or_undefined,0.0,255.0,-253.3333282470703,253.3333282470703,2407259,2407259,2.295741081237793,2383,2335,RGBA,PNG,0f65837cde888085f0776c4bd391df6c18e60e1139d0119e198dec6bb8d7f851,6.10186930000782,2.0.0,restoration_eval.error_maps,ok,,3.6351490020751953,8.359681129455566,-4.724531650543213,8039,4384,279,63.289245788064875,34.514249724452846
opencv_telea__synthetic_degradation__synthetic_degradation__p026__partial_transparency__mild,opencv_telea__synthetic_degradation__synthetic_degradation__p026__partial_transparency__mild,synthetic_degradation__p026__partial_transparency__mild,synthetic_degradation__p026__partial_transparency__mild,synthetic_degradation,p026,architecture_structured,View of a Village along a River,attributed to Jan Brueghel I,,,opencv_telea,False,data/processed/clean/p026_clean.png,data/processed/degraded/synthetic_degradation/p026__partial_transparency__mild_degraded.png,data/processed/masks/synthetic_degradation/p026__partial_transparency__mild_effect_mask.png,data/processed/restored/opencv_telea/synthetic_degradation/synthetic_degradation__p026__partial_transparency__mild_restored_opencv_telea.png,opencv_telea_synthetic_degradation_synthetic_degradation_p026_partial_transparency_mild_difference_maps.png,outputs/figures/opencv_difference_maps/all_cases/synthetic_degradation/opencv_telea_synthetic_degradation_synthetic_degradation_p026_partial_transparency_mild_difference_maps.png,768,768,589824,406272,18081,571743,6654,18081,0.0306549072265625,3.06549072265625,0,119,768,648,357.0,219.0,583.0,439.0,5,both,127,-39.34306730822411,40.29426838486072,-3.8562063067799777,,0.2503921687602997,0.9914703965187073,10.333333015441895,0.4903033971786499,2.9110822677612305,67.66666412353516,-0.23991113901138306,2.262181520462036,-58.999996185302734,6.333333492279053,18081,-7.826189041137695,10.371414184570312,-58.999996185302734,6.333333492279053,3462,14058,561,19.14717106354737,77.7501244400199,3.1027044964327195,571743,0.0,0.0,0.0,0.0,0,0,571743,0.0,0.0,100.0,6654,-2.022091865539551,5.417067527770996,-50.0,5.666666507720947,746,2281,3627,11.211301472798317,34.28013225127743,54.50856627592425,406272,-0.3483019471168518,2.7187788486480713,-58.999996185302734,6.333333492279053,3462,14058,388752,0.8521384688090737,3.4602433837429114,95.68761814744802,4.5021843910217285,1.8277963399887085,12.328374862670898,11.036140441894531,3.690812826156616,1.5633922815322876,5.71290397644043,5.939616680145264,0.11593204736709595,0.5645104050636292,0.11593204736709595,0.5645104050636292,True,True,False,True,3,degraded,unchanged_or_undefined,0.0,255.0,-253.3333282470703,253.3333282470703,2280297,2280297,2.1746606826782227,2383,2335,RGBA,PNG,8a4c8cbb67dc2e7382b89cee38b88dd95a8e64f8b809927f082ac56bb895cb00,6.044184600003064,2.0.0,restoration_eval.error_maps,ok,,4.5021843910217285,12.328374862670898,-7.826189041137695,14058,3462,561,77.7501244400199,19.14717106354737
opencv_telea__synthetic_degradation__synthetic_degradation__p026__partial_transparency__moderate,opencv_telea__synthetic_degradation__synthetic_degradation__p026__partial_transparency__moderate,synthetic_degradation__p026__partial_transparency__moderate,synthetic_degradation__p026__partial_transparency__moderate,synthetic_degradation,p026,architecture_structured,View of a Village along a River,attributed to Jan Brueghel I,,,opencv_telea,False,data/processed/clean/p026_clean.png,data/processed/degraded/synthetic_degradation/p026__partial_transparency__moderate_degraded.png,data/processed/masks/synthetic_degradation/p026__partial_transparency__moderate_effect_mask.png,data/processed/restored/opencv_telea/synthetic_degradation/synthetic_degradation__p026__partial_transparency__moderate_restored_opencv_telea.png,opencv_telea_synthetic_degradation_synthetic_degradation_p026_partial_transparency_moderate_difference_maps.png,outputs/figures/opencv_difference_maps/all_cases/synthetic_degradation/opencv_telea_synthetic_degradation_synthetic_degradation_p026_partial_transparency_moderate_difference_maps.png,768,768,589824,406272,35610,554214,11504,35610,0.060373942057291664,6.037394205729166,0,119,768,648,235.0,243.0,704.0,604.0,5,both,127,4.529326968080127,31.773509313863144,0.2263612433318478,,1.57899808883667,3.309451103210449,21.33333396911621,1.7998085021972656,4.508473873138428,77.0,-0.22081051766872406,2.2011866569519043,-70.33333587646484,13.666666984558105,35610,-3.6573808193206787,8.227068901062012,-70.33333587646484,13.666666984558105,12455,22498,657,34.976130300477394,63.17888233642235,1.8449873631002527,554214,0.0,0.0,0.0,0.0,0,0,554214,0.0,0.0,100.0,11504,-1.074872612953186,4.767315864562988,-60.333335876464844,12.0,2052,3300,6152,17.837273991655074,28.685674547983307,53.477051460361615,406272,-0.32057178020477295,2.646183967590332,-70.33333587646484,13.666666984558105,12455,22498,371319,3.0656801354757404,5.537669344675488,91.39665051984878,10.793110847473145,2.895644187927246,14.450491905212402,9.147706031799316,9.614047050476074,2.636314868927002,10.688920974731445,5.905182361602783,0.9869623780250549,2.3047468662261963,0.9869623780250549,2.3047468662261963,True,True,False,False,2,degraded,unchanged_or_undefined,0.0,255.0,-253.3333282470703,253.3333282470703,2574281,2574281,2.4550256729125977,2383,2335,RGBA,PNG,71637c86351476b9d1a21f68df89c012ca5cf0dd4742502a6d1e7dd1ded1b3a2,6.631170300010126,2.0.0,restoration_eval.error_maps,ok,,10.793110847473145,14.450491905212402,-3.6573808193206787,22498,12455,657,63.17888233642235,34.976130300477394
opencv_telea__synthetic_degradation__synthetic_degradation__p026__partial_transparency__severe,opencv_telea__synthetic_degradation__synthetic_degradation__p026__partial_transparency__severe,synthetic_degradation__p026__partial_transparency__severe,synthetic_degradation__p026__partial_transparency__severe,synthetic_degradation,p026,architecture_structured,View of a Village along a River,attributed to Jan Brueghel I,,,opencv_telea,False,data/processed/clean/p026_clean.png,data/processed/degraded/synthetic_degradation/p026__partial_transparency__severe_degraded.png,data/processed/masks/synthetic_degradation/p026__partial_transparency__severe_effect_mask.png,data/processed/restored/opencv_telea/synthetic_degradation/synthetic_degradation__p026__partial_transparency__severe_restored_opencv_telea.png,opencv_telea_synthetic_degradation_synthetic_degradation_p026_partial_transparency_severe_difference_maps.png,outputs/figures/opencv_difference_maps/all_cases/synthetic_degradation/opencv_telea_synthetic_degradation_synthetic_degradation_p026_partial_transparency_severe_difference_maps.png,768,768,589824,406272,132649,457175,13996,132649,0.2248959011501736,22.48959011501736,0,119,768,648,60.0,133.0,649.0,460.0,5,both,127,-7.107868635773102,17.40692856083851,-0.3310202794309234,,5.567009449005127,8.946566581726074,44.66666793823242,8.78821849822998,18.75227928161621,165.6666717529297,-3.221207857131958,12.720803260803223,-122.33334350585938,22.0,132649,-14.323107719421387,23.675186157226562,-122.33334350585938,22.0,33074,97892,1683,24.933471040113382,73.79776703932936,1.2687619205572602,457175,0.0,0.0,0.0,0.0,0,0,457175,0.0,0.0,100.0,13996,-1.392850399017334,6.173501968383789,-75.33332824707031,17.0,2513,4141,7342,17.95513003715347,29.58702486424693,52.4578450985996,406272,-4.676535606384277,15.103713035583496,-122.33334350585938,22.0,33074,97892,275306,8.140851449275361,24.095187460617517,67.76396109010712,17.937585830688477,10.127978324890137,32.26068878173828,28.229299545288086,12.74366569519043,6.714481830596924,14.136514663696289,9.790698051452637,1.977696418762207,4.027095317840576,1.977696418762207,4.027095317840576,True,True,False,True,3,degraded,unchanged_or_undefined,0.0,255.0,-253.3333282470703,253.3333282470703,3088355,3088355,2.945284843444824,2383,2335,RGBA,PNG,fd48cc3e14fb205791db2f33ca1febabf22f460fe02b51720b2f22ff148504ee,6.623089600005187,2.0.0,restoration_eval.error_maps,ok,,17.937585830688477,32.26068878173828,-14.323107719421387,97892,33074,1683,73.79776703932936,24.933471040113382
opencv_telea__synthetic_degradation__synthetic_degradation__p026__water_stain__mild,opencv_telea__synthetic_degradation__synthetic_degradation__p026__water_stain__mild,synthetic_degradation__p026__water_stain__mild,synthetic_degradation__p026__water_stain__mild,synthetic_degradation,p026,architecture_structured,View of a Village along a River,attributed to Jan Brueghel I,,,opencv_telea,False,data/processed/clean/p026_clean.png,data/processed/degraded/synthetic_degradation/p026__water_stain__mild_degraded.png,data/processed/masks/synthetic_degradation/p026__water_stain__mild_effect_mask.png,data/processed/restored/opencv_telea/synthetic_degradation/synthetic_degradation__p026__water_stain__mild_restored_opencv_telea.png,opencv_telea_synthetic_degradation_synthetic_degradation_p026_water_stain_mild_difference_maps.png,outputs/figures/opencv_difference_maps/all_cases/synthetic_degradation/opencv_telea_synthetic_degradation_synthetic_degradation_p026_water_stain_mild_difference_maps.png,768,768,589824,406272,1704,588120,7992,1704,0.0028889973958333335,0.28889973958333337,0,119,768,648,313.0,401.0,655.0,570.0,5,both,127,-40.12460876369328,-28.1116979655712,-4.483371389142057,,0.23146168887615204,0.8426163196563721,11.0,0.24668942391872406,1.0068966150283813,56.66666793823242,-0.015227707102894783,0.46533524990081787,-50.333335876464844,7.0,1704,-5.270930767059326,6.8738508224487305,-50.333335876464844,7.0,273,1388,43,16.02112676056338,81.45539906103286,2.523474178403756,588120,0.0,0.0,0.0,0.0,0,0,588120,0.0,0.0,100.0,7992,-1.123832106590271,3.8386104106903076,-50.333335876464844,7.0,273,1388,6331,3.415915915915916,17.36736736736737,79.21671671671672,406272,-0.022107519209384918,0.5605490207672119,-50.333335876464844,7.0,273,1388,404611,0.06719636105860113,0.3416430371770636,99.59116060176434,3.635759115219116,2.014672040939331,8.90669059753418,6.755731105804443,3.4644644260406494,1.9370988607406616,4.588296413421631,4.202811241149902,0.22159819304943085,0.8164705038070679,0.22159819304943085,0.8164705038070679,True,True,False,True,3,degraded,unchanged_or_undefined,0.0,255.0,-253.3333282470703,253.3333282470703,2258457,2258457,2.15383243560791,2383,2335,RGBA,PNG,b8a18b0b0e59ca4a3286f68924933026b20d53e1877d223411946d69a2938205,6.56437860004371,2.0.0,restoration_eval.error_maps,ok,,3.635759115219116,8.90669059753418,-5.270930767059326,1388,273,43,81.45539906103286,16.02112676056338
opencv_telea__synthetic_degradation__synthetic_degradation__p026__water_stain__moderate,opencv_telea__synthetic_degradation__synthetic_degradation__p026__water_stain__moderate,synthetic_degradation__p026__water_stain__moderate,synthetic_degradation__p026__water_stain__moderate,synthetic_degradation,p026,architecture_structured,View of a Village along a River,attributed to Jan Brueghel I,,,opencv_telea,True,data/processed/clean/p026_clean.png,data/processed/degraded/synthetic_degradation/p026__water_stain__moderate_degraded.png,data/processed/masks/synthetic_degradation/p026__water_stain__moderate_effect_mask.png,data/processed/restored/opencv_telea/synthetic_degradation/synthetic_degradation__p026__water_stain__moderate_restored_opencv_telea.png,opencv_telea_synthetic_degradation_synthetic_degradation_p026_water_stain_moderate_difference_maps.png,outputs/figures/opencv_difference_maps/all_cases/synthetic_degradation/opencv_telea_synthetic_degradation_synthetic_degradation_p026_water_stain_moderate_difference_maps.png,768,768,589824,406272,0,589824,0,0,0.0,0.0,0,119,768,648,,,,,5,both,127,,,,,0.3278588652610779,0.9628525376319885,10.0,0.3278588652610779,0.9628525376319885,10.0,0.0,0.0,0.0,0.0,0,,,,,0,0,0,,,,589824,0.0,0.0,0.0,0.0,0,0,589824,0.0,0.0,100.0,0,,,,,0,0,0,,,,406272,0.0,0.0,0.0,0.0,0,0,406272,0.0,0.0,100.0,,,,,,,,,0.3278588652610779,0.9628525376319885,0.3278588652610779,0.9628525376319885,False,False,False,False,0,unchanged_or_undefined,unchanged_or_undefined,0.0,255.0,-253.3333282470703,253.3333282470703,2305263,2305263,2.198470115661621,2383,2335,RGBA,PNG,74b8fcddaf6f249becc010c7b81504e8a60215656e715937d62c6fe4ecc65897,6.153295700030867,2.0.0,restoration_eval.error_maps,ok,,,,,0,0,0,,
opencv_telea__synthetic_degradation__synthetic_degradation__p026__water_stain__severe,opencv_telea__synthetic_degradation__synthetic_degradation__p026__water_stain__severe,synthetic_degradation__p026__water_stain__severe,synthetic_degradation__p026__water_stain__severe,synthetic_degradation,p026,architecture_structured,View of a Village along a River,attributed to Jan Brueghel I,,,opencv_telea,True,data/processed/clean/p026_clean.png,data/processed/degraded/synthetic_degradation/p026__water_stain__severe_degraded.png,data/processed/masks/synthetic_degradation/p026__water_stain__severe_effect_mask.png,data/processed/restored/opencv_telea/synthetic_degradation/synthetic_degradation__p026__water_stain__severe_restored_opencv_telea.png,opencv_telea_synthetic_degradation_synthetic_degradation_p026_water_stain_severe_difference_maps.png,outputs/figures/opencv_difference_maps/all_cases/synthetic_degradation/opencv_telea_synthetic_degradation_synthetic_degradation_p026_water_stain_severe_difference_maps.png,768,768,589824,406272,0,589824,0,0,0.0,0.0,0,119,768,648,,,,,5,both,127,,,,,1.0974396467208862,3.0689148902893066,21.0,1.0974396467208862,3.0689148902893066,21.0,0.0,0.0,0.0,0.0,0,,,,,0,0,0,,,,589824,0.0,0.0,0.0,0.0,0,0,589824,0.0,0.0,100.0,0,,,,,0,0,0,,,,406272,0.0,0.0,0.0,0.0,0,0,406272,0.0,0.0,100.0,,,,,,,,,1.0974396467208862,3.0689148902893066,1.0974396467208862,3.0689148902893066,False,False,False,False,0,unchanged_or_undefined,unchanged_or_undefined,0.0,255.0,-253.3333282470703,253.3333282470703,2399451,2399451,2.288294792175293,2383,2335,RGBA,PNG,5f1232314edafa5d999168383b0b425529f9587b31e20a2ff662f1a06b4f895c,5.957830999977887,2.0.0,restoration_eval.error_maps,ok,,,,,0,0,0,,
opencv_telea__synthetic_degradation__synthetic_degradation__p026__water_stain_dirt__moderate,opencv_telea__synthetic_degradation__synthetic_degradation__p026__water_stain_dirt__moderate,synthetic_degradation__p026__water_stain_dirt__moderate,synthetic_degradation__p026__water_stain_dirt__moderate,synthetic_degradation,p026,architecture_structured,View of a Village along a River,attributed to Jan Brueghel I,,,opencv_telea,False,data/processed/clean/p026_clean.png,data/processed/degraded/synthetic_degradation/p026__water_stain_dirt__moderate_degraded.png,data/processed/masks/synthetic_degradation/p026__water_stain_dirt__moderate_effect_mask.png,data/processed/restored/opencv_telea/synthetic_degradation/synthetic_degradation__p026__water_stain_dirt__moderate_restored_opencv_telea.png,opencv_telea_synthetic_degradation_synthetic_degradation_p026_water_stain_dirt_moderate_difference_maps.png,outputs/figures/opencv_difference_maps/all_cases/synthetic_degradation/opencv_telea_synthetic_degradation_synthetic_degradation_p026_water_stain_dirt_moderate_difference_maps.png,768,768,589824,406272,6346,583478,9776,6346,0.010759141710069444,1.0759141710069444,0,119,768,648,366.0,277.0,557.0,459.0,5,both,127,-18.808645866162408,-28.73647441958188,-1.0993014711656102,,0.5071032047271729,1.839004635810852,18.0,0.5565478801727295,2.1842386722564697,73.0,-0.04944469407200813,0.903976321220398,-57.666664123535156,6.3333330154418945,6346,-4.5955986976623535,7.420190334320068,-57.666664123535156,6.3333330154418945,1679,4423,244,26.457611093602267,69.69744721084147,3.844941695556256,583478,0.0,0.0,0.0,0.0,0,0,583478,0.0,0.0,100.0,9776,-2.2124929428100586,5.509808540344238,-56.66666793823242,6.3333330154418945,1282,3403,5091,13.113747954173485,34.80973813420622,52.076513911620296,406272,-0.07178359478712082,1.08846914768219,-57.666664123535156,6.3333330154418945,1679,4423,400170,0.4132699275362319,1.0886795053560177,98.49805056710775,8.611041069030762,4.593952178955078,13.20663833618164,7.4042487144470215,8.219244956970215,4.284114837646484,10.431737899780273,6.350684642791748,0.4189634919166565,1.5707130432128906,0.4189634919166565,1.5707130432128906,True,True,False,True,3,degraded,unchanged_or_undefined,0.0,255.0,-253.3333282470703,253.3333282470703,2337518,2337518,2.2292308807373047,2383,2335,RGBA,PNG,c076ff9bdc2172896770a32c97c8d233adf693be01e3b1806d95f15f5b346a5f,5.994239500025287,2.0.0,restoration_eval.error_maps,ok,,8.611041069030762,13.20663833618164,-4.5955986976623535,4423,1679,244,69.69744721084147,26.457611093602267
opencv_telea__synthetic_degradation__synthetic_degradation__p039__dirt_dust__mild,opencv_telea__synthetic_degradation__synthetic_degradation__p039__dirt_dust__mild,synthetic_degradation__p039__dirt_dust__mild,synthetic_degradation__p039__dirt_dust__mild,synthetic_degradation,p039,abstraction_surrealism,Painting with Troika,Wassily Kandinsky,,,opencv_telea,False,data/processed/clean/p039_clean.png,data/processed/degraded/synthetic_degradation/p039__dirt_dust__mild_degraded.png,data/processed/masks/synthetic_degradation/p039__dirt_dust__mild_effect_mask.png,data/processed/restored/opencv_telea/synthetic_degradation/synthetic_degradation__p039__dirt_dust__mild_restored_opencv_telea.png,opencv_telea_synthetic_degradation_synthetic_degradation_p039_dirt_dust_mild_difference_maps.png,outputs/figures/opencv_difference_maps/all_cases/synthetic_degradation/opencv_telea_synthetic_degradation_synthetic_degradation_p039_dirt_dust_mild_difference_maps.png,768,768,589824,433152,1547,588277,11256,1547,0.0026228162977430555,0.2622816297743055,0,102,768,666,5.0,94.0,758.0,667.0,5,both,127,-46.87868993751347,-126.905408317173,-18.695666152688005,,0.003777398495003581,0.053518038243055344,2.0,0.026853209361433983,0.761360228061676,100.0,-0.023075811564922333,0.7453065514564514,-100.0,1.0,1547,-8.798103332519531,11.60106086730957,-100.0,1.0,43,1470,34,2.779573367808662,95.02262443438913,2.197802197802198,588277,0.0,0.0,0.0,0.0,0,0,588277,0.0,0.0,100.0,11256,-1.2091920375823975,5.260558128356934,-100.0,1.0,43,1470,9743,0.3820184790334044,13.059701492537313,86.55828002842928,433152,-0.03142238035798073,0.8695620894432068,-100.0,1.0,43,1470,431639,0.00992723108747045,0.33937278368794327,99.65069998522459,0.5580694079399109,0.44907277822494507,9.356173515319824,11.53962230682373,0.08845653384923935,0.2635857164859772,1.2976486682891846,5.353085994720459,0.002319769002497196,0.03913194686174393,0.002319769002497196,0.03913194686174393,True,True,False,True,3,degraded,unchanged_or_undefined,0.0,255.0,-253.3333282470703,253.3333282470703,2119143,2119143,2.02097225189209,2383,2335,RGBA,PNG,d3e0a38a958e978cc832d4e440522ef3b2e5d65d4d53c1bf23511f42198e2cc6,5.998007600021083,2.0.0,restoration_eval.error_maps,ok,,0.5580694079399109,9.356173515319824,-8.798103332519531,1470,43,34,95.02262443438913,2.779573367808662
opencv_telea__synthetic_degradation__synthetic_degradation__p039__dirt_dust__moderate,opencv_telea__synthetic_degradation__synthetic_degradation__p039__dirt_dust__moderate,synthetic_degradation__p039__dirt_dust__moderate,synthetic_degradation__p039__dirt_dust__moderate,synthetic_degradation,p039,abstraction_surrealism,Painting with Troika,Wassily Kandinsky,,,opencv_telea,False,data/processed/clean/p039_clean.png,data/processed/degraded/synthetic_degradation/p039__dirt_dust__moderate_degraded.png,data/processed/masks/synthetic_degradation/p039__dirt_dust__moderate_effect_mask.png,data/processed/restored/opencv_telea/synthetic_degradation/synthetic_degradation__p039__dirt_dust__moderate_restored_opencv_telea.png,opencv_telea_synthetic_degradation_synthetic_degradation_p039_dirt_dust_moderate_difference_maps.png,outputs/figures/opencv_difference_maps/all_cases/synthetic_degradation/opencv_telea_synthetic_degradation_synthetic_degradation_p039_dirt_dust_moderate_difference_maps.png,768,768,589824,433152,4538,585286,22895,4538,0.007693820529513889,0.769382052951389,0,102,768,666,0.0,94.0,768.0,674.0,5,both,127,-39.7167621566035,-110.10533274570297,-8.90050020491661,,0.04283933714032173,0.24892280995845795,5.0,0.09861639887094498,1.3146086931228638,80.66666412353516,-0.055777087807655334,1.2158814668655396,-80.66666412353516,4.333333492279053,4538,-7.249596118927002,11.832061767578125,-80.66666412353516,4.333333492279053,915,3476,147,20.163067430586164,76.59762009695902,3.239312472454826,585286,0.0,0.0,0.0,0.0,0,0,585286,0.0,0.0,100.0,22895,-1.426949143409729,5.984827041625977,-80.66666412353516,4.333333492279053,914,3462,18519,3.992138021402053,15.121205503385019,80.88665647521293,433152,-0.07595179229974747,1.418296217918396,-80.66666412353516,4.333333492279053,915,3476,428761,0.21124224290780141,0.8024896572104019,98.9862680998818,1.9703247547149658,1.1687794923782349,9.219921112060547,11.740293502807617,0.42480891942977905,0.9410334825515747,1.8517580032348633,6.357126712799072,0.027894621714949608,0.15107055008411407,0.027894621714949608,0.15107055008411407,True,True,False,True,3,degraded,unchanged_or_undefined,0.0,255.0,-253.3333282470703,253.3333282470703,2175166,2175166,2.074399948120117,2383,2335,RGBA,PNG,98fd1d8ee81a5c7f44b16df8dd141e754778382599ab828258d7ed3e9681a97d,6.030029400018975,2.0.0,restoration_eval.error_maps,ok,,1.9703247547149658,9.219921112060547,-7.249596118927002,3476,915,147,76.59762009695902,20.163067430586164
opencv_telea__synthetic_degradation__synthetic_degradation__p039__dirt_dust__severe,opencv_telea__synthetic_degradation__synthetic_degradation__p039__dirt_dust__severe,synthetic_degradation__p039__dirt_dust__severe,synthetic_degradation__p039__dirt_dust__severe,synthetic_degradation,p039,abstraction_surrealism,Painting with Troika,Wassily Kandinsky,,,opencv_telea,False,data/processed/clean/p039_clean.png,data/processed/degraded/synthetic_degradation/p039__dirt_dust__severe_degraded.png,data/processed/masks/synthetic_degradation/p039__dirt_dust__severe_effect_mask.png,data/processed/restored/opencv_telea/synthetic_degradation/synthetic_degradation__p039__dirt_dust__severe_restored_opencv_telea.png,opencv_telea_synthetic_degradation_synthetic_degradation_p039_dirt_dust_severe_difference_maps.png,outputs/figures/opencv_difference_maps/all_cases/synthetic_degradation/opencv_telea_synthetic_degradation_synthetic_degradation_p039_dirt_dust_severe_difference_maps.png,768,768,589824,433152,13498,576326,47821,13498,0.022884792751736112,2.288479275173611,0,102,768,666,0.0,94.0,768.0,674.0,5,both,127,-17.07028201708895,-95.82585074332,-2.04050220790916,,0.2838367223739624,0.890640377998352,12.333333015441895,0.39879971742630005,2.397599697113037,110.0,-0.1149631068110466,2.1088054180145264,-109.66666412353516,10.666666984558105,13498,-5.023559093475342,13.025559425354004,-109.66666412353516,10.666666984558105,5099,8051,348,37.77596680989777,59.645873462735224,2.578159727367017,576326,0.0,0.0,0.0,0.0,0,0,576326,0.0,0.0,100.0,47821,-1.2949960231781006,6.976583957672119,-109.66666412353516,10.666666984558105,4906,7557,35358,10.259091194245206,15.802680830597438,73.93822797515736,433152,-0.1565455049276352,2.459484100341797,-109.66666412353516,10.666666984558105,5099,8051,420002,1.1771849143026005,1.8587008717494091,96.964114213948,4.289104461669922,2.668588161468506,9.312663078308105,12.59965705871582,1.3704301118850708,2.309516668319702,2.6654257774353027,7.5313720703125,0.19003020226955414,0.5104029178619385,0.19003020226955414,0.5104029178619385,True,True,False,False,2,degraded,unchanged_or_undefined,0.0,255.0,-253.3333282470703,253.3333282470703,2355028,2355028,2.245929718017578,2383,2335,RGBA,PNG,e247d7fac17b543b1e7b33950e20bb856e85164b67223be1b284f12f2ce467c8,6.018697899999097,2.0.0,restoration_eval.error_maps,ok,,4.289104461669922,9.312663078308105,-5.023559093475342,8051,5099,348,59.645873462735224,37.77596680989777
opencv_telea__synthetic_degradation__synthetic_degradation__p039__partial_transparency__mild,opencv_telea__synthetic_degradation__synthetic_degradation__p039__partial_transparency__mild,synthetic_degradation__p039__partial_transparency__mild,synthetic_degradation__p039__partial_transparency__mild,synthetic_degradation,p039,abstraction_surrealism,Painting with Troika,Wassily Kandinsky,,,opencv_telea,False,data/processed/clean/p039_clean.png,data/processed/degraded/synthetic_degradation/p039__partial_transparency__mild_degraded.png,data/processed/masks/synthetic_degradation/p039__partial_transparency__mild_effect_mask.png,data/processed/restored/opencv_telea/synthetic_degradation/synthetic_degradation__p039__partial_transparency__mild_restored_opencv_telea.png,opencv_telea_synthetic_degradation_synthetic_degradation_p039_partial_transparency_mild_difference_maps.png,outputs/figures/opencv_difference_maps/all_cases/synthetic_degradation/opencv_telea_synthetic_degradation_synthetic_degradation_p039_partial_transparency_mild_difference_maps.png,768,768,589824,433152,14192,575632,4688,14192,0.024061414930555556,2.406141493055556,0,102,768,666,503.0,372.0,700.0,509.0,5,both,127,-58.049887260428406,102.25939496429912,-5.415402671159317,,0.17761173844337463,0.8624621629714966,12.0,0.6688644886016846,5.147765159606934,113.33333587646484,-0.4912527799606323,4.525868892669678,-102.0,5.666666507720947,14192,-20.41661834716797,21.082969665527344,-102.0,5.666666507720947,531,13485,176,3.741544532130778,95.01832018038331,1.2401352874859075,575632,0.0,0.0,0.0,0.0,0,0,575632,0.0,0.0,100.0,4688,-5.452218532562256,13.480186462402344,-91.66667175292969,5.666666507720947,279,1901,2508,5.951365187713311,40.55034129692833,53.49829351535836,433152,-0.6689398884773254,5.270062446594238,-102.0,5.666666507720947,531,13485,419136,0.12258976063829786,3.113225842198582,96.76418439716312,3.821519136428833,2.5930211544036865,24.23813819885254,22.837148666381836,2.90329909324646,1.8559818267822266,8.355517387390137,14.06086540222168,0.08777251094579697,0.5108528733253479,0.08777251094579697,0.5108528733253479,True,True,False,True,3,degraded,unchanged_or_undefined,0.0,255.0,-253.3333282470703,253.3333282470703,2187882,2187882,2.086526870727539,2383,2335,RGBA,PNG,3f380ea837e17801a53665bcc5332e3f5c90b490582e06e920b5ac1beb321af4,6.1987188999773934,2.0.0,restoration_eval.error_maps,ok,,3.821519136428833,24.23813819885254,-20.41661834716797,13485,531,176,95.01832018038331,3.741544532130778
opencv_telea__synthetic_degradation__synthetic_degradation__p039__partial_transparency__moderate,opencv_telea__synthetic_degradation__synthetic_degradation__p039__partial_transparency__moderate,synthetic_degradation__p039__partial_transparency__moderate,synthetic_degradation__p039__partial_transparency__moderate,synthetic_degradation,p039,abstraction_surrealism,Painting with Troika,Wassily Kandinsky,,,opencv_telea,False,data/processed/clean/p039_clean.png,data/processed/degraded/synthetic_degradation/p039__partial_transparency__moderate_degraded.png,data/processed/masks/synthetic_degradation/p039__partial_transparency__moderate_effect_mask.png,data/processed/restored/opencv_telea/synthetic_degradation/synthetic_degradation__p039__partial_transparency__moderate_restored_opencv_telea.png,opencv_telea_synthetic_degradation_synthetic_degradation_p039_partial_transparency_moderate_difference_maps.png,outputs/figures/opencv_difference_maps/all_cases/synthetic_degradation/opencv_telea_synthetic_degradation_synthetic_degradation_p039_partial_transparency_moderate_difference_maps.png,768,768,589824,433152,104657,485167,12602,104657,0.1774376763237847,17.74376763237847,0,102,768,666,43.0,159.0,463.0,586.0,5,both,127,-24.56999531803892,30.780212185201837,-1.2387119644369484,,2.736981153488159,5.727458953857422,30.33333396911621,7.279011249542236,18.33473014831543,138.0,-4.542031288146973,14.387086868286133,-124.99999237060547,14.333332061767578,104657,-25.59789276123047,25.05105209350586,-124.99999237060547,14.333332061767578,11149,92524,984,10.652894694095952,88.4068910822974,0.9402142236066389,485167,0.0,0.0,0.0,0.0,0,0,485167,0.0,0.0,100.0,12602,-3.2426865100860596,10.062447547912598,-107.0,10.666666030883789,1670,4336,6596,13.25186478336772,34.40723694651643,52.34089827011586,433152,-6.184893608093262,16.48318862915039,-124.99999237060547,14.333332061767578,11149,92524,329479,2.5739232417257685,21.360630910165483,76.06544584810875,12.243557929992676,7.442148685455322,37.84144973754883,27.191272735595703,8.786779403686523,4.770763397216797,12.029465675354004,11.508195877075195,0.6862853169441223,2.0572221279144287,0.6862853169441223,2.0572221279144287,True,True,False,True,3,degraded,unchanged_or_undefined,0.0,255.0,-253.3333282470703,253.3333282470703,2726538,2726538,2.600229263305664,2383,2335,RGBA,PNG,145f55b2729d9a81fe6bed0c71de0dff44083a8e842960e148bad53e88717f88,6.430044099979568,2.0.0,restoration_eval.error_maps,ok,,12.243557929992676,37.84144973754883,-25.59789276123047,92524,11149,984,88.4068910822974,10.652894694095952
opencv_telea__synthetic_degradation__synthetic_degradation__p039__partial_transparency__severe,opencv_telea__synthetic_degradation__synthetic_degradation__p039__partial_transparency__severe,synthetic_degradation__p039__partial_transparency__severe,synthetic_degradation__p039__partial_transparency__severe,synthetic_degradation,p039,abstraction_surrealism,Painting with Troika,Wassily Kandinsky,,,opencv_telea,False,data/processed/clean/p039_clean.png,data/processed/degraded/synthetic_degradation/p039__partial_transparency__severe_degraded.png,data/processed/masks/synthetic_degradation/p039__partial_transparency__severe_effect_mask.png,data/processed/restored/opencv_telea/synthetic_degradation/synthetic_degradation__p039__partial_transparency__severe_restored_opencv_telea.png,opencv_telea_synthetic_degradation_synthetic_degradation_p039_partial_transparency_severe_difference_maps.png,outputs/figures/opencv_difference_maps/all_cases/synthetic_degradation/opencv_telea_synthetic_degradation_synthetic_degradation_p039_partial_transparency_severe_difference_maps.png,768,768,589824,433152,156521,433303,15108,156521,0.2653689914279514,26.53689914279514,0,102,768,666,7.0,206.0,616.0,625.0,5,both,127,-13.922628060558438,26.65091372190741,-0.6500140600396627,,6.8011064529418945,11.164717674255371,47.66666793823242,12.243818283081055,22.970603942871094,143.6666717529297,-5.442712783813477,15.196325302124023,-100.0,26.33333396911621,156521,-20.509981155395508,23.689374923706055,-100.0,26.33333396911621,22982,132214,1325,14.68301378089841,84.47045444381264,0.8465317752889387,433303,0.0,0.0,0.0,0.0,0,0,433303,0.0,0.0,100.0,15108,-2.4781129360198975,9.288254737854004,-99.33333587646484,18.0,2295,4929,7884,15.190627482128674,32.625099285146945,52.18427323272439,433152,-7.4113545417785645,17.316617965698242,-100.0,26.33333396911621,22982,132214,277956,5.30575871749409,30.52369606973995,64.17054521276596,20.750919342041016,12.57769775390625,41.260902404785156,28.20603370666504,13.904312133789062,7.8985595703125,16.382423400878906,12.38748550415039,1.7620481252670288,4.104462146759033,1.7620481252670288,4.104462146759033,True,True,False,True,3,degraded,unchanged_or_undefined,0.0,255.0,-253.3333282470703,253.3333282470703,3050244,3050244,2.9089393615722656,2383,2335,RGBA,PNG,cd6e0e93f9a78d410f4e018788b2b35d05d86b31152fccdf13e390151f9fb56f,6.674251699994784,2.0.0,restoration_eval.error_maps,ok,,20.750919342041016,41.260902404785156,-20.509981155395508,132214,22982,1325,84.47045444381264,14.68301378089841
opencv_telea__synthetic_degradation__synthetic_degradation__p039__water_stain__mild,opencv_telea__synthetic_degradation__synthetic_degradation__p039__water_stain__mild,synthetic_degradation__p039__water_stain__mild,synthetic_degradation__p039__water_stain__mild,synthetic_degradation,p039,abstraction_surrealism,Painting with Troika,Wassily Kandinsky,,,opencv_telea,False,data/processed/clean/p039_clean.png,data/processed/degraded/synthetic_degradation/p039__water_stain__mild_degraded.png,data/processed/masks/synthetic_degradation/p039__water_stain__mild_effect_mask.png,data/processed/restored/opencv_telea/synthetic_degradation/synthetic_degradation__p039__water_stain__mild_restored_opencv_telea.png,opencv_telea_synthetic_degradation_synthetic_degradation_p039_water_stain_mild_difference_maps.png,outputs/figures/opencv_difference_maps/all_cases/synthetic_degradation/opencv_telea_synthetic_degradation_synthetic_degradation_p039_water_stain_mild_difference_maps.png,768,768,589824,433152,14196,575628,15440,14196,0.024068196614583332,2.406819661458333,0,102,768,666,391.0,319.0,719.0,554.0,5,both,127,-28.806776556776555,-19.94183807645345,-2.1971935837392067,,0.44596067070961,1.4376980066299438,15.333333015441895,0.6762841939926147,3.461818218231201,109.33333587646484,-0.23032352328300476,2.8049159049987793,-100.33333587646484,11.0,14196,-9.569621086120605,15.411439895629883,-100.33333587646484,11.0,3576,10315,305,25.190194420963653,72.66131304592844,2.1484925331079174,575628,0.0,0.0,0.0,0.0,0,0,575628,0.0,0.0,100.0,15440,-3.7291665077209473,10.528167724609375,-100.33333587646484,11.0,2143,5363,7934,13.879533678756475,34.73445595854922,51.3860103626943,433152,-0.3136320114135742,3.26911997795105,-100.33333587646484,11.0,3576,10315,419261,0.8255762411347518,2.38138113179669,96.79304262706856,5.789588451385498,2.6051063537597656,15.359210014343262,15.072710037231445,4.794127941131592,2.435072898864746,8.523293495178223,10.800823211669922,0.31417739391326904,1.1086089611053467,0.31417739391326904,1.1086089611053467,True,True,False,True,3,degraded,unchanged_or_undefined,0.0,255.0,-253.3333282470703,253.3333282470703,2286362,2286362,2.1804447174072266,2383,2335,RGBA,PNG,b7a7230bfc408f060f950cb7be2d2e3b952b9ae1c422645162bc689a34192f54,6.027092399948742,2.0.0,restoration_eval.error_maps,ok,,5.789588451385498,15.359210014343262,-9.569621086120605,10315,3576,305,72.66131304592844,25.190194420963653
opencv_telea__synthetic_degradation__synthetic_degradation__p039__water_stain__moderate,opencv_telea__synthetic_degradation__synthetic_degradation__p039__water_stain__moderate,synthetic_degradation__p039__water_stain__moderate,synthetic_degradation__p039__water_stain__moderate,synthetic_degradation,p039,abstraction_surrealism,Painting with Troika,Wassily Kandinsky,,,opencv_telea,False,data/processed/clean/p039_clean.png,data/processed/degraded/synthetic_degradation/p039__water_stain__moderate_degraded.png,data/processed/masks/synthetic_degradation/p039__water_stain__moderate_effect_mask.png,data/processed/restored/opencv_telea/synthetic_degradation/synthetic_degradation__p039__water_stain__moderate_restored_opencv_telea.png,opencv_telea_synthetic_degradation_synthetic_degradation_p039_water_stain_moderate_difference_maps.png,outputs/figures/opencv_difference_maps/all_cases/synthetic_degradation/opencv_telea_synthetic_degradation_synthetic_degradation_p039_water_stain_moderate_difference_maps.png,768,768,589824,433152,33464,556360,13639,33464,0.05673556857638889,5.673556857638888,0,102,768,666,233.0,221.0,590.0,444.0,5,both,127,-11.157084229819104,-54.58964857757591,-0.5584500943706381,,0.8701109886169434,2.743514060974121,19.33333396911621,1.7013182640075684,7.531735897064209,136.3333282470703,-0.8312073349952698,6.2203755378723145,-118.99999237060547,12.666666030883789,33464,-14.65054988861084,21.898141860961914,-118.99999237060547,12.666666030883789,9630,23264,570,28.777193401864693,69.51948362419317,1.703322973942147,556360,0.0,0.0,0.0,0.0,0,0,556360,0.0,0.0,100.0,13639,-2.1363489627838135,9.06291675567627,-96.33333587646484,10.333333015441895,3418,3185,7036,25.06048830559425,23.35215191729599,51.587359777109754,433152,-1.1318567991256714,7.235198974609375,-118.99999237060547,12.666666030883789,9630,23264,400258,2.2232380319148937,5.370862884160756,92.40589908392435,9.154474258422852,3.8460404872894287,23.805023193359375,20.89912986755371,9.095779418945312,3.4942941665649414,11.232128143310547,9.083014488220215,0.3718222379684448,1.647297739982605,0.3718222379684448,1.647297739982605,True,True,False,True,3,degraded,unchanged_or_undefined,0.0,255.0,-253.3333282470703,253.3333282470703,2336056,2336056,2.2278366088867188,2383,2335,RGBA,PNG,0939673d7c67acb431e0399230a703cf50bf9ee6c0d62c5e31cccdb53225c0c1,5.989057799975853,2.0.0,restoration_eval.error_maps,ok,,9.154474258422852,23.805023193359375,-14.65054988861084,23264,9630,570,69.51948362419317,28.777193401864693
opencv_telea__synthetic_degradation__synthetic_degradation__p039__water_stain__severe,opencv_telea__synthetic_degradation__synthetic_degradation__p039__water_stain__severe,synthetic_degradation__p039__water_stain__severe,synthetic_degradation__p039__water_stain__severe,synthetic_degradation,p039,abstraction_surrealism,Painting with Troika,Wassily Kandinsky,,,opencv_telea,True,data/processed/clean/p039_clean.png,data/processed/degraded/synthetic_degradation/p039__water_stain__severe_degraded.png,data/processed/masks/synthetic_degradation/p039__water_stain__severe_effect_mask.png,data/processed/restored/opencv_telea/synthetic_degradation/synthetic_degradation__p039__water_stain__severe_restored_opencv_telea.png,opencv_telea_synthetic_degradation_synthetic_degradation_p039_water_stain_severe_difference_maps.png,outputs/figures/opencv_difference_maps/all_cases/synthetic_degradation/opencv_telea_synthetic_degradation_synthetic_degradation_p039_water_stain_severe_difference_maps.png,768,768,589824,433152,0,589824,0,0,0.0,0.0,0,102,768,666,,,,,5,both,127,,,,,1.945909023284912,4.454937934875488,26.33333396911621,1.945909023284912,4.454937934875488,26.33333396911621,0.0,0.0,0.0,0.0,0,,,,,0,0,0,,,,589824,0.0,0.0,0.0,0.0,0,0,589824,0.0,0.0,100.0,0,,,,,0,0,0,,,,433152,0.0,0.0,0.0,0.0,0,0,433152,0.0,0.0,100.0,,,,,,,,,1.945909023284912,4.454937934875488,1.945909023284912,4.454937934875488,False,False,False,False,0,unchanged_or_undefined,unchanged_or_undefined,0.0,255.0,-253.3333282470703,253.3333282470703,2420922,2420922,2.3087711334228516,2383,2335,RGBA,PNG,26dfe7a14d1a5f60ea9fb92a338661edb16542e01fea377a2e00a0c1d4eee483,6.082157600030769,2.0.0,restoration_eval.error_maps,ok,,,,,0,0,0,,
opencv_telea__synthetic_degradation__synthetic_degradation__p039__water_stain_dirt__moderate,opencv_telea__synthetic_degradation__synthetic_degradation__p039__water_stain_dirt__moderate,synthetic_degradation__p039__water_stain_dirt__moderate,synthetic_degradation__p039__water_stain_dirt__moderate,synthetic_degradation,p039,abstraction_surrealism,Painting with Troika,Wassily Kandinsky,,,opencv_telea,True,data/processed/clean/p039_clean.png,data/processed/degraded/synthetic_degradation/p039__water_stain_dirt__moderate_degraded.png,data/processed/masks/synthetic_degradation/p039__water_stain_dirt__moderate_effect_mask.png,data/processed/restored/opencv_telea/synthetic_degradation/synthetic_degradation__p039__water_stain_dirt__moderate_restored_opencv_telea.png,opencv_telea_synthetic_degradation_synthetic_degradation_p039_water_stain_dirt_moderate_difference_maps.png,outputs/figures/opencv_difference_maps/all_cases/synthetic_degradation/opencv_telea_synthetic_degradation_synthetic_degradation_p039_water_stain_dirt_moderate_difference_maps.png,768,768,589824,433152,0,589824,0,0,0.0,0.0,0,102,768,666,,,,,5,both,127,,,,,0.6651893854141235,2.1505846977233887,15.0,0.6651893854141235,2.1505846977233887,15.0,0.0,0.0,0.0,0.0,0,,,,,0,0,0,,,,589824,0.0,0.0,0.0,0.0,0,0,589824,0.0,0.0,100.0,0,,,,,0,0,0,,,,433152,0.0,0.0,0.0,0.0,0,0,433152,0.0,0.0,100.0,,,,,,,,,0.6651893854141235,2.1505846977233887,0.6651893854141235,2.1505846977233887,False,False,False,False,0,unchanged_or_undefined,unchanged_or_undefined,0.0,255.0,-253.3333282470703,253.3333282470703,2232279,2232279,2.1288671493530273,2383,2335,RGBA,PNG,db7fb1b53be887c4416128f711e177921885aa9673fe8e7416ac80630df84f1e,5.882730099954642,2.0.0,restoration_eval.error_maps,ok,,,,,0,0,0,,
opencv_telea__synthetic_degradation__synthetic_degradation__p043__dirt_dust__mild,opencv_telea__synthetic_degradation__synthetic_degradation__p043__dirt_dust__mild,synthetic_degradation__p043__dirt_dust__mild,synthetic_degradation__p043__dirt_dust__mild,synthetic_degradation,p043,high_texture_brushwork,The Card Players,Paul Cézanne,,,opencv_telea,False,data/processed/clean/p043_clean.png,data/processed/degraded/synthetic_degradation/p043__dirt_dust__mild_degraded.png,data/processed/masks/synthetic_degradation/p043__dirt_dust__mild_effect_mask.png,data/processed/restored/opencv_telea/synthetic_degradation/synthetic_degradation__p043__dirt_dust__mild_restored_opencv_telea.png,opencv_telea_synthetic_degradation_synthetic_degradation_p043_dirt_dust_mild_difference_maps.png,outputs/figures/opencv_difference_maps/all_cases/synthetic_degradation/opencv_telea_synthetic_degradation_synthetic_degradation_p043_dirt_dust_mild_difference_maps.png,768,768,589824,469248,1439,588385,11137,1439,0.0024397108289930555,0.24397108289930555,0,78,768,689,2.0,71.0,768.0,686.0,5,both,127,-41.73222145008107,-132.23442205235116,-20.860443520977967,,0.0009172227582894266,0.028883352875709534,1.6666666269302368,0.01832241378724575,0.583656370639801,66.66666412353516,-0.0174051895737648,0.5719363689422607,-65.66666412353516,1.0,1439,-7.134120941162109,9.127228736877441,-65.66666412353516,1.0,24,1397,18,1.6678248783877692,97.0813064628214,1.250868658790827,588385,0.0,0.0,0.0,0.0,0,0,588385,0.0,0.0,100.0,11137,-0.921792209148407,4.0608367919921875,-65.66666412353516,1.0,24,1397,9716,0.21549788991649457,12.54377300888929,87.24072910119422,469248,-0.021877557039260864,0.6411445736885071,-65.66666412353516,1.0,24,1397,467827,0.005114566284779051,0.29771037915984727,99.69717505455537,0.33310168981552124,0.4471099376678467,7.467222213745117,9.163836479187012,0.0430397167801857,0.19573959708213806,0.9648318886756897,4.138134002685547,0.00010480666242074221,0.008766261860728264,0.00010480666242074221,0.008766261860728264,True,True,False,True,3,degraded,unchanged_or_undefined,0.0,255.0,-253.3333282470703,253.3333282470703,2273471,2273471,2.1681509017944336,2383,2335,RGBA,PNG,2e25b12ff2c784c2814efbc69dee137b91f4d2cc7d6aca24b379fe7cdef8cce5,6.218373799987603,2.0.0,restoration_eval.error_maps,ok,,0.33310168981552124,7.467222213745117,-7.134120941162109,1397,24,18,97.0813064628214,1.6678248783877692
opencv_telea__synthetic_degradation__synthetic_degradation__p043__dirt_dust__moderate,opencv_telea__synthetic_degradation__synthetic_degradation__p043__dirt_dust__moderate,synthetic_degradation__p043__dirt_dust__moderate,synthetic_degradation__p043__dirt_dust__moderate,synthetic_degradation,p043,high_texture_brushwork,The Card Players,Paul Cézanne,,,opencv_telea,False,data/processed/clean/p043_clean.png,data/processed/degraded/synthetic_degradation/p043__dirt_dust__moderate_degraded.png,data/processed/masks/synthetic_degradation/p043__dirt_dust__moderate_effect_mask.png,data/processed/restored/opencv_telea/synthetic_degradation/synthetic_degradation__p043__dirt_dust__moderate_restored_opencv_telea.png,opencv_telea_synthetic_degradation_synthetic_degradation_p043_dirt_dust_moderate_difference_maps.png,outputs/figures/opencv_difference_maps/all_cases/synthetic_degradation/opencv_telea_synthetic_degradation_synthetic_degradation_p043_dirt_dust_moderate_difference_maps.png,768,768,589824,469248,5144,584680,24884,5144,0.008721245659722222,0.8721245659722222,0,78,768,689,0.0,70.0,768.0,697.0,5,both,127,-40.14476412649041,-120.54652669777086,-12.324665363594068,,0.034845974296331406,0.19983352720737457,4.666666507720947,0.08533110469579697,0.9908915162086487,80.0,-0.05048511549830437,0.9191488027572632,-78.66666412353516,3.6666667461395264,5144,-5.788750648498535,7.97831392288208,-78.66666412353516,3.6666667461395264,449,4534,161,8.728615863141524,88.14152410575427,3.1298600311041995,584680,0.0,0.0,0.0,0.0,0,0,584680,0.0,0.0,100.0,24884,-1.186585783958435,4.29827356338501,-78.66666412353516,3.6666667461395264,447,4514,19923,1.7963349943738949,18.140170390612443,80.06349461501367,469248,-0.06345757097005844,1.0300955772399902,-78.66666412353516,3.6666667461395264,449,4534,464265,0.09568501091107474,0.9662268139661756,98.93808817512276,1.1585667133331299,0.956083357334137,6.947317123413086,7.917778491973877,0.2605690658092499,0.6440194249153137,1.4471547603607178,4.543299674987793,0.024959521368145943,0.14503522217273712,0.024959521368145943,0.14503522217273712,True,True,False,True,3,degraded,unchanged_or_undefined,0.0,255.0,-253.3333282470703,253.3333282470703,2351008,2351008,2.242095947265625,2383,2335,RGBA,PNG,c66a0be57549c5c65664c7a0e294a8bd617a437e5da866ca09a655b47cb0075c,6.152107000001706,2.0.0,restoration_eval.error_maps,ok,,1.1585667133331299,6.947317123413086,-5.788750648498535,4534,449,161,88.14152410575427,8.728615863141524
opencv_telea__synthetic_degradation__synthetic_degradation__p043__dirt_dust__severe,opencv_telea__synthetic_degradation__synthetic_degradation__p043__dirt_dust__severe,synthetic_degradation__p043__dirt_dust__severe,synthetic_degradation__p043__dirt_dust__severe,synthetic_degradation,p043,high_texture_brushwork,The Card Players,Paul Cézanne,,,opencv_telea,False,data/processed/clean/p043_clean.png,data/processed/degraded/synthetic_degradation/p043__dirt_dust__severe_degraded.png,data/processed/masks/synthetic_degradation/p043__dirt_dust__severe_effect_mask.png,data/processed/restored/opencv_telea/synthetic_degradation/synthetic_degradation__p043__dirt_dust__severe_restored_opencv_telea.png,opencv_telea_synthetic_degradation_synthetic_degradation_p043_dirt_dust_severe_difference_maps.png,outputs/figures/opencv_difference_maps/all_cases/synthetic_degradation/opencv_telea_synthetic_degradation_synthetic_degradation_p043_dirt_dust_severe_difference_maps.png,768,768,589824,469248,14475,575349,51921,14475,0.024541219075520832,2.454121907552083,0,78,768,689,0.0,82.0,768.0,697.0,5,both,127,-36.40271732872769,-107.33466896948762,-5.973325512428342,,0.17525790631771088,0.634380042552948,10.666666984558105,0.3120354115962982,1.9525810480117798,116.0,-0.13677750527858734,1.7334065437316895,-115.0,8.666666984558105,14475,-5.5733795166015625,9.598671913146973,-115.0,8.666666984558105,2989,11075,411,20.649395509499136,76.51122625215889,2.839378238341969,575349,0.0,0.0,0.0,0.0,0,0,575349,0.0,0.0,100.0,51921,-1.4050897359848022,5.3784027099609375,-115.0,8.666666984558105,2926,10385,38610,5.635484678646406,20.001540802372837,74.36297451898076,469248,-0.17192330956459045,1.9418368339538574,-115.0,8.666666984558105,2989,11075,455184,0.6369766093835243,2.3601592334969994,97.00286415711948,2.593045473098755,2.186830759048462,8.166424751281738,9.299835205078125,0.7932435870170593,1.6072723865509033,2.198333263397217,5.816075325012207,0.11442966014146805,0.3761362135410309,0.11442966014146805,0.3761362135410309,True,True,False,True,3,degraded,unchanged_or_undefined,0.0,255.0,-253.3333282470703,253.3333282470703,2515859,2515859,2.3993101119995117,2383,2335,RGBA,PNG,a9fea5504e62634507d12b9154b7052b2e1270d668c341ea5154d5d1331e3198,6.361850199988112,2.0.0,restoration_eval.error_maps,ok,,2.593045473098755,8.166424751281738,-5.5733795166015625,11075,2989,411,76.51122625215889,20.649395509499136
opencv_telea__synthetic_degradation__synthetic_degradation__p043__partial_transparency__mild,opencv_telea__synthetic_degradation__synthetic_degradation__p043__partial_transparency__mild,synthetic_degradation__p043__partial_transparency__mild,synthetic_degradation__p043__partial_transparency__mild,synthetic_degradation,p043,high_texture_brushwork,The Card Players,Paul Cézanne,,,opencv_telea,False,data/processed/clean/p043_clean.png,data/processed/degraded/synthetic_degradation/p043__partial_transparency__mild_degraded.png,data/processed/masks/synthetic_degradation/p043__partial_transparency__mild_effect_mask.png,data/processed/restored/opencv_telea/synthetic_degradation/synthetic_degradation__p043__partial_transparency__mild_restored_opencv_telea.png,opencv_telea_synthetic_degradation_synthetic_degradation_p043_partial_transparency_mild_difference_maps.png,outputs/figures/opencv_difference_maps/all_cases/synthetic_degradation/opencv_telea_synthetic_degradation_synthetic_degradation_p043_partial_transparency_mild_difference_maps.png,768,768,589824,469248,23169,566655,5978,23169,0.039281209309895836,3.9281209309895835,0,78,768,689,127.0,224.0,391.0,379.0,5,both,127,-10.811126936855288,73.30845814090668,-0.5598207113584586,,0.47194704413414,1.8765316009521484,16.33333396911621,1.0331568717956543,5.919500350952148,118.0,-0.5612097978591919,4.750550270080566,-115.66666412353516,11.333333015441895,23169,-14.286979675292969,19.452960968017578,-115.66666412353516,11.333333015441895,5594,17306,269,24.144330786827226,74.69463507272648,1.161034140446286,566655,0.0,0.0,0.0,0.0,0,0,566655,0.0,0.0,100.0,5978,-2.1593620777130127,6.743669509887695,-55.0,7.666666507720947,974,1867,3137,16.293074606891935,31.23118099698896,52.475744396119104,469248,-0.7054159045219421,5.316473960876465,-115.66666412353516,11.333333015441895,5594,17306,446348,1.1921201582105836,3.68802850518276,95.11985133660666,8.422762870788574,3.209231376647949,22.709741592407227,19.733484268188477,5.811865329742432,2.1144955158233643,7.971227645874023,6.902141094207764,0.14685949683189392,0.7442130446434021,0.14685949683189392,0.7442130446434021,True,True,False,True,3,degraded,unchanged_or_undefined,0.0,255.0,-253.3333282470703,253.3333282470703,2404237,2404237,2.2928590774536133,2383,2335,RGBA,PNG,616f7c4784c97240a85ff00898944712bef496d3c084dae8ef9542382f98785a,6.286286600050516,2.0.0,restoration_eval.error_maps,ok,,8.422762870788574,22.709741592407227,-14.286979675292969,17306,5594,269,74.69463507272648,24.144330786827226
opencv_telea__synthetic_degradation__synthetic_degradation__p043__partial_transparency__moderate,opencv_telea__synthetic_degradation__synthetic_degradation__p043__partial_transparency__moderate,synthetic_degradation__p043__partial_transparency__moderate,synthetic_degradation__p043__partial_transparency__moderate,synthetic_degradation,p043,high_texture_brushwork,The Card Players,Paul Cézanne,,,opencv_telea,False,data/processed/clean/p043_clean.png,data/processed/degraded/synthetic_degradation/p043__partial_transparency__moderate_degraded.png,data/processed/masks/synthetic_degradation/p043__partial_transparency__moderate_effect_mask.png,data/processed/restored/opencv_telea/synthetic_degradation/synthetic_degradation__p043__partial_transparency__moderate_restored_opencv_telea.png,opencv_telea_synthetic_degradation_synthetic_degradation_p043_partial_transparency_moderate_difference_maps.png,outputs/figures/opencv_difference_maps/all_cases/synthetic_degradation/opencv_telea_synthetic_degradation_synthetic_degradation_p043_partial_transparency_moderate_difference_maps.png,768,768,589824,469248,108836,480988,17270,108836,0.18452284071180555,18.452284071180554,0,78,768,689,158.0,297.0,722.0,655.0,5,both,127,-7.351541156725105,58.664366569884976,-0.330750509956264,,3.652315855026245,5.929651260375977,26.0,6.817859649658203,14.942301750183105,140.6666717529297,-3.165543556213379,11.106818199157715,-117.33333587646484,15.666666984558105,108836,-17.15529441833496,20.701316833496094,-117.33333587646484,15.666666984558105,20647,87029,1160,18.970744974089456,79.96343121761183,1.0658238082987248,480988,0.0,0.0,0.0,0.0,0,0,480988,0.0,0.0,100.0,17270,-1.8858327865600586,7.507087707519531,-71.0,13.666666984558105,3394,4953,8923,19.652576722640415,28.679791546033584,51.667631731326004,469248,-3.9789490699768066,12.321662902832031,-117.33333587646484,15.666666984558105,20647,87029,361572,4.400018753409711,18.5464828832515,77.05349836333879,13.13679313659668,5.974133491516113,30.292091369628906,22.129680633544922,11.027156829833984,4.13192081451416,12.912989616394043,8.45156192779541,1.5062072277069092,3.174973964691162,1.5062072277069092,3.174973964691162,True,True,False,True,3,degraded,unchanged_or_undefined,0.0,255.0,-253.3333282470703,253.3333282470703,3021612,3021612,2.881633758544922,2383,2335,RGBA,PNG,fdd9a76a7a62ac3756e0db112221248d57994cab822833ed97fe3d943d763202,6.53914489998715,2.0.0,restoration_eval.error_maps,ok,,13.13679313659668,30.292091369628906,-17.15529441833496,87029,20647,1160,79.96343121761183,18.970744974089456
opencv_telea__synthetic_degradation__synthetic_degradation__p043__partial_transparency__severe,opencv_telea__synthetic_degradation__synthetic_degradation__p043__partial_transparency__severe,synthetic_degradation__p043__partial_transparency__severe,synthetic_degradation__p043__partial_transparency__severe,synthetic_degradation,p043,high_texture_brushwork,The Card Players,Paul Cézanne,,,opencv_telea,False,data/processed/clean/p043_clean.png,data/processed/degraded/synthetic_degradation/p043__partial_transparency__severe_degraded.png,data/processed/masks/synthetic_degradation/p043__partial_transparency__severe_effect_mask.png,data/processed/restored/opencv_telea/synthetic_degradation/synthetic_degradation__p043__partial_transparency__severe_restored_opencv_telea.png,opencv_telea_synthetic_degradation_synthetic_degradation_p043_partial_transparency_severe_difference_maps.png,outputs/figures/opencv_difference_maps/all_cases/synthetic_degradation/opencv_telea_synthetic_degradation_synthetic_degradation_p043_partial_transparency_severe_difference_maps.png,768,768,589824,469248,202937,386887,17680,202937,0.3440636528862847,34.40636528862847,0,78,768,689,56.0,149.0,670.0,686.0,5,both,127,-0.0796913984799942,47.36406372420996,-0.0032021394072252,,11.36941909790039,14.62073040008545,59.0,16.93889617919922,25.84068489074707,150.0,-5.569478988647461,16.89352798461914,-112.66667175292969,33.66666793823242,202937,-16.187353134155273,25.64365577697754,-112.66667175292969,33.66666793823242,61925,139508,1504,30.51439609336888,68.74448720538886,0.7411167012422575,386887,0.0,0.0,0.0,0.0,0,0,386887,0.0,0.0,100.0,17680,-1.2191742658615112,6.300599575042725,-83.33333587646484,21.0,3467,5011,9202,19.60972850678733,28.342760180995473,52.047511312217196,469248,-7.000589847564697,18.673660278320312,-112.66667175292969,33.66666793823242,61925,139508,267815,13.196646549372613,29.730121385706493,57.0732320649209,27.64041519165039,12.835395812988281,43.8277702331543,28.02775001525879,18.223926544189453,7.4741058349609375,19.44310188293457,10.317220687866211,2.834656238555908,5.269393444061279,2.834656238555908,5.269393444061279,True,True,False,True,3,degraded,unchanged_or_undefined,0.0,255.0,-253.3333282470703,253.3333282470703,3467591,3467591,3.306952476501465,2383,2335,RGBA,PNG,e1ed613844d9f91417efa90f3d187d7a391b2d2964a404f93f560fa96aa41991,7.213527199986856,2.0.0,restoration_eval.error_maps,ok,,27.64041519165039,43.8277702331543,-16.187353134155273,139508,61925,1504,68.74448720538886,30.51439609336888
opencv_telea__synthetic_degradation__synthetic_degradation__p043__water_stain__mild,opencv_telea__synthetic_degradation__synthetic_degradation__p043__water_stain__mild,synthetic_degradation__p043__water_stain__mild,synthetic_degradation__p043__water_stain__mild,synthetic_degradation,p043,high_texture_brushwork,The Card Players,Paul Cézanne,,,opencv_telea,False,data/processed/clean/p043_clean.png,data/processed/degraded/synthetic_degradation/p043__water_stain__mild_degraded.png,data/processed/masks/synthetic_degradation/p043__water_stain__mild_effect_mask.png,data/processed/restored/opencv_telea/synthetic_degradation/synthetic_degradation__p043__water_stain__mild_restored_opencv_telea.png,opencv_telea_synthetic_degradation_synthetic_degradation_p043_water_stain_mild_difference_maps.png,outputs/figures/opencv_difference_maps/all_cases/synthetic_degradation/opencv_telea_synthetic_degradation_synthetic_degradation_p043_water_stain_mild_difference_maps.png,768,768,589824,469248,6506,583318,13890,6506,0.011030409071180556,1.1030409071180556,0,78,768,689,86.0,256.0,370.0,497.0,5,both,127,-34.27338866687161,-21.99426170714213,-3.701634364458904,,0.29301393032073975,0.9725841283798218,11.333333015441895,0.35563603043556213,1.6166683435440063,76.0,-0.0626220628619194,1.096123218536377,-67.0,8.0,6506,-5.677220821380615,8.777789115905762,-67.0,8.0,1393,4887,226,21.41100522594528,75.1152782047341,3.473716569320627,583318,0.0,0.0,0.0,0.0,0,0,583318,0.0,0.0,100.0,13890,-2.659179210662842,6.641921520233154,-67.0,8.0,1393,4887,7610,10.028797696184306,35.183585313174945,54.78761699064075,469248,-0.07871317863464355,1.2283926010131836,-67.0,8.0,1393,4887,462968,0.2968579514457174,1.0414535597381342,98.66168848881614,4.068859577178955,1.698981523513794,9.74608039855957,8.906696319580078,3.5687787532806396,1.5366599559783936,6.227957725524902,6.989405632019043,0.2509003281593323,0.8737780451774597,0.2509003281593323,0.8737780451774597,True,True,False,True,3,degraded,unchanged_or_undefined,0.0,255.0,-253.3333282470703,253.3333282470703,2385192,2385192,2.2746963500976562,2383,2335,RGBA,PNG,1459ba44604b1783351c54b1461373ad12d1ad6786cd679edf76f5a849159f4a,6.352940000011586,2.0.0,restoration_eval.error_maps,ok,,4.068859577178955,9.74608039855957,-5.677220821380615,4887,1393,226,75.1152782047341,21.41100522594528
opencv_telea__synthetic_degradation__synthetic_degradation__p043__water_stain__moderate,opencv_telea__synthetic_degradation__synthetic_degradation__p043__water_stain__moderate,synthetic_degradation__p043__water_stain__moderate,synthetic_degradation__p043__water_stain__moderate,synthetic_degradation,p043,high_texture_brushwork,The Card Players,Paul Cézanne,,,opencv_telea,True,data/processed/clean/p043_clean.png,data/processed/degraded/synthetic_degradation/p043__water_stain__moderate_degraded.png,data/processed/masks/synthetic_degradation/p043__water_stain__moderate_effect_mask.png,data/processed/restored/opencv_telea/synthetic_degradation/synthetic_degradation__p043__water_stain__moderate_restored_opencv_telea.png,opencv_telea_synthetic_degradation_synthetic_degradation_p043_water_stain_moderate_difference_maps.png,outputs/figures/opencv_difference_maps/all_cases/synthetic_degradation/opencv_telea_synthetic_degradation_synthetic_degradation_p043_water_stain_moderate_difference_maps.png,768,768,589824,469248,0,589824,0,0,0.0,0.0,0,78,768,689,,,,,5,both,127,,,,,0.8650631904602051,2.10353946685791,13.666666984558105,0.8650631904602051,2.10353946685791,13.666666984558105,0.0,0.0,0.0,0.0,0,,,,,0,0,0,,,,589824,0.0,0.0,0.0,0.0,0,0,589824,0.0,0.0,100.0,0,,,,,0,0,0,,,,469248,0.0,0.0,0.0,0.0,0,0,469248,0.0,0.0,100.0,,,,,,,,,0.8650631904602051,2.10353946685791,0.8650631904602051,2.10353946685791,False,False,False,False,0,unchanged_or_undefined,unchanged_or_undefined,0.0,255.0,-253.3333282470703,253.3333282470703,2465736,2465736,2.3515090942382812,2383,2335,RGBA,PNG,e4d09ad440a8d09b6563d4fbf37b37b382c2c4cfb10ac5beb6f5d5864e2719ae,6.391984999994747,2.0.0,restoration_eval.error_maps,ok,,,,,0,0,0,,
opencv_telea__synthetic_degradation__synthetic_degradation__p043__water_stain__severe,opencv_telea__synthetic_degradation__synthetic_degradation__p043__water_stain__severe,synthetic_degradation__p043__water_stain__severe,synthetic_degradation__p043__water_stain__severe,synthetic_degradation,p043,high_texture_brushwork,The Card Players,Paul Cézanne,,,opencv_telea,False,data/processed/clean/p043_clean.png,data/processed/degraded/synthetic_degradation/p043__water_stain__severe_degraded.png,data/processed/masks/synthetic_degradation/p043__water_stain__severe_effect_mask.png,data/processed/restored/opencv_telea/synthetic_degradation/synthetic_degradation__p043__water_stain__severe_restored_opencv_telea.png,opencv_telea_synthetic_degradation_synthetic_degradation_p043_water_stain_severe_difference_maps.png,outputs/figures/opencv_difference_maps/all_cases/synthetic_degradation/opencv_telea_synthetic_degradation_synthetic_degradation_p043_water_stain_severe_difference_maps.png,768,768,589824,469248,23805,566019,6540,23805,0.0403594970703125,4.03594970703125,0,78,768,689,428.0,375.0,742.0,503.0,5,both,127,-24.320240845760694,-30.889336974025056,-1.254014648221105,,1.7406327724456787,3.5160999298095703,23.66666603088379,2.414912223815918,7.328117847442627,116.66666412353516,-0.6742790937423706,5.544248104095459,-105.33332824707031,12.666666030883789,23805,-16.70682716369629,22.220930099487305,-105.33332824707031,12.666666030883789,3312,20037,456,13.91304347826087,84.17139256458726,1.9155639571518588,566019,0.0,0.0,0.0,0.0,0,0,566019,0.0,0.0,100.0,6540,-2.3469419479370117,6.444901943206787,-66.66666412353516,12.333332061767578,879,2170,3491,13.440366972477063,33.18042813455658,53.37920489296636,469248,-0.8475390672683716,6.2040581703186035,-105.33332824707031,12.666666030883789,3312,20037,445899,0.705810147299509,4.27002352700491,95.02416632569557,9.904165267944336,2.1851072311401367,26.610992431640625,22.099811553955078,9.875178337097168,2.719032049179077,12.222121238708496,7.131431579589844,1.3973000049591064,3.1243269443511963,1.3973000049591064,3.1243269443511963,True,True,False,True,3,degraded,unchanged_or_undefined,0.0,255.0,-253.3333282470703,253.3333282470703,2662847,2662847,2.5394887924194336,2383,2335,RGBA,PNG,ccd888daa94a6a68c9d3b5289dc96820b2ecebc84963e77b247267ac2994b4f7,6.467906700039748,2.0.0,restoration_eval.error_maps,ok,,9.904165267944336,26.610992431640625,-16.70682716369629,20037,3312,456,84.17139256458726,13.91304347826087
opencv_telea__synthetic_degradation__synthetic_degradation__p043__water_stain_dirt__moderate,opencv_telea__synthetic_degradation__synthetic_degradation__p043__water_stain_dirt__moderate,synthetic_degradation__p043__water_stain_dirt__moderate,synthetic_degradation__p043__water_stain_dirt__moderate,synthetic_degradation,p043,high_texture_brushwork,The Card Players,Paul Cézanne,,,opencv_telea,False,data/processed/clean/p043_clean.png,data/processed/degraded/synthetic_degradation/p043__water_stain_dirt__moderate_degraded.png,data/processed/masks/synthetic_degradation/p043__water_stain_dirt__moderate_effect_mask.png,data/processed/restored/opencv_telea/synthetic_degradation/synthetic_degradation__p043__water_stain_dirt__moderate_restored_opencv_telea.png,opencv_telea_synthetic_degradation_synthetic_degradation_p043_water_stain_dirt_moderate_difference_maps.png,outputs/figures/opencv_difference_maps/all_cases/synthetic_degradation/opencv_telea_synthetic_degradation_synthetic_degradation_p043_water_stain_dirt_moderate_difference_maps.png,768,768,589824,469248,23471,566353,9765,23471,0.03979322645399305,3.9793226453993054,0,78,768,689,284.0,390.0,736.0,591.0,5,both,127,-23.596679590416542,-12.385823640520924,-1.2234344373118695,,0.778215765953064,2.2476747035980225,18.33333396911621,1.3194273710250854,5.424616813659668,114.33333587646484,-0.541211724281311,4.069697380065918,-106.0,9.333333015441895,23471,-13.600600242614746,15.446571350097656,-106.0,9.333333015441895,2154,20876,441,9.17728260406459,88.94380299092497,1.8789144050104383,566353,0.0,0.0,0.0,0.0,0,0,566353,0.0,0.0,100.0,9765,-1.8727428913116455,5.786651611328125,-70.0,9.333333015441895,859,2765,6141,8.796722990271377,28.31541218637993,62.88786482334869,469248,-0.6802791357040405,4.552320957183838,-106.0,9.333333015441895,2154,20876,446218,0.4590323240589198,4.448820240043645,95.09214743589743,7.946714878082275,1.2498812675476074,21.547311782836914,15.539678573608398,7.446766376495361,2.028348207473755,9.319509506225586,6.263988494873047,0.48113638162612915,1.7259196043014526,0.48113638162612915,1.7259196043014526,True,True,False,True,3,degraded,unchanged_or_undefined,0.0,255.0,-253.3333282470703,253.3333282470703,2476907,2476907,2.3621625900268555,2383,2335,RGBA,PNG,bb97e7c540b7f4424bb5df92ae94532b781078d89e8f6254dd31b492d663bd2a,6.334645599999931,2.0.0,restoration_eval.error_maps,ok,,7.946714878082275,21.547311782836914,-13.600600242614746,20876,2154,441,88.94380299092497,9.17728260406459
